module_id,dir,topic_name,timestamp,__srcfile
96,out,rtl_status,1771685324548000,14_48_46_rtl_status_0.csv
96,out,rtl_time_estimate,1771685324548000,14_48_46_rtl_time_estimate_0.csv
96,out,mission_result,1771685325372000,14_48_46_mission_result_0.csv
96,out,geofence_result,1771685326340000,14_48_46_geofence_result_0.csv
96,out,navigator_status,1771685326408000,14_48_46_navigator_status_0.csv
96,out,position_setpoint_triplet,1771685326408000,14_48_46_position_setpoint_triplet_0.csv
96,out,dataman_request,1771685326432000,14_48_46_dataman_request_0.csv
96,out,dataman_request,1771685326432000,14_48_46_dataman_request_0.csv
96,out,mission_result,1771685326432000,14_48_46_mission_result_0.csv
96,out,navigator_mission_item,1771685326432000,14_48_46_navigator_mission_item_0.csv
96,out,navigator_status,1771685326432000,14_48_46_navigator_status_0.csv
96,out,position_setpoint_triplet,1771685326432000,14_48_46_position_setpoint_triplet_0.csv
96,out,geofence_result,1771685326588000,14_48_46_geofence_result_0.csv
96,out,rtl_status,1771685326588000,14_48_46_rtl_status_0.csv
96,out,rtl_time_estimate,1771685326588000,14_48_46_rtl_time_estimate_0.csv
96,out,geofence_result,1771685326836000,14_48_46_geofence_result_0.csv
96,out,navigator_status,1771685326936000,14_48_46_navigator_status_0.csv
96,out,geofence_result,1771685327092000,14_48_46_geofence_result_0.csv
96,out,geofence_result,1771685327340000,14_48_46_geofence_result_0.csv
96,out,navigator_status,1771685327440000,14_48_46_navigator_status_0.csv
96,out,geofence_result,1771685327596000,14_48_46_geofence_result_0.csv
96,out,geofence_result,1771685327844000,14_48_46_geofence_result_0.csv
96,out,navigator_status,1771685327944000,14_48_46_navigator_status_0.csv
96,out,geofence_result,1771685328100000,14_48_46_geofence_result_0.csv
96,out,geofence_result,1771685328348000,14_48_46_geofence_result_0.csv
96,out,navigator_status,1771685328448000,14_48_46_navigator_status_0.csv
96,out,geofence_result,1771685328604000,14_48_46_geofence_result_0.csv
96,out,rtl_status,1771685328604000,14_48_46_rtl_status_0.csv
96,out,rtl_time_estimate,1771685328604000,14_48_46_rtl_time_estimate_0.csv
96,out,geofence_result,1771685328852000,14_48_46_geofence_result_0.csv
96,out,navigator_status,1771685328952000,14_48_46_navigator_status_0.csv
96,out,geofence_result,1771685329108000,14_48_46_geofence_result_0.csv
96,out,geofence_result,1771685329356000,14_48_46_geofence_result_0.csv
96,out,navigator_status,1771685329456000,14_48_46_navigator_status_0.csv
96,out,geofence_result,1771685329612000,14_48_46_geofence_result_0.csv
96,out,geofence_result,1771685329860000,14_48_46_geofence_result_0.csv
96,out,navigator_status,1771685329960000,14_48_46_navigator_status_0.csv
96,out,geofence_result,1771685330116000,14_48_46_geofence_result_0.csv
96,out,geofence_result,1771685330364000,14_48_46_geofence_result_0.csv
96,out,navigator_status,1771685330464000,14_48_46_navigator_status_0.csv
96,out,geofence_result,1771685330620000,14_48_46_geofence_result_0.csv
96,out,rtl_status,1771685330620000,14_48_46_rtl_status_0.csv
96,out,rtl_time_estimate,1771685330620000,14_48_46_rtl_time_estimate_0.csv
96,out,geofence_result,1771685330868000,14_48_46_geofence_result_0.csv
96,out,navigator_status,1771685330968000,14_48_46_navigator_status_0.csv
96,out,geofence_result,1771685331124000,14_48_46_geofence_result_0.csv
96,out,geofence_result,1771685331372000,14_48_46_geofence_result_0.csv
96,out,navigator_status,1771685331472000,14_48_46_navigator_status_0.csv
96,out,geofence_result,1771685331628000,14_48_46_geofence_result_0.csv
96,out,geofence_result,1771685331876000,14_48_46_geofence_result_0.csv
96,out,navigator_status,1771685331976000,14_48_46_navigator_status_0.csv
96,out,geofence_result,1771685332132000,14_48_46_geofence_result_0.csv
96,out,geofence_result,1771685332380000,14_48_46_geofence_result_0.csv
96,out,navigator_status,1771685332480000,14_48_46_navigator_status_0.csv
96,out,geofence_result,1771685332636000,14_48_46_geofence_result_0.csv
96,out,rtl_status,1771685332636000,14_48_46_rtl_status_0.csv
96,out,rtl_time_estimate,1771685332636000,14_48_46_rtl_time_estimate_0.csv
96,out,geofence_result,1771685332884000,14_48_46_geofence_result_0.csv
96,out,navigator_status,1771685332984000,14_48_46_navigator_status_0.csv
96,out,geofence_result,1771685333140000,14_48_46_geofence_result_0.csv
96,out,geofence_result,1771685333388000,14_48_46_geofence_result_0.csv
96,out,navigator_status,1771685333488000,14_48_46_navigator_status_0.csv
96,out,geofence_result,1771685333644000,14_48_46_geofence_result_0.csv
96,out,geofence_result,1771685333892000,14_48_46_geofence_result_0.csv
96,out,navigator_status,1771685333992000,14_48_46_navigator_status_0.csv
96,out,geofence_result,1771685334148000,14_48_46_geofence_result_0.csv
96,out,geofence_result,1771685334396000,14_48_46_geofence_result_0.csv
96,out,navigator_status,1771685334496000,14_48_46_navigator_status_0.csv
96,out,geofence_result,1771685334652000,14_48_46_geofence_result_0.csv
96,out,rtl_status,1771685334652000,14_48_46_rtl_status_0.csv
96,out,rtl_time_estimate,1771685334652000,14_48_46_rtl_time_estimate_0.csv
96,out,geofence_result,1771685334900000,14_48_46_geofence_result_0.csv
96,out,navigator_status,1771685335000000,14_48_46_navigator_status_0.csv
96,out,geofence_result,1771685335156000,14_48_46_geofence_result_0.csv
96,out,geofence_result,1771685335404000,14_48_46_geofence_result_0.csv
96,out,navigator_status,1771685335504000,14_48_46_navigator_status_0.csv
96,out,geofence_result,1771685335660000,14_48_46_geofence_result_0.csv
96,out,geofence_result,1771685335908000,14_48_46_geofence_result_0.csv
96,out,navigator_status,1771685336008000,14_48_46_navigator_status_0.csv
96,out,geofence_result,1771685336164000,14_48_46_geofence_result_0.csv
96,out,geofence_result,1771685336412000,14_48_46_geofence_result_0.csv
96,out,navigator_status,1771685336512000,14_48_46_navigator_status_0.csv
96,out,geofence_result,1771685336668000,14_48_46_geofence_result_0.csv
96,out,rtl_status,1771685336668000,14_48_46_rtl_status_0.csv
96,out,rtl_time_estimate,1771685336668000,14_48_46_rtl_time_estimate_0.csv
96,out,geofence_result,1771685336916000,14_48_46_geofence_result_0.csv
96,out,navigator_status,1771685337016000,14_48_46_navigator_status_0.csv
96,out,geofence_result,1771685337172000,14_48_46_geofence_result_0.csv
96,out,geofence_result,1771685337420000,14_48_46_geofence_result_0.csv
96,out,navigator_status,1771685337520000,14_48_46_navigator_status_0.csv
96,out,geofence_result,1771685337676000,14_48_46_geofence_result_0.csv
96,out,geofence_result,1771685337924000,14_48_46_geofence_result_0.csv
96,out,navigator_status,1771685338024000,14_48_46_navigator_status_0.csv
96,out,geofence_result,1771685338180000,14_48_46_geofence_result_0.csv
96,out,geofence_result,1771685338428000,14_48_46_geofence_result_0.csv
96,out,navigator_status,1771685338528000,14_48_46_navigator_status_0.csv
96,out,geofence_result,1771685338684000,14_48_46_geofence_result_0.csv
96,out,rtl_status,1771685338684000,14_48_46_rtl_status_0.csv
96,out,rtl_time_estimate,1771685338684000,14_48_46_rtl_time_estimate_0.csv
96,out,geofence_result,1771685338932000,14_48_46_geofence_result_0.csv
96,out,navigator_status,1771685339032000,14_48_46_navigator_status_0.csv
96,out,geofence_result,1771685339188000,14_48_46_geofence_result_0.csv
96,out,geofence_result,1771685339436000,14_48_46_geofence_result_0.csv
96,out,navigator_status,1771685339536000,14_48_46_navigator_status_0.csv
96,out,geofence_result,1771685339692000,14_48_46_geofence_result_0.csv
96,out,geofence_result,1771685339940000,14_48_46_geofence_result_0.csv
96,out,navigator_status,1771685340040000,14_48_46_navigator_status_0.csv
96,out,geofence_result,1771685340196000,14_48_46_geofence_result_0.csv
96,out,geofence_result,1771685340444000,14_48_46_geofence_result_0.csv
96,out,navigator_status,1771685340544000,14_48_46_navigator_status_0.csv
96,out,geofence_result,1771685340700000,14_48_46_geofence_result_0.csv
96,out,rtl_status,1771685340700000,14_48_46_rtl_status_0.csv
96,out,rtl_time_estimate,1771685340700000,14_48_46_rtl_time_estimate_0.csv
96,out,geofence_result,1771685340948000,14_48_46_geofence_result_0.csv
96,out,navigator_status,1771685341048000,14_48_46_navigator_status_0.csv
96,out,geofence_result,1771685341204000,14_48_46_geofence_result_0.csv
96,out,geofence_result,1771685341452000,14_48_46_geofence_result_0.csv
96,out,navigator_status,1771685341552000,14_48_46_navigator_status_0.csv
96,out,geofence_result,1771685341708000,14_48_46_geofence_result_0.csv
96,out,geofence_result,1771685341956000,14_48_46_geofence_result_0.csv
96,out,navigator_status,1771685342056000,14_48_46_navigator_status_0.csv
96,out,geofence_result,1771685342212000,14_48_46_geofence_result_0.csv
96,out,geofence_result,1771685342460000,14_48_46_geofence_result_0.csv
96,out,navigator_status,1771685342560000,14_48_46_navigator_status_0.csv
96,out,geofence_result,1771685342716000,14_48_46_geofence_result_0.csv
96,out,rtl_status,1771685342716000,14_48_46_rtl_status_0.csv
96,out,rtl_time_estimate,1771685342716000,14_48_46_rtl_time_estimate_0.csv
96,out,geofence_result,1771685342964000,14_48_46_geofence_result_0.csv
96,out,navigator_status,1771685343064000,14_48_46_navigator_status_0.csv
96,out,geofence_result,1771685343220000,14_48_46_geofence_result_0.csv
96,out,geofence_result,1771685343468000,14_48_46_geofence_result_0.csv
96,out,navigator_status,1771685343568000,14_48_46_navigator_status_0.csv
96,out,geofence_result,1771685343724000,14_48_46_geofence_result_0.csv
96,out,geofence_result,1771685343972000,14_48_46_geofence_result_0.csv
96,out,navigator_status,1771685344072000,14_48_46_navigator_status_0.csv
96,out,geofence_result,1771685344228000,14_48_46_geofence_result_0.csv
96,out,geofence_result,1771685344476000,14_48_46_geofence_result_0.csv
96,out,navigator_status,1771685344576000,14_48_46_navigator_status_0.csv
96,out,geofence_result,1771685344732000,14_48_46_geofence_result_0.csv
96,out,rtl_status,1771685344732000,14_48_46_rtl_status_0.csv
96,out,rtl_time_estimate,1771685344732000,14_48_46_rtl_time_estimate_0.csv
96,out,geofence_result,1771685344980000,14_48_46_geofence_result_0.csv
96,out,navigator_status,1771685345080000,14_48_46_navigator_status_0.csv
96,out,geofence_result,1771685345236000,14_48_46_geofence_result_0.csv
96,out,geofence_result,1771685345484000,14_48_46_geofence_result_0.csv
96,out,navigator_status,1771685345584000,14_48_46_navigator_status_0.csv
96,out,geofence_result,1771685345740000,14_48_46_geofence_result_0.csv
96,out,geofence_result,1771685345988000,14_48_46_geofence_result_0.csv
96,out,navigator_status,1771685346088000,14_48_46_navigator_status_0.csv
96,out,geofence_result,1771685346244000,14_48_46_geofence_result_0.csv
96,out,geofence_result,1771685346492000,14_48_46_geofence_result_0.csv
96,out,navigator_status,1771685346592000,14_48_46_navigator_status_0.csv
96,out,geofence_result,1771685346748000,14_48_46_geofence_result_0.csv
96,out,rtl_status,1771685346748000,14_48_46_rtl_status_0.csv
96,out,rtl_time_estimate,1771685346748000,14_48_46_rtl_time_estimate_0.csv
96,out,geofence_result,1771685346996000,14_48_46_geofence_result_0.csv
96,out,navigator_status,1771685347096000,14_48_46_navigator_status_0.csv
96,out,geofence_result,1771685347252000,14_48_46_geofence_result_0.csv
96,out,geofence_result,1771685347500000,14_48_46_geofence_result_0.csv
96,out,navigator_status,1771685347600000,14_48_46_navigator_status_0.csv
96,out,geofence_result,1771685347756000,14_48_46_geofence_result_0.csv
96,out,geofence_result,1771685348004000,14_48_46_geofence_result_0.csv
96,out,navigator_status,1771685348104000,14_48_46_navigator_status_0.csv
96,out,geofence_result,1771685348260000,14_48_46_geofence_result_0.csv
96,out,geofence_result,1771685348508000,14_48_46_geofence_result_0.csv
96,out,navigator_status,1771685348608000,14_48_46_navigator_status_0.csv
96,out,geofence_result,1771685348764000,14_48_46_geofence_result_0.csv
96,out,rtl_status,1771685348764000,14_48_46_rtl_status_0.csv
96,out,rtl_time_estimate,1771685348764000,14_48_46_rtl_time_estimate_0.csv
96,out,geofence_result,1771685349012000,14_48_46_geofence_result_0.csv
96,out,navigator_status,1771685349112000,14_48_46_navigator_status_0.csv
96,out,geofence_result,1771685349268000,14_48_46_geofence_result_0.csv
96,out,geofence_result,1771685349516000,14_48_46_geofence_result_0.csv
96,out,navigator_status,1771685349616000,14_48_46_navigator_status_0.csv
96,out,geofence_result,1771685349772000,14_48_46_geofence_result_0.csv
96,out,geofence_result,1771685350020000,14_48_46_geofence_result_0.csv
96,out,navigator_status,1771685350120000,14_48_46_navigator_status_0.csv
96,out,geofence_result,1771685350276000,14_48_46_geofence_result_0.csv
96,out,geofence_result,1771685350524000,14_48_46_geofence_result_0.csv
96,out,navigator_status,1771685350624000,14_48_46_navigator_status_0.csv
96,out,geofence_result,1771685350780000,14_48_46_geofence_result_0.csv
96,out,rtl_status,1771685350780000,14_48_46_rtl_status_0.csv
96,out,rtl_time_estimate,1771685350780000,14_48_46_rtl_time_estimate_0.csv
96,out,geofence_result,1771685351028000,14_48_46_geofence_result_0.csv
96,out,navigator_status,1771685351128000,14_48_46_navigator_status_0.csv
96,out,geofence_result,1771685351284000,14_48_46_geofence_result_0.csv
96,out,geofence_result,1771685351532000,14_48_46_geofence_result_0.csv
96,out,navigator_status,1771685351632000,14_48_46_navigator_status_0.csv
96,out,mission_result,1771685351684000,14_48_46_mission_result_0.csv
96,out,navigator_mission_item,1771685351684000,14_48_46_navigator_mission_item_0.csv
96,out,position_setpoint_triplet,1771685351684000,14_48_46_position_setpoint_triplet_0.csv
96,out,geofence_result,1771685351788000,14_48_46_geofence_result_0.csv
96,out,geofence_result,1771685352036000,14_48_46_geofence_result_0.csv
96,out,navigator_status,1771685352136000,14_48_46_navigator_status_0.csv
96,out,geofence_result,1771685352292000,14_48_46_geofence_result_0.csv
96,out,geofence_result,1771685352540000,14_48_46_geofence_result_0.csv
96,out,navigator_status,1771685352640000,14_48_46_navigator_status_0.csv
96,out,geofence_result,1771685352796000,14_48_46_geofence_result_0.csv
96,out,rtl_status,1771685352796000,14_48_46_rtl_status_0.csv
96,out,rtl_time_estimate,1771685352796000,14_48_46_rtl_time_estimate_0.csv
96,out,geofence_result,1771685353044000,14_48_46_geofence_result_0.csv
96,out,navigator_status,1771685353144000,14_48_46_navigator_status_0.csv
96,out,geofence_result,1771685353300000,14_48_46_geofence_result_0.csv
96,out,geofence_result,1771685353548000,14_48_46_geofence_result_0.csv
96,out,navigator_status,1771685353648000,14_48_46_navigator_status_0.csv
96,out,geofence_result,1771685353804000,14_48_46_geofence_result_0.csv
96,out,geofence_result,1771685354052000,14_48_46_geofence_result_0.csv
96,out,navigator_status,1771685354152000,14_48_46_navigator_status_0.csv
96,out,geofence_result,1771685354308000,14_48_46_geofence_result_0.csv
96,out,geofence_result,1771685354556000,14_48_46_geofence_result_0.csv
96,out,navigator_status,1771685354656000,14_48_46_navigator_status_0.csv
96,out,geofence_result,1771685354812000,14_48_46_geofence_result_0.csv
96,out,rtl_status,1771685354812000,14_48_46_rtl_status_0.csv
96,out,rtl_time_estimate,1771685354812000,14_48_46_rtl_time_estimate_0.csv
96,out,geofence_result,1771685355060000,14_48_46_geofence_result_0.csv
96,out,navigator_status,1771685355160000,14_48_46_navigator_status_0.csv
96,out,geofence_result,1771685355316000,14_48_46_geofence_result_0.csv
96,out,geofence_result,1771685355564000,14_48_46_geofence_result_0.csv
96,out,navigator_status,1771685355664000,14_48_46_navigator_status_0.csv
96,out,geofence_result,1771685355820000,14_48_46_geofence_result_0.csv
96,out,geofence_result,1771685356068000,14_48_46_geofence_result_0.csv
96,out,navigator_status,1771685356168000,14_48_46_navigator_status_0.csv
96,out,geofence_result,1771685356324000,14_48_46_geofence_result_0.csv
96,out,geofence_result,1771685356572000,14_48_46_geofence_result_0.csv
96,out,navigator_status,1771685356672000,14_48_46_navigator_status_0.csv
96,out,geofence_result,1771685356828000,14_48_46_geofence_result_0.csv
96,out,rtl_status,1771685356828000,14_48_46_rtl_status_0.csv
96,out,rtl_time_estimate,1771685356828000,14_48_46_rtl_time_estimate_0.csv
96,out,geofence_result,1771685357076000,14_48_46_geofence_result_0.csv
96,out,navigator_status,1771685357176000,14_48_46_navigator_status_0.csv
96,out,geofence_result,1771685357332000,14_48_46_geofence_result_0.csv
96,out,geofence_result,1771685357580000,14_48_46_geofence_result_0.csv
96,out,navigator_status,1771685357680000,14_48_46_navigator_status_0.csv
96,out,geofence_result,1771685357836000,14_48_46_geofence_result_0.csv
96,out,geofence_result,1771685358084000,14_48_46_geofence_result_0.csv
96,out,navigator_status,1771685358184000,14_48_46_navigator_status_0.csv
96,out,geofence_result,1771685358340000,14_48_46_geofence_result_0.csv
96,out,geofence_result,1771685358588000,14_48_46_geofence_result_0.csv
96,out,navigator_status,1771685358688000,14_48_46_navigator_status_0.csv
96,out,geofence_result,1771685358844000,14_48_46_geofence_result_0.csv
96,out,rtl_status,1771685358844000,14_48_46_rtl_status_0.csv
96,out,rtl_time_estimate,1771685358844000,14_48_46_rtl_time_estimate_0.csv
96,out,geofence_result,1771685359092000,14_48_46_geofence_result_0.csv
96,out,navigator_status,1771685359192000,14_48_46_navigator_status_0.csv
96,out,geofence_result,1771685359348000,14_48_46_geofence_result_0.csv
96,out,geofence_result,1771685359596000,14_48_46_geofence_result_0.csv
96,out,navigator_status,1771685359696000,14_48_46_navigator_status_0.csv
96,out,geofence_result,1771685359852000,14_48_46_geofence_result_0.csv
96,out,geofence_result,1771685360100000,14_48_46_geofence_result_0.csv
96,out,navigator_status,1771685360200000,14_48_46_navigator_status_0.csv
96,out,geofence_result,1771685360356000,14_48_46_geofence_result_0.csv
96,out,geofence_result,1771685360604000,14_48_46_geofence_result_0.csv
96,out,navigator_status,1771685360704000,14_48_46_navigator_status_0.csv
96,out,geofence_result,1771685360860000,14_48_46_geofence_result_0.csv
96,out,rtl_status,1771685360860000,14_48_46_rtl_status_0.csv
96,out,rtl_time_estimate,1771685360860000,14_48_46_rtl_time_estimate_0.csv
96,out,geofence_result,1771685361108000,14_48_46_geofence_result_0.csv
96,out,navigator_status,1771685361208000,14_48_46_navigator_status_0.csv
96,out,geofence_result,1771685361364000,14_48_46_geofence_result_0.csv
96,out,geofence_result,1771685361612000,14_48_46_geofence_result_0.csv
96,out,navigator_status,1771685361712000,14_48_46_navigator_status_0.csv
96,out,geofence_result,1771685361868000,14_48_46_geofence_result_0.csv
96,out,geofence_result,1771685362116000,14_48_46_geofence_result_0.csv
96,out,navigator_status,1771685362216000,14_48_46_navigator_status_0.csv
96,out,geofence_result,1771685362372000,14_48_46_geofence_result_0.csv
96,out,geofence_result,1771685362620000,14_48_46_geofence_result_0.csv
96,out,navigator_status,1771685362720000,14_48_46_navigator_status_0.csv
96,out,geofence_result,1771685362876000,14_48_46_geofence_result_0.csv
96,out,rtl_status,1771685362876000,14_48_46_rtl_status_0.csv
96,out,rtl_time_estimate,1771685362876000,14_48_46_rtl_time_estimate_0.csv
96,out,geofence_result,1771685363124000,14_48_46_geofence_result_0.csv
96,out,navigator_status,1771685363224000,14_48_46_navigator_status_0.csv
96,out,geofence_result,1771685363380000,14_48_46_geofence_result_0.csv
96,out,geofence_result,1771685363628000,14_48_46_geofence_result_0.csv
96,out,navigator_status,1771685363728000,14_48_46_navigator_status_0.csv
96,out,geofence_result,1771685363884000,14_48_46_geofence_result_0.csv
96,out,geofence_result,1771685364132000,14_48_46_geofence_result_0.csv
96,out,navigator_status,1771685364232000,14_48_46_navigator_status_0.csv
96,out,geofence_result,1771685364388000,14_48_46_geofence_result_0.csv
96,out,geofence_result,1771685364636000,14_48_46_geofence_result_0.csv
96,out,navigator_status,1771685364736000,14_48_46_navigator_status_0.csv
96,out,geofence_result,1771685364892000,14_48_46_geofence_result_0.csv
96,out,rtl_status,1771685364892000,14_48_46_rtl_status_0.csv
96,out,rtl_time_estimate,1771685364892000,14_48_46_rtl_time_estimate_0.csv
96,out,geofence_result,1771685365140000,14_48_46_geofence_result_0.csv
96,out,navigator_status,1771685365240000,14_48_46_navigator_status_0.csv
96,out,geofence_result,1771685365396000,14_48_46_geofence_result_0.csv
96,out,geofence_result,1771685365644000,14_48_46_geofence_result_0.csv
96,out,navigator_status,1771685365744000,14_48_46_navigator_status_0.csv
96,out,geofence_result,1771685365900000,14_48_46_geofence_result_0.csv
96,out,geofence_result,1771685366148000,14_48_46_geofence_result_0.csv
96,out,navigator_status,1771685366248000,14_48_46_navigator_status_0.csv
96,out,geofence_result,1771685366404000,14_48_46_geofence_result_0.csv
96,out,geofence_result,1771685366652000,14_48_46_geofence_result_0.csv
96,out,navigator_status,1771685366752000,14_48_46_navigator_status_0.csv
96,out,geofence_result,1771685366908000,14_48_46_geofence_result_0.csv
96,out,rtl_status,1771685366908000,14_48_46_rtl_status_0.csv
96,out,rtl_time_estimate,1771685366908000,14_48_46_rtl_time_estimate_0.csv
96,out,geofence_result,1771685367156000,14_48_46_geofence_result_0.csv
96,out,navigator_status,1771685367256000,14_48_46_navigator_status_0.csv
96,out,geofence_result,1771685367412000,14_48_46_geofence_result_0.csv
96,out,geofence_result,1771685367660000,14_48_46_geofence_result_0.csv
96,out,navigator_status,1771685367760000,14_48_46_navigator_status_0.csv
96,out,geofence_result,1771685367916000,14_48_46_geofence_result_0.csv
96,out,geofence_result,1771685368164000,14_48_46_geofence_result_0.csv
96,out,navigator_status,1771685368264000,14_48_46_navigator_status_0.csv
96,out,geofence_result,1771685368420000,14_48_46_geofence_result_0.csv
96,out,geofence_result,1771685368668000,14_48_46_geofence_result_0.csv
96,out,navigator_status,1771685368768000,14_48_46_navigator_status_0.csv
96,out,geofence_result,1771685368924000,14_48_46_geofence_result_0.csv
96,out,rtl_status,1771685368924000,14_48_46_rtl_status_0.csv
96,out,rtl_time_estimate,1771685368924000,14_48_46_rtl_time_estimate_0.csv
96,out,geofence_result,1771685369172000,14_48_46_geofence_result_0.csv
96,out,navigator_status,1771685369272000,14_48_46_navigator_status_0.csv
96,out,geofence_result,1771685369428000,14_48_46_geofence_result_0.csv
96,out,geofence_result,1771685369676000,14_48_46_geofence_result_0.csv
96,out,navigator_status,1771685369776000,14_48_46_navigator_status_0.csv
96,out,geofence_result,1771685369932000,14_48_46_geofence_result_0.csv
96,out,geofence_result,1771685370180000,14_48_46_geofence_result_0.csv
96,out,navigator_status,1771685370280000,14_48_46_navigator_status_0.csv
96,out,geofence_result,1771685370436000,14_48_46_geofence_result_0.csv
96,out,geofence_result,1771685370684000,14_48_46_geofence_result_0.csv
96,out,navigator_status,1771685370784000,14_48_46_navigator_status_0.csv
96,out,geofence_result,1771685370940000,14_48_46_geofence_result_0.csv
96,out,rtl_status,1771685370940000,14_48_46_rtl_status_0.csv
96,out,rtl_time_estimate,1771685370940000,14_48_46_rtl_time_estimate_0.csv
96,out,geofence_result,1771685371188000,14_48_46_geofence_result_0.csv
96,out,navigator_status,1771685371288000,14_48_46_navigator_status_0.csv
96,out,geofence_result,1771685371444000,14_48_46_geofence_result_0.csv
96,out,geofence_result,1771685371692000,14_48_46_geofence_result_0.csv
96,out,navigator_status,1771685371792000,14_48_46_navigator_status_0.csv
96,out,geofence_result,1771685371948000,14_48_46_geofence_result_0.csv
96,out,geofence_result,1771685372196000,14_48_46_geofence_result_0.csv
96,out,navigator_status,1771685372296000,14_48_46_navigator_status_0.csv
96,out,geofence_result,1771685372452000,14_48_46_geofence_result_0.csv
96,out,geofence_result,1771685372700000,14_48_46_geofence_result_0.csv
96,out,navigator_status,1771685372800000,14_48_46_navigator_status_0.csv
96,out,geofence_result,1771685372956000,14_48_46_geofence_result_0.csv
96,out,rtl_status,1771685372956000,14_48_46_rtl_status_0.csv
96,out,rtl_time_estimate,1771685372956000,14_48_46_rtl_time_estimate_0.csv
96,out,geofence_result,1771685373204000,14_48_46_geofence_result_0.csv
96,out,navigator_status,1771685373304000,14_48_46_navigator_status_0.csv
96,out,geofence_result,1771685373460000,14_48_46_geofence_result_0.csv
96,out,geofence_result,1771685373708000,14_48_46_geofence_result_0.csv
96,out,navigator_status,1771685373808000,14_48_46_navigator_status_0.csv
96,out,geofence_result,1771685373964000,14_48_46_geofence_result_0.csv
96,out,geofence_result,1771685374212000,14_48_46_geofence_result_0.csv
96,out,navigator_status,1771685374312000,14_48_46_navigator_status_0.csv
96,out,geofence_result,1771685374468000,14_48_46_geofence_result_0.csv
96,out,geofence_result,1771685374716000,14_48_46_geofence_result_0.csv
96,out,navigator_status,1771685374816000,14_48_46_navigator_status_0.csv
96,out,geofence_result,1771685374972000,14_48_46_geofence_result_0.csv
96,out,rtl_status,1771685374972000,14_48_46_rtl_status_0.csv
96,out,rtl_time_estimate,1771685374972000,14_48_46_rtl_time_estimate_0.csv
96,out,geofence_result,1771685375220000,14_48_46_geofence_result_0.csv
96,out,navigator_status,1771685375320000,14_48_46_navigator_status_0.csv
96,out,geofence_result,1771685375476000,14_48_46_geofence_result_0.csv
96,out,geofence_result,1771685375724000,14_48_46_geofence_result_0.csv
96,out,navigator_status,1771685375824000,14_48_46_navigator_status_0.csv
96,out,geofence_result,1771685375980000,14_48_46_geofence_result_0.csv
96,out,geofence_result,1771685376228000,14_48_46_geofence_result_0.csv
96,out,navigator_status,1771685376328000,14_48_46_navigator_status_0.csv
96,out,geofence_result,1771685376484000,14_48_46_geofence_result_0.csv
96,out,geofence_result,1771685376732000,14_48_46_geofence_result_0.csv
96,out,navigator_status,1771685376832000,14_48_46_navigator_status_0.csv
96,out,geofence_result,1771685376988000,14_48_46_geofence_result_0.csv
96,out,rtl_status,1771685376988000,14_48_46_rtl_status_0.csv
96,out,rtl_time_estimate,1771685376988000,14_48_46_rtl_time_estimate_0.csv
96,out,geofence_result,1771685377236000,14_48_46_geofence_result_0.csv
96,out,navigator_status,1771685377336000,14_48_46_navigator_status_0.csv
96,out,geofence_result,1771685377492000,14_48_46_geofence_result_0.csv
96,out,geofence_result,1771685377740000,14_48_46_geofence_result_0.csv
96,out,navigator_status,1771685377840000,14_48_46_navigator_status_0.csv
96,out,geofence_result,1771685377996000,14_48_46_geofence_result_0.csv
96,out,geofence_result,1771685378244000,14_48_46_geofence_result_0.csv
96,out,navigator_status,1771685378344000,14_48_46_navigator_status_0.csv
96,out,geofence_result,1771685378500000,14_48_46_geofence_result_0.csv
96,out,geofence_result,1771685378748000,14_48_46_geofence_result_0.csv
96,out,navigator_status,1771685378848000,14_48_46_navigator_status_0.csv
96,out,geofence_result,1771685379004000,14_48_46_geofence_result_0.csv
96,out,rtl_status,1771685379004000,14_48_46_rtl_status_0.csv
96,out,rtl_time_estimate,1771685379004000,14_48_46_rtl_time_estimate_0.csv
96,out,geofence_result,1771685379252000,14_48_46_geofence_result_0.csv
96,out,navigator_status,1771685379352000,14_48_46_navigator_status_0.csv
96,out,geofence_result,1771685379508000,14_48_46_geofence_result_0.csv
96,out,geofence_result,1771685379756000,14_48_46_geofence_result_0.csv
96,out,navigator_status,1771685379856000,14_48_46_navigator_status_0.csv
96,out,geofence_result,1771685380012000,14_48_46_geofence_result_0.csv
96,out,geofence_result,1771685380260000,14_48_46_geofence_result_0.csv
96,out,navigator_status,1771685380360000,14_48_46_navigator_status_0.csv
96,out,geofence_result,1771685380516000,14_48_46_geofence_result_0.csv
96,out,geofence_result,1771685380764000,14_48_46_geofence_result_0.csv
96,out,navigator_status,1771685380864000,14_48_46_navigator_status_0.csv
96,out,geofence_result,1771685381020000,14_48_46_geofence_result_0.csv
96,out,rtl_status,1771685381020000,14_48_46_rtl_status_0.csv
96,out,rtl_time_estimate,1771685381020000,14_48_46_rtl_time_estimate_0.csv
96,out,geofence_result,1771685381268000,14_48_46_geofence_result_0.csv
96,out,navigator_status,1771685381368000,14_48_46_navigator_status_0.csv
96,out,geofence_result,1771685381524000,14_48_46_geofence_result_0.csv
96,out,geofence_result,1771685381772000,14_48_46_geofence_result_0.csv
96,out,navigator_status,1771685381872000,14_48_46_navigator_status_0.csv
96,out,geofence_result,1771685382028000,14_48_46_geofence_result_0.csv
96,out,geofence_result,1771685382276000,14_48_46_geofence_result_0.csv
96,out,navigator_status,1771685382376000,14_48_46_navigator_status_0.csv
96,out,geofence_result,1771685382532000,14_48_46_geofence_result_0.csv
96,out,geofence_result,1771685382780000,14_48_46_geofence_result_0.csv
96,out,navigator_status,1771685382880000,14_48_46_navigator_status_0.csv
96,out,geofence_result,1771685383036000,14_48_46_geofence_result_0.csv
96,out,rtl_status,1771685383036000,14_48_46_rtl_status_0.csv
96,out,rtl_time_estimate,1771685383036000,14_48_46_rtl_time_estimate_0.csv
96,out,geofence_result,1771685383284000,14_48_46_geofence_result_0.csv
96,out,navigator_status,1771685383384000,14_48_46_navigator_status_0.csv
96,out,geofence_result,1771685383540000,14_48_46_geofence_result_0.csv
96,out,geofence_result,1771685383788000,14_48_46_geofence_result_0.csv
96,out,navigator_status,1771685383888000,14_48_46_navigator_status_0.csv
96,out,geofence_result,1771685384044000,14_48_46_geofence_result_0.csv
96,out,geofence_result,1771685384292000,14_48_46_geofence_result_0.csv
96,out,navigator_status,1771685384392000,14_48_46_navigator_status_0.csv
96,out,geofence_result,1771685384548000,14_48_46_geofence_result_0.csv
96,in,topic_32,1771685384748000,14_48_46_subscription_info_0.csv
96,out,geofence_result,1771685384796000,14_48_46_geofence_result_0.csv
96,out,navigator_status,1771685384896000,14_48_46_navigator_status_0.csv
96,out,geofence_result,1771685385052000,14_48_46_geofence_result_0.csv
96,out,rtl_status,1771685385052000,14_48_46_rtl_status_0.csv
96,out,rtl_time_estimate,1771685385052000,14_48_46_rtl_time_estimate_0.csv
96,out,geofence_result,1771685385300000,14_48_46_geofence_result_0.csv
96,out,navigator_status,1771685385400000,14_48_46_navigator_status_0.csv
96,out,geofence_result,1771685385556000,14_48_46_geofence_result_0.csv
96,out,geofence_result,1771685385804000,14_48_46_geofence_result_0.csv
96,out,navigator_status,1771685385904000,14_48_46_navigator_status_0.csv
96,out,geofence_result,1771685386060000,14_48_46_geofence_result_0.csv
96,out,geofence_result,1771685386308000,14_48_46_geofence_result_0.csv
96,out,navigator_status,1771685386408000,14_48_46_navigator_status_0.csv
96,out,geofence_result,1771685386564000,14_48_46_geofence_result_0.csv
96,out,geofence_result,1771685386812000,14_48_46_geofence_result_0.csv
96,out,navigator_status,1771685386912000,14_48_46_navigator_status_0.csv
96,out,geofence_result,1771685387068000,14_48_46_geofence_result_0.csv
96,out,rtl_status,1771685387068000,14_48_46_rtl_status_0.csv
96,out,rtl_time_estimate,1771685387068000,14_48_46_rtl_time_estimate_0.csv
96,out,geofence_result,1771685387316000,14_48_46_geofence_result_0.csv
96,out,navigator_status,1771685387416000,14_48_46_navigator_status_0.csv
96,out,geofence_result,1771685387572000,14_48_46_geofence_result_0.csv
96,out,geofence_result,1771685387820000,14_48_46_geofence_result_0.csv
96,out,navigator_status,1771685387920000,14_48_46_navigator_status_0.csv
96,out,geofence_result,1771685388076000,14_48_46_geofence_result_0.csv
96,out,geofence_result,1771685388324000,14_48_46_geofence_result_0.csv
96,out,navigator_status,1771685388424000,14_48_46_navigator_status_0.csv
96,out,geofence_result,1771685388580000,14_48_46_geofence_result_0.csv
96,out,geofence_result,1771685388828000,14_48_46_geofence_result_0.csv
96,out,navigator_status,1771685388928000,14_48_46_navigator_status_0.csv
96,out,geofence_result,1771685389084000,14_48_46_geofence_result_0.csv
96,out,rtl_status,1771685389084000,14_48_46_rtl_status_0.csv
96,out,rtl_time_estimate,1771685389084000,14_48_46_rtl_time_estimate_0.csv
96,out,geofence_result,1771685389332000,14_48_46_geofence_result_0.csv
96,out,navigator_status,1771685389432000,14_48_46_navigator_status_0.csv
96,out,geofence_result,1771685389588000,14_48_46_geofence_result_0.csv
96,out,geofence_result,1771685389836000,14_48_46_geofence_result_0.csv
96,out,navigator_status,1771685389936000,14_48_46_navigator_status_0.csv
96,out,geofence_result,1771685390092000,14_48_46_geofence_result_0.csv
96,out,geofence_result,1771685390340000,14_48_46_geofence_result_0.csv
96,out,navigator_status,1771685390440000,14_48_46_navigator_status_0.csv
96,out,geofence_result,1771685390596000,14_48_46_geofence_result_0.csv
96,out,geofence_result,1771685390844000,14_48_46_geofence_result_0.csv
96,out,navigator_status,1771685390944000,14_48_46_navigator_status_0.csv
96,out,geofence_result,1771685391100000,14_48_46_geofence_result_0.csv
96,out,rtl_status,1771685391100000,14_48_46_rtl_status_0.csv
96,out,rtl_time_estimate,1771685391100000,14_48_46_rtl_time_estimate_0.csv
96,out,geofence_result,1771685391348000,14_48_46_geofence_result_0.csv
96,out,navigator_status,1771685391448000,14_48_46_navigator_status_0.csv
96,out,geofence_result,1771685391604000,14_48_46_geofence_result_0.csv
96,out,geofence_result,1771685391852000,14_48_46_geofence_result_0.csv
96,out,navigator_status,1771685391952000,14_48_46_navigator_status_0.csv
96,out,geofence_result,1771685392108000,14_48_46_geofence_result_0.csv
96,out,geofence_result,1771685392356000,14_48_46_geofence_result_0.csv
96,out,navigator_status,1771685392456000,14_48_46_navigator_status_0.csv
96,out,geofence_result,1771685392612000,14_48_46_geofence_result_0.csv
96,out,geofence_result,1771685392860000,14_48_46_geofence_result_0.csv
96,out,navigator_status,1771685392960000,14_48_46_navigator_status_0.csv
96,out,geofence_result,1771685393116000,14_48_46_geofence_result_0.csv
96,out,rtl_status,1771685393116000,14_48_46_rtl_status_0.csv
96,out,rtl_time_estimate,1771685393116000,14_48_46_rtl_time_estimate_0.csv
96,out,geofence_result,1771685393364000,14_48_46_geofence_result_0.csv
96,out,navigator_status,1771685393464000,14_48_46_navigator_status_0.csv
96,out,geofence_result,1771685393620000,14_48_46_geofence_result_0.csv
96,in,topic_22,1771685393716000,14_48_46_subscription_info_0.csv
96,out,geofence_result,1771685393868000,14_48_46_geofence_result_0.csv
96,out,navigator_status,1771685393968000,14_48_46_navigator_status_0.csv
96,out,geofence_result,1771685394124000,14_48_46_geofence_result_0.csv
96,out,geofence_result,1771685394372000,14_48_46_geofence_result_0.csv
96,out,navigator_status,1771685394472000,14_48_46_navigator_status_0.csv
96,out,geofence_result,1771685394628000,14_48_46_geofence_result_0.csv
96,out,geofence_result,1771685394876000,14_48_46_geofence_result_0.csv
96,out,navigator_status,1771685394976000,14_48_46_navigator_status_0.csv
96,out,geofence_result,1771685395132000,14_48_46_geofence_result_0.csv
96,out,rtl_status,1771685395132000,14_48_46_rtl_status_0.csv
96,out,rtl_time_estimate,1771685395132000,14_48_46_rtl_time_estimate_0.csv
96,out,geofence_result,1771685395380000,14_48_46_geofence_result_0.csv
96,out,navigator_status,1771685395480000,14_48_46_navigator_status_0.csv
96,out,geofence_result,1771685395636000,14_48_46_geofence_result_0.csv
96,out,geofence_result,1771685395884000,14_48_46_geofence_result_0.csv
96,out,navigator_status,1771685395984000,14_48_46_navigator_status_0.csv
96,out,geofence_result,1771685396140000,14_48_46_geofence_result_0.csv
96,out,geofence_result,1771685396388000,14_48_46_geofence_result_0.csv
96,out,navigator_status,1771685396488000,14_48_46_navigator_status_0.csv
96,out,geofence_result,1771685396644000,14_48_46_geofence_result_0.csv
96,out,geofence_result,1771685396892000,14_48_46_geofence_result_0.csv
96,out,navigator_status,1771685396992000,14_48_46_navigator_status_0.csv
96,out,geofence_result,1771685397148000,14_48_46_geofence_result_0.csv
96,out,rtl_status,1771685397148000,14_48_46_rtl_status_0.csv
96,out,rtl_time_estimate,1771685397148000,14_48_46_rtl_time_estimate_0.csv
96,out,geofence_result,1771685397396000,14_48_46_geofence_result_0.csv
96,out,navigator_status,1771685397496000,14_48_46_navigator_status_0.csv
96,out,geofence_result,1771685397652000,14_48_46_geofence_result_0.csv
96,out,geofence_result,1771685397900000,14_48_46_geofence_result_0.csv
96,out,navigator_status,1771685398000000,14_48_46_navigator_status_0.csv
96,out,geofence_result,1771685398156000,14_48_46_geofence_result_0.csv
96,out,geofence_result,1771685398404000,14_48_46_geofence_result_0.csv
96,out,navigator_status,1771685398504000,14_48_46_navigator_status_0.csv
96,out,geofence_result,1771685398660000,14_48_46_geofence_result_0.csv
96,out,geofence_result,1771685398908000,14_48_46_geofence_result_0.csv
96,out,navigator_status,1771685399008000,14_48_46_navigator_status_0.csv
96,out,geofence_result,1771685399164000,14_48_46_geofence_result_0.csv
96,out,rtl_status,1771685399164000,14_48_46_rtl_status_0.csv
96,out,rtl_time_estimate,1771685399164000,14_48_46_rtl_time_estimate_0.csv
96,out,geofence_result,1771685399412000,14_48_46_geofence_result_0.csv
96,out,navigator_status,1771685399512000,14_48_46_navigator_status_0.csv
96,out,geofence_result,1771685399668000,14_48_46_geofence_result_0.csv
96,out,geofence_result,1771685399916000,14_48_46_geofence_result_0.csv
96,out,navigator_status,1771685400016000,14_48_46_navigator_status_0.csv
96,out,geofence_result,1771685400172000,14_48_46_geofence_result_0.csv
96,out,geofence_result,1771685400420000,14_48_46_geofence_result_0.csv
96,out,navigator_status,1771685400520000,14_48_46_navigator_status_0.csv
96,out,geofence_result,1771685400676000,14_48_46_geofence_result_0.csv
96,out,geofence_result,1771685400924000,14_48_46_geofence_result_0.csv
96,out,navigator_status,1771685401024000,14_48_46_navigator_status_0.csv
96,out,geofence_result,1771685401180000,14_48_46_geofence_result_0.csv
96,out,rtl_status,1771685401180000,14_48_46_rtl_status_0.csv
96,out,rtl_time_estimate,1771685401180000,14_48_46_rtl_time_estimate_0.csv
96,out,geofence_result,1771685401428000,14_48_46_geofence_result_0.csv
96,out,mission,1771685401524000,14_48_46_mission_0.csv
96,out,mission_result,1771685401524000,14_48_46_mission_result_0.csv
96,out,navigator_mission_item,1771685401524000,14_48_46_navigator_mission_item_0.csv
96,out,position_setpoint_triplet,1771685401524000,14_48_46_position_setpoint_triplet_0.csv
96,out,vehicle_command,1771685401524000,14_48_46_vehicle_command_0.csv
96,out,vehicle_command,1771685401524000,14_48_46_vehicle_command_0.csv
96,out,vehicle_command,1771685401524000,14_48_46_vehicle_command_0.csv
96,out,navigator_status,1771685401528000,14_48_46_navigator_status_0.csv
96,out,geofence_result,1771685401684000,14_48_46_geofence_result_0.csv
96,out,geofence_result,1771685401932000,14_48_46_geofence_result_0.csv
96,out,navigator_status,1771685402032000,14_48_46_navigator_status_0.csv
96,out,geofence_result,1771685402188000,14_48_46_geofence_result_0.csv
96,out,geofence_result,1771685402436000,14_48_46_geofence_result_0.csv
96,out,navigator_status,1771685402536000,14_48_46_navigator_status_0.csv
96,out,geofence_result,1771685402692000,14_48_46_geofence_result_0.csv
96,out,geofence_result,1771685402940000,14_48_46_geofence_result_0.csv
96,out,navigator_status,1771685403040000,14_48_46_navigator_status_0.csv
96,out,geofence_result,1771685403196000,14_48_46_geofence_result_0.csv
96,out,rtl_status,1771685403196000,14_48_46_rtl_status_0.csv
96,out,rtl_time_estimate,1771685403196000,14_48_46_rtl_time_estimate_0.csv
96,out,geofence_result,1771685403444000,14_48_46_geofence_result_0.csv
96,out,navigator_status,1771685403544000,14_48_46_navigator_status_0.csv
96,out,geofence_result,1771685403700000,14_48_46_geofence_result_0.csv
96,out,geofence_result,1771685403948000,14_48_46_geofence_result_0.csv
96,out,navigator_status,1771685404048000,14_48_46_navigator_status_0.csv
96,out,geofence_result,1771685404204000,14_48_46_geofence_result_0.csv
96,out,geofence_result,1771685404452000,14_48_46_geofence_result_0.csv
96,out,navigator_status,1771685404552000,14_48_46_navigator_status_0.csv
96,out,geofence_result,1771685404708000,14_48_46_geofence_result_0.csv
96,out,geofence_result,1771685404956000,14_48_46_geofence_result_0.csv
96,out,navigator_status,1771685405056000,14_48_46_navigator_status_0.csv
96,out,geofence_result,1771685405212000,14_48_46_geofence_result_0.csv
96,out,rtl_status,1771685405212000,14_48_46_rtl_status_0.csv
96,out,rtl_time_estimate,1771685405212000,14_48_46_rtl_time_estimate_0.csv
96,out,geofence_result,1771685405460000,14_48_46_geofence_result_0.csv
96,out,navigator_status,1771685405560000,14_48_46_navigator_status_0.csv
96,out,geofence_result,1771685405716000,14_48_46_geofence_result_0.csv
96,out,geofence_result,1771685405964000,14_48_46_geofence_result_0.csv
96,out,navigator_status,1771685406064000,14_48_46_navigator_status_0.csv
96,out,geofence_result,1771685406220000,14_48_46_geofence_result_0.csv
96,out,geofence_result,1771685406468000,14_48_46_geofence_result_0.csv
96,out,navigator_status,1771685406568000,14_48_46_navigator_status_0.csv
96,out,geofence_result,1771685406724000,14_48_46_geofence_result_0.csv
96,out,geofence_result,1771685406972000,14_48_46_geofence_result_0.csv
96,out,navigator_status,1771685407072000,14_48_46_navigator_status_0.csv
96,out,geofence_result,1771685407228000,14_48_46_geofence_result_0.csv
96,out,rtl_status,1771685407228000,14_48_46_rtl_status_0.csv
96,out,rtl_time_estimate,1771685407228000,14_48_46_rtl_time_estimate_0.csv
96,out,geofence_result,1771685407476000,14_48_46_geofence_result_0.csv
96,out,navigator_status,1771685407576000,14_48_46_navigator_status_0.csv
96,out,geofence_result,1771685407732000,14_48_46_geofence_result_0.csv
96,out,geofence_result,1771685407980000,14_48_46_geofence_result_0.csv
96,out,navigator_status,1771685408080000,14_48_46_navigator_status_0.csv
96,out,geofence_result,1771685408236000,14_48_46_geofence_result_0.csv
96,out,geofence_result,1771685408484000,14_48_46_geofence_result_0.csv
96,out,navigator_status,1771685408584000,14_48_46_navigator_status_0.csv
96,out,geofence_result,1771685408740000,14_48_46_geofence_result_0.csv
96,out,geofence_result,1771685408988000,14_48_46_geofence_result_0.csv
96,out,navigator_status,1771685409088000,14_48_46_navigator_status_0.csv
96,out,geofence_result,1771685409244000,14_48_46_geofence_result_0.csv
96,out,rtl_status,1771685409244000,14_48_46_rtl_status_0.csv
96,out,rtl_time_estimate,1771685409244000,14_48_46_rtl_time_estimate_0.csv
96,out,geofence_result,1771685409492000,14_48_46_geofence_result_0.csv
96,out,navigator_status,1771685409592000,14_48_46_navigator_status_0.csv
96,out,geofence_result,1771685409748000,14_48_46_geofence_result_0.csv
96,out,geofence_result,1771685409996000,14_48_46_geofence_result_0.csv
96,out,navigator_status,1771685410096000,14_48_46_navigator_status_0.csv
96,out,geofence_result,1771685410252000,14_48_46_geofence_result_0.csv
96,out,geofence_result,1771685410500000,14_48_46_geofence_result_0.csv
96,out,navigator_status,1771685410600000,14_48_46_navigator_status_0.csv
96,out,geofence_result,1771685410756000,14_48_46_geofence_result_0.csv
96,out,geofence_result,1771685411004000,14_48_46_geofence_result_0.csv
96,out,navigator_status,1771685411104000,14_48_46_navigator_status_0.csv
96,out,geofence_result,1771685411260000,14_48_46_geofence_result_0.csv
96,out,rtl_status,1771685411260000,14_48_46_rtl_status_0.csv
96,out,rtl_time_estimate,1771685411260000,14_48_46_rtl_time_estimate_0.csv
96,out,geofence_result,1771685411508000,14_48_46_geofence_result_0.csv
96,out,navigator_status,1771685411608000,14_48_46_navigator_status_0.csv
96,out,geofence_result,1771685411764000,14_48_46_geofence_result_0.csv
96,out,geofence_result,1771685412012000,14_48_46_geofence_result_0.csv
96,out,navigator_status,1771685412112000,14_48_46_navigator_status_0.csv
96,out,geofence_result,1771685412268000,14_48_46_geofence_result_0.csv
96,out,geofence_result,1771685412516000,14_48_46_geofence_result_0.csv
96,out,navigator_status,1771685412616000,14_48_46_navigator_status_0.csv
96,out,geofence_result,1771685412772000,14_48_46_geofence_result_0.csv
96,out,geofence_result,1771685413020000,14_48_46_geofence_result_0.csv
96,out,navigator_status,1771685413120000,14_48_46_navigator_status_0.csv
96,out,geofence_result,1771685413276000,14_48_46_geofence_result_0.csv
96,out,rtl_status,1771685413276000,14_48_46_rtl_status_0.csv
96,out,rtl_time_estimate,1771685413276000,14_48_46_rtl_time_estimate_0.csv
96,out,geofence_result,1771685413524000,14_48_46_geofence_result_0.csv
96,out,navigator_status,1771685413624000,14_48_46_navigator_status_0.csv
96,out,geofence_result,1771685413780000,14_48_46_geofence_result_0.csv
96,out,geofence_result,1771685414028000,14_48_46_geofence_result_0.csv
96,out,navigator_status,1771685414128000,14_48_46_navigator_status_0.csv
96,out,geofence_result,1771685414284000,14_48_46_geofence_result_0.csv
96,out,geofence_result,1771685414532000,14_48_46_geofence_result_0.csv
96,out,navigator_status,1771685414632000,14_48_46_navigator_status_0.csv
96,out,geofence_result,1771685414788000,14_48_46_geofence_result_0.csv
96,out,geofence_result,1771685415036000,14_48_46_geofence_result_0.csv
96,out,navigator_status,1771685415136000,14_48_46_navigator_status_0.csv
96,out,geofence_result,1771685415292000,14_48_46_geofence_result_0.csv
96,out,rtl_status,1771685415292000,14_48_46_rtl_status_0.csv
96,out,rtl_time_estimate,1771685415292000,14_48_46_rtl_time_estimate_0.csv
96,out,geofence_result,1771685415540000,14_48_46_geofence_result_0.csv
96,out,navigator_status,1771685415640000,14_48_46_navigator_status_0.csv
96,out,geofence_result,1771685415796000,14_48_46_geofence_result_0.csv
96,out,geofence_result,1771685416044000,14_48_46_geofence_result_0.csv
96,out,navigator_status,1771685416144000,14_48_46_navigator_status_0.csv
96,out,geofence_result,1771685416300000,14_48_46_geofence_result_0.csv
96,out,geofence_result,1771685416548000,14_48_46_geofence_result_0.csv
96,out,navigator_status,1771685416648000,14_48_46_navigator_status_0.csv
96,out,geofence_result,1771685416804000,14_48_46_geofence_result_0.csv
96,out,geofence_result,1771685417052000,14_48_46_geofence_result_0.csv
96,out,navigator_status,1771685417152000,14_48_46_navigator_status_0.csv
96,out,geofence_result,1771685417308000,14_48_46_geofence_result_0.csv
96,out,rtl_status,1771685417308000,14_48_46_rtl_status_0.csv
96,out,rtl_time_estimate,1771685417308000,14_48_46_rtl_time_estimate_0.csv
96,out,geofence_result,1771685417556000,14_48_46_geofence_result_0.csv
96,out,navigator_status,1771685417656000,14_48_46_navigator_status_0.csv
96,out,geofence_result,1771685417812000,14_48_46_geofence_result_0.csv
96,out,geofence_result,1771685418060000,14_48_46_geofence_result_0.csv
96,out,navigator_status,1771685418160000,14_48_46_navigator_status_0.csv
96,out,geofence_result,1771685418316000,14_48_46_geofence_result_0.csv
96,out,geofence_result,1771685418564000,14_48_46_geofence_result_0.csv
96,out,navigator_status,1771685418664000,14_48_46_navigator_status_0.csv
96,out,geofence_result,1771685418820000,14_48_46_geofence_result_0.csv
96,out,geofence_result,1771685419068000,14_48_46_geofence_result_0.csv
96,out,navigator_status,1771685419168000,14_48_46_navigator_status_0.csv
96,out,geofence_result,1771685419324000,14_48_46_geofence_result_0.csv
96,out,rtl_status,1771685419324000,14_48_46_rtl_status_0.csv
96,out,rtl_time_estimate,1771685419324000,14_48_46_rtl_time_estimate_0.csv
96,out,geofence_result,1771685419572000,14_48_46_geofence_result_0.csv
96,out,navigator_status,1771685419672000,14_48_46_navigator_status_0.csv
96,out,geofence_result,1771685419828000,14_48_46_geofence_result_0.csv
96,out,geofence_result,1771685420076000,14_48_46_geofence_result_0.csv
96,out,navigator_status,1771685420176000,14_48_46_navigator_status_0.csv
96,out,geofence_result,1771685420332000,14_48_46_geofence_result_0.csv
96,out,geofence_result,1771685420580000,14_48_46_geofence_result_0.csv
96,out,navigator_status,1771685420680000,14_48_46_navigator_status_0.csv
96,out,geofence_result,1771685420836000,14_48_46_geofence_result_0.csv
96,out,geofence_result,1771685421084000,14_48_46_geofence_result_0.csv
96,out,navigator_status,1771685421184000,14_48_46_navigator_status_0.csv
96,out,geofence_result,1771685421340000,14_48_46_geofence_result_0.csv
96,out,rtl_status,1771685421340000,14_48_46_rtl_status_0.csv
96,out,rtl_time_estimate,1771685421340000,14_48_46_rtl_time_estimate_0.csv
96,out,geofence_result,1771685421588000,14_48_46_geofence_result_0.csv
96,out,navigator_status,1771685421688000,14_48_46_navigator_status_0.csv
96,out,geofence_result,1771685421844000,14_48_46_geofence_result_0.csv
96,out,geofence_result,1771685422092000,14_48_46_geofence_result_0.csv
96,out,navigator_status,1771685422192000,14_48_46_navigator_status_0.csv
96,out,geofence_result,1771685422348000,14_48_46_geofence_result_0.csv
96,out,geofence_result,1771685422596000,14_48_46_geofence_result_0.csv
96,out,navigator_status,1771685422696000,14_48_46_navigator_status_0.csv
96,out,geofence_result,1771685422852000,14_48_46_geofence_result_0.csv
96,out,geofence_result,1771685423100000,14_48_46_geofence_result_0.csv
96,out,navigator_status,1771685423200000,14_48_46_navigator_status_0.csv
96,out,geofence_result,1771685423356000,14_48_46_geofence_result_0.csv
96,out,rtl_status,1771685423356000,14_48_46_rtl_status_0.csv
96,out,rtl_time_estimate,1771685423356000,14_48_46_rtl_time_estimate_0.csv
96,out,geofence_result,1771685423604000,14_48_46_geofence_result_0.csv
96,out,navigator_status,1771685423704000,14_48_46_navigator_status_0.csv
96,out,geofence_result,1771685423860000,14_48_46_geofence_result_0.csv
96,out,geofence_result,1771685424108000,14_48_46_geofence_result_0.csv
96,out,navigator_status,1771685424208000,14_48_46_navigator_status_0.csv
96,out,geofence_result,1771685424364000,14_48_46_geofence_result_0.csv
96,out,geofence_result,1771685424612000,14_48_46_geofence_result_0.csv
96,out,navigator_status,1771685424712000,14_48_46_navigator_status_0.csv
96,out,geofence_result,1771685424868000,14_48_46_geofence_result_0.csv
96,out,geofence_result,1771685425116000,14_48_46_geofence_result_0.csv
96,out,navigator_status,1771685425216000,14_48_46_navigator_status_0.csv
96,out,geofence_result,1771685425372000,14_48_46_geofence_result_0.csv
96,out,rtl_status,1771685425372000,14_48_46_rtl_status_0.csv
96,out,rtl_time_estimate,1771685425372000,14_48_46_rtl_time_estimate_0.csv
96,out,geofence_result,1771685425620000,14_48_46_geofence_result_0.csv
96,out,navigator_status,1771685425720000,14_48_46_navigator_status_0.csv
96,out,geofence_result,1771685425876000,14_48_46_geofence_result_0.csv
96,out,geofence_result,1771685426124000,14_48_46_geofence_result_0.csv
96,out,navigator_status,1771685426224000,14_48_46_navigator_status_0.csv
96,out,geofence_result,1771685426380000,14_48_46_geofence_result_0.csv
96,out,geofence_result,1771685426628000,14_48_46_geofence_result_0.csv
96,out,navigator_status,1771685426728000,14_48_46_navigator_status_0.csv
96,out,geofence_result,1771685426884000,14_48_46_geofence_result_0.csv
96,out,geofence_result,1771685427132000,14_48_46_geofence_result_0.csv
96,out,navigator_status,1771685427232000,14_48_46_navigator_status_0.csv
96,out,geofence_result,1771685427388000,14_48_46_geofence_result_0.csv
96,out,rtl_status,1771685427388000,14_48_46_rtl_status_0.csv
96,out,rtl_time_estimate,1771685427388000,14_48_46_rtl_time_estimate_0.csv
96,out,geofence_result,1771685427636000,14_48_46_geofence_result_0.csv
96,out,navigator_status,1771685427736000,14_48_46_navigator_status_0.csv
96,out,geofence_result,1771685427892000,14_48_46_geofence_result_0.csv
96,out,geofence_result,1771685428140000,14_48_46_geofence_result_0.csv
96,out,navigator_status,1771685428240000,14_48_46_navigator_status_0.csv
96,out,geofence_result,1771685428396000,14_48_46_geofence_result_0.csv
96,out,geofence_result,1771685428644000,14_48_46_geofence_result_0.csv
96,out,navigator_status,1771685428744000,14_48_46_navigator_status_0.csv
96,out,geofence_result,1771685428900000,14_48_46_geofence_result_0.csv
96,out,geofence_result,1771685429148000,14_48_46_geofence_result_0.csv
96,out,navigator_status,1771685429248000,14_48_46_navigator_status_0.csv
96,out,geofence_result,1771685429404000,14_48_46_geofence_result_0.csv
96,out,rtl_status,1771685429404000,14_48_46_rtl_status_0.csv
96,out,rtl_time_estimate,1771685429404000,14_48_46_rtl_time_estimate_0.csv
96,out,geofence_result,1771685429652000,14_48_46_geofence_result_0.csv
96,out,navigator_status,1771685429752000,14_48_46_navigator_status_0.csv
96,out,geofence_result,1771685429908000,14_48_46_geofence_result_0.csv
96,out,geofence_result,1771685430156000,14_48_46_geofence_result_0.csv
96,out,navigator_status,1771685430256000,14_48_46_navigator_status_0.csv
96,in,topic_22,1771685430308000,14_48_46_subscription_info_0.csv
96,out,geofence_result,1771685430412000,14_48_46_geofence_result_0.csv
96,out,geofence_result,1771685430660000,14_48_46_geofence_result_0.csv
96,out,navigator_status,1771685430760000,14_48_46_navigator_status_0.csv
96,out,geofence_result,1771685430916000,14_48_46_geofence_result_0.csv
96,out,geofence_result,1771685431164000,14_48_46_geofence_result_0.csv
96,out,navigator_status,1771685431264000,14_48_46_navigator_status_0.csv
96,out,geofence_result,1771685431420000,14_48_46_geofence_result_0.csv
96,out,rtl_status,1771685431420000,14_48_46_rtl_status_0.csv
96,out,rtl_time_estimate,1771685431420000,14_48_46_rtl_time_estimate_0.csv
96,out,geofence_result,1771685431668000,14_48_46_geofence_result_0.csv
96,out,navigator_status,1771685431768000,14_48_46_navigator_status_0.csv
96,out,geofence_result,1771685431924000,14_48_46_geofence_result_0.csv
96,out,geofence_result,1771685432172000,14_48_46_geofence_result_0.csv
96,out,navigator_status,1771685432272000,14_48_46_navigator_status_0.csv
96,out,geofence_result,1771685432428000,14_48_46_geofence_result_0.csv
96,out,geofence_result,1771685432676000,14_48_46_geofence_result_0.csv
96,out,navigator_status,1771685432776000,14_48_46_navigator_status_0.csv
96,out,geofence_result,1771685432932000,14_48_46_geofence_result_0.csv
96,out,geofence_result,1771685433180000,14_48_46_geofence_result_0.csv
96,out,navigator_status,1771685433280000,14_48_46_navigator_status_0.csv
96,out,geofence_result,1771685433436000,14_48_46_geofence_result_0.csv
96,out,rtl_status,1771685433436000,14_48_46_rtl_status_0.csv
96,out,rtl_time_estimate,1771685433436000,14_48_46_rtl_time_estimate_0.csv
96,out,geofence_result,1771685433684000,14_48_46_geofence_result_0.csv
96,out,navigator_status,1771685433784000,14_48_46_navigator_status_0.csv
96,out,geofence_result,1771685433940000,14_48_46_geofence_result_0.csv
96,out,geofence_result,1771685434188000,14_48_46_geofence_result_0.csv
96,out,navigator_status,1771685434288000,14_48_46_navigator_status_0.csv
96,out,geofence_result,1771685434444000,14_48_46_geofence_result_0.csv
96,out,geofence_result,1771685434692000,14_48_46_geofence_result_0.csv
96,out,navigator_status,1771685434792000,14_48_46_navigator_status_0.csv
96,out,geofence_result,1771685434948000,14_48_46_geofence_result_0.csv
96,out,geofence_result,1771685435196000,14_48_46_geofence_result_0.csv
96,out,navigator_status,1771685435296000,14_48_46_navigator_status_0.csv
96,out,geofence_result,1771685435452000,14_48_46_geofence_result_0.csv
96,out,rtl_status,1771685435452000,14_48_46_rtl_status_0.csv
96,out,rtl_time_estimate,1771685435452000,14_48_46_rtl_time_estimate_0.csv
96,out,geofence_result,1771685435700000,14_48_46_geofence_result_0.csv
96,out,navigator_status,1771685435800000,14_48_46_navigator_status_0.csv
96,out,geofence_result,1771685435956000,14_48_46_geofence_result_0.csv
96,out,geofence_result,1771685436204000,14_48_46_geofence_result_0.csv
96,out,navigator_status,1771685436304000,14_48_46_navigator_status_0.csv
96,out,geofence_result,1771685436460000,14_48_46_geofence_result_0.csv
96,out,geofence_result,1771685436708000,14_48_46_geofence_result_0.csv
96,out,navigator_status,1771685436808000,14_48_46_navigator_status_0.csv
96,out,geofence_result,1771685436964000,14_48_46_geofence_result_0.csv
96,out,geofence_result,1771685437212000,14_48_46_geofence_result_0.csv
96,out,navigator_status,1771685437312000,14_48_46_navigator_status_0.csv
96,out,geofence_result,1771685437468000,14_48_46_geofence_result_0.csv
96,out,rtl_status,1771685437468000,14_48_46_rtl_status_0.csv
96,out,rtl_time_estimate,1771685437468000,14_48_46_rtl_time_estimate_0.csv
96,out,mission_result,1771685437516000,14_48_46_mission_result_0.csv
96,out,navigator_mission_item,1771685437516000,14_48_46_navigator_mission_item_0.csv
96,out,position_setpoint_triplet,1771685437516000,14_48_46_position_setpoint_triplet_0.csv
96,out,navigator_status,1771685437552000,14_48_46_navigator_status_0.csv
96,out,position_setpoint_triplet,1771685437552000,14_48_46_position_setpoint_triplet_0.csv
96,out,rtl_status,1771685437552000,14_48_46_rtl_status_0.csv
96,out,vehicle_command,1771685437552000,14_48_46_vehicle_command_0.csv
96,out,vehicle_command,1771685437552000,14_48_46_vehicle_command_0.csv
96,out,vehicle_command,1771685437552000,14_48_46_vehicle_command_0.csv
96,out,vehicle_command,1771685437552000,14_48_46_vehicle_command_0.csv
96,out,vehicle_command,1771685437552000,14_48_46_vehicle_command_0.csv
96,out,vehicle_command,1771685437552000,14_48_46_vehicle_command_0.csv
96,out,navigator_mission_item,1771685437564000,14_48_46_navigator_mission_item_0.csv
96,out,position_setpoint_triplet,1771685437564000,14_48_46_position_setpoint_triplet_0.csv
96,out,navigator_mission_item,1771685437620000,14_48_46_navigator_mission_item_0.csv
96,out,position_setpoint_triplet,1771685437620000,14_48_46_position_setpoint_triplet_0.csv
96,out,geofence_result,1771685437716000,14_48_46_geofence_result_0.csv
96,out,geofence_result,1771685437964000,14_48_46_geofence_result_0.csv
96,out,navigator_status,1771685438068000,14_48_46_navigator_status_0.csv
96,out,geofence_result,1771685438220000,14_48_46_geofence_result_0.csv
96,out,geofence_result,1771685438468000,14_48_46_geofence_result_0.csv
96,out,navigator_status,1771685438572000,14_48_46_navigator_status_0.csv
96,out,geofence_result,1771685438676000,14_48_46_geofence_result_0.csv
96,out,geofence_result,1771685438924000,14_48_46_geofence_result_0.csv
96,out,navigator_status,1771685439076000,14_48_46_navigator_status_0.csv
96,out,geofence_result,1771685439172000,14_48_46_geofence_result_0.csv
96,out,geofence_result,1771685439428000,14_48_46_geofence_result_0.csv
96,out,rtl_time_estimate,1771685439476000,14_48_46_rtl_time_estimate_0.csv
96,out,navigator_status,1771685439580000,14_48_46_navigator_status_0.csv
96,out,geofence_result,1771685439636000,14_48_46_geofence_result_0.csv
96,out,geofence_result,1771685439884000,14_48_46_geofence_result_0.csv
96,out,navigator_status,1771685440084000,14_48_46_navigator_status_0.csv
96,out,geofence_result,1771685440132000,14_48_46_geofence_result_0.csv
96,out,geofence_result,1771685440380000,14_48_46_geofence_result_0.csv
96,out,geofence_result,1771685440588000,14_48_46_geofence_result_0.csv
96,out,navigator_status,1771685440588000,14_48_46_navigator_status_0.csv
96,out,geofence_result,1771685440844000,14_48_46_geofence_result_0.csv
96,out,geofence_result,1771685441092000,14_48_46_geofence_result_0.csv
96,out,navigator_status,1771685441092000,14_48_46_navigator_status_0.csv
96,out,geofence_result,1771685441340000,14_48_46_geofence_result_0.csv
96,out,rtl_time_estimate,1771685441492000,14_48_46_rtl_time_estimate_0.csv
96,out,geofence_result,1771685441588000,14_48_46_geofence_result_0.csv
96,out,navigator_status,1771685441596000,14_48_46_navigator_status_0.csv
96,out,geofence_result,1771685441796000,14_48_46_geofence_result_0.csv
96,out,geofence_result,1771685442052000,14_48_46_geofence_result_0.csv
96,out,navigator_status,1771685442100000,14_48_46_navigator_status_0.csv
96,out,geofence_result,1771685442300000,14_48_46_geofence_result_0.csv
96,out,geofence_result,1771685442548000,14_48_46_geofence_result_0.csv
96,out,navigator_status,1771685442604000,14_48_46_navigator_status_0.csv
96,out,geofence_result,1771685442756000,14_48_46_geofence_result_0.csv
96,out,geofence_result,1771685443004000,14_48_46_geofence_result_0.csv
96,out,navigator_status,1771685443108000,14_48_46_navigator_status_0.csv
96,out,geofence_result,1771685443260000,14_48_46_geofence_result_0.csv
96,out,geofence_result,1771685443508000,14_48_46_geofence_result_0.csv
96,out,rtl_time_estimate,1771685443508000,14_48_46_rtl_time_estimate_0.csv
96,out,navigator_status,1771685443612000,14_48_46_navigator_status_0.csv
96,out,geofence_result,1771685443716000,14_48_46_geofence_result_0.csv
96,out,geofence_result,1771685443964000,14_48_46_geofence_result_0.csv
96,out,navigator_status,1771685444116000,14_48_46_navigator_status_0.csv
96,out,geofence_result,1771685444212000,14_48_46_geofence_result_0.csv
96,out,geofence_result,1771685444468000,14_48_46_geofence_result_0.csv
96,out,navigator_status,1771685444620000,14_48_46_navigator_status_0.csv
96,out,geofence_result,1771685444676000,14_48_46_geofence_result_0.csv
96,out,geofence_result,1771685444924000,14_48_46_geofence_result_0.csv
96,out,navigator_status,1771685445124000,14_48_46_navigator_status_0.csv
96,out,geofence_result,1771685445172000,14_48_46_geofence_result_0.csv
96,out,geofence_result,1771685445420000,14_48_46_geofence_result_0.csv
96,out,rtl_time_estimate,1771685445524000,14_48_46_rtl_time_estimate_0.csv
96,out,geofence_result,1771685445628000,14_48_46_geofence_result_0.csv
96,out,navigator_status,1771685445628000,14_48_46_navigator_status_0.csv
96,out,geofence_result,1771685445884000,14_48_46_geofence_result_0.csv
96,out,geofence_result,1771685446132000,14_48_46_geofence_result_0.csv
96,out,navigator_status,1771685446132000,14_48_46_navigator_status_0.csv
96,out,geofence_result,1771685446380000,14_48_46_geofence_result_0.csv
96,out,geofence_result,1771685446628000,14_48_46_geofence_result_0.csv
96,out,navigator_status,1771685446636000,14_48_46_navigator_status_0.csv
96,out,geofence_result,1771685446836000,14_48_46_geofence_result_0.csv
96,out,geofence_result,1771685447092000,14_48_46_geofence_result_0.csv
96,out,navigator_status,1771685447140000,14_48_46_navigator_status_0.csv
96,out,geofence_result,1771685447340000,14_48_46_geofence_result_0.csv
96,out,rtl_time_estimate,1771685447540000,14_48_46_rtl_time_estimate_0.csv
96,out,geofence_result,1771685447588000,14_48_46_geofence_result_0.csv
96,out,navigator_status,1771685447644000,14_48_46_navigator_status_0.csv
96,out,geofence_result,1771685447796000,14_48_46_geofence_result_0.csv
96,out,geofence_result,1771685448044000,14_48_46_geofence_result_0.csv
96,out,navigator_status,1771685448148000,14_48_46_navigator_status_0.csv
96,out,geofence_result,1771685448300000,14_48_46_geofence_result_0.csv
96,out,geofence_result,1771685448548000,14_48_46_geofence_result_0.csv
96,out,navigator_status,1771685448652000,14_48_46_navigator_status_0.csv
96,out,geofence_result,1771685448756000,14_48_46_geofence_result_0.csv
96,out,geofence_result,1771685449004000,14_48_46_geofence_result_0.csv
96,out,navigator_status,1771685449156000,14_48_46_navigator_status_0.csv
96,out,geofence_result,1771685449252000,14_48_46_geofence_result_0.csv
96,out,geofence_result,1771685449508000,14_48_46_geofence_result_0.csv
96,out,rtl_time_estimate,1771685449556000,14_48_46_rtl_time_estimate_0.csv
96,out,navigator_status,1771685449660000,14_48_46_navigator_status_0.csv
96,out,geofence_result,1771685449716000,14_48_46_geofence_result_0.csv
96,out,geofence_result,1771685449964000,14_48_46_geofence_result_0.csv
96,out,navigator_status,1771685450164000,14_48_46_navigator_status_0.csv
96,out,geofence_result,1771685450212000,14_48_46_geofence_result_0.csv
96,out,geofence_result,1771685450460000,14_48_46_geofence_result_0.csv
96,out,geofence_result,1771685450668000,14_48_46_geofence_result_0.csv
96,out,navigator_status,1771685450668000,14_48_46_navigator_status_0.csv
96,out,geofence_result,1771685450924000,14_48_46_geofence_result_0.csv
96,out,geofence_result,1771685451172000,14_48_46_geofence_result_0.csv
96,out,navigator_status,1771685451172000,14_48_46_navigator_status_0.csv
96,out,geofence_result,1771685451420000,14_48_46_geofence_result_0.csv
96,out,rtl_time_estimate,1771685451572000,14_48_46_rtl_time_estimate_0.csv
96,out,geofence_result,1771685451668000,14_48_46_geofence_result_0.csv
96,out,navigator_status,1771685451676000,14_48_46_navigator_status_0.csv
96,out,geofence_result,1771685451876000,14_48_46_geofence_result_0.csv
96,out,geofence_result,1771685452132000,14_48_46_geofence_result_0.csv
96,out,navigator_status,1771685452180000,14_48_46_navigator_status_0.csv
96,out,geofence_result,1771685452380000,14_48_46_geofence_result_0.csv
96,out,geofence_result,1771685452628000,14_48_46_geofence_result_0.csv
96,out,navigator_status,1771685452684000,14_48_46_navigator_status_0.csv
96,out,geofence_result,1771685452836000,14_48_46_geofence_result_0.csv
96,out,geofence_result,1771685453084000,14_48_46_geofence_result_0.csv
96,out,navigator_status,1771685453188000,14_48_46_navigator_status_0.csv
96,out,geofence_result,1771685453340000,14_48_46_geofence_result_0.csv
96,out,geofence_result,1771685453588000,14_48_46_geofence_result_0.csv
96,out,rtl_time_estimate,1771685453588000,14_48_46_rtl_time_estimate_0.csv
96,out,navigator_status,1771685453692000,14_48_46_navigator_status_0.csv
96,out,geofence_result,1771685453796000,14_48_46_geofence_result_0.csv
96,out,geofence_result,1771685454044000,14_48_46_geofence_result_0.csv
96,out,navigator_status,1771685454196000,14_48_46_navigator_status_0.csv
96,out,geofence_result,1771685454292000,14_48_46_geofence_result_0.csv
96,out,geofence_result,1771685454548000,14_48_46_geofence_result_0.csv
96,out,navigator_status,1771685454700000,14_48_46_navigator_status_0.csv
96,out,geofence_result,1771685454756000,14_48_46_geofence_result_0.csv
96,out,geofence_result,1771685455004000,14_48_46_geofence_result_0.csv
96,out,navigator_status,1771685455204000,14_48_46_navigator_status_0.csv
96,out,geofence_result,1771685455252000,14_48_46_geofence_result_0.csv
96,out,geofence_result,1771685455500000,14_48_46_geofence_result_0.csv
96,out,rtl_time_estimate,1771685455604000,14_48_46_rtl_time_estimate_0.csv
96,out,geofence_result,1771685455708000,14_48_46_geofence_result_0.csv
96,out,navigator_status,1771685455708000,14_48_46_navigator_status_0.csv
96,out,geofence_result,1771685455964000,14_48_46_geofence_result_0.csv
96,out,geofence_result,1771685456212000,14_48_46_geofence_result_0.csv
96,out,navigator_status,1771685456212000,14_48_46_navigator_status_0.csv
96,out,geofence_result,1771685456460000,14_48_46_geofence_result_0.csv
96,out,geofence_result,1771685456708000,14_48_46_geofence_result_0.csv
96,out,navigator_status,1771685456716000,14_48_46_navigator_status_0.csv
96,out,geofence_result,1771685456916000,14_48_46_geofence_result_0.csv
96,out,geofence_result,1771685457172000,14_48_46_geofence_result_0.csv
96,out,navigator_status,1771685457220000,14_48_46_navigator_status_0.csv
96,out,geofence_result,1771685457420000,14_48_46_geofence_result_0.csv
96,out,rtl_time_estimate,1771685457620000,14_48_46_rtl_time_estimate_0.csv
96,out,geofence_result,1771685457668000,14_48_46_geofence_result_0.csv
96,out,navigator_status,1771685457724000,14_48_46_navigator_status_0.csv
96,out,geofence_result,1771685457876000,14_48_46_geofence_result_0.csv
96,out,geofence_result,1771685458124000,14_48_46_geofence_result_0.csv
96,out,navigator_status,1771685458228000,14_48_46_navigator_status_0.csv
96,out,geofence_result,1771685458380000,14_48_46_geofence_result_0.csv
96,out,geofence_result,1771685458628000,14_48_46_geofence_result_0.csv
96,out,navigator_status,1771685458732000,14_48_46_navigator_status_0.csv
96,out,geofence_result,1771685458836000,14_48_46_geofence_result_0.csv
96,out,geofence_result,1771685459084000,14_48_46_geofence_result_0.csv
96,out,navigator_status,1771685459236000,14_48_46_navigator_status_0.csv
96,out,geofence_result,1771685459332000,14_48_46_geofence_result_0.csv
96,out,geofence_result,1771685459588000,14_48_46_geofence_result_0.csv
96,out,rtl_time_estimate,1771685459636000,14_48_46_rtl_time_estimate_0.csv
96,out,navigator_status,1771685459740000,14_48_46_navigator_status_0.csv
96,out,geofence_result,1771685459796000,14_48_46_geofence_result_0.csv
96,out,geofence_result,1771685460044000,14_48_46_geofence_result_0.csv
96,out,navigator_status,1771685460244000,14_48_46_navigator_status_0.csv
96,out,geofence_result,1771685460292000,14_48_46_geofence_result_0.csv
96,out,geofence_result,1771685460540000,14_48_46_geofence_result_0.csv
96,out,geofence_result,1771685460748000,14_48_46_geofence_result_0.csv
96,out,navigator_status,1771685460748000,14_48_46_navigator_status_0.csv
96,out,geofence_result,1771685461004000,14_48_46_geofence_result_0.csv
96,out,geofence_result,1771685461252000,14_48_46_geofence_result_0.csv
96,out,navigator_status,1771685461252000,14_48_46_navigator_status_0.csv
96,out,geofence_result,1771685461500000,14_48_46_geofence_result_0.csv
96,out,rtl_time_estimate,1771685461652000,14_48_46_rtl_time_estimate_0.csv
96,out,geofence_result,1771685461748000,14_48_46_geofence_result_0.csv
96,out,navigator_status,1771685461756000,14_48_46_navigator_status_0.csv
96,out,geofence_result,1771685461956000,14_48_46_geofence_result_0.csv
96,out,geofence_result,1771685462212000,14_48_46_geofence_result_0.csv
96,out,navigator_status,1771685462260000,14_48_46_navigator_status_0.csv
96,out,geofence_result,1771685462460000,14_48_46_geofence_result_0.csv
96,out,geofence_result,1771685462708000,14_48_46_geofence_result_0.csv
96,out,navigator_status,1771685462764000,14_48_46_navigator_status_0.csv
96,out,geofence_result,1771685462916000,14_48_46_geofence_result_0.csv
96,out,geofence_result,1771685463164000,14_48_46_geofence_result_0.csv
96,out,navigator_status,1771685463268000,14_48_46_navigator_status_0.csv
96,out,geofence_result,1771685463420000,14_48_46_geofence_result_0.csv
96,out,geofence_result,1771685463668000,14_48_46_geofence_result_0.csv
96,out,rtl_time_estimate,1771685463668000,14_48_46_rtl_time_estimate_0.csv
96,out,navigator_status,1771685463772000,14_48_46_navigator_status_0.csv
96,out,geofence_result,1771685463876000,14_48_46_geofence_result_0.csv
96,out,geofence_result,1771685464124000,14_48_46_geofence_result_0.csv
96,out,navigator_status,1771685464276000,14_48_46_navigator_status_0.csv
96,out,geofence_result,1771685464372000,14_48_46_geofence_result_0.csv
96,out,geofence_result,1771685464628000,14_48_46_geofence_result_0.csv
96,out,navigator_status,1771685464780000,14_48_46_navigator_status_0.csv
96,out,geofence_result,1771685464836000,14_48_46_geofence_result_0.csv
96,out,geofence_result,1771685465084000,14_48_46_geofence_result_0.csv
96,out,navigator_status,1771685465284000,14_48_46_navigator_status_0.csv
96,out,geofence_result,1771685465332000,14_48_46_geofence_result_0.csv
96,out,geofence_result,1771685465580000,14_48_46_geofence_result_0.csv
96,out,rtl_time_estimate,1771685465684000,14_48_46_rtl_time_estimate_0.csv
96,out,geofence_result,1771685465788000,14_48_46_geofence_result_0.csv
96,out,navigator_status,1771685465788000,14_48_46_navigator_status_0.csv
96,out,geofence_result,1771685466044000,14_48_46_geofence_result_0.csv
96,out,geofence_result,1771685466292000,14_48_46_geofence_result_0.csv
96,out,navigator_status,1771685466292000,14_48_46_navigator_status_0.csv
96,out,geofence_result,1771685466540000,14_48_46_geofence_result_0.csv
96,out,geofence_result,1771685466788000,14_48_46_geofence_result_0.csv
96,out,navigator_status,1771685466796000,14_48_46_navigator_status_0.csv
96,out,geofence_result,1771685466996000,14_48_46_geofence_result_0.csv
96,out,geofence_result,1771685467252000,14_48_46_geofence_result_0.csv
96,out,navigator_status,1771685467300000,14_48_46_navigator_status_0.csv
96,out,geofence_result,1771685467500000,14_48_46_geofence_result_0.csv
96,out,rtl_time_estimate,1771685467700000,14_48_46_rtl_time_estimate_0.csv
96,out,geofence_result,1771685467748000,14_48_46_geofence_result_0.csv
96,out,navigator_status,1771685467804000,14_48_46_navigator_status_0.csv
96,out,geofence_result,1771685467956000,14_48_46_geofence_result_0.csv
96,out,geofence_result,1771685468204000,14_48_46_geofence_result_0.csv
96,out,navigator_status,1771685468308000,14_48_46_navigator_status_0.csv
96,out,geofence_result,1771685468460000,14_48_46_geofence_result_0.csv
96,out,geofence_result,1771685468708000,14_48_46_geofence_result_0.csv
96,out,navigator_status,1771685468812000,14_48_46_navigator_status_0.csv
96,out,geofence_result,1771685468916000,14_48_46_geofence_result_0.csv
96,out,geofence_result,1771685469164000,14_48_46_geofence_result_0.csv
96,out,navigator_status,1771685469316000,14_48_46_navigator_status_0.csv
96,out,geofence_result,1771685469412000,14_48_46_geofence_result_0.csv
96,out,geofence_result,1771685469668000,14_48_46_geofence_result_0.csv
96,out,rtl_time_estimate,1771685469716000,14_48_46_rtl_time_estimate_0.csv
96,out,navigator_status,1771685469820000,14_48_46_navigator_status_0.csv
96,out,geofence_result,1771685469876000,14_48_46_geofence_result_0.csv
96,out,geofence_result,1771685470124000,14_48_46_geofence_result_0.csv
96,out,navigator_status,1771685470324000,14_48_46_navigator_status_0.csv
96,out,geofence_result,1771685470372000,14_48_46_geofence_result_0.csv
96,out,geofence_result,1771685470620000,14_48_46_geofence_result_0.csv
96,out,geofence_result,1771685470828000,14_48_46_geofence_result_0.csv
96,out,navigator_status,1771685470828000,14_48_46_navigator_status_0.csv
96,out,geofence_result,1771685471084000,14_48_46_geofence_result_0.csv
96,out,geofence_result,1771685471332000,14_48_46_geofence_result_0.csv
96,out,navigator_status,1771685471332000,14_48_46_navigator_status_0.csv
96,out,geofence_result,1771685471580000,14_48_46_geofence_result_0.csv
96,out,rtl_time_estimate,1771685471732000,14_48_46_rtl_time_estimate_0.csv
96,out,geofence_result,1771685471828000,14_48_46_geofence_result_0.csv
96,out,navigator_status,1771685471836000,14_48_46_navigator_status_0.csv
96,out,geofence_result,1771685472036000,14_48_46_geofence_result_0.csv
96,out,geofence_result,1771685472292000,14_48_46_geofence_result_0.csv
96,out,navigator_status,1771685472340000,14_48_46_navigator_status_0.csv
96,out,geofence_result,1771685472540000,14_48_46_geofence_result_0.csv
96,out,geofence_result,1771685472788000,14_48_46_geofence_result_0.csv
96,out,navigator_status,1771685472844000,14_48_46_navigator_status_0.csv
96,out,geofence_result,1771685472996000,14_48_46_geofence_result_0.csv
96,out,geofence_result,1771685473244000,14_48_46_geofence_result_0.csv
96,out,navigator_status,1771685473348000,14_48_46_navigator_status_0.csv
96,out,geofence_result,1771685473500000,14_48_46_geofence_result_0.csv
96,out,geofence_result,1771685473748000,14_48_46_geofence_result_0.csv
96,out,rtl_time_estimate,1771685473748000,14_48_46_rtl_time_estimate_0.csv
96,out,navigator_status,1771685473852000,14_48_46_navigator_status_0.csv
96,out,geofence_result,1771685473956000,14_48_46_geofence_result_0.csv
96,out,geofence_result,1771685474204000,14_48_46_geofence_result_0.csv
96,out,navigator_status,1771685474356000,14_48_46_navigator_status_0.csv
96,out,geofence_result,1771685474452000,14_48_46_geofence_result_0.csv
96,out,geofence_result,1771685474708000,14_48_46_geofence_result_0.csv
96,out,navigator_status,1771685474860000,14_48_46_navigator_status_0.csv
96,out,geofence_result,1771685474916000,14_48_46_geofence_result_0.csv
96,out,geofence_result,1771685475164000,14_48_46_geofence_result_0.csv
96,out,navigator_status,1771685475364000,14_48_46_navigator_status_0.csv
96,out,geofence_result,1771685475412000,14_48_46_geofence_result_0.csv
96,out,geofence_result,1771685475660000,14_48_46_geofence_result_0.csv
96,out,rtl_time_estimate,1771685475764000,14_48_46_rtl_time_estimate_0.csv
96,out,geofence_result,1771685475868000,14_48_46_geofence_result_0.csv
96,out,navigator_status,1771685475868000,14_48_46_navigator_status_0.csv
96,out,geofence_result,1771685476124000,14_48_46_geofence_result_0.csv
96,out,geofence_result,1771685476372000,14_48_46_geofence_result_0.csv
96,out,navigator_status,1771685476372000,14_48_46_navigator_status_0.csv
96,out,geofence_result,1771685476620000,14_48_46_geofence_result_0.csv
96,out,geofence_result,1771685476868000,14_48_46_geofence_result_0.csv
96,out,navigator_status,1771685476876000,14_48_46_navigator_status_0.csv
96,out,geofence_result,1771685477076000,14_48_46_geofence_result_0.csv
96,out,geofence_result,1771685477332000,14_48_46_geofence_result_0.csv
96,out,navigator_status,1771685477380000,14_48_46_navigator_status_0.csv
96,out,geofence_result,1771685477580000,14_48_46_geofence_result_0.csv
96,out,rtl_time_estimate,1771685477780000,14_48_46_rtl_time_estimate_0.csv
96,out,geofence_result,1771685477828000,14_48_46_geofence_result_0.csv
96,out,navigator_status,1771685477884000,14_48_46_navigator_status_0.csv
96,out,geofence_result,1771685478036000,14_48_46_geofence_result_0.csv
96,out,geofence_result,1771685478284000,14_48_46_geofence_result_0.csv
96,out,navigator_status,1771685478388000,14_48_46_navigator_status_0.csv
96,out,geofence_result,1771685478540000,14_48_46_geofence_result_0.csv
96,out,geofence_result,1771685478788000,14_48_46_geofence_result_0.csv
96,out,navigator_status,1771685478892000,14_48_46_navigator_status_0.csv
96,out,geofence_result,1771685478996000,14_48_46_geofence_result_0.csv
96,out,geofence_result,1771685479244000,14_48_46_geofence_result_0.csv
96,out,navigator_status,1771685479396000,14_48_46_navigator_status_0.csv
96,out,geofence_result,1771685479492000,14_48_46_geofence_result_0.csv
96,out,geofence_result,1771685479748000,14_48_46_geofence_result_0.csv
96,out,rtl_time_estimate,1771685479796000,14_48_46_rtl_time_estimate_0.csv
96,out,navigator_status,1771685479900000,14_48_46_navigator_status_0.csv
96,out,geofence_result,1771685479956000,14_48_46_geofence_result_0.csv
96,out,distance_sensor_mode_change_request,1771685480052000,14_48_46_distance_sensor_mode_change_request_0.csv
96,out,navigator_mission_item,1771685480052000,14_48_46_navigator_mission_item_0.csv
96,out,position_setpoint_triplet,1771685480052000,14_48_46_position_setpoint_triplet_0.csv
96,out,geofence_result,1771685480204000,14_48_46_geofence_result_0.csv
96,out,navigator_status,1771685480404000,14_48_46_navigator_status_0.csv
96,out,geofence_result,1771685480452000,14_48_46_geofence_result_0.csv
96,out,geofence_result,1771685480700000,14_48_46_geofence_result_0.csv
96,out,geofence_result,1771685480908000,14_48_46_geofence_result_0.csv
96,out,navigator_status,1771685480908000,14_48_46_navigator_status_0.csv
96,out,geofence_result,1771685481164000,14_48_46_geofence_result_0.csv
96,out,geofence_result,1771685481412000,14_48_46_geofence_result_0.csv
96,out,navigator_status,1771685481412000,14_48_46_navigator_status_0.csv
96,out,geofence_result,1771685481660000,14_48_46_geofence_result_0.csv
96,out,rtl_time_estimate,1771685481812000,14_48_46_rtl_time_estimate_0.csv
96,out,geofence_result,1771685481908000,14_48_46_geofence_result_0.csv
96,out,navigator_status,1771685481916000,14_48_46_navigator_status_0.csv
96,out,geofence_result,1771685482116000,14_48_46_geofence_result_0.csv
96,out,geofence_result,1771685482372000,14_48_46_geofence_result_0.csv
96,out,navigator_status,1771685482420000,14_48_46_navigator_status_0.csv
96,out,geofence_result,1771685482620000,14_48_46_geofence_result_0.csv
96,out,geofence_result,1771685482868000,14_48_46_geofence_result_0.csv
96,out,navigator_status,1771685482924000,14_48_46_navigator_status_0.csv
96,out,geofence_result,1771685483076000,14_48_46_geofence_result_0.csv
96,out,geofence_result,1771685483324000,14_48_46_geofence_result_0.csv
96,out,navigator_status,1771685483428000,14_48_46_navigator_status_0.csv
96,out,geofence_result,1771685483580000,14_48_46_geofence_result_0.csv
96,out,geofence_result,1771685483828000,14_48_46_geofence_result_0.csv
96,out,rtl_time_estimate,1771685483828000,14_48_46_rtl_time_estimate_0.csv
96,out,navigator_status,1771685483932000,14_48_46_navigator_status_0.csv
96,out,geofence_result,1771685484036000,14_48_46_geofence_result_0.csv
96,out,geofence_result,1771685484284000,14_48_46_geofence_result_0.csv
96,out,navigator_status,1771685484436000,14_48_46_navigator_status_0.csv
96,out,geofence_result,1771685484532000,14_48_46_geofence_result_0.csv
96,out,geofence_result,1771685484788000,14_48_46_geofence_result_0.csv
96,out,navigator_status,1771685484940000,14_48_46_navigator_status_0.csv
96,out,geofence_result,1771685484996000,14_48_46_geofence_result_0.csv
96,out,geofence_result,1771685485244000,14_48_46_geofence_result_0.csv
96,out,navigator_status,1771685485444000,14_48_46_navigator_status_0.csv
96,out,geofence_result,1771685485492000,14_48_46_geofence_result_0.csv
96,out,geofence_result,1771685485740000,14_48_46_geofence_result_0.csv
96,out,rtl_time_estimate,1771685485844000,14_48_46_rtl_time_estimate_0.csv
96,out,geofence_result,1771685485948000,14_48_46_geofence_result_0.csv
96,out,navigator_status,1771685485948000,14_48_46_navigator_status_0.csv
96,out,geofence_result,1771685486204000,14_48_46_geofence_result_0.csv
96,out,geofence_result,1771685486452000,14_48_46_geofence_result_0.csv
96,out,navigator_status,1771685486452000,14_48_46_navigator_status_0.csv
96,out,geofence_result,1771685486700000,14_48_46_geofence_result_0.csv
96,out,geofence_result,1771685486948000,14_48_46_geofence_result_0.csv
96,out,navigator_status,1771685486956000,14_48_46_navigator_status_0.csv
96,out,geofence_result,1771685487156000,14_48_46_geofence_result_0.csv
96,out,geofence_result,1771685487412000,14_48_46_geofence_result_0.csv
96,out,navigator_status,1771685487460000,14_48_46_navigator_status_0.csv
96,out,geofence_result,1771685487660000,14_48_46_geofence_result_0.csv
96,out,rtl_time_estimate,1771685487860000,14_48_46_rtl_time_estimate_0.csv
96,out,geofence_result,1771685487908000,14_48_46_geofence_result_0.csv
96,out,navigator_status,1771685487964000,14_48_46_navigator_status_0.csv
96,out,geofence_result,1771685488116000,14_48_46_geofence_result_0.csv
96,out,geofence_result,1771685488364000,14_48_46_geofence_result_0.csv
96,out,navigator_status,1771685488468000,14_48_46_navigator_status_0.csv
96,out,geofence_result,1771685488620000,14_48_46_geofence_result_0.csv
96,out,geofence_result,1771685488868000,14_48_46_geofence_result_0.csv
96,out,navigator_status,1771685488972000,14_48_46_navigator_status_0.csv
96,out,geofence_result,1771685489076000,14_48_46_geofence_result_0.csv
96,out,geofence_result,1771685489324000,14_48_46_geofence_result_0.csv
96,out,navigator_status,1771685489476000,14_48_46_navigator_status_0.csv
96,out,geofence_result,1771685489572000,14_48_46_geofence_result_0.csv
96,out,geofence_result,1771685489828000,14_48_46_geofence_result_0.csv
96,out,rtl_time_estimate,1771685489876000,14_48_46_rtl_time_estimate_0.csv
96,out,navigator_status,1771685489980000,14_48_46_navigator_status_0.csv
96,out,geofence_result,1771685490036000,14_48_46_geofence_result_0.csv
96,out,geofence_result,1771685490284000,14_48_46_geofence_result_0.csv
96,out,navigator_status,1771685490484000,14_48_46_navigator_status_0.csv
96,out,geofence_result,1771685490532000,14_48_46_geofence_result_0.csv
96,out,geofence_result,1771685490780000,14_48_46_geofence_result_0.csv
96,out,geofence_result,1771685490988000,14_48_46_geofence_result_0.csv
96,out,navigator_status,1771685490988000,14_48_46_navigator_status_0.csv
96,out,geofence_result,1771685491244000,14_48_46_geofence_result_0.csv
96,out,geofence_result,1771685491492000,14_48_46_geofence_result_0.csv
96,out,navigator_status,1771685491492000,14_48_46_navigator_status_0.csv
96,out,geofence_result,1771685491740000,14_48_46_geofence_result_0.csv
96,out,rtl_time_estimate,1771685491892000,14_48_46_rtl_time_estimate_0.csv
96,out,geofence_result,1771685491988000,14_48_46_geofence_result_0.csv
96,out,navigator_status,1771685491996000,14_48_46_navigator_status_0.csv
96,out,geofence_result,1771685492196000,14_48_46_geofence_result_0.csv
96,out,geofence_result,1771685492452000,14_48_46_geofence_result_0.csv
96,out,navigator_status,1771685492500000,14_48_46_navigator_status_0.csv
96,out,geofence_result,1771685492700000,14_48_46_geofence_result_0.csv
96,out,geofence_result,1771685492948000,14_48_46_geofence_result_0.csv
96,out,navigator_status,1771685493004000,14_48_46_navigator_status_0.csv
96,out,geofence_result,1771685493156000,14_48_46_geofence_result_0.csv
96,out,geofence_result,1771685493404000,14_48_46_geofence_result_0.csv
96,out,navigator_status,1771685493508000,14_48_46_navigator_status_0.csv
96,out,geofence_result,1771685493660000,14_48_46_geofence_result_0.csv
96,out,geofence_result,1771685493908000,14_48_46_geofence_result_0.csv
96,out,rtl_time_estimate,1771685493908000,14_48_46_rtl_time_estimate_0.csv
96,out,navigator_status,1771685494012000,14_48_46_navigator_status_0.csv
96,out,geofence_result,1771685494116000,14_48_46_geofence_result_0.csv
96,out,geofence_result,1771685494364000,14_48_46_geofence_result_0.csv
96,out,navigator_status,1771685494516000,14_48_46_navigator_status_0.csv
96,out,geofence_result,1771685494612000,14_48_46_geofence_result_0.csv
96,out,geofence_result,1771685494868000,14_48_46_geofence_result_0.csv
96,out,navigator_status,1771685495020000,14_48_46_navigator_status_0.csv
96,out,geofence_result,1771685495076000,14_48_46_geofence_result_0.csv
96,out,geofence_result,1771685495324000,14_48_46_geofence_result_0.csv
96,out,navigator_status,1771685495524000,14_48_46_navigator_status_0.csv
96,out,geofence_result,1771685495572000,14_48_46_geofence_result_0.csv
96,out,geofence_result,1771685495820000,14_48_46_geofence_result_0.csv
96,out,rtl_time_estimate,1771685495924000,14_48_46_rtl_time_estimate_0.csv
96,out,geofence_result,1771685496028000,14_48_46_geofence_result_0.csv
96,out,navigator_status,1771685496028000,14_48_46_navigator_status_0.csv
96,out,geofence_result,1771685496284000,14_48_46_geofence_result_0.csv
96,out,geofence_result,1771685496532000,14_48_46_geofence_result_0.csv
96,out,navigator_status,1771685496532000,14_48_46_navigator_status_0.csv
96,out,geofence_result,1771685496780000,14_48_46_geofence_result_0.csv
96,out,geofence_result,1771685497028000,14_48_46_geofence_result_0.csv
96,out,navigator_status,1771685497036000,14_48_46_navigator_status_0.csv
96,out,geofence_result,1771685497236000,14_48_46_geofence_result_0.csv
96,out,geofence_result,1771685497492000,14_48_46_geofence_result_0.csv
96,out,navigator_status,1771685497540000,14_48_46_navigator_status_0.csv
96,out,geofence_result,1771685497740000,14_48_46_geofence_result_0.csv
96,out,rtl_time_estimate,1771685497940000,14_48_46_rtl_time_estimate_0.csv
96,out,geofence_result,1771685497988000,14_48_46_geofence_result_0.csv
96,out,navigator_status,1771685498044000,14_48_46_navigator_status_0.csv
96,out,geofence_result,1771685498196000,14_48_46_geofence_result_0.csv
96,out,geofence_result,1771685498444000,14_48_46_geofence_result_0.csv
96,out,navigator_status,1771685498548000,14_48_46_navigator_status_0.csv
96,out,geofence_result,1771685498700000,14_48_46_geofence_result_0.csv
96,out,geofence_result,1771685498948000,14_48_46_geofence_result_0.csv
96,out,navigator_status,1771685499052000,14_48_46_navigator_status_0.csv
96,out,geofence_result,1771685499156000,14_48_46_geofence_result_0.csv
96,out,geofence_result,1771685499404000,14_48_46_geofence_result_0.csv
96,out,navigator_status,1771685499556000,14_48_46_navigator_status_0.csv
96,out,geofence_result,1771685499652000,14_48_46_geofence_result_0.csv
96,out,geofence_result,1771685499908000,14_48_46_geofence_result_0.csv
96,out,rtl_time_estimate,1771685499956000,14_48_46_rtl_time_estimate_0.csv
96,out,navigator_status,1771685500060000,14_48_46_navigator_status_0.csv
96,out,geofence_result,1771685500116000,14_48_46_geofence_result_0.csv
96,out,geofence_result,1771685500364000,14_48_46_geofence_result_0.csv
96,out,navigator_status,1771685500564000,14_48_46_navigator_status_0.csv
96,out,geofence_result,1771685500612000,14_48_46_geofence_result_0.csv
96,out,geofence_result,1771685500860000,14_48_46_geofence_result_0.csv
96,out,geofence_result,1771685501068000,14_48_46_geofence_result_0.csv
96,out,navigator_status,1771685501068000,14_48_46_navigator_status_0.csv
96,out,geofence_result,1771685501324000,14_48_46_geofence_result_0.csv
96,out,geofence_result,1771685501572000,14_48_46_geofence_result_0.csv
96,out,navigator_status,1771685501572000,14_48_46_navigator_status_0.csv
96,out,geofence_result,1771685501820000,14_48_46_geofence_result_0.csv
96,out,rtl_time_estimate,1771685501972000,14_48_46_rtl_time_estimate_0.csv
96,out,geofence_result,1771685502068000,14_48_46_geofence_result_0.csv
96,out,navigator_status,1771685502076000,14_48_46_navigator_status_0.csv
96,out,geofence_result,1771685502276000,14_48_46_geofence_result_0.csv
96,out,geofence_result,1771685502532000,14_48_46_geofence_result_0.csv
96,out,navigator_status,1771685502580000,14_48_46_navigator_status_0.csv
96,out,geofence_result,1771685502780000,14_48_46_geofence_result_0.csv
96,out,geofence_result,1771685503028000,14_48_46_geofence_result_0.csv
96,out,navigator_status,1771685503084000,14_48_46_navigator_status_0.csv
96,out,geofence_result,1771685503236000,14_48_46_geofence_result_0.csv
96,out,geofence_result,1771685503484000,14_48_46_geofence_result_0.csv
96,out,navigator_status,1771685503588000,14_48_46_navigator_status_0.csv
96,out,geofence_result,1771685503740000,14_48_46_geofence_result_0.csv
96,out,geofence_result,1771685503988000,14_48_46_geofence_result_0.csv
96,out,rtl_time_estimate,1771685503988000,14_48_46_rtl_time_estimate_0.csv
96,out,navigator_status,1771685504092000,14_48_46_navigator_status_0.csv
96,out,geofence_result,1771685504196000,14_48_46_geofence_result_0.csv
96,out,geofence_result,1771685504444000,14_48_46_geofence_result_0.csv
96,out,navigator_status,1771685504596000,14_48_46_navigator_status_0.csv
96,out,geofence_result,1771685504692000,14_48_46_geofence_result_0.csv
96,out,geofence_result,1771685504948000,14_48_46_geofence_result_0.csv
96,out,navigator_status,1771685505100000,14_48_46_navigator_status_0.csv
96,out,geofence_result,1771685505156000,14_48_46_geofence_result_0.csv
96,out,geofence_result,1771685505404000,14_48_46_geofence_result_0.csv
96,out,navigator_status,1771685505604000,14_48_46_navigator_status_0.csv
96,out,geofence_result,1771685505652000,14_48_46_geofence_result_0.csv
96,out,geofence_result,1771685505900000,14_48_46_geofence_result_0.csv
96,out,rtl_time_estimate,1771685506004000,14_48_46_rtl_time_estimate_0.csv
96,out,geofence_result,1771685506108000,14_48_46_geofence_result_0.csv
96,out,navigator_status,1771685506108000,14_48_46_navigator_status_0.csv
96,out,geofence_result,1771685506364000,14_48_46_geofence_result_0.csv
96,out,geofence_result,1771685506612000,14_48_46_geofence_result_0.csv
96,out,navigator_status,1771685506612000,14_48_46_navigator_status_0.csv
96,out,geofence_result,1771685506860000,14_48_46_geofence_result_0.csv
96,out,geofence_result,1771685507108000,14_48_46_geofence_result_0.csv
96,out,navigator_status,1771685507116000,14_48_46_navigator_status_0.csv
96,out,geofence_result,1771685507316000,14_48_46_geofence_result_0.csv
96,out,geofence_result,1771685507572000,14_48_46_geofence_result_0.csv
96,out,navigator_status,1771685507620000,14_48_46_navigator_status_0.csv
96,out,geofence_result,1771685507820000,14_48_46_geofence_result_0.csv
96,out,rtl_time_estimate,1771685508020000,14_48_46_rtl_time_estimate_0.csv
96,out,geofence_result,1771685508068000,14_48_46_geofence_result_0.csv
96,out,navigator_status,1771685508124000,14_48_46_navigator_status_0.csv
96,out,geofence_result,1771685508276000,14_48_46_geofence_result_0.csv
96,out,geofence_result,1771685508524000,14_48_46_geofence_result_0.csv
96,out,navigator_status,1771685508628000,14_48_46_navigator_status_0.csv
96,out,geofence_result,1771685508780000,14_48_46_geofence_result_0.csv
96,out,geofence_result,1771685509028000,14_48_46_geofence_result_0.csv
96,out,navigator_status,1771685509132000,14_48_46_navigator_status_0.csv
96,out,geofence_result,1771685509236000,14_48_46_geofence_result_0.csv
96,out,geofence_result,1771685509484000,14_48_46_geofence_result_0.csv
96,out,navigator_status,1771685509636000,14_48_46_navigator_status_0.csv
96,out,geofence_result,1771685509732000,14_48_46_geofence_result_0.csv
96,out,geofence_result,1771685509988000,14_48_46_geofence_result_0.csv
96,out,rtl_time_estimate,1771685510036000,14_48_46_rtl_time_estimate_0.csv
96,out,navigator_status,1771685510140000,14_48_46_navigator_status_0.csv
96,out,geofence_result,1771685510196000,14_48_46_geofence_result_0.csv
96,out,geofence_result,1771685510444000,14_48_46_geofence_result_0.csv
96,out,navigator_status,1771685510644000,14_48_46_navigator_status_0.csv
96,out,geofence_result,1771685510692000,14_48_46_geofence_result_0.csv
96,out,geofence_result,1771685510940000,14_48_46_geofence_result_0.csv
96,in,topic_22,1771685511092000,14_48_46_subscription_info_0.csv
96,out,geofence_result,1771685511148000,14_48_46_geofence_result_0.csv
96,out,navigator_status,1771685511148000,14_48_46_navigator_status_0.csv
96,out,geofence_result,1771685511404000,14_48_46_geofence_result_0.csv
96,out,geofence_result,1771685511652000,14_48_46_geofence_result_0.csv
96,out,navigator_status,1771685511652000,14_48_46_navigator_status_0.csv
96,out,geofence_result,1771685511900000,14_48_46_geofence_result_0.csv
96,out,rtl_time_estimate,1771685512052000,14_48_46_rtl_time_estimate_0.csv
96,out,geofence_result,1771685512148000,14_48_46_geofence_result_0.csv
96,out,navigator_status,1771685512156000,14_48_46_navigator_status_0.csv
96,out,geofence_result,1771685512356000,14_48_46_geofence_result_0.csv
96,out,geofence_result,1771685512612000,14_48_46_geofence_result_0.csv
96,out,navigator_status,1771685512660000,14_48_46_navigator_status_0.csv
96,out,geofence_result,1771685512860000,14_48_46_geofence_result_0.csv
96,out,geofence_result,1771685513108000,14_48_46_geofence_result_0.csv
96,out,navigator_status,1771685513164000,14_48_46_navigator_status_0.csv
96,out,geofence_result,1771685513316000,14_48_46_geofence_result_0.csv
96,out,geofence_result,1771685513564000,14_48_46_geofence_result_0.csv
96,out,navigator_status,1771685513668000,14_48_46_navigator_status_0.csv
96,out,geofence_result,1771685513820000,14_48_46_geofence_result_0.csv
96,out,geofence_result,1771685514068000,14_48_46_geofence_result_0.csv
96,out,rtl_time_estimate,1771685514068000,14_48_46_rtl_time_estimate_0.csv
96,out,navigator_status,1771685514172000,14_48_46_navigator_status_0.csv
96,out,geofence_result,1771685514276000,14_48_46_geofence_result_0.csv
96,out,geofence_result,1771685514524000,14_48_46_geofence_result_0.csv
96,out,navigator_status,1771685514676000,14_48_46_navigator_status_0.csv
96,out,geofence_result,1771685514772000,14_48_46_geofence_result_0.csv
96,out,geofence_result,1771685515028000,14_48_46_geofence_result_0.csv
96,out,navigator_status,1771685515180000,14_48_46_navigator_status_0.csv
96,out,geofence_result,1771685515236000,14_48_46_geofence_result_0.csv
96,out,geofence_result,1771685515484000,14_48_46_geofence_result_0.csv
96,out,navigator_status,1771685515684000,14_48_46_navigator_status_0.csv
96,out,geofence_result,1771685515732000,14_48_46_geofence_result_0.csv
96,out,geofence_result,1771685515980000,14_48_46_geofence_result_0.csv
96,out,rtl_time_estimate,1771685516084000,14_48_46_rtl_time_estimate_0.csv
96,out,geofence_result,1771685516188000,14_48_46_geofence_result_0.csv
96,out,navigator_status,1771685516188000,14_48_46_navigator_status_0.csv
96,out,geofence_result,1771685516444000,14_48_46_geofence_result_0.csv
96,out,geofence_result,1771685516692000,14_48_46_geofence_result_0.csv
96,out,navigator_status,1771685516692000,14_48_46_navigator_status_0.csv
96,out,geofence_result,1771685516940000,14_48_46_geofence_result_0.csv
96,out,geofence_result,1771685517188000,14_48_46_geofence_result_0.csv
96,out,navigator_status,1771685517196000,14_48_46_navigator_status_0.csv
96,out,geofence_result,1771685517396000,14_48_46_geofence_result_0.csv
96,out,distance_sensor_mode_change_request,1771685517500000,14_48_46_distance_sensor_mode_change_request_0.csv
96,out,mode_completed,1771685517500000,14_48_46_mode_completed_0.csv
96,out,navigator_mission_item,1771685517500000,14_48_46_navigator_mission_item_0.csv
96,out,vehicle_command,1771685517500000,14_48_46_vehicle_command_0.csv
96,out,geofence_result,1771685517612000,14_48_46_geofence_result_0.csv
96,out,navigator_status,1771685517708000,14_48_46_navigator_status_0.csv
96,out,geofence_result,1771685517860000,14_48_46_geofence_result_0.csv
96,out,geofence_result,1771685518108000,14_48_46_geofence_result_0.csv
96,out,rtl_time_estimate,1771685518108000,14_48_46_rtl_time_estimate_0.csv
96,out,navigator_status,1771685518212000,14_48_46_navigator_status_0.csv
96,out,geofence_result,1771685518364000,14_48_46_geofence_result_0.csv
96,out,geofence_result,1771685518572000,14_48_46_geofence_result_0.csv
96,out,navigator_status,1771685518716000,14_48_46_navigator_status_0.csv
96,out,geofence_result,1771685518820000,14_48_46_geofence_result_0.csv
96,out,geofence_result,1771685519068000,14_48_46_geofence_result_0.csv
96,out,navigator_status,1771685519220000,14_48_46_navigator_status_0.csv
96,out,geofence_result,1771685519316000,14_48_46_geofence_result_0.csv
96,out,dataman_request,1771685519476000,14_48_46_dataman_request_0.csv
96,out,dataman_request,1771685519476000,14_48_46_dataman_request_0.csv
96,out,navigator_status,1771685519476000,14_48_46_navigator_status_0.csv
96,out,position_setpoint_triplet,1771685519476000,14_48_46_position_setpoint_triplet_0.csv
96,out,geofence_result,1771685519532000,14_48_46_geofence_result_0.csv
96,out,position_setpoint_triplet,1771685519532000,14_48_46_position_setpoint_triplet_0.csv
96,out,position_setpoint_triplet,1771685519580000,14_48_46_position_setpoint_triplet_0.csv
96,out,position_setpoint_triplet,1771685519628000,14_48_46_position_setpoint_triplet_0.csv
96,out,position_setpoint_triplet,1771685519676000,14_48_46_position_setpoint_triplet_0.csv
96,out,position_setpoint_triplet,1771685519732000,14_48_46_position_setpoint_triplet_0.csv
96,out,geofence_result,1771685519780000,14_48_46_geofence_result_0.csv
96,out,position_setpoint_triplet,1771685519780000,14_48_46_position_setpoint_triplet_0.csv
96,out,position_setpoint_triplet,1771685519828000,14_48_46_position_setpoint_triplet_0.csv
96,out,position_setpoint_triplet,1771685519876000,14_48_46_position_setpoint_triplet_0.csv
96,out,position_setpoint_triplet,1771685519932000,14_48_46_position_setpoint_triplet_0.csv
96,out,navigator_status,1771685519980000,14_48_46_navigator_status_0.csv
96,out,position_setpoint_triplet,1771685519980000,14_48_46_position_setpoint_triplet_0.csv
96,out,geofence_result,1771685520028000,14_48_46_geofence_result_0.csv
96,out,position_setpoint_triplet,1771685520028000,14_48_46_position_setpoint_triplet_0.csv
96,out,position_setpoint_triplet,1771685520076000,14_48_46_position_setpoint_triplet_0.csv
96,out,position_setpoint_triplet,1771685520132000,14_48_46_position_setpoint_triplet_0.csv
96,out,rtl_status,1771685520132000,14_48_46_rtl_status_0.csv
96,out,rtl_time_estimate,1771685520132000,14_48_46_rtl_time_estimate_0.csv
96,out,position_setpoint_triplet,1771685520180000,14_48_46_position_setpoint_triplet_0.csv
96,out,position_setpoint_triplet,1771685520228000,14_48_46_position_setpoint_triplet_0.csv
96,out,geofence_result,1771685520276000,14_48_46_geofence_result_0.csv
96,out,position_setpoint_triplet,1771685520276000,14_48_46_position_setpoint_triplet_0.csv
96,out,position_setpoint_triplet,1771685520332000,14_48_46_position_setpoint_triplet_0.csv
96,out,position_setpoint_triplet,1771685520380000,14_48_46_position_setpoint_triplet_0.csv
96,out,position_setpoint_triplet,1771685520428000,14_48_46_position_setpoint_triplet_0.csv
