timestamp,timestamp_sample,pub_timestamp,time_last_fuse,device_id,observation,observation_variance,innovation,innovation_filtered,innovation_variance,test_ratio,test_ratio_filtered,publisher_id,estimator_instance,innovation_rejected,fused
1771685122636000,1771685122480000,0,1771685122484000,0,-487.87775,12.354284,-0.051452637,-0.06597889,12.367173,8.562583e-06,-1.7847104e-05,0,0,0,1
1771685122684000,1771685122532000,0,1771685122532000,0,-487.83594,12.354217,-0.09539795,-0.068750255,12.367078,2.943547e-05,-1.8938761e-05,0,0,0,1
1771685122740000,1771685122584000,0,1771685122588000,0,-487.83203,12.354284,-0.1015625,-0.07184126,12.367173,3.3362325e-05,-2.0297502e-05,0,0,0,1
1771685122788000,1771685122636000,0,1771685122636000,0,-487.8188,12.354217,-0.116760254,-0.07607276,12.367078,4.409435e-05,-2.2539234e-05,0,0,0,1
1771685122844000,1771685122688000,0,1771685122692000,0,-487.86203,12.354284,-0.075653076,-0.07603323,12.367173,1.8511548e-05,-2.2159815e-05,0,0,0,1
1771685122892000,1771685122740000,0,1771685122740000,0,-487.86737,12.354217,-0.07211304,-0.07566393,12.367078,1.6819786e-05,-2.1656768e-05,0,0,0,1
1771685122948000,1771685122792000,0,1771685122796000,0,-487.8398,12.354284,-0.101745605,-0.0781209,12.367173,3.348273e-05,-2.2770808e-05,0,0,0,1
1771685122996000,1771685122844000,0,1771685122844000,0,-487.8829,12.354217,-0.060668945,-0.07647688,12.367078,1.1904901e-05,-2.1747208e-05,0,0,0,1
1771685123052000,1771685122896000,0,1771685122900000,0,-487.85056,12.354284,-0.09527588,-0.0782478,12.367173,2.9359962e-05,-2.2464352e-05,0,0,0,1
1771685123100000,1771685122948000,0,1771685122948000,0,-487.88422,12.354217,-0.06329346,-0.07683906,12.367078,1.2957182e-05,-2.1568749e-05,0,0,0,1
1771685123156000,1771685123000000,0,1771685123004000,0,-487.84253,12.354284,-0.10733032,-0.07971142,12.367173,3.7259277e-05,-2.3046841e-05,0,0,0,1
1771685123204000,1771685123052000,0,1771685123052000,0,-487.8481,12.354217,-0.103759766,-0.081976846,12.367078,3.4821773e-05,-2.4156074e-05,0,0,0,1
1771685123260000,1771685123104000,0,1771685123108000,0,-487.8255,12.354284,-0.12850952,-0.08636036,12.367173,5.341462e-05,-2.6912314e-05,0,0,0,1
1771685123308000,1771685123156000,0,1771685123156000,0,-487.85477,12.354217,-0.100738525,-0.08771482,12.367078,3.282344e-05,-2.746916e-05,0,0,0,1
1771685123364000,1771685123208000,0,1771685123212000,0,-487.85092,12.354284,-0.10620117,-0.08945629,12.367173,3.647944e-05,-2.8317954e-05,0,0,0,1
1771685123412000,1771685123260000,0,1771685123260000,0,-487.84714,12.354217,-0.11129761,-0.091513805,12.367078,4.0064944e-05,-2.9424555e-05,0,0,0,1
1771685123468000,1771685123312000,0,1771685123316000,0,-487.85275,12.354284,-0.107177734,-0.09298939,12.367173,3.715341e-05,-3.0152636e-05,0,0,0,1
1771685123516000,1771685123364000,0,1771685123364000,0,-487.8865,12.354217,-0.07473755,-0.091270015,12.367078,1.8066357e-05,-2.9014074e-05,0,0,0,1
1771685123572000,1771685123416000,0,1771685123420000,0,-487.87308,12.354284,-0.089782715,-0.09112991,12.367173,2.607204e-05,-2.8736926e-05,0,0,0,1
1771685123620000,1771685123468000,0,1771685123468000,0,-487.86914,12.354217,-0.095336914,-0.09152622,12.367078,2.9397817e-05,-2.8799184e-05,0,0,0,1
1771685123676000,1771685123520000,0,1771685123524000,0,-487.93567,12.354284,-0.030731201,-0.08579915,12.367173,3.0545598e-06,-2.6373966e-05,0,0,0,1
1771685123724000,1771685123572000,0,1771685123572000,0,-487.90778,12.354217,-0.060333252,-0.08340019,12.367078,1.1773522e-05,-2.499856e-05,0,0,0,1
1771685123780000,1771685123624000,0,1771685123628000,0,-487.93643,12.354284,-0.03378296,-0.078726105,12.367173,3.6913475e-06,-2.2991358e-05,0,0,0,1
1771685123828000,1771685123676000,0,1771685123676000,0,-487.89447,12.354217,-0.07748413,-0.07860911,12.367078,1.9418623e-05,-2.2654796e-05,0,0,0,1
1771685123884000,1771685123728000,0,1771685123732000,0,-487.85754,12.354284,-0.116363525,-0.08216569,12.367173,4.3794877e-05,-2.4646253e-05,0,0,0,1
1771685123932000,1771685123780000,0,1771685123780000,0,-487.8914,12.354217,-0.08407593,-0.082345635,12.367078,2.286316e-05,-2.447828e-05,0,0,0,1
1771685123988000,1771685123832000,0,1771685123836000,0,-487.77942,12.354284,-0.19784546,-0.09322605,12.367173,0.00012660233,-3.4098663e-05,0,0,0,1
1771685124036000,1771685123884000,0,1771685123884000,0,-487.80927,12.354217,-0.16931152,-0.100393526,12.367078,9.27184e-05,-3.9620812e-05,0,0,0,1
1771685124092000,1771685123936000,0,1771685123940000,0,-487.9046,12.354284,-0.07543945,-0.09804278,12.367173,1.8407152e-05,-3.7622423e-05,0,0,0,1
1771685124140000,1771685123988000,0,1771685123988000,0,-487.86768,12.354217,-0.11380005,-0.09952716,12.367078,4.188686e-05,-3.8024147e-05,0,0,0,1
1771685124196000,1771685124040000,0,1771685124044000,0,-487.86392,12.354284,-0.11923218,-0.101383425,12.367173,4.59808e-05,-3.8773687e-05,0,0,0,1
1771685124244000,1771685124092000,0,1771685124092000,0,-487.88373,12.354217,-0.10067749,-0.10131692,12.367078,3.278368e-05,-3.820941e-05,0,0,0,1
1771685124300000,1771685124144000,0,1771685124148000,0,-487.90335,12.354284,-0.08270264,-0.099563405,12.367173,2.2122198e-05,-3.669395e-05,0,0,0,1
1771685124348000,1771685124196000,0,1771685124196000,0,-487.8712,12.354217,-0.11669922,-0.10117765,12.367078,4.4048265e-05,-3.7386748e-05,0,0,0,1
1771685124404000,1771685124248000,0,1771685124252000,0,-487.89566,12.354284,-0.09414673,-0.10051531,12.367173,2.8668173e-05,-3.6565434e-05,0,0,0,1
1771685124452000,1771685124300000,0,1771685124300000,0,-487.8542,12.354217,-0.13711548,-0.10396315,12.367077,6.0808725e-05,-3.8849223e-05,0,0,0,1
1771685124508000,1771685124352000,0,1771685124356000,0,-487.81308,12.354284,-0.17971802,-0.11109948,12.367173,0.00010446548,-4.5030465e-05,0,0,0,1
1771685124556000,1771685124404000,0,1771685124404000,0,-487.8756,12.354216,-0.118255615,-0.11177361,12.367076,4.523103e-05,-4.504936e-05,0,0,0,1
1771685124612000,1771685124456000,0,1771685124460000,0,-487.89072,12.354284,-0.10437012,-0.111076176,12.367173,3.5232373e-05,-4.4124572e-05,0,0,0,1
1771685124660000,1771685124508000,0,1771685124508000,0,-487.91507,12.354216,-0.0,-0.10822794,12.367076,2.1137665e-05,-4.1959138e-05,0,0,0,1
1771685124716000,1771685124560000,0,1771685124564000,0,-487.8547,12.354284,-0.0,-0.111452326,12.367173,6.56374e-05,-4.41897e-05,0,0,0,1
1771685124764000,1771685124612000,0,1771685124612000,0,-487.8794,12.354216,-0.0,-0.11212196,12.367076,4.546478e-05,-4.4309814e-05,0,0,0,1
1771685124820000,1771685124664000,0,1771685124668000,0,-487.871,12.354284,-0.0,-0.113602474,12.367173,5.285796e-05,-4.5115074e-05,0,0,0,1
1771685124868000,1771685124716000,0,1771685124716000,0,-487.89557,12.354216,-0.0,-0.11271551,12.367076,3.5109133e-05,-4.4172484e-05,0,0,0,1
1771685124924000,1771685124768000,0,1771685124772000,0,-487.9246,12.354284,-0.0,-0.10927012,12.367173,1.8751274e-05,-4.1777734e-05,0,0,0,1
1771685124972000,1771685124820000,0,1771685124820000,0,-487.88766,12.354216,-0.0,-0.1097026,12.367076,4.1931806e-05,-4.179225e-05,0,0,0,1
1771685125028000,1771685124872000,0,1771685124876000,0,-487.90274,12.354284,-0.0,-0.10877479,12.367173,3.2249e-05,-4.0893246e-05,0,0,0,1
1771685125076000,1771685124924000,0,1771685124924000,0,-487.89886,12.354216,-0.0,-0.108362734,12.367076,3.5253255e-05,-4.036194e-05,0,0,0,1
1771685125132000,1771685124976000,0,1771685124980000,0,-487.88095,12.354284,-0.0,-0.1097719,12.367173,4.9188933e-05,-4.119347e-05,0,0,0,1
1771685125180000,1771685125028000,0,1771685125028000,0,-487.8867,12.354216,-0.0,-0.11057396,12.367076,4.525438e-05,-4.157602e-05,0,0,0,1
1771685125236000,1771685125080000,0,1771685125084000,0,-487.8877,12.354284,-0.0,-0.11129185,12.367173,4.5184002e-05,-4.19159e-05,0,0,0,1
1771685125284000,1771685125132000,0,1771685125132000,0,-487.884,12.354216,-0.0,-0.112370454,12.367076,4.8727845e-05,-4.2557607e-05,0,0,0,1
1771685125340000,1771685125184000,0,1771685125188000,0,-487.8522,12.354284,-0.0,-0.116412036,12.367173,7.798012e-05,-4.589451e-05,0,0,0,1
1771685125388000,1771685125236000,0,1771685125236000,0,-487.91452,12.354216,-0.0,-0.11422546,12.367076,2.8095135e-05,-4.421776e-05,0,0,0,1
1771685125444000,1771685125288000,0,1771685125292000,0,-487.9153,12.354284,-0.0,-0.112230495,12.367173,2.8002998e-05,-4.269028e-05,0,0,0,1
1771685125492000,1771685125340000,0,1771685125340000,0,-487.9161,12.354216,-0.0,-0.11040334,12.367076,2.7874783e-05,-4.1294617e-05,0,0,0,1
1771685125548000,1771685125392000,0,1771685125396000,0,-487.8981,12.354284,-0.0,-0.11050483,12.367173,4.0196574e-05,-4.119118e-05,0,0,0,1
1771685125596000,1771685125444000,0,1771685125444000,0,-487.89902,12.354216,-0.0,-0.11054214,12.367076,3.977983e-05,-4.1058225e-05,0,0,0,1
1771685125652000,1771685125496000,0,1771685125500000,0,-487.94223,12.354284,-0.0,-0.10657128,12.367173,1.5127717e-05,-3.8615497e-05,0,0,0,1
1771685125700000,1771685125548000,0,1771685125548000,0,-487.8583,12.354216,-0.0,-0.11091768,12.367076,7.5427146e-05,-4.2083262e-05,0,0,0,1
1771685125756000,1771685125600000,0,1771685125604000,0,-487.88776,12.354284,-0.0,-0.112146534,12.367173,4.9701503e-05,-4.2800923e-05,0,0,0,1
1771685125804000,1771685125652000,0,1771685125652000,0,-487.8841,12.354216,-0.0,-0.11364773,12.367076,5.306046e-05,-4.3767403e-05,0,0,0,1
1771685125860000,1771685125704000,0,1771685125708000,0,-487.86172,12.354284,-0.0,-0.117186636,12.367173,7.395661e-05,-4.6611312e-05,0,0,0,1
1771685125908000,1771685125756000,0,1771685125756000,0,-487.94278,12.354216,-0.0,-0.11279108,12.367076,1.6087663e-05,-4.3735898e-05,0,0,0,1
1771685125964000,1771685125808000,0,1771685125812000,0,-487.90112,12.354284,-0.0,-0.112791255,12.367173,4.114846e-05,-4.3492153e-05,0,0,0,1
1771685126012000,1771685125860000,0,1771685125860000,0,-487.81757,12.354216,-0.0,-0.12072024,12.367076,0.0001254732,-5.1215007e-05,0,0,0,1
1771685126068000,1771685125912000,0,1771685125916000,0,-487.92722,12.354284,-0.0,-0.11763047,12.367173,2.5002084e-05,-4.8745675e-05,0,0,0,1
1771685126116000,1771685125964000,0,1771685125964000,0,-487.89978,12.354216,-0.0,-0.11746225,12.367076,4.3405573e-05,-4.8242622e-05,0,0,0,1
1771685126172000,1771685126016000,0,1771685126020000,0,-487.8914,12.354284,-0.0,-0.11816945,12.367173,5.0512343e-05,-4.8456437e-05,0,0,0,1
1771685126220000,1771685126068000,0,1771685126068000,0,-487.9112,12.354216,-0.0,-0.11699313,12.367076,3.6124184e-05,-4.7294703e-05,0,0,0,1
1771685126276000,1771685126120000,0,1771685126124000,0,-487.92618,12.354284,-0.0,-0.11457357,12.367173,2.6965772e-05,-4.537966e-05,0,0,0,1
1771685126324000,1771685126172000,0,1771685126172000,0,-487.90817,12.354216,-0.0,-0.11413272,12.367076,3.9060636e-05,-4.478439e-05,0,0,0,1
1771685126380000,1771685126224000,0,1771685126228000,0,-487.93726,12.354284,-0.0,-0.111074165,12.367173,2.1570584e-05,-4.259758e-05,0,0,0,1
1771685126428000,1771685126276000,0,1771685126276000,0,-487.96613,12.354216,-0.0,-0.10563014,12.367076,9.182936e-06,-3.9449824e-05,0,0,0,1
1771685126484000,1771685126328000,0,1771685126332000,0,-487.92902,12.354284,-0.0,-0.104246505,12.367173,2.6749904e-05,-3.8253456e-05,0,0,0,1
1771685126532000,1771685126380000,0,1771685126380000,0,-487.85934,12.354216,-0.0,-0.10959674,12.367076,8.388171e-05,-4.2551772e-05,0,0,0,1
1771685126588000,1771685126432000,0,1771685126436000,0,-487.95462,12.354284,-0.0,-0.105525196,12.367173,1.4249782e-05,-3.9885643e-05,0,0,0,1
1771685126636000,1771685126484000,0,1771685126484000,0,-487.88943,12.354216,-0.0,-0.10802674,12.367076,5.6424484e-05,-4.144365e-05,0,0,0,1
1771685126692000,1771685126536000,0,1771685126540000,0,-487.90933,12.354284,-0.0,-0.10855336,12.367173,4.1751853e-05,-4.1472686e-05,0,0,0,1
1771685126740000,1771685126588000,0,1771685126588000,0,-487.92908,12.354216,-0.0,-0.10735433,12.367076,2.969972e-05,-4.0363637e-05,0,0,0,1
1771685126796000,1771685126640000,0,1771685126644000,0,-487.9158,12.354284,-0.0,-0.10784941,12.367173,4.1014973e-05,-4.0424995e-05,0,0,0,1
1771685126844000,1771685126692000,0,1771685126692000,0,-487.88858,12.354216,-0.0,-0.1112072,12.367076,6.659756e-05,-4.2890526e-05,0,0,0,1
1771685126900000,1771685126744000,0,1771685126748000,0,-487.98367,12.354284,-0.0,-0.105951875,12.367173,9.933937e-06,-3.978592e-05,0,0,0,1
1771685126948000,1771685126796000,0,1771685126796000,0,-487.98416,12.354216,-0.0,-0.1019017,12.367076,1.2820104e-05,-3.724566e-05,0,0,0,1
1771685127004000,1771685126848000,0,1771685126852000,0,-487.97998,12.354284,-0.0,-0.099776864,12.367173,2.0362748e-05,-3.565524e-05,0,0,0,1
1771685127052000,1771685126900000,0,1771685126900000,0,-487.97595,12.354216,-0.0,-0.09939886,12.367076,2.96619e-05,-3.5090652e-05,0,0,0,1
1771685127108000,1771685126952000,0,1771685126956000,0,-487.98615,12.354284,-0.0,-0.0997953,12.367173,3.4719164e-05,-3.505566e-05,0,0,0,1
1771685127156000,1771685127004000,0,1771685127004000,0,-487.98703,12.354216,-0.0,-0.10171543,12.367076,4.6713725e-05,-3.615388e-05,0,0,0,1
1771685127212000,1771685127056000,0,1771685127060000,0,-488.06317,12.354284,-0.0,-0.098486945,12.367173,1.4712085e-05,-3.4134002e-05,0,0,0,1
1771685127260000,1771685127108000,0,1771685127108000,0,-488.1107,12.354216,-0.0,-0.093124725,12.367076,5.5878827e-06,-3.1444873e-05,0,0,0,1
1771685127316000,1771685127160000,0,1771685127164000,0,-488.0641,12.354284,-0.0,-0.09529376,12.367173,4.3634223e-05,-3.2593147e-05,0,0,0,1
1771685127364000,1771685127212000,0,1771685127212000,0,-488.1261,12.354216,-0.0,-0.093843155,12.367076,2.064583e-05,-3.1467676e-05,0,0,0,1
1771685127420000,1771685127264000,0,1771685127268000,0,-488.1643,12.354284,-0.0,-0.09198873,12.367173,1.778698e-05,-3.0178915e-05,0,0,0,1
1771685127468000,1771685127316000,0,1771685127316000,0,-488.23068,12.354216,-0.0,-0.086833306,12.367076,4.490807e-06,-2.775902e-05,0,0,0,1
1771685127524000,1771685127368000,0,1771685127372000,0,-488.28265,12.354284,-0.0,-0.08075199,12.367173,1.6052231e-06,-2.5295258e-05,0,0,0,1
1771685127572000,1771685127420000,0,1771685127420000,0,-488.32507,12.354216,-0.0,-0.07440985,12.367076,5.8317437e-07,-2.2967308e-05,0,0,0,1
1771685127628000,1771685127472000,0,1771685127476000,0,-488.28296,12.354284,-0.0,-0.076573856,12.367173,3.0672087e-05,-2.3693121e-05,0,0,0,1
1771685127676000,1771685127524000,0,1771685127524000,0,-488.3589,12.354216,-0.0,-0.0749117,12.367076,1.1232014e-05,-2.2519249e-05,0,0,0,1
1771685127732000,1771685127576000,0,1771685127580000,0,-488.39694,12.354284,-0.0,-0.07412196,12.367173,1.4315373e-05,-2.174642e-05,0,0,0,1
1771685127780000,1771685127628000,0,1771685127628000,0,-488.45386,12.354216,-0.0,-0.071868576,12.367076,8.151263e-06,-2.0465717e-05,0,0,0,1
1771685127836000,1771685127680000,0,1771685127684000,0,-488.53406,12.354284,-0.0,-0.066943996,12.367173,1.2415372e-06,-1.8654744e-05,0,0,0,1
1771685127884000,1771685127732000,0,1771685127732000,0,-488.52017,12.354216,-0.0,-0.06793403,12.367076,1.9403333e-05,-1.8725263e-05,0,0,0,1
1771685127940000,1771685127784000,0,1771685127788000,0,-488.62878,12.354284,-0.0,-0.06369633,12.367173,1.7034342e-06,-1.7121756e-05,0,0,0,1
1771685127988000,1771685127836000,0,1771685127836000,0,-488.68536,12.354216,-0.0,-0.059015505,12.367076,6.346269e-07,-1.5568621e-05,0,0,0,1
1771685128044000,1771685127888000,0,1771685127892000,0,-488.72772,12.354284,-0.0,-0.05628492,12.367173,2.9166204e-06,-1.4376766e-05,0,0,0,1
1771685128092000,1771685127940000,0,1771685127940000,0,-488.75143,12.354216,-0.0,-0.05643055,12.367076,1.0817116e-05,-1.4041436e-05,0,0,0,1
1771685128148000,1771685127992000,0,1771685127996000,0,-488.8083,12.354284,-0.0,-0.05702818,12.367173,1.2745541e-05,-1.3919359e-05,0,0,0,1
1771685128196000,1771685128044000,0,1771685128044000,0,-488.8933,12.354216,-0.0,-0.054686047,12.367076,3.3463725e-06,-1.2923353e-05,0,0,0,1
1771685128252000,1771685128096000,0,1771685128100000,0,-488.99686,12.354284,0.0058898926,-0.048979618,12.367173,1.1220296e-07,-1.1695366e-05,0,0,0,1
1771685128300000,1771685128148000,0,1771685128148000,0,-489.04376,12.354216,-0.0,-0.044816945,12.367076,7.42493e-08,-1.0600623e-05,0,0,0,1
1771685128356000,1771685128200000,0,1771685128204000,0,-489.072,12.354284,-0.0,-0.0448757,12.367173,6.6785024e-06,-1.0231148e-05,0,0,0,1
1771685128404000,1771685128252000,0,1771685128252000,0,-489.18033,12.354216,0.0029296875,-0.040372293,12.367076,2.7761027e-08,-9.264729e-06,0,0,0,1
1771685128460000,1771685128304000,0,1771685128308000,0,-489.2742,12.354284,0.026000977,-0.03411974,12.367173,2.1865976e-06,-8.185981e-06,0,0,0,1
1771685128508000,1771685128356000,0,1771685128356000,0,-489.2975,12.354216,-0.0,-0.0320095,12.367076,4.4417644e-07,-7.45668e-06,0,0,0,1
1771685128564000,1771685128408000,0,1771685128412000,0,-489.39145,12.354284,0.011047363,-0.02795342,12.367173,3.9473608e-07,-6.717054e-06,0,0,0,1
1771685128612000,1771685128460000,0,1771685128460000,0,-489.3867,12.354216,-0.0,-0.03051497,12.367076,9.835793e-06,-7.010848e-06,0,0,0,1
1771685128668000,1771685128512000,0,1771685128516000,0,-489.48575,12.354284,-0.0,-0.030299602,12.367173,2.5773486e-06,-6.5931995e-06,0,0,0,1
1771685128716000,1771685128564000,0,1771685128564000,0,-489.6456,12.354216,0.06985474,-0.020864774,12.367076,1.5782822e-05,-4.485313e-06,0,0,0,1
1771685128772000,1771685128616000,0,1771685128620000,0,-489.6732,12.354284,0.024658203,-0.016576376,12.367173,1.9665836e-06,-3.8775256e-06,0,0,0,1
1771685128820000,1771685128668000,0,1771685128668000,0,-489.77628,12.354216,0.065338135,-0.008859791,12.367076,1.3807861e-05,-2.211511e-06,0,0,0,1
1771685128876000,1771685128720000,0,1771685128724000,0,-489.76163,12.354284,-0.0,-0.010172682,12.367173,1.6808575e-06,-2.161522e-06,0,0,0,1
1771685128924000,1771685128772000,0,1771685128772000,0,-489.85574,12.354216,0.008361816,-0.008426678,12.367076,2.2614876e-07,-1.9365964e-06,0,0,0,1
1771685128980000,1771685128824000,0,1771685128828000,0,-489.90732,12.354284,-0.0,-0.008963914,12.367173,6.4573106e-07,-1.8149931e-06,0,0,0,1
1771685129028000,1771685128876000,0,1771685128876000,0,-490.0295,12.354216,0.044525146,-0.003925089,12.367076,6.41215e-06,-1.0399722e-06,0,0,0,1
1771685129084000,1771685128928000,0,1771685128932000,0,-490.06198,12.354284,0.0020141602,-0.0033655944,12.367172,1.3121321e-08,-9.4076773e-07,0,0,0,1
1771685129132000,1771685128980000,0,1771685128980000,0,-490.1277,12.354216,0.0032348633,-0.002743812,12.367076,3.38458e-08,-8.489563e-07,0,0,0,1
1771685129188000,1771685129032000,0,1771685129036000,0,-490.24036,12.354284,0.040283203,0.0013094575,12.367172,5.2485284e-06,-2.7455548e-07,0,0,0,1
1771685129236000,1771685129084000,0,1771685129084000,0,-490.28696,12.354216,0.021697998,0.0032301173,12.367076,1.5227629e-06,-1.0524286e-07,0,0,0,1
1771685129292000,1771685129136000,0,1771685129140000,0,-490.36658,12.354284,0.025054932,0.005286078,12.367172,2.0303737e-06,9.593842e-08,0,0,0,1
1771685129340000,1771685129188000,0,1771685129188000,0,-490.4368,12.354216,0.029663086,0.007582463,12.367076,2.8459392e-06,3.5499647e-07,0,0,0,1
1771685129396000,1771685129240000,0,1771685129244000,0,-490.53516,12.354284,0.05166626,0.011735285,12.367172,8.633832e-06,1.1348868e-06,0,0,0,1
1771685129444000,1771685129292000,0,1771685129292000,0,-490.53943,12.354216,-0.0,0.009689713,12.367076,3.220984e-07,9.976345e-07,0,0,0,1
1771685129500000,1771685129344000,0,1771685129348000,0,-490.67096,12.354284,0.04425049,0.012945439,12.367172,6.3332363e-06,1.5002637e-06,0,0,0,1
1771685129548000,1771685129396000,0,1771685129396000,0,-490.72223,12.354216,0.029296875,0.014485791,12.367076,2.7761027e-06,1.6204515e-06,0,0,0,1
1771685129604000,1771685129448000,0,1771685129452000,0,-490.82526,12.354284,0.054382324,0.01824416,12.367172,9.565443e-06,2.3688929e-06,0,0,0,1
1771685129652000,1771685129500000,0,1771685129500000,0,-490.8436,12.354216,0.0058898926,0.017080352,12.367076,1.12203836e-07,2.1563062e-06,0,0,0,1
1771685129708000,1771685129552000,0,1771685129556000,0,-490.96564,12.354284,0.04940796,0.020125706,12.367172,7.895568e-06,2.6969615e-06,0,0,0,1
1771685129756000,1771685129604000,0,1771685129604000,0,-490.9605,12.354216,-0.0,0.0160363,12.367076,1.7536469e-06,2.2777012e-06,0,0,0,1
1771685129812000,1771685129656000,0,1771685129660000,0,-491.09683,12.354284,0.034088135,0.017736835,12.367172,3.7583397e-06,2.4171818e-06,0,0,0,1
1771685129860000,1771685129708000,0,1771685129708000,0,-491.14352,12.354216,0.012878418,0.01727916,12.367076,5.3643606e-07,2.2400102e-06,0,0,0,1
1771685129916000,1771685129760000,0,1771685129764000,0,-491.22324,12.354284,0.013153076,0.01689047,12.367172,5.595569e-07,2.0817065e-06,0,0,0,1
1771685129964000,1771685129812000,0,1771685129812000,0,-491.33112,12.354216,0.05279541,0.02027282,12.367076,9.015406e-06,2.734881e-06,0,0,0,1
1771685130020000,1771685129864000,0,1771685129868000,0,-491.40576,12.354284,0.047729492,0.022859318,12.367172,7.3682304e-06,3.171356e-06,0,0,0,1
1771685130068000,1771685129916000,0,1771685129916000,0,-491.50867,12.354216,0.0821228,0.02844211,12.367076,2.1813255e-05,4.927477e-06,0,0,0,1
1771685130124000,1771685129968000,0,1771685129972000,0,-491.5784,12.354284,0.07196045,0.032541666,12.367172,1.6748552e-05,6.0410566e-06,0,0,0,1
1771685130172000,1771685130020000,0,1771685130020000,0,-491.62476,12.354216,0.049682617,0.034156393,12.367076,7.983657e-06,6.224055e-06,0,0,0,1
1771685130228000,1771685130072000,0,1771685130076000,0,-491.6666,12.354284,0.010955811,0.031970832,12.367172,3.882206e-07,5.6743024e-06,0,0,0,1
1771685130276000,1771685130124000,0,1771685130124000,0,-491.7557,12.354216,0.030944824,0.03187418,12.367076,3.097198e-06,5.431532e-06,0,0,0,1
1771685130332000,1771685130176000,0,1771685130180000,0,-491.82584,12.354284,0.020721436,0.030823559,12.367172,1.3887666e-06,5.0506915e-06,0,0,0,1
1771685130380000,1771685130228000,0,1771685130228000,0,-491.96655,12.354216,0.09225464,0.036610544,12.367076,2.7527665e-05,7.168088e-06,0,0,0,1
1771685130436000,1771685130280000,0,1771685130284000,0,-491.98923,12.354284,0.03390503,0.036355678,12.367172,3.718072e-06,6.8430863e-06,0,0,0,1
1771685130484000,1771685130332000,0,1771685130332000,0,-492.09225,12.354216,0.06729126,0.039269898,12.367076,1.4645704e-05,7.5781154e-06,0,0,0,1
1771685130540000,1771685130384000,0,1771685130388000,0,-492.17618,12.354284,0.06951904,0.042119455,12.367172,1.5631373e-05,8.336756e-06,0,0,0,1
1771685130588000,1771685130436000,0,1771685130436000,0,-492.2648,12.354216,0.08798218,0.046439856,12.367076,2.5037005e-05,9.909968e-06,0,0,0,1
1771685130644000,1771685130488000,0,1771685130492000,0,-492.3157,12.354284,0.05731201,0.047464047,12.367172,1.0623824e-05,9.977215e-06,0,0,0,1
1771685130692000,1771685130540000,0,1771685130540000,0,-492.4561,12.354216,0.12734985,0.054989524,12.367076,5.2455354e-05,1.3978779e-05,0,0,0,1
1771685130748000,1771685130592000,0,1771685130596000,0,-492.4691,12.354284,0.058135986,0.05528593,12.367172,1.0931497e-05,1.3691716e-05,0,0,0,1
1771685130796000,1771685130644000,0,1771685130644000,0,-492.60477,12.354216,0.123046875,0.061669208,12.367076,4.8970454e-05,1.7015076e-05,0,0,0,1
1771685130852000,1771685130696000,0,1771685130700000,0,-492.65536,12.354284,0.09133911,0.0644642,12.367172,2.69838e-05,1.7954158e-05,0,0,0,1
1771685130900000,1771685130748000,0,1771685130748000,0,-492.66397,12.354216,0.029052734,0.061128333,12.367076,2.7300273e-06,1.6520002e-05,0,0,0,1
1771685130956000,1771685130800000,0,1771685130804000,0,-492.74823,12.354284,0.030792236,0.058270585,12.367172,3.0667052e-06,1.5252662e-05,0,0,0,1
1771685131004000,1771685130852000,0,1771685130852000,0,-492.88416,12.354216,0.09603882,0.06182846,12.367076,2.9832288e-05,1.6626105e-05,0,0,0,1
1771685131060000,1771685130904000,0,1771685130908000,0,-492.93027,12.354284,0.06008911,0.061664607,12.367172,1.167834e-05,1.6160011e-05,0,0,0,1
1771685131108000,1771685130956000,0,1771685130956000,0,-493.0049,12.354216,0.06442261,0.06192442,12.367076,1.3423617e-05,1.5902235e-05,0,0,0,1
1771685131164000,1771685131008000,0,1771685131012000,0,-493.10294,12.354284,0.080322266,0.06365755,12.367172,2.086707e-05,1.6369937e-05,0,0,0,1
1771685131212000,1771685131060000,0,1771685131060000,0,-493.15393,12.354216,0.06088257,0.06339614,12.367076,1.1988887e-05,1.595723e-05,0,0,0,1
1771685131268000,1771685131112000,0,1771685131116000,0,-493.2473,12.354284,0.07192993,0.06420005,12.367172,1.673435e-05,1.6030437e-05,0,0,0,1
1771685131316000,1771685131164000,0,1771685131164000,0,-493.3171,12.354216,0.0708313,0.06482474,12.367076,1.6227192e-05,1.6048973e-05,0,0,0,1
1771685131372000,1771685131216000,0,1771685131220000,0,-493.39163,12.354284,0.0625,0.06460574,12.367172,1.2634254e-05,1.5727297e-05,0,0,0,1
1771685131420000,1771685131268000,0,1771685131268000,0,-493.44275,12.354216,0.04260254,0.062532976,12.367076,5.870349e-06,1.4798744e-05,0,0,0,1
1771685131476000,1771685131320000,0,1771685131324000,0,-493.55505,12.354284,0.072265625,0.06344982,12.367172,1.6890912e-05,1.4995832e-05,0,0,0,1
1771685131524000,1771685131372000,0,1771685131372000,0,-493.5826,12.354216,0.028625488,0.06016927,12.367076,2.6503226e-06,1.383285e-05,0,0,0,1
1771685131580000,1771685131424000,0,1771685131428000,0,-493.71387,12.354284,0.07745361,0.061797503,12.367172,1.940318e-05,1.4357591e-05,0,0,0,1
1771685131628000,1771685131476000,0,1771685131476000,0,-493.77893,12.354216,0.0715332,0.06271464,12.367076,1.6550392e-05,1.4564159e-05,0,0,0,1
1771685131684000,1771685131528000,0,1771685131532000,0,-493.86752,12.354284,0.07687378,0.06404847,12.367172,1.9113755e-05,1.4992744e-05,0,0,0,1
1771685131732000,1771685131580000,0,1771685131580000,0,-493.92792,12.354216,0.0657959,0.06421308,12.367076,1.40020165e-05,1.4899414e-05,0,0,0,1
1771685131788000,1771685131632000,0,1771685131636000,0,-493.9931,12.354284,0.047790527,0.06266603,12.367172,7.387087e-06,1.4191731e-05,0,0,0,1
1771685131836000,1771685131684000,0,1771685131684000,0,-494.04904,12.354216,0.032196045,0.059795666,12.367076,3.3527256e-06,1.3170665e-05,0,0,0,1
1771685131892000,1771685131736000,0,1771685131740000,0,-494.13797,12.354284,0.037719727,0.05771605,12.367172,4.601788e-06,1.2363452e-05,0,0,0,1
1771685131940000,1771685131788000,0,1771685131788000,0,-494.22214,12.354216,0.050567627,0.057042647,12.367076,8.27062e-06,1.1977895e-05,0,0,0,1
1771685131996000,1771685131840000,0,1771685131844000,0,-494.27808,12.354284,0.02319336,0.053853944,12.367172,1.7398703e-06,1.1013443e-05,0,0,0,1
1771685132044000,1771685131892000,0,1771685131892000,0,-494.38116,12.354216,0.05496216,0.05395834,12.367076,9.770583e-06,1.0896362e-05,0,0,0,1
1771685132100000,1771685131944000,0,1771685131948000,0,-494.4746,12.354284,0.065338135,0.05503035,12.367172,1.3807754e-05,1.1170624e-05,0,0,0,1
1771685132148000,1771685131996000,0,1771685131996000,0,-494.5492,12.354216,0.06845093,0.05629461,12.367076,1.5154849e-05,1.154595e-05,0,0,0,1
1771685132204000,1771685132048000,0,1771685132052000,0,-494.59085,12.354284,0.026763916,0.053512733,12.367172,2.3168018e-06,1.0676537e-05,0,0,0,1
1771685132252000,1771685132100000,0,1771685132100000,0,-494.70334,12.354216,0.06765747,0.05484521,12.367076,1.4805547e-05,1.1065502e-05,0,0,0,1
1771685132308000,1771685132152000,0,1771685132156000,0,-494.78256,12.354284,0.06329346,0.05564106,12.367172,1.2957082e-05,1.1243695e-05,0,0,0,1
1771685132356000,1771685132204000,0,1771685132204000,0,-494.82895,12.354216,0.03793335,0.05397294,12.367076,4.654096e-06,1.0622935e-05,0,0,0,1
1771685132412000,1771685132256000,0,1771685132260000,0,-494.92255,12.354284,0.047943115,0.053404912,12.367172,7.434334e-06,1.032256e-05,0,0,0,1
1771685132460000,1771685132308000,0,1771685132308000,0,-494.95032,12.354216,0.003753662,0.04872762,12.367076,4.557255e-08,9.354439e-06,0,0,0,1
1771685132516000,1771685132360000,0,1771685132364000,0,-495.0677,12.354284,0.037475586,0.047667645,12.367172,4.542411e-06,8.901132e-06,0,0,0,1
1771685132564000,1771685132412000,0,1771685132412000,0,-495.18942,12.354216,0.087127686,0.051384896,12.367076,2.4553041e-05,1.0375587e-05,0,0,0,1
1771685132620000,1771685132464000,0,1771685132468000,0,-495.23563,12.354284,0.049346924,0.051192913,12.367172,7.876073e-06,1.0140126e-05,0,0,0,1
1771685132668000,1771685132516000,0,1771685132516000,0,-495.32443,12.354216,0.0663147,0.05261743,12.367075,1.42236995e-05,1.052481e-05,0,0,0,1
1771685132724000,1771685132568000,0,1771685132572000,0,-495.35672,12.354284,0.01473999,0.049049266,12.367172,7.027227e-07,9.599541e-06,0,0,0,1
1771685132772000,1771685132620000,0,1771685132620000,0,-495.48807,12.354216,0.07409668,0.051408805,12.367075,1.7757855e-05,1.0368078e-05,0,0,0,1
1771685132828000,1771685132672000,0,1771685132676000,0,-495.5485,12.354284,0.050750732,0.051346812,12.367172,8.3305595e-06,1.0176138e-05,0,0,0,1
1771685132876000,1771685132724000,0,1771685132724000,0,-495.5856,12.354216,0.01586914,0.048004713,12.367075,8.1451634e-07,9.294246e-06,0,0,0,1
1771685132932000,1771685132776000,0,1771685132780000,0,-495.7404,12.354284,0.08673096,0.051652838,12.367172,2.432976e-05,1.0710635e-05,0,0,0,1
1771685132980000,1771685132828000,0,1771685132828000,0,-495.78192,12.354216,0.05606079,0.05206808,12.367075,1.0165095e-05,1.0659243e-05,0,0,0,1
1771685133036000,1771685132880000,0,1771685132884000,0,-495.8566,12.354284,0.04626465,0.05152138,12.367172,6.9229004e-06,1.0307269e-05,0,0,0,1
1771685133084000,1771685132932000,0,1771685132932000,0,-495.9454,12.354216,0.062286377,0.052535474,12.367075,1.2548134e-05,1.0518364e-05,0,0,0,1
1771685133140000,1771685132984000,0,1771685132988000,0,-496.0153,12.354284,0.04763794,0.052074112,12.367172,7.3399906e-06,1.0218952e-05,0,0,0,1
1771685133188000,1771685133036000,0,1771685133036000,0,-496.06186,12.354216,0.021820068,0.049224094,12.367075,1.539945e-06,9.401365e-06,0,0,0,1
1771685133244000,1771685133088000,0,1771685133092000,0,-496.09924,12.354284,-0.0,0.042252667,12.367172,1.986103e-06,8.328632e-06,0,0,0,1
1771685133292000,1771685133140000,0,1771685133140000,0,-496.26376,12.354216,0.067718506,0.044651624,12.367075,1.4832273e-05,8.941294e-06,0,0,0,1
1771685133348000,1771685133192000,0,1771685133196000,0,-496.33362,12.354284,0.05340576,0.045476288,12.367172,9.2249875e-06,8.968019e-06,0,0,0,1
1771685133396000,1771685133244000,0,1771685133244000,0,-496.40826,12.354216,0.05609131,0.046476252,12.367075,1.0176165e-05,9.081829e-06,0,0,0,1
1771685133452000,1771685133296000,0,1771685133300000,0,-496.5158,12.354284,0.079437256,0.049581274,12.367172,2.0409767e-05,1.0148954e-05,0,0,0,1
1771685133500000,1771685133348000,0,1771685133348000,0,-496.57617,12.354216,0.06726074,0.051246732,12.367075,1.4632425e-05,1.057131e-05,0,0,0,1
1771685133556000,1771685133400000,0,1771685133404000,0,-496.62723,12.354284,0.03414917,0.049636092,12.367172,3.7718105e-06,9.930777e-06,0,0,0,1
1771685133604000,1771685133452000,0,1771685133452000,0,-496.7021,12.354216,0.036621094,0.048410043,12.367075,4.3376613e-06,9.40389e-06,0,0,0,1
1771685133660000,1771685133504000,0,1771685133508000,0,-496.80975,12.354284,0.060272217,0.049527496,12.367172,1.1749622e-05,9.624864e-06,0,0,0,1
1771685133708000,1771685133556000,0,1771685133556000,0,-496.89374,12.354216,0.07223511,0.051666617,12.367075,1.6876782e-05,1.0308016e-05,0,0,0,1
1771685133764000,1771685133608000,0,1771685133612000,0,-496.99643,12.354284,0.09106445,0.05537801,12.367172,2.6821763e-05,1.1863658e-05,0,0,0,1
1771685133812000,1771685133660000,0,1771685133660000,0,-497.0567,12.354216,0.079193115,0.05762146,12.367075,2.0284666e-05,1.2656941e-05,0,0,0,1
1771685133868000,1771685133712000,0,1771685133716000,0,-497.0983,12.354284,0.036590576,0.05564029,12.367172,4.3304003e-06,1.1872557e-05,0,0,0,1
1771685133916000,1771685133764000,0,1771685133764000,0,-497.20596,12.354216,0.071899414,0.05717195,12.367075,1.6720285e-05,1.2329227e-05,0,0,0,1
1771685133972000,1771685133816000,0,1771685133820000,0,-497.25232,12.354284,0.033966064,0.05498589,12.367172,3.7314705e-06,1.1519293e-05,0,0,0,1
1771685134020000,1771685133868000,0,1771685133868000,0,-497.37878,12.354216,0.08807373,0.05810286,12.367075,2.508914e-05,1.2797613e-05,0,0,0,1
1771685134076000,1771685133920000,0,1771685133924000,0,-497.4062,12.354284,0.031066895,0.055555996,12.367172,3.1216575e-06,1.188611e-05,0,0,0,1
1771685134124000,1771685133972000,0,1771685133972000,0,-497.47638,12.354216,0.028778076,0.053033438,12.367075,2.6786533e-06,1.1018741e-05,0,0,0,1
1771685134180000,1771685134024000,0,1771685134028000,0,-497.54187,12.354284,0.009735107,0.04895461,12.367172,3.0652865e-07,1.00096195e-05,0,0,0,1
1771685134228000,1771685134076000,0,1771685134076000,0,-497.6075,12.354216,0.0030212402,0.044627555,12.367075,2.9523205e-08,9.069466e-06,0,0,0,1
1771685134284000,1771685134128000,0,1771685134132000,0,-497.67322,12.354284,-0.0,0.03899184,12.367172,7.4704775e-07,8.1447215e-06,0,0,0,1
1771685134332000,1771685134180000,0,1771685134180000,0,-497.7719,12.354216,0.0113220215,0.03638526,12.367075,4.1461112e-07,7.4165227e-06,0,0,0,1
1771685134388000,1771685134232000,0,1771685134236000,0,-497.87982,12.354284,0.035339355,0.036286734,12.367172,4.0393065e-06,7.0983792e-06,0,0,0,1
1771685134436000,1771685134284000,0,1771685134284000,0,-497.94528,12.354216,0.0289917,0.035599522,12.367075,2.7185688e-06,6.6857883e-06,0,0,0,1
1771685134492000,1771685134336000,0,1771685134340000,0,-498.00607,12.354284,0.0056762695,0.032780666,12.367172,1.0421148e-07,6.065785e-06,0,0,0,1
1771685134540000,1771685134388000,0,1771685134388000,0,-498.04825,12.354216,-0.0,0.02741288,12.367075,1.8942596e-06,5.3159256e-06,0,0,0,1
1771685134596000,1771685134440000,0,1771685134444000,0,-498.17053,12.354284,0.013793945,0.026129937,12.367172,6.1541283e-07,4.8731235e-06,0,0,0,1
1771685134644000,1771685134492000,0,1771685134492000,0,-498.2643,12.354216,0.035125732,0.026977368,12.367075,3.9906513e-06,4.789992e-06,0,0,0,1
1771685134700000,1771685134544000,0,1771685134548000,0,-498.40488,12.354284,0.09030151,0.032942686,12.367172,2.637422e-05,6.8232894e-06,0,0,0,1
1771685134748000,1771685134596000,0,1771685134596000,0,-498.44635,12.354216,0.057159424,0.035223972,12.367075,1.0567413e-05,7.175997e-06,0,0,0,1
1771685134804000,1771685134648000,0,1771685134652000,0,-498.5257,12.354284,0.047332764,0.036364656,12.367172,7.2462494e-06,7.182615e-06,0,0,0,1
1771685134852000,1771685134700000,0,1771685134700000,0,-498.58633,12.354216,0.029571533,0.035724726,12.367075,2.828399e-06,6.772435e-06,0,0,0,1
1771685134908000,1771685134752000,0,1771685134756000,0,-498.70346,12.354284,0.05178833,0.037237965,12.367172,8.674679e-06,6.951632e-06,0,0,0,1
1771685134956000,1771685134804000,0,1771685134804000,0,-498.75467,12.354216,0.018371582,0.035460696,12.367075,1.0916567e-06,6.399605e-06,0,0,0,1
1771685135012000,1771685134856000,0,1771685134860000,0,-498.86252,12.354284,0.02319336,0.034305077,12.367172,1.7398703e-06,5.9606446e-06,0,0,0,1
1771685135060000,1771685134908000,0,1771685134908000,0,-498.97498,12.354216,0.043304443,0.035152845,12.367075,6.0653783e-06,5.9705108e-06,0,0,0,1
1771685135116000,1771685134960000,0,1771685134964000,0,-499.08258,12.354284,0.037200928,0.03534578,12.367172,4.4760723e-06,5.8297305e-06,0,0,0,1
1771685135164000,1771685135012000,0,1771685135012000,0,-499.19028,12.354216,0.042877197,0.036055263,12.367075,5.9462855e-06,5.8407104e-06,0,0,0,1
1771685135220000,1771685135064000,0,1771685135068000,0,-499.29318,12.354284,0.019927979,0.034536026,12.367172,1.2844466e-06,5.411497e-06,0,0,0,1
1771685135268000,1771685135116000,0,1771685135116000,0,-499.39633,12.354216,0.010070801,0.03223133,12.367075,3.280356e-07,4.9326204e-06,0,0,0,1
1771685135324000,1771685135168000,0,1771685135172000,0,-499.6169,12.354284,0.092803955,0.037937447,12.367172,2.7856242e-05,7.0920923e-06,0,0,0,1
1771685135372000,1771685135220000,0,1771685135220000,0,-499.7335,12.354216,0.086883545,0.042548314,12.367075,2.4415636e-05,8.7240205e-06,0,0,0,1
1771685135428000,1771685135272000,0,1771685135276000,0,-499.83606,12.354284,0.04135132,0.042435553,12.367172,5.5305495e-06,8.423186e-06,0,0,0,1
1771685135476000,1771685135324000,0,1771685135324000,0,-500.01883,12.354216,0.093688965,0.04726377,12.367075,2.8390294e-05,1.0304146e-05,0,0,0,1
1771685135532000,1771685135376000,0,1771685135380000,0,-500.1213,12.354284,0.04019165,0.046597555,12.367172,5.2246987e-06,9.825647e-06,0,0,0,1
1771685135580000,1771685135428000,0,1771685135428000,0,-500.30878,12.354216,0.09161377,0.050838213,12.367075,2.7146541e-05,1.1457325e-05,0,0,0,1
1771685135636000,1771685135480000,0,1771685135484000,0,-500.49582,12.354284,0.11727905,0.057097133,12.367172,4.448673e-05,1.4568791e-05,0,0,0,1
1771685135684000,1771685135532000,0,1771685135532000,0,-500.64505,12.354216,0.1265564,0.0636404,12.367075,5.1803745e-05,1.8076431e-05,0,0,0,1
1771685135740000,1771685135584000,0,1771685135588000,0,-500.80832,12.354284,0.12530518,0.0694494,12.367172,5.0784078e-05,2.1157586e-05,0,0,0,1
1771685135788000,1771685135636000,0,1771685135636000,0,-500.95752,12.354216,0.13320923,0.07545576,12.367075,5.7393354e-05,2.4571102e-05,0,0,0,1
1771685135844000,1771685135688000,0,1771685135692000,0,-501.08783,12.354284,0.09802246,0.077581614,12.367172,3.107712e-05,2.5183988e-05,0,0,0,1
1771685135892000,1771685135740000,0,1771685135740000,0,-501.30298,12.354216,0.17123413,0.08640395,12.367075,9.483609e-05,3.1745418e-05,0,0,0,1
1771685135948000,1771685135792000,0,1771685135796000,0,-501.39545,12.354284,0.09829712,0.087524325,12.367172,3.125152e-05,3.169889e-05,0,0,0,1
1771685135996000,1771685135844000,0,1771685135844000,0,-501.573,12.354216,0.1340332,0.091905594,12.367075,5.8105572e-05,3.4186476e-05,0,0,0,1
1771685136052000,1771685135896000,0,1771685135900000,0,-501.76907,12.354284,0.16497803,0.09878923,12.367172,8.803225e-05,3.9258903e-05,0,0,0,1
1771685136100000,1771685135948000,0,1771685135948000,0,-501.87567,12.354216,0.12988281,0.10171834,12.367075,5.4562763e-05,4.0700572e-05,0,0,0,1
1771685136156000,1771685136000000,0,1771685136004000,0,-502.00604,12.354284,0.09515381,0.10109994,12.367172,2.9284776e-05,3.962517e-05,0,0,0,1
1771685136204000,1771685136052000,0,1771685136052000,0,-502.18835,12.354216,0.13583374,0.104371965,12.367075,5.967718e-05,4.151413e-05,0,0,0,1
1771685136260000,1771685136104000,0,1771685136108000,0,-502.31396,12.354284,0.0960083,0.10358408,12.367172,2.98131e-05,4.041186e-05,0,0,0,1
1771685136308000,1771685136156000,0,1771685136156000,0,-502.48688,12.354216,0.1269226,0.105782636,12.367075,5.2103984e-05,4.151329e-05,0,0,0,1
1771685136364000,1771685136208000,0,1771685136212000,0,-502.63605,12.354284,0.11071777,0.10624754,12.367172,3.9648272e-05,4.13376e-05,0,0,0,1
1771685136412000,1771685136260000,0,1771685136260000,0,-502.8135,12.354216,0.14633179,0.11002359,12.367075,6.925806e-05,4.396779e-05,0,0,0,1
1771685136468000,1771685136312000,0,1771685136316000,0,-502.95786,12.354284,0.12515259,0.11144879,12.367172,5.066047e-05,4.459826e-05,0,0,0,1
1771685136516000,1771685136364000,0,1771685136364000,0,-503.1399,12.354216,0.16525269,0.11651727,12.367075,8.83263e-05,4.8717568e-05,0,0,0,1
1771685136572000,1771685136416000,0,1771685136420000,0,-503.3028,12.354284,0.16268921,0.1208668,12.367172,8.560656e-05,5.219262e-05,0,0,0,1
1771685136620000,1771685136468000,0,1771685136468000,0,-503.40002,12.354216,0.11752319,0.12055182,12.367075,4.4672488e-05,5.14842e-05,0,0,0,1
1771685136676000,1771685136520000,0,1771685136524000,0,-503.5399,12.354284,0.09136963,0.11780277,12.367172,2.7001835e-05,4.917789e-05,0,0,0,1
1771685136724000,1771685136572000,0,1771685136572000,0,-503.74573,12.354216,0.15496826,0.121303864,12.367075,7.767451e-05,5.1862353e-05,0,0,0,1
1771685136780000,1771685136624000,0,1771685136628000,0,-503.8524,12.354284,0.09564209,0.11888645,12.367172,2.9586097e-05,4.9763865e-05,0,0,0,1
1771685136828000,1771685136676000,0,1771685136676000,0,-504.0065,12.354216,0.107299805,0.11779495,12.367075,3.7238387e-05,4.858393e-05,0,0,0,1
1771685136884000,1771685136728000,0,1771685136732000,0,-504.2075,12.354284,0.14260864,0.120132476,12.367172,6.5778084e-05,5.020367e-05,0,0,0,1
1771685136932000,1771685136780000,0,1771685136780000,0,-504.32834,12.354216,0.12106323,0.120220155,12.367075,4.7404275e-05,4.993996e-05,0,0,0,1
1771685136988000,1771685136832000,0,1771685136836000,0,-504.48697,12.354284,0.1138916,0.11962399,12.367172,4.195396e-05,4.9187656e-05,0,0,0,1
1771685137036000,1771685136884000,0,1771685136884000,0,-504.6081,12.354216,0.092681885,0.11708596,12.367075,2.7783228e-05,4.7171296e-05,0,0,0,1
1771685137092000,1771685136936000,0,1771685136940000,0,-504.84207,12.354284,0.16119385,0.121241055,12.367172,8.404008e-05,5.064444e-05,0,0,0,1
1771685137140000,1771685136988000,0,1771685136988000,0,-504.99094,12.354216,0.16799927,0.12564582,12.367075,9.1286754e-05,5.4473065e-05,0,0,0,1
1771685137196000,1771685137040000,0,1771685137044000,0,-505.12097,12.354284,0.13214111,0.12625769,12.367172,5.64762e-05,5.4661767e-05,0,0,0,1
1771685137244000,1771685137092000,0,1771685137092000,0,-505.28418,12.354216,0.15304565,0.1287812,12.367075,7.575913e-05,5.66492e-05,0,0,0,1
1771685137300000,1771685137144000,0,1771685137148000,0,-505.41904,12.354284,0.12188721,0.12813176,12.367172,4.8051374e-05,5.583926e-05,0,0,0,1
1771685137348000,1771685137196000,0,1771685137196000,0,-505.61053,12.354216,0.17080688,0.13215189,12.367075,9.436343e-05,5.9468348e-05,0,0,0,1
1771685137404000,1771685137248000,0,1771685137252000,0,-505.7593,12.354284,0.15368652,0.13418052,12.367172,7.639433e-05,6.106283e-05,0,0,0,1
1771685137452000,1771685137300000,0,1771685137300000,0,-505.8848,12.354216,0.13696289,0.13444263,12.367075,6.067347e-05,6.102615e-05,0,0,0,1
1771685137508000,1771685137352000,0,1771685137356000,0,-505.98224,12.354284,0.068237305,0.1282059,12.367172,1.5060288e-05,5.669603e-05,0,0,0,1
1771685137556000,1771685137404000,0,1771685137404000,0,-506.20233,12.354216,0.14611816,0.12989329,12.367075,6.9056e-05,5.7860376e-05,0,0,0,1
1771685137612000,1771685137456000,0,1771685137460000,0,-506.37012,12.354284,0.14804077,0.13160284,12.367172,7.088466e-05,5.9087302e-05,0,0,0,1
1771685137660000,1771685137508000,0,1771685137508000,0,-506.49564,12.354216,0.131073,0.13155292,12.367075,5.5567318e-05,5.8755708e-05,0,0,0,1
1771685137716000,1771685137560000,0,1771685137564000,0,-506.65884,12.354284,0.12850952,0.13126622,12.367172,5.341462e-05,5.825256e-05,0,0,0,1
1771685137764000,1771685137612000,0,1771685137612000,0,-506.7892,12.354216,0.11685181,0.12990834,12.367075,4.416354e-05,5.6925335e-05,0,0,0,1
1771685137820000,1771685137664000,0,1771685137668000,0,-507.0183,12.354284,0.1803894,0.1346638,12.367172,0.000105247454,6.147742e-05,0,0,0,1
1771685137868000,1771685137716000,0,1771685137716000,0,-507.07312,12.354216,0.09298706,0.13073774,12.367075,2.7966495e-05,5.832059e-05,0,0,0,1
1771685137924000,1771685137768000,0,1771685137772000,0,-507.2648,12.354284,0.11895752,0.129628,12.367171,4.5769208e-05,5.7138215e-05,0,0,0,1
1771685137972000,1771685137820000,0,1771685137820000,0,-507.46103,12.354216,0.17233276,0.13365091,12.367075,9.605692e-05,6.0804472e-05,0,0,0,1
1771685138028000,1771685137872000,0,1771685137876000,0,-507.53937,12.354284,0.08425903,0.12899806,12.367171,2.2962678e-05,5.7239664e-05,0,0,0,1
1771685138076000,1771685137924000,0,1771685137924000,0,-507.73117,12.354216,0.13296509,0.12937176,12.367075,5.718317e-05,5.723434e-05,0,0,0,1
1771685138132000,1771685137976000,0,1771685137980000,0,-507.87088,12.354284,0.10638428,0.12720628,12.367171,3.6605343e-05,5.529103e-05,0,0,0,1
1771685138180000,1771685138028000,0,1771685138028000,0,-508.02963,12.354216,0.12213135,0.1267282,12.367075,4.824444e-05,5.462722e-05,0,0,0,1
1771685138236000,1771685138080000,0,1771685138084000,0,-508.16946,12.354284,0.095581055,0.12379406,12.367171,2.954835e-05,5.2264717e-05,0,0,0,1
1771685138284000,1771685138132000,0,1771685138132000,0,-508.34708,12.354216,0.13015747,0.12439351,12.367075,5.4793767e-05,5.250296e-05,0,0,0,1
1771685138340000,1771685138184000,0,1771685138188000,0,-508.54315,12.354284,0.15957642,0.12770784,12.367171,8.236202e-05,5.531577e-05,0,0,0,1
1771685138388000,1771685138236000,0,1771685138236000,0,-508.63568,12.354216,0.10900879,0.12594633,12.367075,3.843404e-05,5.372546e-05,0,0,0,1
1771685138444000,1771685138288000,0,1771685138292000,0,-508.81317,12.354284,0.11987305,0.12537421,12.367171,4.6476423e-05,5.304258e-05,0,0,0,1
1771685138492000,1771685138340000,0,1771685138340000,0,-508.95303,12.354216,0.11618042,0.12450813,12.367075,4.3657503e-05,5.2158477e-05,0,0,0,1
1771685138548000,1771685138392000,0,1771685138396000,0,-509.107,12.354284,0.103271484,0.12250757,12.367171,3.4494547e-05,5.0494484e-05,0,0,0,1
1771685138596000,1771685138444000,0,1771685138444000,0,-509.3033,12.354216,0.15625,0.12568621,12.367075,7.896471e-05,5.317646e-05,0,0,0,1
1771685138652000,1771685138496000,0,1771685138500000,0,-509.4475,12.354284,0.13345337,0.1264179,12.367171,5.7603473e-05,5.3593496e-05,0,0,0,1
1771685138700000,1771685138548000,0,1771685138548000,0,-509.58728,12.354216,0.1296997,0.12672706,12.367075,5.440903e-05,5.3670323e-05,0,0,0,1
1771685138756000,1771685138600000,0,1771685138604000,0,-509.71295,12.354284,0.088378906,0.12311455,12.367171,2.5263113e-05,5.099428e-05,0,0,0,1
1771685138804000,1771685138652000,0,1771685138652000,0,-509.84363,12.354216,0.07543945,0.11862341,12.367075,1.8407298e-05,4.792449e-05,0,0,0,1
1771685138860000,1771685138704000,0,1771685138708000,0,-510.0637,12.354284,0.12826538,0.11953171,12.367171,5.3211865e-05,4.842258e-05,0,0,0,1
1771685138908000,1771685138756000,0,1771685138756000,0,-510.22693,12.354216,0.14816284,0.122228846,12.367075,7.100216e-05,5.0549643e-05,0,0,0,1
1771685138964000,1771685138808000,0,1771685138812000,0,-510.35712,12.354284,0.11129761,0.121199094,12.367171,4.0064642e-05,4.9561924e-05,0,0,0,1
1771685139012000,1771685138860000,0,1771685138860000,0,-510.48294,12.354216,0.09313965,0.118555814,12.367075,2.8058354e-05,4.7536225e-05,0,0,0,1
1771685139068000,1771685138912000,0,1771685138916000,0,-510.61835,12.354284,0.061309814,0.11316308,12.367171,1.21576495e-05,4.420346e-05,0,0,0,1
1771685139116000,1771685138964000,0,1771685138964000,0,-510.88074,12.354216,0.18054199,0.11951037,12.367075,0.00010542642,4.9970844e-05,0,0,0,1
1771685139172000,1771685139016000,0,1771685139020000,0,-510.9684,12.354284,0.10089111,0.11775638,12.367171,3.29227e-05,4.836486e-05,0,0,0,1
1771685139220000,1771685139068000,0,1771685139068000,0,-511.16946,12.354216,0.15826416,0.12157233,12.367075,8.101364e-05,5.1440467e-05,0,0,0,1
1771685139276000,1771685139120000,0,1771685139124000,0,-511.29956,12.354284,0.12075806,0.12149563,12.367171,4.7165217e-05,5.1037725e-05,0,0,0,1
1771685139324000,1771685139172000,0,1771685139172000,0,-511.4676,12.354216,0.14492798,0.123703025,12.367075,6.79356e-05,5.2629555e-05,0,0,0,1
1771685139380000,1771685139224000,0,1771685139228000,0,-511.55557,12.354284,0.065216064,0.11819338,12.367171,1.3756209e-05,4.8967573e-05,0,0,0,1
1771685139428000,1771685139276000,0,1771685139276000,0,-511.73813,12.354216,0.10421753,0.11687682,12.367075,3.512971e-05,4.7664005e-05,0,0,0,1
1771685139484000,1771685139328000,0,1771685139332000,0,-511.84055,12.354284,0.038970947,0.10953786,12.367171,4.912149e-06,4.3636657e-05,0,0,0,1
1771685139532000,1771685139380000,0,1771685139380000,0,-512.0374,12.354216,0.09237671,0.107921235,12.367075,2.7600565e-05,4.2126012e-05,0,0,0,1
1771685139588000,1771685139432000,0,1771685139436000,0,-512.1915,12.354284,0.07965088,0.105258085,12.367171,2.0519688e-05,4.0090632e-05,0,0,0,1
1771685139636000,1771685139484000,0,1771685139484000,0,-512.35986,12.354216,0.1048584,0.10522043,12.367075,3.5563084e-05,3.9664123e-05,0,0,0,1
1771685139692000,1771685139536000,0,1771685139540000,0,-512.5046,12.354284,0.08258057,0.103087686,12.367171,2.2056944e-05,3.8005473e-05,0,0,0,1
1771685139740000,1771685139588000,0,1771685139588000,0,-512.6823,12.354216,0.1171875,0.10441593,12.367075,4.4417648e-05,3.860952e-05,0,0,0,1
1771685139796000,1771685139640000,0,1771685139644000,0,-512.81744,12.354284,0.085754395,0.10265796,12.367171,2.3784956e-05,3.7213e-05,0,0,0,1
1771685139844000,1771685139692000,0,1771685139692000,0,-512.9858,12.354216,0.11114502,0.103457466,12.367075,3.995517e-05,3.7471324e-05,0,0,0,1
1771685139900000,1771685139744000,0,1771685139748000,0,-513.1726,12.354284,0.13122559,0.106073305,12.367171,5.569634e-05,3.9188173e-05,0,0,0,1
1771685139948000,1771685139796000,0,1771685139796000,0,-513.317,12.354216,0.13238525,0.108551964,12.367075,5.668553e-05,4.0836476e-05,0,0,0,1
1771685140004000,1771685139848000,0,1771685139852000,0,-513.485,12.354284,0.13336182,0.11088912,12.367171,5.7524467e-05,4.2408534e-05,0,0,0,1
1771685140052000,1771685139900000,0,1771685139900000,0,-513.63403,12.354216,0.13909912,0.11354659,12.367075,6.25809e-05,4.430883e-05,0,0,0,1
1771685140108000,1771685139952000,0,1771685139956000,0,-513.75494,12.354284,0.09283447,0.111595444,12.367171,2.7874568e-05,4.2760672e-05,0,0,0,1
1771685140156000,1771685140004000,0,1771685140004000,0,-513.96545,12.354216,0.16003418,0.116158515,12.367075,8.283588e-05,4.653587e-05,0,0,0,1
1771685140212000,1771685140056000,0,1771685140060000,0,-514.0674,12.354284,0.09503174,0.11416831,12.367171,2.920969e-05,4.4903696e-05,0,0,0,1
1771685140260000,1771685140108000,0,1771685140108000,0,-514.22156,12.354216,0.105895996,0.11338903,12.367075,3.6270376e-05,4.409041e-05,0,0,0,1
1771685140316000,1771685140160000,0,1771685140164000,0,-514.36615,12.354284,0.083496094,0.11057303,12.367171,2.2548722e-05,4.206112e-05,0,0,0,1
1771685140364000,1771685140212000,0,1771685140212000,0,-514.5486,12.354216,0.12243652,0.1116906,12.367075,4.8485846e-05,4.266635e-05,0,0,0,1
1771685140420000,1771685140264000,0,1771685140268000,0,-514.73535,12.354284,0.14245605,0.1145888,12.367171,6.563741e-05,4.483029e-05,0,0,0,1
1771685140468000,1771685140316000,0,1771685140316000,0,-514.81396,12.354216,0.07788086,0.111130804,12.367075,1.9617988e-05,4.2455216e-05,0,0,0,1
1771685140524000,1771685140368000,0,1771685140372000,0,-514.98706,12.354284,0.08441162,0.10861378,12.367171,2.3045923e-05,4.0626805e-05,0,0,0,1
1771685140572000,1771685140420000,0,1771685140420000,0,-515.1178,12.354216,0.072021484,0.10516668,12.367075,1.6777109e-05,3.8380094e-05,0,0,0,1
1771685140628000,1771685140472000,0,1771685140476000,0,-515.3331,12.354284,0.12060547,0.10662106,12.367171,4.70461e-05,3.9196457e-05,0,0,0,1
1771685140676000,1771685140524000,0,1771685140524000,0,-515.49176,12.354216,0.1359253,0.1093816,12.367075,5.9757655e-05,4.1133382e-05,0,0,0,1
1771685140732000,1771685140576000,0,1771685140580000,0,-515.64087,12.354284,0.11798096,0.11019169,12.367171,4.5020824e-05,4.1499592e-05,0,0,0,1
1771685140780000,1771685140628000,0,1771685140628000,0,-515.7807,12.354216,0.11413574,0.110563226,12.367075,4.2134354e-05,4.155939e-05,0,0,0,1
1771685140836000,1771685140680000,0,1771685140684000,0,-515.9159,12.354284,0.081970215,0.107869685,12.367171,2.1732103e-05,3.96916e-05,0,0,0,1
1771685140884000,1771685140732000,0,1771685140732000,0,-516.0842,12.354216,0.10626221,0.10771826,12.367075,3.6521673e-05,3.9392984e-05,0,0,0,1
1771685140940000,1771685140784000,0,1771685140788000,0,-516.1913,12.354284,0.045837402,0.1018889,12.367171,6.795628e-06,3.6322217e-05,0,0,0,1
1771685140988000,1771685140836000,0,1771685140836000,0,-516.3646,12.354216,0.075805664,0.09943178,12.367075,1.8586445e-05,3.4651457e-05,0,0,0,1
1771685141044000,1771685140888000,0,1771685140892000,0,-516.5424,12.354284,0.08666992,0.09822958,12.367171,2.4295532e-05,3.36759e-05,0,0,0,1
1771685141092000,1771685140940000,0,1771685140940000,0,-516.7342,12.354216,0.13464355,0.10165988,12.367075,5.863597e-05,3.602721e-05,0,0,0,1
1771685141148000,1771685140992000,0,1771685140996000,0,-516.8551,12.354284,0.0881958,0.10039152,12.367171,2.5158539e-05,3.5003348e-05,0,0,0,1
1771685141196000,1771685141044000,0,1771685141044000,0,-516.99994,12.354216,0.0892334,0.099340394,12.367075,2.5754187e-05,3.413205e-05,0,0,0,1
1771685141252000,1771685141096000,0,1771685141100000,0,-517.20105,12.354284,0.123413086,0.10160811,12.367171,4.9262e-05,3.5557332e-05,0,0,0,1
1771685141300000,1771685141148000,0,1771685141148000,0,-517.3221,12.354216,0.10119629,0.10156932,12.367074,3.3122433e-05,3.5327957e-05,0,0,0,1
1771685141356000,1771685141200000,0,1771685141204000,0,-517.4621,12.354284,0.07385254,0.09895831,12.367171,1.7640888e-05,3.3661785e-05,0,0,0,1
1771685141404000,1771685141252000,0,1771685141252000,0,-517.63983,12.354216,0.10784912,0.099795856,12.367074,3.7620648e-05,3.403472e-05,0,0,0,1
1771685141460000,1771685141304000,0,1771685141308000,0,-517.75635,12.354284,0.05682373,0.095747754,12.367171,1.0443572e-05,3.1812368e-05,0,0,0,1
1771685141508000,1771685141356000,0,1771685141356000,0,-517.92957,12.354216,0.08630371,0.094858095,12.367074,2.4090841e-05,3.108498e-05,0,0,0,1
1771685141564000,1771685141408000,0,1771685141412000,0,-518.0838,12.354284,0.07324219,0.092821814,12.367171,1.7350509e-05,2.9791152e-05,0,0,0,1
1771685141612000,1771685141460000,0,1771685141460000,0,-518.2804,12.354216,0.12634277,0.095979586,12.367074,5.1629017e-05,3.1848343e-05,0,0,0,1
1771685141668000,1771685141512000,0,1771685141516000,0,-518.4154,12.354284,0.09387207,0.09578105,12.367171,2.850115e-05,3.153303e-05,0,0,0,1
1771685141716000,1771685141564000,0,1771685141564000,0,-518.5743,12.354216,0.10888672,0.09701564,12.367074,3.834801e-05,3.217502e-05,0,0,0,1
1771685141772000,1771685141616000,0,1771685141620000,0,-518.69073,12.354284,0.058044434,0.09334444,12.367171,1.0897095e-05,3.0170577e-05,0,0,0,1
1771685141820000,1771685141668000,0,1771685141668000,0,-518.85925,12.354216,0.08300781,0.092370704,12.367074,2.228594e-05,2.9427822e-05,0,0,0,1
1771685141876000,1771685141720000,0,1771685141724000,0,-519.00885,12.354284,0.06555176,0.08984428,12.367171,1.3898191e-05,2.7964885e-05,0,0,0,1
1771685141924000,1771685141772000,0,1771685141772000,0,-519.1773,12.354216,0.09057617,0.08991323,12.367074,2.6535114e-05,2.7830196e-05,0,0,0,1
1771685141980000,1771685141824000,0,1771685141828000,0,-519.3408,12.354284,0.08679199,0.0896192,12.367171,2.4364019e-05,2.7503673e-05,0,0,0,1
1771685142028000,1771685141876000,0,1771685141876000,0,-519.48566,12.354216,0.08843994,0.08950811,12.367074,2.5298217e-05,2.7295913e-05,0,0,0,1
1771685142084000,1771685141928000,0,1771685141932000,0,-519.668,12.354284,0.10406494,0.0908794,12.367171,3.5026642e-05,2.8024171e-05,0,0,0,1
1771685142132000,1771685141980000,0,1771685141980000,0,-519.8174,12.354216,0.10998535,0.09267924,12.367074,3.9125756e-05,2.9069972e-05,0,0,0,1
1771685142188000,1771685142032000,0,1771685142036000,0,-519.9902,12.354284,0.11553955,0.09483275,12.367171,4.317685e-05,3.039888e-05,0,0,0,1
1771685142236000,1771685142084000,0,1771685142084000,0,-520.09247,12.354216,0.07421875,0.09289085,12.367074,1.7816414e-05,2.9213576e-05,0,0,0,1
1771685142292000,1771685142136000,0,1771685142140000,0,-520.29376,12.354284,0.10827637,0.09434021,12.367171,3.7919006e-05,3.0033652e-05,0,0,0,1
1771685142340000,1771685142188000,0,1771685142188000,0,-520.4149,12.354216,0.085632324,0.0935199,12.367074,2.3717477e-05,2.943865e-05,0,0,0,1
1771685142396000,1771685142240000,0,1771685142244000,0,-520.5456,12.354284,0.049316406,0.089355804,12.367171,7.866335e-06,2.7406475e-05,0,0,0,1
1771685142444000,1771685142292000,0,1771685142292000,0,-520.6814,12.354216,0.041748047,0.08487102,12.367074,5.637225e-06,2.5355748e-05,0,0,0,1
1771685142500000,1771685142344000,0,1771685142348000,0,-520.85944,12.354284,0.05279541,0.0818494,12.367171,9.015336e-06,2.3816434e-05,0,0,0,1
1771685142548000,1771685142396000,0,1771685142396000,0,-520.9858,12.354216,0.035827637,0.07751402,12.367074,4.1517324e-06,2.1963962e-05,0,0,0,1
1771685142604000,1771685142448000,0,1771685142452000,0,-521.1733,12.354284,0.056640625,0.07554769,12.367171,1.0376375e-05,2.0872378e-05,0,0,0,1
1771685142652000,1771685142500000,0,1771685142500000,0,-521.29956,12.354216,0.039855957,0.07218542,12.367074,5.1378274e-06,1.9390138e-05,0,0,0,1
1771685142708000,1771685142552000,0,1771685142556000,0,-521.4682,12.354284,0.041748047,0.06931813,12.367171,5.6371805e-06,1.809457e-05,0,0,0,1
1771685142756000,1771685142604000,0,1771685142604000,0,-521.5993,12.354216,0.029724121,0.06558826,12.367074,2.8576635e-06,1.6659209e-05,0,0,0,1
1771685142812000,1771685142656000,0,1771685142660000,0,-521.81506,12.354284,0.07891846,0.066844,12.367171,2.0144049e-05,1.6987491e-05,0,0,0,1
1771685142860000,1771685142708000,0,1771685142708000,0,-521.9646,12.354216,0.08538818,0.06859092,12.367074,2.3582432e-05,1.7608754e-05,0,0,0,1
1771685142916000,1771685142760000,0,1771685142764000,0,-522.0813,12.354284,0.03552246,0.06547577,12.367171,4.0812733e-06,1.6334427e-05,0,0,0,1
1771685142964000,1771685142812000,0,1771685142812000,0,-522.2688,12.354216,0.079589844,0.066805355,12.367074,2.0488415e-05,1.6725744e-05,0,0,0,1
1771685143020000,1771685142864000,0,1771685142868000,0,-522.43713,12.354284,0.08129883,0.06817068,12.367171,2.1377562e-05,1.7163959e-05,0,0,0,1
1771685143068000,1771685142916000,0,1771685142916000,0,-522.56323,12.354216,0.064208984,0.067797475,12.367074,1.3334742e-05,1.6803235e-05,0,0,0,1
1771685143124000,1771685142968000,0,1771685142972000,0,-522.70825,12.354284,0.04248047,0.065412536,12.367171,5.8367114e-06,1.5770156e-05,0,0,0,1
1771685143172000,1771685143020000,0,1771685143020000,0,-522.8581,12.354216,0.04925537,0.06389049,12.367074,7.846938e-06,1.5023766e-05,0,0,0,1
1771685143228000,1771685143072000,0,1771685143076000,0,-522.99384,12.354284,0.018432617,0.059608225,12.367171,1.0989138e-06,1.3712004e-05,0,0,0,1
1771685143276000,1771685143124000,0,1771685143124000,0,-523.1392,12.354216,0.020812988,0.0559536,12.367074,1.4010767e-06,1.2552279e-05,0,0,0,1
1771685143332000,1771685143176000,0,1771685143180000,0,-523.2893,12.354284,0.0045776367,0.051113836,12.367171,6.7775424e-08,1.1376203e-05,0,0,0,1
1771685143380000,1771685143228000,0,1771685143228000,0,-523.48645,12.354216,0.05883789,0.051841464,12.367074,1.1197143e-05,1.1359335e-05,0,0,0,1
1771685143436000,1771685143280000,0,1771685143284000,0,-523.63153,12.354284,0.037597656,0.050499655,12.367171,4.5720517e-06,1.0719953e-05,0,0,0,1
1771685143484000,1771685143332000,0,1771685143332000,0,-523.8237,12.354216,0.08703613,0.053941496,12.367074,2.4501474e-05,1.2018212e-05,0,0,0,1
1771685143540000,1771685143384000,0,1771685143388000,0,-523.94037,12.354284,0.037109375,0.05235586,12.367171,4.4540684e-06,1.1305648e-05,0,0,0,1
1771685143588000,1771685143436000,0,1771685143436000,0,-524.1419,12.354216,0.09576416,0.056445047,12.367074,2.9661906e-05,1.3034861e-05,0,0,0,1
1771685143644000,1771685143488000,0,1771685143492000,0,-524.2725,12.354284,0.059448242,0.056727957,12.367171,1.1430563e-05,1.2883731e-05,0,0,0,1
1771685143692000,1771685143540000,0,1771685143540000,0,-524.4129,12.354216,0.05633545,0.05669098,12.367074,1.0264944e-05,1.2637033e-05,0,0,0,1
1771685143748000,1771685143592000,0,1771685143596000,0,-524.5673,12.354284,0.0435791,0.055455804,12.367171,6.142514e-06,1.2025231e-05,0,0,0,1
1771685143796000,1771685143644000,0,1771685143644000,0,-524.74536,12.354216,0.07763672,0.05754531,12.367074,1.9495186e-05,1.2728922e-05,0,0,0,1
1771685143852000,1771685143696000,0,1771685143700000,0,-524.8715,12.354284,0.036743164,0.05558569,12.367171,4.3665927e-06,1.1941166e-05,0,0,0,1
1771685143900000,1771685143748000,0,1771685143748000,0,-525.12,12.354216,0.14160156,0.063688636,12.367074,6.485286e-05,1.6925602e-05,0,0,0,1
1771685143956000,1771685143800000,0,1771685143804000,0,-525.14703,12.354284,0.001953125,0.057872973,12.367171,1.2338139e-08,1.5332324e-05,0,0,0,1
1771685144004000,1771685143852000,0,1771685143852000,0,-525.32544,12.354216,0.037109375,0.055916984,12.367074,4.4541034e-06,1.4307563e-05,0,0,0,1
1771685144060000,1771685143904000,0,1771685143908000,0,-525.4613,12.354284,0.0063476562,0.05124741,12.367171,1.303216e-07,1.2972026e-05,0,0,0,1
1771685144108000,1771685143956000,0,1771685143956000,0,-525.60675,12.354216,0.009094238,0.04727646,12.367074,2.6750118e-07,1.1775222e-05,0,0,0,1
1771685144164000,1771685144008000,0,1771685144012000,0,-525.78503,12.354284,0.020935059,0.04479502,12.367171,1.4175487e-06,1.0799499e-05,0,0,0,1
1771685144212000,1771685144060000,0,1771685144060000,0,-525.89294,12.354216,-0.013977051,0.03925852,12.367074,6.3186474e-07,9.722631e-06,0,0,0,1
1771685144268000,1771685144112000,0,1771685144116000,0,-526.13245,12.354284,0.0592041,0.041137453,12.367171,1.1336871e-05,9.874697e-06,0,0,0,1
1771685144316000,1771685144164000,0,1771685144164000,0,-526.26807,12.354216,0.05230713,0.04218967,12.367074,8.84942e-06,9.778113e-06,0,0,0,1
1771685144372000,1771685144216000,0,1771685144220000,0,-526.4085,12.354284,0.026489258,0.040710643,12.367171,2.2694946e-06,9.070779e-06,0,0,0,1
1771685144420000,1771685144268000,0,1771685144268000,0,-526.62427,12.354216,0.09967041,0.046264824,12.367074,3.2131094e-05,1.1243128e-05,0,0,0,1
1771685144476000,1771685144320000,0,1771685144324000,0,-526.7502,12.354284,0.058898926,0.047454994,12.367171,1.1220297e-05,1.1240977e-05,0,0,0,1
1771685144524000,1771685144372000,0,1771685144372000,0,-526.94684,12.354216,0.11248779,0.05358127,12.367074,4.0926425e-05,1.4037432e-05,0,0,0,1
1771685144580000,1771685144424000,0,1771685144428000,0,-527.04456,12.354284,0.04345703,0.052627537,12.367171,6.10815e-06,1.3290471e-05,0,0,0,1
1771685144628000,1771685144476000,0,1771685144476000,0,-527.15686,12.354216,0.012451172,0.048842806,12.367074,5.0143365e-07,1.2085706e-05,0,0,0,1
1771685144684000,1771685144528000,0,1771685144532000,0,-527.31165,12.354284,0.00048828125,0.04428767,12.367171,7.711337e-10,1.0947269e-05,0,0,0,1
1771685144732000,1771685144580000,0,1771685144580000,0,-527.5464,12.354216,0.091796875,0.048763175,12.367074,2.7255166e-05,1.2483521e-05,0,0,0,1
1771685144788000,1771685144632000,0,1771685144636000,0,-527.66766,12.354284,0.04626465,0.048527807,12.367171,6.9229013e-06,1.1959694e-05,0,0,0,1
1771685144836000,1771685144684000,0,1771685144684000,0,-527.8551,12.354216,0.09057617,0.052488886,12.367074,2.6535114e-05,1.3332741e-05,0,0,0,1
1771685144892000,1771685144736000,0,1771685144740000,0,-527.98584,12.354284,0.054626465,0.052690253,12.367171,9.651521e-06,1.298596e-05,0,0,0,1
1771685144940000,1771685144788000,0,1771685144788000,0,-528.14966,12.354216,0.07531738,0.054821793,12.367074,1.8347779e-05,1.3491059e-05,0,0,0,1
1771685144996000,1771685144840000,0,1771685144844000,0,-528.2336,12.354284,-0.007873535,0.04891571,12.367171,2.0050682e-07,1.2201273e-05,0,0,0,1
1771685145044000,1771685144892000,0,1771685144892000,0,-528.4731,12.354216,0.088134766,0.05261026,12.367074,2.5123929e-05,1.3418625e-05,0,0,0,1
1771685145100000,1771685144944000,0,1771685144948000,0,-528.585,12.354284,0.03302002,0.050764803,12.367171,3.526503e-06,1.2486758e-05,0,0,0,1
1771685145148000,1771685144996000,0,1771685144996000,0,-528.7444,12.354216,0.049316406,0.05062836,12.367074,7.866397e-06,1.2051507e-05,0,0,0,1
1771685145204000,1771685145048000,0,1771685145052000,0,-528.88007,12.354284,0.018310547,0.04758393,12.367171,1.0844068e-06,1.1018375e-05,0,0,0,1
1771685145252000,1771685145100000,0,1771685145100000,0,-529.0114,12.354216,0.0064697266,0.043710854,12.367074,1.3538323e-07,9.993165e-06,0,0,0,1
1771685145308000,1771685145152000,0,1771685145156000,0,-529.1804,12.354284,0.008483887,0.040392373,12.367171,2.3279804e-07,9.07371e-06,0,0,0,1
1771685145356000,1771685145204000,0,1771685145204000,0,-529.33997,12.354216,0.024597168,0.038904417,12.367074,1.9568756e-06,8.403284e-06,0,0,0,1
1771685145412000,1771685145256000,0,1771685145260000,0,-529.5087,12.354284,0.026306152,0.037717625,12.367171,2.2382278e-06,7.822518e-06,0,0,0,1
1771685145460000,1771685145308000,0,1771685145308000,0,-529.6353,12.354216,0.0095825195,0.035067216,12.367074,2.9699726e-07,7.113592e-06,0,0,0,1
1771685145516000,1771685145360000,0,1771685145364000,0,-529.79016,12.354284,-0.0024414062,0.031533793,12.367171,1.9278342e-08,6.441655e-06,0,0,0,1
1771685145564000,1771685145412000,0,1771685145412000,0,-530.039,12.354216,0.10308838,0.038274445,12.367074,3.4372606e-05,9.072832e-06,0,0,0,1
1771685145620000,1771685145464000,0,1771685145468000,0,-530.0851,12.354284,-0.018127441,0.032961223,12.367171,1.0628271e-06,8.118023e-06,0,0,0,1
1771685145668000,1771685145516000,0,1771685145516000,0,-530.2637,12.354216,0.016601562,0.031420097,12.367074,8.9143765e-07,7.437258e-06,0,0,0,1
1771685145724000,1771685145568000,0,1771685145572000,0,-530.45605,12.354284,0.041259766,0.032347023,12.367171,5.5060877e-06,7.255336e-06,0,0,0,1
1771685145772000,1771685145620000,0,1771685145620000,0,-530.6153,12.354216,0.05731201,0.0346988,12.367074,1.0623909e-05,7.5726657e-06,0,0,0,1
1771685145828000,1771685145672000,0,1771685145676000,0,-530.7322,12.354284,0.0072021484,0.032108534,12.367171,1.6776978e-07,6.875103e-06,0,0,0,1
1771685145876000,1771685145724000,0,1771685145724000,0,-530.934,12.354216,0.065979004,0.03529923,12.367074,1.4080061e-05,7.553831e-06,0,0,0,1
1771685145932000,1771685145776000,0,1771685145780000,0,-531.0978,12.354284,0.062805176,0.03789037,12.367171,1.2757938e-05,8.044073e-06,0,0,0,1
1771685145980000,1771685145828000,0,1771685145828000,0,-531.2381,12.354216,0.059753418,0.039949935,12.367074,1.1548313e-05,8.3741825e-06,0,0,0,1
1771685146036000,1771685145880000,0,1771685145884000,0,-531.3738,12.354284,0.028076172,0.03883139,12.367171,2.5495608e-06,7.825486e-06,0,0,0,1
1771685146084000,1771685145932000,0,1771685145932000,0,-531.55194,12.354216,0.06262207,0.04107254,12.367074,1.2683756e-05,8.283149e-06,0,0,0,1
1771685146140000,1771685145984000,0,1771685145988000,0,-531.7063,12.354284,0.04949951,0.041866384,12.367171,7.924857e-06,8.249397e-06,0,0,0,1
1771685146188000,1771685146036000,0,1771685146036000,0,-531.88904,12.354216,0.08831787,0.04624225,12.367074,2.522843e-05,9.848871e-06,0,0,0,1
1771685146244000,1771685146088000,0,1771685146092000,0,-531.9728,12.354284,0.004272461,0.04228857,12.367171,5.9039927e-08,8.9266405e-06,0,0,0,1
1771685146292000,1771685146140000,0,1771685146140000,0,-532.1746,12.354216,0.06225586,0.04416955,12.367074,1.2535842e-05,9.266638e-06,0,0,0,1
1771685146348000,1771685146192000,0,1771685146196000,0,-532.34784,12.354284,0.067993164,0.0464138,12.367171,1.4952717e-05,9.802283e-06,0,0,0,1
1771685146396000,1771685146244000,0,1771685146244000,0,-532.45056,12.354216,0.026916504,0.0445771,12.367074,2.343313e-06,9.099626e-06,0,0,0,1
1771685146452000,1771685146296000,0,1771685146300000,0,-532.6287,12.354284,0.03753662,0.043913867,12.367171,4.5572197e-06,8.671718e-06,0,0,0,1
1771685146500000,1771685146348000,0,1771685146348000,0,-532.7176,12.354216,-0.017456055,0.03813264,12.367074,9.855648e-07,7.761974e-06,0,0,0,1
1771685146556000,1771685146400000,0,1771685146404000,0,-532.9243,12.354284,0.022216797,0.036633324,12.367171,1.5964396e-06,7.181163e-06,0,0,0,1
1771685146604000,1771685146452000,0,1771685146452000,0,-533.0603,12.354216,0.015014648,0.034596782,12.367074,7.291609e-07,6.5733657e-06,0,0,0,1
1771685146660000,1771685146504000,0,1771685146508000,0,-533.2714,12.354284,0.0592041,0.036914863,12.367171,1.1336871e-05,7.0221017e-06,0,0,0,1
1771685146708000,1771685146556000,0,1771685146556000,0,-533.4165,12.354216,0.06085205,0.039169814,12.367074,1.1976874e-05,7.4888558e-06,0,0,0,1
1771685146764000,1771685146608000,0,1771685146612000,0,-533.5756,12.354284,0.052612305,0.040436137,12.367171,8.952911e-06,7.6267743e-06,0,0,0,1
1771685146812000,1771685146660000,0,1771685146660000,0,-533.65967,12.354216,-0.006958008,0.03597147,12.367074,1.5658958e-07,6.8935587e-06,0,0,0,1
1771685146868000,1771685146712000,0,1771685146716000,0,-533.84283,12.354284,0.008605957,0.033393558,12.367171,2.3954547e-07,6.2667314e-06,0,0,0,1
1771685146916000,1771685146764000,0,1771685146764000,0,-533.96954,12.354216,-0.008422852,0.029454332,12.367074,2.2946229e-07,5.654771e-06,0,0,0,1
1771685146972000,1771685146816000,0,1771685146820000,0,-534.18085,12.354284,0.0357666,0.030048966,12.367171,4.137566e-06,5.5118458e-06,0,0,0,1
1771685147020000,1771685146868000,0,1771685146868000,0,-534.298,12.354216,0.009277344,0.028092219,12.367074,2.7838146e-07,5.0188382e-06,0,0,0,1
1771685147076000,1771685146920000,0,1771685146924000,0,-534.481,12.354284,0.024963379,0.027797474,12.367171,2.0155628e-06,4.735921e-06,0,0,0,1
1771685147124000,1771685146972000,0,1771685146972000,0,-534.62164,12.354216,0.022094727,0.027260259,12.367074,1.5789569e-06,4.4385256e-06,0,0,0,1
1771685147180000,1771685147024000,0,1771685147028000,0,-534.80927,12.354284,0.04260254,0.028705547,12.367171,5.8703035e-06,4.573403e-06,0,0,0,1
1771685147228000,1771685147076000,0,1771685147076000,0,-534.90753,12.354216,-0.002746582,0.025742665,12.367074,2.4399347e-08,4.140277e-06,0,0,0,1
1771685147284000,1771685147128000,0,1771685147132000,0,-535.1047,12.354284,0.027160645,0.025876243,12.367171,2.3859961e-06,3.9750184e-06,0,0,0,1
1771685147332000,1771685147180000,0,1771685147180000,0,-535.29694,12.354216,0.07556152,0.03055674,12.367074,1.8466919e-05,5.3401977e-06,0,0,0,1
1771685147388000,1771685147232000,0,1771685147236000,0,-535.4043,12.354284,0.015380859,0.029127128,12.367171,7.6515744e-07,4.9092155e-06,0,0,0,1
1771685147436000,1771685147284000,0,1771685147284000,0,-535.6061,12.354216,0.07330322,0.033288646,12.367074,1.7379576e-05,6.0839598e-06,0,0,0,1
1771685147492000,1771685147336000,0,1771685147340000,0,-535.73224,12.354284,0.031799316,0.03314835,12.367171,3.270583e-06,5.8189316e-06,0,0,0,1
1771685147540000,1771685147388000,0,1771685147388000,0,-535.91974,12.354216,0.07550049,0.037138045,12.367074,1.8437098e-05,7.0075994e-06,0,0,0,1
1771685147596000,1771685147440000,0,1771685147444000,0,-535.98956,12.354284,-0.021972656,0.031569645,12.36717,1.5615459e-06,6.200361e-06,0,0,0,1
1771685147644000,1771685147492000,0,1771685147492000,0,-536.16815,12.354216,0.013122559,0.029831875,12.367074,5.569678e-07,5.668737e-06,0,0,0,1
1771685147700000,1771685147544000,0,1771685147548000,0,-536.36053,12.354284,0.038146973,0.03061518,12.36717,4.7066274e-06,5.5781034e-06,0,0,0,1
1771685147748000,1771685147596000,0,1771685147596000,0,-536.52454,12.354216,0.058654785,0.033256594,12.367074,1.1127559e-05,6.100878e-06,0,0,0,1
1771685147804000,1771685147648000,0,1771685147652000,0,-536.6414,12.354284,0.008544922,0.030928683,12.36717,2.3615972e-07,5.5484047e-06,0,0,0,1
1771685147852000,1771685147700000,0,1771685147700000,0,-536.8056,12.354216,0.029541016,0.03079796,12.367074,2.8225645e-06,5.2916225e-06,0,0,0,1
1771685147908000,1771685147752000,0,1771685147756000,0,-536.9697,12.354284,0.026489258,0.030392068,12.36717,2.2694949e-06,5.0069293e-06,0,0,0,1
1771685147956000,1771685147804000,0,1771685147804000,0,-537.13855,12.354216,0.051940918,0.032422032,12.367074,8.725941e-06,5.357271e-06,0,0,0,1
1771685148012000,1771685147856000,0,1771685147860000,0,-537.2696,12.354284,0.01586914,0.030862702,12.36717,8.145101e-07,4.92933e-06,0,0,0,1
1771685148060000,1771685147908000,0,1771685147908000,0,-537.4056,12.354216,0.008728027,0.02877755,12.367074,2.463912e-07,4.4881835e-06,0,0,0,1
1771685148116000,1771685147960000,0,1771685147964000,0,-537.59796,12.354284,0.034057617,0.029274948,12.36717,3.7516143e-06,4.4187964e-06,0,0,0,1
1771685148164000,1771685148012000,0,1771685148012000,0,-537.6822,12.354216,-0.025756836,0.024090793,12.367074,2.1457447e-06,3.8003975e-06,0,0,0,1
1771685148220000,1771685148064000,0,1771685148068000,0,-537.86084,12.354284,-0.014526367,0.020452945,12.36717,6.825016e-07,3.3780955e-06,0,0,0,1
1771685148268000,1771685148116000,0,1771685148116000,0,-538.05817,12.354216,0.039489746,0.022246266,12.367074,5.043845e-06,3.535014e-06,0,0,0,1
1771685148324000,1771685148168000,0,1771685148172000,0,-538.21747,12.354284,0.03173828,0.023140442,12.36717,3.2580404e-06,3.5089222e-06,0,0,0,1
1771685148372000,1771685148220000,0,1771685148220000,0,-538.37213,12.354216,0.042907715,0.025002576,12.367074,5.9547538e-06,3.7393265e-06,0,0,0,1
1771685148428000,1771685148272000,0,1771685148276000,0,-538.46564,12.354284,-0.03100586,0.019726418,12.36717,3.1094044e-06,3.0941562e-06,0,0,0,1
1771685148476000,1771685148324000,0,1771685148324000,0,-538.66785,12.354216,0.027526855,0.020461243,12.367074,2.4507908e-06,3.0335493e-06,0,0,0,1
1771685148532000,1771685148376000,0,1771685148380000,0,-538.8225,12.354284,0.014831543,0.019930908,12.36717,7.114794e-07,2.8148036e-06,0,0,0,1
1771685148580000,1771685148428000,0,1771685148428000,0,-538.97266,12.354216,0.02130127,0.020060001,12.367074,1.4675875e-06,2.687892e-06,0,0,0,1
1771685148636000,1771685148480000,0,1771685148484000,0,-539.2025,12.354284,0.084106445,0.026093362,12.36717,2.2879589e-05,4.5900088e-06,0,0,0,1
1771685148684000,1771685148532000,0,1771685148532000,0,-539.291,12.354216,0.028869629,0.026354894,12.367074,2.695724e-06,4.411562e-06,0,0,0,1
1771685148740000,1771685148584000,0,1771685148588000,0,-539.4457,12.354284,0.016052246,0.025384355,12.36717,8.334149e-07,4.07449e-06,0,0,0,1
1771685148788000,1771685148636000,0,1771685148636000,0,-539.65216,12.354216,0.07861328,0.030398674,12.367074,1.9988714e-05,5.5736564e-06,0,0,0,1
1771685148844000,1771685148688000,0,1771685148692000,0,-539.7876,12.354284,0.046020508,0.031870298,12.36717,6.85003e-06,5.6938943e-06,0,0,0,1
1771685148892000,1771685148740000,0,1771685148740000,0,-539.9469,12.354216,0.06121826,0.034634963,12.367074,1.21214625e-05,6.29939e-06,0,0,0,1
1771685148948000,1771685148792000,0,1771685148796000,0,-540.0872,12.354284,0.03363037,0.034540325,12.36717,3.658078e-06,6.050571e-06,0,0,0,1
1771685148996000,1771685148844000,0,1771685148844000,0,-540.2654,12.354216,0.06781006,0.03767443,12.367074,1.48724075e-05,6.8816134e-06,0,0,0,1
1771685149052000,1771685148896000,0,1771685148900000,0,-540.37274,12.354284,0.0076293945,0.0348441,12.36717,1.8826509e-07,6.251081e-06,0,0,0,1
1771685149100000,1771685148948000,0,1771685148948000,0,-540.5699,12.354216,0.061157227,0.037322875,12.367074,1.2097304e-05,6.801812e-06,0,0,0,1
1771685149156000,1771685149000000,0,1771685149004000,0,-540.67737,12.354284,0.001159668,0.033916198,12.36717,4.3496766e-09,6.1614714e-06,0,0,0,1
1771685149204000,1771685149052000,0,1771685149052000,0,-540.81354,12.354216,-0.006164551,0.030140474,12.367074,1.2291245e-07,5.569464e-06,0,0,0,1
1771685149260000,1771685149104000,0,1771685149108000,0,-540.98254,12.354284,-0.004272461,0.026898677,12.36717,5.903993e-08,5.0392428e-06,0,0,0,1
1771685149308000,1771685149156000,0,1771685149156000,0,-541.1281,12.354216,-0.0020751953,0.024169253,12.367074,1.3928713e-08,4.563219e-06,0,0,0,1
1771685149364000,1771685149208000,0,1771685149212000,0,-541.3019,12.354284,0.004638672,0.022329416,12.36717,6.9594826e-08,4.1399067e-06,0,0,0,1
1771685149412000,1771685149260000,0,1771685149260000,0,-541.4521,12.354216,0.011474609,0.021306861,12.367074,4.2586197e-07,3.790033e-06,0,0,0,1
1771685149468000,1771685149312000,0,1771685149316000,0,-541.57404,12.354284,-0.033691406,0.016125865,12.36717,3.671368e-06,3.0871472e-06,0,0,0,1
1771685149516000,1771685149364000,0,1771685149364000,0,-541.7199,12.354216,-0.031188965,0.011668671,12.367074,3.1462625e-06,2.499942e-06,0,0,0,1
1771685149572000,1771685149416000,0,1771685149420000,0,-541.9267,12.354284,0.009155273,0.011431902,12.36717,2.7110173e-07,2.2899787e-06,0,0,0,1
1771685149620000,1771685149468000,0,1771685149468000,0,-542.0722,12.354216,0.012023926,0.011487672,12.367074,4.6761195e-07,2.1183064e-06,0,0,0,1
1771685149676000,1771685149520000,0,1771685149524000,0,-542.227,12.354284,0.0006713867,0.010468747,12.36717,1.4579249e-09,1.918893e-06,0,0,0,1
1771685149724000,1771685149572000,0,1771685149572000,0,-542.38196,12.354216,0.013122559,0.010718743,12.367074,5.569678e-07,1.7905958e-06,0,0,0,1
1771685149780000,1771685149624000,0,1771685149628000,0,-542.5227,12.354284,-0.012390137,0.00854182,12.36717,4.9652584e-07,1.5751423e-06,0,0,0,1
1771685149828000,1771685149676000,0,1771685149676000,0,-542.7153,12.354216,0.03753662,0.011273215,12.367074,4.5572556e-06,1.856066e-06,0,0,0,1
1771685149884000,1771685149728000,0,1771685149732000,0,-542.86993,12.354284,0.026062012,0.012666362,12.36717,2.1968758e-06,1.8881713e-06,0,0,0,1
1771685149932000,1771685149780000,0,1771685149780000,0,-542.98236,12.354216,-0.004211426,0.011076425,12.367074,5.7365572e-08,1.704896e-06,0,0,0,1
1771685149988000,1771685149832000,0,1771685149836000,0,-543.1937,12.354284,0.04083252,0.013879536,12.36717,5.392647e-06,2.052293e-06,0,0,0,1
1771685150036000,1771685149884000,0,1771685149884000,0,-543.3201,12.354216,0.024597168,0.014889168,12.367074,1.9568756e-06,2.0433044e-06,0,0,0,1
1771685150092000,1771685149936000,0,1771685149940000,0,-543.5077,12.354284,0.046203613,0.01783908,12.36717,6.9046478e-06,2.501257e-06,0,0,0,1
1771685150140000,1771685149988000,0,1771685149988000,0,-543.62,12.354216,0.015808105,0.017647756,12.367074,8.08263e-07,2.3417722e-06,0,0,0,1
1771685150196000,1771685150040000,0,1771685150044000,0,-543.7983,12.354284,0.027893066,0.018612895,12.36717,2.5164145e-06,2.358224e-06,0,0,0,1
1771685150244000,1771685150092000,0,1771685150092000,0,-543.93414,12.354216,0.021118164,0.018848898,12.367074,1.4424652e-06,2.2719569e-06,0,0,0,1
1771685150300000,1771685150144000,0,1771685150148000,0,-544.0607,12.354284,-0.018005371,0.015377119,12.36717,1.0485612e-06,1.9591544e-06,0,0,0,1
1771685150348000,1771685150196000,0,1771685150196000,0,-544.17365,12.354216,-0.047302246,0.0094725415,12.367074,7.2369667e-06,1.092853e-06,0,0,0,1
1771685150404000,1771685150248000,0,1771685150252000,0,-544.38525,12.354284,-0.0008544922,0.008499705,12.36717,2.3615974e-09,9.896806e-07,0,0,0,1
1771685150452000,1771685150300000,0,1771685150300000,0,-544.5214,12.354216,-0.006286621,0.0071067903,12.367074,1.2782847e-07,8.8440805e-07,0,0,0,1
1771685150508000,1771685150352000,0,1771685150356000,0,-544.7046,12.354284,0.01184082,0.0075527495,12.36717,4.5347488e-07,8.4381287e-07,0,0,0,1
1771685150556000,1771685150404000,0,1771685150404000,0,-544.7937,12.354216,-0.04083252,0.0029947166,12.367074,5.392689e-06,2.5631624e-07,0,0,0,1
1771685150612000,1771685150456000,0,1771685150460000,0,-545.0147,12.354284,0.014953613,0.0041212793,12.36717,7.2323917e-07,3.0030174e-07,0,0,0,1
1771685150660000,1771685150508000,0,1771685150508000,0,-545.14136,12.354216,-0.00024414062,0.003710044,12.367074,1.9278495e-10,2.7199428e-07,0,0,0,1
1771685150716000,1771685150560000,0,1771685150564000,0,-545.31036,12.354284,0.003540039,0.003694029,12.36717,4.0532722e-08,2.5018994e-07,0,0,0,1
1771685150764000,1771685150612000,0,1771685150612000,0,-545.51697,12.354216,0.06842041,0.009791442,12.367074,1.5141342e-05,1.6529798e-06,0,0,0,1
1771685150820000,1771685150664000,0,1771685150668000,0,-545.6337,12.354284,0.019714355,0.01072621,12.36717,1.2570565e-06,1.6156827e-06,0,0,0,1
1771685150868000,1771685150716000,0,1771685150716000,0,-545.765,12.354216,0.0087890625,0.0105437245,12.367074,2.498493e-07,1.4870172e-06,0,0,0,1
1771685150924000,1771685150768000,0,1771685150772000,0,-545.8823,12.354284,-0.03955078,0.0058246762,12.36717,5.059409e-06,8.7032487e-07,0,0,0,1
1771685150972000,1771685150820000,0,1771685150820000,0,-546.0658,12.354216,0.0015869141,0.0054254667,12.367074,8.1451645e-09,7.89105e-07,0,0,0,1
1771685151028000,1771685150872000,0,1771685150876000,0,-546.26294,12.354284,0.033996582,0.008116949,12.36717,3.7381797e-06,1.0669164e-06,0,0,0,1
1771685151076000,1771685150924000,0,1771685150924000,0,-546.3753,12.354216,0.0059814453,0.007915779,12.367074,1.1571917e-07,9.773108e-07,0,0,0,1
1771685151132000,1771685150976000,0,1771685150980000,0,-546.5255,12.354284,-0.0053100586,0.006669867,12.36717,9.119862e-08,8.7665416e-07,0,0,0,1
1771685151180000,1771685151028000,0,1771685151028000,0,-546.66644,12.354216,-0.001159668,0.0059323017,12.367074,4.3497104e-09,7.93661e-07,0,0,0,1
1771685151236000,1771685151080000,0,1771685151084000,0,-546.81665,12.354284,-0.0072631836,0.0046892487,12.36717,1.706254e-07,7.0282243e-07,0,0,0,1
1771685151284000,1771685151132000,0,1771685151132000,0,-546.89655,12.354216,-0.059387207,-0.0013469392,12.367074,1.14071945e-05,-4.3797633e-07,0,0,0,1
1771685151340000,1771685151184000,0,1771685151188000,0,-547.1177,12.354284,0.011474609,-0.00013911212,12.36717,4.2585864e-07,-3.5660057e-07,0,0,0,1
1771685151388000,1771685151236000,0,1771685151236000,0,-547.3007,12.354216,0.06768799,0.006250398,12.367074,1.4818909e-05,1.0729765e-06,0,0,0,1
1771685151444000,1771685151288000,0,1771685151292000,0,-547.3471,12.354284,-0.030273438,0.0028097464,12.36717,2.9642383e-06,6.926591e-07,0,0,0,1
1771685151492000,1771685151340000,0,1771685151340000,0,-547.5023,12.354216,0.0033569336,0.002861293,12.367074,3.6448405e-08,6.308422e-07,0,0,0,1
1771685151548000,1771685151392000,0,1771685151396000,0,-547.6384,12.354284,0.0008544922,0.0026722467,12.36717,2.3615974e-09,5.716375e-07,0,0,0,1
1771685151596000,1771685151444000,0,1771685151444000,0,-547.7182,12.354216,-0.036010742,-0.00097180344,12.367074,4.1942776e-06,1.2267444e-07,0,0,0,1
1771685151652000,1771685151496000,0,1771685151500000,0,-547.9016,12.354284,0.014465332,0.00048241962,12.36717,6.7677837e-07,1.7487264e-07,0,0,0,1
1771685151700000,1771685151548000,0,1771685151548000,0,-547.9625,12.354216,-0.03643799,-0.0029955902,12.367074,4.2943934e-06,-2.4614522e-07,0,0,0,1
1771685151756000,1771685151600000,0,1771685151604000,0,-548.0943,12.354284,-0.031555176,-0.005685986,12.36717,3.220556e-06,-5.2634334e-07,0,0,0,1
1771685151804000,1771685151652000,0,1771685151652000,0,-548.2166,12.354216,-0.016113281,-0.006668268,12.367074,8.3977125e-07,-5.558692e-07,0,0,0,1
1771685151860000,1771685151704000,0,1771685151708000,0,-548.34827,12.354284,-0.0060424805,-0.006609317,12.36717,1.1809191e-07,-5.146293e-07,0,0,0,1
1771685151908000,1771685151756000,0,1771685151756000,0,-548.4469,12.354216,-0.0099487305,-0.0069238995,12.367074,3.2013148e-07,-4.96307e-07,0,0,0,1
1771685151964000,1771685151808000,0,1771685151812000,0,-548.5221,12.354284,-0.05090332,-0.011066889,12.36717,8.380731e-06,-1.2390426e-06,0,0,0,1
1771685152012000,1771685151860000,0,1771685151860000,0,-548.62115,12.354216,-0.049072266,-0.014647106,12.367074,7.788705e-06,-1.8560398e-06,0,0,0,1
1771685152068000,1771685151912000,0,1771685151916000,0,-548.73895,12.354284,-0.04248047,-0.01726909,12.36717,5.836712e-06,-2.2310307e-06,0,0,0,1
1771685152116000,1771685151964000,0,1771685151964000,0,-548.8284,12.354216,-0.046081543,-0.019983307,12.367074,6.8682652e-06,-2.6678717e-06,0,0,0,1
1771685152172000,1771685152016000,0,1771685152020000,0,-548.9228,12.354284,-0.057006836,-0.023471031,12.36717,1.05109875e-05,-3.4067161e-06,0,0,0,1
1771685152220000,1771685152068000,0,1771685152068000,0,-549.0782,12.354216,0.010253906,-0.020294044,12.367074,3.4007266e-07,-3.0537578e-06,0,0,0,1
1771685152276000,1771685152120000,0,1771685152124000,0,-549.125,12.354284,-0.043029785,-0.022435818,12.36717,5.988637e-06,-3.330232e-06,0,0,0,1
1771685152324000,1771685152172000,0,1771685152172000,0,-549.15356,12.354216,-0.09881592,-0.029631045,12.367074,3.1582524e-05,-5.99168e-06,0,0,0,1
1771685152380000,1771685152224000,0,1771685152228000,0,-549.2765,12.354284,-0.07122803,-0.0335496,12.36717,1.6409354e-05,-6.9730554e-06,0,0,0,1
1771685152428000,1771685152276000,0,1771685152276000,0,-549.34283,12.354216,-0.08483887,-0.038381197,12.367074,2.3279988e-05,-8.509216e-06,0,0,0,1
1771685152484000,1771685152328000,0,1771685152332000,0,-549.4468,12.354284,-0.0713501,-0.041486964,12.36717,1.6465647e-05,-9.258735e-06,0,0,0,1
1771685152532000,1771685152380000,0,1771685152380000,0,-549.4803,12.354216,-0.1138916,-0.04830769,12.367074,4.1954296e-05,-1.2338752e-05,0,0,0,1
1771685152588000,1771685152432000,0,1771685152436000,0,-549.57513,12.354284,-0.1048584,-0.05363493,12.36717,3.556281e-05,-1.4526526e-05,0,0,0,1
1771685152636000,1771685152484000,0,1771685152484000,0,-549.68396,12.354216,-0.068115234,-0.054999016,12.367074,1.5006573e-05,-1.4571748e-05,0,0,0,1
1771685152692000,1771685152536000,0,1771685152540000,0,-549.72217,12.354284,-0.1116333,-0.06033413,12.36717,4.0306695e-05,-1.6996055e-05,0,0,0,1
1771685152740000,1771685152588000,0,1771685152588000,0,-549.82166,12.354216,-0.08062744,-0.06224582,12.367073,2.1026106e-05,-1.7375698e-05,0,0,0,1
1771685152796000,1771685152640000,0,1771685152644000,0,-549.90686,12.354284,-0.07312012,-0.06327021,12.36717,1.7292723e-05,-1.7367882e-05,0,0,0,1
1771685152844000,1771685152692000,0,1771685152692000,0,-549.93097,12.354216,-0.11425781,-0.06807339,12.367073,4.2224536e-05,-1.970945e-05,0,0,0,1
1771685152900000,1771685152744000,0,1771685152748000,0,-550.0446,12.354284,-0.074523926,-0.068681054,12.36717,1.7963092e-05,-1.954494e-05,0,0,0,1
1771685152948000,1771685152796000,0,1771685152796000,0,-550.0922,12.354216,-0.08917236,-0.070611395,12.367073,2.5718973e-05,-2.0126552e-05,0,0,0,1
1771685153004000,1771685152848000,0,1771685152852000,0,-550.1305,12.354284,-0.121398926,-0.075395726,12.36717,4.7667167e-05,-2.2720958e-05,0,0,0,1
1771685153052000,1771685152900000,0,1771685152900000,0,-550.21606,12.354216,-0.09472656,-0.077216744,12.367073,2.9022622e-05,-2.3314593e-05,0,0,0,1
1771685153108000,1771685152952000,0,1771685152956000,0,-550.2826,12.354284,-0.09503174,-0.078894965,12.36717,2.9209694e-05,-2.3869929e-05,0,0,0,1
1771685153156000,1771685153004000,0,1771685153004000,0,-550.36786,12.354216,-0.06591797,-0.0776725,12.367073,1.4054024e-05,-2.2945242e-05,0,0,0,1
1771685153212000,1771685153056000,0,1771685153060000,0,-550.42474,12.354284,-0.072265625,-0.07716315,12.36717,1.6890916e-05,-2.2374907e-05,0,0,0,1
1771685153260000,1771685153108000,0,1771685153108000,0,-550.43005,12.354216,-0.11993408,-0.0811923,12.367073,4.6524136e-05,-2.4649835e-05,0,0,0,1
1771685153316000,1771685153160000,0,1771685153164000,0,-550.5297,12.354284,-0.08026123,-0.08110459,12.36717,2.0835372e-05,-2.42905e-05,0,0,0,1
1771685153364000,1771685153212000,0,1771685153212000,0,-550.57733,12.354216,-0.08312988,-0.08129538,12.367073,2.2351538e-05,-2.4107845e-05,0,0,0,1
1771685153420000,1771685153264000,0,1771685153268000,0,-550.5874,12.354284,-0.1307373,-0.08595295,12.36717,5.528263e-05,-2.70446e-05,0,0,0,1
1771685153468000,1771685153316000,0,1771685153316000,0,-550.65894,12.354216,-0.10760498,-0.08799264,12.367073,3.7450518e-05,-2.8024868e-05,0,0,0,1
1771685153524000,1771685153368000,0,1771685153372000,0,-550.7068,12.354284,-0.11431885,-0.090472646,12.36717,4.2269327e-05,-2.9366736e-05,0,0,0,1
1771685153572000,1771685153420000,0,1771685153420000,0,-550.7641,12.354216,-0.10321045,-0.091672584,12.367073,3.445406e-05,-2.9845976e-05,0,0,0,1
1771685153628000,1771685153472000,0,1771685153476000,0,-550.77905,12.354284,-0.14031982,-0.096255295,12.36717,6.368361e-05,-3.303358e-05,0,0,0,1
1771685153676000,1771685153524000,0,1771685153524000,0,-550.82245,12.354216,-0.14031982,-0.100406304,12.367073,6.368412e-05,-3.5920948e-05,0,0,0,1
1771685153732000,1771685153576000,0,1771685153580000,0,-550.8659,12.354284,-0.1461792,-0.104718246,12.36717,6.911317e-05,-3.904775e-05,0,0,0,1
1771685153780000,1771685153628000,0,1771685153628000,0,-550.91876,12.354216,-0.13446045,-0.107520044,12.367073,5.847661e-05,-4.0878007e-05,0,0,0,1
1771685153836000,1771685153680000,0,1771685153684000,0,-550.9481,12.354284,-0.15185547,-0.11169657,12.36717,7.458483e-05,-4.405329e-05,0,0,0,1
1771685153884000,1771685153732000,0,1771685153732000,0,-551.01514,12.354216,-0.12402344,-0.112857796,12.367073,4.9750863e-05,-4.459002e-05,0,0,0,1
1771685153940000,1771685153784000,0,1771685153788000,0,-551.0115,12.354284,-0.1720581,-0.11843464,12.36717,9.575025e-05,-4.940946e-05,0,0,0,1
1771685153988000,1771685153836000,0,1771685153836000,0,-551.0551,12.354216,-0.16558838,-0.12287666,12.367073,8.8685534e-05,-5.310938e-05,0,0,0,1
1771685154044000,1771685153888000,0,1771685153892000,0,-551.11285,12.354284,-0.14971924,-0.12540531,12.36717,7.250114e-05,-5.493614e-05,0,0,0,1
1771685154092000,1771685153940000,0,1771685153940000,0,-551.15643,12.354216,-0.14086914,-0.12686205,12.367073,6.418371e-05,-5.5807286e-05,0,0,0,1
1771685154148000,1771685153992000,0,1771685153996000,0,-551.1623,12.354284,-0.17437744,-0.13133813,12.36717,9.834907e-05,-5.9814847e-05,0,0,0,1
1771685154196000,1771685154044000,0,1771685154044000,0,-551.22955,12.354216,-0.13995361,-0.13214974,12.367073,6.335214e-05,-6.014807e-05,0,0,0,1
1771685154252000,1771685154096000,0,1771685154100000,0,-551.25885,12.354284,-0.14849854,-0.13368985,12.36717,7.132372e-05,-6.120085e-05,0,0,0,1
1771685154300000,1771685154148000,0,1771685154148000,0,-551.2789,12.354216,-0.16009521,-0.13617732,12.367073,8.2899096e-05,-6.324489e-05,0,0,0,1
1771685154356000,1771685154200000,0,1771685154204000,0,-551.31305,12.354284,-0.1618042,-0.13859144,12.36717,8.467773e-05,-6.526392e-05,0,0,0,1
1771685154404000,1771685154252000,0,1771685154252000,0,-551.30975,12.354216,-0.19488525,-0.14389448,12.367073,0.00012284318,-7.068805e-05,0,0,0,1
1771685154460000,1771685154304000,0,1771685154308000,0,-551.4241,12.354284,-0.11437988,-0.14111412,12.36717,4.2314474e-05,-6.801518e-05,0,0,0,1
1771685154508000,1771685154356000,0,1771685154356000,0,-551.3828,12.354216,-0.18383789,-0.14513882,12.367073,0.000109310815,-7.190535e-05,0,0,0,1
1771685154564000,1771685154408000,0,1771685154412000,0,-551.4454,12.354284,-0.15356445,-0.14593254,12.36717,7.6273034e-05,-7.23168e-05,0,0,0,1
1771685154612000,1771685154460000,0,1771685154460000,0,-551.48425,12.354216,-0.14135742,-0.14550155,12.367073,6.462943e-05,-7.159262e-05,0,0,0,1
1771685154668000,1771685154512000,0,1771685154516000,0,-551.462,12.354284,-0.19421387,-0.1500904,12.36717,0.00012199727,-7.634089e-05,0,0,0,1
1771685154716000,1771685154564000,0,1771685154564000,0,-551.57623,12.354216,-0.105041504,-0.14584666,12.367073,3.56874e-05,-7.251121e-05,0,0,0,1
1771685154772000,1771685154616000,0,1771685154620000,0,-551.549,12.354284,-0.16101074,-0.14727516,12.36717,8.3849285e-05,-7.357929e-05,0,0,0,1
1771685154820000,1771685154668000,0,1771685154668000,0,-551.5785,12.354216,-0.15570068,-0.14806888,12.367073,7.841048e-05,-7.4034404e-05,0,0,0,1
1771685154876000,1771685154720000,0,1771685154724000,0,-551.57513,12.354284,-0.18682861,-0.15172015,12.36717,0.00011289545,-7.769523e-05,0,0,0,1
1771685154924000,1771685154772000,0,1771685154772000,0,-551.67065,12.354216,-0.11431885,-0.14819685,12.367073,4.226966e-05,-7.435804e-05,0,0,0,1
1771685154980000,1771685154824000,0,1771685154828000,0,-551.7091,12.354284,-0.10205078,-0.14384976,12.36717,3.3683897e-05,-7.052642e-05,0,0,0,1
1771685155028000,1771685154876000,0,1771685154876000,0,-551.70526,12.354216,-0.12823486,-0.14237879,12.367073,5.3186977e-05,-6.8892994e-05,0,0,0,1
1771685155084000,1771685154928000,0,1771685154932000,0,-551.69226,12.354284,-0.16619873,-0.1446227,12.36717,8.933982e-05,-7.0819144e-05,0,0,0,1
1771685155132000,1771685154980000,0,1771685154980000,0,-551.71716,12.354216,-0.16204834,-0.14626424,12.367073,8.493413e-05,-7.214882e-05,0,0,0,1
1771685155188000,1771685155032000,0,1771685155036000,0,-551.75604,12.354284,-0.14666748,-0.14630222,12.36717,6.957565e-05,-7.190642e-05,0,0,0,1
1771685155236000,1771685155084000,0,1771685155084000,0,-551.7808,12.354216,-0.14123535,-0.14582491,12.367073,6.451785e-05,-7.1210394e-05,0,0,0,1
1771685155292000,1771685155136000,0,1771685155140000,0,-551.7679,12.354284,-0.17645264,-0.14871013,12.36717,0.00010070382,-7.398876e-05,0,0,0,1
1771685155340000,1771685155188000,0,1771685155188000,0,-551.7929,12.354216,-0.17016602,-0.15073134,12.367073,9.365667e-05,-7.584153e-05,0,0,0,1
1771685155396000,1771685155240000,0,1771685155244000,0,-551.83655,12.354284,-0.14770508,-0.15044625,12.36717,7.056356e-05,-7.534433e-05,0,0,0,1
1771685155444000,1771685155292000,0,1771685155292000,0,-551.8237,12.354216,-0.17810059,-0.15305138,12.367073,0.00010259443,-7.791137e-05,0,0,0,1
1771685155500000,1771685155344000,0,1771685155348000,0,-551.87683,12.354284,-0.1451416,-0.15230626,12.36717,6.81355e-05,-7.699045e-05,0,0,0,1
1771685155548000,1771685155396000,0,1771685155396000,0,-551.8734,12.354216,-0.1651001,-0.15351148,12.367073,8.816328e-05,-7.804296e-05,0,0,0,1
1771685155604000,1771685155448000,0,1771685155452000,0,-551.8325,12.354284,-0.22479248,-0.16022636,12.36717,0.00016343806,-8.608743e-05,0,0,0,1
1771685155652000,1771685155500000,0,1771685155500000,0,-551.872,12.354216,-0.2010498,-0.16407205,12.367073,0.00013073756,-9.02936e-05,0,0,0,1
1771685155708000,1771685155552000,0,1771685155556000,0,-551.88776,12.354284,-0.20355225,-0.1677912,12.36717,0.00013401131,-9.441194e-05,0,0,0,1
1771685155756000,1771685155604000,0,1771685155604000,0,-551.91766,12.354216,-0.1885376,-0.16974558,12.367073,0.00011497119,-9.634868e-05,0,0,0,1
1771685155812000,1771685155656000,0,1771685155660000,0,-551.90985,12.354284,-0.21392822,-0.17390771,12.36717,0.00014802185,-0.00010121644,0,0,0,1
1771685155860000,1771685155708000,0,1771685155708000,0,-551.8975,12.354216,-0.24121094,-0.18024787,12.367073,0.00018818589,-0.000109409215,0,0,0,1
1771685155916000,1771685155760000,0,1771685155764000,0,-552.0029,12.354284,-0.15301514,-0.17768247,12.36717,7.572834e-05,-0.00010623638,0,0,0,1
1771685155964000,1771685155812000,0,1771685155812000,0,-551.9713,12.354216,-0.19921875,-0.17971125,12.367073,0.00012836703,-0.000108321154,0,0,0,1
1771685156020000,1771685155864000,0,1771685155868000,0,-552.0199,12.354284,-0.16772461,-0.17858207,12.36717,9.0987814e-05,-0.000106688305,0,0,0,1
1771685156068000,1771685155916000,0,1771685155916000,0,-552.03546,12.354216,-0.16656494,-0.17745003,12.367073,8.973467e-05,-0.000105091225,0,0,0,1
1771685156124000,1771685155968000,0,1771685155972000,0,-552.01807,12.354284,-0.20098877,-0.17966744,12.36717,0.00013065716,-0.00010749961,0,0,0,1
1771685156172000,1771685156020000,0,1771685156020000,0,-552.08075,12.354216,-0.15234375,-0.17709348,12.367073,7.5065844e-05,-0.000104444254,0,0,0,1
1771685156228000,1771685156072000,0,1771685156076000,0,-552.0727,12.354284,-0.17633057,-0.17702161,12.36717,0.00010056453,-0.000104078776,0,0,0,1
1771685156276000,1771685156124000,0,1771685156124000,0,-552.0601,12.354216,-0.2019043,-0.17936563,12.367073,0.00013185124,-0.00010669502,0,0,0,1
1771685156332000,1771685156176000,0,1771685156180000,0,-552.12286,12.354284,-0.15405273,-0.17698109,12.36717,7.675885e-05,-0.00010387495,0,0,0,1
1771685156380000,1771685156228000,0,1771685156228000,0,-552.11005,12.354216,-0.17895508,-0.17716704,12.367074,0.00010358124,-0.00010384728,0,0,0,1
1771685156436000,1771685156280000,0,1771685156284000,0,-552.1069,12.354284,-0.19573975,-0.17891665,12.36717,0.0001239218,-0.000105738356,0,0,0,1
1771685156484000,1771685156332000,0,1771685156332000,0,-552.0757,12.354216,-0.23724365,-0.18441123,12.367074,0.00018204645,-0.0001129268,0,0,0,1
1771685156540000,1771685156384000,0,1771685156388000,0,-552.1809,12.354284,-0.1428833,-0.18049918,12.367171,6.603171e-05,-0.00010850914,0,0,0,1
1771685156588000,1771685156436000,0,1771685156436000,0,-552.1446,12.354216,-0.18774414,-0.18118168,12.367075,0.000114005496,-0.000109026914,0,0,0,1
1771685156644000,1771685156488000,0,1771685156492000,0,-552.1837,12.354284,-0.15777588,-0.17897679,12.367172,8.0513884e-05,-0.00010634091,0,0,0,1
1771685156692000,1771685156540000,0,1771685156540000,0,-552.18506,12.354216,-0.16394043,-0.17756031,12.367076,8.692908e-05,-0.000104512255,0,0,0,1
1771685156748000,1771685156592000,0,1771685156596000,0,-552.1536,12.354284,-0.20324707,-0.17998008,12.367173,0.00013360975,-0.00010725333,0,0,0,1
1771685156796000,1771685156644000,0,1771685156644000,0,-552.1788,12.354216,-0.184021,-0.18036075,12.367077,0.00010952864,-0.00010746767,0,0,0,1
1771685156852000,1771685156696000,0,1771685156700000,0,-552.1709,12.354284,-0.19848633,-0.18206823,12.367174,0.00012742385,-0.0001093476,0,0,0,1
1771685156900000,1771685156748000,0,1771685156748000,0,-552.16785,12.354216,-0.20629883,-0.18435082,12.367079,0.00013765322,-0.00011201407,0,0,0,1
1771685156956000,1771685156800000,0,1771685156804000,0,-552.2119,12.354284,-0.16729736,-0.18274434,12.367177,9.052481e-05,-0.00010998972,0,0,0,1
1771685157004000,1771685156852000,0,1771685156852000,0,-552.1663,12.354216,-0.21600342,-0.18587744,12.367081,0.00015090863,-0.0001138444,0,0,0,1
1771685157060000,1771685156904000,0,1771685156908000,0,-552.20105,12.354284,-0.18457031,-0.18575431,12.367179,0.000110182606,-0.000113499445,0,0,0,1
1771685157108000,1771685156956000,0,1771685156956000,0,-552.1697,12.354216,-0.21789551,-0.18878211,12.367084,0.00015356395,-0.00011727364,0,0,0,1
1771685157164000,1771685157008000,0,1771685157012000,0,-552.1856,12.354284,-0.20379639,-0.1901965,12.367182,0.00013433285,-0.000118880664,0,0,0,1
1771685157212000,1771685157060000,0,1771685157060000,0,-552.1968,12.354216,-0.19342041,-0.1905002,12.367086,0.0001210033,-0.00011908062,0,0,0,1
1771685157268000,1771685157112000,0,1771685157116000,0,-552.2782,12.354284,-0.11291504,-0.18319145,12.367186,4.1237538e-05,-0.00011174758,0,0,0,1
1771685157316000,1771685157164000,0,1771685157164000,0,-552.21814,12.354216,-0.17303467,-0.18223464,12.36709,9.684088e-05,-0.000110343324,0,0,0,1
1771685157372000,1771685157216000,0,1771685157220000,0,-552.2337,12.354284,-0.15765381,-0.17991906,12.367188,8.038924e-05,-0.00010752156,0,0,0,1
1771685157420000,1771685157268000,0,1771685157268000,0,-552.19745,12.354216,-0.19354248,-0.18120243,12.367093,0.00012115601,-0.000108805965,0,0,0,1
1771685157476000,1771685157320000,0,1771685157324000,0,-552.2648,12.354284,-0.12548828,-0.175954,12.367193,5.0932522e-05,-0.00010335412,0,0,0,1
1771685157524000,1771685157372000,0,1771685157372000,0,-552.20013,12.354216,-0.18865967,-0.1771509,12.367098,0.000115119874,-0.00010446249,0,0,0,1
1771685157580000,1771685157424000,0,1771685157428000,0,-552.27216,12.354284,-0.114746094,-0.17127219,12.367197,4.2585772e-05,-9.863352e-05,0,0,0,1
1771685157628000,1771685157476000,0,1771685157476000,0,-552.1886,12.354216,-0.19641113,-0.17364036,12.367102,0.00012477404,-0.00010109603,0,0,0,1
1771685157684000,1771685157528000,0,1771685157532000,0,-552.19025,12.354284,-0.19244385,-0.1754117,12.367201,0.0001197834,-0.00010285644,0,0,0,1
1771685157732000,1771685157580000,0,1771685157580000,0,-552.20123,12.354216,-0.17889404,-0.17573975,12.3671055,0.00010351033,-0.000102918035,0,0,0,1
1771685157788000,1771685157632000,0,1771685157636000,0,-552.21216,12.354284,-0.16552734,-0.17477772,12.367204,8.861923e-05,-0.000101571044,0,0,0,1
1771685157836000,1771685157684000,0,1771685157684000,0,-552.22296,12.354216,-0.152771,-0.17270462,12.367108,7.548726e-05,-9.911387e-05,0,0,0,1
1771685157892000,1771685157736000,0,1771685157740000,0,-552.22894,12.354284,-0.1451416,-0.17010811,12.367208,6.8135305e-05,-9.61956e-05,0,0,0,1
1771685157940000,1771685157788000,0,1771685157788000,0,-552.19257,12.354216,-0.18029785,-0.17106801,12.367111,0.00010514117,-9.7038304e-05,0,0,0,1
1771685157996000,1771685157840000,0,1771685157844000,0,-552.2411,12.354284,-0.13104248,-0.1672975,12.367209,5.5540844e-05,-9.312912e-05,0,0,0,1
1771685158044000,1771685157892000,0,1771685157892000,0,-552.1952,12.354216,-0.17608643,-0.16812544,12.367113,0.00010028672,-9.380339e-05,0,0,0,1
1771685158100000,1771685157944000,0,1771685157948000,0,-552.23895,12.354284,-0.13226318,-0.1647471,12.367211,5.6580415e-05,-9.029688e-05,0,0,0,1
1771685158148000,1771685157996000,0,1771685157996000,0,-552.2166,12.354217,-0.15441895,-0.16377416,12.367116,7.712457e-05,-8.905601e-05,0,0,0,1
1771685158204000,1771685158048000,0,1771685158052000,0,-552.17566,12.354284,-0.19555664,-0.16676816,12.367213,0.00012368962,-9.23186e-05,0,0,0,1
1771685158252000,1771685158100000,0,1771685158100000,0,-552.20074,12.354217,-0.1706543,-0.16713426,12.367117,9.41946e-05,-9.249533e-05,0,0,0,1
1771685158308000,1771685158152000,0,1771685158156000,0,-552.1928,12.354284,-0.17913818,-0.16826506,12.367213,0.00010379214,-9.3559516e-05,0,0,0,1
1771685158356000,1771685158204000,0,1771685158204000,0,-552.18964,12.354217,-0.18249512,-0.16960557,12.367117,0.000107719425,-9.489342e-05,0,0,0,1
1771685158412000,1771685158256000,0,1771685158260000,0,-552.2428,12.354284,-0.13012695,-0.16588657,12.367213,5.4767468e-05,-9.1113434e-05,0,0,0,1
1771685158460000,1771685158308000,0,1771685158308000,0,-552.2392,12.354217,-0.13391113,-0.16287439,12.367117,5.7999587e-05,-8.799401e-05,0,0,0,1
1771685158516000,1771685158360000,0,1771685158364000,0,-552.22626,12.354284,-0.14770508,-0.1614454,12.367213,7.056332e-05,-8.635199e-05,0,0,0,1
1771685158564000,1771685158412000,0,1771685158412000,0,-552.2369,12.354217,-0.13769531,-0.15920807,12.367117,6.132391e-05,-8.399427e-05,0,0,0,1
1771685158620000,1771685158464000,0,1771685158468000,0,-552.1911,12.354284,-0.18499756,-0.16163751,12.367212,0.00011069301,-8.650937e-05,0,0,0,1
1771685158668000,1771685158516000,0,1771685158516000,0,-552.29126,12.354217,-0.08618164,-0.15452935,12.367116,2.402266e-05,-8.062294e-05,0,0,0,1
1771685158724000,1771685158568000,0,1771685158572000,0,-552.1887,12.354284,-0.19030762,-0.15789977,12.367211,0.000117138734,-8.406283e-05,0,0,0,1
1771685158772000,1771685158620000,0,1771685158620000,0,-552.2091,12.354217,-0.17144775,-0.15917602,12.367114,9.5072566e-05,-8.509998e-05,0,0,0,1
1771685158828000,1771685158672000,0,1771685158676000,0,-552.2059,12.354284,-0.17700195,-0.16085528,12.36721,0.00010133147,-8.6629036e-05,0,0,0,1
1771685158876000,1771685158724000,0,1771685158724000,0,-552.2449,12.354217,-0.13964844,-0.15885754,12.367113,6.307595e-05,-8.441027e-05,0,0,0,1
1771685158932000,1771685158776000,0,1771685158780000,0,-552.26483,12.354284,-0.12200928,-0.15538633,12.3672085,4.8147533e-05,-8.0994214e-05,0,0,0,1
1771685158980000,1771685158828000,0,1771685158828000,0,-552.233,12.354217,-0.15582275,-0.15542744,12.367111,7.853323e-05,-8.076238e-05,0,0,0,1
1771685159036000,1771685158880000,0,1771685158884000,0,-552.28125,12.354284,-0.11029053,-0.15117541,12.367207,3.9342758e-05,-7.686053e-05,0,0,0,1
1771685159084000,1771685158932000,0,1771685158932000,0,-552.2446,12.354217,-0.14935303,-0.15100373,12.367109,7.214726e-05,-7.641653e-05,0,0,0,1
1771685159140000,1771685158984000,0,1771685158988000,0,-552.2412,12.354284,-0.15594482,-0.1514692,12.367205,7.865573e-05,-7.662747e-05,0,0,0,1
1771685159188000,1771685159036000,0,1771685159036000,0,-552.2284,12.354217,-0.17126465,-0.15333399,12.367107,9.4869654e-05,-7.834593e-05,0,0,0,1
1771685159244000,1771685159088000,0,1771685159092000,0,-552.27216,12.354284,-0.1305542,-0.15118808,12.367203,5.5127744e-05,-7.6158714e-05,0,0,0,1
1771685159292000,1771685159140000,0,1771685159140000,0,-552.27795,12.354217,-0.12695312,-0.14890507,12.367106,5.212891e-05,-7.389504e-05,0,0,0,1
1771685159348000,1771685159192000,0,1771685159196000,0,-552.3024,12.354284,-0.105651855,-0.1448305,12.367201,3.6102963e-05,-7.0334914e-05,0,0,0,1
1771685159396000,1771685159244000,0,1771685159244000,0,-552.2517,12.354217,-0.15856934,-0.14612474,12.367105,8.132618e-05,-7.137033e-05,0,0,0,1
1771685159452000,1771685159296000,0,1771685159300000,0,-552.2906,12.354284,-0.123168945,-0.14396223,12.367199,4.906718e-05,-6.926931e-05,0,0,0,1
1771685159500000,1771685159348000,0,1771685159348000,0,-552.2776,12.354217,-0.13903809,-0.14349836,12.367103,6.252585e-05,-6.863405e-05,0,0,0,1
1771685159556000,1771685159400000,0,1771685159404000,0,-552.3445,12.354284,-0.07574463,-0.13711576,12.367197,1.8556342e-05,-6.391658e-05,0,0,0,1
1771685159604000,1771685159452000,0,1771685159452000,0,-552.32166,12.354217,-0.101623535,-0.13377228,12.367101,3.3402634e-05,-6.1042076e-05,0,0,0,1
1771685159660000,1771685159504000,0,1771685159508000,0,-552.3319,12.354284,-0.0949707,-0.13011706,12.367196,2.9172124e-05,-5.8039834e-05,0,0,0,1
1771685159708000,1771685159556000,0,1771685159556000,0,-552.3233,12.354217,-0.10668945,-0.1279101,12.367099,3.6815876e-05,-5.6040473e-05,0,0,0,1
1771685159764000,1771685159608000,0,1771685159612000,0,-552.32886,12.354284,-0.10491943,-0.12574431,12.367194,3.5604156e-05,-5.4115313e-05,0,0,0,1
1771685159812000,1771685159660000,0,1771685159660000,0,-552.3204,12.354217,-0.11627197,-0.124851994,12.367097,4.3726257e-05,-5.3136635e-05,0,0,0,1
1771685159868000,1771685159712000,0,1771685159716000,0,-552.33075,12.354284,-0.108947754,-0.12335377,12.367192,3.8390648e-05,-5.174752e-05,0,0,0,1
1771685159916000,1771685159764000,0,1771685159764000,0,-552.2941,12.354217,-0.14801025,-0.12567648,12.367096,7.085587e-05,-5.354758e-05,0,0,0,1
1771685159972000,1771685159816000,0,1771685159820000,0,-552.3094,12.354284,-0.13574219,-0.1266247,12.367191,5.9596205e-05,-5.411738e-05,0,0,0,1
1771685160020000,1771685159868000,0,1771685159868000,0,-552.35754,12.354217,-0.09008789,-0.12318283,12.367094,2.624975e-05,-5.1492167e-05,0,0,0,1
1771685160076000,1771685159920000,0,1771685159924000,0,-552.32544,12.354284,-0.12536621,-0.123388514,12.367189,5.0833492e-05,-5.1430117e-05,0,0,0,1
1771685160124000,1771685159972000,0,1771685159972000,0,-552.3171,12.354217,-0.13641357,-0.12461551,12.367093,6.0187667e-05,-5.2255105e-05,0,0,0,1
1771685160180000,1771685160024000,0,1771685160028000,0,-552.3652,12.354284,-0.091552734,-0.1215009,12.367188,2.7110133e-05,-4.9886377e-05,0,0,0,1
1771685160228000,1771685160076000,0,1771685160076000,0,-552.3941,12.354217,-0.06506348,-0.11618433,12.367092,1.3692001e-05,-4.647676e-05,0,0,0,1
1771685160284000,1771685160128000,0,1771685160132000,0,-552.3524,12.354284,-0.10961914,-0.11556587,12.3671875,3.8865284e-05,-4.5759738e-05,0,0,0,1
1771685160332000,1771685160180000,0,1771685160180000,0,-552.344,12.354217,-0.12054443,-0.116034865,12.367091,4.6998797e-05,-4.5876463e-05,0,0,0,1
1771685160388000,1771685160232000,0,1771685160236000,0,-552.3872,12.354284,-0.080200195,-0.112659134,12.367187,2.0803669e-05,-4.3514534e-05,0,0,0,1
1771685160436000,1771685160284000,0,1771685160284000,0,-552.3926,12.354217,-0.07727051,-0.109325424,12.36709,1.9311678e-05,-4.1234554e-05,0,0,0,1
1771685160492000,1771685160336000,0,1771685160340000,0,-552.39795,12.354284,-0.07495117,-0.10608727,12.367186,1.8169627e-05,-3.906177e-05,0,0,0,1
1771685160540000,1771685160388000,0,1771685160388000,0,-552.3047,12.354217,-0.17028809,-0.11213517,12.367089,9.3790964e-05,-4.421742e-05,0,0,0,1
1771685160596000,1771685160440000,0,1771685160444000,0,-552.3906,12.354284,-0.08673096,-0.10974202,12.367185,2.4329736e-05,-4.234394e-05,0,0,0,1
1771685160644000,1771685160492000,0,1771685160492000,0,-552.37256,12.354217,-0.106933594,-0.10947746,12.367088,3.6984595e-05,-4.1839074e-05,0,0,0,1
1771685160700000,1771685160544000,0,1771685160548000,0,-552.397,12.354284,-0.08496094,-0.10716793,12.367184,2.3346822e-05,-4.009705e-05,0,0,0,1
1771685160748000,1771685160596000,0,1771685160596000,0,-552.3648,12.354217,-0.118652344,-0.10824979,12.367087,4.5534987e-05,-4.060932e-05,0,0,0,1
1771685160804000,1771685160648000,0,1771685160652000,0,-552.4034,12.354284,-0.082336426,-0.105808675,12.367183,2.1926699e-05,-3.8849365e-05,0,0,0,1
1771685160852000,1771685160700000,0,1771685160700000,0,-552.41815,12.354217,-0.06890869,-0.10233259,12.367086,1.535821e-05,-3.663643e-05,0,0,0,1
1771685160908000,1771685160752000,0,1771685160756000,0,-552.3577,12.354284,-0.13140869,-0.10507164,12.367182,5.5851833e-05,-3.8446575e-05,0,0,0,1
1771685160956000,1771685160804000,0,1771685160804000,0,-552.39636,12.354217,-0.094055176,-0.10403386,12.367085,2.8612647e-05,-3.752019e-05,0,0,0,1
1771685161012000,1771685160856000,0,1771685160860000,0,-552.42065,12.354284,-0.07147217,-0.10096645,12.367181,1.652202e-05,-3.55421e-05,0,0,0,1
1771685161060000,1771685160908000,0,1771685160908000,0,-552.40247,12.354217,-0.09082031,-0.100010656,12.3670845,2.667833e-05,-3.4707107e-05,0,0,0,1
1771685161116000,1771685160960000,0,1771685160964000,0,-552.36566,12.354284,-0.12890625,-0.1027327,12.367181,5.3744894e-05,-3.650052e-05,0,0,0,1
1771685161164000,1771685161012000,0,1771685161012000,0,-552.4372,12.354217,-0.05871582,-0.09858619,12.3670845,1.115072e-05,-3.4112498e-05,0,0,0,1
1771685161220000,1771685161064000,0,1771685161068000,0,-552.4236,12.354284,-0.07373047,-0.09624471,12.36718,1.7582608e-05,-3.2555334e-05,0,0,0,1
1771685161268000,1771685161116000,0,1771685161116000,0,-552.4007,12.354217,-0.097717285,-0.09638343,12.367084,3.0884137e-05,-3.2397904e-05,0,0,0,1
1771685161324000,1771685161168000,0,1771685161172000,0,-552.3687,12.354284,-0.13092041,-0.09963691,12.367179,5.5437555e-05,-3.4568307e-05,0,0,0,1
1771685161372000,1771685161220000,0,1771685161220000,0,-552.39325,12.354217,-0.107177734,-0.10034728,12.367083,3.7153684e-05,-3.481186e-05,0,0,0,1
1771685161428000,1771685161272000,0,1771685161276000,0,-552.39417,12.354284,-0.107543945,-0.101025224,12.367179,3.7407724e-05,-3.5056397e-05,0,0,0,1
1771685161476000,1771685161324000,0,1771685161324000,0,-552.4045,12.354217,-0.09814453,-0.10075385,12.367083,3.11548e-05,-3.4688856e-05,0,0,0,1
1771685161532000,1771685161376000,0,1771685161380000,0,-552.4288,12.354284,-0.07543945,-0.09836916,12.367178,1.8407145e-05,-3.3155073e-05,0,0,0,1
1771685161580000,1771685161428000,0,1771685161428000,0,-552.4388,12.354217,-0.066711426,-0.09538691,12.367082,1.4394389e-05,-3.138776e-05,0,0,0,1
1771685161636000,1771685161480000,0,1771685161484000,0,-552.43,12.354284,-0.07720947,-0.09367454,12.367178,1.9281044e-05,-3.0247273e-05,0,0,0,1
1771685161684000,1771685161532000,0,1771685161532000,0,-552.44934,12.354217,-0.059387207,-0.09044457,12.367082,1.1407187e-05,-2.8472481e-05,0,0,0,1
1771685161740000,1771685161584000,0,1771685161588000,0,-552.43115,12.354284,-0.07940674,-0.08940478,12.367177,2.0394082e-05,-2.7711472e-05,0,0,0,1
1771685161788000,1771685161636000,0,1771685161636000,0,-552.4271,12.354217,-0.0848999,-0.08898041,12.367081,2.3313485e-05,-2.7297168e-05,0,0,0,1
1771685161844000,1771685161688000,0,1771685161692000,0,-552.4043,12.354284,-0.109375,-0.090901636,12.367176,3.869239e-05,-2.8370632e-05,0,0,0,1
1771685161892000,1771685161740000,0,1771685161740000,0,-552.47095,12.354217,-0.044189453,-0.08650121,12.367081,6.315825e-06,-2.6293006e-05,0,0,0,1
1771685161948000,1771685161792000,0,1771685161796000,0,-552.4103,12.354284,-0.10668945,-0.088403,12.367176,3.6815643e-05,-2.728427e-05,0,0,0,1
1771685161996000,1771685161844000,0,1771685161844000,0,-552.4347,12.354217,-0.08343506,-0.08793501,12.36708,2.2515935e-05,-2.683508e-05,0,0,0,1
1771685162052000,1771685161896000,0,1771685161900000,0,-552.48236,12.354284,-0.03753662,-0.083187334,12.367176,4.557218e-06,-2.473644e-05,0,0,0,1
1771685162100000,1771685161948000,0,1771685161948000,0,-552.45917,12.354217,-0.0625,-0.08123853,12.36708,1.2634348e-05,-2.3596389e-05,0,0,0,1
1771685162156000,1771685162000000,0,1771685162004000,0,-552.4785,12.354284,-0.045166016,-0.077840395,12.367175,6.598011e-06,-2.1995093e-05,0,0,0,1
1771685162204000,1771685162052000,0,1771685162052000,0,-552.41785,12.354217,-0.107543945,-0.08063856,12.367079,3.7408026e-05,-2.3447035e-05,0,0,0,1
1771685162260000,1771685162104000,0,1771685162108000,0,-552.41406,12.354284,-0.11315918,-0.083702095,12.367175,4.1416086e-05,-2.5139772e-05,0,0,0,1
1771685162308000,1771685162156000,0,1771685162156000,0,-552.4854,12.354217,-0.043518066,-0.07991664,12.367079,6.125366e-06,-2.334856e-05,0,0,0,1
1771685162364000,1771685162208000,0,1771685162212000,0,-552.4764,12.354284,-0.054504395,-0.07752273,12.367174,9.608433e-06,-2.20542e-05,0,0,0,1
1771685162412000,1771685162260000,0,1771685162260000,0,-552.47687,12.354217,-0.05529785,-0.07542908,12.367079,9.890298e-06,-2.0908326e-05,0,0,0,1
1771685162468000,1771685162312000,0,1771685162316000,0,-552.4679,12.354284,-0.06585693,-0.07452736,12.367174,1.4027895e-05,-2.026017e-05,0,0,0,1
1771685162516000,1771685162364000,0,1771685162364000,0,-552.5155,12.354217,-0.01977539,-0.06936957,12.367078,1.2648617e-06,-1.8470757e-05,0,0,0,1
1771685162572000,1771685162416000,0,1771685162420000,0,-552.52026,12.354284,-0.017211914,-0.064456165,12.367174,9.581817e-07,-1.682102e-05,0,0,0,1
1771685162620000,1771685162468000,0,1771685162468000,0,-552.4829,12.354217,-0.0569458,-0.063748665,12.367078,1.0488571e-05,-1.6224485e-05,0,0,0,1
1771685162676000,1771685162520000,0,1771685162524000,0,-552.4693,12.354284,-0.07324219,-0.06464298,12.367173,1.7350507e-05,-1.633056e-05,0,0,0,1
1771685162724000,1771685162572000,0,1771685162572000,0,-552.5169,12.354217,-0.027648926,-0.061158035,12.367077,2.472575e-06,-1.5025097e-05,0,0,0,1
1771685162780000,1771685162624000,0,1771685162628000,0,-552.5217,12.354284,-0.025390625,-0.05778864,12.367173,2.0851453e-06,-1.3806116e-05,0,0,0,1
1771685162828000,1771685162676000,0,1771685162676000,0,-552.5314,12.354216,-0.017822266,-0.05402369,12.367076,1.0273508e-06,-1.2602319e-05,0,0,0,1
1771685162884000,1771685162728000,0,1771685162732000,0,-552.46576,12.354284,-0.08538818,-0.056978315,12.367173,2.3582243e-05,-1.363666e-05,0,0,0,1
1771685162932000,1771685162780000,0,1771685162780000,0,-552.5041,12.354216,-0.048461914,-0.056176044,12.367076,7.5961593e-06,-1.3067627e-05,0,0,0,1
1771685162988000,1771685162832000,0,1771685162836000,0,-552.5092,12.354284,-0.04547119,-0.055167615,12.367172,6.687476e-06,-1.24665985e-05,0,0,0,1
1771685163036000,1771685162884000,0,1771685162884000,0,-552.44385,12.354216,-0.11260986,-0.06057884,12.367076,4.1015293e-05,-1.5155969e-05,0,0,0,1
1771685163092000,1771685162936000,0,1771685162940000,0,-552.47296,12.354284,-0.085510254,-0.062927455,12.367172,2.3649718e-05,-1.5956104e-05,0,0,0,1
1771685163140000,1771685162988000,0,1771685162988000,0,-552.5019,12.354216,-0.057861328,-0.06245021,12.367075,1.0828537e-05,-1.5473073e-05,0,0,0,1
1771685163196000,1771685163040000,0,1771685163044000,0,-552.4883,12.354284,-0.07299805,-0.06344385,12.367172,1.723503e-05,-1.5639054e-05,0,0,0,1
1771685163244000,1771685163092000,0,1771685163092000,0,-552.5077,12.354216,-0.05493164,-0.06264197,12.367075,9.759738e-06,-1.5085206e-05,0,0,0,1
1771685163300000,1771685163144000,0,1771685163148000,0,-552.56915,12.354284,0.0048217773,-0.05628669,12.367172,7.519758e-08,-1.3657052e-05,0,0,0,1
1771685163348000,1771685163196000,0,1771685163196000,0,-552.5222,12.354216,-0.043273926,-0.05506085,12.367075,6.0568327e-06,-1.2941089e-05,0,0,0,1
1771685163404000,1771685163248000,0,1771685163252000,0,-552.58826,12.354284,0.020935059,-0.047901813,12.367171,1.4175487e-06,-1.1588464e-05,0,0,0,1
1771685163452000,1771685163300000,0,1771685163300000,0,-552.45197,12.354216,-0.116882324,-0.05439998,12.367075,4.4186607e-05,-1.4659304e-05,0,0,0,1
1771685163508000,1771685163352000,0,1771685163356000,0,-552.4811,12.354284,-0.08947754,-0.057704385,12.367171,2.5895104e-05,-1.571775e-05,0,0,0,1
1771685163556000,1771685163404000,0,1771685163404000,0,-552.5006,12.354216,-0.07128906,-0.0589841,12.367075,1.6437614e-05,-1.5785563e-05,0,0,0,1
1771685163612000,1771685163456000,0,1771685163460000,0,-552.5012,12.354284,-0.072143555,-0.06022376,12.367171,1.6833897e-05,-1.588432e-05,0,0,0,1
1771685163660000,1771685163508000,0,1771685163508000,0,-552.4502,12.354216,-0.12463379,-0.06629137,12.367074,5.0241735e-05,-1.9120887e-05,0,0,0,1
1771685163716000,1771685163560000,0,1771685163564000,0,-552.51227,12.354284,-0.0637207,-0.0660492,12.367171,1.31326005e-05,-1.8556773e-05,0,0,0,1
1771685163764000,1771685163612000,0,1771685163612000,0,-552.5175,12.354216,-0.059753418,-0.06545612,12.367074,1.1548313e-05,-1.7896557e-05,0,0,0,1
1771685163820000,1771685163664000,0,1771685163668000,0,-552.55554,12.354284,-0.0234375,-0.061497845,12.367171,1.7766921e-06,-1.6378019e-05,0,0,0,1
1771685163868000,1771685163716000,0,1771685163716000,0,-552.551,12.354216,-0.02960205,-0.058493167,12.367074,2.8342401e-06,-1.5102156e-05,0,0,0,1
1771685163924000,1771685163768000,0,1771685163772000,0,-552.53723,12.354284,-0.04559326,-0.05727796,12.367171,6.7234305e-06,-1.43128555e-05,0,0,0,1
1771685163972000,1771685163820000,0,1771685163820000,0,-552.5611,12.354216,-0.023498535,-0.05409584,12.367074,1.7859719e-06,-1.3132787e-05,0,0,0,1
1771685164028000,1771685163872000,0,1771685163876000,0,-552.52374,12.354284,-0.0625,-0.054887533,12.367171,1.2634255e-05,-1.3085823e-05,0,0,0,1
1771685164076000,1771685163924000,0,1771685163924000,0,-552.5243,12.354216,-0.06341553,-0.055690896,12.367074,1.3007213e-05,-1.3078418e-05,0,0,0,1
1771685164132000,1771685163976000,0,1771685163980000,0,-552.5623,12.354284,-0.027404785,-0.053026263,12.36717,2.4290835e-06,-1.207522e-05,0,0,0,1
1771685164180000,1771685164028000,0,1771685164028000,0,-552.56256,12.354216,-0.028930664,-0.050756387,12.367074,2.7071346e-06,-1.1192719e-05,0,0,0,1
1771685164236000,1771685164080000,0,1771685164084000,0,-552.5581,12.354284,-0.03540039,-0.04930981,12.36717,4.0532723e-06,-1.05201625e-05,0,0,0,1
1771685164284000,1771685164132000,0,1771685164132000,0,-552.60535,12.354216,0.010375977,-0.043687236,12.367074,3.482178e-07,-9.49633e-06,0,0,0,1
1771685164340000,1771685164184000,0,1771685164188000,0,-552.4973,12.354284,-0.099487305,-0.048943765,12.36717,3.2012897e-05,-1.1617456e-05,0,0,0,1
1771685164388000,1771685164236000,0,1771685164236000,0,-552.56384,12.354216,-0.034423828,-0.047575947,12.367074,3.8327576e-06,-1.0884115e-05,0,0,0,1
1771685164444000,1771685164288000,0,1771685164292000,0,-552.55945,12.354284,-0.04058838,-0.0469177,12.36717,5.328354e-06,-1.0360746e-05,0,0,0,1
1771685164492000,1771685164340000,0,1771685164340000,0,-552.59735,12.354216,-0.0041503906,-0.042888895,12.367074,5.5714853e-08,-9.389983e-06,0,0,0,1
1771685164548000,1771685164392000,0,1771685164396000,0,-552.5551,12.354284,-0.048583984,-0.04342539,12.36717,7.634418e-06,-9.224604e-06,0,0,0,1
1771685164596000,1771685164444000,0,1771685164444000,0,-552.56024,12.354216,-0.04486084,-0.043560613,12.367073,6.509204e-06,-8.968806e-06,0,0,0,1
1771685164652000,1771685164496000,0,1771685164500000,0,-552.5418,12.354284,-0.06488037,-0.045568995,12.36717,1.3614957e-05,-9.406486e-06,0,0,0,1
1771685164700000,1771685164548000,0,1771685164548000,0,-552.6269,12.354216,0.018798828,-0.03950536,12.367073,1.1430221e-06,-8.412692e-06,0,0,0,1
1771685164756000,1771685164600000,0,1771685164604000,0,-552.55634,12.354284,-0.053466797,-0.040820565,12.36717,9.246087e-06,-8.491201e-06,0,0,0,1
1771685164804000,1771685164652000,0,1771685164652000,0,-552.55676,12.354216,-0.05444336,-0.04210387,12.367073,9.587004e-06,-8.594428e-06,0,0,0,1
1771685164860000,1771685164704000,0,1771685164708000,0,-552.5009,12.354284,-0.11151123,-0.048642248,12.36717,4.021859e-05,-1.15735165e-05,0,0,0,1
1771685164908000,1771685164756000,0,1771685164756000,0,-552.53,12.354216,-0.08325195,-0.05190258,12.367073,2.2417229e-05,-1.25950255e-05,0,0,0,1
1771685164964000,1771685164808000,0,1771685164812000,0,-552.56354,12.354284,-0.050720215,-0.0517912,12.36717,8.320546e-06,-1.2192357e-05,0,0,0,1
1771685165012000,1771685164860000,0,1771685164860000,0,-552.56396,12.354216,-0.05114746,-0.05173056,12.367073,8.46138e-06,-1.1840888e-05,0,0,0,1
1771685165068000,1771685164912000,0,1771685164916000,0,-552.58325,12.354284,-0.03289795,-0.04995647,12.36717,3.5004775e-06,-1.1055197e-05,0,0,0,1
1771685165116000,1771685164964000,0,1771685164964000,0,-552.5506,12.354216,-0.06628418,-0.051494587,12.367073,1.4210614e-05,-1.1352447e-05,0,0,0,1
1771685165172000,1771685165016000,0,1771685165020000,0,-552.58405,12.354284,-0.033996582,-0.049846224,12.36717,3.7381797e-06,-1.0635161e-05,0,0,0,1
1771685165220000,1771685165068000,0,1771685165068000,0,-552.59375,12.354216,-0.025146484,-0.047519438,12.367073,2.0452558e-06,-9.825967e-06,0,0,0,1
1771685165276000,1771685165120000,0,1771685165124000,0,-552.58923,12.354284,-0.030761719,-0.045940813,12.36717,3.06063e-06,-9.188652e-06,0,0,0,1
1771685165324000,1771685165172000,0,1771685165172000,0,-552.6036,12.354216,-0.017150879,-0.043228716,12.367073,9.5140587e-07,-8.41268e-06,0,0,0,1
1771685165380000,1771685165224000,0,1771685165228000,0,-552.56616,12.354284,-0.056152344,-0.04444616,12.36717,1.0198244e-05,-8.580885e-06,0,0,0,1
1771685165428000,1771685165276000,0,1771685165276000,0,-552.56195,12.354216,-0.061462402,-0.04604914,12.367073,1.2218338e-05,-8.923544e-06,0,0,0,1
1771685165484000,1771685165328000,0,1771685165332000,0,-552.6282,12.354284,0.0036621094,-0.041366197,12.36717,4.3376275e-08,-8.078834e-06,0,0,0,1
1771685165532000,1771685165380000,0,1771685165380000,0,-552.6047,12.354216,-0.0211792,-0.039464522,12.367073,1.4508154e-06,-7.4544555e-06,0,0,0,1
1771685165588000,1771685165432000,0,1771685165436000,0,-552.5485,12.354284,-0.07885742,-0.043175448,12.36717,2.0112904e-05,-8.646918e-06,0,0,0,1
1771685165636000,1771685165484000,0,1771685165484000,0,-552.629,12.354216,0.00048828125,-0.0390622,12.367073,7.711399e-10,-7.832281e-06,0,0,0,1
1771685165692000,1771685165536000,0,1771685165540000,0,-552.65247,12.354284,0.022277832,-0.03328379,12.36717,1.6052235e-06,-6.943241e-06,0,0,0,1
1771685165740000,1771685165588000,0,1771685165588000,0,-552.6147,12.354216,-0.016967773,-0.03174677,12.367073,9.311996e-07,-6.376889e-06,0,0,0,1
1771685165796000,1771685165640000,0,1771685165644000,0,-552.63367,12.354284,0.00061035156,-0.028698636,12.36717,1.2048965e-09,-5.776054e-06,0,0,0,1
1771685165844000,1771685165692000,0,1771685165692000,0,-552.58673,12.354216,-0.047546387,-0.030474149,12.367073,7.311864e-06,-5.920732e-06,0,0,0,1
1771685165900000,1771685165744000,0,1771685165748000,0,-552.60583,12.354284,-0.029785156,-0.030409243,12.36717,2.869389e-06,-5.6332865e-06,0,0,0,1
1771685165948000,1771685165796000,0,1771685165796000,0,-552.56384,12.354216,-0.07305908,-0.03442698,12.367073,1.7264003e-05,-6.728934e-06,0,0,0,1
1771685166004000,1771685165848000,0,1771685165852000,0,-552.6349,12.354284,-0.0036621094,-0.031528838,12.36717,4.3376275e-08,-6.0991347e-06,0,0,0,1
1771685166052000,1771685165900000,0,1771685165900000,0,-552.62555,12.354216,-0.014526367,-0.029927155,12.367073,6.82507e-07,-5.5888727e-06,0,0,0,1
1771685166108000,1771685165952000,0,1771685165956000,0,-552.56934,12.354284,-0.07244873,-0.033932813,12.36717,1.6976619e-05,-6.6616317e-06,0,0,0,1
1771685166156000,1771685166004000,0,1771685166004000,0,-552.6075,12.354216,-0.035705566,-0.03409981,12.367073,4.12349e-06,-6.4225314e-06,0,0,0,1
1771685166212000,1771685166056000,0,1771685166060000,0,-552.6642,12.354284,0.019348145,-0.029064856,12.36717,1.2107885e-06,-5.7034504e-06,0,0,0,1
1771685166260000,1771685166108000,0,1771685166108000,0,-552.6452,12.354216,-0.001159668,-0.026436107,12.367073,4.349711e-09,-5.1665784e-06,0,0,0,1
1771685166316000,1771685166160000,0,1771685166164000,0,-552.6076,12.354284,-0.040405273,-0.027752044,12.36717,5.280387e-06,-5.1772995e-06,0,0,0,1
1771685166364000,1771685166212000,0,1771685166212000,0,-552.608,12.354216,-0.04144287,-0.02904176,12.367073,5.555111e-06,-5.2128903e-06,0,0,0,1
1771685166420000,1771685166264000,0,1771685166268000,0,-552.64124,12.354284,-0.010009766,-0.027248891,12.36717,3.24069e-07,-4.752349e-06,0,0,0,1
1771685166468000,1771685166316000,0,1771685166316000,0,-552.6413,12.354216,-0.01159668,-0.025774408,12.367073,4.349711e-07,-4.3456394e-06,0,0,0,1
1771685166524000,1771685166368000,0,1771685166372000,0,-552.6555,12.354284,0.00079345703,-0.023271639,12.36717,2.0362751e-09,-3.9360757e-06,0,0,0,1
1771685166572000,1771685166420000,0,1771685166420000,0,-552.6508,12.354216,-0.0056152344,-0.021608355,12.367073,1.01983254e-07,-3.574893e-06,0,0,0,1
1771685166628000,1771685166472000,0,1771685166476000,0,-552.66956,12.354284,0.010864258,-0.01854934,12.36717,3.8175943e-07,-3.2021649e-06,0,0,0,1
1771685166676000,1771685166524000,0,1771685166524000,0,-552.66486,12.354216,0.0043945312,-0.01638796,12.367073,6.2462334e-08,-2.8946274e-06,0,0,0,1
1771685166732000,1771685166576000,0,1771685166580000,0,-552.67413,12.354284,0.011657715,-0.013745976,12.36717,4.395583e-07,-2.5805375e-06,0,0,0,1
1771685166780000,1771685166628000,0,1771685166628000,0,-552.6741,12.354216,0.010009766,-0.011508116,12.367073,3.2407155e-07,-2.306915e-06,0,0,0,1
1771685166836000,1771685166680000,0,1771685166684000,0,-552.6599,12.354284,-0.006164551,-0.011004737,12.36717,1.229115e-07,-2.1011754e-06,0,0,0,1
1771685166884000,1771685166732000,0,1771685166732000,0,-552.59894,12.354216,-0.06878662,-0.016447958,12.367073,1.5303862e-05,-3.3449069e-06,0,0,0,1
1771685166940000,1771685166784000,0,1771685166788000,0,-552.6653,12.354284,-0.0040893555,-0.015283741,12.36717,5.4087806e-08,-3.0349022e-06,0,0,0,1
1771685166988000,1771685166836000,0,1771685166836000,0,-552.59955,12.354216,-0.07122803,-0.020553855,12.367073,1.6409484e-05,-4.294827e-06,0,0,0,1
1771685167044000,1771685166888000,0,1771685166892000,0,-552.6424,12.354284,-0.029968262,-0.02144072,12.36717,2.9047767e-06,-4.16388e-06,0,0,0,1
1771685167092000,1771685166940000,0,1771685166940000,0,-552.6802,12.354216,0.0064697266,-0.018811475,12.367073,1.3538325e-07,-3.758877e-06,0,0,0,1
1771685167148000,1771685166992000,0,1771685166996000,0,-552.60504,12.354284,-0.06994629,-0.023628524,12.36717,1.58241e-05,-4.895456e-06,0,0,0,1
1771685167196000,1771685167044000,0,1771685167044000,0,-552.6995,12.354216,0.02331543,-0.019206267,12.367073,1.7582472e-06,-4.268658e-06,0,0,0,1
1771685167252000,1771685167096000,0,1771685167100000,0,-552.6665,12.354284,-0.011169434,-0.018449174,12.36717,4.035078e-07,-3.9045494e-06,0,0,0,1
1771685167300000,1771685167148000,0,1771685167148000,0,-552.6853,12.354216,0.006591797,-0.016090242,12.367073,1.4054025e-07,-3.5234902e-06,0,0,0,1
1771685167356000,1771685167200000,0,1771685167204000,0,-552.67584,12.354284,-0.004333496,-0.014982723,12.36717,6.0738834e-08,-3.197289e-06,0,0,0,1
1771685167404000,1771685167252000,0,1771685167252000,0,-552.6712,12.354216,-0.010375977,-0.014548753,12.367073,3.4821787e-07,-2.9288983e-06,0,0,0,1
1771685167460000,1771685167304000,0,1771685167308000,0,-552.6525,12.354284,-0.030700684,-0.016070312,12.36717,3.0484969e-06,-2.940165e-06,0,0,0,1
1771685167508000,1771685167356000,0,1771685167356000,0,-552.68567,12.354216,0.001159668,-0.014447197,12.367073,4.349711e-09,-2.6627831e-06,0,0,0,1
1771685167564000,1771685167408000,0,1771685167412000,0,-552.6856,12.354284,-0.00036621094,-0.013120728,12.36717,4.3376278e-10,-2.411982e-06,0,0,0,1
1771685167612000,1771685167460000,0,1771685167460000,0,-552.74194,12.354216,0.054382324,-0.006761744,12.367073,9.5655205e-06,-1.2836665e-06,0,0,0,1
1771685167668000,1771685167512000,0,1771685167516000,0,-552.66174,12.354284,-0.027648926,-0.008729378,12.36717,2.4725562e-06,-1.3956634e-06,0,0,0,1
1771685167716000,1771685167564000,0,1771685167564000,0,-552.7042,12.354216,0.0134887695,-0.0066363635,12.367073,5.884882e-07,-1.2087505e-06,0,0,0,1
1771685167772000,1771685167616000,0,1771685167620000,0,-552.6994,12.354284,0.0072631836,-0.005326986,12.36717,1.706254e-07,-1.0788093e-06,0,0,0,1
1771685167820000,1771685167668000,0,1771685167668000,0,-552.70404,12.354216,0.010559082,-0.003830472,12.367073,3.6061635e-07,-9.432112e-07,0,0,0,1
1771685167876000,1771685167720000,0,1771685167724000,0,-552.6476,12.354284,-0.04748535,-0.007942889,12.36717,7.293046e-06,-1.5413841e-06,0,0,0,1
1771685167924000,1771685167772000,0,1771685167772000,0,-552.68085,12.354216,-0.015808105,-0.008683816,12.367073,8.0826305e-07,-1.472322e-06,0,0,0,1
1771685167980000,1771685167824000,0,1771685167828000,0,-552.5965,12.354284,-0.10180664,-0.017456256,12.36717,3.3522923e-05,-4.491582e-06,0,0,0,1
1771685168028000,1771685167876000,0,1771685167876000,0,-552.6584,12.354216,-0.041015625,-0.019675616,12.367073,5.441163e-06,-4.5810352e-06,0,0,0,1
1771685168084000,1771685167928000,0,1771685167932000,0,-552.6869,12.354284,-0.013305664,-0.019075548,12.36717,5.72615e-07,-4.2034303e-06,0,0,0,1
1771685168132000,1771685167980000,0,1771685167980000,0,-552.6307,12.354216,-0.070373535,-0.023907967,12.367073,1.601813e-05,-5.3164094e-06,0,0,0,1
1771685168188000,1771685168032000,0,1771685168036000,0,-552.6641,12.354284,-0.03765869,-0.025203325,12.36717,4.5869087e-06,-5.2476885e-06,0,0,0,1
1771685168236000,1771685168084000,0,1771685168084000,0,-552.77716,12.354216,0.0748291,-0.01577998,12.367073,1.8110653e-05,-3.0472647e-06,0,0,0,1
1771685168292000,1771685168136000,0,1771685168140000,0,-552.72015,12.354284,0.016723633,-0.012718044,12.36717,9.0458815e-07,-2.6749888e-06,0,0,0,1
1771685168340000,1771685168188000,0,1771685168188000,0,-552.68713,12.354216,-0.017700195,-0.013187378,12.367073,1.013326e-06,-2.5184554e-06,0,0,0,1
1771685168396000,1771685168240000,0,1771685168244000,0,-552.6685,12.354284,-0.038024902,-0.015527144,12.36717,4.676553e-06,-2.7217545e-06,0,0,0,1
1771685168444000,1771685168292000,0,1771685168292000,0,-552.7017,12.354216,-0.006286621,-0.01465666,12.367073,1.2782849e-07,-2.4773992e-06,0,0,0,1
1771685168500000,1771685168344000,0,1771685168348000,0,-552.6971,12.354284,-0.012145996,-0.014420148,12.36717,4.771511e-07,-2.28897e-06,0,0,0,1
1771685168548000,1771685168396000,0,1771685168396000,0,-552.6596,12.354216,-0.051208496,-0.017885717,12.367073,8.4815865e-06,-2.8723325e-06,0,0,0,1
1771685168604000,1771685168448000,0,1771685168452000,0,-552.6976,12.354284,-0.014770508,-0.017592255,12.36717,7.056356e-07,-2.6682233e-06,0,0,0,1
1771685168652000,1771685168500000,0,1771685168500000,0,-552.7493,12.354216,0.035461426,-0.012594445,12.367073,4.067293e-06,-2.033718e-06,0,0,0,1
1771685168708000,1771685168552000,0,1771685168556000,0,-552.6833,12.354284,-0.032287598,-0.014449596,12.36717,3.3717947e-06,-2.1597687e-06,0,0,0,1
1771685168756000,1771685168604000,0,1771685168604000,0,-552.7071,12.354216,-0.010070801,-0.0140371015,12.367073,3.2803567e-07,-1.987214e-06,0,0,0,1
1771685168812000,1771685168656000,0,1771685168660000,0,-552.70245,12.354284,-0.016906738,-0.01430743,12.36717,9.245051e-07,-1.8871038e-06,0,0,0,1
1771685168860000,1771685168708000,0,1771685168708000,0,-552.73083,12.354216,0.009460449,-0.012068426,12.367073,2.894787e-07,-1.6820635e-06,0,0,0,1
1771685168916000,1771685168760000,0,1771685168764000,0,-552.7025,12.354284,-0.021118164,-0.0129209375,12.36717,1.4424539e-06,-1.6594915e-06,0,0,0,1
1771685168964000,1771685168812000,0,1771685168812000,0,-552.74023,12.354216,0.014526367,-0.010335322,12.367073,6.82507e-07,-1.4388685e-06,0,0,0,1
1771685169020000,1771685168864000,0,1771685168868000,0,-552.7542,12.354284,0.026123047,-0.006900837,12.36717,2.2071777e-06,-1.0954003e-06,0,0,0,1
1771685169068000,1771685168916000,0,1771685168916000,0,-552.7259,12.354216,-0.0040893555,-0.006635987,12.367073,5.4088233e-08,-9.973057e-07,0,0,0,1
1771685169124000,1771685168968000,0,1771685168972000,0,-552.7118,12.354284,-0.020446777,-0.007937004,12.36717,1.3521952e-06,-1.0307374e-06,0,0,0,1
1771685169172000,1771685169020000,0,1771685169020000,0,-552.7261,12.354216,-0.0078125,-0.007925275,12.367073,1.9741181e-07,-9.522357e-07,0,0,0,1
1771685169228000,1771685169072000,0,1771685169076000,0,-552.7496,12.354284,0.014099121,-0.0058505125,12.36717,6.429449e-07,-8.019651e-07,0,0,0,1
1771685169276000,1771685169124000,0,1771685169124000,0,-552.74005,12.354216,0.0034179688,-0.004977395,12.367073,3.7785856e-08,-7.228581e-07,0,0,0,1
1771685169332000,1771685169176000,0,1771685169180000,0,-552.6978,12.354284,-0.040283203,-0.008303305,12.36717,5.2485293e-06,-1.1491895e-06,0,0,0,1
1771685169380000,1771685169228000,0,1771685169228000,0,-552.6653,12.354216,-0.07366943,-0.014460985,12.367073,1.7553662e-05,-2.6945386e-06,0,0,0,1
1771685169436000,1771685169280000,0,1771685169284000,0,-552.75507,12.354284,0.015380859,-0.011649797,12.36717,7.651575e-07,-2.3686252e-06,0,0,0,1
1771685169484000,1771685169332000,0,1771685169332000,0,-552.7033,12.354216,-0.03741455,-0.014076911,12.367074,4.527663e-06,-2.5720128e-06,0,0,0,1
1771685169540000,1771685169384000,0,1771685169388000,0,-552.713,12.354284,-0.028259277,-0.015412931,12.36717,2.5829247e-06,-2.5730408e-06,0,0,0,1
1771685169588000,1771685169436000,0,1771685169436000,0,-552.7367,12.354216,-0.004699707,-0.014403715,12.367074,7.1438876e-08,-2.3373825e-06,0,0,0,1
1771685169644000,1771685169488000,0,1771685169492000,0,-552.7133,12.354284,-0.028503418,-0.015731947,12.367171,2.6277467e-06,-2.3647356e-06,0,0,0,1
1771685169692000,1771685169540000,0,1771685169540000,0,-552.70886,12.354216,-0.03302002,-0.017360535,12.367074,3.526531e-06,-2.47418e-06,0,0,0,1
1771685169748000,1771685169592000,0,1771685169596000,0,-552.64343,12.354284,-0.09869385,-0.025022369,12.367171,3.1504296e-05,-5.2089013e-06,0,0,0,1
1771685169796000,1771685169644000,0,1771685169644000,0,-552.6536,12.354216,-0.08843994,-0.030996488,12.367075,2.5298215e-05,-7.101373e-06,0,0,0,1
1771685169852000,1771685169696000,0,1771685169700000,0,-552.67316,12.354284,-0.068359375,-0.03451618,12.367171,1.5114221e-05,-7.856206e-06,0,0,0,1
1771685169900000,1771685169748000,0,1771685169748000,0,-552.7113,12.354216,-0.029846191,-0.034076255,12.367075,2.8811828e-06,-7.3875444e-06,0,0,0,1
1771685169956000,1771685169800000,0,1771685169804000,0,-552.69745,12.354284,-0.043151855,-0.0349312,12.367172,6.022662e-06,-7.2589687e-06,0,0,0,1
1771685170004000,1771685169852000,0,1771685169852000,0,-552.7166,12.354216,-0.02368164,-0.03387146,12.367076,1.8139133e-06,-6.7460287e-06,0,0,0,1
1771685170060000,1771685169904000,0,1771685169908000,0,-552.7168,12.354284,-0.023254395,-0.032871302,12.367173,1.7490396e-06,-6.275298e-06,0,0,0,1
1771685170108000,1771685169956000,0,1771685169956000,0,-552.7311,12.354216,-0.008666992,-0.030591186,12.367077,2.4295719e-07,-5.707034e-06,0,0,0,1
1771685170164000,1771685170008000,0,1771685170012000,0,-552.7077,12.354284,-0.031921387,-0.030716496,12.367174,3.2957405e-06,-5.479883e-06,0,0,0,1
1771685170212000,1771685170060000,0,1771685170060000,0,-552.73145,12.354216,-0.00793457,-0.028570373,12.367078,2.0362904e-07,-4.9828445e-06,0,0,0,1
1771685170268000,1771685170112000,0,1771685170116000,0,-552.7315,12.354284,-0.007873535,-0.026620671,12.367175,2.0050676e-07,-4.5323345e-06,0,0,0,1
1771685170316000,1771685170164000,0,1771685170164000,0,-552.71747,12.354216,-0.021911621,-0.026177065,12.367079,1.5528942e-06,-4.2516626e-06,0,0,0,1
1771685170372000,1771685170216000,0,1771685170220000,0,-552.6566,12.354284,-0.08276367,-0.03150769,12.367176,2.2154856e-05,-5.9381955e-06,0,0,0,1
1771685170420000,1771685170268000,0,1771685170268000,0,-552.7325,12.354216,-0.0068359375,-0.029183539,12.36708,1.5114333e-07,-5.3930385e-06,0,0,0,1
1771685170476000,1771685170320000,0,1771685170324000,0,-552.71844,12.354284,-0.020996094,-0.028412258,12.367177,1.4258256e-06,-5.0193157e-06,0,0,0,1
1771685170524000,1771685170372000,0,1771685170372000,0,-552.72797,12.354216,-0.0115356445,-0.026822433,12.367081,4.3040424e-07,-4.587027e-06,0,0,0,1
1771685170580000,1771685170424000,0,1771685170428000,0,-552.7187,12.354284,-0.020874023,-0.026262075,12.367178,1.4092944e-06,-4.2876754e-06,0,0,0,1
1771685170628000,1771685170476000,0,1771685170476000,0,-552.7236,12.354216,-0.015991211,-0.02529453,12.367082,8.2709516e-07,-3.961679e-06,0,0,0,1
1771685170684000,1771685170528000,0,1771685170532000,0,-552.7143,12.354284,-0.02545166,-0.025309332,12.36718,2.095181e-06,-3.7858495e-06,0,0,0,1
1771685170732000,1771685170580000,0,1771685170580000,0,-552.72394,12.354216,-0.015930176,-0.024425788,12.367084,8.2079333e-07,-3.5065325e-06,0,0,0,1
1771685170788000,1771685170632000,0,1771685170636000,0,-552.69116,12.354284,-0.04876709,-0.02671881,12.367181,7.692065e-06,-3.900822e-06,0,0,0,1
1771685170836000,1771685170684000,0,1771685170684000,0,-552.7386,12.354216,-0.001159668,-0.024311066,12.3670845,4.349707e-09,-3.5337628e-06,0,0,0,1
1771685170892000,1771685170736000,0,1771685170740000,0,-552.7104,12.354284,-0.02923584,-0.024774993,12.367182,2.7645242e-06,-3.4612983e-06,0,0,0,1
1771685170940000,1771685170788000,0,1771685170788000,0,-552.72943,12.354216,-0.009399414,-0.023326568,12.367085,2.8575525e-07,-3.162153e-06,0,0,0,1
1771685170996000,1771685170840000,0,1771685170844000,0,-552.7248,12.354284,-0.013671875,-0.022417068,12.367184,6.0456824e-07,-2.921221e-06,0,0,0,1
1771685171044000,1771685170892000,0,1771685170892000,0,-552.74835,12.354216,0.010131836,-0.019350868,12.367087,3.3202352e-07,-2.6147559e-06,0,0,0,1
1771685171100000,1771685170944000,0,1771685170948000,0,-552.753,12.354284,0.01550293,-0.016067538,12.367185,7.773501e-07,-2.2952097e-06,0,0,0,1
1771685171148000,1771685170996000,0,1771685170996000,0,-552.64484,12.354216,-0.09234619,-0.02325321,12.367088,2.75823e-05,-4.677327e-06,0,0,0,1
1771685171204000,1771685171048000,0,1771685171052000,0,-552.73956,12.354284,0.0025024414,-0.020826953,12.367186,2.0254287e-08,-4.234801e-06,0,0,0,1
1771685171252000,1771685171100000,0,1771685171100000,0,-552.6738,12.354216,-0.06274414,-0.024775673,12.367089,1.2733237e-05,-5.0353783e-06,0,0,0,1
1771685171308000,1771685171152000,0,1771685171156000,0,-552.7119,12.354284,-0.024353027,-0.024735859,12.367187,1.9182048e-06,-4.7417316e-06,0,0,0,1
1771685171356000,1771685171204000,0,1771685171204000,0,-552.698,12.354216,-0.037963867,-0.025981976,12.36709,4.6615824e-06,-4.7341814e-06,0,0,0,1
1771685171412000,1771685171256000,0,1771685171260000,0,-552.77344,12.354284,0.037475586,-0.02000409,12.3671875,4.542406e-06,-3.8603e-06,0,0,0,1
1771685171460000,1771685171308000,0,1771685171308000,0,-552.7121,12.354216,-0.023986816,-0.020379275,12.367091,1.8609627e-06,-3.6719564e-06,0,0,0,1
1771685171516000,1771685171360000,0,1771685171364000,0,-552.6935,12.354284,-0.04309082,-0.022518769,12.367188,6.0056295e-06,-3.891795e-06,0,0,0,1
1771685171564000,1771685171412000,0,1771685171412000,0,-552.72205,12.354216,-0.014770508,-0.02178886,12.367092,7.056401e-07,-3.59165e-06,0,0,0,1
1771685171620000,1771685171464000,0,1771685171468000,0,-552.694,12.354284,-0.043273926,-0.023812816,12.367189,6.056777e-06,-3.8238722e-06,0,0,0,1
1771685171668000,1771685171516000,0,1771685171516000,0,-552.68494,12.354216,-0.0524292,-0.026508562,12.367093,8.890758e-06,-4.301188e-06,0,0,0,1
1771685171724000,1771685171568000,0,1771685171572000,0,-552.6807,12.354284,-0.057739258,-0.029450584,12.36719,1.07827955e-05,-4.911774e-06,0,0,0,1
1771685171772000,1771685171620000,0,1771685171620000,0,-552.74225,12.354216,0.0028076172,-0.026411768,12.367093,2.549577e-08,-4.4466688e-06,0,0,0,1
1771685171828000,1771685171672000,0,1771685171676000,0,-552.6765,12.354284,-0.064575195,-0.030006874,12.36719,1.3487157e-05,-5.298309e-06,0,0,0,1
1771685171876000,1771685171724000,0,1771685171724000,0,-552.7052,12.354216,-0.03753662,-0.030716198,12.367094,4.5572483e-06,-5.228499e-06,0,0,0,1
1771685171932000,1771685171776000,0,1771685171780000,0,-552.7243,12.354284,-0.020935059,-0.029794786,12.367191,1.4175464e-06,-4.869496e-06,0,0,0,1
1771685171980000,1771685171828000,0,1771685171828000,0,-552.7151,12.354216,-0.03253174,-0.030052615,12.367095,3.4229995e-06,-4.733232e-06,0,0,0,1
1771685172036000,1771685171880000,0,1771685171884000,0,-552.7248,12.354284,-0.026184082,-0.029688189,12.367192,2.2174997e-06,-4.4962426e-06,0,0,0,1
1771685172084000,1771685171932000,0,1771685171932000,0,-552.68274,12.354216,-0.07147217,-0.033624362,12.367096,1.6522135e-05,-5.6291165e-06,0,0,0,1
1771685172140000,1771685171984000,0,1771685171988000,0,-552.7678,12.354284,0.009643555,-0.0295484,12.367193,3.0078982e-07,-5.070502e-06,0,0,0,1
1771685172188000,1771685172036000,0,1771685172036000,0,-552.74896,12.354216,-0.0126953125,-0.027960788,12.367097,5.2128956e-07,-4.641953e-06,0,0,0,1
1771685172244000,1771685172088000,0,1771685172092000,0,-552.7209,12.354284,-0.044799805,-0.029547073,12.367195,6.4914398e-06,-4.81618e-06,0,0,0,1
1771685172292000,1771685172140000,0,1771685172140000,0,-552.76355,12.354216,-0.0051879883,-0.027252376,12.367099,8.705428e-08,-4.3706827e-06,0,0,0,1
1771685172348000,1771685172192000,0,1771685172196000,0,-552.6931,12.354284,-0.07867432,-0.03209647,12.367197,2.0019566e-05,-5.844853e-06,0,0,0,1
1771685172396000,1771685172244000,0,1771685172244000,0,-552.7173,12.354216,-0.056518555,-0.034397103,12.367101,1.0331757e-05,-6.2675326e-06,0,0,0,1
1771685172452000,1771685172296000,0,1771685172300000,0,-552.7225,12.354284,-0.053100586,-0.036159024,12.367199,9.119842e-06,-6.5362283e-06,0,0,0,1
1771685172500000,1771685172348000,0,1771685172348000,0,-552.6947,12.354216,-0.082092285,-0.04048607,12.367103,2.1797001e-05,-7.9738375e-06,0,0,0,1
1771685172556000,1771685172400000,0,1771685172404000,0,-552.72363,12.354284,-0.053833008,-0.04174339,12.367201,9.373157e-06,-8.105658e-06,0,0,0,1
1771685172604000,1771685172452000,0,1771685172452000,0,-552.771,12.354216,-0.0064086914,-0.038414758,12.3671055,1.3284054e-07,-7.3545953e-06,0,0,0,1
1771685172660000,1771685172504000,0,1771685172508000,0,-552.7382,12.354284,-0.03918457,-0.038487278,12.367205,4.966136e-06,-7.1295954e-06,0,0,0,1
1771685172708000,1771685172556000,0,1771685172556000,0,-552.79016,12.354216,0.013000488,-0.03363698,12.367108,5.466523e-07,-6.4064707e-06,0,0,0,1
1771685172764000,1771685172608000,0,1771685172612000,0,-552.71497,12.354284,-0.061523438,-0.036263965,12.367208,1.2242484e-05,-6.95624e-06,0,0,0,1
1771685172812000,1771685172660000,0,1771685172660000,0,-552.71545,12.354216,-0.060546875,-0.038551487,12.367112,1.185701e-05,-7.417907e-06,0,0,0,1
1771685172868000,1771685172712000,0,1771685172716000,0,-552.7723,12.354284,-0.0026245117,-0.03516706,12.367211,2.2278464e-08,-6.7212172e-06,0,0,0,1
1771685172916000,1771685172764000,0,1771685172764000,0,-552.716,12.354217,-0.057495117,-0.037270427,12.367117,1.0691865e-05,-7.0952638e-06,0,0,0,1
1771685172972000,1771685172816000,0,1771685172820000,0,-552.7071,12.354284,-0.064697266,-0.039854113,12.367216,1.3538169e-05,-7.702204e-06,0,0,0,1
1771685173020000,1771685172868000,0,1771685172868000,0,-552.74524,12.354217,-0.024780273,-0.038434114,12.367122,1.986111e-06,-7.1637314e-06,0,0,0,1
1771685173076000,1771685172920000,0,1771685172924000,0,-552.75946,12.354284,-0.008361816,-0.035601217,12.367221,2.2614613e-07,-6.510191e-06,0,0,0,1
1771685173124000,1771685172972000,0,1771685172972000,0,-552.7455,12.354217,-0.019714355,-0.03410463,12.367126,1.2570611e-06,-6.0153307e-06,0,0,0,1
1771685173180000,1771685173024000,0,1771685173028000,0,-552.75037,12.354284,-0.011230469,-0.031949818,12.367226,4.0792796e-07,-5.487097e-06,0,0,0,1
1771685173228000,1771685173076000,0,1771685173076000,0,-552.7176,12.354217,-0.04046631,-0.032752097,12.367132,5.296368e-06,-5.46913e-06,0,0,0,1
1771685173284000,1771685173128000,0,1771685173132000,0,-552.75543,12.354284,0.0017700195,-0.029500013,12.367231,1.013313e-08,-4.9529676e-06,0,0,0,1
1771685173332000,1771685173180000,0,1771685173180000,0,-552.67096,12.354217,-0.07849121,-0.03411513,12.367138,1.9926585e-05,-6.3635257e-06,0,0,0,1
1771685173388000,1771685173232000,0,1771685173236000,0,-552.74677,12.354284,0.0025634766,-0.030659897,12.367237,2.125426e-08,-5.762061e-06,0,0,0,1
1771685173436000,1771685173284000,0,1771685173284000,0,-552.7185,12.354217,-0.021118164,-0.029761039,12.367143,1.4424572e-06,-5.3551416e-06,0,0,0,1
1771685173492000,1771685173336000,0,1771685173340000,0,-552.68115,12.354284,-0.053344727,-0.03198269,12.367243,9.203862e-06,-5.717702e-06,0,0,0,1
1771685173540000,1771685173388000,0,1771685173388000,0,-552.67694,12.354217,-0.052856445,-0.03394906,12.367148,9.03621e-06,-6.030315e-06,0,0,0,1
1771685173596000,1771685173440000,0,1771685173444000,0,-552.69147,12.354284,-0.03302002,-0.03386154,12.367248,3.5264814e-06,-5.7944467e-06,0,0,0,1
1771685173644000,1771685173492000,0,1771685173492000,0,-552.7011,12.354217,-0.018615723,-0.03242534,12.367153,1.1208566e-06,-5.3541808e-06,0,0,0,1
1771685173700000,1771685173544000,0,1771685173548000,0,-552.61676,12.354284,-0.097717285,-0.03857603,12.367252,3.0883715e-05,-7.759138e-06,0,0,0,1
1771685173748000,1771685173596000,0,1771685173596000,0,-552.68805,12.354217,-0.022033691,-0.037017692,12.367157,1.570235e-06,-7.176125e-06,0,0,0,1
1771685173804000,1771685173648000,0,1771685173652000,0,-552.66473,12.354284,-0.041137695,-0.037405808,12.367256,5.4735183e-06,-7.015735e-06,0,0,0,1
1771685173852000,1771685173700000,0,1771685173700000,0,-552.7308,12.354217,0.028564453,-0.031191219,12.367161,2.6390148e-06,-6.106229e-06,0,0,0,1
1771685173908000,1771685173752000,0,1771685173756000,0,-552.62726,12.354284,-0.07196045,-0.0350318,12.367259,1.6748436e-05,-7.108756e-06,0,0,0,1
1771685173956000,1771685173804000,0,1771685173804000,0,-552.6701,12.354217,-0.026611328,-0.034238566,12.367164,2.2904615e-06,-6.6548587e-06,0,0,0,1
1771685174012000,1771685173856000,0,1771685173860000,0,-552.63745,12.354284,-0.057373047,-0.0364179,12.367261,1.0646389e-05,-7.0308724e-06,0,0,0,1
1771685174060000,1771685173908000,0,1771685173908000,0,-552.65674,12.354217,-0.036499023,-0.036425542,12.367165,4.3087603e-06,-6.7744418e-06,0,0,0,1
1771685174116000,1771685173960000,0,1771685173964000,0,-552.63824,12.354284,-0.053955078,-0.038076874,12.367262,9.415667e-06,-7.0232527e-06,0,0,0,1
1771685174164000,1771685174012000,0,1771685174012000,0,-552.6575,12.354217,-0.033203125,-0.037617754,12.367165,3.5657245e-06,-6.6975435e-06,0,0,0,1
1771685174220000,1771685174064000,0,1771685174068000,0,-552.6954,12.354284,0.006225586,-0.033487584,12.367261,1.2535652e-07,-6.0548064e-06,0,0,0,1
1771685174268000,1771685174116000,0,1771685174116000,0,-552.6718,12.354217,-0.015808105,-0.031822126,12.367165,8.082571e-07,-5.560566e-06,0,0,0,1
1771685174324000,1771685174168000,0,1771685174172000,0,-552.68134,12.354284,-0.0053710938,-0.029330362,12.36726,9.330652e-08,-5.045534e-06,0,0,0,1
1771685174372000,1771685174220000,0,1771685174220000,0,-552.6814,12.354217,-0.0048217773,-0.027021581,12.367163,7.519764e-08,-4.577314e-06,0,0,0,1
1771685174428000,1771685174272000,0,1771685174276000,0,-552.67676,12.354284,-0.009765625,-0.02539602,12.367259,3.084513e-07,-4.1751746e-06,0,0,0,1
1771685174476000,1771685174324000,0,1771685174324000,0,-552.6064,12.354217,-0.08050537,-0.03058748,12.367161,2.0962338e-05,-5.756574e-06,0,0,0,1
1771685174532000,1771685174376000,0,1771685174380000,0,-552.6493,12.354284,-0.038269043,-0.031311106,12.367256,4.7367653e-06,-5.660505e-06,0,0,0,1
1771685174580000,1771685174428000,0,1771685174428000,0,-552.6825,12.354217,-0.0056152344,-0.02889048,12.367159,1.01982536e-07,-5.136876e-06,0,0,0,1
1771685174636000,1771685174480000,0,1771685174484000,0,-552.68256,12.354284,-0.006591797,-0.02678988,12.367253,1.4053819e-07,-4.6662067e-06,0,0,0,1
1771685174684000,1771685174532000,0,1771685174532000,0,-552.6544,12.354217,-0.03564453,-0.027624013,12.367155,4.109377e-06,-4.6137516e-06,0,0,0,1
1771685174740000,1771685174584000,0,1771685174588000,0,-552.6453,12.354284,-0.046447754,-0.029397264,12.36725,6.9777634e-06,-4.836448e-06,0,0,0,1
1771685174788000,1771685174636000,0,1771685174636000,0,-552.627,12.354217,-0.06616211,-0.032860618,12.367152,1.415823e-05,-5.714587e-06,0,0,0,1
1771685174844000,1771685174688000,0,1771685174692000,0,-552.698,12.354284,0.0033569336,-0.02944882,12.367247,3.6447897e-08,-5.172823e-06,0,0,0,1
1771685174892000,1771685174740000,0,1771685174740000,0,-552.67914,12.354217,-0.017211914,-0.028296068,12.367148,9.581837e-07,-4.7757917e-06,0,0,0,1
1771685174948000,1771685174792000,0,1771685174796000,0,-552.6793,12.354284,-0.019348145,-0.027453149,12.367243,1.2107814e-06,-4.4399576e-06,0,0,0,1
1771685174996000,1771685174844000,0,1771685174844000,0,-552.67474,12.354217,-0.025756836,-0.02729335,12.367146,2.1457322e-06,-4.223835e-06,0,0,0,1
1771685175052000,1771685174896000,0,1771685174900000,0,-552.7172,12.354284,0.014099121,-0.02339406,12.36724,6.4294125e-07,-3.7653704e-06,0,0,0,1
1771685175100000,1771685174948000,0,1771685174948000,0,-552.7218,12.354217,0.016662598,-0.019620607,12.367142,8.979995e-07,-3.3260674e-06,0,0,0,1
1771685175156000,1771685175000000,0,1771685175004000,0,-552.64185,12.354284,-0.065979004,-0.023987703,12.367236,1.4079877e-05,-4.3391074e-06,0,0,0,1
1771685175204000,1771685175052000,0,1771685175052000,0,-552.7175,12.354217,0.0078125,-0.020992031,12.367138,1.9741078e-07,-3.911754e-06,0,0,0,1
1771685175260000,1771685175104000,0,1771685175108000,0,-552.68933,12.354284,-0.023010254,-0.021182153,12.367232,1.7124988e-06,-3.7045777e-06,0,0,0,1
1771685175308000,1771685175156000,0,1771685175156000,0,-552.70355,12.354217,-0.010925293,-0.020215927,12.367134,3.8606206e-07,-3.391964e-06,0,0,0,1
1771685175364000,1771685175208000,0,1771685175212000,0,-552.7318,12.354284,0.014526367,-0.0169431,12.3672285,6.8249835e-07,-3.0081378e-06,0,0,0,1
1771685175412000,1771685175260000,0,1771685175260000,0,-552.7082,12.354217,-0.011413574,-0.016422203,12.367131,4.213416e-07,-2.7644542e-06,0,0,0,1
1771685175468000,1771685175312000,0,1771685175316000,0,-552.6896,12.354284,-0.03265381,-0.017951267,12.367226,3.4487e-06,-2.828912e-06,0,0,0,1
1771685175516000,1771685175364000,0,1771685175364000,0,-552.75555,12.354217,0.031555176,-0.013287617,12.367127,3.2205671e-06,-2.2590336e-06,0,0,0,1
1771685175572000,1771685175416000,0,1771685175420000,0,-552.713,12.354284,-0.013427734,-0.0133008165,12.367222,5.8316755e-07,-2.1011622e-06,0,0,0,1
1771685175620000,1771685175468000,0,1771685175468000,0,-552.70844,12.354217,-0.019958496,-0.01392799,12.367125,1.2883887e-06,-2.0245966e-06,0,0,0,1
1771685175676000,1771685175520000,0,1771685175524000,0,-552.7509,12.354284,0.019836426,-0.010747284,12.367219,1.272667e-06,-1.7139848e-06,0,0,0,1
1771685175724000,1771685175572000,0,1771685175572000,0,-552.685,12.354217,-0.047790527,-0.014236865,12.367122,7.3871174e-06,-2.2484105e-06,0,0,0,1
1771685175780000,1771685175624000,0,1771685175628000,0,-552.7558,12.354284,0.020874023,-0.010929317,12.367216,1.4092901e-06,-1.9038445e-06,0,0,0,1
1771685175828000,1771685175676000,0,1771685175676000,0,-552.765,12.354217,0.028015137,-0.0072606364,12.367119,2.5384986e-06,-1.4853629e-06,0,0,0,1
1771685175884000,1771685175728000,0,1771685175732000,0,-552.71313,12.354284,-0.026489258,-0.009072028,12.367213,2.2694871e-06,-1.5592296e-06,0,0,0,1
1771685175932000,1771685175780000,0,1771685175780000,0,-552.7368,12.354217,-0.0048217773,-0.008671642,12.367116,7.519793e-08,-1.4194295e-06,0,0,0,1
1771685175988000,1771685175832000,0,1771685175836000,0,-552.7416,12.354284,-0.0020141602,-0.008044488,12.367211,1.3121279e-08,-1.2869511e-06,0,0,0,1
1771685176036000,1771685175884000,0,1771685175884000,0,-552.7087,12.354217,-0.036621094,-0.010736487,12.367114,4.337647e-06,-1.5743356e-06,0,0,0,1
1771685176092000,1771685175936000,0,1771685175940000,0,-552.7794,12.354284,0.032348633,-0.0066777435,12.3672085,3.384544e-06,-1.1071946e-06,0,0,0,1
1771685176140000,1771685175988000,0,1771685175988000,0,-552.7933,12.354217,0.04425049,-0.0018801563,12.367111,6.3332677e-06,-4.0628146e-07,0,0,0,1
1771685176196000,1771685176040000,0,1771685176044000,0,-552.7694,12.354284,0.018249512,1.6116886e-05,12.367207,1.0771864e-06,-2.6653447e-07,0,0,0,1
1771685176244000,1771685176092000,0,1771685176092000,0,-552.7035,12.354217,-0.04901123,-0.0046024015,12.367109,7.76932e-06,-9.733187e-07,0,0,0,1
1771685176300000,1771685176144000,0,1771685176148000,0,-552.77905,12.354284,0.024963379,-0.001817219,12.367205,2.0155574e-06,-6.917579e-07,0,0,0,1
1771685176348000,1771685176196000,0,1771685176196000,0,-552.72253,12.354217,-0.03265381,-0.0047221156,12.367107,3.448733e-06,-9.51473e-07,0,0,0,1
1771685176404000,1771685176248000,0,1771685176252000,0,-552.704,12.354284,-0.052246094,-0.009199012,12.367203,8.828688e-06,-1.6935295e-06,0,0,0,1
1771685176452000,1771685176300000,0,1771685176300000,0,-552.7561,12.354217,-0.0008544922,-0.008412934,12.3671055,2.3616096e-09,-1.5342166e-06,0,0,0,1
1771685176508000,1771685176352000,0,1771685176356000,0,-552.7279,12.354284,-0.030029297,-0.010449258,12.3672,2.916614e-06,-1.6644425e-06,0,0,0,1
1771685176556000,1771685176404000,0,1771685176404000,0,-552.81274,12.354217,0.054382324,-0.004341934,12.367104,9.565497e-06,-6.065495e-07,0,0,0,1
1771685176612000,1771685176456000,0,1771685176460000,0,-552.7559,12.354284,-0.003479004,-0.0042606434,12.367199,3.9147e-08,-5.530986e-07,0,0,0,1
1771685176660000,1771685176508000,0,1771685176508000,0,-552.7794,12.354217,0.019348145,-0.002036627,12.367102,1.2107952e-06,-3.8693463e-07,0,0,0,1
1771685176716000,1771685176560000,0,1771685176564000,0,-552.7511,12.354284,-0.009887695,-0.0027762204,12.367197,3.1621238e-07,-3.8027238e-07,0,0,0,1
1771685176764000,1771685176612000,0,1771685176612000,0,-552.784,12.354217,0.022583008,-0.0003873075,12.3671,1.6495128e-06,-1.8906071e-07,0,0,0,1
1771685176820000,1771685176664000,0,1771685176668000,0,-552.765,12.354284,0.0029296875,-7.483692e-05,12.367195,2.7760763e-08,-1.686355e-07,0,0,0,1
1771685176868000,1771685176716000,0,1771685176716000,0,-552.7604,12.354217,-0.0024414062,-0.00029777462,12.367098,1.9278458e-08,-1.5456563e-07,0,0,0,1
1771685176924000,1771685176768000,0,1771685176772000,0,-552.7369,12.354284,-0.026916504,-0.0028053361,12.367193,2.3432906e-06,-3.6074988e-07,0,0,0,1
1771685176972000,1771685176820000,0,1771685176820000,0,-552.77466,12.354217,0.010253906,-0.0015751176,12.367097,3.4007203e-07,-2.9473043e-07,0,0,0,1
1771685177028000,1771685176872000,0,1771685176876000,0,-552.80743,12.354284,0.04248047,0.0025750468,12.367192,5.8367013e-06,2.8286829e-07,0,0,0,1
1771685177076000,1771685176924000,0,1771685176924000,0,-552.8399,12.354217,0.074645996,0.0093643395,12.367095,1.8022098e-05,1.9539552e-06,0,0,0,1
1771685177132000,1771685176976000,0,1771685176980000,0,-552.76416,12.354284,-0.0012817383,0.008361448,12.36719,5.3135856e-09,1.7693865e-06,0,0,0,1
1771685177180000,1771685177028000,0,1771685177028000,0,-552.80646,12.354217,0.04046631,0.011385819,12.367094,5.2963846e-06,2.10164e-06,0,0,0,1
1771685177236000,1771685177080000,0,1771685177084000,0,-552.82025,12.354284,0.053833008,0.015384467,12.367188,9.373166e-06,2.7866388e-06,0,0,0,1
1771685177284000,1771685177132000,0,1771685177132000,0,-552.7493,12.354217,-0.017211914,0.012313793,12.367092,9.58188e-07,2.4338651e-06,0,0,0,1
1771685177340000,1771685177184000,0,1771685177188000,0,-552.77765,12.354284,0.010864258,0.012177243,12.3671875,3.817589e-07,2.2405507e-06,0,0,0,1
1771685177388000,1771685177236000,0,1771685177236000,0,-552.7541,12.354217,-0.012878418,0.009816927,12.367091,5.3643544e-07,1.9789504e-06,0,0,0,1
1771685177444000,1771685177288000,0,1771685177292000,0,-552.78235,12.354284,0.014892578,0.010295068,12.367187,7.173463e-07,1.8601037e-06,0,0,0,1
1771685177492000,1771685177340000,0,1771685177340000,0,-552.7822,12.354217,0.014343262,0.010676419,12.367089,6.654085e-07,1.74756e-06,0,0,0,1
1771685177548000,1771685177392000,0,1771685177396000,0,-552.82434,12.354284,0.05609131,0.014954634,12.367185,1.0176074e-05,2.5415507e-06,0,0,0,1
1771685177596000,1771685177444000,0,1771685177444000,0,-552.8145,12.354217,0.046081543,0.017886879,12.367088,6.868257e-06,2.949139e-06,0,0,0,1
1771685177652000,1771685177496000,0,1771685177500000,0,-552.80005,12.354284,0.031799316,0.019197471,12.367184,3.2705798e-06,2.9794196e-06,0,0,0,1
1771685177700000,1771685177548000,0,1771685177548000,0,-552.7528,12.354217,-0.0154418945,0.015934343,12.367087,7.712474e-07,2.626096e-06,0,0,0,1
1771685177756000,1771685177600000,0,1771685177604000,0,-552.7483,12.354284,-0.019958496,0.012553133,12.367183,1.2883826e-06,2.2573406e-06,0,0,0,1
1771685177804000,1771685177652000,0,1771685177652000,0,-552.81415,12.354217,0.045715332,0.01567711,12.367086,6.759528e-06,2.6814596e-06,0,0,0,1
1771685177860000,1771685177704000,0,1771685177708000,0,-552.74335,12.354284,-0.024963379,0.011848657,12.367182,2.0155612e-06,2.2389866e-06,0,0,0,1
1771685177908000,1771685177756000,0,1771685177756000,0,-552.73413,12.354217,-0.034118652,0.007518403,12.367085,3.7650989e-06,1.6733843e-06,0,0,0,1
1771685177964000,1771685177808000,0,1771685177812000,0,-552.7673,12.354284,-0.0005493164,0.0067584007,12.367181,9.759653e-10,1.5156547e-06,0,0,0,1
1771685178012000,1771685177860000,0,1771685177860000,0,-552.71564,12.354217,-0.051940918,0.0012287544,12.3670845,8.725933e-06,5.508674e-07,0,0,0,1
1771685178068000,1771685177912000,0,1771685177916000,0,-552.73486,12.354284,-0.032409668,-0.0019400825,12.36718,3.3973358e-06,1.7893518e-07,0,0,0,1
1771685178116000,1771685177964000,0,1771685177964000,0,-552.7821,12.354217,0.015319824,-0.0003141492,12.367084,7.591022e-07,2.335886e-07,0,0,0,1
1771685178172000,1771685178016000,0,1771685178020000,0,-552.74915,12.354284,-0.016906738,-0.0018772192,12.367179,9.2450443e-07,1.2449286e-07,0,0,0,1
1771685178220000,1771685178068000,0,1771685178068000,0,-552.7164,12.354217,-0.0491333,-0.00632888,12.367083,7.808087e-06,-6.227791e-07,0,0,0,1
1771685178276000,1771685178120000,0,1771685178124000,0,-552.76843,12.354284,0.003479004,-0.0054049487,12.367178,3.9147068e-08,-5.6042376e-07,0,0,0,1
1771685178324000,1771685178172000,0,1771685178172000,0,-552.73553,12.354217,-0.0289917,-0.0076268893,12.367082,2.7185674e-06,-7.6372714e-07,0,0,0,1
1771685178380000,1771685178224000,0,1771685178228000,0,-552.7029,12.354284,-0.06121826,-0.012675352,12.367177,1.2121362e-05,-1.8336493e-06,0,0,0,1
1771685178428000,1771685178276000,0,1771685178276000,0,-552.68,12.354217,-0.08355713,-0.019352622,12.367081,2.2581866e-05,-3.7881916e-06,0,0,0,1
1771685178484000,1771685178328000,0,1771685178332000,0,-552.7229,12.354284,-0.039794922,-0.021278346,12.367176,5.122061e-06,-3.913846e-06,0,0,0,1
1771685178532000,1771685178380000,0,1771685178380000,0,-552.76086,12.354217,-0.00079345703,-0.01934861,12.36708,2.03629e-09,-3.545342e-06,0,0,0,1
1771685178588000,1771685178432000,0,1771685178436000,0,-552.7749,12.354284,0.014099121,-0.016197737,12.367176,6.4294454e-07,-3.1507932e-06,0,0,0,1
1771685178636000,1771685178484000,0,1771685178484000,0,-552.76074,12.354217,0.0004272461,-0.014631616,12.36708,5.904036e-10,-2.8539237e-06,0,0,0,1
1771685178692000,1771685178536000,0,1771685178540000,0,-552.7654,12.354284,0.005493164,-0.012735803,12.367175,9.759658e-08,-2.5758818e-06,0,0,0,1
1771685178740000,1771685178588000,0,1771685178588000,0,-552.756,12.354217,-0.0032958984,-0.011846536,12.367079,3.5135045e-08,-2.336536e-06,0,0,0,1
1771685178796000,1771685178640000,0,1771685178644000,0,-552.73724,12.354284,-0.021606445,-0.012765948,12.367174,1.5099278e-06,-2.258667e-06,0,0,0,1
1771685178844000,1771685178692000,0,1771685178692000,0,-552.77496,12.354217,0.016845703,-0.009976444,12.367078,9.178489e-07,-1.9594302e-06,0,0,0,1
1771685178900000,1771685178744000,0,1771685178748000,0,-552.73724,12.354284,-0.019958496,-0.010916783,12.367174,1.2883835e-06,-1.8962156e-06,0,0,0,1
1771685178948000,1771685178796000,0,1771685178796000,0,-552.7421,12.354217,-0.014465332,-0.011251066,12.367078,6.7678343e-07,-1.7813416e-06,0,0,0,1
1771685179004000,1771685178848000,0,1771685178852000,0,-552.74695,12.354284,-0.008911133,-0.011030638,12.367173,2.568357e-07,-1.6377287e-06,0,0,0,1
1771685179052000,1771685178900000,0,1771685178900000,0,-552.7376,12.354217,-0.017700195,-0.011658929,12.367077,1.0133257e-06,-1.5789082e-06,0,0,0,1
1771685179108000,1771685178952000,0,1771685178956000,0,-552.7847,12.354284,0.030090332,-0.0077260276,12.367173,2.9284886e-06,-1.1542983e-06,0,0,0,1
1771685179156000,1771685179004000,0,1771685179004000,0,-552.73755,12.354216,-0.016601562,-0.008562129,12.367076,8.914375e-07,-1.129536e-06,0,0,0,1
1771685179212000,1771685179056000,0,1771685179060000,0,-552.7705,12.354284,0.017028809,-0.0061513884,12.367172,9.3790334e-07,-9.3477723e-07,0,0,0,1
1771685179260000,1771685179108000,0,1771685179108000,0,-552.73285,12.354216,-0.020141602,-0.007469307,12.367075,1.3121424e-06,-9.703261e-07,0,0,0,1
1771685179316000,1771685179160000,0,1771685179164000,0,-552.7189,12.354284,-0.034057617,-0.009974003,12.367172,3.7516133e-06,-1.2323314e-06,0,0,0,1
1771685179364000,1771685179212000,0,1771685179212000,0,-552.67694,12.354216,-0.075683594,-0.016164038,12.367075,1.8526633e-05,-2.861505e-06,0,0,0,1
1771685179420000,1771685179264000,0,1771685179268000,0,-552.71045,12.354284,-0.042114258,-0.018608624,12.367171,5.736512e-06,-3.1323389e-06,0,0,0,1
1771685179468000,1771685179316000,0,1771685179316000,0,-552.75775,12.354216,0.005554199,-0.016332416,12.367075,9.9778255e-08,-2.8278641e-06,0,0,0,1
1771685179524000,1771685179368000,0,1771685179372000,0,-552.7859,12.354284,0.034240723,-0.011568279,12.367171,3.7920622e-06,-2.2042477e-06,0,0,0,1
1771685179572000,1771685179420000,0,1771685179420000,0,-552.6823,12.354216,-0.0690918,-0.016987162,12.367074,1.5439955e-05,-3.45109e-06,0,0,0,1
1771685179628000,1771685179472000,0,1771685179476000,0,-552.70166,12.354284,-0.049621582,-0.020061418,12.367171,7.963992e-06,-3.876218e-06,0,0,0,1
1771685179676000,1771685179524000,0,1771685179524000,0,-552.7584,12.354216,0.007446289,-0.017470112,12.367074,1.793382e-07,-3.494173e-06,0,0,0,1
1771685179732000,1771685179576000,0,1771685179580000,0,-552.74426,12.354284,-0.0063476562,-0.016422344,12.36717,1.3032161e-07,-3.1772884e-06,0,0,0,1
1771685179780000,1771685179628000,0,1771685179628000,0,-552.7537,12.354216,0.003540039,-0.01454183,12.367074,4.053304e-08,-2.8741601e-06,0,0,0,1
1771685179836000,1771685179680000,0,1771685179684000,0,-552.749,12.354284,-0.0012207031,-0.013286941,12.36717,4.819586e-09,-2.60386e-06,0,0,0,1
1771685179884000,1771685179732000,0,1771685179732000,0,-552.7584,12.354216,0.008056641,-0.011276313,12.367073,2.0994284e-07,-2.3387915e-06,0,0,0,1
1771685179940000,1771685179784000,0,1771685179788000,0,-552.702,12.354284,-0.04901123,-0.014831052,12.36717,7.769281e-06,-2.8503596e-06,0,0,0,1
1771685179988000,1771685179836000,0,1771685179836000,0,-552.80096,12.354216,0.049682617,-0.008753677,12.367073,7.983659e-06,-1.8297635e-06,0,0,0,1
1771685180044000,1771685179888000,0,1771685179892000,0,-552.702,12.354284,-0.049560547,-0.012597803,12.36717,7.9444135e-06,-2.4057813e-06,0,0,0,1
1771685180092000,1771685179940000,0,1771685179940000,0,-552.7399,12.354216,-0.011657715,-0.012509244,12.367073,4.395618e-07,-2.2205577e-06,0,0,0,1
1771685180148000,1771685179992000,0,1771685179996000,0,-552.75885,12.354284,0.0072021484,-0.010652374,12.36717,1.677698e-07,-1.9955703e-06,0,0,0,1
1771685180196000,1771685180044000,0,1771685180044000,0,-552.7212,12.354216,-0.030822754,-0.012552482,12.367073,3.0728118e-06,-2.0970497e-06,0,0,0,1
1771685180252000,1771685180096000,0,1771685180100000,0,-552.73083,12.354284,-0.021057129,-0.013353645,12.367169,1.4341283e-06,-2.0346006e-06,0,0,0,1
1771685180300000,1771685180148000,0,1771685180148000,0,-552.7545,12.354216,0.0032348633,-0.011790959,12.367073,3.384581e-08,-1.8397469e-06,0,0,0,1
1771685180356000,1771685180200000,0,1771685180204000,0,-552.7122,12.354284,-0.038635254,-0.01431977,12.367169,4.8278885e-06,-2.1212386e-06,0,0,0,1
1771685180404000,1771685180252000,0,1771685180252000,0,-552.79236,12.354216,0.041870117,-0.00902652,12.367073,5.6702397e-06,-1.3872586e-06,0,0,0,1
1771685180460000,1771685180304000,0,1771685180308000,0,-552.7873,12.354284,0.03741455,-0.0046516364,12.367169,4.5276283e-06,-8.300591e-07,0,0,0,1
1771685180508000,1771685180356000,0,1771685180356000,0,-552.6696,12.354216,-0.079711914,-0.011722533,12.367072,2.0551313e-05,-2.6878586e-06,0,0,0,1
1771685180564000,1771685180408000,0,1771685180412000,0,-552.736,12.354284,-0.013061523,-0.0118486695,12.367169,5.5179447e-07,-2.4866351e-06,0,0,0,1
1771685180612000,1771685180460000,0,1771685180460000,0,-552.73145,12.354216,-0.01727295,-0.012359653,12.367072,9.649973e-07,-2.3432924e-06,0,0,0,1
1771685180668000,1771685180512000,0,1771685180516000,0,-552.71277,12.354284,-0.035949707,-0.014581904,12.367169,4.1800395e-06,-2.5163192e-06,0,0,0,1
1771685180716000,1771685180564000,0,1771685180564000,0,-552.7366,12.354216,-0.0119018555,-0.014329435,12.367072,4.5816557e-07,-2.3224352e-06,0,0,0,1
1771685180772000,1771685180616000,0,1771685180620000,0,-552.7508,12.354284,0.0026855469,-0.012726574,12.367169,2.33268e-08,-2.1014575e-06,0,0,0,1
1771685180820000,1771685180668000,0,1771685180668000,0,-552.67096,12.354216,-0.07684326,-0.018766552,12.367072,1.909874e-05,-3.7026507e-06,0,0,0,1
1771685180876000,1771685180720000,0,1771685180724000,0,-552.7232,12.354284,-0.024047852,-0.019264067,12.367169,1.8704334e-06,-3.5300504e-06,0,0,0,1
1771685180924000,1771685180772000,0,1771685180772000,0,-552.7375,12.354216,-0.009338379,-0.018329037,12.367072,2.820565e-07,-3.22408e-06,0,0,0,1
1771685180980000,1771685180824000,0,1771685180828000,0,-552.7235,12.354284,-0.023132324,-0.01878152,12.367169,1.7307257e-06,-3.0834017e-06,0,0,0,1
1771685181028000,1771685180876000,0,1771685180876000,0,-552.7096,12.354216,-0.03692627,-0.020490808,12.367072,4.410258e-06,-3.2083954e-06,0,0,0,1
1771685181084000,1771685180928000,0,1771685180932000,0,-552.7287,12.354284,-0.01751709,-0.020210676,12.367169,9.924613e-07,-2.999648e-06,0,0,0,1
1771685181132000,1771685180980000,0,1771685180980000,0,-552.7617,12.354216,0.015563965,-0.016840601,12.367072,7.8349024e-07,-2.6432654e-06,0,0,0,1
1771685181188000,1771685181032000,0,1771685181036000,0,-552.7522,12.354284,0.005859375,-0.014702197,12.367169,1.1104328e-07,-2.3838015e-06,0,0,0,1
1771685181236000,1771685181084000,0,1771685181084000,0,-552.78503,12.354216,0.03857422,-0.009683404,12.367072,4.8126844e-06,-1.7058717e-06,0,0,0,1
1771685181292000,1771685181136000,0,1771685181140000,0,-552.78937,12.354284,0.042541504,-0.004763666,12.367168,5.853497e-06,-9.937571e-07,0,0,0,1
1771685181340000,1771685181188000,0,1771685181188000,0,-552.8266,12.354216,0.07952881,0.00317693,12.367072,2.0457006e-05,1.0269671e-06,0,0,0,1
1771685181396000,1771685181240000,0,1771685181244000,0,-552.732,12.354284,-0.015258789,0.0014402317,12.367168,7.530605e-07,8.592833e-07,0,0,0,1
1771685181444000,1771685181292000,0,1771685181292000,0,-552.7509,12.354216,0.0036010742,0.0016437894,12.367072,4.1942783e-08,7.822875e-07,0,0,0,1
1771685181500000,1771685181344000,0,1771685181348000,0,-552.7321,12.354284,-0.015563965,2.2768858e-05,12.367168,7.8348415e-07,6.347872e-07,0,0,0,1
1771685181548000,1771685181396000,0,1771685181396000,0,-552.73694,12.354216,-0.010803223,-0.000997071,12.367072,3.7748507e-07,5.3942824e-07,0,0,0,1
1771685181604000,1771685181448000,0,1771685181452000,0,-552.7042,12.354284,-0.043640137,-0.005014172,12.367168,6.159734e-06,-9.165228e-08,0,0,0,1
1771685181652000,1771685181500000,0,1771685181500000,0,-552.7374,12.354216,-0.010559082,-0.0055365185,12.367072,3.6061638e-07,-1.1698948e-07,0,0,0,1
1771685181708000,1771685181552000,0,1771685181556000,0,-552.7703,12.354284,0.022216797,-0.0029220756,12.367168,1.59644e-06,4.4420545e-08,0,0,0,1
1771685181756000,1771685181604000,0,1771685181604000,0,-552.7373,12.354216,-0.010864258,-0.0036702522,12.367072,3.8176248e-07,4.2728665e-09,0,0,0,1
1771685181812000,1771685181656000,0,1771685181660000,0,-552.7186,12.354284,-0.029846191,-0.0061361017,12.367168,2.8811612e-06,-2.675434e-07,0,0,0,1
1771685181860000,1771685181708000,0,1771685181708000,0,-552.68604,12.354216,-0.06286621,-0.011480243,12.367072,1.278285e-05,-1.4465217e-06,0,0,0,1
1771685181916000,1771685181760000,0,1771685181764000,0,-552.6959,12.354284,-0.053527832,-0.015441248,12.367168,9.267211e-06,-2.1832534e-06,0,0,0,1
1771685181964000,1771685181812000,0,1771685181812000,0,-552.76215,12.354216,0.012512207,-0.012807951,12.367072,5.0636186e-07,-1.9298839e-06,0,0,0,1
1771685182020000,1771685181864000,0,1771685181868000,0,-552.7573,12.354284,0.0072631836,-0.010917192,12.367168,1.7062544e-07,-1.7320098e-06,0,0,0,1
1771685182068000,1771685181916000,0,1771685181916000,0,-552.7901,12.354216,0.039489746,-0.006168712,12.367072,5.0438457e-06,-1.0937044e-06,0,0,0,1
1771685182124000,1771685181968000,0,1771685181972000,0,-552.72406,12.354284,-0.026977539,-0.008128963,12.367169,2.3539344e-06,-1.2124218e-06,0,0,0,1
1771685182172000,1771685182020000,0,1771685182020000,0,-552.73364,12.354216,-0.01727295,-0.008990353,12.367072,9.649973e-07,-1.1891137e-06,0,0,0,1
1771685182228000,1771685182072000,0,1771685182076000,0,-552.7573,12.354284,0.006286621,-0.0075512175,12.367169,1.2782749e-07,-1.065054e-06,0,0,0,1
1771685182276000,1771685182124000,0,1771685182124000,0,-552.75256,12.354216,0.0015869141,-0.0066903788,12.367072,8.145166e-09,-9.639555e-07,0,0,0,1
1771685182332000,1771685182176000,0,1771685182180000,0,-552.74316,12.354284,-0.0076904297,-0.0067845862,12.367169,1.912894e-07,-8.911681e-07,0,0,0,1
1771685182380000,1771685182228000,0,1771685182228000,0,-552.715,12.354216,-0.03564453,-0.009503277,12.367072,4.109405e-06,-1.1943354e-06,0,0,0,1
1771685182436000,1771685182280000,0,1771685182284000,0,-552.7576,12.354284,0.0068969727,-0.007958326,12.367169,1.5385326e-07,-1.067332e-06,0,0,0,1
1771685182484000,1771685182332000,0,1771685182332000,0,-552.68243,12.354216,-0.0680542,-0.013619531,12.367072,1.4979695e-05,-2.377917e-06,0,0,0,1
1771685182540000,1771685182384000,0,1771685182388000,0,-552.7252,12.354284,-0.025024414,-0.014693904,12.367169,2.0254313e-06,-2.344712e-06,0,0,0,1
1771685182588000,1771685182436000,0,1771685182436000,0,-552.77234,12.354216,0.022338867,-0.011205309,12.367072,1.6140442e-06,-1.9717857e-06,0,0,0,1
1771685182644000,1771685182488000,0,1771685182492000,0,-552.7675,12.354284,0.01763916,-0.008488076,12.367169,1.0063418e-06,-1.6912375e-06,0,0,0,1
1771685182692000,1771685182540000,0,1771685182540000,0,-552.79083,12.354216,0.041015625,-0.0038246834,12.367072,5.4411635e-06,-1.0193446e-06,0,0,0,1
1771685182748000,1771685182592000,0,1771685182596000,0,-552.7623,12.354284,0.012573242,-0.0022799512,12.367169,5.1130996e-07,-8.751525e-07,0,0,0,1
1771685182796000,1771685182644000,0,1771685182644000,0,-552.8092,12.354216,0.059509277,0.0035407739,12.367072,1.145414e-05,2.8630257e-07,0,0,0,1
1771685182852000,1771685182696000,0,1771685182700000,0,-552.7241,12.354284,-0.025878906,0.00076935464,12.367169,2.166115e-06,5.5277695e-08,0,0,0,1
1771685182900000,1771685182748000,0,1771685182748000,0,-552.73846,12.354216,-0.0115356445,-0.00038981205,12.367072,4.3040455e-07,9.525017e-09,0,0,0,1
1771685182956000,1771685182800000,0,1771685182804000,0,-552.7573,12.354284,0.0076293945,0.00036562054,12.367169,1.882651e-07,2.6362853e-08,0,0,0,1
1771685183004000,1771685182852000,0,1771685182852000,0,-552.73376,12.354216,-0.015563965,-0.0011349926,12.367072,7.8349024e-07,-4.9927657e-08,0,0,0,1
1771685183060000,1771685182904000,0,1771685182908000,0,-552.7856,12.354284,0.03643799,0.0024044914,12.367169,4.29436e-06,3.5931689e-07,0,0,0,1
1771685183108000,1771685182956000,0,1771685182956000,0,-552.74774,12.354216,-0.0012207031,0.0020629875,12.367072,4.8196247e-09,3.2501418e-07,0,0,0,1
1771685183164000,1771685183008000,0,1771685183012000,0,-552.73364,12.354284,-0.015136719,0.00044272526,12.367169,7.4105964e-07,2.2458694e-07,0,0,0,1
1771685183212000,1771685183060000,0,1771685183060000,0,-552.776,12.354216,0.027526855,0.002994129,12.367072,2.4507913e-06,4.3430185e-07,0,0,0,1
1771685183268000,1771685183112000,0,1771685183116000,0,-552.7335,12.354284,-0.014953613,0.0013033994,12.367169,7.232392e-07,3.2525813e-07,0,0,0,1
1771685183316000,1771685183164000,0,1771685183164000,0,-552.76184,12.354216,0.013549805,0.0024570464,12.367072,5.93826e-07,3.50558e-07,0,0,0,1
1771685183372000,1771685183216000,0,1771685183220000,0,-552.7476,12.354284,-0.0012817383,0.002104842,12.367169,5.3135945e-09,3.1703385e-07,0,0,0,1
1771685183420000,1771685183268000,0,1771685183268000,0,-552.7429,12.354216,-0.0064086914,0.0013028425,12.367072,1.3284091e-07,2.7465433e-07,0,0,0,1
1771685183476000,1771685183320000,0,1771685183324000,0,-552.7383,12.354284,-0.011352539,0.00011066883,12.367169,4.1684606e-07,2.0951298e-07,0,0,0,1
1771685183524000,1771685183372000,0,1771685183372000,0,-552.78064,12.354216,0.030700684,0.002992337,12.367072,3.0485212e-06,4.769558e-07,0,0,0,1
1771685183580000,1771685183424000,0,1771685183428000,0,-552.7945,12.354284,0.044311523,0.006884725,12.367169,6.3507214e-06,1.0302815e-06,0,0,0,1
1771685183628000,1771685183476000,0,1771685183476000,0,-552.7659,12.354216,0.015686035,0.007713834,12.367072,7.958285e-07,1.0081953e-06,0,0,0,1
1771685183684000,1771685183528000,0,1771685183532000,0,-552.78925,12.354284,0.038391113,0.010603722,12.367169,4.767065e-06,1.3622918e-06,0,0,0,1
1771685183732000,1771685183580000,0,1771685183580000,0,-552.7561,12.354216,0.004638672,0.0100417975,12.367072,6.959538e-08,1.240516e-06,0,0,0,1
1771685183788000,1771685183632000,0,1771685183636000,0,-552.695,12.354284,-0.057006836,0.0037256214,12.367169,1.0510988e-05,1.3349006e-07,0,0,0,1
1771685183836000,1771685183684000,0,1771685183684000,0,-552.74243,12.354216,-0.0095825195,0.002471956,12.367072,2.9699734e-07,9.29369e-08,0,0,0,1
1771685183892000,1771685183736000,0,1771685183740000,0,-552.72375,12.354284,-0.028564453,-0.00045176386,12.367169,2.639013e-06,-1.6442071e-07,0,0,0,1
1771685183940000,1771685183788000,0,1771685183788000,0,-552.7897,12.354216,0.03753662,0.0031268522,12.367072,4.5572565e-06,2.80375e-07,0,0,0,1
1771685183996000,1771685183840000,0,1771685183844000,0,-552.74243,12.354284,-0.00970459,0.0019180931,12.367169,3.0460993e-07,2.2526771e-07,0,0,0,1
1771685184044000,1771685183892000,0,1771685183892000,0,-552.73785,12.354216,-0.014587402,0.00036322745,12.367072,6.882545e-07,1.3921127e-07,0,0,0,1
1771685184100000,1771685183944000,0,1771685183948000,0,-552.7239,12.354284,-0.028869629,-0.0023905926,12.367169,2.6957034e-06,-1.2784594e-07,0,0,0,1
1771685184148000,1771685183996000,0,1771685183996000,0,-552.7476,12.354216,-0.0048828125,-0.002625367,12.367072,7.7113995e-08,-1.2306684e-07,0,0,0,1
1771685184204000,1771685184048000,0,1771685184052000,0,-552.7054,12.354284,-0.047058105,-0.00681106,12.367169,7.1624e-06,-7.8619246e-07,0,0,0,1
1771685184252000,1771685184100000,0,1771685184100000,0,-552.7715,12.354216,0.019104004,-0.004369786,12.367072,1.1804345e-06,-6.009305e-07,0,0,0,1
1771685184308000,1771685184152000,0,1771685184156000,0,-552.72437,12.354284,-0.027526855,-0.006551249,12.367169,2.450772e-06,-7.751909e-07,0,0,0,1
1771685184356000,1771685184204000,0,1771685184204000,0,-552.7434,12.354216,-0.00793457,-0.006681562,12.367072,2.0362914e-07,-7.2134816e-07,0,0,0,1
1771685184412000,1771685184256000,0,1771685184260000,0,-552.72,12.354284,-0.030944824,-0.008967232,12.367169,3.0971748e-06,-9.451579e-07,0,0,0,1
1771685184460000,1771685184308000,0,1771685184308000,0,-552.77655,12.354216,0.026428223,-0.0056328773,12.367072,2.2590666e-06,-6.4331067e-07,0,0,0,1
1771685184516000,1771685184360000,0,1771685184364000,0,-552.77167,12.354284,0.022094727,-0.0030208565,12.367169,1.5789448e-06,-4.3396773e-07,0,0,0,1
1771685184564000,1771685184412000,0,1771685184412000,0,-552.7856,12.354216,0.036499023,0.00070203096,12.367072,4.308793e-06,1.2814098e-08,0,0,0,1
1771685184620000,1771685184464000,0,1771685184468000,0,-552.74774,12.354284,-0.0012817383,0.0005151541,12.367169,5.3135945e-09,1.1106417e-08,0,0,0,1
1771685184668000,1771685184516000,0,1771685184516000,0,-552.74304,12.354216,-0.00579834,-7.959537e-05,12.367072,1.0874278e-07,-1.8372592e-10,0,0,0,1
1771685184724000,1771685184568000,0,1771685184572000,0,-552.78064,12.354284,0.032043457,0.0029464895,12.367169,3.3209965e-06,3.126811e-07,0,0,0,1
1771685184772000,1771685184620000,0,1771685184620000,0,-552.7522,12.354216,0.0037841797,0.0030254023,12.367073,4.631659e-08,2.875888e-07,0,0,0,1
1771685184828000,1771685184672000,0,1771685184676000,0,-552.7522,12.354284,0.0037231445,0.0030911316,12.367169,4.4834206e-08,2.647206e-07,0,0,0,1
1771685184876000,1771685184724000,0,1771685184724000,0,-552.7897,12.354216,0.041503906,0.0067097265,12.367073,5.571486e-06,7.646333e-07,0,0,0,1
1771685184932000,1771685184776000,0,1771685184780000,0,-552.7471,12.354284,-0.001159668,0.005968407,12.367169,4.349677e-09,6.921929e-07,0,0,0,1
1771685184980000,1771685184828000,0,1771685184828000,0,-552.75653,12.354216,0.008178711,0.006176624,12.367073,2.1635293e-07,6.4736736e-07,0,0,0,1
1771685185036000,1771685184880000,0,1771685184884000,0,-552.80804,12.354284,0.059265137,0.011177717,12.367169,1.136026e-05,1.656553e-06,0,0,0,1
1771685185084000,1771685184932000,0,1771685184932000,0,-552.77936,12.354216,0.030273438,0.012976589,12.367073,2.9642617e-06,1.7797429e-06,0,0,0,1
1771685185140000,1771685184984000,0,1771685184988000,0,-552.8026,12.354284,0.05316162,0.016762136,12.367169,9.14084e-06,2.4731796e-06,0,0,0,1
1771685185188000,1771685185036000,0,1771685185036000,0,-552.7693,12.354216,0.019470215,0.017017245,12.367073,1.2261245e-06,2.3557034e-06,0,0,0,1
1771685185244000,1771685185088000,0,1771685185092000,0,-552.68933,12.354284,-0.060913086,0.0096759815,12.367169,1.2000819e-05,1.0032772e-06,0,0,0,1
1771685185292000,1771685185140000,0,1771685185140000,0,-552.76025,12.354216,0.010131836,0.009718924,12.367073,3.3202392e-07,9.400432e-07,0,0,0,1
1771685185348000,1771685185192000,0,1771685185196000,0,-552.69916,12.354284,-0.05090332,0.004008132,12.367169,8.380731e-06,6.199923e-08,0,0,0,1
1771685185396000,1771685185244000,0,1771685185244000,0,-552.7136,12.354216,-0.03643799,0.00019798987,12.367073,4.294394e-06,-3.4838567e-07,0,0,0,1
1771685185452000,1771685185296000,0,1771685185300000,0,-552.7656,12.354284,0.01550293,0.0016397596,12.367169,7.7735115e-07,-2.42338e-07,0,0,0,1
1771685185500000,1771685185348000,0,1771685185348000,0,-552.70447,12.354216,-0.045654297,-0.002815478,12.367073,6.7414976e-06,-8.545777e-07,0,0,0,1
1771685185556000,1771685185400000,0,1771685185404000,0,-552.733,12.354284,-0.01763916,-0.004211912,12.367169,1.0063418e-06,-8.6887434e-07,0,0,0,1
1771685185604000,1771685185452000,0,1771685185452000,0,-552.76135,12.354216,0.0107421875,-0.0028031925,12.367073,3.732317e-07,-7.518643e-07,0,0,0,1
1771685185660000,1771685185504000,0,1771685185508000,0,-552.75183,12.354284,0.0012207031,-0.0024241298,12.367169,4.819587e-09,-6.805825e-07,0,0,0,1
1771685185708000,1771685185556000,0,1771685185556000,0,-552.7002,12.354216,-0.050231934,-0.006927764,12.367073,8.161178e-06,-1.3852764e-06,0,0,0,1
1771685185764000,1771685185608000,0,1771685185612000,0,-552.73816,12.354284,-0.012268066,-0.007430836,12.367169,4.867903e-07,-1.3006364e-06,0,0,0,1
1771685185812000,1771685185660000,0,1771685185660000,0,-552.70074,12.354216,-0.049682617,-0.011411076,12.367073,7.983659e-06,-1.9301965e-06,0,0,0,1
1771685185868000,1771685185712000,0,1771685185716000,0,-552.7481,12.354284,-0.0022583008,-0.010548858,12.367169,1.6495036e-08,-1.7499203e-06,0,0,0,1
1771685185916000,1771685185764000,0,1771685185764000,0,-552.7059,12.354216,-0.04449463,-0.013746648,12.367073,6.4033648e-06,-2.1882884e-06,0,0,0,1
1771685185972000,1771685185816000,0,1771685185820000,0,-552.7344,12.354284,-0.01586914,-0.013946593,12.367169,8.1451014e-07,-2.0588745e-06,0,0,0,1
1771685186020000,1771685185868000,0,1771685185868000,0,-552.7204,12.354216,-0.02947998,-0.015409883,12.367073,2.8109134e-06,-2.1297187e-06,0,0,0,1
1771685186076000,1771685185920000,0,1771685185924000,0,-552.75824,12.354284,0.008850098,-0.013124523,12.367169,2.5332952e-07,-1.9052286e-06,0,0,0,1
1771685186124000,1771685185972000,0,1771685185972000,0,-552.7253,12.354216,-0.023498535,-0.014101785,12.367073,1.785972e-06,-1.8939943e-06,0,0,0,1
1771685186180000,1771685186024000,0,1771685186028000,0,-552.76306,12.354284,0.014709473,-0.011387681,12.367169,6.9981604e-07,-1.6496499e-06,0,0,0,1
1771685186228000,1771685186076000,0,1771685186076000,0,-552.6972,12.354216,-0.05090332,-0.015110169,12.367073,8.380796e-06,-2.2837435e-06,0,0,0,1
1771685186284000,1771685186128000,0,1771685186132000,0,-552.72107,12.354284,-0.026733398,-0.01620511,12.367169,2.311522e-06,-2.2863603e-06,0,0,0,1
1771685186332000,1771685186180000,0,1771685186180000,0,-552.7636,12.354216,0.016235352,-0.013149124,12.367073,8.5254334e-07,-1.9906665e-06,0,0,0,1
1771685186388000,1771685186232000,0,1771685186236000,0,-552.8057,12.354284,0.05859375,-0.006390736,12.367169,1.1104328e-05,-7.5708e-07,0,0,0,1
1771685186436000,1771685186284000,0,1771685186284000,0,-552.7583,12.354216,0.011291504,-0.0047250176,12.367073,4.123791e-07,-6.469135e-07,0,0,0,1
1771685186492000,1771685186336000,0,1771685186340000,0,-552.7488,12.354284,0.0017700195,-0.004113166,12.367169,1.0133181e-08,-5.850178e-07,0,0,0,1
1771685186540000,1771685186388000,0,1771685186388000,0,-552.70184,12.354216,-0.045532227,-0.008014962,12.367073,6.7054953e-06,-1.1615846e-06,0,0,0,1
1771685186596000,1771685186440000,0,1771685186444000,0,-552.73975,12.354284,-0.008361816,-0.008047637,12.367169,2.2614707e-07,-1.0734636e-06,0,0,0,1
1771685186644000,1771685186492000,0,1771685186492000,0,-552.7351,12.354216,-0.013366699,-0.008548708,12.367073,5.7788503e-07,-1.0267787e-06,0,0,0,1
1771685186700000,1771685186544000,0,1771685186548000,0,-552.7399,12.354284,-0.008972168,-0.008588599,12.367169,2.6036614e-07,-9.545804e-07,0,0,0,1
1771685186748000,1771685186596000,0,1771685186596000,0,-552.7259,12.354216,-0.02331543,-0.009975909,12.367073,1.7582472e-06,-1.0302881e-06,0,0,0,1
1771685186804000,1771685186648000,0,1771685186652000,0,-552.7074,12.354284,-0.0423584,-0.013026434,12.367169,5.803216e-06,-1.4799118e-06,0,0,0,1
1771685186852000,1771685186700000,0,1771685186700000,0,-552.7077,12.354216,-0.04248047,-0.015801089,12.367073,5.8367577e-06,-1.8903394e-06,0,0,0,1
1771685186908000,1771685186752000,0,1771685186756000,0,-552.7597,12.354284,0.009033203,-0.013461626,12.367169,2.6392058e-07,-1.6874018e-06,0,0,0,1
1771685186956000,1771685186804000,0,1771685186804000,0,-552.7784,12.354216,0.02758789,-0.009594643,12.367073,2.4616713e-06,-1.296547e-06,0,0,0,1
1771685187012000,1771685186856000,0,1771685186860000,0,-552.80164,12.354284,0.05041504,-0.0039415564,12.367169,8.220721e-06,-3.9999276e-07,0,0,0,1
1771685187060000,1771685186908000,0,1771685186908000,0,-552.7918,12.354216,0.040283203,0.00022454467,12.367073,5.2485707e-06,1.3211832e-07,0,0,0,1
1771685187116000,1771685186960000,0,1771685186964000,0,-552.7821,12.354284,0.029785156,0.0030092401,12.367169,2.8693892e-06,3.8997717e-07,0,0,0,1
1771685187164000,1771685187012000,0,1771685187012000,0,-552.7396,12.354216,-0.01361084,0.0014435803,12.367073,5.9918773e-07,2.9679498e-07,0,0,0,1
1771685187220000,1771685187064000,0,1771685187068000,0,-552.7444,12.354284,-0.00982666,0.00038189092,12.367169,3.1232128e-07,2.3941448e-07,0,0,0,1
1771685187268000,1771685187116000,0,1771685187116000,0,-552.7445,12.354216,-0.010314941,-0.0006257817,12.367073,3.441332e-07,1.8444258e-07,0,0,0,1
1771685187324000,1771685187168000,0,1771685187172000,0,-552.8103,12.354284,0.054870605,0.0046021394,12.367169,9.737987e-06,1.0844142e-06,0,0,0,1
1771685187372000,1771685187220000,0,1771685187220000,0,-552.7066,12.354216,-0.049438477,-0.00048864353,12.367073,7.905389e-06,2.3754859e-07,0,0,0,1
1771685187428000,1771685187272000,0,1771685187276000,0,-552.7727,12.354284,0.016113281,0.001075306,12.367169,8.397648e-07,2.9427912e-07,0,0,0,1
1771685187476000,1771685187324000,0,1771685187324000,0,-552.7725,12.354216,0.015563965,0.0024401797,12.367072,7.8349024e-07,3.4036424e-07,0,0,0,1
1771685187532000,1771685187376000,0,1771685187380000,0,-552.74426,12.354284,-0.013061523,0.0009798742,12.367169,5.5179447e-07,2.563203e-07,0,0,0,1
1771685187580000,1771685187428000,0,1771685187428000,0,-552.7913,12.354216,0.03363037,0.004055646,12.367072,3.6581073e-06,5.767785e-07,0,0,0,1
1771685187636000,1771685187480000,0,1771685187484000,0,-552.70654,12.354284,-0.051513672,-0.0011791452,12.367169,8.582913e-06,-2.860911e-07,0,0,0,1
1771685187684000,1771685187532000,0,1771685187532000,0,-552.77734,12.354216,0.018737793,0.0006970883,12.367072,1.135612e-06,-1.5216254e-07,0,0,0,1
1771685187740000,1771685187584000,0,1771685187588000,0,-552.7819,12.354284,0.022705078,0.0027703051,12.367169,1.6673843e-06,1.9244055e-08,0,0,0,1
1771685187788000,1771685187636000,0,1771685187636000,0,-552.7677,12.354216,0.008239746,0.0032855424,12.367072,2.1959416e-07,3.811762e-08,0,0,0,1
1771685187844000,1771685187688000,0,1771685187692000,0,-552.76294,12.354284,0.0032348633,0.0032807682,12.367169,3.384555e-08,3.771518e-08,0,0,0,1
1771685187892000,1771685187740000,0,1771685187740000,0,-552.7863,12.354216,0.026611328,0.005478575,12.367072,2.2904785e-06,2.4993204e-07,0,0,0,1
1771685187948000,1771685187792000,0,1771685187796000,0,-552.819,12.354284,0.05908203,0.010528176,12.367169,1.1290171e-05,1.2899545e-06,0,0,0,1
1771685187996000,1771685187844000,0,1771685187844000,0,-552.75275,12.354216,-0.0073242188,0.008846428,12.367072,1.7350649e-07,1.1520923e-06,0,0,0,1
1771685188052000,1771685187896000,0,1771685187900000,0,-552.7481,12.354284,-0.012084961,0.00687463,12.367169,4.723677e-07,9.990634e-07,0,0,0,1
1771685188100000,1771685187948000,0,1771685187948000,0,-552.7529,12.354216,-0.007507324,0.0055198083,12.367072,1.8229026e-07,8.877765e-07,0,0,0,1
1771685188156000,1771685188000000,0,1771685188004000,0,-552.7201,12.354284,-0.04058838,0.0011762832,12.367169,5.3283543e-06,3.0219888e-07,0,0,0,1
1771685188204000,1771685188052000,0,1771685188052000,0,-552.72516,12.354216,-0.035705566,-0.002298094,12.367072,4.1234903e-06,-1.14713885e-07,0,0,0,1
1771685188260000,1771685188104000,0,1771685188108000,0,-552.74896,12.354284,-0.01184082,-0.0031970467,12.367169,4.534749e-07,-1.4662615e-07,0,0,0,1
1771685188308000,1771685188156000,0,1771685188156000,0,-552.7349,12.354216,-0.026123047,-0.0053567425,12.367072,2.2071954e-06,-3.4073776e-07,0,0,0,1
1771685188364000,1771685188208000,0,1771685188212000,0,-552.7915,12.354284,0.030273438,-0.002000276,12.367169,2.9642385e-06,-2.9399388e-08,0,0,0,1
1771685188412000,1771685188260000,0,1771685188260000,0,-552.77716,12.354216,0.01574707,-0.0003284244,12.367072,8.0203375e-07,4.892403e-08,0,0,0,1
1771685188468000,1771685188312000,0,1771685188316000,0,-552.72064,12.354284,-0.040893555,-0.0041497773,12.367169,5.4087814e-06,-4.652077e-07,0,0,0,1
1771685188516000,1771685188364000,0,1771685188364000,0,-552.7633,12.354216,0.0015258789,-0.003615114,12.367072,7.530664e-09,-4.2067438e-07,0,0,0,1
1771685188572000,1771685188416000,0,1771685188420000,0,-552.78204,12.354284,0.020385742,-0.0013541635,12.367169,1.3441346e-06,-2.5442426e-07,0,0,0,1
1771685188620000,1771685188468000,0,1771685188468000,0,-552.80066,12.354216,0.039123535,0.0024589535,12.367072,4.9507307e-06,2.3591645e-07,0,0,0,1
1771685188676000,1771685188520000,0,1771685188524000,0,-552.77686,12.354284,0.014831543,0.0036244874,12.367169,7.1147946e-07,2.8071585e-07,0,0,0,1
1771685188724000,1771685188572000,0,1771685188572000,0,-552.7533,12.354216,-0.008422852,0.002489593,12.367072,2.2946234e-07,2.3265558e-07,0,0,0,1
1771685188780000,1771685188624000,0,1771685188628000,0,-552.8003,12.354284,0.038269043,0.005860121,12.367169,4.7367985e-06,6.5695895e-07,0,0,0,1
1771685188828000,1771685188676000,0,1771685188676000,0,-552.7107,12.354216,-0.051574707,0.00044959318,12.367072,8.6033315e-06,-2.1538733e-07,0,0,0,1
1771685188884000,1771685188728000,0,1771685188732000,0,-552.7769,12.354284,0.0146484375,0.0017871655,12.367169,6.940205e-07,-1.2971847e-07,0,0,0,1
1771685188932000,1771685188780000,0,1771685188780000,0,-552.75336,12.354216,-0.008850098,0.00078510446,12.367072,2.5333154e-07,-1.4136319e-07,0,0,0,1
1771685188988000,1771685188832000,0,1771685188836000,0,-552.8379,12.354284,0.07574463,0.00784651,12.367169,1.8556386e-05,1.620019e-06,0,0,0,1
1771685189036000,1771685188884000,0,1771685188884000,0,-552.8091,12.354216,0.046936035,0.011528857,12.367072,7.1253453e-06,2.1386368e-06,0,0,0,1
1771685189092000,1771685188936000,0,1771685188940000,0,-552.804,12.354284,0.041625977,0.014364094,12.367169,5.6042636e-06,2.465109e-06,0,0,0,1
1771685189140000,1771685188988000,0,1771685188988000,0,-552.78015,12.354216,0.01751709,0.014661115,12.367072,9.924692e-07,2.326382e-06,0,0,0,1
1771685189196000,1771685189040000,0,1771685189044000,0,-552.7753,12.354284,0.0126953125,0.0144759305,12.367169,5.212865e-07,2.1563367e-06,0,0,0,1
1771685189244000,1771685189092000,0,1771685189092000,0,-552.7518,12.354216,-0.011108398,0.012065812,12.367072,3.9911313e-07,1.915606e-06,0,0,0,1
1771685189300000,1771685189144000,0,1771685189148000,0,-552.73303,12.354284,-0.030395508,0.008065833,12.367169,2.988192e-06,1.4536539e-06,0,0,0,1
1771685189348000,1771685189196000,0,1771685189196000,0,-552.7756,12.354216,0.012329102,0.008467445,12.367072,4.916499e-07,1.3630304e-06,0,0,0,1
1771685189404000,1771685189248000,0,1771685189252000,0,-552.81775,12.354284,0.054504395,0.01280426,12.367169,9.608437e-06,2.1397716e-06,0,0,0,1
1771685189452000,1771685189300000,0,1771685189300000,0,-552.7468,12.354216,-0.016479492,0.010045645,12.367072,8.783766e-07,1.8554533e-06,0,0,0,1
1771685189508000,1771685189352000,0,1771685189356000,0,-552.81744,12.354284,0.05432129,0.014216539,12.367169,9.543986e-06,2.5797356e-06,0,0,0,1
1771685189556000,1771685189404000,0,1771685189404000,0,-552.7512,12.354216,-0.011779785,0.01176761,12.367072,4.488155e-07,2.2944373e-06,0,0,0,1
1771685189612000,1771685189456000,0,1771685189460000,0,-552.7842,12.354284,0.020996094,0.01263696,12.367169,1.4258266e-06,2.2126117e-06,0,0,0,1
1771685189660000,1771685189508000,0,1771685189508000,0,-552.76056,12.354216,-0.0032348633,0.011141788,12.367072,3.3845815e-08,2.0009888e-06,0,0,0,1
1771685189716000,1771685189560000,0,1771685189564000,0,-552.7699,12.354284,0.005432129,0.0106039215,12.367169,9.5439866e-08,1.8214806e-06,0,0,0,1
1771685189764000,1771685189612000,0,1771685189612000,0,-552.7981,12.354216,0.033081055,0.012721333,12.367072,3.5395806e-06,1.9833305e-06,0,0,0,1
1771685189820000,1771685189664000,0,1771685189668000,0,-552.72736,12.354284,-0.038085938,0.00793514,12.367169,4.6915784e-06,1.3545348e-06,0,0,0,1
1771685189868000,1771685189716000,0,1771685189716000,0,-552.784,12.354216,0.018310547,0.0089125335,12.367072,1.0844155e-06,1.3290887e-06,0,0,0,1
1771685189924000,1771685189768000,0,1771685189772000,0,-552.7839,12.354284,0.018188477,0.009786354,12.367169,1.0699964e-06,1.3046815e-06,0,0,0,1
1771685189972000,1771685189820000,0,1771685189820000,0,-552.7884,12.354216,0.022583008,0.010991836,12.367072,1.6495165e-06,1.3371659e-06,0,0,0,1
1771685190028000,1771685189872000,0,1771685189876000,0,-552.7882,12.354284,0.022094727,0.012037761,12.367169,1.5789448e-06,1.3599422e-06,0,0,0,1
1771685190076000,1771685189924000,0,1771685189924000,0,-552.7505,12.354216,-0.015625,0.009431848,12.367072,7.8964734e-07,1.1574446e-06,0,0,0,1
1771685190132000,1771685189976000,0,1771685189980000,0,-552.7459,12.354284,-0.020385742,0.006622945,12.367169,1.3441346e-06,9.217885e-07,0,0,0,1
1771685190180000,1771685190028000,0,1771685190028000,0,-552.77423,12.354216,0.00793457,0.006746504,12.367072,2.0362914e-07,8.541358e-07,0,0,0,1
1771685190236000,1771685190080000,0,1771685190084000,0,-552.80707,12.354284,0.040649414,0.009940256,12.367169,5.3443914e-06,1.2771309e-06,0,0,0,1
1771685190284000,1771685190132000,0,1771685190132000,0,-552.75507,12.354216,-0.0115356445,0.007917164,12.367072,4.3040455e-07,1.116276e-06,0,0,0,1
1771685190340000,1771685190184000,0,1771685190188000,0,-552.7458,12.354284,-0.020751953,0.0052164495,12.367169,1.3928606e-06,8.799081e-07,0,0,0,1
1771685190388000,1771685190236000,0,1771685190236000,0,-552.7648,12.354216,-0.0015258789,0.0045813024,12.367072,7.530664e-09,7.9630877e-07,0,0,0,1
1771685190444000,1771685190288000,0,1771685190292000,0,-552.7366,12.354284,-0.029846191,0.0013381324,12.367169,2.881161e-06,4.4988042e-07,0,0,0,1
1771685190492000,1771685190340000,0,1771685190340000,0,-552.77905,12.354216,0.012756348,0.0024137613,12.367072,5.263151e-07,4.5708077e-07,0,0,0,1
1771685190548000,1771685190392000,0,1771685190396000,0,-552.7649,12.354284,-0.0012207031,0.0020713843,12.367169,4.819587e-09,4.1356842e-07,0,0,0,1
1771685190596000,1771685190444000,0,1771685190444000,0,-552.7884,12.354216,0.022399902,0.00398639,12.367072,1.6228761e-06,5.2748874e-07,0,0,0,1
1771685190652000,1771685190496000,0,1771685190500000,0,-552.7318,12.354284,-0.034118652,0.00039678416,12.367169,3.7650732e-06,1.231169e-07,0,0,0,1
1771685190700000,1771685190548000,0,1771685190548000,0,-552.78375,12.354216,0.01763916,0.002021066,12.367072,1.0063497e-06,2.0632001e-07,0,0,0,1
1771685190756000,1771685190600000,0,1771685190604000,0,-552.7649,12.354284,-0.0012207031,0.0017156819,12.367169,4.819587e-09,1.8643004e-07,0,0,0,1
1771685190804000,1771685190652000,0,1771685190652000,0,-552.7883,12.354216,0.022338867,0.0036584458,12.367072,1.6140442e-06,3.2091543e-07,0,0,0,1
1771685190860000,1771685190704000,0,1771685190708000,0,-552.77875,12.354284,0.013000488,0.004538493,12.367169,5.466496e-07,3.4218024e-07,0,0,0,1
1771685190908000,1771685190756000,0,1771685190756000,0,-552.7974,12.354216,0.03173828,0.0071007926,12.367072,3.2580663e-06,6.168652e-07,0,0,0,1
1771685190964000,1771685190808000,0,1771685190812000,0,-552.8019,12.354284,0.036010742,0.009824194,12.367169,4.1942453e-06,9.538647e-07,0,0,0,1
1771685191012000,1771685190860000,0,1771685190860000,0,-552.8204,12.354216,0.05444336,0.014027448,12.367072,9.587005e-06,1.7671316e-06,0,0,0,1
1771685191068000,1771685190912000,0,1771685190916000,0,-552.8011,12.354284,0.03503418,0.016006343,12.367169,3.9698452e-06,1.9746337e-06,0,0,0,1
1771685191116000,1771685190964000,0,1771685190964000,0,-552.76324,12.354216,-0.0029296875,0.014222514,12.367072,2.776104e-08,1.7860024e-06,0,0,0,1
1771685191172000,1771685191016000,0,1771685191020000,0,-552.81964,12.354284,0.053344727,0.01790794,12.367169,9.203916e-06,2.4847914e-06,0,0,0,1
1771685191220000,1771685191068000,0,1771685191068000,0,-552.8426,12.354216,0.075805664,0.023362074,12.367072,1.858645e-05,4.0016143e-06,0,0,0,1
1771685191276000,1771685191120000,0,1771685191124000,0,-552.77625,12.354284,0.008972168,0.022006502,12.367169,2.6036614e-07,3.6491779e-06,0,0,0,1
1771685191324000,1771685191172000,0,1771685191172000,0,-552.7809,12.354216,0.013305664,0.021186858,12.367072,5.726196e-07,3.3593572e-06,0,0,0,1
1771685191380000,1771685191224000,0,1771685191228000,0,-552.79486,12.354284,0.027160645,0.021749606,12.367169,2.3859966e-06,3.2676637e-06,0,0,0,1
1771685191428000,1771685191276000,0,1771685191276000,0,-552.7664,12.354216,-0.0013427734,0.019574236,12.367072,5.831746e-09,2.959291e-06,0,0,0,1
1771685191484000,1771685191328000,0,1771685191332000,0,-552.743,12.354284,-0.024902344,0.015384413,12.367169,2.0057191e-06,2.4915726e-06,0,0,0,1
1771685191532000,1771685191380000,0,1771685191380000,0,-552.78546,12.354216,0.01751709,0.015585317,12.367072,9.924692e-07,2.3503526e-06,0,0,0,1
1771685191588000,1771685191432000,0,1771685191436000,0,-552.8322,12.354284,0.06439209,0.020183057,12.367169,1.3410801e-05,3.392279e-06,0,0,0,1
1771685191636000,1771685191484000,0,1771685191484000,0,-552.8223,12.354216,0.05456543,0.023421977,12.367072,9.630045e-06,3.9798947e-06,0,0,0,1
1771685191692000,1771685191536000,0,1771685191540000,0,-552.7937,12.354284,0.025878906,0.023653427,12.367169,2.166115e-06,3.8090313e-06,0,0,0,1
1771685191740000,1771685191588000,0,1771685191588000,0,-552.81696,12.354216,0.048950195,0.026036456,12.367072,7.750004e-06,4.1802823e-06,0,0,0,1
1771685191796000,1771685191640000,0,1771685191644000,0,-552.7602,12.354284,-0.0078125,0.022847787,12.367169,1.9741027e-07,3.767891e-06,0,0,0,1
1771685191844000,1771685191692000,0,1771685191692000,0,-552.7462,12.354216,-0.021728516,0.018648569,12.367072,1.5270499e-06,3.2690923e-06,0,0,0,1
1771685191900000,1771685191744000,0,1771685191748000,0,-552.79333,12.354284,0.025268555,0.01927219,12.367169,2.0651448e-06,3.155677e-06,0,0,0,1
1771685191948000,1771685191796000,0,1771685191796000,0,-552.70856,12.354216,-0.059448242,0.011856496,12.367072,1.1430656e-05,1.781602e-06,0,0,0,1
1771685192004000,1771685191848000,0,1771685191852000,0,-552.75134,12.354284,-0.016479492,0.009187164,12.367169,8.783697e-07,1.531025e-06,0,0,0,1
1771685192052000,1771685191900000,0,1771685191900000,0,-552.7515,12.354216,-0.01586914,0.0068267873,12.367072,8.1451657e-07,1.3100681e-06,0,0,0,1
1771685192108000,1771685191952000,0,1771685191956000,0,-552.7845,12.354284,0.017700195,0.007851094,12.367169,1.0133181e-06,1.2821134e-06,0,0,0,1
1771685192156000,1771685192004000,0,1771685192004000,0,-552.73267,12.354216,-0.033569336,0.003949169,12.367072,3.6448412e-06,8.1798e-07,0,0,0,1
1771685192212000,1771685192056000,0,1771685192060000,0,-552.76117,12.354284,-0.0048828125,0.0031171707,12.367169,7.711339e-08,7.336596e-07,0,0,0,1
1771685192260000,1771685192108000,0,1771685192108000,0,-552.78467,12.354216,0.018615723,0.0045771794,12.367072,1.120864e-06,7.701354e-07,0,0,0,1
1771685192316000,1771685192160000,0,1771685192164000,0,-552.7798,12.354284,0.014099121,0.005474174,12.367169,6.4294494e-07,7.581537e-07,0,0,0,1
1771685192364000,1771685192212000,0,1771685192212000,0,-552.78436,12.354216,0.018798828,0.006729395,12.367072,1.1430222e-06,7.9440946e-07,0,0,0,1
1771685192420000,1771685192264000,0,1771685192268000,0,-552.80304,12.354284,0.03753662,0.009631526,12.367169,4.5572206e-06,1.1488772e-06,0,0,0,1
1771685192468000,1771685192316000,0,1771685192316000,0,-552.75104,12.354216,-0.0146484375,0.0073442827,12.367072,6.9402597e-07,9.752704e-07,0,0,0,1
1771685192524000,1771685192368000,0,1771685192372000,0,-552.75586,12.354284,-0.00982666,0.00572673,12.367169,3.1232128e-07,8.539755e-07,0,0,0,1
1771685192572000,1771685192420000,0,1771685192420000,0,-552.69025,12.354216,-0.07525635,-0.0019021113,12.367072,1.8318056e-05,-9.5208566e-07,0,0,0,1
1771685192628000,1771685192472000,0,1771685192476000,0,-552.7941,12.354284,0.028808594,0.0009909263,12.367169,2.684317e-06,-6.0952596e-07,0,0,0,1
1771685192676000,1771685192524000,0,1771685192524000,0,-552.75635,12.354216,-0.0087890625,6.962294e-05,12.367072,2.4984934e-07,-5.7564336e-07,0,0,0,1
1771685192732000,1771685192576000,0,1771685192580000,0,-552.7329,12.354284,-0.03173828,-0.002926774,12.367169,3.2580406e-06,-8.28333e-07,0,0,0,1
1771685192780000,1771685192628000,0,1771685192628000,0,-552.7567,12.354216,-0.007385254,-0.003346776,12.367072,1.7641031e-07,-7.6692e-07,0,0,0,1
1771685192836000,1771685192680000,0,1771685192684000,0,-552.7849,12.354284,0.0211792,-0.0010363576,12.367169,1.450804e-06,-5.5800393e-07,0,0,0,1
1771685192884000,1771685192732000,0,1771685192732000,0,-552.7753,12.354216,0.012023926,0.00019395899,12.367072,4.6761204e-07,-4.613879e-07,0,0,0,1
1771685192940000,1771685192784000,0,1771685192788000,0,-552.7752,12.354284,0.012268066,0.001331375,12.367169,4.867903e-07,-3.7206678e-07,0,0,0,1
1771685192988000,1771685192836000,0,1771685192836000,0,-552.70465,12.354216,-0.058044434,-0.0042619985,12.367072,1.08971835e-05,-1.3635633e-06,0,0,0,1
1771685193044000,1771685192888000,0,1771685192892000,0,-552.7709,12.354284,0.008361816,-0.0030727983,12.367169,2.2614707e-07,-1.213808e-06,0,0,0,1
1771685193092000,1771685192940000,0,1771685192940000,0,-552.7521,12.354216,-0.010375977,-0.0037607788,12.367072,3.482179e-07,-1.1322669e-06,0,0,0,1
1771685193148000,1771685192992000,0,1771685192996000,0,-552.81323,12.354284,0.051208496,0.0014174865,12.367169,8.481521e-06,-2.266201e-07,0,0,0,1
1771685193196000,1771685193044000,0,1771685193044000,0,-552.7893,12.354216,0.027648926,0.0038885644,12.367072,2.472576e-06,2.7652021e-08,0,0,0,1
1771685193252000,1771685193096000,0,1771685193100000,0,-552.78436,12.354284,0.023010254,0.005689883,12.367169,1.7125076e-06,1.8637031e-07,0,0,0,1
1771685193300000,1771685193148000,0,1771685193148000,0,-552.73254,12.354216,-0.028259277,0.0024917738,12.367072,2.5829454e-06,-7.450727e-08,0,0,0,1
1771685193356000,1771685193200000,0,1771685193204000,0,-552.7516,12.354284,-0.008972168,0.0014118372,12.367169,2.6036614e-07,-9.201571e-08,0,0,0,1
1771685193404000,1771685193252000,0,1771685193252000,0,-552.7751,12.354216,0.015197754,0.0027105105,12.367072,7.470539e-07,-1.2972919e-08,0,0,0,1
1771685193460000,1771685193304000,0,1771685193308000,0,-552.728,12.354284,-0.031433105,-0.00050591724,12.367169,3.1956872e-06,-3.1279387e-07,0,0,0,1
1771685193508000,1771685193356000,0,1771685193356000,0,-552.733,12.354216,-0.025939941,-0.0029018763,12.367072,2.176362e-06,-4.883474e-07,0,0,0,1
1771685193564000,1771685193408000,0,1771685193412000,0,-552.7426,12.354284,-0.015625,-0.0041004317,12.367169,7.896411e-07,-5.167301e-07,0,0,0,1
1771685193612000,1771685193460000,0,1771685193460000,0,-552.7944,12.354216,0.036865234,-0.00024134689,12.367072,4.3956907e-06,-5.3965778e-08,0,0,0,1
1771685193668000,1771685193512000,0,1771685193516000,0,-552.78467,12.354284,0.02758789,0.0023802482,12.367169,2.4616522e-06,1.8301274e-07,0,0,0,1
1771685193716000,1771685193564000,0,1771685193564000,0,-552.761,12.354216,0.004333496,0.0025642498,12.367072,6.0739325e-08,1.7149424e-07,0,0,0,1
1771685193772000,1771685193616000,0,1771685193620000,0,-552.7421,12.354284,-0.014099121,0.0009945119,12.367169,6.4294494e-07,9.477169e-08,0,0,0,1
1771685193820000,1771685193668000,0,1771685193668000,0,-552.73285,12.354216,-0.022949219,-0.0012610571,12.367072,1.7034482e-06,-7.462586e-08,0,0,0,1
1771685193876000,1771685193720000,0,1771685193724000,0,-552.77527,12.354284,0.019592285,0.00070338836,12.367169,1.2415376e-06,4.9360565e-08,0,0,0,1
1771685193924000,1771685193772000,0,1771685193772000,0,-552.7376,12.354216,-0.0178833,-0.0010475318,12.367072,1.0343999e-06,-5.2732823e-08,0,0,0,1
1771685193980000,1771685193824000,0,1771685193828000,0,-552.71893,12.354284,-0.036499023,-0.0043871654,12.367169,4.308759e-06,-4.5366284e-07,0,0,0,1
1771685194028000,1771685193876000,0,1771685193876000,0,-552.7756,12.354216,0.020751953,-0.0020189872,12.367072,1.3928716e-06,-2.7971393e-07,0,0,0,1
1771685194084000,1771685193928000,0,1771685193932000,0,-552.7754,12.354284,0.021057129,0.00015485007,12.367169,1.4341283e-06,-1.1826501e-07,0,0,0,1
1771685194132000,1771685193980000,0,1771685193980000,0,-552.7424,12.354216,-0.011169434,-0.00091193034,12.367072,4.0351105e-07,-1.4513601e-07,0,0,0,1
1771685194188000,1771685194032000,0,1771685194036000,0,-552.7425,12.354284,-0.010925293,-0.0018552182,12.367169,3.8606095e-07,-1.6783184e-07,0,0,0,1
1771685194236000,1771685194084000,0,1771685194084000,0,-552.7707,12.354216,0.017578125,-2.4540699e-05,12.367072,9.993973e-07,-5.7875468e-08,0,0,0,1
1771685194292000,1771685194136000,0,1771685194140000,0,-552.6861,12.354284,-0.066833496,-0.0063181384,12.367169,1.4447012e-05,-1.413374e-06,0,0,0,1
1771685194340000,1771685194188000,0,1771685194188000,0,-552.7618,12.354216,0.008972168,-0.004877747,12.367072,2.6036818e-07,-1.2557026e-06,0,0,0,1
1771685194396000,1771685194240000,0,1771685194244000,0,-552.77106,12.354284,0.018493652,-0.0026760935,12.367169,1.1062036e-06,-1.0332042e-06,0,0,0,1
1771685194444000,1771685194292000,0,1771685194292000,0,-552.7287,12.354216,-0.02331543,-0.004620379,12.367072,1.7582473e-06,-1.1015053e-06,0,0,0,1
1771685194500000,1771685194344000,0,1771685194348000,0,-552.7758,12.354284,0.023986816,-0.001925498,12.367169,1.8609509e-06,-8.224333e-07,0,0,0,1
1771685194548000,1771685194396000,0,1771685194396000,0,-552.71924,12.354216,-0.032348633,-0.004791446,12.367072,3.3845815e-06,-1.0637951e-06,0,0,0,1
1771685194604000,1771685194448000,0,1771685194452000,0,-552.7853,12.354284,0.034118652,-0.0011260016,12.367169,3.7650732e-06,-6.089017e-07,0,0,0,1
1771685194652000,1771685194500000,0,1771685194500000,0,-552.74274,12.354216,-0.008300781,-0.0018018866,12.367072,2.2285946e-07,-5.725354e-07,0,0,0,1
1771685194708000,1771685194552000,0,1771685194556000,0,-552.7475,12.354284,-0.0036010742,-0.0019713752,12.367169,4.1942453e-08,-5.22552e-07,0,0,0,1
1771685194756000,1771685194604000,0,1771685194604000,0,-552.7945,12.354216,0.043701172,0.0023311116,12.367072,6.177024e-06,1.0856752e-07,0,0,0,1
1771685194812000,1771685194656000,0,1771685194660000,0,-552.8176,12.354284,0.06665039,0.008390175,12.367169,1.4367959e-05,1.4518437e-06,0,0,0,1
1771685194860000,1771685194708000,0,1771685194708000,0,-552.7701,12.354216,0.018798828,0.0093707,12.367072,1.1430222e-06,1.4227518e-06,0,0,0,1
1771685194916000,1771685194760000,0,1771685194764000,0,-552.74646,12.354284,-0.0053100586,0.00798773,12.367169,9.119863e-08,1.2801332e-06,0,0,0,1
1771685194964000,1771685194812000,0,1771685194812000,0,-552.7183,12.354216,-0.033325195,0.0040959325,12.367072,3.5920182e-06,8.211624e-07,0,0,0,1
1771685195020000,1771685194864000,0,1771685194868000,0,-552.6904,12.354284,-0.061157227,-0.0020511048,12.367168,1.2097212e-05,-3.9578606e-07,0,0,0,1
1771685195068000,1771685194916000,0,1771685194916000,0,-552.752,12.354216,0.0006713867,-0.0017946381,12.367072,1.4579365e-09,-3.5836453e-07,0,0,0,1
1771685195124000,1771685194968000,0,1771685194972000,0,-552.705,12.354284,-0.046325684,-0.005989592,12.367168,6.9411817e-06,-9.78485e-07,0,0,0,1
1771685195172000,1771685195020000,0,1771685195020000,0,-552.7524,12.354216,0.0012207031,-0.0053103613,12.367072,4.8196247e-09,-8.8585483e-07,0,0,0,1
1771685195228000,1771685195072000,0,1771685195076000,0,-552.7336,12.354284,-0.01751709,-0.006460271,12.367168,9.924614e-07,-8.958975e-07,0,0,0,1
1771685195276000,1771685195124000,0,1771685195124000,0,-552.7196,12.354216,-0.03125,-0.008795535,12.367072,3.1585894e-06,-1.1090497e-06,0,0,0,1
1771685195332000,1771685195176000,0,1771685195180000,0,-552.7481,12.354284,-0.0026245117,-0.008214206,12.367168,2.2278542e-08,-1.0066726e-06,0,0,0,1
1771685195380000,1771685195228000,0,1771685195228000,0,-552.77155,12.354216,0.020690918,-0.0054912595,12.367072,1.3846902e-06,-7.813993e-07,0,0,0,1
1771685195436000,1771685195280000,0,1771685195284000,0,-552.78076,12.354284,0.029724121,-0.0021738682,12.367168,2.8576417e-06,-4.3859106e-07,0,0,0,1
1771685195484000,1771685195332000,0,1771685195332000,0,-552.7383,12.354216,-0.012817383,-0.0031765183,12.367072,5.3136364e-07,-4.473305e-07,0,0,0,1
1771685195540000,1771685195384000,0,1771685195388000,0,-552.80414,12.354284,0.05303955,0.002119199,12.367168,9.098911e-06,4.5195313e-07,0,0,0,1
1771685195588000,1771685195436000,0,1771685195436000,0,-552.7473,12.354216,-0.004211426,0.0015228357,12.367072,5.7365586e-08,4.0397381e-07,0,0,0,1
1771685195644000,1771685195488000,0,1771685195492000,0,-552.7755,12.354284,0.023620605,0.0036045099,12.367168,1.8045619e-06,5.359133e-07,0,0,0,1
1771685195692000,1771685195540000,0,1771685195540000,0,-552.7894,12.354216,0.037353516,0.0067837643,12.367072,4.512904e-06,9.1055733e-07,0,0,0,1
1771685195748000,1771685195592000,0,1771685195596000,0,-552.7844,12.354284,0.032287598,0.0091862995,12.367168,3.3717952e-06,1.1424131e-06,0,0,0,1
1771685195796000,1771685195644000,0,1771685195644000,0,-552.7137,12.354216,-0.038757324,0.004669871,12.367072,4.858483e-06,5.771113e-07,0,0,0,1
1771685195852000,1771685195696000,0,1771685195700000,0,-552.74695,12.354284,-0.0059814453,0.0036664861,12.367168,1.1571829e-07,5.1184475e-07,0,0,0,1
1771685195900000,1771685195748000,0,1771685195748000,0,-552.7845,12.354216,0.03137207,0.0062764324,12.367072,3.183314e-06,7.635049e-07,0,0,0,1
1771685195956000,1771685195800000,0,1771685195804000,0,-552.77954,12.354284,0.026306152,0.00816329,12.367168,2.2382283e-06,9.024281e-07,0,0,0,1
1771685196004000,1771685195852000,0,1771685195852000,0,-552.74176,12.354216,-0.011352539,0.006324842,12.367072,4.1684936e-07,7.781483e-07,0,0,0,1
1771685196060000,1771685195904000,0,1771685195908000,0,-552.7841,12.354284,0.03112793,0.008661365,12.367168,3.1339366e-06,1.0000704e-06,0,0,0,1
1771685196108000,1771685195956000,0,1771685195956000,0,-552.74164,12.354216,-0.011230469,0.0067874966,12.367072,4.0793304e-07,8.674324e-07,0,0,0,1
1771685196164000,1771685196008000,0,1771685196012000,0,-552.7511,12.354284,-0.0016479492,0.005992853,12.367168,8.783697e-09,7.848903e-07,0,0,0,1
1771685196212000,1771685196060000,0,1771685196060000,0,-552.7511,12.354216,-0.0016479492,0.0052730674,12.367072,8.783767e-09,7.101239e-07,0,0,0,1
1771685196268000,1771685196112000,0,1771685196116000,0,-552.8028,12.354284,0.049926758,0.009479575,12.367168,8.062254e-06,1.402716e-06,0,0,0,1
1771685196316000,1771685196164000,0,1771685196164000,0,-552.73193,12.354216,-0.021057129,0.006602929,12.367072,1.4341396e-06,1.1354759e-06,0,0,0,1
1771685196372000,1771685196216000,0,1771685196220000,0,-552.7415,12.354284,-0.01159668,0.004888473,12.367168,4.3496775e-07,9.875356e-07,0,0,0,1
1771685196420000,1771685196268000,0,1771685196268000,0,-552.7228,12.354216,-0.030456543,0.0015588696,12.367072,3.0002284e-06,6.1187666e-07,0,0,0,1
1771685196476000,1771685196320000,0,1771685196324000,0,-552.76996,12.354284,0.016845703,0.0029989337,12.367168,9.178422e-07,6.406995e-07,0,0,0,1
1771685196524000,1771685196372000,0,1771685196372000,0,-552.7464,12.354216,-0.0067749023,0.00207821,12.367072,1.484565e-07,5.663587e-07,0,0,0,1
1771685196580000,1771685196424000,0,1771685196428000,0,-552.71826,12.354284,-0.034729004,-0.0013891363,12.367168,3.900986e-06,1.4552185e-07,0,0,0,1
1771685196628000,1771685196476000,0,1771685196476000,0,-552.73737,12.354216,-0.015625,-0.0027301959,12.367072,7.8964734e-07,5.74262e-08,0,0,0,1
1771685196684000,1771685196528000,0,1771685196532000,0,-552.8032,12.354284,0.050109863,0.002247491,12.367168,8.1214985e-06,8.170852e-07,0,0,0,1
1771685196732000,1771685196580000,0,1771685196580000,0,-552.71826,12.354216,-0.034851074,-0.0012473017,12.367072,3.9284882e-06,3.700384e-07,0,0,0,1
1771685196788000,1771685196632000,0,1771685196636000,0,-552.75616,12.354284,0.0028686523,-0.00085956685,12.367168,2.661617e-08,3.3768703e-07,0,0,0,1
1771685196836000,1771685196684000,0,1771685196684000,0,-552.789,12.354216,0.035888672,0.0026022238,12.367072,4.165891e-06,6.983149e-07,0,0,0,1
1771685196892000,1771685196736000,0,1771685196740000,0,-552.75116,12.354284,-0.0016479492,0.0022018452,12.367168,8.783697e-09,6.3170415e-07,0,0,0,1
1771685196940000,1771685196788000,0,1771685196788000,0,-552.75116,12.354216,-0.0012817383,0.0018736816,12.367072,5.313636e-09,5.7169524e-07,0,0,0,1
1771685196996000,1771685196840000,0,1771685196844000,0,-552.71356,12.354284,-0.039001465,-0.001976876,12.367168,4.9198466e-06,5.4376073e-08,0,0,0,1
1771685197044000,1771685196892000,0,1771685196892000,0,-552.74207,12.354216,-0.010498047,-0.002779595,12.367072,3.5645945e-07,1.5674171e-08,0,0,0,1
1771685197100000,1771685196944000,0,1771685196948000,0,-552.69995,12.354284,-0.052368164,-0.0074509825,12.367168,8.870016e-06,-8.213837e-07,0,0,0,1
1771685197148000,1771685196996000,0,1771685196996000,0,-552.77545,12.354216,0.023376465,-0.0045469473,12.367072,1.7674648e-06,-5.775066e-07,0,0,0,1
1771685197204000,1771685197048000,0,1771685197052000,0,-552.73303,12.354284,-0.018737793,-0.0058837663,12.367168,1.1356032e-06,-6.3008093e-07,0,0,0,1
1771685197252000,1771685197100000,0,1771685197100000,0,-552.72845,12.354216,-0.02319336,-0.0075143804,12.367072,1.7398845e-06,-7.3462763e-07,0,0,0,1
1771685197308000,1771685197152000,0,1771685197156000,0,-552.7616,12.354284,0.010070801,-0.0058578053,12.367168,3.2803317e-07,-6.345219e-07,0,0,0,1
1771685197356000,1771685197204000,0,1771685197204000,0,-552.7661,12.354216,0.014953613,-0.0038973093,12.367072,7.2324497e-07,-5.066163e-07,0,0,0,1
1771685197412000,1771685197256000,0,1771685197260000,0,-552.72845,12.354284,-0.022583008,-0.0056575565,12.367168,1.6495037e-06,-6.142796e-07,0,0,0,1
1771685197460000,1771685197308000,0,1771685197308000,0,-552.74744,12.354216,-0.0032958984,-0.005435081,12.367072,3.5135066e-08,-5.597225e-07,0,0,0,1
1771685197516000,1771685197360000,0,1771685197364000,0,-552.7146,12.354284,-0.035888672,-0.008303897,12.367168,4.1658586e-06,-8.99431e-07,0,0,0,1
1771685197564000,1771685197412000,0,1771685197412000,0,-552.80884,12.354216,0.058410645,-0.002019194,12.367072,1.1035121e-05,2.2483852e-07,0,0,0,1
1771685197620000,1771685197464000,0,1771685197468000,0,-552.7614,12.354284,0.010986328,-0.00079403596,12.367168,3.9038656e-07,2.4043362e-07,0,0,0,1
1771685197668000,1771685197516000,0,1771685197516000,0,-552.7472,12.354216,-0.0032958984,-0.0010297187,12.367072,3.5135066e-08,2.1447426e-07,0,0,0,1
1771685197724000,1771685197568000,0,1771685197572000,0,-552.75195,12.354284,0.0010986328,-0.0008292218,12.367168,3.9038657e-09,1.9463792e-07,0,0,0,1
1771685197772000,1771685197620000,0,1771685197620000,0,-552.7284,12.354216,-0.022460938,-0.0028669923,12.367072,1.6317322e-06,2.2588551e-08,0,0,0,1
1771685197828000,1771685197672000,0,1771685197676000,0,-552.71454,12.354284,-0.036499023,-0.0060352273,12.367168,4.3087593e-06,-3.85437e-07,0,0,0,1
1771685197876000,1771685197724000,0,1771685197724000,0,-552.72894,12.354216,-0.022277832,-0.007565328,12.367072,1.6052363e-06,-5.0034566e-07,0,0,0,1
1771685197932000,1771685197776000,0,1771685197780000,0,-552.7432,12.354284,-0.008056641,-0.007611611,12.367168,2.0994122e-07,-4.7298872e-07,0,0,0,1
1771685197980000,1771685197828000,0,1771685197828000,0,-552.7198,12.354216,-0.031433105,-0.009855665,12.367072,3.1957125e-06,-7.294772e-07,0,0,0,1
1771685198036000,1771685197880000,0,1771685197884000,0,-552.7013,12.354284,-0.050048828,-0.013641978,12.367168,8.101726e-06,-1.4239645e-06,0,0,0,1
1771685198084000,1771685197932000,0,1771685197932000,0,-552.75336,12.354216,0.0018920898,-0.012178623,12.367072,1.1579148e-08,-1.288732e-06,0,0,0,1
1771685198140000,1771685197984000,0,1771685197988000,0,-552.7674,12.354284,0.015563965,-0.009565191,12.367168,7.8348415e-07,-1.0935232e-06,0,0,0,1
1771685198188000,1771685198036000,0,1771685198036000,0,-552.72974,12.354216,-0.022338867,-0.010768509,12.367072,1.6140442e-06,-1.1425578e-06,0,0,0,1
1771685198244000,1771685198088000,0,1771685198092000,0,-552.7534,12.354284,0.0010375977,-0.009656339,12.367168,3.4821517e-09,-1.0345975e-06,0,0,0,1
1771685198292000,1771685198140000,0,1771685198140000,0,-552.80035,12.354216,0.047729492,-0.004250427,12.367072,7.3682904e-06,-2.4302108e-07,0,0,0,1
1771685198348000,1771685198192000,0,1771685198196000,0,-552.7717,12.354284,0.018920898,-0.0020676206,12.367168,1.1579058e-06,-1.110497e-07,0,0,0,1
1771685198396000,1771685198244000,0,1771685198244000,0,-552.7528,12.354216,-0.00030517578,-0.0019015932,12.367072,3.0122654e-10,-1.0061687e-07,0,0,0,1
1771685198452000,1771685198296000,0,1771685198300000,0,-552.80444,12.354284,0.050720215,0.0030555343,12.367168,8.320548e-06,6.926813e-07,0,0,0,1
1771685198500000,1771685198348000,0,1771685198348000,0,-552.7571,12.354216,0.0028686523,0.0030379295,12.367072,2.6616378e-08,6.2993604e-07,0,0,0,1
1771685198556000,1771685198400000,0,1771685198404000,0,-552.7289,12.354284,-0.0256958,0.00033112871,12.367168,2.135571e-06,3.6941722e-07,0,0,0,1
1771685198604000,1771685198452000,0,1771685198452000,0,-552.7479,12.354216,-0.0067749023,-0.0003382801,12.367072,1.484565e-07,3.20632e-07,0,0,0,1
1771685198660000,1771685198504000,0,1771685198508000,0,-552.7526,12.354284,-0.0020751953,-0.00050190254,12.367168,1.3928607e-08,2.8911543e-07,0,0,0,1
1771685198708000,1771685198556000,0,1771685198556000,0,-552.7808,12.354216,0.026245117,0.0020177444,12.367072,2.2278716e-06,4.717519e-07,0,0,0,1
1771685198764000,1771685198608000,0,1771685198612000,0,-552.74304,12.354284,-0.0115356445,0.0007409757,12.367168,4.304012e-07,3.8676643e-07,0,0,0,1
1771685198812000,1771685198660000,0,1771685198660000,0,-552.6915,12.354216,-0.06311035,-0.005274005,12.367072,1.2882327e-05,-8.632207e-07,0,0,0,1
1771685198868000,1771685198712000,0,1771685198716000,0,-552.71545,12.354284,-0.03894043,-0.00844548,12.367168,4.90446e-06,-1.2439173e-06,0,0,0,1
1771685198916000,1771685198764000,0,1771685198764000,0,-552.76746,12.354216,0.013305664,-0.006396459,12.367072,5.726196e-07,-1.0727942e-06,0,0,0,1
1771685198972000,1771685198816000,0,1771685198820000,0,-552.7345,12.354284,-0.019470215,-0.0076280446,12.367168,1.226115e-06,-1.0872375e-06,0,0,0,1
1771685199020000,1771685198868000,0,1771685198868000,0,-552.73,12.354216,-0.023864746,-0.009157589,12.367072,1.8420726e-06,-1.1583452e-06,0,0,0,1
1771685199076000,1771685198920000,0,1771685198924000,0,-552.75366,12.354284,-0.00012207031,-0.008306417,12.367168,4.819587e-11,-1.0492303e-06,0,0,0,1
1771685199124000,1771685198972000,0,1771685198972000,0,-552.75836,12.354216,0.0048828125,-0.007063953,12.367072,7.7113995e-08,-9.4312537e-07,0,0,0,1
1771685199180000,1771685199024000,0,1771685199028000,0,-552.7254,12.354284,-0.028137207,-0.009049115,12.367168,2.5606587e-06,-1.0955017e-06,0,0,0,1
1771685199228000,1771685199076000,0,1771685199076000,0,-552.8149,12.354216,0.061462402,-0.0024067247,12.367072,1.2218339e-05,1.587008e-07,0,0,0,1
1771685199284000,1771685199128000,0,1771685199132000,0,-552.7674,12.354284,0.014038086,-0.0008575759,12.367168,6.3739043e-07,2.0379476e-07,0,0,0,1
1771685199332000,1771685199180000,0,1771685199180000,0,-552.772,12.354216,0.018615723,0.0009768655,12.367072,1.120864e-06,2.9018534e-07,0,0,0,1
1771685199388000,1771685199232000,0,1771685199236000,0,-552.72955,12.354284,-0.023803711,-0.0013575369,12.367168,1.8326481e-06,9.020826e-08,0,0,0,1
1771685199436000,1771685199284000,0,1771685199284000,0,-552.72034,12.354216,-0.03326416,-0.0043632337,12.367072,3.5788726e-06,-2.5542982e-07,0,0,0,1
1771685199492000,1771685199336000,0,1771685199340000,0,-552.75824,12.354284,0.0045166016,-0.0035267274,12.367168,6.5980146e-08,-2.2515206e-07,0,0,0,1
1771685199540000,1771685199388000,0,1771685199388000,0,-552.7582,12.354216,0.0045166016,-0.0027690225,12.367072,6.5980664e-08,-1.9772652e-07,0,0,0,1
1771685199596000,1771685199440000,0,1771685199444000,0,-552.7394,12.354284,-0.013916016,-0.0038191015,12.367168,6.2635354e-07,-2.3810443e-07,0,0,0,1
1771685199644000,1771685199492000,0,1771685199492000,0,-552.7442,12.354216,-0.008911133,-0.0042987857,12.367072,2.568378e-07,-2.3986917e-07,0,0,0,1
1771685199700000,1771685199544000,0,1771685199548000,0,-552.74426,12.354284,-0.008605957,-0.0047045336,12.367168,2.3954553e-07,-2.3983867e-07,0,0,0,1
1771685199748000,1771685199596000,0,1771685199596000,0,-552.7443,12.354216,-0.008056641,-0.005020312,12.367072,2.0994285e-07,-2.3702239e-07,0,0,0,1
1771685199804000,1771685199648000,0,1771685199652000,0,-552.7632,12.354284,0.011291504,-0.0034836915,12.367168,4.1237593e-07,-1.7584719e-07,0,0,0,1
1771685199852000,1771685199700000,0,1771685199700000,0,-552.7021,12.354216,-0.04925537,-0.0077955164,12.367072,7.846939e-06,-8.984864e-07,0,0,0,1
1771685199908000,1771685199752000,0,1771685199756000,0,-552.75415,12.354284,0.0032348633,-0.0067564226,12.367168,3.3845552e-08,-8.1065804e-07,0,0,0,1
1771685199956000,1771685199804000,0,1771685199804000,0,-552.7212,12.354216,-0.029174805,-0.008868299,12.367072,2.753018e-06,-9.93634e-07,0,0,0,1
1771685200012000,1771685199856000,0,1771685199860000,0,-552.71674,12.354284,-0.03326416,-0.011166461,12.367168,3.5788448e-06,-1.2371684e-06,0,0,0,1
1771685200060000,1771685199908000,0,1771685199908000,0,-552.74054,12.354216,-0.009155273,-0.010977001,12.367072,2.711039e-07,-1.1461623e-06,0,0,0,1
1771685200116000,1771685199960000,0,1771685199964000,0,-552.78754,12.354284,0.038208008,-0.00634363,12.367168,4.7217013e-06,-5.933925e-07,0,0,0,1
1771685200164000,1771685200012000,0,1771685200012000,0,-552.745,12.354216,-0.0040283203,-0.0061255214,12.367072,5.2485714e-08,-5.424375e-07,0,0,0,1
1771685200220000,1771685200064000,0,1771685200068000,0,-552.69336,12.354284,-0.055419922,-0.010769198,12.367168,9.93394e-06,-1.4271443e-06,0,0,0,1
1771685200268000,1771685200116000,0,1771685200116000,0,-552.722,12.354216,-0.026489258,-0.012250073,12.367072,2.269513e-06,-1.5064979e-06,0,0,0,1
1771685200324000,1771685200168000,0,1771685200172000,0,-552.6894,12.354284,-0.05883789,-0.016638782,12.367168,1.1197058e-05,-2.4193769e-06,0,0,0,1
1771685200372000,1771685200220000,0,1771685200220000,0,-552.7462,12.354216,-0.0013427734,-0.015197854,12.367072,5.831746e-09,-2.1920139e-06,0,0,0,1
1771685200428000,1771685200272000,0,1771685200276000,0,-552.765,12.354284,0.017944336,-0.012075763,12.367168,1.0414647e-06,-1.8874108e-06,0,0,0,1
1771685200476000,1771685200324000,0,1771685200324000,0,-552.72253,12.354216,-0.023803711,-0.01318057,12.367072,1.8326623e-06,-1.8822533e-06,0,0,0,1
1771685200532000,1771685200376000,0,1771685200380000,0,-552.7463,12.354284,0.0004272461,-0.011898674,12.367168,5.9039945e-10,-1.704884e-06,0,0,0,1
1771685200580000,1771685200428000,0,1771685200428000,0,-552.7604,12.354216,0.014892578,-0.009374861,12.367071,7.17353e-07,-1.4767022e-06,0,0,0,1
1771685200636000,1771685200480000,0,1771685200484000,0,-552.76495,12.354284,0.019958496,-0.0066115735,12.367168,1.288384e-06,-1.216223e-06,0,0,0,1
1771685200684000,1771685200532000,0,1771685200532000,0,-552.7554,12.354216,0.010803223,-0.004971049,12.367071,3.7748507e-07,-1.066091e-06,0,0,0,1
1771685200740000,1771685200584000,0,1771685200588000,0,-552.71295,12.354284,-0.03137207,-0.007458102,12.367168,3.1832892e-06,-1.2655373e-06,0,0,0,1
1771685200788000,1771685200636000,0,1771685200636000,0,-552.72736,12.354216,-0.016784668,-0.008336691,12.367071,9.112103e-07,-1.2321586e-06,0,0,0,1
1771685200844000,1771685200688000,0,1771685200692000,0,-552.7369,12.354284,-0.007385254,-0.008247063,12.367168,1.7640895e-07,-1.1327039e-06,0,0,0,1
1771685200892000,1771685200740000,0,1771685200740000,0,-552.75104,12.354216,0.0064697266,-0.006860698,12.367071,1.3538326e-07,-1.0132464e-06,0,0,0,1
1771685200948000,1771685200792000,0,1771685200796000,0,-552.7697,12.354284,0.024841309,-0.0038742768,12.367168,1.9958995e-06,-7.2977616e-07,0,0,0,1
1771685200996000,1771685200844000,0,1771685200844000,0,-552.76953,12.354216,0.024353027,-0.0012151827,12.367071,1.9182228e-06,-4.80327e-07,0,0,0,1
1771685201052000,1771685200896000,0,1771685200900000,0,-552.6989,12.354284,-0.046447754,-0.0054762224,12.367168,6.9778102e-06,-1.0924089e-06,0,0,0,1
1771685201100000,1771685200948000,0,1771685200948000,0,-552.7181,12.354216,-0.02746582,-0.0075477064,12.367071,2.439935e-06,-1.2193498e-06,0,0,0,1
1771685201156000,1771685201000000,0,1771685201004000,0,-552.7324,12.354284,-0.013061523,-0.008067124,12.367168,5.517945e-07,-1.1564641e-06,0,0,0,1
1771685201204000,1771685201052000,0,1771685201052000,0,-552.7419,12.354216,-0.003479004,-0.0076349094,12.367071,3.91474e-08,-1.0512097e-06,0,0,0,1
1771685201260000,1771685201104000,0,1771685201108000,0,-552.73254,12.354284,-0.012878418,-0.008128863,12.367168,5.364321e-07,-1.0027161e-06,0,0,0,1
1771685201308000,1771685201156000,0,1771685201156000,0,-552.7984,12.354216,0.052856445,-0.0023838696,12.367071,9.036266e-06,-5.7014745e-08,0,0,0,1
1771685201364000,1771685201208000,0,1771685201212000,0,-552.7651,12.354284,0.019226074,-0.00034815003,12.367168,1.1955589e-06,6.098133e-08,0,0,0,1
1771685201412000,1771685201260000,0,1771685201260000,0,-552.75085,12.354216,0.005004883,0.00015612121,12.367071,8.1017895e-08,6.286883e-08,0,0,0,1
1771685201468000,1771685201312000,0,1771685201316000,0,-552.67096,12.354284,-0.07489014,-0.0069134543,12.367168,1.814007e-05,-1.651901e-06,0,0,0,1
1771685201516000,1771685201364000,0,1771685201364000,0,-552.7373,12.354216,-0.008239746,-0.007038395,12.367071,2.1959416e-07,-1.5169735e-06,0,0,0,1
1771685201572000,1771685201416000,0,1771685201420000,0,-552.74677,12.354284,0.0012207031,-0.006260364,12.367168,4.8195874e-09,-1.3736162e-06,0,0,0,1
1771685201620000,1771685201468000,0,1771685201468000,0,-552.73737,12.354216,-0.008239746,-0.006446827,12.367071,2.1959416e-07,-1.264904e-06,0,0,0,1
1771685201676000,1771685201520000,0,1771685201524000,0,-552.7609,12.354284,0.015380859,-0.0043905955,12.367168,7.6515767e-07,-1.0736662e-06,0,0,0,1
1771685201724000,1771685201572000,0,1771685201572000,0,-552.63873,12.354216,-0.10644531,-0.014004447,12.367071,3.6647656e-05,-4.4248395e-06,0,0,0,1
1771685201780000,1771685201624000,0,1771685201628000,0,-552.7617,12.354284,0.016906738,-0.011092523,12.367168,9.245053e-07,-3.920916e-06,0,0,0,1
1771685201828000,1771685201676000,0,1771685201676000,0,-552.70526,12.354216,-0.03894043,-0.013715876,12.367071,4.9044984e-06,-4.013572e-06,0,0,0,1
1771685201884000,1771685201728000,0,1771685201732000,0,-552.7337,12.354284,-0.010253906,-0.0133897485,12.367168,3.4007007e-07,-3.6675174e-06,0,0,0,1
1771685201932000,1771685201780000,0,1771685201780000,0,-552.73376,12.354216,-0.010314941,-0.013100093,12.367071,3.4413327e-07,-3.354445e-06,0,0,0,1
1771685201988000,1771685201832000,0,1771685201836000,0,-552.7761,12.354284,0.032043457,-0.00884744,12.367168,3.3209967e-06,-2.725599e-06,0,0,0,1
1771685202036000,1771685201884000,0,1771685201884000,0,-552.7852,12.354216,0.041625977,-0.0040926975,12.367071,5.6043077e-06,-1.9408976e-06,0,0,0,1
1771685202092000,1771685201936000,0,1771685201940000,0,-552.7286,12.354284,-0.015014648,-0.005121577,12.367168,7.291554e-07,-1.826748e-06,0,0,0,1
1771685202140000,1771685201988000,0,1771685201988000,0,-552.7287,12.354216,-0.014831543,-0.006036284,12.367071,7.114851e-07,-1.721687e-06,0,0,0,1
1771685202196000,1771685202040000,0,1771685202044000,0,-552.78516,12.354284,0.041748047,-0.001534861,12.367168,5.637182e-06,-1.0284601e-06,0,0,0,1
1771685202244000,1771685202092000,0,1771685202092000,0,-552.71436,12.354216,-0.0289917,-0.0041213753,12.367071,2.7185697e-06,-1.1876733e-06,0,0,0,1
1771685202300000,1771685202144000,0,1771685202148000,0,-552.7146,12.354284,-0.028869629,-0.0064527327,12.367168,2.6957036e-06,-1.3297341e-06,0,0,0,1
1771685202348000,1771685202196000,0,1771685202196000,0,-552.71954,12.354216,-0.024108887,-0.008115994,12.367071,1.8799549e-06,-1.3815666e-06,0,0,0,1
1771685202404000,1771685202248000,0,1771685202252000,0,-552.77606,12.354284,0.032104492,-0.004327107,12.367168,3.3336603e-06,-9.3737845e-07,0,0,0,1
1771685202452000,1771685202300000,0,1771685202300000,0,-552.7758,12.354216,0.03161621,-0.0009411422,12.367071,3.2330524e-06,-5.4451175e-07,0,0,0,1
1771685202508000,1771685202352000,0,1771685202356000,0,-552.75214,12.354284,0.0075683594,-0.00013952242,12.367168,1.8526494e-07,-4.7576466e-07,0,0,0,1
1771685202556000,1771685202404000,0,1771685202404000,0,-552.7333,12.354216,-0.011230469,-0.0011843217,12.367071,4.0793304e-07,-4.6937473e-07,0,0,0,1
1771685202612000,1771685202456000,0,1771685202460000,0,-552.785,12.354284,0.040283203,0.0027220396,12.367168,5.2485307e-06,6.9268566e-08,0,0,0,1
1771685202660000,1771685202508000,0,1771685202508000,0,-552.76117,12.354216,0.016235352,0.003995033,12.367071,8.5254345e-07,1.4305533e-07,0,0,0,1
1771685202716000,1771685202560000,0,1771685202564000,0,-552.74225,12.354284,-0.0029907227,0.0033369544,12.367168,2.8929572e-08,1.2685385e-07,0,0,0,1
1771685202764000,1771685202612000,0,1771685202612000,0,-552.7423,12.354216,-0.0029296875,0.0027466186,12.367071,2.776104e-08,1.12288674e-07,0,0,0,1
1771685202820000,1771685202664000,0,1771685202668000,0,-552.79865,12.354284,0.053222656,0.0075016078,12.367168,9.161842e-06,9.647829e-07,0,0,0,1
1771685202868000,1771685202716000,0,1771685202716000,0,-552.7841,12.354216,0.038146973,0.01038849,12.367071,4.7066646e-06,1.317279e-06,0,0,0,1
1771685202924000,1771685202768000,0,1771685202772000,0,-552.765,12.354284,0.018554688,0.01115777,12.367168,1.1135174e-06,1.2980842e-06,0,0,0,1
1771685202972000,1771685202820000,0,1771685202820000,0,-552.7555,12.354216,0.008483887,0.010905882,12.367071,2.3279993e-07,1.1977313e-06,0,0,0,1
1771685203028000,1771685202872000,0,1771685202876000,0,-552.80707,12.354284,0.059387207,0.015472963,12.367168,1.1407107e-05,2.1594842e-06,0,0,0,1
1771685203076000,1771685202924000,0,1771685202924000,0,-552.75964,12.354216,0.011413574,0.015090557,12.367071,4.2134366e-07,1.9957463e-06,0,0,0,1
1771685203132000,1771685202976000,0,1771685202980000,0,-552.77826,12.354284,0.02960205,0.016457582,12.367168,2.8342185e-06,2.0747327e-06,0,0,0,1
1771685203180000,1771685203028000,0,1771685203028000,0,-552.778,12.354216,0.029174805,0.017655581,12.367071,2.753018e-06,2.138629e-06,0,0,0,1
1771685203236000,1771685203080000,0,1771685203084000,0,-552.75903,12.354284,0.0099487305,0.016929574,12.367168,3.2012903e-07,1.9673212e-06,0,0,0,1
1771685203284000,1771685203132000,0,1771685203132000,0,-552.7448,12.354216,-0.0045776367,0.014903532,12.367071,6.777597e-08,1.7756091e-06,0,0,0,1
1771685203340000,1771685203184000,0,1771685203188000,0,-552.7543,12.354284,0.0044555664,0.013919303,12.367168,6.420895e-08,1.6143903e-06,0,0,0,1
1771685203388000,1771685203236000,0,1771685203236000,0,-552.7401,12.354216,-0.010009766,0.011665115,12.367071,3.2407158e-07,1.4317816e-06,0,0,0,1
1771685203444000,1771685203288000,0,1771685203292000,0,-552.75903,12.354284,0.008666992,0.011382683,12.367168,2.429554e-07,1.3197907e-06,0,0,0,1
1771685203492000,1771685203340000,0,1771685203340000,0,-552.7355,12.354216,-0.014892578,0.008907477,12.367071,7.17353e-07,1.1278859e-06,0,0,0,1
1771685203548000,1771685203392000,0,1771685203396000,0,-552.79663,12.354284,0.046020508,0.0124036325,12.367168,6.8500312e-06,1.6669286e-06,0,0,0,1
1771685203596000,1771685203444000,0,1771685203444000,0,-552.75867,12.354216,0.007751465,0.011965385,12.367071,1.9433932e-07,1.5282064e-06,0,0,0,1
1771685203652000,1771685203496000,0,1771685203500000,0,-552.6976,12.354284,-0.05340576,0.0058072326,12.367168,9.224991e-06,5.15224e-07,0,0,0,1
1771685203700000,1771685203548000,0,1771685203548000,0,-552.7403,12.354216,-0.010498047,0.004271228,12.367071,3.5645945e-07,4.3310885e-07,0,0,0,1
1771685203756000,1771685203600000,0,1771685203604000,0,-552.72156,12.354284,-0.029541016,0.0010860162,12.367168,2.8225431e-06,1.2641698e-07,0,0,0,1
1771685203804000,1771685203652000,0,1771685203652000,0,-552.76874,12.354216,0.01763916,0.0026453706,12.367071,1.0063497e-06,2.093092e-07,0,0,0,1
1771685203860000,1771685203704000,0,1771685203708000,0,-552.68414,12.354284,-0.06713867,-0.0039284895,12.367168,1.4579251e-05,-1.1838162e-06,0,0,0,1
1771685203908000,1771685203756000,0,1771685203756000,0,-552.741,12.354216,-0.010437012,-0.0045416113,12.367071,3.5232662e-07,-1.1054874e-06,0,0,0,1
1771685203964000,1771685203808000,0,1771685203812000,0,-552.727,12.354284,-0.024841309,-0.0064539015,12.367168,1.9958995e-06,-1.1893668e-06,0,0,0,1
1771685204012000,1771685203860000,0,1771685203860000,0,-552.75543,12.354216,0.0036621094,-0.005500944,12.367071,4.3376623e-08,-1.0732388e-06,0,0,0,1
1771685204068000,1771685203912000,0,1771685203916000,0,-552.7648,12.354284,0.013061523,-0.0037523054,12.367168,5.517945e-07,-9.201559e-07,0,0,0,1
1771685204116000,1771685203964000,0,1771685203964000,0,-552.7412,12.354216,-0.010681152,-0.004405023,12.367071,3.6900252e-07,-8.6823565e-07,0,0,0,1
1771685204172000,1771685204016000,0,1771685204020000,0,-552.7507,12.354284,-0.0013427734,-0.00411655,12.367168,5.8317005e-09,-7.869947e-07,0,0,0,1
1771685204220000,1771685204068000,0,1771685204068000,0,-552.746,12.354216,-0.0057373047,-0.0042692297,12.367071,1.06465514e-07,-7.2288685e-07,0,0,0,1
1771685204276000,1771685204120000,0,1771685204124000,0,-552.76013,12.354284,0.008483887,-0.0030678492,12.367168,2.3279812e-07,-6.3285853e-07,0,0,0,1
1771685204324000,1771685204172000,0,1771685204172000,0,-552.7413,12.354216,-0.010314941,-0.0037505464,12.367071,3.4413327e-07,-6.0565975e-07,0,0,0,1
1771685204380000,1771685204224000,0,1771685204228000,0,-552.72253,12.354284,-0.028869629,-0.0061168373,12.367168,2.6957036e-06,-8.0254796e-07,0,0,0,1
1771685204428000,1771685204276000,0,1771685204276000,0,-552.7228,12.354216,-0.028320312,-0.0082084695,12.367071,2.594115e-06,-9.713187e-07,0,0,0,1
1771685204484000,1771685204328000,0,1771685204332000,0,-552.80756,12.354284,0.05657959,-0.0021052463,12.367168,1.0354028e-05,9.5561745e-08,0,0,0,1
1771685204532000,1771685204380000,0,1771685204380000,0,-552.7742,12.354216,0.02331543,0.0002894553,12.367071,1.7582473e-06,2.5219157e-07,0,0,0,1
1771685204588000,1771685204432000,0,1771685204436000,0,-552.75055,12.354284,-0.00012207031,0.00025068838,12.367168,4.819587e-11,2.2842985e-07,0,0,0,1
1771685204636000,1771685204484000,0,1771685204484000,0,-552.7036,12.354216,-0.04711914,-0.0042116875,12.367071,7.181048e-06,-4.6956453e-07,0,0,0,1
1771685204692000,1771685204536000,0,1771685204540000,0,-552.7651,12.354284,0.014282227,-0.002469507,12.367168,6.597533e-07,-3.631795e-07,0,0,0,1
1771685204740000,1771685204588000,0,1771685204588000,0,-552.73676,12.354216,-0.014038086,-0.0035593007,12.367071,6.373954e-07,-3.8901143e-07,0,0,0,1
1771685204796000,1771685204640000,0,1771685204644000,0,-552.7697,12.354284,0.01928711,-0.0014071024,12.367168,1.2031618e-06,-2.3902408e-07,0,0,0,1
1771685204844000,1771685204692000,0,1771685204692000,0,-552.7226,12.354216,-0.027893066,-0.0039021573,12.367071,2.5164345e-06,-4.5356276e-07,0,0,0,1
1771685204900000,1771685204744000,0,1771685204748000,0,-552.76044,12.354284,0.010253906,-0.002568615,12.367168,3.4007007e-07,-3.7880025e-07,0,0,0,1
1771685204948000,1771685204796000,0,1771685204796000,0,-552.7415,12.354216,-0.008300781,-0.0031086016,12.367071,2.2285946e-07,-3.6411018e-07,0,0,0,1
1771685205004000,1771685204848000,0,1771685204852000,0,-552.7745,12.354284,0.024841309,-0.00047563878,12.367168,1.9958995e-06,-1.4179042e-07,0,0,0,1
1771685205052000,1771685204900000,0,1771685204900000,0,-552.7367,12.354216,-0.012878418,-0.0016440166,12.367071,5.364363e-07,-1.7896721e-07,0,0,0,1
1771685205108000,1771685204952000,0,1771685204956000,0,-552.7133,12.354284,-0.036132812,-0.0048929616,12.367168,4.2227293e-06,-5.5990137e-07,0,0,0,1
1771685205156000,1771685205004000,0,1771685205004000,0,-552.6949,12.354216,-0.054504395,-0.009566503,12.367071,9.608512e-06,-1.4123068e-06,0,0,0,1
1771685205212000,1771685205056000,0,1771685205060000,0,-552.74695,12.354284,-0.0025024414,-0.0089010475,12.367168,2.0254316e-08,-1.2811714e-06,0,0,0,1
1771685205260000,1771685205108000,0,1771685205108000,0,-552.78925,12.354216,0.039855957,-0.004307996,12.367071,5.1378283e-06,-6.7648295e-07,0,0,0,1
1771685205316000,1771685205160000,0,1771685205164000,0,-552.8171,12.354284,0.06726074,0.0024339869,12.367168,1.46323155e-05,7.656504e-07,0,0,0,1
1771685205364000,1771685205212000,0,1771685205212000,0,-552.8071,12.354216,0.05718994,0.007592157,12.367071,1.0578703e-05,1.6900685e-06,0,0,0,1
1771685205420000,1771685205264000,0,1771685205268000,0,-552.7409,12.354284,-0.009277344,0.006003001,12.367168,2.7837936e-07,1.5046351e-06,0,0,0,1
1771685205468000,1771685205316000,0,1771685205316000,0,-552.75507,12.354216,0.004699707,0.005880227,12.367071,7.143889e-08,1.3696238e-06,0,0,0,1
1771685205524000,1771685205368000,0,1771685205372000,0,-552.7973,12.354284,0.046203613,0.009678807,12.367168,6.904649e-06,1.8910392e-06,0,0,0,1
1771685205572000,1771685205420000,0,1771685205420000,0,-552.74524,12.354216,-0.006286621,0.008174817,12.367071,1.278285e-07,1.700856e-06,0,0,0,1
1771685205628000,1771685205472000,0,1771685205476000,0,-552.77344,12.354284,0.021606445,0.009440116,12.367168,1.5099284e-06,1.6828701e-06,0,0,0,1
1771685205676000,1771685205524000,0,1771685205524000,0,-552.80615,12.354216,0.053955078,0.013633555,12.367071,9.415812e-06,2.4113358e-06,0,0,0,1
1771685205732000,1771685205576000,0,1771685205580000,0,-552.7775,12.354284,0.024841309,0.014689358,12.367168,1.9958995e-06,2.3722005e-06,0,0,0,1
1771685205780000,1771685205628000,0,1771685205628000,0,-552.75385,12.354216,0.00079345703,0.013380324,12.367071,2.0362916e-09,2.148924e-06,0,0,0,1
1771685205836000,1771685205680000,0,1771685205684000,0,-552.8243,12.354284,0.0703125,0.0187435,12.367168,1.5990234e-05,3.4528157e-06,0,0,0,1
1771685205884000,1771685205732000,0,1771685205732000,0,-552.73444,12.354216,-0.020141602,0.015080411,12.367071,1.3121429e-06,3.0039428e-06,0,0,0,1
1771685205940000,1771685205784000,0,1771685205788000,0,-552.7346,12.354284,-0.020629883,0.0117163975,12.367168,1.3765223e-06,2.5912902e-06,0,0,0,1
1771685205988000,1771685205836000,0,1771685205836000,0,-552.78644,12.354216,0.030822754,0.0135162715,12.367071,3.072812e-06,2.636651e-06,0,0,0,1
1771685206044000,1771685205888000,0,1771685205892000,0,-552.7862,12.354284,0.029968262,0.015066097,12.367168,2.9047774e-06,2.6619093e-06,0,0,0,1
1771685206092000,1771685205940000,0,1771685205940000,0,-552.739,12.354216,-0.017456055,0.012002416,12.367071,9.855651e-07,2.3183065e-06,0,0,0,1
1771685206148000,1771685205992000,0,1771685205996000,0,-552.72034,12.354284,-0.036499023,0.0074334396,12.367168,4.3087593e-06,1.6940177e-06,0,0,0,1
1771685206196000,1771685206044000,0,1771685206044000,0,-552.7723,12.354216,0.015258789,0.00817061,12.367071,7.530664e-07,1.6053773e-06,0,0,0,1
1771685206252000,1771685206096000,0,1771685206100000,0,-552.82385,12.354284,0.06695557,0.013708323,12.367168,1.4499837e-05,2.820073e-06,0,0,0,1
1771685206300000,1771685206148000,0,1771685206148000,0,-552.7388,12.354216,-0.018066406,0.010715052,12.367071,1.0556906e-06,2.4549647e-06,0,0,0,1
1771685206356000,1771685206200000,0,1771685206204000,0,-552.7295,12.354284,-0.027526855,0.0071125524,12.367168,2.4507722e-06,1.99283e-06,0,0,0,1
1771685206404000,1771685206252000,0,1771685206252000,0,-552.7908,12.354216,0.03375244,0.009622107,12.367071,3.6847116e-06,2.15221e-06,0,0,0,1
1771685206460000,1771685206304000,0,1771685206308000,0,-552.7435,12.354284,-0.013427734,0.0074507454,12.367168,5.8317005e-07,1.8945293e-06,0,0,0,1
1771685206508000,1771685206356000,0,1771685206356000,0,-552.74365,12.354216,-0.013000488,0.00552418,12.367071,5.466539e-07,1.6645628e-06,0,0,0,1
1771685206564000,1771685206408000,0,1771685206412000,0,-552.7719,12.354284,0.015075684,0.0064239595,12.367168,7.350955e-07,1.5770042e-06,0,0,0,1
1771685206612000,1771685206460000,0,1771685206460000,0,-552.7859,12.354216,0.028869629,0.008538406,12.367071,2.6957246e-06,1.6823909e-06,0,0,0,1
1771685206668000,1771685206512000,0,1771685206516000,0,-552.7481,12.354284,-0.009399414,0.0068486114,12.367168,2.8575332e-07,1.496986e-06,0,0,0,1
1771685206716000,1771685206564000,0,1771685206564000,0,-552.7341,12.354216,-0.02368164,0.003972573,12.367071,1.813914e-06,1.1850896e-06,0,0,0,1
1771685206772000,1771685206616000,0,1771685206620000,0,-552.7484,12.354284,-0.009338379,0.0027186428,12.367168,2.820543e-07,1.0468804e-06,0,0,0,1
1771685206820000,1771685206668000,0,1771685206668000,0,-552.7766,12.354216,0.018798828,0.004233443,12.367071,1.1430222e-06,1.0559372e-06,0,0,0,1
1771685206876000,1771685206720000,0,1771685206724000,0,-552.767,12.354284,0.009216309,0.0047028437,12.367168,2.7472854e-07,9.823451e-07,0,0,0,1
1771685206924000,1771685206772000,0,1771685206772000,0,-552.76697,12.354216,0.009399414,0.005145274,12.367071,2.8575556e-07,9.1672433e-07,0,0,0,1
1771685206980000,1771685206824000,0,1771685206828000,0,-552.781,12.354284,0.023376465,0.006862705,12.367168,1.7674511e-06,9.968653e-07,0,0,0,1
1771685207028000,1771685206876000,0,1771685206876000,0,-552.81836,12.354216,0.06060791,0.01192566,12.367071,1.1880966e-05,2.0221792e-06,0,0,0,1
1771685207084000,1771685206928000,0,1771685206932000,0,-552.7756,12.354284,0.01739502,0.01244089,12.367168,9.786775e-07,1.9238782e-06,0,0,0,1
1771685207132000,1771685206980000,0,1771685206980000,0,-552.7614,12.354216,0.0030517578,0.0115564065,12.367071,3.0122656e-08,1.745481e-06,0,0,0,1
1771685207188000,1771685207032000,0,1771685207036000,0,-552.7707,12.354284,0.012207031,0.011617697,12.367168,4.8195875e-07,1.6264535e-06,0,0,0,1
1771685207236000,1771685207084000,0,1771685207084000,0,-552.7847,12.354216,0.026123047,0.012984143,12.367071,2.2071954e-06,1.681161e-06,0,0,0,1
1771685207292000,1771685207136000,0,1771685207140000,0,-552.7939,12.354284,0.03479004,0.015038322,12.367168,3.91471e-06,1.8915679e-06,0,0,0,1
1771685207340000,1771685207188000,0,1771685207188000,0,-552.75134,12.354216,-0.00793457,0.012874208,12.367071,2.0362914e-07,1.6941942e-06,0,0,0,1
1771685207396000,1771685207240000,0,1771685207244000,0,-552.7514,12.354284,-0.0079956055,0.010908212,12.367168,2.0677234e-07,1.5151177e-06,0,0,0,1
1771685207444000,1771685207292000,0,1771685207292000,0,-552.75146,12.354216,-0.007873535,0.009138917,12.367071,2.0050844e-07,1.3535007e-06,0,0,0,1
1771685207500000,1771685207344000,0,1771685207348000,0,-552.80316,12.354284,0.043884277,0.01241203,12.367168,6.2288464e-06,1.8127724e-06,0,0,0,1
1771685207548000,1771685207396000,0,1771685207396000,0,-552.7934,12.354216,0.034179688,0.014462607,12.367071,3.7785858e-06,1.9979577e-06,0,0,0,1
1771685207604000,1771685207448000,0,1771685207452000,0,-552.7415,12.354284,-0.018066406,0.01139828,12.367168,1.0556823e-06,1.7102959e-06,0,0,0,1
1771685207652000,1771685207500000,0,1771685207500000,0,-552.7698,12.354216,0.0095825195,0.011227231,12.367071,2.9699734e-07,1.5771591e-06,0,0,0,1
1771685207708000,1771685207552000,0,1771685207556000,0,-552.7838,12.354284,0.022888184,0.012325726,12.367168,1.6943861e-06,1.5882022e-06,0,0,0,1
1771685207756000,1771685207604000,0,1771685207604000,0,-552.7508,12.354216,-0.010375977,0.01018716,12.367071,3.482179e-07,1.4057857e-06,0,0,0,1
1771685207812000,1771685207656000,0,1771685207660000,0,-552.779,12.354284,0.017456055,0.010871911,12.367168,9.855573e-07,1.366199e-06,0,0,0,1
1771685207860000,1771685207708000,0,1771685207708000,0,-552.72723,12.354216,-0.03466797,0.0065819225,12.367071,3.887317e-06,8.713025e-07,0,0,0,1
1771685207916000,1771685207760000,0,1771685207764000,0,-552.7651,12.354284,0.0030517578,0.006249371,12.367168,3.0122422e-08,7.920609e-07,0,0,0,1
1771685207964000,1771685207812000,0,1771685207812000,0,-552.69464,12.354216,-0.06738281,-0.0006869943,12.367071,1.468559e-05,-6.659788e-07,0,0,0,1
1771685208020000,1771685207864000,0,1771685207868000,0,-552.728,12.354284,-0.033935547,-0.0038191045,12.367168,3.7247698e-06,-9.541258e-07,0,0,0,1
1771685208068000,1771685207916000,0,1771685207916000,0,-552.75653,12.354216,-0.005065918,-0.003936558,12.367071,8.3005986e-08,-8.7206377e-07,0,0,0,1
1771685208124000,1771685207968000,0,1771685207972000,0,-552.78,12.354284,0.018676758,-0.0018063178,12.367168,1.1282171e-06,-6.8363147e-07,0,0,0,1
1771685208172000,1771685208020000,0,1771685208020000,0,-552.7376,12.354216,-0.02368164,-0.0038670367,12.367071,1.813914e-06,-7.901074e-07,0,0,0,1
1771685208228000,1771685208072000,0,1771685208076000,0,-552.7237,12.354284,-0.037231445,-0.007010061,12.367168,4.483421e-06,-1.1380282e-06,0,0,0,1
1771685208276000,1771685208124000,0,1771685208124000,0,-552.73816,12.354216,-0.022399902,-0.008459829,12.367071,1.6228761e-06,-1.1837022e-06,0,0,0,1
1771685208332000,1771685208176000,0,1771685208180000,0,-552.73364,12.354284,-0.026733398,-0.010181252,12.367168,2.3115222e-06,-1.2899461e-06,0,0,0,1
1771685208380000,1771685208228000,0,1771685208228000,0,-552.7291,12.354216,-0.031311035,-0.012171739,12.367071,3.1709396e-06,-1.4671411e-06,0,0,0,1
1771685208436000,1771685208280000,0,1771685208284000,0,-552.72003,12.354284,-0.04034424,-0.01482567,12.367168,5.2644473e-06,-1.8248584e-06,0,0,0,1
1771685208484000,1771685208332000,0,1771685208332000,0,-552.74854,12.354216,-0.011169434,-0.014481242,12.367071,4.0351105e-07,-1.6909634e-06,0,0,0,1
1771685208540000,1771685208384000,0,1771685208388000,0,-552.805,12.354284,0.046020508,-0.008781801,12.367168,6.8500312e-06,-8.863768e-07,0,0,0,1
1771685208588000,1771685208436000,0,1771685208436000,0,-552.7529,12.354216,-0.0056762695,-0.008489251,12.367071,1.0421234e-07,-8.126947e-07,0,0,0,1
1771685208644000,1771685208488000,0,1771685208492000,0,-552.7624,12.354284,0.0034179688,-0.0073675564,12.367168,3.7785565e-08,-7.3257695e-07,0,0,0,1
1771685208692000,1771685208540000,0,1771685208540000,0,-552.7764,12.354216,0.01727295,-0.005046349,12.367071,9.649973e-07,-5.726605e-07,0,0,0,1
1771685208748000,1771685208592000,0,1771685208596000,0,-552.7622,12.354284,0.0028686523,-0.004300733,12.367168,2.661617e-08,-5.162069e-07,0,0,0,1
1771685208796000,1771685208644000,0,1771685208644000,0,-552.77155,12.354216,0.012451172,-0.002722655,12.367071,5.0143376e-07,-4.203422e-07,0,0,0,1
1771685208852000,1771685208696000,0,1771685208700000,0,-552.7902,12.354284,0.03137207,0.00048916717,12.367168,3.1832892e-06,-8.0869654e-08,0,0,0,1
1771685208900000,1771685208748000,0,1771685208748000,0,-552.8229,12.354216,0.064208984,0.006491759,12.367071,1.3334745e-05,1.1829202e-06,0,0,0,1
1771685208956000,1771685208800000,0,1771685208804000,0,-552.7613,12.354284,0.0024414062,0.006110204,12.367168,1.927835e-08,1.0733017e-06,0,0,0,1
1771685209004000,1771685208852000,0,1771685208852000,0,-552.7613,12.354216,0.001953125,0.005718595,12.367071,1.233824e-08,9.733559e-07,0,0,0,1
1771685209060000,1771685208904000,0,1771685208908000,0,-552.75653,12.354284,-0.0029907227,0.004898152,12.367168,2.8929572e-08,8.7893767e-07,0,0,0,1
1771685209108000,1771685208956000,0,1771685208956000,0,-552.7425,12.354216,-0.017150879,0.0028210692,12.367071,9.51406e-07,7.0651396e-07,0,0,0,1
1771685209164000,1771685209008000,0,1771685209012000,0,-552.77075,12.354284,0.011047363,0.0035960102,12.367168,3.9473625e-07,6.771436e-07,0,0,0,1
1771685209212000,1771685209060000,0,1771685209060000,0,-552.7754,12.354216,0.01550293,0.004717677,12.367071,7.773573e-07,6.8658403e-07,0,0,0,1
1771685209268000,1771685209112000,0,1771685209116000,0,-552.77527,12.354284,0.015136719,0.005699181,12.367168,7.4105975e-07,6.917158e-07,0,0,0,1
1771685209316000,1771685209164000,0,1771685209164000,0,-552.7939,12.354216,0.033447266,0.0083131315,12.367071,3.6183815e-06,9.674162e-07,0,0,0,1
1771685209372000,1771685209216000,0,1771685209220000,0,-552.7514,12.354284,-0.009521484,0.006633059,12.367168,2.9322368e-07,8.4866025e-07,0,0,0,1
1771685209420000,1771685209268000,0,1771685209268000,0,-552.75616,12.354216,-0.0052490234,0.0055137323,12.367071,8.911486e-08,7.603191e-07,0,0,0,1
1771685209476000,1771685209320000,0,1771685209324000,0,-552.7562,12.354284,-0.005554199,0.004471101,12.367168,9.97775e-08,6.792955e-07,0,0,0,1
1771685209524000,1771685209372000,0,1771685209372000,0,-552.761,12.354216,-0.0007324219,0.003980914,12.367071,1.735065e-09,6.1514044e-07,0,0,0,1
1771685209580000,1771685209424000,0,1771685209428000,0,-552.8032,12.354284,0.041809082,0.0075444374,12.367168,5.653677e-06,1.0897852e-06,0,0,0,1
1771685209628000,1771685209476000,0,1771685209476000,0,-552.7559,12.354216,-0.0053100586,0.0063335067,12.367071,9.1199354e-08,9.785331e-07,0,0,0,1
1771685209684000,1771685209528000,0,1771685209532000,0,-552.7278,12.354284,-0.03326416,0.0026032913,12.367168,3.5788448e-06,5.4921486e-07,0,0,0,1
1771685209732000,1771685209580000,0,1771685209580000,0,-552.7421,12.354216,-0.018676758,0.0005986488,12.367071,1.128226e-06,3.9119504e-07,0,0,0,1
1771685209788000,1771685209632000,0,1771685209636000,0,-552.747,12.354284,-0.0134887695,-0.00072842697,12.367168,5.8848366e-07,2.9890646e-07,0,0,0,1
1771685209836000,1771685209684000,0,1771685209684000,0,-552.7002,12.354216,-0.059753418,-0.0062887524,12.367071,1.1548315e-05,-8.171362e-07,0,0,0,1
1771685209892000,1771685209736000,0,1771685209740000,0,-552.7617,12.354284,0.002319336,-0.0054778457,12.367168,1.739871e-08,-7.385206e-07,0,0,0,1
1771685209940000,1771685209788000,0,1771685209788000,0,-552.7523,12.354216,-0.0067749023,-0.0056000324,12.367071,1.484565e-07,-6.8293485e-07,0,0,0,1
1771685209996000,1771685209840000,0,1771685209844000,0,-552.7571,12.354284,-0.0017700195,-0.005239234,12.367168,1.0133182e-08,-6.1955495e-07,0,0,0,1
1771685210044000,1771685209892000,0,1771685209892000,0,-552.7524,12.354216,-0.006164551,-0.0053264014,12.367071,1.2291248e-07,-5.727698e-07,0,0,0,1
1771685210100000,1771685209944000,0,1771685209948000,0,-552.72424,12.354284,-0.034057617,-0.0080329655,12.367168,3.751615e-06,-8.722262e-07,0,0,0,1
1771685210148000,1771685209996000,0,1771685209996000,0,-552.7621,12.354216,0.003967285,-0.006902507,12.367071,5.0907285e-08,-7.852644e-07,0,0,0,1
1771685210204000,1771685210048000,0,1771685210052000,0,-552.7339,12.354284,-0.023986816,-0.008511899,12.367168,1.8609511e-06,-8.865972e-07,0,0,0,1
1771685210252000,1771685210100000,0,1771685210100000,0,-552.7106,12.354216,-0.04699707,-0.012137314,12.367071,7.143889e-06,-1.4760523e-06,0,0,0,1
1771685210308000,1771685210152000,0,1771685210156000,0,-552.7298,12.354284,-0.027282715,-0.013564055,12.367168,2.4074923e-06,-1.5637966e-06,0,0,0,1
1771685210356000,1771685210204000,0,1771685210204000,0,-552.7535,12.354216,-0.003479004,-0.012614014,12.367071,3.91474e-08,-1.4201702e-06,0,0,0,1
1771685210412000,1771685210256000,0,1771685210260000,0,-552.76294,12.354284,0.0056152344,-0.010896766,12.367168,1.01982465e-07,-1.276779e-06,0,0,0,1
1771685210460000,1771685210308000,0,1771685210308000,0,-552.7394,12.354216,-0.018066406,-0.011572166,12.367071,1.0556906e-06,-1.2559518e-06,0,0,0,1
1771685210516000,1771685210360000,0,1771685210364000,0,-552.71136,12.354284,-0.04663086,-0.014874797,12.367168,7.0329343e-06,-1.8001604e-06,0,0,0,1
1771685210564000,1771685210412000,0,1771685210412000,0,-552.7634,12.354216,0.0053710938,-0.012967575,12.367071,9.330794e-08,-1.6217901e-06,0,0,0,1
1771685210620000,1771685210464000,0,1771685210468000,0,-552.7868,12.354284,0.028869629,-0.00902639,12.367168,2.6957036e-06,-1.2150697e-06,0,0,0,1
1771685210668000,1771685210516000,0,1771685210516000,0,-552.79126,12.354216,0.03363037,-0.0050079986,12.367071,3.6581073e-06,-7.5600224e-07,0,0,0,1
1771685210724000,1771685210568000,0,1771685210572000,0,-552.7488,12.354284,-0.008666992,-0.005352686,12.367168,2.429554e-07,-7.0767175e-07,0,0,0,1
1771685210772000,1771685210620000,0,1771685210620000,0,-552.75824,12.354216,0.0012207031,-0.004733454,12.367071,4.8196247e-09,-6.4055297e-07,0,0,0,1
1771685210828000,1771685210672000,0,1771685210676000,0,-552.76294,12.354284,0.0060424805,-0.0037183296,12.367168,1.1809193e-07,-5.690864e-07,0,0,0,1
1771685210876000,1771685210724000,0,1771685210724000,0,-552.7769,12.354216,0.020019531,-0.001482154,12.367071,1.2962863e-06,-3.9336288e-07,0,0,0,1
1771685210932000,1771685210776000,0,1771685210780000,0,-552.79083,12.354284,0.033813477,0.001842797,12.367168,3.6980211e-06,-7.942589e-09,0,0,0,1
1771685210980000,1771685210828000,0,1771685210828000,0,-552.767,12.354216,0.009887695,0.0026006498,12.367071,3.162156e-07,2.2594055e-08,0,0,0,1
1771685211036000,1771685210880000,0,1771685210884000,0,-552.77167,12.354284,0.0146484375,0.0037355865,12.367168,6.9402057e-07,8.584438e-08,0,0,0,1
1771685211084000,1771685210932000,0,1771685210932000,0,-552.7528,12.354216,-0.0040893555,0.0029984543,12.367071,5.408824e-08,7.266232e-08,0,0,0,1
1771685211140000,1771685210984000,0,1771685210988000,0,-552.75757,12.354284,0.0004272461,0.002756239,12.367168,5.9039945e-10,6.587293e-08,0,0,0,1
1771685211188000,1771685211036000,0,1771685211036000,0,-552.8045,12.354216,0.047180176,0.006941103,12.367071,7.199664e-06,7.378968e-07,0,0,0,1
1771685211244000,1771685211088000,0,1771685211092000,0,-552.7712,12.354284,0.0138549805,0.0075924103,12.367168,6.208713e-07,7.2687266e-07,0,0,0,1
1771685211292000,1771685211140000,0,1771685211140000,0,-552.7429,12.354216,-0.014526367,0.005508757,12.367071,6.8250705e-07,5.94105e-07,0,0,0,1
1771685211348000,1771685211192000,0,1771685211196000,0,-552.7712,12.354284,0.01373291,0.0062834965,12.367168,6.09979e-07,5.956004e-07,0,0,0,1
1771685211396000,1771685211244000,0,1771685211244000,0,-552.78046,12.354216,0.023071289,0.007864956,12.367071,1.7216182e-06,7.0167454e-07,0,0,0,1
1771685211452000,1771685211296000,0,1771685211300000,0,-552.7005,12.354284,-0.05718994,0.0017365958,12.367168,1.057862e-05,-3.6096202e-07,0,0,0,1
1771685211500000,1771685211348000,0,1771685211348000,0,-552.78076,12.354216,0.023071289,0.003746386,12.367071,1.7216182e-06,-1.647769e-07,0,0,0,1
1771685211556000,1771685211400000,0,1771685211404000,0,-552.75244,12.354284,-0.005126953,0.0029104915,12.367168,8.501752e-08,-1.5726334e-07,0,0,0,1
1771685211604000,1771685211452000,0,1771685211452000,0,-552.78534,12.354216,0.028015137,0.005275422,12.367071,2.5385084e-06,9.668619e-08,0,0,0,1
1771685211660000,1771685211504000,0,1771685211508000,0,-552.7757,12.354284,0.018371582,0.0065091182,12.367168,1.0916485e-06,1.9041454e-07,0,0,0,1
1771685211708000,1771685211556000,0,1771685211556000,0,-552.7521,12.354216,-0.0052490234,0.005401467,12.367071,8.911486e-08,1.6408205e-07,0,0,0,1
1771685211764000,1771685211608000,0,1771685211612000,0,-552.75684,12.354284,-0.0007324219,0.0048236367,12.367168,1.7350514e-09,1.484616e-07,0,0,0,1
1771685211812000,1771685211660000,0,1771685211660000,0,-552.7709,12.354216,0.013244629,0.0056169187,12.367071,5.6737827e-07,1.8792477e-07,0,0,0,1
1771685211868000,1771685211712000,0,1771685211716000,0,-552.7285,12.354284,-0.0289917,0.0023566864,12.367168,2.7185483e-06,-8.587344e-08,0,0,0,1
1771685211916000,1771685211764000,0,1771685211764000,0,-552.70526,12.354216,-0.05206299,-0.0027698053,12.367071,8.767006e-06,-9.036613e-07,0,0,0,1
1771685211972000,1771685211816000,0,1771685211820000,0,-552.70105,12.354284,-0.056152344,-0.0077985954,12.367168,1.0198247e-05,-1.7792383e-06,0,0,0,1
1771685212020000,1771685211868000,0,1771685211868000,0,-552.7438,12.354216,-0.013305664,-0.008317377,12.367071,5.726196e-07,-1.6655714e-06,0,0,0,1
1771685212076000,1771685211920000,0,1771685211924000,0,-552.7533,12.354284,-0.0037231445,-0.007884587,12.367168,4.483421e-08,-1.5128933e-06,0,0,0,1
1771685212124000,1771685211972000,0,1771685211972000,0,-552.7533,12.354216,-0.0034179688,-0.007463819,12.367071,3.778586e-08,-1.3739339e-06,0,0,0,1
1771685212180000,1771685212024000,0,1771685212028000,0,-552.7909,12.354284,0.034362793,-0.0035236306,12.367168,3.8191492e-06,-8.8473035e-07,0,0,0,1
1771685212228000,1771685212076000,0,1771685212076000,0,-552.7812,12.354216,0.024658203,-0.0008688199,12.367071,1.9665997e-06,-6.161268e-07,0,0,0,1
1771685212284000,1771685212128000,0,1771685212132000,0,-552.7904,12.354284,0.033813477,0.0023983533,12.367168,3.6980211e-06,-2.0972149e-07,0,0,0,1
1771685212332000,1771685212180000,0,1771685212180000,0,-552.776,12.354216,0.019104004,0.003972074,12.367071,1.1804345e-06,-7.876476e-08,0,0,0,1
1771685212388000,1771685212232000,0,1771685212236000,0,-552.7899,12.354284,0.032836914,0.006691226,12.367168,3.4875015e-06,2.5718788e-07,0,0,0,1
1771685212436000,1771685212284000,0,1771685212284000,0,-552.73804,12.354216,-0.01940918,0.004232492,12.367071,1.2184494e-06,1.1817856e-07,0,0,0,1
1771685212492000,1771685212336000,0,1771685212340000,0,-552.6819,12.354284,-0.075927734,-0.0033188341,12.367168,1.8646211e-05,-1.6494814e-06,0,0,0,1
1771685212540000,1771685212388000,0,1771685212388000,0,-552.77637,12.354216,0.018737793,-0.0012410358,12.367071,1.135612e-06,-1.3871175e-06,0,0,0,1
1771685212596000,1771685212440000,0,1771685212444000,0,-552.7668,12.354284,0.009033203,-0.00027317263,12.367168,2.6392058e-07,-1.231585e-06,0,0,0,1
1771685212644000,1771685212492000,0,1771685212492000,0,-552.7339,12.354216,-0.023864746,-0.0024955673,12.367071,1.8420726e-06,-1.2890947e-06,0,0,0,1
1771685212700000,1771685212544000,0,1771685212548000,0,-552.7576,12.354284,-0.00018310547,-0.0022777268,12.367168,1.08440715e-10,-1.1676684e-06,0,0,0,1
1771685212748000,1771685212596000,0,1771685212596000,0,-552.7576,12.354216,0.00024414062,-0.0020401594,12.367071,1.92785e-10,-1.0576525e-06,0,0,0,1
1771685212804000,1771685212648000,0,1771685212652000,0,-552.81396,12.354284,0.056884766,0.0035107397,12.367168,1.0466023e-05,2.7911142e-08,0,0,0,1
1771685212852000,1771685212700000,0,1771685212700000,0,-552.76184,12.354216,0.004760742,0.0036284935,12.367071,7.3306495e-08,3.2187515e-08,0,0,0,1
1771685212908000,1771685212752000,0,1771685212756000,0,-552.7664,12.354284,0.009216309,0.004154882,12.367168,2.7472854e-07,5.5035585e-08,0,0,0,1
1771685212956000,1771685212804000,0,1771685212804000,0,-552.757,12.354216,-0.0004272461,0.003723232,12.367071,5.9040406e-10,4.9795457e-08,0,0,0,1
1771685213012000,1771685212856000,0,1771685212860000,0,-552.7382,12.354284,-0.01940918,0.0015440916,12.367168,1.2184398e-06,-6.967598e-08,0,0,0,1
1771685213060000,1771685212908000,0,1771685212908000,0,-552.74774,12.354216,-0.009887695,0.000467184,12.367071,3.162156e-07,-9.290073e-08,0,0,0,1
1771685213116000,1771685212960000,0,1771685212964000,0,-552.823,12.354284,0.06530762,0.0065753413,12.367168,1.3794864e-05,1.2153671e-06,0,0,0,1
1771685213164000,1771685213012000,0,1771685213012000,0,-552.77545,12.354216,0.017822266,0.0076348344,12.367071,1.0273512e-06,1.1976555e-06,0,0,0,1
1771685213220000,1771685213064000,0,1771685213068000,0,-552.75653,12.354284,-0.0010986328,0.0068121166,12.367168,3.9038657e-09,1.0844651e-06,0,0,0,1
1771685213268000,1771685213116000,0,1771685213116000,0,-552.7331,12.354216,-0.024230957,0.0038877688,12.367071,1.8990406e-06,8.034102e-07,0,0,0,1
1771685213324000,1771685213168000,0,1771685213172000,0,-552.7755,12.354284,0.018493652,0.0052636852,12.367168,1.1062037e-06,8.3193424e-07,0,0,0,1
1771685213372000,1771685213220000,0,1771685213220000,0,-552.7659,12.354216,0.009216309,0.005636034,12.367071,2.7473067e-07,7.7944406e-07,0,0,0,1
1771685213428000,1771685213272000,0,1771685213276000,0,-552.77997,12.354284,0.023254395,0.0072957347,12.367168,1.7490403e-06,8.7078286e-07,0,0,0,1
1771685213476000,1771685213324000,0,1771685213324000,0,-552.72815,12.354216,-0.028564453,0.003917601,12.367071,2.6390337e-06,5.4014794e-07,0,0,0,1
1771685213532000,1771685213376000,0,1771685213380000,0,-552.7472,12.354284,-0.009521484,0.0026516002,12.367168,2.9322368e-07,4.6164192e-07,0,0,0,1
1771685213580000,1771685213428000,0,1771685213428000,0,-552.75665,12.354216,-0.0,0.0024018118,12.367071,0.0,4.1815392e-07,0,0,0,1
1771685213636000,1771685213480000,0,1771685213484000,0,-552.71906,12.354284,-0.03741455,-0.0013490051,12.367168,4.527629e-06,-4.775319e-08,0,0,0,1
1771685213684000,1771685213532000,0,1771685213532000,0,-552.72876,12.354216,-0.027526855,-0.0038150346,12.367071,2.4507913e-06,-2.7412636e-07,0,0,0,1
1771685213740000,1771685213584000,0,1771685213588000,0,-552.7149,12.354284,-0.041015625,-0.0073194383,12.367168,5.441121e-06,-7.608723e-07,0,0,0,1
1771685213788000,1771685213636000,0,1771685213636000,0,-552.7716,12.354216,0.016113281,-0.005112008,12.367071,8.397714e-07,-6.10087e-07,0,0,0,1
1771685213844000,1771685213688000,0,1771685213692000,0,-552.7433,12.354284,-0.012023926,-0.0057631307,12.367168,4.676084e-07,-5.966651e-07,0,0,0,1
1771685213892000,1771685213740000,0,1771685213740000,0,-552.77625,12.354216,0.020812988,-0.0032595831,12.367071,1.4010769e-06,-4.0847198e-07,0,0,0,1
1771685213948000,1771685213792000,0,1771685213796000,0,-552.7432,12.354284,-0.012207031,-0.0041024587,12.367168,4.8195875e-07,-4.1539465e-07,0,0,0,1
1771685213996000,1771685213844000,0,1771685213844000,0,-552.75745,12.354216,0.0021362305,-0.003514756,12.367071,1.4760101e-08,-3.7487283e-07,0,0,0,1
1771685214052000,1771685213896000,0,1771685213900000,0,-552.73395,12.354284,-0.02130127,-0.005190297,12.367168,1.4675763e-06,-4.7780867e-07,0,0,0,1
1771685214100000,1771685213948000,0,1771685213948000,0,-552.77167,12.354216,0.016662598,-0.0031316907,12.367071,8.9800454e-07,-3.4820306e-07,0,0,0,1
1771685214156000,1771685214000000,0,1771685214004000,0,-552.73865,12.354284,-0.016174316,-0.004360344,12.367168,8.461388e-07,-3.9511005e-07,0,0,0,1
1771685214204000,1771685214052000,0,1771685214052000,0,-552.7435,12.354216,-0.011047363,-0.0049902806,12.367071,3.9473932e-07,-3.9507512e-07,0,0,0,1
1771685214260000,1771685214104000,0,1771685214108000,0,-552.7577,12.354284,0.003112793,-0.0042269477,12.367168,3.1339365e-08,-3.5490564e-07,0,0,0,1
1771685214308000,1771685214156000,0,1771685214156000,0,-552.7905,12.354216,0.036132812,-0.00042494084,12.367071,4.2227625e-06,7.632403e-08,0,0,0,1
1771685214364000,1771685214208000,0,1771685214212000,0,-552.7292,12.354284,-0.02520752,-0.0027595318,12.367168,2.0551804e-06,-1.2446989e-07,0,0,0,1
1771685214412000,1771685214260000,0,1771685214260000,0,-552.7294,12.354216,-0.025146484,-0.004868448,12.367071,2.045256e-06,-3.0541355e-07,0,0,0,1
1771685214468000,1771685214312000,0,1771685214316000,0,-552.81885,12.354284,0.064208984,0.0016388469,12.367168,1.3334641e-05,9.795193e-07,0,0,0,1
1771685214516000,1771685214364000,0,1771685214364000,0,-552.7807,12.354216,0.026062012,0.00393958,12.367071,2.1968933e-06,1.0941994e-06,0,0,0,1
1771685214572000,1771685214416000,0,1771685214420000,0,-552.78986,12.354284,0.035217285,0.0068860305,12.367168,4.011451e-06,1.369013e-06,0,0,0,1
1771685214620000,1771685214468000,0,1771685214468000,0,-552.7426,12.354216,-0.012145996,0.005093158,12.367071,4.771549e-07,1.1950987e-06,0,0,0,1
1771685214676000,1771685214520000,0,1771685214524000,0,-552.75214,12.354284,-0.0028686523,0.0043431325,12.367168,2.661617e-08,1.0800096e-06,0,0,0,1
1771685214724000,1771685214572000,0,1771685214572000,0,-552.74274,12.354216,-0.012268066,0.0027783092,12.367071,4.8679414e-07,9.3241215e-07,0,0,0,1
1771685214780000,1771685214624000,0,1771685214628000,0,-552.71936,12.354284,-0.035461426,-0.0008239851,12.367168,4.0672617e-06,4.6142836e-07,0,0,0,1
1771685214828000,1771685214676000,0,1771685214676000,0,-552.71497,12.354216,-0.03955078,-0.0044721616,12.367071,5.0594494e-06,-5.8654365e-08,0,0,0,1
1771685214884000,1771685214728000,0,1771685214732000,0,-552.8045,12.354284,0.050598145,0.0007156213,12.367168,8.2805445e-06,7.269224e-07,0,0,0,1
1771685214932000,1771685214780000,0,1771685214780000,0,-552.71484,12.354216,-0.03869629,-0.0029970952,12.367071,4.843193e-06,2.0220136e-07,0,0,0,1
1771685214988000,1771685214832000,0,1771685214836000,0,-552.76685,12.354284,0.01373291,-0.0014210802,12.367168,6.09979e-07,2.406152e-07,0,0,0,1
1771685215036000,1771685214884000,0,1771685214884000,0,-552.7104,12.354216,-0.042419434,-0.0052832444,12.367071,5.819998e-06,-3.3031213e-07,0,0,0,1
1771685215092000,1771685214936000,0,1771685214940000,0,-552.73425,12.354284,-0.018249512,-0.0065047042,12.367168,1.0771898e-06,-4.006702e-07,0,0,0,1
1771685215140000,1771685214988000,0,1771685214988000,0,-552.7907,12.354216,0.03869629,-0.0022466392,12.367071,4.843193e-06,9.331697e-08,0,0,0,1
1771685215196000,1771685215040000,0,1771685215044000,0,-552.7763,12.354284,0.024597168,0.00028212531,12.367168,1.9568608e-06,2.6886823e-07,0,0,0,1
1771685215244000,1771685215092000,0,1771685215092000,0,-552.7385,12.354216,-0.012634277,-0.0009346374,12.367071,5.1629024e-07,1.9490403e-07,0,0,0,1
1771685215300000,1771685215144000,0,1771685215148000,0,-552.7011,12.354284,-0.049743652,-0.005532589,12.367168,8.003226e-06,-5.773836e-07,0,0,0,1
1771685215348000,1771685215196000,0,1771685215196000,0,-552.786,12.354216,0.03540039,-0.0016765832,12.367071,4.0533046e-06,-1.4115935e-07,0,0,0,1
1771685215404000,1771685215248000,0,1771685215252000,0,-552.75757,12.354284,0.007385254,-0.00082293176,12.367168,1.7640895e-07,-1.11243494e-07,0,0,0,1
1771685215452000,1771685215300000,0,1771685215300000,0,-552.7481,12.354216,-0.0017700195,-0.0009121502,12.367071,1.0133261e-08,-1.0171862e-07,0,0,0,1
1771685215508000,1771685215352000,0,1771685215356000,0,-552.76685,12.354284,0.017089844,0.00078368996,12.367168,9.446391e-07,-3.1486778e-09,0,0,0,1
1771685215556000,1771685215404000,0,1771685215404000,0,-552.7198,12.354216,-0.029846191,-0.0021017338,12.367071,2.8811837e-06,-2.7426793e-07,0,0,0,1
1771685215612000,1771685215456000,0,1771685215460000,0,-552.73883,12.354284,-0.010681152,-0.00290994,12.367168,3.6899965e-07,-2.8319192e-07,0,0,0,1
1771685215660000,1771685215508000,0,1771685215508000,0,-552.7014,12.354216,-0.048217773,-0.00717807,12.367071,7.5198195e-06,-9.649033e-07,0,0,0,1
1771685215716000,1771685215560000,0,1771685215564000,0,-552.81445,12.354284,0.064819336,-0.00039570546,12.367167,1.3589356e-05,4.061502e-07,0,0,0,1
1771685215764000,1771685215612000,0,1771685215612000,0,-552.75287,12.354216,0.003112793,-6.5194705e-05,12.367071,3.133961e-08,3.7084197e-07,0,0,0,1
1771685215820000,1771685215664000,0,1771685215668000,0,-552.74347,12.354284,-0.0064697266,-0.0006685202,12.367167,1.3538221e-07,3.2315418e-07,0,0,0,1
1771685215868000,1771685215716000,0,1771685215716000,0,-552.72943,12.354216,-0.020874023,-0.0025719374,12.367071,1.4093065e-06,1.5995136e-07,0,0,0,1
1771685215924000,1771685215768000,0,1771685215772000,0,-552.7202,12.354284,-0.030761719,-0.005227497,12.367167,3.0606307e-06,-1.4343684e-07,0,0,0,1
1771685215972000,1771685215820000,0,1771685215820000,0,-552.8613,12.354216,0.10992432,0.0056201387,12.367071,3.9082348e-05,3.5517462e-06,0,0,0,1
1771685216028000,1771685215872000,0,1771685215876000,0,-552.79,12.354284,0.03778076,0.008649763,12.367167,4.6166947e-06,3.6520673e-06,0,0,0,1
1771685216076000,1771685215924000,0,1771685215924000,0,-552.8366,12.354216,0.08380127,0.015729252,12.367071,2.2714035e-05,5.44776e-06,0,0,0,1
1771685216132000,1771685215976000,0,1771685215980000,0,-552.7561,12.354284,0.0024414062,0.014477499,12.367167,1.927835e-08,4.936381e-06,0,0,0,1
1771685216180000,1771685216028000,0,1771685216028000,0,-552.7185,12.354216,-0.035827637,0.009738609,12.367071,4.1517333e-06,4.0802543e-06,0,0,0,1
1771685216236000,1771685216080000,0,1771685216084000,0,-552.7329,12.354284,-0.022216797,0.006728317,12.367167,1.59644e-06,3.5454932e-06,0,0,0,1
1771685216284000,1771685216132000,0,1771685216132000,0,-552.7659,12.354216,0.010314941,0.0070661874,12.367071,3.4413327e-07,3.2439157e-06,0,0,0,1
1771685216340000,1771685216184000,0,1771685216188000,0,-552.7283,12.354284,-0.027770996,0.0037844237,12.367167,2.4944377e-06,2.7033461e-06,0,0,0,1
1771685216388000,1771685216236000,0,1771685216236000,0,-552.78485,12.354216,0.028381348,0.0061015254,12.367071,2.6053085e-06,2.6941107e-06,0,0,0,1
1771685216444000,1771685216288000,0,1771685216292000,0,-552.7471,12.354284,-0.00982666,0.0046010436,12.367167,3.123213e-07,2.410896e-06,0,0,0,1
1771685216492000,1771685216340000,0,1771685216340000,0,-552.8035,12.354216,0.046203613,0.008520126,12.367071,6.904703e-06,2.8342258e-06,0,0,0,1
1771685216548000,1771685216392000,0,1771685216396000,0,-552.72797,12.354284,-0.029724121,0.0049174074,12.367167,2.8576417e-06,2.2980353e-06,0,0,0,1
1771685216596000,1771685216444000,0,1771685216444000,0,-552.7564,12.354216,-0.0015869141,0.0043046814,12.367071,8.145166e-09,2.0807863e-06,0,0,0,1
1771685216652000,1771685216496000,0,1771685216500000,0,-552.78455,12.354284,0.026000977,0.0063485354,12.367167,2.1865985e-06,2.0907542e-06,0,0,0,1
1771685216700000,1771685216548000,0,1771685216548000,0,-552.79846,12.354216,0.03955078,0.009476284,12.367071,5.0594494e-06,2.3704138e-06,0,0,0,1
1771685216756000,1771685216600000,0,1771685216604000,0,-552.76056,12.354284,0.0009765625,0.0086755855,12.367167,3.0845357e-09,2.1474045e-06,0,0,0,1
1771685216804000,1771685216652000,0,1771685216652000,0,-552.7887,12.354216,0.028930664,0.010583673,12.367071,2.707135e-06,2.2001327e-06,0,0,0,1
1771685216860000,1771685216704000,0,1771685216708000,0,-552.81665,12.354284,0.056640625,0.014922371,12.367167,1.0376379e-05,2.9703588e-06,0,0,0,1
1771685216908000,1771685216756000,0,1771685216756000,0,-552.7316,12.354216,-0.028381348,0.010843035,12.367071,2.6053085e-06,2.4451147e-06,0,0,0,1
1771685216964000,1771685216808000,0,1771685216812000,0,-552.7694,12.354284,0.009155273,0.010684043,12.367167,2.7110178e-07,2.2403162e-06,0,0,0,1
1771685217012000,1771685216860000,0,1771685216860000,0,-552.8304,12.354216,0.07019043,0.016289718,12.367071,1.5934884e-05,3.5303842e-06,0,0,0,1
1771685217068000,1771685216912000,0,1771685216916000,0,-552.78284,12.354284,0.022399902,0.016865315,12.367167,1.6228635e-06,3.3506901e-06,0,0,0,1
1771685217116000,1771685216964000,0,1771685216964000,0,-552.7592,12.354216,-0.0015258789,0.015132811,12.367071,7.530664e-09,3.034336e-06,0,0,0,1
1771685217172000,1771685217016000,0,1771685217020000,0,-552.7639,12.354284,0.0028686523,0.013977491,12.367167,2.661617e-08,2.751e-06,0,0,0,1
1771685217220000,1771685217068000,0,1771685217068000,0,-552.7545,12.354216,-0.0065307617,0.012045555,12.367071,1.3794971e-07,2.4788526e-06,0,0,0,1
1771685217276000,1771685217120000,0,1771685217124000,0,-552.7921,12.354284,0.030761719,0.013808671,12.367167,3.0606307e-06,2.5336578e-06,0,0,0,1
1771685217324000,1771685217172000,0,1771685217172000,0,-552.75433,12.354216,-0.0073242188,0.011817891,12.367071,1.7350649e-07,2.278635e-06,0,0,0,1
1771685217380000,1771685217224000,0,1771685217228000,0,-552.78253,12.354284,0.020385742,0.012625008,12.367167,1.3441347e-06,2.1906023e-06,0,0,0,1
1771685217428000,1771685217276000,0,1771685217276000,0,-552.77765,12.354216,0.015625,0.012907616,12.367071,7.8964734e-07,2.0586283e-06,0,0,0,1
1771685217484000,1771685217328000,0,1771685217332000,0,-552.7681,12.354284,0.00579834,0.012237902,12.367167,1.08741936e-07,1.8749433e-06,0,0,0,1
1771685217532000,1771685217380000,0,1771685217380000,0,-552.71643,12.354216,-0.046203613,0.006732541,12.367071,6.904703e-06,1.0478752e-06,0,0,0,1
1771685217588000,1771685217432000,0,1771685217436000,0,-552.7262,12.354284,-0.03656006,0.0026542526,12.367167,4.3231817e-06,5.4190605e-07,0,0,0,1
1771685217636000,1771685217484000,0,1771685217484000,0,-552.80634,12.354216,0.043395996,0.006492243,12.367071,6.091054e-06,1.0646519e-06,0,0,0,1
1771685217692000,1771685217536000,0,1771685217540000,0,-552.75903,12.354284,-0.004211426,0.0054839263,12.367167,5.736514e-08,9.589546e-07,0,0,0,1
1771685217740000,1771685217588000,0,1771685217588000,0,-552.76843,12.354216,0.0049438477,0.0054330495,12.367071,7.90539e-08,8.760654e-07,0,0,0,1
1771685217796000,1771685217640000,0,1771685217644000,0,-552.74023,12.354284,-0.0234375,0.00271336,12.367167,1.7766927e-06,6.261679e-07,0,0,0,1
1771685217844000,1771685217692000,0,1771685217692000,0,-552.7217,12.354216,-0.041503906,-0.0014520353,12.367071,5.5714863e-06,4.233084e-08,0,0,0,1
1771685217900000,1771685217744000,0,1771685217748000,0,-552.8159,12.354284,0.052734375,0.0036524823,12.367167,8.994506e-06,8.856518e-07,0,0,0,1
1771685217948000,1771685217796000,0,1771685217796000,0,-552.74036,12.354216,-0.022644043,0.0011752732,12.367071,1.658445e-06,6.4599044e-07,0,0,0,1
1771685218004000,1771685217848000,0,1771685217852000,0,-552.75464,12.354284,-0.008117676,0.00029985042,12.367167,2.131342e-07,5.6505843e-07,0,0,0,1
1771685218052000,1771685217900000,0,1771685217900000,0,-552.78754,12.354216,0.025390625,0.0026634743,12.367071,2.0851626e-06,7.0825666e-07,0,0,0,1
1771685218108000,1771685217952000,0,1771685217956000,0,-552.77325,12.354284,0.011352539,0.0034820093,12.367167,4.168461e-07,6.8080493e-07,0,0,0,1
1771685218156000,1771685218004000,0,1771685218004000,0,-552.79193,12.354216,0.029846191,0.005965592,12.367071,2.8811837e-06,8.88087e-07,0,0,0,1
1771685218212000,1771685218056000,0,1771685218060000,0,-552.8011,12.354284,0.038330078,0.00901442,12.367167,4.75192e-06,1.2520713e-06,0,0,0,1
1771685218260000,1771685218108000,0,1771685218108000,0,-552.7679,12.354216,0.0043945312,0.008579213,12.367071,6.2462334e-08,1.1400067e-06,0,0,0,1
1771685218316000,1771685218160000,0,1771685218164000,0,-552.7538,12.354284,-0.010253906,0.0068050786,12.367167,3.4007007e-07,1.0005792e-06,0,0,0,1
1771685218364000,1771685218212000,0,1771685218212000,0,-552.7257,12.354216,-0.038330078,0.0025532157,12.367071,4.7519575e-06,4.5867358e-07,0,0,0,1
1771685218420000,1771685218264000,0,1771685218268000,0,-552.7025,12.354284,-0.061157227,-0.0034484933,12.367167,1.2097212e-05,-7.2412735e-07,0,0,0,1
1771685218468000,1771685218316000,0,1771685218316000,0,-552.7594,12.354216,-0.00390625,-0.0034916154,12.367071,4.935296e-08,-6.605616e-07,0,0,0,1
1771685218524000,1771685218368000,0,1771685218372000,0,-552.73126,12.354284,-0.03186035,-0.006164033,12.367167,3.283151e-06,-9.0761716e-07,0,0,0,1
1771685218572000,1771685218420000,0,1771685218420000,0,-552.7362,12.354216,-0.026611328,-0.008090228,12.367071,2.2904785e-06,-1.0378867e-06,0,0,0,1
1771685218628000,1771685218472000,0,1771685218476000,0,-552.7646,12.354284,0.0016479492,-0.0071728635,12.367167,8.783697e-09,-9.392873e-07,0,0,0,1
1771685218676000,1771685218524000,0,1771685218524000,0,-552.70825,12.354216,-0.05407715,-0.011591383,12.367071,9.458466e-06,-1.7418187e-06,0,0,0,1
1771685218732000,1771685218576000,0,1771685218580000,0,-552.7697,12.354284,0.008056641,-0.009740482,12.367167,2.0994122e-07,-1.5579571e-06,0,0,0,1
1771685218780000,1771685218628000,0,1771685218628000,0,-552.7415,12.354216,-0.019592285,-0.010668551,12.367071,1.2415474e-06,-1.5281504e-06,0,0,0,1
1771685218836000,1771685218680000,0,1771685218684000,0,-552.7182,12.354284,-0.042297363,-0.013648077,12.367167,5.786505e-06,-1.9292997e-06,0,0,0,1
1771685218884000,1771685218732000,0,1771685218732000,0,-552.75616,12.354216,-0.0037231445,-0.012713119,12.367071,4.483456e-08,-1.7517776e-06,0,0,0,1
1771685218940000,1771685218784000,0,1771685218788000,0,-552.73267,12.354284,-0.026611328,-0.014022371,12.367167,2.2904605e-06,-1.8025231e-06,0,0,0,1
1771685218988000,1771685218836000,0,1771685218836000,0,-552.7282,12.354216,-0.030761719,-0.015599266,12.367071,3.0606545e-06,-1.9210427e-06,0,0,0,1
1771685219044000,1771685218888000,0,1771685218892000,0,-552.7707,12.354284,0.0119018555,-0.01300858,12.367167,4.5816202e-07,-1.6969146e-06,0,0,0,1
1771685219092000,1771685218940000,0,1771685218940000,0,-552.77527,12.354216,0.016479492,-0.010230717,12.367071,8.783766e-07,-1.4543148e-06,0,0,0,1
1771685219148000,1771685218992000,0,1771685218996000,0,-552.81274,12.354284,0.053894043,-0.0041899784,12.367167,9.394448e-06,-4.3232978e-07,0,0,0,1
1771685219196000,1771685219044000,0,1771685219044000,0,-552.7184,12.354216,-0.04058838,-0.0076188133,12.367071,5.3283966e-06,-8.9355353e-07,0,0,0,1
1771685219252000,1771685219096000,0,1771685219100000,0,-552.7563,12.354284,-0.0026245117,-0.0071483357,12.367167,2.2278542e-08,-8.1147687e-07,0,0,0,1
1771685219300000,1771685219148000,0,1771685219148000,0,-552.7845,12.354216,0.02545166,-0.004077321,12.367071,2.0951993e-06,-5.376595e-07,0,0,0,1
1771685219356000,1771685219200000,0,1771685219204000,0,-552.7279,12.354284,-0.031188965,-0.0066313166,12.367167,3.1462387e-06,-7.833952e-07,0,0,0,1
1771685219404000,1771685219252000,0,1771685219252000,0,-552.72815,12.354216,-0.030456543,-0.008875722,12.367071,3.0002284e-06,-9.922273e-07,0,0,0,1
1771685219460000,1771685219304000,0,1771685219308000,0,-552.71436,12.354284,-0.044006348,-0.012185129,12.367167,6.2635477e-06,-1.488801e-06,0,0,0,1
1771685219508000,1771685219356000,0,1771685219356000,0,-552.7523,12.354216,-0.0056762695,-0.011571975,12.367071,1.0421234e-07,-1.3583688e-06,0,0,0,1
1771685219564000,1771685219408000,0,1771685219412000,0,-552.7852,12.354284,0.02734375,-0.007906001,12.367167,2.4182762e-06,-1.0025979e-06,0,0,0,1
1771685219612000,1771685219460000,0,1771685219460000,0,-552.75214,12.354216,-0.0053100586,-0.007661456,12.367071,9.1199354e-08,-9.1674144e-07,0,0,0,1
1771685219668000,1771685219512000,0,1771685219516000,0,-552.7756,12.354284,0.018249512,-0.0052205673,12.367167,1.0771898e-06,-7.2890737e-07,0,0,0,1
1771685219716000,1771685219564000,0,1771685219564000,0,-552.76605,12.354216,0.0087890625,-0.0039008195,12.367071,2.4984934e-07,-6.3670564e-07,0,0,0,1
1771685219772000,1771685219616000,0,1771685219620000,0,-552.75665,12.354284,-0.0007324219,-0.003602347,12.367167,1.7350514e-09,-5.7688953e-07,0,0,0,1
1771685219820000,1771685219668000,0,1771685219668000,0,-552.766,12.354216,0.008728027,-0.00244079,12.367071,2.4639127e-07,-4.993341e-07,0,0,0,1
1771685219876000,1771685219720000,0,1771685219724000,0,-552.7096,12.354284,-0.047790527,-0.006712867,12.367167,7.3870897e-06,-1.1481807e-06,0,0,0,1
1771685219924000,1771685219772000,0,1771685219772000,0,-552.7804,12.354216,0.022949219,-0.0039186124,12.367071,1.7034482e-06,-8.7954896e-07,0,0,0,1
1771685219980000,1771685219824000,0,1771685219828000,0,-552.7286,12.354284,-0.028930664,-0.0062748203,12.367167,2.707114e-06,-1.0517109e-06,0,0,0,1
1771685220028000,1771685219876000,0,1771685219876000,0,-552.7335,12.354216,-0.024047852,-0.0079490915,12.367071,1.8704482e-06,-1.1288383e-06,0,0,0,1
1771685220084000,1771685219928000,0,1771685219932000,0,-552.7572,12.354284,-0.00024414062,-0.007223263,12.367167,1.9278348e-10,-1.0225167e-06,0,0,0,1
1771685220132000,1771685219980000,0,1771685219980000,0,-552.7572,12.354216,0.00012207031,-0.006531311,12.367071,4.819625e-11,-9.2618814e-07,0,0,0,1
1771685220188000,1771685220032000,0,1771685220036000,0,-552.79004,12.354284,0.03314209,-0.0027939614,12.367167,3.5526261e-06,-5.042708e-07,0,0,0,1
1771685220236000,1771685220084000,0,1771685220084000,0,-552.6959,12.354216,-0.06097412,-0.008274701,12.367071,1.2024976e-05,-1.5895547e-06,0,0,0,1
1771685220292000,1771685220136000,0,1771685220140000,0,-552.795,12.354284,0.038269043,-0.0038901456,12.367167,4.736799e-06,-9.935939e-07,0,0,0,1
1771685220340000,1771685220188000,0,1771685220188000,0,-552.7947,12.354216,0.037963867,5.2623916e-05,12.367071,4.661589e-06,-4.6085916e-07,0,0,0,1
1771685220396000,1771685220240000,0,1771685220244000,0,-552.73334,12.354284,-0.023376465,-0.0021544644,12.367167,1.7674511e-06,-5.839439e-07,0,0,0,1
1771685220444000,1771685220292000,0,1771685220292000,0,-552.77576,12.354216,0.018981934,-0.00016335421,12.367071,1.1653973e-06,-4.191509e-07,0,0,0,1
1771685220500000,1771685220344000,0,1771685220348000,0,-552.76154,12.354284,0.0048828125,0.00031200933,12.367167,7.71134e-08,-3.7240136e-07,0,0,0,1
1771685220548000,1771685220396000,0,1771685220396000,0,-552.8272,12.354216,0.07043457,0.0069177584,12.367071,1.604593e-05,1.1742532e-06,0,0,0,1
1771685220604000,1771685220448000,0,1771685220452000,0,-552.7186,12.354284,-0.038391113,0.0026495308,12.367167,4.767066e-06,6.1456365e-07,0,0,0,1
1771685220652000,1771685220500000,0,1771685220500000,0,-552.74713,12.354216,-0.009887695,0.0014684877,12.367071,3.162156e-07,5.2688154e-07,0,0,0,1
1771685220708000,1771685220552000,0,1771685220556000,0,-552.8083,12.354284,0.0513916,0.00617139,12.367167,8.542284e-06,1.2819557e-06,0,0,0,1
1771685220756000,1771685220604000,0,1771685220604000,0,-552.8266,12.354216,0.06994629,0.012179171,12.367071,1.5824226e-05,2.6518799e-06,0,0,0,1
1771685220812000,1771685220656000,0,1771685220660000,0,-552.78375,12.354284,0.027282715,0.013601968,12.367167,2.4074923e-06,2.6288578e-06,0,0,0,1
1771685220860000,1771685220708000,0,1771685220708000,0,-552.7741,12.354216,0.017456055,0.013965034,12.367071,9.855651e-07,2.4740548e-06,0,0,0,1
1771685220916000,1771685220760000,0,1771685220764000,0,-552.75525,12.354284,-0.0020141602,0.0124597475,12.367167,1.3121326e-08,2.2397555e-06,0,0,0,1
1771685220964000,1771685220812000,0,1771685220812000,0,-552.774,12.354216,0.016418457,0.01283267,12.367071,8.7188215e-07,2.1108979e-06,0,0,0,1
1771685221020000,1771685220864000,0,1771685220868000,0,-552.77856,12.354284,0.020812988,0.013584439,12.367167,1.401066e-06,2.0440295e-06,0,0,0,1
1771685221068000,1771685220916000,0,1771685220916000,0,-552.8066,12.354216,0.048706055,0.016892998,12.367071,7.672891e-06,2.5742847e-06,0,0,0,1
1771685221124000,1771685220968000,0,1771685220972000,0,-552.7592,12.354284,0.0010986328,0.015405122,12.367167,3.9038657e-09,2.3321475e-06,0,0,0,1
1771685221172000,1771685221020000,0,1771685221020000,0,-552.77325,12.354216,0.015136719,0.015379838,12.367071,7.410655e-07,2.182263e-06,0,0,0,1
1771685221228000,1771685221072000,0,1771685221076000,0,-552.78253,12.354284,0.024536133,0.016242387,12.367167,1.9471615e-06,2.1601156e-06,0,0,0,1
1771685221276000,1771685221124000,0,1771685221124000,0,-552.72595,12.354216,-0.03173828,0.011722469,12.367071,3.2580663e-06,1.6497072e-06,0,0,0,1
1771685221332000,1771685221176000,0,1771685221180000,0,-552.792,12.354284,0.034484863,0.013866752,12.367167,3.8463318e-06,1.8566357e-06,0,0,0,1
1771685221380000,1771685221228000,0,1771685221228000,0,-552.8199,12.354216,0.0625,0.018448146,12.367071,1.26343575e-05,2.8719282e-06,0,0,0,1
1771685221436000,1771685221280000,0,1771685221284000,0,-552.7113,12.354284,-0.046081543,0.012369262,12.367167,6.868213e-06,1.9543786e-06,0,0,0,1
1771685221484000,1771685221332000,0,1771685221332000,0,-552.78687,12.354216,0.02935791,0.013969642,12.367071,2.7876831e-06,2.0328782e-06,0,0,0,1
1771685221540000,1771685221384000,0,1771685221388000,0,-552.8007,12.354284,0.043273926,0.016730191,12.367167,6.0567872e-06,2.4119422e-06,0,0,0,1
1771685221588000,1771685221436000,0,1771685221436000,0,-552.76746,12.354216,0.0099487305,0.016091358,12.367071,3.2013153e-07,2.2148874e-06,0,0,0,1
1771685221644000,1771685221488000,0,1771685221492000,0,-552.7016,12.354284,-0.056152344,0.009285791,12.367167,1.0198247e-05,1.0455341e-06,0,0,0,1
1771685221692000,1771685221540000,0,1771685221540000,0,-552.8101,12.354216,0.052490234,0.013355775,12.367071,8.9114865e-06,1.7865297e-06,0,0,0,1
1771685221748000,1771685221592000,0,1771685221596000,0,-552.75806,12.354284,0.00048828125,0.012143619,12.367167,7.7113393e-10,1.618306e-06,0,0,0,1
1771685221796000,1771685221644000,0,1771685221644000,0,-552.70636,12.354216,-0.05114746,0.0061814156,12.367071,8.461381e-06,6.687702e-07,0,0,0,1
1771685221852000,1771685221696000,0,1771685221700000,0,-552.7725,12.354284,0.014892578,0.0070020324,12.367167,7.1734735e-07,6.7334634e-07,0,0,0,1
1771685221900000,1771685221748000,0,1771685221748000,0,-552.7677,12.354216,0.010192871,0.0073026186,12.367071,3.360363e-07,6.4157075e-07,0,0,0,1
1771685221956000,1771685221800000,0,1771685221804000,0,-552.73944,12.354284,-0.018127441,0.004907033,12.367167,1.0628274e-06,4.810115e-07,0,0,0,1
1771685222004000,1771685221852000,0,1771685221852000,0,-552.7537,12.354216,-0.003967285,0.0040710466,12.367071,5.0907285e-08,4.309032e-07,0,0,0,1
1771685222060000,1771685221904000,0,1771685221908000,0,-552.7537,12.354284,-0.0040283203,0.0033080627,12.367167,5.2485305e-08,3.853666e-07,0,0,0,1
1771685222108000,1771685221956000,0,1771685221956000,0,-552.7397,12.354216,-0.01776123,0.0013232739,12.367071,1.0203266e-06,2.5294622e-07,0,0,0,1
1771685222164000,1771685222008000,0,1771685222012000,0,-552.8197,12.354284,0.06237793,0.0070748,12.367167,1.2584955e-05,1.4146574e-06,0,0,0,1
1771685222212000,1771685222060000,0,1771685222060000,0,-552.7252,12.354216,-0.032165527,0.0033782471,12.367071,3.346374e-06,9.661544e-07,0,0,0,1
1771685222268000,1771685222112000,0,1771685222116000,0,-552.6691,12.354284,-0.088256836,-0.005254044,12.367167,2.519338e-05,-1.4981497e-06,0,0,0,1
1771685222316000,1771685222164000,0,1771685222164000,0,-552.792,12.354216,0.03479004,-0.0014817752,12.367071,3.9147403e-06,-9.882397e-07,0,0,0,1
1771685222372000,1771685222216000,0,1771685222220000,0,-552.74005,12.354284,-0.017150879,-0.0029578502,12.367167,9.513986e-07,-9.847691e-07,0,0,0,1
1771685222420000,1771685222268000,0,1771685222268000,0,-552.7543,12.354216,-0.0032958984,-0.0029896954,12.367071,3.5135066e-08,-8.9531085e-07,0,0,0,1
1771685222476000,1771685222320000,0,1771685222324000,0,-552.74023,12.354284,-0.01776123,-0.004381217,12.367167,1.0203187e-06,-9.070869e-07,0,0,0,1
1771685222524000,1771685222372000,0,1771685222372000,0,-552.8014,12.354216,0.04309082,9.078672e-05,12.367071,6.0056864e-06,-2.558836e-07,0,0,0,1
1771685222580000,1771685222424000,0,1771685222428000,0,-552.7588,12.354284,0.00018310547,9.948341e-05,12.367167,1.08440715e-10,-2.3176841e-07,0,0,0,1
1771685222628000,1771685222476000,0,1771685222476000,0,-552.7822,12.354216,0.0234375,0.0022979924,12.367071,1.7767065e-06,-4.256424e-08,0,0,0,1
1771685222684000,1771685222528000,0,1771685222532000,0,-552.6788,12.354284,-0.080322266,-0.005485076,12.367167,2.0867077e-05,-2.004294e-06,0,0,0,1
1771685222732000,1771685222580000,0,1771685222580000,0,-552.69824,12.354216,-0.06097412,-0.010712305,12.367071,1.2024976e-05,-2.9482712e-06,0,0,0,1
1771685222788000,1771685222632000,0,1771685222636000,0,-552.72217,12.354284,-0.03717041,-0.013204736,12.367167,4.4687336e-06,-3.0915032e-06,0,0,0,1
1771685222836000,1771685222684000,0,1771685222684000,0,-552.7554,12.354216,-0.0040283203,-0.0123402905,12.367071,5.2485714e-08,-2.805219e-06,0,0,0,1
1771685222892000,1771685222736000,0,1771685222740000,0,-552.74133,12.354284,-0.018432617,-0.012914205,12.367167,1.0989141e-06,-2.6444802e-06,0,0,0,1
1771685222940000,1771685222788000,0,1771685222788000,0,-552.7509,12.354216,-0.0087890625,-0.012525605,12.367071,2.4984934e-07,-2.418899e-06,0,0,0,1
1771685222996000,1771685222840000,0,1771685222844000,0,-552.7932,12.354284,0.03363037,-0.008177578,12.367167,3.6580789e-06,-1.84643e-06,0,0,0,1
1771685223044000,1771685222892000,0,1771685222892000,0,-552.7601,12.354216,0.0006713867,-0.00734398,12.367071,1.4579365e-09,-1.6723536e-06,0,0,0,1
1771685223100000,1771685222944000,0,1771685222948000,0,-552.68494,12.354284,-0.074157715,-0.013638029,12.367167,1.7786988e-05,-3.1903992e-06,0,0,0,1
1771685223148000,1771685222996000,0,1771685222996000,0,-552.7888,12.354216,0.030395508,-0.009489942,12.367071,2.9882156e-06,-2.6083558e-06,0,0,0,1
1771685223204000,1771685223048000,0,1771685223052000,0,-552.7839,12.354284,0.026123047,-0.0061350954,12.367167,2.207178e-06,-2.1547185e-06,0,0,0,1
1771685223252000,1771685223100000,0,1771685223100000,0,-552.76953,12.354216,0.012207031,-0.004407214,12.367071,4.819625e-07,-1.9063355e-06,0,0,0,1
1771685223308000,1771685223152000,0,1771685223156000,0,-552.7648,12.354284,0.0078125,-0.0032560816,12.367167,1.9741029e-07,-1.7081564e-06,0,0,0,1
1771685223356000,1771685223204000,0,1771685223204000,0,-552.746,12.354216,-0.010620117,-0.003949795,12.367071,3.6479742e-07,-1.5816081e-06,0,0,0,1
1771685223412000,1771685223256000,0,1771685223260000,0,-552.72723,12.354284,-0.029052734,-0.0063145645,12.367167,2.730007e-06,-1.6897907e-06,0,0,0,1
1771685223460000,1771685223308000,0,1771685223308000,0,-552.7697,12.354216,0.01361084,-0.0044375337,12.367071,5.991878e-07,-1.4741622e-06,0,0,0,1
1771685223516000,1771685223360000,0,1771685223364000,0,-552.7978,12.354284,0.041992188,-6.371923e-05,12.367167,5.7033067e-06,-7.980238e-07,0,0,0,1
1771685223564000,1771685223412000,0,1771685223412000,0,-552.7176,12.354216,-0.037963867,-0.0036340235,12.367071,4.661589e-06,-1.1619829e-06,0,0,0,1
1771685223620000,1771685223464000,0,1771685223468000,0,-552.7884,12.354284,0.033203125,-0.0001638569,12.367167,3.5657233e-06,-7.166193e-07,0,0,0,1
1771685223668000,1771685223516000,0,1771685223516000,0,-552.73175,12.354216,-0.023132324,-0.0023275532,12.367071,1.7307393e-06,-8.1215234e-07,0,0,0,1
1771685223724000,1771685223568000,0,1771685223572000,0,-552.72723,12.354284,-0.02722168,-0.004672652,12.367167,2.3967325e-06,-9.614243e-07,0,0,0,1
1771685223772000,1771685223620000,0,1771685223620000,0,-552.7134,12.354216,-0.040405273,-0.008038769,12.367071,5.280429e-06,-1.3682871e-06,0,0,0,1
1771685223828000,1771685223672000,0,1771685223676000,0,-552.71844,12.354284,-0.034973145,-0.010576065,12.367167,3.9560255e-06,-1.6120596e-06,0,0,0,1
1771685223876000,1771685223724000,0,1771685223724000,0,-552.73755,12.354216,-0.0154418945,-0.01103444,12.367071,7.7124844e-07,-1.5328527e-06,0,0,0,1
1771685223932000,1771685223776000,0,1771685223780000,0,-552.733,12.354284,-0.01965332,-0.011846364,12.367167,1.2492852e-06,-1.5061398e-06,0,0,0,1
1771685223980000,1771685223828000,0,1771685223828000,0,-552.69086,12.354216,-0.061279297,-0.01650309,12.367071,1.2145647e-05,-2.5084123e-06,0,0,0,1
1771685224036000,1771685223880000,0,1771685223884000,0,-552.7806,12.354284,0.028808594,-0.012234598,12.367167,2.6843172e-06,-2.0192422e-06,0,0,0,1
1771685224084000,1771685223932000,0,1771685223932000,0,-552.7616,12.354216,0.00982666,-0.010156363,12.367071,3.1232375e-07,-1.7996019e-06,0,0,0,1
1771685224140000,1771685223984000,0,1771685223988000,0,-552.7943,12.354284,0.042114258,-0.005232319,12.367167,5.7365137e-06,-1.0896779e-06,0,0,0,1
1771685224188000,1771685224036000,0,1771685224036000,0,-552.7799,12.354216,0.027160645,-0.0021808075,12.367071,2.3860155e-06,-7.6225746e-07,0,0,0,1
1771685224244000,1771685224088000,0,1771685224092000,0,-552.7092,12.354284,-0.044189453,-0.006138144,12.367167,6.31578e-06,-1.2854155e-06,0,0,0,1
1771685224292000,1771685224140000,0,1771685224140000,0,-552.7613,12.354216,0.007507324,-0.0048527014,12.367071,1.8229026e-07,-1.1471533e-06,0,0,0,1
1771685224348000,1771685224192000,0,1771685224196000,0,-552.76587,12.354284,0.011474609,-0.0033146213,12.367167,4.2585873e-07,-9.98971e-07,0,0,0,1
1771685224396000,1771685224244000,0,1771685224244000,0,-552.78455,12.354216,0.030029297,-0.00017352728,12.367071,2.9166442e-06,-6.301087e-07,0,0,0,1
1771685224452000,1771685224296000,0,1771685224300000,0,-552.72797,12.354284,-0.026855469,-0.0026870437,12.367167,2.3326802e-06,-7.9049585e-07,0,0,0,1
1771685224500000,1771685224348000,0,1771685224348000,0,-552.7564,12.354216,0.0014038086,-0.0023016736,12.367071,6.373954e-09,-7.1542837e-07,0,0,0,1
1771685224556000,1771685224400000,0,1771685224404000,0,-552.6907,12.354284,-0.064331055,-0.008145021,12.367167,1.3385391e-05,-1.9089757e-06,0,0,0,1
1771685224604000,1771685224452000,0,1771685224452000,0,-552.7898,12.354216,0.03479004,-0.004100414,12.367071,3.9147403e-06,-1.3603648e-06,0,0,0,1
1771685224660000,1771685224504000,0,1771685224508000,0,-552.71906,12.354284,-0.036071777,-0.0071122097,12.367167,4.2084757e-06,-1.6286651e-06,0,0,0,1
1771685224708000,1771685224556000,0,1771685224556000,0,-552.7945,12.354216,0.03942871,-0.0027279197,12.367071,5.0282665e-06,-1.0015629e-06,0,0,0,1
1771685224764000,1771685224608000,0,1771685224612000,0,-552.7378,12.354284,-0.01763916,-0.004132602,12.367167,1.0063419e-06,-1.002013e-06,0,0,0,1
1771685224812000,1771685224660000,0,1771685224660000,0,-552.7474,12.354216,-0.008056641,-0.004502258,12.367071,2.0994285e-07,-9.2739776e-07,0,0,0,1
1771685224868000,1771685224712000,0,1771685224716000,0,-552.76154,12.354284,0.0059814453,-0.0035146624,12.367168,1.1571829e-07,-8.291332e-07,0,0,0,1
1771685224916000,1771685224764000,0,1771685224764000,0,-552.7145,12.354216,-0.04071045,-0.0070186136,12.367071,5.3604954e-06,-1.2560007e-06,0,0,0,1
1771685224972000,1771685224816000,0,1771685224820000,0,-552.71484,12.354284,-0.039916992,-0.010117737,12.367168,5.153536e-06,-1.6231598e-06,0,0,0,1
1771685225020000,1771685224868000,0,1771685224868000,0,-552.73865,12.354216,-0.01574707,-0.010648036,12.367071,8.0203375e-07,-1.5458074e-06,0,0,0,1
1771685225076000,1771685224920000,0,1771685224924000,0,-552.72,12.354284,-0.034118652,-0.012859037,12.367168,3.7650736e-06,-1.7548688e-06,0,0,0,1
1771685225124000,1771685224972000,0,1771685224972000,0,-552.8001,12.354216,0.04650879,-0.0072664153,12.367072,6.9962157e-06,-9.304912e-07,0,0,0,1
1771685225180000,1771685225024000,0,1771685225028000,0,-552.7387,12.354284,-0.014465332,-0.007944575,12.367169,6.767784e-07,-9.065907e-07,0,0,0,1
1771685225228000,1771685225076000,0,1771685225076000,0,-552.7576,12.354216,0.0048217773,-0.006741947,12.367072,7.5198194e-08,-8.141033e-07,0,0,0,1
1771685225284000,1771685225128000,0,1771685225132000,0,-552.7857,12.354284,0.032836914,-0.0030135033,12.367169,3.487501e-06,-4.0887969e-07,0,0,0,1
1771685225332000,1771685225180000,0,1771685225180000,0,-552.715,12.354216,-0.03778076,-0.0062886802,12.367073,4.61673e-06,-8.052714e-07,0,0,0,1
1771685225388000,1771685225232000,0,1771685225236000,0,-552.7623,12.354284,0.00970459,-0.0047820676,12.36717,3.046099e-07,-7.0071735e-07,0,0,0,1
1771685225436000,1771685225284000,0,1771685225284000,0,-552.78564,12.354216,0.03326416,-0.0011980026,12.367074,3.5788719e-06,-2.9756762e-07,0,0,0,1
1771685225492000,1771685225336000,0,1771685225340000,0,-552.7807,12.354284,0.028259277,0.0015769589,12.367171,2.5829245e-06,-2.6216895e-08,0,0,0,1
1771685225540000,1771685225388000,0,1771685225388000,0,-552.7617,12.354216,0.009399414,0.002313857,12.367075,2.8575548e-07,3.1718095e-09,0,0,0,1
1771685225596000,1771685225440000,0,1771685225444000,0,-552.7945,12.354284,0.042175293,0.0060689203,12.367172,5.753151e-06,5.4483655e-07,0,0,0,1
1771685225644000,1771685225492000,0,1771685225492000,0,-552.78,12.354216,0.027526855,0.00809032,12.367076,2.4507904e-06,7.2438297e-07,0,0,0,1
1771685225700000,1771685225544000,0,1771685225548000,0,-552.808,12.354284,0.05517578,0.012525907,12.367173,9.846605e-06,1.5837229e-06,0,0,0,1
1771685225748000,1771685225596000,0,1771685225596000,0,-552.72766,12.354216,-0.0256958,0.008925311,12.367077,2.135587e-06,1.2333531e-06,0,0,0,1
1771685225804000,1771685225648000,0,1771685225652000,0,-552.7279,12.354284,-0.025939941,0.0056409035,12.367174,2.1763437e-06,9.1214974e-07,0,0,0,1
1771685225852000,1771685225700000,0,1771685225700000,0,-552.69525,12.354216,-0.058776855,-0.00042743655,12.367078,1.1173921e-05,-2.2639324e-07,0,0,0,1
1771685225908000,1771685225752000,0,1771685225756000,0,-552.785,12.354284,0.03112793,0.0025451707,12.367175,3.1339348e-06,9.015943e-08,0,0,0,1
1771685225956000,1771685225804000,0,1771685225804000,0,-552.81287,12.354216,0.059143066,0.007876857,12.367079,1.1313593e-05,1.1474395e-06,0,0,0,1
1771685226012000,1771685225856000,0,1771685225860000,0,-552.73254,12.354284,-0.020996094,0.0051569412,12.367176,1.4258256e-06,9.0503045e-07,0,0,0,1
1771685226060000,1771685225908000,0,1771685225908000,0,-552.76556,12.354216,0.012145996,0.0058153304,12.36708,4.771546e-07,8.647233e-07,0,0,0,1
1771685226116000,1771685225960000,0,1771685225964000,0,-552.78894,12.354284,0.035583496,0.008619579,12.367178,4.0953087e-06,1.1690538e-06,0,0,0,1
1771685226164000,1771685226012000,0,1771685226012000,0,-552.7558,12.354216,0.0026855469,0.008060575,12.367082,2.3326965e-08,1.061123e-06,0,0,0,1
1771685226220000,1771685226064000,0,1771685226068000,0,-552.79333,12.354284,0.04034424,0.011101791,12.367179,5.2644423e-06,1.4570879e-06,0,0,0,1
1771685226268000,1771685226116000,0,1771685226116000,0,-552.75543,12.354216,0.002746582,0.010314706,12.367083,2.4399329e-08,1.3221245e-06,0,0,0,1
1771685226324000,1771685226168000,0,1771685226172000,0,-552.6991,12.354284,-0.053344727,0.0043178024,12.36718,9.203908e-06,3.3054164e-07,0,0,0,1
1771685226372000,1771685226220000,0,1771685226220000,0,-552.75586,12.354216,0.00390625,0.004279033,12.367084,4.935291e-08,3.0405283e-07,0,0,0,1
1771685226428000,1771685226272000,0,1771685226276000,0,-552.6948,12.354284,-0.0569458,-0.0014885245,12.367181,1.0488483e-05,-7.126355e-07,0,0,0,1
1771685226476000,1771685226324000,0,1771685226324000,0,-552.75165,12.354216,0.00018310547,-0.001331052,12.3670845,1.0844144e-10,-6.4549295e-07,0,0,0,1
1771685226532000,1771685226376000,0,1771685226380000,0,-552.72815,12.354284,-0.023071289,-0.0033790455,12.367183,1.7216028e-06,-7.468656e-07,0,0,0,1
1771685226580000,1771685226428000,0,1771685226428000,0,-552.78937,12.354216,0.03881836,0.000596073,12.367086,4.8737916e-06,-2.1738339e-07,0,0,0,1
1771685226636000,1771685226480000,0,1771685226484000,0,-552.7374,12.354284,-0.012634277,-0.00065026444,12.367184,5.162856e-07,-2.4554083e-07,0,0,0,1
1771685226684000,1771685226532000,0,1771685226532000,0,-552.7093,12.354216,-0.040039062,-0.004360804,12.367087,5.1851384e-06,-7.1086527e-07,0,0,0,1
1771685226740000,1771685226584000,0,1771685226588000,0,-552.71906,12.354284,-0.030029297,-0.00677885,12.367185,2.9166174e-06,-9.1865354e-07,0,0,0,1
1771685226788000,1771685226636000,0,1771685226636000,0,-552.724,12.354216,-0.024597168,-0.008457388,12.367088,1.9568733e-06,-1.0164568e-06,0,0,0,1
1771685226844000,1771685226688000,0,1771685226692000,0,-552.69604,12.354284,-0.052246094,-0.012582411,12.367186,8.828701e-06,-1.7523929e-06,0,0,0,1
1771685226892000,1771685226740000,0,1771685226740000,0,-552.7669,12.354216,0.019165039,-0.009591709,12.367088,1.1879877e-06,-1.4754005e-06,0,0,0,1
1771685226948000,1771685226792000,0,1771685226796000,0,-552.7574,12.354284,0.010437012,-0.0077049453,12.367187,3.5232335e-07,-1.3032236e-06,0,0,0,1
1771685226996000,1771685226844000,0,1771685226844000,0,-552.79956,12.354216,0.053649902,-0.0019251406,12.367089,9.309586e-06,-3.034661e-07,0,0,0,1
1771685227052000,1771685226896000,0,1771685226900000,0,-552.7709,12.354284,0.0256958,0.0006768324,12.367187,2.135568e-06,-7.3702e-08,0,0,0,1
1771685227100000,1771685226948000,0,1771685226948000,0,-552.8224,12.354216,0.077941895,0.007955425,12.36709,1.9648725e-05,1.7842079e-06,0,0,0,1
1771685227156000,1771685227000000,0,1771685227004000,0,-552.7653,12.354284,0.021118164,0.009195394,12.3671875,1.442452e-06,1.7520135e-06,0,0,0,1
1771685227204000,1771685227052000,0,1771685227052000,0,-552.737,12.354216,-0.0072631836,0.007644948,12.36709,1.7062652e-07,1.5708953e-06,0,0,0,1
1771685227260000,1771685227104000,0,1771685227108000,0,-552.7699,12.354284,0.025390625,0.009316643,12.3671875,2.085143e-06,1.619339e-06,0,0,0,1
1771685227308000,1771685227156000,0,1771685227156000,0,-552.7086,12.354216,-0.036193848,0.005029422,12.367091,4.237034e-06,1.0676516e-06,0,0,0,1
1771685227364000,1771685227208000,0,1771685227212000,0,-552.7418,12.354284,-0.0032958984,0.0042451527,12.367188,3.5134732e-08,9.63766e-07,0,0,0,1
1771685227412000,1771685227260000,0,1771685227260000,0,-552.7231,12.354216,-0.022216797,0.0017523603,12.367091,1.59645e-06,7.2258615e-07,0,0,0,1
1771685227468000,1771685227312000,0,1771685227316000,0,-552.7843,12.354284,0.038391113,0.005203837,12.367188,4.767058e-06,1.1035871e-06,0,0,0,1
1771685227516000,1771685227364000,0,1771685227364000,0,-552.72766,12.354216,-0.018554688,0.002965715,12.367092,1.1135243e-06,8.9472877e-07,0,0,0,1
1771685227572000,1771685227416000,0,1771685227420000,0,-552.7607,12.354284,0.013916016,0.0039972654,12.367189,6.2635246e-07,8.694469e-07,0,0,0,1
1771685227620000,1771685227468000,0,1771685227468000,0,-552.75586,12.354216,0.008666992,0.004437167,12.367093,2.4295684e-07,8.1042975e-07,0,0,0,1
1771685227676000,1771685227520000,0,1771685227524000,0,-552.737,12.354284,-0.0107421875,0.003007228,12.36719,3.7322818e-07,6.9892576e-07,0,0,0,1
1771685227724000,1771685227572000,0,1771685227572000,0,-552.7183,12.354216,-0.030273438,-0.00012790761,12.367093,2.9642567e-06,3.5384332e-07,0,0,0,1
1771685227780000,1771685227624000,0,1771685227628000,0,-552.72797,12.354284,-0.021850586,-0.002174247,12.36719,1.5442412e-06,1.7503824e-07,0,0,0,1
1771685227828000,1771685227676000,0,1771685227676000,0,-552.7751,12.354216,0.024291992,0.00031894958,12.367094,1.9086162e-06,3.3834633e-07,0,0,0,1
1771685227884000,1771685227728000,0,1771685227732000,0,-552.79834,12.354284,0.045837402,0.0046069203,12.367191,6.795617e-06,9.4664006e-07,0,0,0,1
1771685227932000,1771685227780000,0,1771685227780000,0,-552.72754,12.354216,-0.02709961,0.0016200729,12.367095,2.3752993e-06,6.3370373e-07,0,0,0,1
1771685227988000,1771685227832000,0,1771685227836000,0,-552.7747,12.354284,0.016845703,0.0030543716,12.367192,9.178404e-07,6.604702e-07,0,0,0,1
1771685228036000,1771685227884000,0,1771685227884000,0,-552.80273,12.354216,0.041748047,0.006699428,12.367096,5.637215e-06,1.1292941e-06,0,0,0,1
1771685228092000,1771685227936000,0,1771685227940000,0,-552.7602,12.354284,-0.004211426,0.005671594,12.367194,5.7365018e-08,1.0175073e-06,0,0,0,1
1771685228140000,1771685227988000,0,1771685227988000,0,-552.76483,12.354216,-0.002380371,0.0049130754,12.367098,1.8326583e-08,9.1992877e-07,0,0,0,1
1771685228196000,1771685228040000,0,1771685228044000,0,-552.75085,12.354284,-0.01977539,0.00258735,12.367195,1.2648497e-06,7.1411625e-07,0,0,0,1
1771685228244000,1771685228092000,0,1771685228092000,0,-552.7369,12.354216,-0.036315918,-0.0010774506,12.367099,4.2656598e-06,2.450069e-07,0,0,0,1
1771685228300000,1771685228144000,0,1771685228148000,0,-552.7841,12.354284,0.008361816,-0.00018824416,12.367197,2.2614654e-07,2.432302e-07,0,0,0,1
1771685228348000,1771685228196000,0,1771685228196000,0,-552.7418,12.354216,-0.03540039,-0.003505331,12.367101,4.053295e-06,-1.6151498e-07,0,0,0,1
1771685228404000,1771685228248000,0,1771685228252000,0,-552.77026,12.354284,-0.008300781,-0.0039570765,12.367199,2.2285717e-07,-1.6729359e-07,0,0,0,1
1771685228452000,1771685228300000,0,1771685228300000,0,-552.8126,12.354216,0.03314209,-0.00046222704,12.367104,3.5526448e-06,1.831354e-07,0,0,0,1
1771685228508000,1771685228352000,0,1771685228356000,0,-552.8218,12.354284,0.04168701,0.0035083536,12.367202,5.6206954e-06,6.9536935e-07,0,0,0,1
1771685228556000,1771685228404000,0,1771685228404000,0,-552.7979,12.354216,0.017456055,0.0048222677,12.367106,9.855622e-07,7.227064e-07,0,0,0,1
1771685228612000,1771685228456000,0,1771685228460000,0,-552.8306,12.354284,0.049987793,0.009076991,12.367205,8.081954e-06,1.4159689e-06,0,0,0,1
1771685228660000,1771685228508000,0,1771685228508000,0,-552.78326,12.354216,0.0025634766,0.0084633995,12.367109,2.125448e-08,1.2845827e-06,0,0,0,1
1771685228716000,1771685228560000,0,1771685228564000,0,-552.7973,12.354284,0.016784668,0.009247287,12.3672085,9.1120023e-07,1.249409e-06,0,0,0,1
1771685228764000,1771685228612000,0,1771685228612000,0,-552.73615,12.354216,-0.043640137,0.004265138,12.367113,6.159761e-06,5.5144363e-07,0,0,0,1
1771685228820000,1771685228664000,0,1771685228668000,0,-552.76,12.354284,-0.018554688,0.0021154443,12.367212,1.1135135e-06,3.9459985e-07,0,0,0,1
1771685228868000,1771685228716000,0,1771685228716000,0,-552.8024,12.354216,0.025390625,0.0043080337,12.367117,2.0851548e-06,5.5385505e-07,0,0,0,1
1771685228924000,1771685228768000,0,1771685228772000,0,-552.8022,12.354284,0.02746582,0.0064895647,12.367216,2.4399067e-06,7.315266e-07,0,0,0,1
1771685228972000,1771685228820000,0,1771685228820000,0,-552.755,12.354217,-0.017089844,0.0042683156,12.367122,9.4464264e-07,5.736266e-07,0,0,0,1
1771685229028000,1771685228872000,0,1771685228876000,0,-552.7599,12.354284,-0.008728027,0.0030440222,12.367221,2.463883e-07,4.963788e-07,0,0,0,1
1771685229076000,1771685228924000,0,1771685228924000,0,-552.74115,12.354217,-0.024230957,0.00047463994,12.367126,1.8990322e-06,2.7072412e-07,0,0,0,1
1771685229132000,1771685228976000,0,1771685228980000,0,-552.74133,12.354284,-0.019897461,-0.0014444711,12.367226,1.2805102e-06,1.2459333e-07,0,0,0,1
1771685229180000,1771685229028000,0,1771685229028000,0,-552.78375,12.354217,0.026550293,0.0011927169,12.367131,2.2799727e-06,3.2763631e-07,0,0,0,1
1771685229236000,1771685229080000,0,1771685229084000,0,-552.7741,12.354284,0.021606445,0.0031157495,12.36723,1.5099209e-06,4.3901096e-07,0,0,0,1
1771685229284000,1771685229132000,0,1771685229132000,0,-552.7833,12.354217,0.035095215,0.006128308,12.367136,3.9837005e-06,7.72931e-07,0,0,0,1
1771685229340000,1771685229184000,0,1771685229188000,0,-552.7549,12.354284,0.011657715,0.0066491943,12.367234,4.3955606e-07,7.415261e-07,0,0,0,1
1771685229388000,1771685229236000,0,1771685229236000,0,-552.7078,12.354217,-0.03125,0.00307898,12.36714,3.1585719e-06,3.7412553e-07,0,0,0,1
1771685229444000,1771685229288000,0,1771685229292000,0,-552.74097,12.354284,0.0064697266,0.0033983982,12.367239,1.3538143e-07,3.5163515e-07,0,0,0,1
1771685229492000,1771685229340000,0,1771685229340000,0,-552.77844,12.354217,0.04748535,0.0075515173,12.367144,7.293062e-06,1.0055378e-06,0,0,0,1
1771685229548000,1771685229392000,0,1771685229396000,0,-552.72644,12.354284,-0.0008544922,0.006759647,12.367243,2.3615836e-09,9.1059076e-07,0,0,0,1
1771685229596000,1771685229444000,0,1771685229444000,0,-552.6889,12.354217,-0.03540039,0.0027880487,12.367147,4.0532796e-06,4.4297977e-07,0,0,0,1
1771685229652000,1771685229496000,0,1771685229500000,0,-552.73615,12.354284,0.014831543,0.0039225807,12.367246,7.11475e-07,4.682728e-07,0,0,0,1
1771685229700000,1771685229548000,0,1771685229548000,0,-552.7313,12.354217,0.012329102,0.004714499,12.367149,4.916468e-07,4.7047467e-07,0,0,0,1
1771685229756000,1771685229600000,0,1771685229604000,0,-552.703,12.354284,-0.0138549805,0.0029652002,12.367248,6.208673e-07,3.676671e-07,0,0,0,1
1771685229804000,1771685229652000,0,1771685229652000,0,-552.7454,12.354217,0.030578613,0.005566464,12.367151,3.0243073e-06,6.179303e-07,0,0,0,1
1771685229860000,1771685229704000,0,1771685229708000,0,-552.7358,12.354284,0.022827148,0.0071924706,12.367249,1.6853505e-06,7.184844e-07,0,0,0,1
1771685229908000,1771685229756000,0,1771685229756000,0,-552.71674,12.354217,0.005126953,0.0069978926,12.367152,8.5017625e-08,6.5881e-07,0,0,0,1
1771685229964000,1771685229808000,0,1771685229812000,0,-552.6745,12.354284,-0.036071777,0.002940605,12.367249,4.208448e-06,2.0030012e-07,0,0,0,1
1771685230012000,1771685229860000,0,1771685229860000,0,-552.71234,12.354217,0.0028686523,0.0029338268,12.367152,2.6616204e-08,1.839386e-07,0,0,0,1
1771685230068000,1771685229912000,0,1771685229916000,0,-552.6325,12.354284,-0.07562256,-0.0044664135,12.367248,1.8496505e-05,-1.5758134e-06,0,0,0,1
1771685230116000,1771685229964000,0,1771685229964000,0,-552.6519,12.354217,-0.0546875,-0.009197386,12.367151,9.673117e-06,-2.3386028e-06,0,0,0,1
1771685230172000,1771685230016000,0,1771685230020000,0,-552.7181,12.354284,0.0126953125,-0.00713503,12.367247,5.2128325e-07,-2.0691932e-06,0,0,0,1
1771685230220000,1771685230068000,0,1771685230068000,0,-552.6664,12.354217,-0.037902832,-0.010033446,12.367149,4.646583e-06,-2.3119908e-06,0,0,0,1
1771685230276000,1771685230120000,0,1771685230124000,0,-552.7136,12.354284,0.010070801,-0.008139567,12.367245,3.2803112e-07,-2.063293e-06,0,0,0,1
1771685230324000,1771685230172000,0,1771685230172000,0,-552.67126,12.354217,-0.031677246,-0.010356885,12.367147,3.2455275e-06,-2.174663e-06,0,0,0,1
1771685230380000,1771685230224000,0,1771685230228000,0,-552.7514,12.354284,0.04864502,-0.0047987346,12.367243,7.653567e-06,-1.2488151e-06,0,0,0,1
1771685230428000,1771685230276000,0,1771685230276000,0,-552.68054,12.354217,-0.021972656,-0.0064165676,12.367146,1.5615491e-06,-1.2782756e-06,0,0,0,1
1771685230484000,1771685230328000,0,1771685230332000,0,-552.72296,12.354284,0.020507812,-0.0038802128,12.36724,1.3602723e-06,-1.0297167e-06,0,0,0,1
1771685230532000,1771685230380000,0,1771685230380000,0,-552.69934,12.354217,-0.003540039,-0.0038481674,12.367143,4.053281e-08,-9.3653273e-07,0,0,0,1
1771685230588000,1771685230432000,0,1771685230436000,0,-552.75104,12.354284,0.04711914,0.0009531013,12.367237,7.180952e-06,-1.7184209e-07,0,0,0,1
1771685230636000,1771685230484000,0,1771685230484000,0,-552.6849,12.354217,-0.019897461,-0.0010110822,12.36714,1.2805191e-06,-2.762827e-07,0,0,0,1
1771685230692000,1771685230536000,0,1771685230540000,0,-552.7367,12.354284,0.03112793,0.002016506,12.367234,3.1339198e-06,4.496829e-08,0,0,0,1
1771685230740000,1771685230588000,0,1771685230588000,0,-552.7646,12.354217,0.057922363,0.0072830003,12.367136,1.085134e-05,1.0629599e-06,0,0,0,1
1771685230796000,1771685230640000,0,1771685230644000,0,-552.75946,12.354284,0.0513916,0.011438158,12.36723,8.542242e-06,1.76753e-06,0,0,0,1
1771685230844000,1771685230692000,0,1771685230692000,0,-552.73553,12.354217,0.026245117,0.012833017,12.367133,2.2278605e-06,1.8108944e-06,0,0,0,1
1771685230900000,1771685230744000,0,1771685230748000,0,-552.7024,12.354284,-0.0087890625,0.010796154,12.367228,2.4984618e-07,1.6167667e-06,0,0,0,1
1771685230948000,1771685230796000,0,1771685230796000,0,-552.70715,12.354217,-0.0053710938,0.009273152,12.36713,9.330749e-08,1.4556728e-06,0,0,0,1
1771685231004000,1771685230848000,0,1771685230852000,0,-552.7307,12.354284,0.016418457,0.009946261,12.367225,8.718714e-07,1.400677e-06,0,0,0,1
1771685231052000,1771685230900000,0,1771685230900000,0,-552.7024,12.354217,-0.013549805,0.007732863,12.367126,5.9382336e-07,1.2127892e-06,0,0,0,1
1771685231108000,1771685230952000,0,1771685230956000,0,-552.7119,12.354284,-0.00592041,0.006446685,12.367221,1.1336826e-07,1.0878614e-06,0,0,0,1
1771685231156000,1771685231004000,0,1771685231004000,0,-552.77295,12.354217,0.05316162,0.010847367,12.367124,9.140874e-06,1.8464787e-06,0,0,0,1
1771685231212000,1771685231056000,0,1771685231060000,0,-552.7678,12.354284,0.04547119,0.014109032,12.367218,6.6874513e-06,2.3025123e-06,0,0,0,1
1771685231260000,1771685231108000,0,1771685231108000,0,-552.80975,12.354217,0.08526611,0.020812236,12.367121,2.3514966e-05,4.300787e-06,0,0,0,1
1771685231316000,1771685231160000,0,1771685231164000,0,-552.7574,12.354284,0.030273438,0.021703508,12.367215,2.9642274e-06,4.1748795e-06,0,0,0,1
1771685231364000,1771685231212000,0,1771685231212000,0,-552.74774,12.354217,0.018493652,0.02140113,12.367118,1.1062082e-06,3.8858016e-06,0,0,0,1
1771685231420000,1771685231264000,0,1771685231268000,0,-552.7663,12.354284,0.03491211,0.022673903,12.367212,3.9422157e-06,3.8911157e-06,0,0,0,1
1771685231468000,1771685231316000,0,1771685231316000,0,-552.766,12.354217,0.03253174,0.02360254,12.367115,3.4229938e-06,3.847017e-06,0,0,0,1
1771685231524000,1771685231368000,0,1771685231372000,0,-552.80804,12.354284,0.072143555,0.028175244,12.36721,1.6833845e-05,5.070414e-06,0,0,0,1
1771685231572000,1771685231420000,0,1771685231420000,0,-552.76514,12.354217,0.027282715,0.028091166,12.367113,2.407503e-06,4.8195598e-06,0,0,0,1
1771685231628000,1771685231472000,0,1771685231476000,0,-552.72266,12.354284,-0.01751709,0.023794737,12.367208,9.924584e-07,4.272051e-06,0,0,0,1
1771685231676000,1771685231524000,0,1771685231524000,0,-552.7745,12.354217,0.032470703,0.024612037,12.36711,3.410163e-06,4.1908584e-06,0,0,0,1
1771685231732000,1771685231576000,0,1771685231580000,0,-552.75073,12.354284,0.006591797,0.022914479,12.367206,1.4053873e-07,3.8093065e-06,0,0,0,1
1771685231780000,1771685231628000,0,1771685231628000,0,-552.7413,12.354217,-0.0045776367,0.020324642,12.367108,6.777577e-08,3.444074e-06,0,0,0,1
1771685231836000,1771685231680000,0,1771685231684000,0,-552.74603,12.354284,-0.0017089844,0.01824901,12.367204,9.446364e-09,3.1187424e-06,0,0,0,1
1771685231884000,1771685231732000,0,1771685231732000,0,-552.6803,12.354217,-0.06903076,0.010027003,12.367106,1.5412646e-05,1.3730316e-06,0,0,0,1
1771685231940000,1771685231784000,0,1771685231788000,0,-552.7654,12.354284,0.014953613,0.010491104,12.367201,7.232374e-07,1.3118191e-06,0,0,0,1
1771685231988000,1771685231836000,0,1771685231836000,0,-552.7465,12.354217,-0.004760742,0.009054336,12.367105,7.3306296e-08,1.1813363e-06,0,0,0,1
1771685232044000,1771685231888000,0,1771685231892000,0,-552.76526,12.354284,0.012512207,0.009380077,12.367199,5.063566e-07,1.1177513e-06,0,0,0,1
1771685232092000,1771685231940000,0,1771685231940000,0,-552.77454,12.354217,0.020568848,0.010434092,12.367103,1.3683965e-06,1.1413628e-06,0,0,0,1
1771685232148000,1771685231992000,0,1771685231996000,0,-552.7557,12.354284,0.0005493164,0.0095029175,12.367197,9.759641e-10,1.0339351e-06,0,0,0,1
1771685232196000,1771685232044000,0,1771685232044000,0,-552.812,12.354217,0.055847168,0.01386868,12.367101,1.0087752e-05,1.8868309e-06,0,0,0,1
1771685232252000,1771685232096000,0,1771685232100000,0,-552.788,12.354284,0.030578613,0.015442804,12.367196,3.0242961e-06,1.9939835e-06,0,0,0,1
1771685232300000,1771685232148000,0,1771685232148000,0,-552.74554,12.354217,-0.012939453,0.012769113,12.367099,5.4153185e-07,1.7551306e-06,0,0,0,1
1771685232356000,1771685232200000,0,1771685232204000,0,-552.80664,12.354284,0.04724121,0.016016485,12.367194,7.2182324e-06,2.2697707e-06,0,0,0,1
1771685232404000,1771685232252000,0,1771685232252000,0,-552.7734,12.354217,0.013793945,0.015807115,12.367097,6.1541664e-07,2.1139258e-06,0,0,0,1
1771685232460000,1771685232304000,0,1771685232308000,0,-552.7357,12.354284,-0.024169922,0.012041162,12.367192,1.8894673e-06,1.7367945e-06,0,0,0,1
1771685232508000,1771685232356000,0,1771685232356000,0,-552.77344,12.354217,0.013671875,0.01219478,12.367096,6.0457256e-07,1.6301359e-06,0,0,0,1
1771685232564000,1771685232408000,0,1771685232412000,0,-552.7733,12.354284,0.013305664,0.012299429,12.367191,5.726141e-07,1.5305143e-06,0,0,0,1
1771685232612000,1771685232460000,0,1771685232460000,0,-552.7357,12.354217,-0.024047852,0.008875409,12.367094,1.8704449e-06,1.2101341e-06,0,0,0,1
1771685232668000,1771685232512000,0,1771685232516000,0,-552.79224,12.354284,0.03277588,0.011126903,12.367189,3.4745426e-06,1.423448e-06,0,0,0,1
1771685232716000,1771685232564000,0,1771685232564000,0,-552.77313,12.354217,0.013671875,0.011366647,12.367093,6.045727e-07,1.3463076e-06,0,0,0,1
1771685232772000,1771685232616000,0,1771685232620000,0,-552.7918,12.354284,0.032043457,0.013314462,12.367188,3.3209913e-06,1.5323285e-06,0,0,0,1
1771685232820000,1771685232668000,0,1771685232668000,0,-552.76337,12.354217,0.0031738281,0.012359185,12.367091,3.2580612e-08,1.3910479e-06,0,0,0,1
1771685232876000,1771685232720000,0,1771685232724000,0,-552.80566,12.354284,0.04522705,0.015455433,12.367187,6.6158495e-06,1.8832394e-06,0,0,0,1
1771685232924000,1771685232772000,0,1771685232772000,0,-552.7442,12.354217,-0.016357422,0.01245857,12.36709,8.654105e-07,1.6243087e-06,0,0,0,1
1771685232980000,1771685232824000,0,1771685232828000,0,-552.7631,12.354284,0.0025634766,0.0115264235,12.367186,2.1254351e-08,1.4732963e-06,0,0,0,1
1771685233028000,1771685232876000,0,1771685232876000,0,-552.76306,12.354217,0.0025634766,0.010682087,12.367089,2.1254515e-08,1.3365097e-06,0,0,0,1
1771685233084000,1771685232928000,0,1771685232932000,0,-552.76776,12.354284,0.0075683594,0.0103887655,12.367185,1.8526468e-07,1.2280591e-06,0,0,0,1
1771685233132000,1771685232980000,0,1771685232980000,0,-552.7865,12.354217,0.026489258,0.011905478,12.367088,2.2695099e-06,1.3261667e-06,0,0,0,1
1771685233188000,1771685233032000,0,1771685233036000,0,-552.7299,12.354284,-0.030090332,0.007949351,12.367184,2.9284859e-06,9.2536607e-07,0,0,0,1
1771685233236000,1771685233084000,0,1771685233084000,0,-552.73956,12.354217,-0.020629883,0.0052571045,12.367086,1.3765314e-06,7.0852064e-07,0,0,0,1
1771685233292000,1771685233136000,0,1771685233140000,0,-552.7773,12.354284,0.016967773,0.0063602836,12.367182,9.3119144e-07,7.294969e-07,0,0,0,1
1771685233340000,1771685233188000,0,1771685233188000,0,-552.78186,12.354217,0.021484375,0.007785017,12.367085,1.4929253e-06,8.0141405e-07,0,0,0,1
1771685233396000,1771685233240000,0,1771685233244000,0,-552.72534,12.354284,-0.03540039,0.003716826,12.367181,4.0532686e-06,3.4408885e-07,0,0,0,1
1771685233444000,1771685233292000,0,1771685233292000,0,-552.7726,12.354217,0.01159668,0.004459131,12.3670845,4.3497067e-07,3.5265018e-07,0,0,0,1
1771685233500000,1771685233344000,0,1771685233348000,0,-552.8476,12.354284,0.08642578,0.012180628,12.36718,2.4158831e-05,2.5952618e-06,0,0,0,1
1771685233548000,1771685233396000,0,1771685233396000,0,-552.82806,12.354217,0.06652832,0.01730034,12.367084,1.4315477e-05,3.6993401e-06,0,0,0,1
1771685233604000,1771685233448000,0,1771685233452000,0,-552.8088,12.354284,0.04663086,0.02006336,12.367179,7.0329284e-06,4.0133737e-06,0,0,0,1
1771685233652000,1771685233500000,0,1771685233500000,0,-552.7521,12.354217,-0.010559082,0.017178636,12.367083,3.6061607e-07,3.6013312e-06,0,0,0,1
1771685233708000,1771685233552000,0,1771685233556000,0,-552.7803,12.354284,0.01739502,0.01719902,12.367178,9.786767e-07,3.3542694e-06,0,0,0,1
1771685233756000,1771685233604000,0,1771685233604000,0,-552.7473,12.354217,-0.01550293,0.014118402,12.367082,7.7735666e-07,2.9650582e-06,0,0,0,1
1771685233812000,1771685233656000,0,1771685233660000,0,-552.73334,12.354284,-0.02960205,0.009999808,12.367177,2.8342165e-06,2.4187498e-06,0,0,0,1
1771685233860000,1771685233708000,0,1771685233708000,0,-552.7242,12.354217,-0.03869629,0.0054124943,12.367081,4.8431893e-06,1.734654e-06,0,0,0,1
1771685233916000,1771685233760000,0,1771685233764000,0,-552.7292,12.354284,-0.033569336,0.0017402926,12.367176,3.6448102e-06,1.2278929e-06,0,0,0,1
1771685233964000,1771685233812000,0,1771685233812000,0,-552.753,12.354217,-0.00982666,0.0006506521,12.36708,3.1232352e-07,1.0828e-06,0,0,0,1
1771685234020000,1771685233864000,0,1771685233868000,0,-552.7812,12.354284,0.018066406,0.0022912668,12.367176,1.0556817e-06,1.0802454e-06,0,0,0,1
1771685234068000,1771685233916000,0,1771685233916000,0,-552.7435,12.354217,-0.01965332,0.00022402313,12.36708,1.2492941e-06,8.6079604e-07,0,0,0,1
1771685234124000,1771685233968000,0,1771685233972000,0,-552.7953,12.354284,0.03186035,0.003204257,12.367175,3.283149e-06,1.0889887e-06,0,0,0,1
1771685234172000,1771685234020000,0,1771685234020000,0,-552.7434,12.354217,-0.020263672,0.00099351,12.367079,1.328095e-06,8.612924e-07,0,0,0,1
1771685234228000,1771685234072000,0,1771685234076000,0,-552.7295,12.354284,-0.034423828,-0.002342906,12.367174,3.8327266e-06,4.1910215e-07,0,0,0,1
1771685234276000,1771685234124000,0,1771685234124000,0,-552.79083,12.354217,0.027160645,0.00043641403,12.367078,2.3860143e-06,6.04391e-07,0,0,0,1
1771685234332000,1771685234176000,0,1771685234180000,0,-552.73425,12.354284,-0.02911377,-0.0023472991,12.367174,2.7414883e-06,2.8919945e-07,0,0,0,1
1771685234380000,1771685234228000,0,1771685234228000,0,-552.7439,12.354217,-0.01928711,-0.003943078,12.367078,1.2031705e-06,1.4861386e-07,0,0,0,1
1771685234436000,1771685234280000,0,1771685234284000,0,-552.7722,12.354284,0.008850098,-0.002737924,12.367173,2.5332946e-07,1.5847837e-07,0,0,0,1
1771685234484000,1771685234332000,0,1771685234332000,0,-552.74396,12.354217,-0.019348145,-0.004302655,12.367077,1.2107977e-06,2.948859e-08,0,0,0,1
1771685234540000,1771685234384000,0,1771685234388000,0,-552.71594,12.354284,-0.04724121,-0.008347591,12.367172,7.2182447e-06,-6.5326896e-07,0,0,0,1
1771685234588000,1771685234436000,0,1771685234436000,0,-552.75397,12.354216,-0.008850098,-0.008394929,12.367075,2.5333145e-07,-6.155937e-07,0,0,0,1
1771685234644000,1771685234488000,0,1771685234492000,0,-552.7352,12.354284,-0.026855469,-0.010133965,12.367172,2.3326793e-06,-7.7734813e-07,0,0,0,1
1771685234692000,1771685234540000,0,1771685234540000,0,-552.6932,12.354216,-0.06781006,-0.015567221,12.367075,1.4872406e-05,-2.1051435e-06,0,0,0,1
1771685234748000,1771685234592000,0,1771685234596000,0,-552.7219,12.354284,-0.03765869,-0.017648302,12.367171,4.5869083e-06,-2.338933e-06,0,0,0,1
1771685234796000,1771685234644000,0,1771685234644000,0,-552.76447,12.354216,0.0063476562,-0.015387813,12.367074,1.3032263e-07,-2.106322e-06,0,0,0,1
1771685234852000,1771685234696000,0,1771685234700000,0,-552.74097,12.354284,-0.015686035,-0.015415906,12.367171,7.958221e-07,-1.982869e-06,0,0,0,1
1771685234900000,1771685234748000,0,1771685234748000,0,-552.7317,12.354216,-0.024047852,-0.01622906,12.367074,1.8704478e-06,-1.9722786e-06,0,0,0,1
1771685234956000,1771685234800000,0,1771685234804000,0,-552.70374,12.354284,-0.050720215,-0.019478226,12.36717,8.320546e-06,-2.5703039e-06,0,0,0,1
1771685235004000,1771685234852000,0,1771685234852000,0,-552.70886,12.354216,-0.044555664,-0.021840593,12.367074,6.420944e-06,-2.9330454e-06,0,0,0,1
1771685235060000,1771685234904000,0,1771685234908000,0,-552.76556,12.354284,0.013305664,-0.018529713,12.36717,5.72615e-07,-2.602802e-06,0,0,0,1
1771685235108000,1771685234956000,0,1771685234956000,0,-552.76074,12.354216,0.009460449,-0.015892958,12.367073,2.894787e-07,-2.3303407e-06,0,0,0,1
1771685235164000,1771685235008000,0,1771685235012000,0,-552.74664,12.354284,-0.0036010742,-0.014735027,12.36717,4.194245e-08,-2.114767e-06,0,0,0,1
1771685235212000,1771685235060000,0,1771685235060000,0,-552.72314,12.354216,-0.026550293,-0.01584806,12.367073,2.2799836e-06,-2.130331e-06,0,0,0,1
1771685235268000,1771685235112000,0,1771685235116000,0,-552.7609,12.354284,0.011962891,-0.013228187,12.367169,4.6287312e-07,-1.8860437e-06,0,0,0,1
1771685235316000,1771685235164000,0,1771685235164000,0,-552.7608,12.354216,0.012268066,-0.010826366,12.367073,4.867941e-07,-1.6625155e-06,0,0,0,1
1771685235372000,1771685235216000,0,1771685235220000,0,-552.75604,12.354284,0.008117676,-0.0090417825,12.367169,2.1313417e-07,-1.4858239e-06,0,0,0,1
1771685235420000,1771685235268000,0,1771685235268000,0,-552.7137,12.354216,-0.034057617,-0.011398347,12.367072,3.751644e-06,-1.6992707e-06,0,0,0,1
1771685235476000,1771685235320000,0,1771685235324000,0,-552.8079,12.354284,0.060424805,-0.0046323976,12.367169,1.1809192e-05,-4.2673423e-07,0,0,0,1
1771685235524000,1771685235372000,0,1771685235372000,0,-552.7323,12.354216,-0.015258789,-0.0056334343,12.367072,7.530664e-07,-4.5747566e-07,0,0,0,1
1771685235580000,1771685235424000,0,1771685235428000,0,-552.81226,12.354284,0.06488037,0.0010091714,12.367168,1.361496e-05,8.681887e-07,0,0,0,1
1771685235628000,1771685235476000,0,1771685235476000,0,-552.7882,12.354216,0.041015625,0.0047778958,12.367072,5.4411635e-06,1.2989763e-06,0,0,0,1
1771685235684000,1771685235528000,0,1771685235532000,0,-552.76434,12.354284,0.016662598,0.0058974694,12.367168,8.9799755e-07,1.2612029e-06,0,0,0,1
1771685235732000,1771685235580000,0,1771685235580000,0,-552.7502,12.354216,0.001953125,0.0055259005,12.367072,1.233824e-08,1.1435562e-06,0,0,0,1
1771685235788000,1771685235632000,0,1771685235636000,0,-552.7079,12.354284,-0.04083252,0.0011588023,12.367168,5.3926483e-06,5.278268e-07,0,0,0,1
1771685235836000,1771685235684000,0,1771685235684000,0,-552.7786,12.354216,0.02947998,0.0038267397,12.367071,2.8109137e-06,7.4290017e-07,0,0,0,1
1771685235892000,1771685235736000,0,1771685235740000,0,-552.75024,12.354284,0.0007324219,0.003535246,12.367168,1.7350514e-09,6.7308025e-07,0,0,0,1
1771685235940000,1771685235788000,0,1771685235788000,0,-552.72205,12.354216,-0.027709961,0.00059185666,12.367071,2.4835044e-06,3.7572082e-07,0,0,0,1
1771685235996000,1771685235840000,0,1771685235844000,0,-552.7645,12.354284,0.014587402,0.0019102778,12.367168,6.882491e-07,4.051619e-07,0,0,0,1
1771685236044000,1771685235892000,0,1771685235892000,0,-552.7691,12.354216,0.019165039,0.0035357263,12.367071,1.1879894e-06,4.7890654e-07,0,0,0,1
1771685236100000,1771685235944000,0,1771685235948000,0,-552.7689,12.354284,0.019104004,0.0050023035,12.367167,1.1804253e-06,5.449916e-07,0,0,0,1
1771685236148000,1771685235996000,0,1771685235996000,0,-552.74066,12.354216,-0.009094238,0.0036743684,12.367071,2.6750124e-07,4.6845244e-07,0,0,0,1
1771685236204000,1771685236048000,0,1771685236052000,0,-552.75946,12.354284,0.009399414,0.0042136842,12.367167,2.8575332e-07,4.5124165e-07,0,0,0,1
1771685236252000,1771685236100000,0,1771685236100000,0,-552.6937,12.354216,-0.05633545,-0.00149022,12.367071,1.0264946e-05,-5.5825427e-07,0,0,0,1
1771685236308000,1771685236152000,0,1771685236156000,0,-552.7458,12.354284,-0.004211426,-0.0017465655,12.367167,5.736514e-08,-5.1106906e-07,0,0,0,1
1771685236356000,1771685236204000,0,1771685236204000,0,-552.75055,12.354216,0.0006713867,-0.0015187874,12.367071,1.4579365e-09,-4.6278754e-07,0,0,0,1
1771685236412000,1771685236256000,0,1771685236260000,0,-552.72705,12.354284,-0.022644043,-0.0035088477,12.367167,1.658432e-06,-5.754207e-07,0,0,0,1
1771685236460000,1771685236308000,0,1771685236308000,0,-552.6944,12.354216,-0.05493164,-0.008353025,12.367071,9.75974e-06,-1.4406103e-06,0,0,0,1
1771685236516000,1771685236360000,0,1771685236364000,0,-552.7183,12.354284,-0.031066895,-0.010492737,12.367167,3.1216587e-06,-1.5989699e-06,0,0,0,1
1771685236564000,1771685236412000,0,1771685236412000,0,-552.75146,12.354216,0.0022583008,-0.009291553,12.36707,1.6495168e-08,-1.4467884e-06,0,0,0,1
1771685236620000,1771685236464000,0,1771685236468000,0,-552.73267,12.354284,-0.016113281,-0.0099341795,12.367167,8.397649e-07,-1.389605e-06,0,0,0,1
1771685236668000,1771685236516000,0,1771685236516000,0,-552.714,12.354216,-0.034301758,-0.012229676,12.36707,3.8056244e-06,-1.6172011e-06,0,0,0,1
1771685236724000,1771685236568000,0,1771685236572000,0,-552.7049,12.354284,-0.043029785,-0.015131136,12.367167,5.9886383e-06,-2.029003e-06,0,0,0,1
1771685236772000,1771685236620000,0,1771685236620000,0,-552.7287,12.354216,-0.019104004,-0.015505392,12.36707,1.1804347e-06,-1.9490656e-06,0,0,0,1
1771685236828000,1771685236672000,0,1771685236676000,0,-552.7664,12.354284,0.018737793,-0.012279585,12.367167,1.1356032e-06,-1.6584809e-06,0,0,0,1
1771685236876000,1771685236724000,0,1771685236724000,0,-552.7898,12.354216,0.04248047,-0.007121029,12.36707,5.836759e-06,-9.524075e-07,0,0,0,1
1771685236932000,1771685236776000,0,1771685236780000,0,-552.83167,12.354284,0.084228516,0.0014843638,12.367167,2.2946055e-05,1.2988972e-06,0,0,0,1
1771685236980000,1771685236828000,0,1771685236828000,0,-552.7887,12.354216,0.04095459,0.0052025737,12.36707,5.424982e-06,1.6875865e-06,0,0,0,1
1771685237036000,1771685236880000,0,1771685236884000,0,-552.7555,12.354284,0.0073242188,0.005402439,12.367167,1.7350514e-07,1.5449557e-06,0,0,0,1
1771685237084000,1771685236932000,0,1771685236932000,0,-552.73663,12.354216,-0.011779785,0.0037838235,12.36707,4.4881557e-07,1.3571366e-06,0,0,0,1
1771685237140000,1771685236984000,0,1771685236988000,0,-552.74615,12.354284,-0.0025024414,0.003191639,12.367167,2.0254316e-08,1.2273824e-06,0,0,0,1
1771685237188000,1771685237036000,0,1771685237036000,0,-552.70856,12.354216,-0.04034424,-0.0009095671,12.36707,5.2644887e-06,6.1582926e-07,0,0,0,1
1771685237244000,1771685237088000,0,1771685237092000,0,-552.7136,12.354284,-0.035461426,-0.0041644527,12.367167,4.0672617e-06,1.7466849e-07,0,0,0,1
1771685237292000,1771685237140000,0,1771685237140000,0,-552.77026,12.354216,0.021484375,-0.0017482585,12.36707,1.4929271e-06,2.9885229e-07,0,0,0,1
1771685237348000,1771685237192000,0,1771685237196000,0,-552.72784,12.354284,-0.020935059,-0.003555711,12.367167,1.417549e-06,1.3716229e-07,0,0,0,1
1771685237396000,1771685237244000,0,1771685237244000,0,-552.78436,12.354216,0.035705566,0.00014281552,12.36707,4.1234907e-06,5.1268603e-07,0,0,0,1
1771685237452000,1771685237296000,0,1771685237300000,0,-552.76056,12.354284,0.01184082,0.0012448016,12.367167,4.5347497e-07,5.0710815e-07,0,0,0,1
1771685237500000,1771685237348000,0,1771685237348000,0,-552.737,12.354216,-0.011657715,2.9347022e-05,12.36707,4.395619e-07,4.1792907e-07,0,0,0,1
1771685237556000,1771685237400000,0,1771685237404000,0,-552.7042,12.354284,-0.0446167,-0.0041764406,12.367167,6.4384985e-06,-2.2796632e-07,0,0,0,1
1771685237604000,1771685237452000,0,1771685237452000,0,-552.7656,12.354216,0.016662598,-0.0022133426,12.36707,8.9800466e-07,-1.2189659e-07,0,0,0,1
1771685237660000,1771685237504000,0,1771685237508000,0,-552.75146,12.354284,0.002319336,-0.0017863511,12.367167,1.739871e-08,-1.0877457e-07,0,0,0,1
1771685237708000,1771685237556000,0,1771685237556000,0,-552.76074,12.354216,0.011169434,-0.00056587846,12.36707,4.0351108e-07,-6.0515774e-08,0,0,0,1
1771685237764000,1771685237608000,0,1771685237612000,0,-552.74664,12.354284,-0.0028686523,-0.0007828064,12.367167,2.661617e-08,-5.732233e-08,0,0,0,1
1771685237812000,1771685237660000,0,1771685237660000,0,-552.7748,12.354216,0.02557373,0.001700056,12.36707,2.1153455e-06,1.4734928e-07,0,0,0,1
1771685237868000,1771685237712000,0,1771685237716000,0,-552.7746,12.354284,0.025268555,0.003920277,12.367167,2.0651448e-06,3.280112e-07,0,0,0,1
1771685237916000,1771685237764000,0,1771685237764000,0,-552.7133,12.354216,-0.036010742,0.00015865918,12.36707,4.194279e-06,-9.8001664e-08,0,0,0,1
1771685237972000,1771685237816000,0,1771685237820000,0,-552.7418,12.354284,-0.0075683594,-0.0005692484,12.367167,1.8526494e-07,-1.0622212e-07,0,0,0,1
1771685238020000,1771685237868000,0,1771685237868000,0,-552.7653,12.354216,0.01574707,0.00096779625,12.36707,8.0203387e-07,-2.0661766e-08,0,0,0,1
1771685238076000,1771685237920000,0,1771685237924000,0,-552.72766,12.354284,-0.021850586,-0.0011817617,12.367167,1.5442439e-06,-1.6418764e-07,0,0,0,1
1771685238124000,1771685237972000,0,1771685237972000,0,-552.74664,12.354216,-0.002746582,-0.0013291724,12.36707,2.4399354e-08,-1.5101918e-07,0,0,0,1
1771685238180000,1771685238024000,0,1771685238028000,0,-552.71375,12.354284,-0.03527832,-0.004527281,12.367167,4.0253676e-06,-5.159941e-07,0,0,0,1
1771685238228000,1771685238076000,0,1771685238076000,0,-552.7657,12.354216,0.017089844,-0.002490885,12.36707,9.4464656e-07,-3.783975e-07,0,0,0,1
1771685238284000,1771685238128000,0,1771685238132000,0,-552.728,12.354284,-0.020629883,-0.0041996315,12.367167,1.3765223e-06,-4.7242372e-07,0,0,0,1
1771685238332000,1771685238180000,0,1771685238180000,0,-552.77985,12.354216,0.031188965,-0.000865923,12.36707,3.1462635e-06,-1.3153289e-07,0,0,0,1
1771685238388000,1771685238232000,0,1771685238236000,0,-552.7044,12.354284,-0.044799805,-0.005004622,12.367167,6.491454e-06,-7.306559e-07,0,0,0,1
1771685238436000,1771685238284000,0,1771685238284000,0,-552.72363,12.354216,-0.025756836,-0.006959541,12.36707,2.1457454e-06,-8.639615e-07,0,0,0,1
1771685238492000,1771685238336000,0,1771685238340000,0,-552.78955,12.354284,0.040161133,-0.0025206362,12.367167,5.2167693e-06,-2.9113897e-07,0,0,0,1
1771685238540000,1771685238388000,0,1771685238388000,0,-552.747,12.354216,-0.0022583008,-0.0024959235,12.36707,1.6495168e-08,-2.6526672e-07,0,0,0,1
1771685238596000,1771685238440000,0,1771685238444000,0,-552.6954,12.354284,-0.053527832,-0.007303278,12.367167,9.267211e-06,-1.113276e-06,0,0,0,1
1771685238644000,1771685238492000,0,1771685238492000,0,-552.74744,12.354216,-0.0012817383,-0.0067360313,12.36707,5.313637e-09,-1.0089027e-06,0,0,0,1
1771685238700000,1771685238544000,0,1771685238548000,0,-552.7334,12.354284,-0.015136719,-0.0075274007,12.367167,7.4105975e-07,-9.836712e-07,0,0,0,1
1771685238748000,1771685238596000,0,1771685238596000,0,-552.77106,12.354216,0.022827148,-0.004667914,12.36707,1.6853747e-06,-7.322393e-07,0,0,0,1
1771685238804000,1771685238648000,0,1771685238652000,0,-552.7755,12.354284,0.027282715,-0.0016580718,12.367167,2.4074923e-06,-4.3646745e-07,0,0,0,1
1771685238852000,1771685238700000,0,1771685238700000,0,-552.7847,12.354216,0.036315918,0.0019191883,12.36707,4.2656698e-06,6.4875394e-09,0,0,0,1
1771685238908000,1771685238752000,0,1771685238756000,0,-552.7187,12.354284,-0.029846191,-0.0010732028,12.367167,2.8811612e-06,-2.6553738e-07,0,0,0,1
1771685238956000,1771685238804000,0,1771685238804000,0,-552.77057,12.354216,0.022460938,0.0011437815,12.36707,1.6317323e-06,-8.680907e-08,0,0,0,1
1771685239012000,1771685238856000,0,1771685238860000,0,-552.74695,12.354284,-0.0009765625,0.0009440389,12.367167,3.0845357e-09,-7.892197e-08,0,0,0,1
1771685239060000,1771685238908000,0,1771685238908000,0,-552.74225,12.354216,-0.00592041,0.0002973879,12.36707,1.1336964e-07,-8.216704e-08,0,0,0,1
1771685239116000,1771685238960000,0,1771685238964000,0,-552.77515,12.354284,0.02709961,0.002822235,12.367167,2.3752855e-06,1.4933212e-07,0,0,0,1
1771685239164000,1771685239012000,0,1771685239012000,0,-552.7655,12.354216,0.01751709,0.004206533,12.36707,9.924693e-07,2.287581e-07,0,0,0,1
1771685239220000,1771685239064000,0,1771685239068000,0,-552.74194,12.354284,-0.00579834,0.0032640449,12.367167,1.08741936e-07,1.969646e-07,0,0,0,1
1771685239268000,1771685239116000,0,1771685239116000,0,-552.71375,12.354216,-0.03375244,-0.00022301567,12.36707,3.684712e-06,-1.6870061e-07,0,0,0,1
1771685239324000,1771685239168000,0,1771685239172000,0,-552.7751,12.354284,0.027770996,0.0024141017,12.367167,2.4944377e-06,8.217475e-08,0,0,0,1
1771685239372000,1771685239220000,0,1771685239220000,0,-552.7326,12.354216,-0.0146484375,0.000806761,12.36707,6.94026e-07,9.054382e-09,0,0,0,1
1771685239428000,1771685239272000,0,1771685239276000,0,-552.79376,12.354284,0.046691895,0.005129274,12.367167,7.0513574e-06,6.7245975e-07,0,0,0,1
1771685239476000,1771685239324000,0,1771685239324000,0,-552.72766,12.354216,-0.01953125,0.0028061809,12.36707,1.233824e-06,4.9288224e-07,0,0,0,1
1771685239532000,1771685239376000,0,1771685239380000,0,-552.7372,12.354284,-0.010437012,0.0015586336,12.367167,3.5232387e-07,4.1326138e-07,0,0,0,1
1771685239580000,1771685239428000,0,1771685239428000,0,-552.77954,12.354216,0.031677246,0.0043958942,12.36707,3.2455478e-06,6.8007097e-07,0,0,0,1
1771685239636000,1771685239480000,0,1771685239484000,0,-552.76984,12.354284,0.02166748,0.006022928,12.367167,1.5184712e-06,7.590507e-07,0,0,0,1
1771685239684000,1771685239532000,0,1771685239532000,0,-552.7039,12.354216,-0.044128418,0.0012985254,12.36707,6.298395e-06,9.421882e-08,0,0,0,1
1771685239740000,1771685239584000,0,1771685239588000,0,-552.7795,12.354284,0.031311035,0.004125791,12.367167,3.1709149e-06,3.8405253e-07,0,0,0,1
1771685239788000,1771685239636000,0,1771685239636000,0,-552.72754,12.354216,-0.0211792,0.0017419877,12.36707,1.4508156e-06,2.1120262e-07,0,0,0,1
1771685239844000,1771685239688000,0,1771685239692000,0,-552.7418,12.354284,-0.0072021484,0.000899424,12.367167,1.6776983e-07,1.7550231e-07,0,0,0,1
1771685239892000,1771685239740000,0,1771685239740000,0,-552.8076,12.354216,0.05810547,0.0062883995,12.36707,1.0920115e-05,1.187676e-06,0,0,0,1
1771685239948000,1771685239792000,0,1771685239796000,0,-552.7836,12.354284,0.03363037,0.008864093,12.367167,3.6580789e-06,1.4203952e-06,0,0,0,1
1771685239996000,1771685239844000,0,1771685239844000,0,-552.788,12.354216,0.03765869,0.011576627,12.36707,4.586946e-06,1.7186935e-06,0,0,0,1
1771685240052000,1771685239896000,0,1771685239900000,0,-552.722,12.354284,-0.028137207,0.007835469,12.367167,2.5606587e-06,1.3155661e-06,0,0,0,1
1771685240100000,1771685239948000,0,1771685239948000,0,-552.77386,12.354216,0.023925781,0.009351224,12.36707,1.8515072e-06,1.3660533e-06,0,0,0,1
1771685240156000,1771685240000000,0,1771685240004000,0,-552.74084,12.354284,-0.009033203,0.007619357,12.367167,2.6392058e-07,1.212505e-06,0,0,0,1
1771685240204000,1771685240052000,0,1771685240052000,0,-552.76904,12.354216,0.019104004,0.008701244,12.36707,1.1804347e-06,1.2094839e-06,0,0,0,1
1771685240260000,1771685240104000,0,1771685240108000,0,-552.736,12.354284,-0.013916016,0.0065706326,12.367167,6.2635354e-07,1.0365427e-06,0,0,0,1
1771685240308000,1771685240156000,0,1771685240156000,0,-552.7878,12.354216,0.037902832,0.009522216,12.36707,4.646613e-06,1.3766219e-06,0,0,0,1
1771685240364000,1771685240208000,0,1771685240212000,0,-552.72644,12.354284,-0.023132324,0.006446064,12.367167,1.7307258e-06,1.0839007e-06,0,0,0,1
1771685240412000,1771685240260000,0,1771685240260000,0,-552.7031,12.354216,-0.046203613,0.0014863117,12.36707,6.9047037e-06,3.3135092e-07,0,0,0,1
1771685240468000,1771685240312000,0,1771685240316000,0,-552.72235,12.354284,-0.026794434,-0.0011778169,12.367167,2.3220891e-06,8.1389146e-08,0,0,0,1
1771685240516000,1771685240364000,0,1771685240364000,0,-552.74133,12.354216,-0.007751465,-0.0017970736,12.36707,1.9433934e-07,5.541472e-08,0,0,0,1
1771685240572000,1771685240416000,0,1771685240420000,0,-552.7461,12.354284,-0.0028686523,-0.0018980195,12.367167,2.661617e-08,4.7687173e-08,0,0,0,1
1771685240620000,1771685240468000,0,1771685240468000,0,-552.71326,12.354216,-0.03552246,-0.0050655394,12.36707,4.081307e-06,-3.4127606e-07,0,0,0,1
1771685240676000,1771685240520000,0,1771685240524000,0,-552.69946,12.354284,-0.04937744,-0.00923985,12.367167,7.885821e-06,-1.0519941e-06,0,0,0,1
1771685240724000,1771685240572000,0,1771685240572000,0,-552.7281,12.354216,-0.020690918,-0.010318574,12.36707,1.3846904e-06,-1.0833351e-06,0,0,0,1
1771685240780000,1771685240624000,0,1771685240628000,0,-552.7188,12.354284,-0.029663086,-0.012140883,12.367167,2.845918e-06,-1.2493755e-06,0,0,0,1
1771685240828000,1771685240676000,0,1771685240676000,0,-552.7097,12.354216,-0.038208008,-0.014596482,12.36707,4.7217386e-06,-1.5764822e-06,0,0,0,1
1771685240884000,1771685240728000,0,1771685240732000,0,-552.7382,12.354284,-0.009338379,-0.014101153,12.367167,2.820543e-07,-1.4545433e-06,0,0,0,1
1771685240932000,1771685240780000,0,1771685240780000,0,-552.7383,12.354216,-0.008972168,-0.013617988,12.36707,2.603682e-07,-1.3420486e-06,0,0,0,1
1771685240988000,1771685240832000,0,1771685240836000,0,-552.71014,12.354284,-0.036743164,-0.015796447,12.367167,4.366594e-06,-1.6269696e-06,0,0,0,1
1771685241036000,1771685240884000,0,1771685240884000,0,-552.72925,12.354216,-0.017456055,-0.015952786,12.36707,9.855652e-07,-1.5665474e-06,0,0,0,1
1771685241092000,1771685240936000,0,1771685240940000,0,-552.7435,12.354284,-0.0025634766,-0.014691475,12.367167,2.125438e-08,-1.4209763e-06,0,0,0,1
1771685241140000,1771685240988000,0,1771685240988000,0,-552.72473,12.354216,-0.020996094,-0.015285389,12.36707,1.4258379e-06,-1.4214343e-06,0,0,0,1
1771685241196000,1771685241040000,0,1771685241044000,0,-552.7202,12.354284,-0.02532959,-0.016231582,12.367167,2.0751336e-06,-1.4830147e-06,0,0,0,1
1771685241244000,1771685241092000,0,1771685241092000,0,-552.73456,12.354216,-0.0107421875,-0.015714465,12.36707,3.7323179e-07,-1.3784698e-06,0,0,0,1
1771685241300000,1771685241144000,0,1771685241148000,0,-552.7534,12.354284,0.008056641,-0.013475157,12.367167,2.0994122e-07,-1.2288369e-06,0,0,0,1
1771685241348000,1771685241196000,0,1771685241196000,0,-552.697,12.354216,-0.04840088,-0.016765261,12.36707,7.5770413e-06,-1.8268563e-06,0,0,0,1
1771685241404000,1771685241248000,0,1771685241252000,0,-552.7631,12.354284,0.01739502,-0.013547264,12.367167,9.786775e-07,-1.5625669e-06,0,0,0,1
1771685241452000,1771685241300000,0,1771685241300000,0,-552.7536,12.354216,0.007873535,-0.011529363,12.36707,2.0050847e-07,-1.3964801e-06,0,0,0,1
1771685241508000,1771685241352000,0,1771685241356000,0,-552.6878,12.354284,-0.057739258,-0.01588247,12.367167,1.0782815e-05,-2.2807e-06,0,0,0,1
1771685241556000,1771685241404000,0,1771685241404000,0,-552.754,12.354216,0.0087890625,-0.013558339,12.36707,2.4984936e-07,-2.042315e-06,0,0,0,1
1771685241612000,1771685241456000,0,1771685241460000,0,-552.73517,12.354284,-0.010009766,-0.013224053,12.367167,3.2406905e-07,-1.8804511e-06,0,0,0,1
1771685241660000,1771685241508000,0,1771685241508000,0,-552.79626,12.354216,0.051208496,-0.00715432,12.36707,8.481588e-06,-9.0431683e-07,0,0,0,1
1771685241716000,1771685241560000,0,1771685241564000,0,-552.7301,12.354284,-0.015380859,-0.007929284,12.367167,7.6515767e-07,-8.9120766e-07,0,0,0,1
1771685241764000,1771685241612000,0,1771685241612000,0,-552.79126,12.354216,0.045654297,-0.002881555,12.36707,6.741499e-06,-1.7218451e-07,0,0,0,1
1771685241820000,1771685241664000,0,1771685241668000,0,-552.70636,12.354284,-0.03942871,-0.006324403,12.367167,5.028227e-06,-6.2963784e-07,0,0,0,1
1771685241868000,1771685241716000,0,1771685241716000,0,-552.7302,12.354216,-0.01574707,-0.0072120456,12.36707,8.0203387e-07,-6.4587806e-07,0,0,0,1
1771685241924000,1771685241768000,0,1771685241772000,0,-552.7773,12.354284,0.030944824,-0.0036175575,12.367167,3.0971753e-06,-2.9327154e-07,0,0,0,1
1771685241972000,1771685241820000,0,1771685241820000,0,-552.70184,12.354216,-0.04498291,-0.007514294,12.36707,6.5446775e-06,-8.821721e-07,0,0,0,1
1771685242028000,1771685241872000,0,1771685241876000,0,-552.7774,12.354284,0.030456543,-0.0039373306,12.367167,3.0002052e-06,-5.164409e-07,0,0,0,1
1771685242076000,1771685241924000,0,1771685241924000,0,-552.7677,12.354216,0.020568848,-0.0016287775,12.36707,1.3684e-06,-3.3888338e-07,0,0,0,1
1771685242132000,1771685241976000,0,1771685241980000,0,-552.74414,12.354284,-0.003479004,-0.0018030741,12.367167,3.9147096e-08,-3.1064735e-07,0,0,0,1
1771685242180000,1771685242028000,0,1771685242028000,0,-552.75824,12.354216,0.010192871,-0.0006730213,12.36707,3.3603632e-07,-2.4972786e-07,0,0,0,1
1771685242236000,1771685242080000,0,1771685242084000,0,-552.7535,12.354284,0.0048828125,-0.00014964561,12.367167,7.71134e-08,-2.1893847e-07,0,0,0,1
1771685242284000,1771685242132000,0,1771685242132000,0,-552.77686,12.354216,0.028076172,0.0025093083,12.36707,2.5495817e-06,4.1864197e-08,0,0,0,1
1771685242340000,1771685242184000,0,1771685242188000,0,-552.7485,12.354284,-0.0006713867,0.0022096776,12.367167,1.4579251e-09,3.7783128e-08,0,0,0,1
1771685242388000,1771685242236000,0,1771685242236000,0,-552.7391,12.354216,-0.010681152,0.000995324,12.36707,3.6900255e-07,-5.3726623e-10,0,0,0,1
1771685242444000,1771685242288000,0,1771685242292000,0,-552.77203,12.354284,0.02178955,0.0029542006,12.367167,1.5356289e-06,1.4417405e-07,0,0,0,1
1771685242492000,1771685242340000,0,1771685242340000,0,-552.76715,12.354216,0.016235352,0.0042053238,12.36707,8.525435e-07,2.1090452e-07,0,0,0,1
1771685242548000,1771685242392000,0,1771685242396000,0,-552.77637,12.354284,0.024780273,0.006143544,12.367167,1.9861036e-06,3.7813342e-07,0,0,0,1
1771685242596000,1771685242444000,0,1771685242444000,0,-552.75275,12.354216,0.0006713867,0.005628051,12.36707,1.4579367e-09,3.4264949e-07,0,0,0,1
1771685242652000,1771685242496000,0,1771685242500000,0,-552.7997,12.354284,0.046875,0.009513633,12.367167,7.1067707e-06,9.798493e-07,0,0,0,1
1771685242700000,1771685242548000,0,1771685242548000,0,-552.80865,12.354216,0.054992676,0.013797891,12.36707,9.781442e-06,1.808985e-06,0,0,0,1
1771685242756000,1771685242600000,0,1771685242604000,0,-552.719,12.354284,-0.035461426,0.009157521,12.367167,4.0672617e-06,1.2554254e-06,0,0,0,1
1771685242804000,1771685242652000,0,1771685242652000,0,-552.7334,12.354216,-0.02178955,0.0062422166,12.36707,1.5356411e-06,9.924988e-07,0,0,0,1
1771685242860000,1771685242704000,0,1771685242708000,0,-552.7758,12.354284,0.01977539,0.0075170808,12.367167,1.2648525e-06,1.0181553e-06,0,0,0,1
1771685242908000,1771685242756000,0,1771685242756000,0,-552.7381,12.354216,-0.018676758,0.0050495453,12.36707,1.1282261e-06,8.1595994e-07,0,0,0,1
1771685242964000,1771685242808000,0,1771685242812000,0,-552.7289,12.354284,-0.028564453,0.001883009,12.367167,2.6390132e-06,4.904914e-07,0,0,0,1
1771685243012000,1771685242860000,0,1771685242860000,0,-552.7526,12.354216,-0.0053100586,0.001205401,12.36707,9.119936e-08,4.3569443e-07,0,0,0,1
1771685243068000,1771685242912000,0,1771685242916000,0,-552.76666,12.354284,0.008483887,0.0018910556,12.367167,2.3279812e-07,4.16581e-07,0,0,0,1
1771685243116000,1771685242964000,0,1771685242964000,0,-552.74786,12.354216,-0.010498047,0.00072396616,12.36707,3.5645948e-07,3.4375836e-07,0,0,0,1
1771685243172000,1771685243016000,0,1771685243020000,0,-552.7574,12.354284,-0.0010986328,0.0005522721,12.367167,3.9038657e-09,3.1100757e-07,0,0,0,1
1771685243220000,1771685243068000,0,1771685243068000,0,-552.7761,12.354216,0.017944336,0.002190655,12.36707,1.0414728e-06,3.798195e-07,0,0,0,1
1771685243276000,1771685243120000,0,1771685243124000,0,-552.7525,12.354284,-0.0053710938,0.0014783164,12.367167,9.330721e-08,3.352496e-07,0,0,0,1
1771685243324000,1771685243172000,0,1771685243172000,0,-552.75256,12.354216,-0.0048828125,0.00087907957,12.36707,7.7114e-08,2.9640375e-07,0,0,0,1
1771685243380000,1771685243224000,0,1771685243228000,0,-552.7573,12.354284,0.00012207031,0.0008077671,12.367167,4.819587e-11,2.684862e-07,0,0,0,1
1771685243428000,1771685243276000,0,1771685243276000,0,-552.76196,12.354216,0.0045776367,0.0011628998,12.36707,6.777598e-08,2.495787e-07,0,0,0,1
1771685243484000,1771685243328000,0,1771685243332000,0,-552.75256,12.354284,-0.005004883,0.0005818767,12.367167,8.101726e-08,2.184356e-07,0,0,0,1
1771685243532000,1771685243380000,0,1771685243380000,0,-552.79016,12.354216,0.03253174,0.0035916464,12.36707,3.4230063e-06,5.203155e-07,0,0,0,1
1771685243588000,1771685243432000,0,1771685243436000,0,-552.78516,12.354284,0.02722168,0.0058176643,12.367167,2.3967325e-06,6.9707943e-07,0,0,0,1
1771685243636000,1771685243484000,0,1771685243484000,0,-552.7521,12.354216,-0.0061035156,0.0046946546,12.36707,1.2049063e-07,6.2006194e-07,0,0,0,1
1771685243692000,1771685243536000,0,1771685243540000,0,-552.75684,12.354284,-0.0015258789,0.0041086623,12.367167,7.5306055e-09,5.609409e-07,0,0,0,1
1771685243740000,1771685243588000,0,1771685243588000,0,-552.7662,12.354216,0.0073242188,0.0044115772,12.36707,1.735065e-07,5.2444346e-07,0,0,0,1
1771685243796000,1771685243640000,0,1771685243644000,0,-552.7568,12.354284,-0.0020141602,0.0038062541,12.367167,1.3121326e-08,4.738033e-07,0,0,0,1
1771685243844000,1771685243692000,0,1771685243692000,0,-552.72394,12.354216,-0.03491211,0.00015887152,12.36707,3.9422607e-06,5.7797223e-08,0,0,0,1
1771685243900000,1771685243744000,0,1771685243748000,0,-552.75244,12.354284,-0.0065307617,-0.0004713114,12.367167,1.3794863e-07,3.9357396e-08,0,0,0,1
1771685243948000,1771685243796000,0,1771685243796000,0,-552.73834,12.354216,-0.020446777,-0.0023530584,12.36707,1.3522061e-06,-9.173193e-08,0,0,0,1
1771685244004000,1771685243848000,0,1771685243852000,0,-552.7526,12.354284,-0.006286621,-0.0027236114,12.367167,1.278275e-07,-9.5132236e-08,0,0,0,1
1771685244052000,1771685243900000,0,1771685243900000,0,-552.7808,12.354216,0.021850586,-0.0004086506,12.36707,1.5442562e-06,5.930292e-08,0,0,0,1
1771685244108000,1771685243952000,0,1771685243956000,0,-552.76654,12.354284,0.007080078,0.00029680936,12.367167,1.6213092e-07,6.8989614e-08,0,0,0,1
1771685244156000,1771685244004000,0,1771685244004000,0,-552.8369,12.354216,0.07702637,0.0075249565,12.36707,1.9189869e-05,1.870232e-06,0,0,0,1
1771685244212000,1771685244056000,0,1771685244060000,0,-552.76587,12.354284,0.005554199,0.0073393052,12.367167,9.97775e-08,1.70345e-06,0,0,0,1
1771685244260000,1771685244108000,0,1771685244108000,0,-552.8081,12.354216,0.04711914,0.011086681,12.36707,7.181049e-06,2.2194558e-06,0,0,0,1
1771685244316000,1771685244160000,0,1771685244164000,0,-552.7748,12.354284,0.013183594,0.011284216,12.367167,5.6215663e-07,2.0633333e-06,0,0,0,1
1771685244364000,1771685244212000,0,1771685244212000,0,-552.7324,12.354216,-0.029724121,0.0074211117,12.36707,2.8576642e-06,1.599761e-06,0,0,0,1
1771685244420000,1771685244264000,0,1771685244268000,0,-552.76556,12.354284,0.0029296875,0.0069980063,12.367167,2.7760823e-08,1.451674e-06,0,0,0,1
1771685244468000,1771685244316000,0,1771685244316000,0,-552.71387,12.354216,-0.04925537,0.0016987748,12.36707,7.84694e-06,5.757176e-07,0,0,0,1
1771685244524000,1771685244368000,0,1771685244372000,0,-552.78,12.354284,0.016601562,0.0031026606,12.367167,8.9143083e-07,6.054587e-07,0,0,0,1
1771685244572000,1771685244420000,0,1771685244420000,0,-552.794,12.354216,0.030151367,0.0056507275,12.36707,2.9404052e-06,8.254175e-07,0,0,0,1
1771685244628000,1771685244472000,0,1771685244476000,0,-552.8078,12.354284,0.043640137,0.00922944,12.367167,6.159734e-06,1.3279256e-06,0,0,0,1
1771685244676000,1771685244524000,0,1771685244524000,0,-552.76044,12.354216,-0.0036010742,0.008020769,12.36707,4.194279e-08,1.19888e-06,0,0,0,1
1771685244732000,1771685244576000,0,1771685244580000,0,-552.72766,12.354284,-0.03656006,0.0038211253,12.367167,4.3231817e-06,6.7868575e-07,0,0,0,1
1771685244780000,1771685244628000,0,1771685244628000,0,-552.75146,12.354216,-0.012756348,0.0022594791,12.36707,5.2631515e-07,5.6517115e-07,0,0,0,1
1771685244836000,1771685244680000,0,1771685244684000,0,-552.7797,12.354284,0.01550293,0.0035070507,12.367167,7.773512e-07,5.851591e-07,0,0,0,1
1771685244884000,1771685244732000,0,1771685244732000,0,-552.7702,12.354216,0.0060424805,0.0037458956,12.36707,1.1809287e-07,5.4116015e-07,0,0,0,1
1771685244940000,1771685244784000,0,1771685244788000,0,-552.77954,12.354284,0.0154418945,0.004847693,12.367167,7.712424e-07,5.6283454e-07,0,0,0,1
1771685244988000,1771685244836000,0,1771685244836000,0,-552.7935,12.354216,0.029174805,0.0071393773,12.36707,2.7530182e-06,7.691562e-07,0,0,0,1
1771685245044000,1771685244888000,0,1771685244892000,0,-552.7745,12.354284,0.010192871,0.007427025,12.367167,3.3603368e-07,7.283548e-07,0,0,0,1
1771685245092000,1771685244940000,0,1771685244940000,0,-552.79785,12.354216,0.033691406,0.009901206,12.36707,3.6713977e-06,1.005598e-06,0,0,0,1
1771685245148000,1771685244992000,0,1771685244996000,0,-552.7694,12.354284,0.0053100586,0.009468706,12.367167,9.1198636e-08,9.1945896e-07,0,0,0,1
1771685245196000,1771685245044000,0,1771685245044000,0,-552.79755,12.354216,0.033813477,0.011762055,12.36707,3.6980503e-06,1.1812103e-06,0,0,0,1
1771685245252000,1771685245096000,0,1771685245100000,0,-552.79724,12.354284,0.033691406,0.013827863,12.367167,3.6713689e-06,1.4157905e-06,0,0,0,1
1771685245300000,1771685245148000,0,1771685245148000,0,-552.74536,12.354216,-0.018066406,0.01082333,12.36707,1.0556907e-06,1.1829698e-06,0,0,0,1
1771685245356000,1771685245200000,0,1771685245204000,0,-552.7455,12.354284,-0.01776123,0.008130581,12.367167,1.0203187e-06,9.754136e-07,0,0,0,1
1771685245404000,1771685245252000,0,1771685245252000,0,-552.755,12.354216,-0.0078125,0.006628697,12.36707,1.9741185e-07,8.6493003e-07,0,0,0,1
1771685245460000,1771685245304000,0,1771685245308000,0,-552.75977,12.354284,-0.0026245117,0.0057570175,12.367167,2.2278542e-08,7.813524e-07,0,0,0,1
1771685245508000,1771685245356000,0,1771685245356000,0,-552.7081,12.354216,-0.053649902,0.00016071275,12.36707,9.3096005e-06,-1.6924469e-07,0,0,0,1
1771685245564000,1771685245408000,0,1771685245412000,0,-552.75085,12.354284,-0.010559082,-0.0008491231,12.367167,3.6061357e-07,-1.8727219e-07,0,0,0,1
1771685245612000,1771685245460000,0,1771685245460000,0,-552.765,12.354216,0.0037841797,-0.00041265253,12.36707,4.63166e-08,-1.6526745e-07,0,0,0,1
1771685245668000,1771685245512000,0,1771685245516000,0,-552.76495,12.354284,0.003967285,-4.9651135e-08,12.367167,5.090689e-08,-1.449032e-07,0,0,0,1
1771685245716000,1771685245564000,0,1771685245564000,0,-552.7227,12.354216,-0.038146973,-0.0035936008,12.36707,4.706665e-06,-5.7463444e-07,0,0,0,1
1771685245772000,1771685245616000,0,1771685245620000,0,-552.76526,12.354284,0.0045776367,-0.0028238464,12.367167,6.7775446e-08,-5.141176e-07,0,0,0,1
1771685245820000,1771685245668000,0,1771685245668000,0,-552.7652,12.354216,0.004699707,-0.0021151057,12.36707,7.14389e-08,-4.5895646e-07,0,0,0,1
1771685245876000,1771685245720000,0,1771685245724000,0,-552.84033,12.354284,0.07989502,0.0056104865,12.367167,2.0645677e-05,1.5291614e-06,0,0,0,1
1771685245924000,1771685245772000,0,1771685245772000,0,-552.7223,12.354216,-0.038146973,0.0014884067,12.36707,4.706665e-06,9.417284e-07,0,0,0,1
1771685245980000,1771685245824000,0,1771685245828000,0,-552.7273,12.354284,-0.03277588,-0.0017393886,12.367167,3.474549e-06,5.257022e-07,0,0,0,1
1771685246028000,1771685245876000,0,1771685245876000,0,-552.7886,12.354216,0.028930664,0.0011498195,12.36707,2.7071353e-06,7.311995e-07,0,0,0,1
1771685246084000,1771685245928000,0,1771685245932000,0,-552.7836,12.354284,0.024230957,0.0033241296,12.367167,1.8990258e-06,8.4121217e-07,0,0,0,1
1771685246132000,1771685245980000,0,1771685245980000,0,-552.80695,12.354216,0.047607422,0.0074957446,12.36707,7.33065e-06,1.452536e-06,0,0,0,1
1771685246188000,1771685246032000,0,1771685246036000,0,-552.7972,12.354284,0.03765869,0.010337181,12.367167,4.5869097e-06,1.7478031e-06,0,0,0,1
1771685246236000,1771685246084000,0,1771685246084000,0,-552.7546,12.354216,-0.0051879883,0.008874665,12.36707,8.705448e-08,1.5749542e-06,0,0,0,1
1771685246292000,1771685246136000,0,1771685246140000,0,-552.8297,12.354284,0.06970215,0.01460479,12.367167,1.5713831e-05,2.9068774e-06,0,0,0,1
1771685246340000,1771685246188000,0,1771685246188000,0,-552.77277,12.354216,0.012512207,0.014407663,12.36707,5.0636186e-07,2.6807418e-06,0,0,0,1
1771685246396000,1771685246240000,0,1771685246244000,0,-552.768,12.354284,0.007507324,0.013757631,12.367167,1.8228884e-07,2.4453802e-06,0,0,0,1
1771685246444000,1771685246292000,0,1771685246292000,0,-552.78674,12.354216,0.026062012,0.014916739,12.36707,2.1968935e-06,2.421972e-06,0,0,0,1
1771685246500000,1771685246344000,0,1771685246348000,0,-552.73016,12.354284,-0.030456543,0.010642445,12.367167,3.0002052e-06,1.9111872e-06,0,0,0,1
1771685246548000,1771685246396000,0,1771685246396000,0,-552.78674,12.354216,0.026123047,0.012100763,12.36707,2.2071956e-06,1.939072e-06,0,0,0,1
1771685246604000,1771685246448000,0,1771685246452000,0,-552.76776,12.354284,0.0072021484,0.011639299,12.367167,1.6776983e-07,1.7722102e-06,0,0,0,1
1771685246652000,1771685246500000,0,1771685246500000,0,-552.7677,12.354216,0.0072631836,0.011227056,12.36707,1.7062679e-07,1.6213364e-06,0,0,0,1
1771685246708000,1771685246552000,0,1771685246556000,0,-552.76764,12.354284,0.0078125,0.010905395,12.367167,1.9741029e-07,1.4871985e-06,0,0,0,1
1771685246756000,1771685246604000,0,1771685246604000,0,-552.7723,12.354216,0.012939453,0.011097009,12.36707,5.415331e-07,1.398114e-06,0,0,0,1
1771685246812000,1771685246656000,0,1771685246660000,0,-552.744,12.354284,-0.014892578,0.008648714,12.367167,7.1734735e-07,1.1988313e-06,0,0,0,1
1771685246860000,1771685246708000,0,1771685246708000,0,-552.73004,12.354216,-0.028442383,0.0051546246,12.36707,2.6165264e-06,8.394136e-07,0,0,0,1
1771685246916000,1771685246760000,0,1771685246764000,0,-552.7068,12.354284,-0.050964355,-0.00013194652,12.367167,8.400842e-06,-3.1045317e-08,0,0,0,1
1771685246964000,1771685246812000,0,1771685246812000,0,-552.7495,12.354216,-0.0075683594,-0.0008324782,12.36707,1.852664e-07,-4.557339e-08,0,0,0,1
1771685247020000,1771685246864000,0,1771685246868000,0,-552.7449,12.354284,-0.0115356445,-0.0018407477,12.367167,4.304012e-07,-8.182529e-08,0,0,0,1
1771685247068000,1771685246916000,0,1771685246916000,0,-552.7731,12.354216,0.016845703,-8.0429716e-05,12.36707,9.1784943e-07,1.2346973e-08,0,0,0,1
1771685247124000,1771685246968000,0,1771685246972000,0,-552.7307,12.354284,-0.02545166,-0.0024704735,12.367167,2.095183e-06,-1.8618847e-07,0,0,0,1
1771685247172000,1771685247020000,0,1771685247020000,0,-552.7685,12.354216,0.012390137,-0.0010705609,12.36707,4.965298e-07,-1.2187442e-07,0,0,0,1
1771685247228000,1771685247072000,0,1771685247076000,0,-552.7731,12.354284,0.016845703,0.0006172033,12.367167,9.178422e-07,-2.3930099e-08,0,0,0,1
1771685247276000,1771685247124000,0,1771685247124000,0,-552.77295,12.354216,0.016601562,0.0021229764,12.36707,8.914379e-07,6.2300224e-08,0,0,0,1
1771685247332000,1771685247176000,0,1771685247180000,0,-552.78687,12.354284,0.030334473,0.004780581,12.367167,2.9762036e-06,3.367984e-07,0,0,0,1
1771685247380000,1771685247228000,0,1771685247228000,0,-552.69275,12.354216,-0.06390381,-0.0016896878,12.36707,1.3208291e-05,-9.3918845e-07,0,0,0,1
1771685247436000,1771685247280000,0,1771685247284000,0,-552.80597,12.354284,0.04937744,0.003120984,12.367167,7.885821e-06,-1.0784686e-07,0,0,0,1
1771685247484000,1771685247332000,0,1771685247332000,0,-552.7539,12.354216,-0.0028686523,0.0025567429,12.36707,2.661638e-08,-1.0019471e-07,0,0,0,1
1771685247540000,1771685247384000,0,1771685247388000,0,-552.73047,12.354284,-0.026672363,-0.00019672397,12.367167,2.3009793e-06,-3.07515e-07,0,0,0,1
1771685247588000,1771685247436000,0,1771685247436000,0,-552.7682,12.354216,0.010864258,0.00084525265,12.36707,3.8176253e-07,-2.4258304e-07,0,0,0,1
1771685247644000,1771685247488000,0,1771685247492000,0,-552.7681,12.354284,0.010803223,0.0017833223,12.367167,3.774821e-07,-1.841711e-07,0,0,0,1
1771685247692000,1771685247540000,0,1771685247540000,0,-552.768,12.354216,0.010681152,0.0026215238,12.36707,3.6900255e-07,-1.3206053e-07,0,0,0,1
1771685247748000,1771685247592000,0,1771685247596000,0,-552.721,12.354284,-0.036315918,-0.0010464964,12.367167,4.265636e-06,-5.214554e-07,0,0,0,1
1771685247796000,1771685247644000,0,1771685247644000,0,-552.78235,12.354216,0.024841309,0.0013922101,12.36707,1.9959152e-06,-2.8431174e-07,0,0,0,1
1771685247852000,1771685247696000,0,1771685247700000,0,-552.7633,12.354284,0.005859375,0.0018130301,12.367167,1.1104329e-07,-2.4706816e-07,0,0,0,1
1771685247900000,1771685247748000,0,1771685247748000,0,-552.67883,12.354216,-0.078552246,-0.005757612,12.36707,1.9957695e-05,-2.1038666e-06,0,0,0,1
1771685247956000,1771685247800000,0,1771685247804000,0,-552.778,12.354284,0.020629883,-0.0032718335,12.367167,1.3765223e-06,-1.7760038e-06,0,0,0,1
1771685248004000,1771685247852000,0,1771685247852000,0,-552.8483,12.354216,0.09082031,0.00559192,12.36707,2.667836e-05,9.0447986e-07,0,0,0,1
1771685248060000,1771685247904000,0,1771685247908000,0,-552.763,12.354284,0.005065918,0.005542369,12.367167,8.300534e-08,8.270946e-07,0,0,0,1
1771685248108000,1771685247956000,0,1771685247956000,0,-552.7536,12.354216,-0.0045776367,0.004589035,12.36707,6.777598e-08,7.427952e-07,0,0,0,1
1771685248164000,1771685248008000,0,1771685248012000,0,-552.8053,12.354284,0.04650879,0.0085379975,12.367167,6.996161e-06,1.3318804e-06,0,0,0,1
1771685248212000,1771685248060000,0,1771685248060000,0,-552.7673,12.354216,0.0079956055,0.008486902,12.36707,2.0677398e-07,1.2258921e-06,0,0,0,1
1771685248268000,1771685248112000,0,1771685248116000,0,-552.7672,12.354284,0.007385254,0.008383124,12.367167,1.7640895e-07,1.1270278e-06,0,0,0,1
1771685248316000,1771685248164000,0,1771685248164000,0,-552.80945,12.354216,0.04937744,0.012244908,12.36707,7.885883e-06,1.7637316e-06,0,0,0,1
1771685248372000,1771685248216000,0,1771685248220000,0,-552.7621,12.354284,0.0017089844,0.011252394,12.367167,9.446391e-09,1.5984729e-06,0,0,0,1
1771685248420000,1771685248268000,0,1771685248268000,0,-552.7057,12.354216,-0.054748535,0.0050349142,12.36707,9.694785e-06,5.346152e-07,0,0,0,1
1771685248476000,1771685248320000,0,1771685248324000,0,-552.7907,12.354284,0.030090332,0.0073952074,12.367167,2.9284897e-06,7.6012515e-07,0,0,0,1
1771685248524000,1771685248372000,0,1771685248372000,0,-552.73413,12.354216,-0.026550293,0.004197443,12.36707,2.279984e-06,4.7373803e-07,0,0,0,1
1771685248580000,1771685248424000,0,1771685248428000,0,-552.76715,12.354284,0.0065307617,0.0044172485,12.367167,1.3794863e-07,4.421057e-07,0,0,0,1
1771685248628000,1771685248476000,0,1771685248476000,0,-552.75305,12.354216,-0.007385254,0.0033054184,12.36707,1.7641034e-07,3.8383968e-07,0,0,0,1
1771685248684000,1771685248528000,0,1771685248532000,0,-552.739,12.354284,-0.021240234,0.0009931466,12.367167,1.4591782e-06,2.1022204e-07,0,0,0,1
1771685248732000,1771685248580000,0,1771685248580000,0,-552.7486,12.354216,-0.011413574,-0.00017560262,12.36707,4.2134369e-07,1.5072672e-07,0,0,0,1
1771685248788000,1771685248632000,0,1771685248636000,0,-552.7017,12.354284,-0.05810547,-0.0056327647,12.367167,1.0920028e-05,-8.9217065e-07,0,0,0,1
1771685248836000,1771685248684000,0,1771685248684000,0,-552.80084,12.354216,0.04168701,-0.0011751042,12.36707,5.6207555e-06,-2.786341e-07,0,0,0,1
1771685248892000,1771685248736000,0,1771685248740000,0,-552.73474,12.354284,-0.023803711,-0.0033067847,12.367167,1.8326481e-06,-4.2502674e-07,0,0,0,1
1771685248940000,1771685248788000,0,1771685248788000,0,-552.7584,12.354216,6.1035156e-05,-0.0029895264,12.36707,1.2049063e-11,-3.8498686e-07,0,0,0,1
1771685248996000,1771685248840000,0,1771685248844000,0,-552.7491,12.354284,-0.008911133,-0.0035473588,12.367167,2.568358e-07,-3.7291466e-07,0,0,0,1
1771685249044000,1771685248892000,0,1771685248892000,0,-552.73035,12.354216,-0.027282715,-0.005783298,12.36707,2.4075114e-06,-5.645796e-07,0,0,0,1
1771685249100000,1771685248944000,0,1771685248948000,0,-552.7728,12.354284,0.015625,-0.0037665742,12.367167,7.8964115e-07,-4.3700805e-07,0,0,0,1
1771685249148000,1771685248996000,0,1771685248996000,0,-552.75854,12.354216,0.0020751953,-0.0032162624,12.36707,1.3928717e-08,-3.945285e-07,0,0,0,1
1771685249204000,1771685249048000,0,1771685249052000,0,-552.721,12.354284,-0.03479004,-0.0061906036,12.367167,3.91471e-06,-7.2613983e-07,0,0,0,1
1771685249252000,1771685249100000,0,1771685249100000,0,-552.7542,12.354216,-0.0009765625,-0.005699426,12.36707,3.0845602e-09,-6.580259e-07,0,0,0,1
1771685249308000,1771685249152000,0,1771685249156000,0,-552.7213,12.354284,-0.03302002,-0.008273105,12.367167,3.526504e-06,-9.2824484e-07,0,0,0,1
1771685249356000,1771685249204000,0,1771685249204000,0,-552.8202,12.354216,0.066711426,-0.0012093447,12.36707,1.4394402e-05,5.1519294e-07,0,0,0,1
1771685249412000,1771685249256000,0,1771685249260000,0,-552.7116,12.354284,-0.041870117,-0.0050397078,12.367167,5.670196e-06,-6.7488656e-08,0,0,0,1
1771685249460000,1771685249308000,0,1771685249308000,0,-552.7355,12.354216,-0.018127441,-0.0062726103,12.36707,1.0628358e-06,-1.6125324e-07,0,0,0,1
1771685249516000,1771685249360000,0,1771685249364000,0,-552.7732,12.354284,0.019226074,-0.00387056,12.367167,1.1955589e-06,-3.3437587e-08,0,0,0,1
1771685249564000,1771685249412000,0,1771685249412000,0,-552.6979,12.354216,-0.05633545,-0.008812905,12.36707,1.02649465e-05,-9.972755e-07,0,0,0,1
1771685249620000,1771685249464000,0,1771685249468000,0,-552.71246,12.354284,-0.041748047,-0.011915492,12.367167,5.637182e-06,-1.4343682e-06,0,0,0,1
1771685249668000,1771685249516000,0,1771685249516000,0,-552.7222,12.354216,-0.03173828,-0.013782856,12.36707,3.2580667e-06,-1.6061659e-06,0,0,0,1
1771685249724000,1771685249568000,0,1771685249572000,0,-552.7084,12.354284,-0.045166016,-0.016739242,12.367167,6.598015e-06,-2.0764126e-06,0,0,0,1
1771685249772000,1771685249620000,0,1771685249620000,0,-552.7839,12.354216,0.030883789,-0.012253014,12.36707,3.084994e-06,-1.590193e-06,0,0,0,1
1771685249828000,1771685249672000,0,1771685249676000,0,-552.7461,12.354284,-0.006713867,-0.011731211,12.367167,1.4579251e-07,-1.4541263e-06,0,0,0,1
1771685249876000,1771685249724000,0,1771685249724000,0,-552.75555,12.354216,0.0032348633,-0.010321364,12.36707,3.384582e-08,-1.313955e-06,0,0,0,1
1771685249932000,1771685249776000,0,1771685249780000,0,-552.7414,12.354284,-0.010559082,-0.010343757,12.367167,3.6061357e-07,-1.2241475e-06,0,0,0,1
1771685249980000,1771685249828000,0,1771685249828000,0,-552.7133,12.354216,-0.038391113,-0.0129859,12.36707,4.7671033e-06,-1.5579042e-06,0,0,0,1
1771685250036000,1771685249880000,0,1771685249884000,0,-552.723,12.354284,-0.028564453,-0.014453445,12.367167,2.6390132e-06,-1.6597478e-06,0,0,0,1
1771685250084000,1771685249932000,0,1771685249932000,0,-552.7749,12.354216,0.02319336,-0.010907006,12.36707,1.7398847e-06,-1.3394925e-06,0,0,0,1
1771685250140000,1771685249984000,0,1771685249988000,0,-552.756,12.354284,0.004333496,-0.009471307,12.367167,6.073885e-08,-1.2075867e-06,0,0,0,1
1771685250188000,1771685250036000,0,1771685250036000,0,-552.7559,12.354216,0.004333496,-0.008170854,12.36707,6.0739325e-08,-1.0881067e-06,0,0,0,1
1771685250244000,1771685250088000,0,1771685250092000,0,-552.7183,12.354284,-0.033325195,-0.010540467,12.367167,3.5919902e-06,-1.3239799e-06,0,0,0,1
1771685250292000,1771685250140000,0,1771685250140000,0,-552.8125,12.354216,0.06072998,-0.0038265833,12.36707,1.1928873e-05,-7.552262e-08,0,0,0,1
1771685250348000,1771685250192000,0,1771685250196000,0,-552.7322,12.354284,-0.01965332,-0.005317508,12.367167,1.2492852e-06,-1.8609447e-07,0,0,0,1
1771685250396000,1771685250244000,0,1771685250244000,0,-552.72296,12.354216,-0.028808594,-0.0075304364,12.36707,2.6843386e-06,-4.214363e-07,0,0,0,1
1771685250452000,1771685250296000,0,1771685250300000,0,-552.77484,12.354284,0.023071289,-0.0046476647,12.367167,1.7216048e-06,-2.1955562e-07,0,0,0,1
1771685250500000,1771685250348000,0,1771685250348000,0,-552.6854,12.354216,-0.06628418,-0.010454004,12.36707,1.4210617e-05,-1.5375543e-06,0,0,0,1
1771685250556000,1771685250400000,0,1771685250404000,0,-552.7658,12.354284,0.014404297,-0.00811228,12.367167,6.710793e-07,-1.3294946e-06,0,0,0,1
1771685250604000,1771685250452000,0,1771685250452000,0,-552.7892,12.354216,0.037963867,-0.0037717726,12.36707,4.6615896e-06,-7.65117e-07,0,0,0,1
1771685250660000,1771685250504000,0,1771685250508000,0,-552.7466,12.354284,-0.0045166016,-0.0038419378,12.367167,6.5980146e-08,-6.992563e-07,0,0,0,1
1771685250708000,1771685250556000,0,1771685250556000,0,-552.7701,12.354216,0.018981934,-0.0016918627,12.36707,1.1653974e-06,-5.2360053e-07,0,0,0,1
1771685250764000,1771685250608000,0,1771685250612000,0,-552.8169,12.354284,0.06573486,0.004659931,12.367167,1.3975948e-05,8.422991e-07,0,0,0,1
1771685250812000,1771685250660000,0,1771685250660000,0,-552.7459,12.354216,-0.0056152344,0.0036919806,12.36707,1.0198327e-07,7.533449e-07,0,0,0,1
1771685250868000,1771685250712000,0,1771685250716000,0,-552.746,12.354284,-0.00579834,0.002797965,12.367167,1.08741936e-07,6.7213387e-07,0,0,0,1
1771685250916000,1771685250764000,0,1771685250764000,0,-552.7648,12.354216,0.012878418,0.003747573,12.36707,5.3643635e-07,6.5935075e-07,0,0,0,1
1771685250972000,1771685250816000,0,1771685250820000,0,-552.80225,12.354284,0.0501709,0.0081207855,12.367167,8.1412945e-06,1.3641716e-06,0,0,0,1
1771685251020000,1771685250868000,0,1771685250868000,0,-552.7549,12.354216,0.0025024414,0.0075915214,12.36707,2.0254475e-08,1.2375707e-06,0,0,0,1
1771685251076000,1771685250920000,0,1771685250924000,0,-552.7877,12.354284,0.03515625,0.010188199,12.367167,3.9975585e-06,1.4975695e-06,0,0,0,1
1771685251124000,1771685250972000,0,1771685250972000,0,-552.7452,12.354216,-0.007507324,0.008521229,12.36707,1.8229028e-07,1.3393219e-06,0,0,0,1
1771685251180000,1771685251024000,0,1771685251028000,0,-552.72174,12.354284,-0.030944824,0.004803412,12.367167,3.0971753e-06,9.21391e-07,0,0,0,1
1771685251228000,1771685251076000,0,1771685251076000,0,-552.7267,12.354216,-0.02557373,0.0019417971,12.36707,2.1153455e-06,6.353216e-07,0,0,0,1
1771685251284000,1771685251128000,0,1771685251132000,0,-552.7269,12.354284,-0.025268555,-0.00062149717,12.367167,2.0651448e-06,3.8092983e-07,0,0,0,1
1771685251332000,1771685251180000,0,1771685251180000,0,-552.76935,12.354216,0.017211914,0.0010584621,12.36707,9.581897e-07,4.353094e-07,0,0,0,1
1771685251388000,1771685251232000,0,1771685251236000,0,-552.7458,12.354284,-0.006286621,0.00036653387,12.367167,1.278275e-07,3.8226028e-07,0,0,0,1
1771685251436000,1771685251284000,0,1771685251284000,0,-552.7599,12.354216,0.00793457,0.0010794648,12.36707,2.0362917e-07,3.654327e-07,0,0,0,1
1771685251492000,1771685251336000,0,1771685251340000,0,-552.7927,12.354284,0.041015625,0.004841567,12.367167,5.441121e-06,8.435773e-07,0,0,0,1
1771685251540000,1771685251388000,0,1771685251388000,0,-552.7548,12.354216,0.0033569336,0.0047017103,12.36707,3.6448416e-08,7.6754344e-07,0,0,0,1
1771685251596000,1771685251440000,0,1771685251444000,0,-552.77356,12.354284,0.022216797,0.0063516824,12.367167,1.59644e-06,8.4562794e-07,0,0,0,1
1771685251644000,1771685251492000,0,1771685251492000,0,-552.7358,12.354216,-0.0154418945,0.0042986637,12.36707,7.712485e-07,6.933135e-07,0,0,0,1
1771685251700000,1771685251544000,0,1771685251548000,0,-552.7782,12.354284,0.026916504,0.00642933,12.367167,2.3432954e-06,8.487466e-07,0,0,0,1
1771685251748000,1771685251596000,0,1771685251596000,0,-552.7498,12.354216,-0.0013427734,0.0056971754,12.36707,5.8317466e-09,7.6824284e-07,0,0,0,1
1771685251804000,1771685251648000,0,1771685251652000,0,-552.79675,12.354284,0.04534912,0.009432504,12.367167,6.651621e-06,1.3224742e-06,0,0,0,1
1771685251852000,1771685251700000,0,1771685251700000,0,-552.74475,12.354216,-0.006591797,0.007922968,12.36707,1.4054028e-07,1.184654e-06,0,0,0,1
1771685251908000,1771685251752000,0,1771685251756000,0,-552.76355,12.354284,0.012207031,0.008326539,12.367167,4.8195875e-07,1.118458e-06,0,0,0,1
1771685251956000,1771685251804000,0,1771685251804000,0,-552.7259,12.354216,-0.025634766,0.0051272856,12.36707,2.1254548e-06,8.1287203e-07,0,0,0,1
1771685252012000,1771685251856000,0,1771685251860000,0,-552.71674,12.354284,-0.034851074,0.001361208,12.367167,3.9284578e-06,3.66225e-07,0,0,0,1
1771685252060000,1771685251908000,0,1771685251908000,0,-552.7639,12.354216,0.012329102,0.0023944154,12.36707,4.9165e-07,3.780404e-07,0,0,0,1
1771685252116000,1771685251960000,0,1771685251964000,0,-552.76385,12.354284,0.012390137,0.0033360415,12.367167,4.965259e-07,3.8920209e-07,0,0,0,1
1771685252164000,1771685252012000,0,1771685252012000,0,-552.745,12.354216,-0.006225586,0.0024353084,12.36707,1.2535845e-07,3.4072897e-07,0,0,0,1
1771685252220000,1771685252064000,0,1771685252068000,0,-552.7779,12.354284,0.026184082,0.004672512,12.367167,2.217504e-06,5.1752664e-07,0,0,0,1
1771685252268000,1771685252116000,0,1771685252116000,0,-552.76355,12.354216,0.011291504,0.0052960403,12.36707,4.123792e-07,5.0762145e-07,0,0,0,1
1771685252324000,1771685252168000,0,1771685252172000,0,-552.73535,12.354284,-0.017150879,0.0031814752,12.367167,9.513986e-07,3.7017753e-07,0,0,0,1
1771685252372000,1771685252220000,0,1771685252220000,0,-552.7355,12.354216,-0.017089844,0.001271858,12.36707,9.4464656e-07,2.4631728e-07,0,0,0,1
1771685252428000,1771685252272000,0,1771685252276000,0,-552.7309,12.354284,-0.021728516,-0.0008948442,12.367167,1.527038e-06,7.9262065e-08,0,0,0,1
1771685252476000,1771685252324000,0,1771685252324000,0,-552.7452,12.354216,-0.007446289,-0.0015120094,12.36707,1.7933826e-07,5.4901165e-08,0,0,0,1
1771685252532000,1771685252376000,0,1771685252380000,0,-552.73114,12.354284,-0.021606445,-0.0034049638,12.367167,1.5099284e-06,-9.2510334e-08,0,0,0,1
1771685252580000,1771685252428000,0,1771685252428000,0,-552.7454,12.354216,-0.0072021484,-0.0037626696,12.36707,1.6777116e-07,-9.960012e-08,0,0,0,1
1771685252636000,1771685252480000,0,1771685252484000,0,-552.7267,12.354284,-0.025634766,-0.0058230846,12.367167,2.125438e-06,-2.9043994e-07,0,0,0,1
1771685252684000,1771685252532000,0,1771685252532000,0,-552.75977,12.354216,0.0075683594,-0.0045615714,12.36707,1.852664e-07,-2.45627e-07,0,0,0,1
1771685252740000,1771685252584000,0,1771685252588000,0,-552.802,12.354284,0.049865723,0.00056563783,12.367167,8.042553e-06,5.3514367e-07,0,0,0,1
1771685252788000,1771685252636000,0,1771685252636000,0,-552.7875,12.354216,0.035461426,0.0038529225,12.36707,4.067294e-06,8.678825e-07,0,0,0,1
1771685252844000,1771685252688000,0,1771685252692000,0,-552.7872,12.354284,0.035217285,0.006807537,12.367167,4.011451e-06,1.1640158e-06,0,0,0,1
1771685252892000,1771685252740000,0,1771685252740000,0,-552.77747,12.354216,0.02520752,0.008540869,12.36707,2.0551968e-06,1.2479676e-06,0,0,0,1
1771685252948000,1771685252792000,0,1771685252796000,0,-552.7632,12.354284,0.010681152,0.00874249,12.367167,3.6899965e-07,1.1651663e-06,0,0,0,1
1771685252996000,1771685252844000,0,1771685252844000,0,-552.80066,12.354216,0.047973633,0.012438178,12.36707,7.443863e-06,1.7566377e-06,0,0,0,1
1771685253052000,1771685252896000,0,1771685252900000,0,-552.7956,12.354284,0.042419434,0.015262499,12.367167,5.819953e-06,2.139414e-06,0,0,0,1
1771685253100000,1771685252948000,0,1771685252948000,0,-552.8093,12.354216,0.056274414,0.01912594,12.36707,1.0242716e-05,2.9027685e-06,0,0,0,1
1771685253156000,1771685253000000,0,1771685253004000,0,-552.729,12.354284,-0.024291992,0.015035845,12.367167,1.9086046e-06,2.4495232e-06,0,0,0,1
1771685253204000,1771685253052000,0,1771685253052000,0,-552.762,12.354216,0.008544922,0.014424382,12.36707,2.3616164e-07,2.2410181e-06,0,0,0,1
1771685253260000,1771685253104000,0,1771685253108000,0,-552.7291,12.354284,-0.024108887,0.010794436,12.367167,1.8799402e-06,1.8528119e-06,0,0,0,1
1771685253308000,1771685253156000,0,1771685253156000,0,-552.74817,12.354216,-0.0048217773,0.009323343,12.36707,7.51982e-08,1.6711878e-06,0,0,0,1
1771685253364000,1771685253208000,0,1771685253212000,0,-552.7763,12.354284,0.023498535,0.010658687,12.367167,1.7859583e-06,1.6819995e-06,0,0,0,1
1771685253412000,1771685253260000,0,1771685253260000,0,-552.748,12.354216,-0.0048217773,0.009200382,12.36707,7.51982e-08,1.5164663e-06,0,0,0,1
1771685253468000,1771685253312000,0,1771685253316000,0,-552.71045,12.354284,-0.042297363,0.0043491446,12.367167,5.786505e-06,8.285052e-07,0,0,0,1
1771685253516000,1771685253364000,0,1771685253364000,0,-552.72485,12.354216,-0.027954102,0.0013060849,12.36707,2.5274596e-06,5.1236356e-07,0,0,0,1
1771685253572000,1771685253416000,0,1771685253420000,0,-552.77203,12.354284,0.019226074,0.0029942,12.367167,1.1955589e-06,5.767225e-07,0,0,0,1
1771685253620000,1771685253468000,0,1771685253468000,0,-552.7344,12.354216,-0.018432617,0.0009757315,12.36707,1.0989228e-06,4.1887188e-07,0,0,0,1
1771685253676000,1771685253520000,0,1771685253524000,0,-552.7486,12.354284,-0.004211426,0.0004870862,12.367167,5.736514e-08,3.7400898e-07,0,0,0,1
1771685253724000,1771685253572000,0,1771685253572000,0,-552.7674,12.354216,0.014587402,0.001815377,12.36707,6.8825454e-07,4.0361184e-07,0,0,0,1
1771685253780000,1771685253624000,0,1771685253628000,0,-552.7673,12.354284,0.014038086,0.0029667919,12.367167,6.3739043e-07,4.2563445e-07,0,0,0,1
1771685253828000,1771685253676000,0,1771685253676000,0,-552.7484,12.354216,-0.0051879883,0.0021985879,12.36707,8.705448e-08,3.7733767e-07,0,0,0,1
1771685253884000,1771685253728000,0,1771685253732000,0,-552.7438,12.354284,-0.010131836,0.001037026,12.367167,3.3202136e-07,3.10514e-07,0,0,0,1
1771685253932000,1771685253780000,0,1771685253780000,0,-552.7626,12.354216,0.008544922,0.0017442917,12.36707,2.3616164e-07,3.0350978e-07,0,0,0,1
1771685253988000,1771685253832000,0,1771685253836000,0,-552.7766,12.354284,0.022888184,0.0037361076,12.367167,1.6943861e-06,4.3453437e-07,0,0,0,1
1771685254036000,1771685253884000,0,1771685253884000,0,-552.7201,12.354216,-0.033081055,0.00026782393,12.36707,3.539581e-06,6.016117e-08,0,0,0,1
1771685254092000,1771685253936000,0,1771685253940000,0,-552.73444,12.354284,-0.018493652,-0.0014995617,12.367167,1.1062037e-06,-4.971379e-08,0,0,0,1
1771685254140000,1771685253988000,0,1771685253988000,0,-552.75806,12.354216,0.005065918,-0.00088107446,12.36707,8.300599e-08,-3.72112e-08,0,0,0,1
1771685254196000,1771685254040000,0,1771685254044000,0,-552.75336,12.354284,0.00091552734,-0.00071182934,12.367167,2.7110179e-09,-3.3450412e-08,0,0,0,1
1771685254244000,1771685254092000,0,1771685254092000,0,-552.73926,12.354216,-0.012756348,-0.0018464581,12.36707,5.2631515e-07,-7.98797e-08,0,0,0,1
1771685254300000,1771685254144000,0,1771685254148000,0,-552.791,12.354284,0.039245605,0.0020245337,12.367167,4.981634e-06,3.9692958e-07,0,0,0,1
1771685254348000,1771685254196000,0,1771685254196000,0,-552.7014,12.354216,-0.049804688,-0.0028579296,12.36707,8.022941e-06,-3.9624672e-07,0,0,0,1
1771685254404000,1771685254248000,0,1771685254252000,0,-552.74414,12.354284,-0.0064697266,-0.0031981713,12.367167,1.3538221e-07,-3.716725e-07,0,0,0,1
1771685254452000,1771685254300000,0,1771685254300000,0,-552.76294,12.354216,0.013183594,-0.0016549614,12.36707,5.621611e-07,-2.8370266e-07,0,0,0,1
1771685254508000,1771685254352000,0,1771685254356000,0,-552.7394,12.354284,-0.009887695,-0.0024305088,12.367167,3.1621312e-07,-2.8676524e-07,0,0,0,1
1771685254556000,1771685254404000,0,1771685254404000,0,-552.7348,12.354216,-0.013977051,-0.0035182266,12.36707,6.318649e-07,-3.1927465e-07,0,0,0,1
1771685254612000,1771685254456000,0,1771685254460000,0,-552.7537,12.354284,0.0052490234,-0.0026923262,12.367167,8.911417e-08,-2.8080325e-07,0,0,0,1
1771685254660000,1771685254508000,0,1771685254508000,0,-552.74426,12.354216,-0.00390625,-0.0028066814,12.36707,4.9352963e-08,-2.5899996e-07,0,0,0,1
1771685254716000,1771685254560000,0,1771685254564000,0,-552.763,12.354284,0.015136719,-0.0011163609,12.367167,7.4105975e-07,-1.6479143e-07,0,0,0,1
1771685254764000,1771685254612000,0,1771685254612000,0,-552.71124,12.354216,-0.036071777,-0.0044092624,12.36707,4.208509e-06,-5.457214e-07,0,0,0,1
1771685254820000,1771685254664000,0,1771685254668000,0,-552.71625,12.354284,-0.030334473,-0.0068514924,12.367167,2.9762036e-06,-7.7467985e-07,0,0,0,1
1771685254868000,1771685254716000,0,1771685254716000,0,-552.7165,12.354216,-0.029296875,-0.008965913,12.36707,2.776104e-06,-9.632198e-07,0,0,0,1
1771685254924000,1771685254768000,0,1771685254772000,0,-552.73553,12.354284,-0.009399414,-0.00900675,12.367167,2.8575332e-07,-8.994005e-07,0,0,0,1
1771685254972000,1771685254820000,0,1771685254820000,0,-552.72626,12.354216,-0.017944336,-0.009848696,12.36707,1.0414728e-06,-9.127841e-07,0,0,0,1
1771685255028000,1771685254872000,0,1771685254876000,0,-552.7452,12.354284,0.0014038086,-0.008788678,12.367167,6.373904e-09,-8.2619675e-07,0,0,0,1
1771685255076000,1771685254924000,0,1771685254924000,0,-552.7639,12.354216,0.020568848,-0.0060231136,12.36707,1.3684e-06,-6.1945934e-07,0,0,0,1
1771685255132000,1771685254976000,0,1771685254980000,0,-552.7121,12.354284,-0.030883789,-0.008365061,12.367167,3.0849696e-06,-8.517176e-07,0,0,0,1
1771685255180000,1771685255028000,0,1771685255028000,0,-552.73584,12.354216,-0.006591797,-0.008198014,12.36707,1.4054028e-07,-7.847226e-07,0,0,0,1
1771685255236000,1771685255080000,0,1771685255084000,0,-552.77344,12.354284,0.031433105,-0.0044646477,12.367167,3.1956877e-06,-4.0975638e-07,0,0,0,1
1771685255284000,1771685255132000,0,1771685255132000,0,-552.7732,12.354216,0.031555176,-0.0010714757,12.36707,3.2205821e-06,-6.776793e-08,0,0,0,1
1771685255340000,1771685255184000,0,1771685255188000,0,-552.7542,12.354284,0.012634277,0.00021964603,12.367167,5.162862e-07,-1.274833e-08,0,0,0,1
1771685255388000,1771685255236000,0,1771685255236000,0,-552.69305,12.354216,-0.048706055,-0.004389297,12.36707,7.672892e-06,-7.343561e-07,0,0,0,1
1771685255444000,1771685255288000,0,1771685255292000,0,-552.7122,12.354284,-0.029418945,-0.006747163,12.367167,2.7992644e-06,-9.288765e-07,0,0,0,1
1771685255492000,1771685255340000,0,1771685255340000,0,-552.72656,12.354216,-0.015075684,-0.0075317337,12.36707,7.351013e-07,-9.106223e-07,0,0,0,1
1771685255548000,1771685255392000,0,1771685255396000,0,-552.6985,12.354284,-0.04296875,-0.010870004,12.367167,5.9716613e-06,-1.3873869e-06,0,0,0,1
1771685255596000,1771685255444000,0,1771685255444000,0,-552.6895,12.354216,-0.051513672,-0.014698756,12.36707,8.5829815e-06,-2.0652328e-06,0,0,0,1
1771685255652000,1771685255496000,0,1771685255500000,0,-552.765,12.354284,0.024658203,-0.010991216,12.367167,1.9665845e-06,-1.685424e-06,0,0,0,1
1771685255700000,1771685255548000,0,1771685255548000,0,-552.73663,12.354216,-0.0030517578,-0.010243296,12.36707,3.0122656e-08,-1.5294897e-06,0,0,0,1
1771685255756000,1771685255600000,0,1771685255604000,0,-552.7226,12.354284,-0.016723633,-0.010853762,12.367167,9.045883e-07,-1.4706222e-06,0,0,0,1
1771685255804000,1771685255652000,0,1771685255652000,0,-552.7133,12.354216,-0.026062012,-0.012286423,12.36707,2.1968935e-06,-1.5390391e-06,0,0,0,1
1771685255860000,1771685255704000,0,1771685255708000,0,-552.6713,12.354284,-0.0680542,-0.01753991,12.367167,1.4979579e-05,-2.805177e-06,0,0,0,1
1771685255908000,1771685255756000,0,1771685255756000,0,-552.7235,12.354216,-0.015808105,-0.017376767,12.36707,8.082632e-07,-2.617062e-06,0,0,0,1
1771685255964000,1771685255808000,0,1771685255812000,0,-552.74243,12.354284,0.0031738281,-0.015440842,12.367167,3.258041e-08,-2.367458e-06,0,0,0,1
1771685256012000,1771685255860000,0,1771685255860000,0,-552.76587,12.354216,0.026428223,-0.011496654,12.36707,2.2590668e-06,-1.9316258e-06,0,0,0,1
1771685256068000,1771685255912000,0,1771685255916000,0,-552.7609,12.354284,0.021362305,-0.008401244,12.367167,1.4759986e-06,-1.6106177e-06,0,0,0,1
1771685256116000,1771685255964000,0,1771685255964000,0,-552.76074,12.354216,0.020874023,-0.0056434283,12.36707,1.4093066e-06,-1.3261321e-06,0,0,0,1
1771685256172000,1771685256016000,0,1771685256020000,0,-552.76526,12.354284,0.024780273,-0.0027774272,12.367167,1.9861036e-06,-1.0141098e-06,0,0,0,1
1771685256220000,1771685256068000,0,1771685256068000,0,-552.71814,12.354216,-0.023254395,-0.004706417,12.36707,1.749054e-06,-1.0833437e-06,0,0,0,1
1771685256276000,1771685256120000,0,1771685256124000,0,-552.77936,12.354284,0.036987305,-0.0007787477,12.367167,4.424815e-06,-5.644591e-07,0,0,0,1
1771685256324000,1771685256172000,0,1771685256172000,0,-552.76025,12.354216,0.017211914,0.0009160249,12.36707,9.581897e-07,-4.2102118e-07,0,0,0,1
1771685256380000,1771685256224000,0,1771685256228000,0,-552.7555,12.354284,0.011657715,0.0019279233,12.367167,4.395584e-07,-3.399521e-07,0,0,0,1
1771685256428000,1771685256276000,0,1771685256276000,0,-552.7554,12.354216,0.010803223,0.0027640022,12.36707,3.774851e-07,-2.7236743e-07,0,0,0,1
1771685256484000,1771685256328000,0,1771685256332000,0,-552.77875,12.354284,0.033447266,0.005654455,12.367167,3.6183533e-06,9.4149755e-08,0,0,0,1
1771685256532000,1771685256380000,0,1771685256380000,0,-552.7503,12.354216,0.004211426,0.0055185175,12.36707,5.736559e-08,9.068458e-08,0,0,0,1
1771685256588000,1771685256432000,0,1771685256436000,0,-552.74554,12.354284,-0.0014648438,0.0048606647,12.367167,6.9402057e-09,8.148804e-08,0,0,0,1
1771685256636000,1771685256484000,0,1771685256484000,0,-552.694,12.354216,-0.053955078,-0.0006799493,12.36707,9.415813e-06,-8.131853e-07,0,0,0,1
1771685256692000,1771685256536000,0,1771685256540000,0,-552.7695,12.354284,0.020629883,0.0013274988,12.367167,1.3765223e-06,-6.069085e-07,0,0,0,1
1771685256740000,1771685256588000,0,1771685256588000,0,-552.7881,12.354216,0.03881836,0.004859247,12.36707,4.873798e-06,-9.061e-08,0,0,0,1
1771685256796000,1771685256640000,0,1771685256644000,0,-552.7784,12.354284,0.028076172,0.0070463484,12.367167,2.5495617e-06,1.5810184e-07,0,0,0,1
1771685256844000,1771685256692000,0,1771685256692000,0,-552.78754,12.354216,0.03668213,0.009838125,12.36707,4.3521336e-06,5.531918e-07,0,0,0,1
1771685256900000,1771685256744000,0,1771685256748000,0,-552.7309,12.354284,-0.020507812,0.006979449,12.367167,1.3602803e-06,3.7293717e-07,0,0,0,1
1771685256948000,1771685256796000,0,1771685256796000,0,-552.7499,12.354216,-0.0018310547,0.006149474,12.36707,1.0844157e-08,3.3678384e-07,0,0,0,1
1771685257004000,1771685256848000,0,1771685256852000,0,-552.7921,12.354284,0.040161133,0.009353471,12.367167,5.2167693e-06,7.964927e-07,0,0,0,1
1771685257052000,1771685256900000,0,1771685256900000,0,-552.7025,12.354216,-0.049682617,0.0037921001,12.36707,7.983661e-06,-3.0623255e-08,0,0,0,1
1771685257108000,1771685256952000,0,1771685256956000,0,-552.7734,12.354284,0.020751953,0.0053897677,12.367167,1.3928607e-06,1.0347307e-07,0,0,0,1
1771685257156000,1771685257004000,0,1771685257004000,0,-552.73096,12.354216,-0.021850586,0.002823647,12.36707,1.5442562e-06,-5.174782e-08,0,0,0,1
1771685257212000,1771685257056000,0,1771685257060000,0,-552.7781,12.354284,0.024841309,0.004897775,12.367167,1.9958995e-06,1.411465e-07,0,0,0,1
1771685257260000,1771685257108000,0,1771685257108000,0,-552.73566,12.354216,-0.017822266,0.0027574813,12.36707,1.0273513e-06,3.1070606e-08,0,0,0,1
1771685257316000,1771685257160000,0,1771685257164000,0,-552.7546,12.354284,0.00091552734,0.0025839638,12.367167,2.7110179e-09,2.839905e-08,0,0,0,1
1771685257364000,1771685257212000,0,1771685257212000,0,-552.8156,12.354216,0.061828613,0.008164981,12.36707,1.2364375e-05,1.1904839e-06,0,0,0,1
1771685257420000,1771685257264000,0,1771685257268000,0,-552.7775,12.354284,0.023254395,0.009586448,12.367167,1.7490403e-06,1.2431016e-06,0,0,0,1
1771685257468000,1771685257316000,0,1771685257316000,0,-552.7445,12.354216,-0.00982666,0.0077576768,12.36707,3.1232378e-07,1.0965759e-06,0,0,0,1
1771685257524000,1771685257368000,0,1771685257372000,0,-552.73047,12.354284,-0.023803711,0.004784502,12.367167,1.8326481e-06,8.206345e-07,0,0,0,1
1771685257572000,1771685257420000,0,1771685257420000,0,-552.787,12.354216,0.03289795,0.0074328706,12.36707,3.500506e-06,1.0730862e-06,0,0,0,1
1771685257628000,1771685257472000,0,1771685257476000,0,-552.7539,12.354284,-0.0,0.0067326725,12.367167,0.0,9.719984e-07,0,0,0,1
1771685257676000,1771685257524000,0,1771685257524000,0,-552.76324,12.354216,0.009765625,0.0070183855,12.36707,3.08456e-07,9.094907e-07,0,0,0,1
1771685257732000,1771685257576000,0,1771685257580000,0,-552.7631,12.354284,0.00970459,0.0072714337,12.367167,3.0460996e-07,8.525092e-07,0,0,0,1
1771685257780000,1771685257628000,0,1771685257628000,0,-552.7208,12.354216,-0.032409668,0.0035333585,12.36707,3.3973658e-06,4.521586e-07,0,0,0,1
1771685257836000,1771685257680000,0,1771685257684000,0,-552.8009,12.354284,0.047790527,0.0077025127,12.367167,7.3870897e-06,1.1054492e-06,0,0,0,1
1771685257884000,1771685257732000,0,1771685257732000,0,-552.7348,12.354216,-0.018066406,0.0052750055,12.36707,1.0556907e-06,9.0186353e-07,0,0,0,1
1771685257940000,1771685257784000,0,1771685257788000,0,-552.749,12.354284,-0.003479004,0.0044503524,12.367167,3.9147096e-08,8.132176e-07,0,0,0,1
1771685257988000,1771685257836000,0,1771685257836000,0,-552.7725,12.354216,0.019836426,0.005899765,12.36707,1.2726823e-06,8.565005e-07,0,0,0,1
1771685258044000,1771685257888000,0,1771685257892000,0,-552.80524,12.354284,0.052612305,0.010300222,12.367167,8.952913e-06,1.6192062e-06,0,0,0,1
1771685258092000,1771685257940000,0,1771685257940000,0,-552.7485,12.354216,-0.004211426,0.008933183,12.36707,5.736559e-08,1.4612682e-06,0,0,0,1
1771685258148000,1771685257992000,0,1771685257996000,0,-552.7719,12.354284,0.019042969,0.009885554,12.367167,1.1728947e-06,1.4341026e-06,0,0,0,1
1771685258196000,1771685258044000,0,1771685258044000,0,-552.8187,12.354216,0.06585693,0.015158221,12.36707,1.40280135e-05,2.6204857e-06,0,0,0,1
1771685258252000,1771685258096000,0,1771685258100000,0,-552.68207,12.354284,-0.07092285,0.007049134,12.367167,1.6269047e-05,8.410369e-07,0,0,0,1
1771685258300000,1771685258148000,0,1771685258148000,0,-552.80945,12.354216,0.056274414,0.011686298,12.36707,1.0242716e-05,1.7267023e-06,0,0,0,1
1771685258356000,1771685258200000,0,1771685258204000,0,-552.79016,12.354284,0.03692627,0.014063977,12.367167,4.4102235e-06,1.9794977e-06,0,0,0,1
1771685258404000,1771685258252000,0,1771685258252000,0,-552.7429,12.354216,-0.010498047,0.011750163,12.36707,3.5645948e-07,1.7594438e-06,0,0,0,1
1771685258460000,1771685258304000,0,1771685258308000,0,-552.7899,12.354284,0.036132812,0.014047079,12.367167,4.2227293e-06,1.9914924e-06,0,0,0,1
1771685258508000,1771685258356000,0,1771685258356000,0,-552.7239,12.354216,-0.030334473,0.009866208,12.36707,2.976227e-06,1.5235188e-06,0,0,0,1
1771685258564000,1771685258408000,0,1771685258412000,0,-552.76166,12.354284,0.0072021484,0.009615245,12.367167,1.6776983e-07,1.3958033e-06,0,0,0,1
1771685258612000,1771685258460000,0,1771685258460000,0,-552.7616,12.354216,0.007019043,0.009370675,12.36707,1.5934886e-07,1.2793257e-06,0,0,0,1
1771685258668000,1771685258512000,0,1771685258516000,0,-552.78033,12.354284,0.0256958,0.01090855,12.367167,2.135571e-06,1.3599865e-06,0,0,0,1
1771685258716000,1771685258564000,0,1771685258564000,0,-552.79895,12.354216,0.044433594,0.0140667055,12.36707,6.3858106e-06,1.8334338e-06,0,0,0,1
1771685258772000,1771685258616000,0,1771685258620000,0,-552.7563,12.354284,0.0017700195,0.012908322,12.367167,1.0133182e-08,1.6616735e-06,0,0,0,1
1771685258820000,1771685258668000,0,1771685258668000,0,-552.7516,12.354216,-0.0032348633,0.011387587,12.36707,3.384582e-08,1.5019507e-06,0,0,0,1
1771685258876000,1771685258720000,0,1771685258724000,0,-552.761,12.354284,0.006164551,0.010895561,12.367167,1.2291153e-07,1.3720412e-06,0,0,0,1
1771685258924000,1771685258772000,0,1771685258772000,0,-552.7656,12.354216,0.010803223,0.010886863,12.36707,3.774851e-07,1.2783511e-06,0,0,0,1
1771685258980000,1771685258824000,0,1771685258828000,0,-552.73267,12.354284,-0.021911621,0.0077971504,12.367167,1.5528831e-06,1.0116406e-06,0,0,0,1
1771685259028000,1771685258876000,0,1771685258876000,0,-552.79395,12.354216,0.039611816,0.010794184,12.36707,5.0750773e-06,1.3944282e-06,0,0,0,1
1771685259084000,1771685258928000,0,1771685258932000,0,-552.72784,12.354284,-0.026245117,0.0073049744,12.367167,2.227854e-06,1.0531987e-06,0,0,0,1
1771685259132000,1771685258980000,0,1771685258980000,0,-552.7046,12.354216,-0.049438477,0.0019595763,12.36707,7.905391e-06,2.092736e-07,0,0,0,1
1771685259188000,1771685259032000,0,1771685259036000,0,-552.78955,12.354284,0.0357666,0.005144296,12.367167,4.1375674e-06,5.793303e-07,0,0,0,1
1771685259236000,1771685259084000,0,1771685259084000,0,-552.76575,12.354216,0.0119018555,0.005780878,12.36707,4.5816563e-07,5.6791623e-07,0,0,0,1
1771685259292000,1771685259136000,0,1771685259140000,0,-552.7703,12.354284,0.016296387,0.0067714695,12.367167,8.589589e-07,5.953333e-07,0,0,0,1
1771685259340000,1771685259188000,0,1771685259188000,0,-552.70447,12.354216,-0.049438477,0.0014763293,12.36707,7.905391e-06,-2.0545963e-07,0,0,0,1
1771685259396000,1771685259240000,0,1771685259244000,0,-552.65796,12.354284,-0.09564209,-0.0076725087,12.367167,2.9586108e-05,-2.973202e-06,0,0,0,1
1771685259444000,1771685259292000,0,1771685259292000,0,-552.748,12.354216,-0.0052490234,-0.0074442094,12.36707,8.911487e-08,-2.7015126e-06,0,0,0,1
1771685259500000,1771685259344000,0,1771685259348000,0,-552.762,12.354284,0.009033203,-0.005891989,12.367167,2.6392058e-07,-2.4221602e-06,0,0,0,1
1771685259548000,1771685259396000,0,1771685259396000,0,-552.7056,12.354216,-0.046936035,-0.009758458,12.36707,7.125346e-06,-2.865214e-06,0,0,0,1
1771685259604000,1771685259448000,0,1771685259452000,0,-552.70605,12.354284,-0.046081543,-0.013180198,12.367167,6.868213e-06,-3.2423081e-06,0,0,0,1
1771685259652000,1771685259500000,0,1771685259500000,0,-552.75806,12.354216,0.006591797,-0.011317619,12.36707,1.4054028e-07,-2.923634e-06,0,0,0,1
1771685259708000,1771685259552000,0,1771685259556000,0,-552.73456,12.354284,-0.016113281,-0.011769384,12.367167,8.397649e-07,-2.7273275e-06,0,0,0,1
1771685259756000,1771685259604000,0,1771685259604000,0,-552.69244,12.354216,-0.057739258,-0.01609988,12.36707,1.0782899e-05,-3.4861857e-06,0,0,0,1
1771685259812000,1771685259656000,0,1771685259660000,0,-552.72577,12.354284,-0.023864746,-0.016831353,12.367167,1.8420583e-06,-3.3313042e-06,0,0,0,1
1771685259860000,1771685259708000,0,1771685259708000,0,-552.726,12.354216,-0.023010254,-0.017413424,12.36707,1.7125213e-06,-3.1788102e-06,0,0,0,1
1771685259916000,1771685259760000,0,1771685259764000,0,-552.7215,12.354284,-0.027038574,-0.018320141,12.367167,2.364598e-06,-3.102109e-06,0,0,0,1
1771685259964000,1771685259812000,0,1771685259812000,0,-552.7781,12.354216,0.030029297,-0.013765484,12.36707,2.9166445e-06,-2.535125e-06,0,0,0,1
1771685260020000,1771685259864000,0,1771685259868000,0,-552.7966,12.354284,0.04888916,-0.007863235,12.367167,7.73063e-06,-1.5680611e-06,0,0,0,1
1771685260068000,1771685259916000,0,1771685259916000,0,-552.74927,12.354216,0.001953125,-0.006938505,12.36707,1.2338241e-08,-1.4191828e-06,0,0,0,1
1771685260124000,1771685259968000,0,1771685259972000,0,-552.6929,12.354284,-0.05407715,-0.011379102,12.367167,9.458392e-06,-2.1764997e-06,0,0,0,1
1771685260172000,1771685260020000,0,1771685260020000,0,-552.76843,12.354216,0.021850586,-0.008248769,12.36707,1.5442562e-06,-1.8259936e-06,0,0,0,1
1771685260228000,1771685260072000,0,1771685260076000,0,-552.7542,12.354284,0.008056641,-0.006712752,12.367167,2.0994122e-07,-1.6342027e-06,0,0,0,1
1771685260276000,1771685260124000,0,1771685260124000,0,-552.787,12.354216,0.0413208,-0.0021878514,12.36707,5.522435e-06,-9.600267e-07,0,0,0,1
1771685260332000,1771685260176000,0,1771685260180000,0,-552.7303,12.354284,-0.014892578,-0.0033846735,12.367167,7.1734735e-07,-9.3716557e-07,0,0,0,1
1771685260380000,1771685260228000,0,1771685260228000,0,-552.7304,12.354216,-0.014221191,-0.004405505,12.36707,6.541316e-07,-9.1050293e-07,0,0,0,1
1771685260436000,1771685260280000,0,1771685260284000,0,-552.70233,12.354284,-0.041748047,-0.007923281,12.367167,5.637182e-06,-1.3557699e-06,0,0,0,1
1771685260484000,1771685260332000,0,1771685260332000,0,-552.7497,12.354216,0.0059814453,-0.006613415,12.36707,1.157192e-07,-1.2171513e-06,0,0,0,1
1771685260540000,1771685260384000,0,1771685260388000,0,-552.759,12.354284,0.015625,-0.004518492,12.367167,7.8964115e-07,-1.0281057e-06,0,0,0,1
1771685260588000,1771685260436000,0,1771685260436000,0,-552.7495,12.354216,0.0061035156,-0.003517868,12.36707,1.2049063e-07,-9.1990455e-07,0,0,0,1
1771685260644000,1771685260488000,0,1771685260492000,0,-552.73065,12.354284,-0.012756348,-0.0043881596,12.367167,5.26311e-07,-8.828269e-07,0,0,0,1
1771685260692000,1771685260540000,0,1771685260540000,0,-552.7261,12.354216,-0.017456055,-0.0056191934,12.36707,9.855652e-07,-8.925051e-07,0,0,0,1
1771685260748000,1771685260592000,0,1771685260596000,0,-552.76373,12.354284,0.020141602,-0.0031924515,12.367167,1.3121327e-06,-6.848218e-07,0,0,0,1
1771685260796000,1771685260644000,0,1771685260644000,0,-552.7213,12.354216,-0.022277832,-0.00499035,12.36707,1.6052364e-06,-7.7152754e-07,0,0,0,1
1771685260852000,1771685260696000,0,1771685260700000,0,-552.76843,12.354284,0.024597168,-0.0022031197,12.367167,1.9568608e-06,-5.145054e-07,0,0,0,1
1771685260900000,1771685260748000,0,1771685260748000,0,-552.7401,12.354216,-0.003967285,-0.0023693093,12.36707,5.0907293e-08,-4.7083313e-07,0,0,0,1
1771685260956000,1771685260800000,0,1771685260804000,0,-552.7355,12.354284,-0.009094238,-0.0030028173,12.367167,2.6749913e-07,-4.516785e-07,0,0,0,1
1771685261004000,1771685260852000,0,1771685260852000,0,-552.6886,12.354216,-0.056152344,-0.008009657,12.36707,1.0198327e-05,-1.3698411e-06,0,0,0,1
1771685261060000,1771685260904000,0,1771685260908000,0,-552.6938,12.354284,-0.051086426,-0.012067614,12.367167,8.441133e-06,-2.0359773e-06,0,0,0,1
1771685261108000,1771685260956000,0,1771685260956000,0,-552.6942,12.354216,-0.05065918,-0.015703052,12.36707,8.3006e-06,-2.626123e-06,0,0,0,1
1771685261164000,1771685261008000,0,1771685261012000,0,-552.7087,12.354284,-0.036315918,-0.017644845,12.367167,4.265636e-06,-2.78057e-06,0,0,0,1
1771685261212000,1771685261060000,0,1771685261060000,0,-552.69495,12.354216,-0.049987793,-0.020691644,12.36707,8.082042e-06,-3.279984e-06,0,0,0,1
1771685261268000,1771685261112000,0,1771685261116000,0,-552.7564,12.354284,0.011657715,-0.017644241,12.367167,4.395584e-07,-2.9295923e-06,0,0,0,1
1771685261316000,1771685261164000,0,1771685261164000,0,-552.7797,12.354216,0.03503418,-0.012681781,12.36707,3.969877e-06,-2.279642e-06,0,0,0,1
1771685261372000,1771685261216000,0,1771685261220000,0,-552.7325,12.354284,-0.012329102,-0.012648558,12.367167,4.916461e-07,-2.1112078e-06,0,0,0,1
1771685261420000,1771685261268000,0,1771685261268000,0,-552.7514,12.354216,0.0063476562,-0.010859059,12.36707,1.3032266e-07,-1.9000491e-06,0,0,0,1
1771685261476000,1771685261320000,0,1771685261324000,0,-552.74664,12.354284,0.0013427734,-0.009709612,12.367167,5.8317005e-09,-1.7205097e-06,0,0,0,1
1771685261524000,1771685261372000,0,1771685261372000,0,-552.72784,12.354216,-0.017700195,-0.010462347,12.36707,1.0133263e-06,-1.6538909e-06,0,0,0,1
1771685261580000,1771685261424000,0,1771685261428000,0,-552.7702,12.354284,0.024658203,-0.007153889,12.3671665,1.9665845e-06,-1.3128316e-06,0,0,0,1
1771685261628000,1771685261476000,0,1771685261476000,0,-552.7794,12.354216,0.03387451,-0.0032888944,12.36707,3.7114128e-06,-8.395332e-07,0,0,0,1
1771685261684000,1771685261528000,0,1771685261532000,0,-552.7369,12.354284,-0.009216309,-0.003847274,12.3671665,2.7472854e-07,-7.8632695e-07,0,0,0,1
1771685261732000,1771685261580000,0,1771685261580000,0,-552.7792,12.354216,0.03277588,-0.0003972666,12.36707,3.4745763e-06,-3.849375e-07,0,0,0,1
1771685261788000,1771685261632000,0,1771685261636000,0,-552.8118,12.354284,0.06488037,0.0057520764,12.3671665,1.3614962e-05,9.338937e-07,0,0,0,1
1771685261836000,1771685261684000,0,1771685261684000,0,-552.7925,12.354216,0.04510498,0.009459235,12.36707,6.5802465e-06,1.4657966e-06,0,0,0,1
1771685261892000,1771685261736000,0,1771685261740000,0,-552.7639,12.354284,0.015930176,0.010068816,12.3671665,8.207878e-07,1.4050348e-06,0,0,0,1
1771685261940000,1771685261788000,0,1771685261788000,0,-552.75903,12.354216,0.0107421875,0.010132249,12.36707,3.7323179e-07,1.307836e-06,0,0,0,1
1771685261996000,1771685261840000,0,1771685261844000,0,-552.74963,12.354284,0.001159668,0.009287006,12.3671665,4.349678e-09,1.1850437e-06,0,0,0,1
1771685262044000,1771685261892000,0,1771685261892000,0,-552.73553,12.354216,-0.013000488,0.0071874596,12.36707,5.4665395e-07,1.0219128e-06,0,0,0,1
1771685262100000,1771685261944000,0,1771685261948000,0,-552.71216,12.354284,-0.0368042,0.0030433177,12.3671665,4.3811137e-06,5.12932e-07,0,0,0,1
1771685262148000,1771685261996000,0,1771685261996000,0,-552.75006,12.354216,0.00061035156,0.0028141253,12.36707,1.2049063e-09,4.6472582e-07,0,0,0,1
1771685262204000,1771685262048000,0,1771685262052000,0,-552.74536,12.354284,-0.004272461,0.0021465481,12.3671665,5.9039948e-08,4.1538556e-07,0,0,0,1
1771685262252000,1771685262100000,0,1771685262100000,0,-552.7735,12.354216,0.023498535,0.0041579674,12.36707,1.7859724e-06,5.444988e-07,0,0,0,1
1771685262308000,1771685262152000,0,1771685262156000,0,-552.7452,12.354284,-0.005126953,0.003283301,12.3671665,8.5017525e-08,4.8519655e-07,0,0,0,1
1771685262356000,1771685262204000,0,1771685262204000,0,-552.73584,12.354216,-0.014343262,0.0016228275,12.36707,6.654095e-07,3.768061e-07,0,0,0,1
1771685262412000,1771685262256000,0,1771685262260000,0,-552.7641,12.354284,0.01373291,0.0027636325,12.3671665,6.0997905e-07,3.9877168e-07,0,0,0,1
1771685262460000,1771685262308000,0,1771685262308000,0,-552.74994,12.354216,-0.0005493164,0.002451543,12.36707,9.759741e-10,3.6111427e-07,0,0,0,1
1771685262516000,1771685262360000,0,1771685262364000,0,-552.7781,12.354284,0.02734375,0.004796461,12.3671665,2.4182764e-06,5.5490494e-07,0,0,0,1
1771685262564000,1771685262412000,0,1771685262412000,0,-552.7262,12.354216,-0.024597168,0.002027496,12.36707,1.9568763e-06,3.1828785e-07,0,0,0,1
1771685262620000,1771685262464000,0,1771685262468000,0,-552.778,12.354284,0.027282715,0.004406611,12.3671665,2.4074925e-06,5.15097e-07,0,0,0,1
1771685262668000,1771685262516000,0,1771685262516000,0,-552.7309,12.354216,-0.019958496,0.0021113472,12.36707,1.2883943e-06,3.4520286e-07,0,0,0,1
1771685262724000,1771685262568000,0,1771685262572000,0,-552.77795,12.354284,0.027160645,0.0044710636,12.3671665,2.385997e-06,5.374516e-07,0,0,0,1
1771685262772000,1771685262620000,0,1771685262620000,0,-552.73083,12.354216,-0.019897461,0.0021754778,12.36707,1.2805262e-06,3.6619284e-07,0,0,0,1
1771685262828000,1771685262672000,0,1771685262676000,0,-552.7591,12.354284,0.008483887,0.0027697482,12.3671665,2.3279813e-07,3.5362666e-07,0,0,0,1
1771685262876000,1771685262724000,0,1771685262724000,0,-552.7356,12.354216,-0.015014648,0.0010944065,12.36707,7.291611e-07,2.516249e-07,0,0,0,1
1771685262932000,1771685262776000,0,1771685262780000,0,-552.76855,12.354284,0.018005371,0.0026874684,12.3671665,1.0485616e-06,3.2669865e-07,0,0,0,1
1771685262980000,1771685262828000,0,1771685262828000,0,-552.69336,12.354216,-0.056884766,-0.002924409,12.36707,1.0466106e-05,-6.900149e-07,0,0,0,1
1771685263036000,1771685262880000,0,1771685262884000,0,-552.7595,12.354284,0.00982666,-0.0017232213,12.3671665,3.1232133e-07,-5.9559187e-07,0,0,0,1
1771685263084000,1771685262932000,0,1771685262932000,0,-552.73596,12.354216,-0.01361084,-0.0028430694,12.36707,5.9918784e-07,-5.959306e-07,0,0,0,1
1771685263140000,1771685262984000,0,1771685262988000,0,-552.6985,12.354284,-0.05090332,-0.0073704845,12.3671665,8.380733e-06,-1.3292815e-06,0,0,0,1
1771685263188000,1771685263036000,0,1771685263036000,0,-552.7412,12.354216,-0.0078125,-0.0074121235,12.36707,1.9741185e-07,-1.2226561e-06,0,0,0,1
1771685263244000,1771685263088000,0,1771685263092000,0,-552.7225,12.354284,-0.026306152,-0.0091919955,12.3671665,2.2382285e-06,-1.318326e-06,0,0,0,1
1771685263292000,1771685263140000,0,1771685263140000,0,-552.7133,12.354216,-0.035095215,-0.011632154,12.36707,3.9837214e-06,-1.5694139e-06,0,0,0,1
1771685263348000,1771685263192000,0,1771685263196000,0,-552.7136,12.354284,-0.034423828,-0.013779196,12.3671665,3.832729e-06,-1.7826247e-06,0,0,0,1
1771685263396000,1771685263244000,0,1771685263244000,0,-552.7233,12.354216,-0.024414062,-0.014781032,12.36707,1.92785e-06,-1.7963054e-06,0,0,0,1
1771685263452000,1771685263296000,0,1771685263300000,0,-552.6907,12.354284,-0.056762695,-0.018735826,12.3671665,1.0421153e-05,-2.608791e-06,0,0,0,1
1771685263500000,1771685263348000,0,1771685263348000,0,-552.67236,12.354216,-0.074645996,-0.024002727,12.36707,1.8022134e-05,-4.060773e-06,0,0,0,1
1771685263556000,1771685263400000,0,1771685263404000,0,-552.7058,12.354284,-0.040222168,-0.025530646,12.3671665,5.2326386e-06,-4.171166e-06,0,0,0,1
1771685263604000,1771685263452000,0,1771685263452000,0,-552.7625,12.354216,0.017578125,-0.021469675,12.36707,9.993975e-07,-3.6840838e-06,0,0,0,1
1771685263660000,1771685263504000,0,1771685263508000,0,-552.7483,12.354284,0.004333496,-0.019038942,12.3671665,6.0738856e-08,-3.3313106e-06,0,0,0,1
1771685263708000,1771685263556000,0,1771685263556000,0,-552.7952,12.354216,0.052001953,-0.012346683,12.36707,8.746463e-06,-2.1935493e-06,0,0,0,1
1771685263764000,1771685263608000,0,1771685263612000,0,-552.7008,12.354284,-0.042053223,-0.015145125,12.3671665,5.7198986e-06,-2.5257416e-06,0,0,0,1
1771685263812000,1771685263660000,0,1771685263660000,0,-552.7012,12.354216,-0.041259766,-0.0176052,12.36707,5.5061328e-06,-2.806503e-06,0,0,0,1
1771685263868000,1771685263712000,0,1771685263716000,0,-552.75793,12.354284,0.01574707,-0.014463319,12.3671665,8.020276e-07,-2.466569e-06,0,0,0,1
1771685263916000,1771685263764000,0,1771685263764000,0,-552.739,12.354216,-0.0028076172,-0.013365318,12.36707,2.5495817e-08,-2.2366128e-06,0,0,0,1
1771685263972000,1771685263816000,0,1771685263820000,0,-552.7531,12.354284,0.011657715,-0.011008075,12.3671665,4.3955845e-07,-1.9845097e-06,0,0,0,1
1771685264020000,1771685263868000,0,1771685263868000,0,-552.71545,12.354216,-0.025939941,-0.0124147,12.36707,2.176362e-06,-2.0025827e-06,0,0,0,1
1771685264076000,1771685263920000,0,1771685263924000,0,-552.7908,12.354284,0.049072266,-0.0066224495,12.3671665,7.788646e-06,-1.0802205e-06,0,0,0,1
1771685264124000,1771685263972000,0,1771685263972000,0,-552.77625,12.354216,0.034118652,-0.0027845195,12.36707,3.7651034e-06,-6.2377694e-07,0,0,0,1
1771685264180000,1771685264024000,0,1771685264028000,0,-552.73846,12.354284,-0.0040893555,-0.002907439,12.3671665,5.4087824e-08,-5.7011056e-07,0,0,0,1
1771685264228000,1771685264076000,0,1771685264076000,0,-552.7854,12.354216,0.04260254,0.0013797332,12.36707,5.8703517e-06,3.6599715e-08,0,0,0,1
1771685264284000,1771685264128000,0,1771685264132000,0,-552.7475,12.354284,0.004272461,0.0016522366,12.3671665,5.9039948e-08,3.871365e-08,0,0,0,1
1771685264332000,1771685264180000,0,1771685264180000,0,-552.7475,12.354216,0.0037231445,0.0018473221,12.36707,4.4834565e-08,3.929026e-08,0,0,0,1
1771685264388000,1771685264232000,0,1771685264236000,0,-552.7756,12.354284,0.03173828,0.0046631373,12.3671665,3.2580413e-06,3.4250596e-07,0,0,0,1
1771685264436000,1771685264284000,0,1771685264284000,0,-552.7472,12.354216,0.0034179688,0.0045458386,12.36707,3.7785863e-08,3.1380043e-07,0,0,0,1
1771685264492000,1771685264336000,0,1771685264340000,0,-552.77997,12.354284,0.036010742,0.007509924,12.3671665,4.1942462e-06,6.793497e-07,0,0,0,1
1771685264540000,1771685264388000,0,1771685264388000,0,-552.7139,12.354216,-0.030029297,0.00397362,12.36707,2.9166445e-06,3.4059659e-07,0,0,0,1
1771685264596000,1771685264440000,0,1771685264444000,0,-552.73303,12.354284,-0.010986328,0.0025643494,12.3671665,3.9038662e-07,2.7173584e-07,0,0,0,1
1771685264644000,1771685264492000,0,1771685264492000,0,-552.7378,12.354216,-0.006164551,0.0017420617,12.36707,1.229125e-07,2.3455883e-07,0,0,0,1
1771685264700000,1771685264544000,0,1771685264548000,0,-552.70966,12.354284,-0.034484863,-0.0016706199,12.3671665,3.846332e-06,-1.4987296e-07,0,0,0,1
1771685264748000,1771685264596000,0,1771685264596000,0,-552.75226,12.354216,0.008056641,-0.0007542838,12.36707,2.0994288e-07,-1.15977265e-07,0,0,0,1
1771685264804000,1771685264648000,0,1771685264652000,0,-552.69586,12.354284,-0.04864502,-0.00526573,12.3671665,7.6536135e-06,-8.260445e-07,0,0,0,1
1771685264852000,1771685264700000,0,1771685264700000,0,-552.73846,12.354216,-0.005859375,-0.005321653,12.36707,1.11044166e-07,-7.586894e-07,0,0,0,1
1771685264908000,1771685264752000,0,1771685264756000,0,-552.7244,12.354284,-0.019592285,-0.006665988,12.3671665,1.2415378e-06,-8.041751e-07,0,0,0,1
1771685264956000,1771685264804000,0,1771685264804000,0,-552.7246,12.354216,-0.018859863,-0.007814687,12.36707,1.1504566e-06,-8.3679583e-07,0,0,0,1
1771685265012000,1771685264856000,0,1771685264860000,0,-552.7576,12.354284,0.014099121,-0.0057503423,12.3671665,6.4294505e-07,-6.9739997e-07,0,0,0,1
1771685265060000,1771685264908000,0,1771685264908000,0,-552.77625,12.354216,0.03265381,-0.0021325597,12.36707,3.4487432e-06,-3.0682125e-07,0,0,0,1
1771685265116000,1771685264960000,0,1771685264964000,0,-552.7901,12.354284,0.046203613,0.0024208482,12.3671665,6.9046496e-06,3.7252025e-07,0,0,0,1
1771685265164000,1771685265012000,0,1771685265012000,0,-552.77094,12.354216,0.026794434,0.004716911,12.36707,2.3221075e-06,5.5617704e-07,0,0,0,1
1771685265220000,1771685265064000,0,1771685265068000,0,-552.75195,12.354284,0.0072631836,0.004956777,12.3671665,1.7062546e-07,5.1985694e-07,0,0,0,1
1771685265268000,1771685265116000,0,1771685265116000,0,-552.7425,12.354216,-0.0029296875,0.004213849,12.36707,2.7761041e-08,4.6826975e-07,0,0,0,1
1771685265324000,1771685265168000,0,1771685265172000,0,-552.7472,12.354284,0.0013427734,0.0039433856,12.3671665,5.831701e-09,4.2470674e-07,0,0,0,1
1771685265372000,1771685265220000,0,1771685265220000,0,-552.7237,12.354216,-0.022338867,0.0014675211,12.36707,1.6140443e-06,2.3265046e-07,0,0,0,1
1771685265428000,1771685265272000,0,1771685265276000,0,-552.7521,12.354284,0.0059814453,0.0018927458,12.3671665,1.157183e-07,2.2163512e-07,0,0,0,1
1771685265476000,1771685265324000,0,1771685265324000,0,-552.7285,12.354216,-0.01763916,5.2783522e-05,12.36707,1.0063499e-06,1.05955365e-07,0,0,0,1
1771685265532000,1771685265376000,0,1771685265380000,0,-552.7099,12.354284,-0.036010742,-0.0033445056,12.3671665,4.1942462e-06,-2.991361e-07,0,0,0,1
1771685265580000,1771685265428000,0,1771685265428000,0,-552.7572,12.354216,0.011474609,-0.0019485018,12.36707,4.2586208e-07,-2.3083916e-07,0,0,0,1
1771685265636000,1771685265480000,0,1771685265484000,0,-552.7805,12.354284,0.03479004,0.0015123755,12.3671665,3.9147103e-06,1.5968365e-07,0,0,0,1
1771685265684000,1771685265532000,0,1771685265532000,0,-552.7614,12.354216,0.01550293,0.0028303266,12.36707,7.7735734e-07,2.1787031e-07,0,0,0,1
1771685265740000,1771685265584000,0,1771685265588000,0,-552.8036,12.354284,0.05706787,0.007939661,12.3671665,1.053351e-05,1.1896336e-06,0,0,0,1
1771685265788000,1771685265636000,0,1771685265636000,0,-552.73267,12.354216,-0.014038086,0.0058692936,12.36707,6.3739543e-07,1.0175222e-06,0,0,0,1
1771685265844000,1771685265688000,0,1771685265692000,0,-552.7469,12.354284,0.00024414062,0.005339388,12.3671665,1.9278351e-10,9.216868e-07,0,0,0,1
1771685265892000,1771685265740000,0,1771685265740000,0,-552.7985,12.354216,0.051513672,0.009689139,12.36707,8.5829815e-06,1.643403e-06,0,0,0,1
1771685265948000,1771685265792000,0,1771685265796000,0,-552.74646,12.354284,-0.0005493164,0.008724647,12.3671665,9.759665e-10,1.4884978e-06,0,0,0,1
1771685265996000,1771685265844000,0,1771685265844000,0,-552.75116,12.354216,0.0038452148,0.00826499,12.36707,4.782273e-08,1.352782e-06,0,0,0,1
1771685266052000,1771685265896000,0,1771685265900000,0,-552.7793,12.354284,0.03125,0.010430245,12.3671665,3.158565e-06,1.522892e-06,0,0,0,1
1771685266100000,1771685265948000,0,1771685265948000,0,-552.7931,12.354216,0.04449463,0.013639209,12.36707,6.403366e-06,1.9826468e-06,0,0,0,1
1771685266156000,1771685266000000,0,1771685266004000,0,-552.7786,12.354284,0.028747559,0.015062459,12.3671665,2.6729554e-06,2.047676e-06,0,0,0,1
1771685266204000,1771685266052000,0,1771685266052000,0,-552.75494,12.354216,0.003967285,0.014017262,12.36707,5.0907293e-08,1.8595746e-06,0,0,0,1
1771685266260000,1771685266104000,0,1771685266108000,0,-552.72675,12.354284,-0.025634766,0.010281925,12.3671665,2.1254382e-06,1.4841748e-06,0,0,0,1
1771685266308000,1771685266156000,0,1771685266156000,0,-552.76917,12.354216,0.01574707,0.010796757,12.36707,8.0203387e-07,1.4199152e-06,0,0,0,1
1771685266364000,1771685266208000,0,1771685266212000,0,-552.7456,12.354284,-0.008361816,0.008991964,12.3671665,2.2614711e-07,1.2648513e-06,0,0,0,1
1771685266412000,1771685266260000,0,1771685266260000,0,-552.70807,12.354216,-0.04650879,0.003763632,12.36707,6.996216e-06,4.8663475e-07,0,0,0,1
1771685266468000,1771685266312000,0,1771685266316000,0,-552.7461,12.354284,-0.009033203,0.0025581329,12.3671665,2.639206e-07,4.1593023e-07,0,0,0,1
1771685266516000,1771685266364000,0,1771685266364000,0,-552.75555,12.354216,-0.00018310547,0.0022999002,12.36707,1.0844157e-10,3.7673817e-07,0,0,0,1
1771685266572000,1771685266416000,0,1771685266420000,0,-552.7602,12.354284,0.0038452148,0.0024454733,12.3671665,4.7822358e-08,3.4575334e-07,0,0,0,1
1771685266620000,1771685266468000,0,1771685266468000,0,-552.76013,12.354216,0.0033569336,0.0025313355,12.36707,3.6448416e-08,3.166159e-07,0,0,0,1
1771685266676000,1771685266520000,0,1771685266524000,0,-552.7367,12.354284,-0.020385742,0.00037248014,12.367167,1.3441347e-06,1.6016837e-07,0,0,0,1
1771685266724000,1771685266572000,0,1771685266572000,0,-552.7322,12.354216,-0.024841309,-0.0020027321,12.36707,1.9959152e-06,-4.2940968e-08,0,0,0,1
1771685266780000,1771685266624000,0,1771685266628000,0,-552.75116,12.354284,-0.0059814453,-0.0023775385,12.367167,1.1571829e-07,-4.9796803e-08,0,0,0,1
1771685266828000,1771685266676000,0,1771685266676000,0,-552.7089,12.354216,-0.048034668,-0.0066785724,12.36707,7.462816e-06,-7.481248e-07,0,0,0,1
1771685266884000,1771685266728000,0,1771685266732000,0,-552.7892,12.354284,0.032409668,-0.0029963464,12.367167,3.397339e-06,-3.576101e-07,0,0,0,1
1771685266932000,1771685266780000,0,1771685266780000,0,-552.6809,12.354216,-0.075805664,-0.009855196,12.367071,1.858645e-05,-2.0748198e-06,0,0,0,1
1771685266988000,1771685266832000,0,1771685266836000,0,-552.78485,12.354284,0.028259277,-0.0062647015,12.367167,2.5829252e-06,-1.6360467e-06,0,0,0,1
1771685267036000,1771685266884000,0,1771685266884000,0,-552.7658,12.354216,0.009338379,-0.004794846,12.367071,2.820565e-07,-1.4553558e-06,0,0,0,1
1771685267092000,1771685266936000,0,1771685266940000,0,-552.75165,12.354284,-0.0045166016,-0.004768634,12.367168,6.5980146e-08,-1.3244726e-06,0,0,0,1
1771685267140000,1771685266988000,0,1771685266988000,0,-552.7188,12.354216,-0.037109375,-0.007815226,12.367071,4.4541043e-06,-1.619293e-06,0,0,0,1
1771685267196000,1771685267040000,0,1771685267044000,0,-552.7379,12.354284,-0.01739502,-0.00871767,12.367168,9.786775e-07,-1.5589452e-06,0,0,0,1
1771685267244000,1771685267092000,0,1771685267092000,0,-552.7522,12.354216,-0.0024414062,-0.008126427,12.367072,1.9278499e-08,-1.4139041e-06,0,0,0,1
1771685267300000,1771685267144000,0,1771685267148000,0,-552.7569,12.354284,0.002746582,-0.0071021584,12.367169,2.4399158e-08,-1.2784118e-06,0,0,0,1
1771685267348000,1771685267196000,0,1771685267196000,0,-552.724,12.354216,-0.029663086,-0.009227463,12.367073,2.84594e-06,-1.4260775e-06,0,0,0,1
1771685267404000,1771685267248000,0,1771685267252000,0,-552.6961,12.354284,-0.05718994,-0.013745667,12.36717,1.05786185e-05,-2.2882734e-06,0,0,0,1
1771685267452000,1771685267300000,0,1771685267300000,0,-552.7576,12.354216,0.0048217773,-0.01199656,12.367074,7.519818e-08,-2.0656275e-06,0,0,0,1
1771685267508000,1771685267352000,0,1771685267356000,0,-552.7998,12.354284,0.047851562,-0.006358693,12.367171,7.4059685e-06,-1.1733757e-06,0,0,0,1
1771685267556000,1771685267404000,0,1771685267404000,0,-552.7806,12.354216,0.029174805,-0.003011334,12.367075,2.753017e-06,-8.034981e-07,0,0,0,1
1771685267612000,1771685267456000,0,1771685267460000,0,-552.7099,12.354284,-0.04083252,-0.0065741995,12.367172,5.392646e-06,-1.2358091e-06,0,0,0,1
1771685267660000,1771685267508000,0,1771685267508000,0,-552.74316,12.354216,-0.007019043,-0.006616105,12.367076,1.5934879e-07,-1.1344034e-06,0,0,0,1
1771685267716000,1771685267560000,0,1771685267564000,0,-552.7432,12.354284,-0.006286621,-0.0065850667,12.367173,1.2782745e-07,-1.0395811e-06,0,0,0,1
1771685267764000,1771685267612000,0,1771685267612000,0,-552.7339,12.354216,-0.015075684,-0.0073849075,12.367077,7.351009e-07,-1.0108981e-06,0,0,0,1
1771685267820000,1771685267664000,0,1771685267668000,0,-552.7293,12.354284,-0.019592285,-0.008534878,12.367174,1.2415371e-06,-1.032625e-06,0,0,0,1
1771685267868000,1771685267716000,0,1771685267716000,0,-552.7482,12.354216,-0.00048828125,-0.007776865,12.367078,7.711396e-10,-9.3542144e-07,0,0,0,1
1771685267924000,1771685267768000,0,1771685267772000,0,-552.7107,12.354284,-0.03778076,-0.010603319,12.367175,4.616692e-06,-1.2822078e-06,0,0,0,1
1771685267972000,1771685267820000,0,1771685267820000,0,-552.758,12.354216,0.009887695,-0.008673006,12.367079,3.162154e-07,-1.1316317e-06,0,0,0,1
1771685268028000,1771685267872000,0,1771685267876000,0,-552.7344,12.354284,-0.013549805,-0.009132414,12.367177,5.938209e-07,-1.0809684e-06,0,0,0,1
1771685268076000,1771685267924000,0,1771685267924000,0,-552.7345,12.354216,-0.013000488,-0.009496798,12.367081,5.466535e-07,-1.0306344e-06,0,0,0,1
1771685268132000,1771685267976000,0,1771685267980000,0,-552.7581,12.354284,0.011230469,-0.0075442293,12.367178,4.0792955e-07,-8.951175e-07,0,0,0,1
1771685268180000,1771685268028000,0,1771685268028000,0,-552.73926,12.354216,-0.0071411133,-0.0075062546,12.367082,1.6493948e-07,-8.263326e-07,0,0,0,1
1771685268236000,1771685268080000,0,1771685268084000,0,-552.7252,12.354284,-0.020690918,-0.008748288,12.367179,1.3846783e-06,-8.789304e-07,0,0,0,1
1771685268284000,1771685268132000,0,1771685268132000,0,-552.73004,12.354216,-0.015319824,-0.009367346,12.367083,7.591023e-07,-8.6764226e-07,0,0,0,1
1771685268340000,1771685268184000,0,1771685268188000,0,-552.7771,12.354284,0.032226562,-0.0054490785,12.367181,3.3590559e-06,-4.69475e-07,0,0,0,1
1771685268388000,1771685268236000,0,1771685268236000,0,-552.78156,12.354216,0.03704834,-0.0014456981,12.3670845,4.43946e-06,-7.0390627e-09,0,0,0,1
1771685268444000,1771685268288000,0,1771685268292000,0,-552.7531,12.354284,0.008911133,-0.00047005457,12.367182,2.5683553e-07,1.781869e-08,0,0,0,1
1771685268492000,1771685268340000,0,1771685268340000,0,-552.72485,12.354216,-0.018798828,-0.0021966782,12.367085,1.143021e-06,-9.153578e-08,0,0,0,1
1771685268548000,1771685268392000,0,1771685268396000,0,-552.7344,12.354284,-0.008850098,-0.0028234497,12.367183,2.5332926e-07,-1.0677719e-07,0,0,0,1
1771685268596000,1771685268444000,0,1771685268444000,0,-552.78143,12.354216,0.03881836,0.0010993299,12.367086,4.8737916e-06,3.6240687e-07,0,0,0,1
1771685268652000,1771685268496000,0,1771685268500000,0,-552.7529,12.354284,0.0107421875,0.0020077152,12.367184,3.7322835e-07,3.6342627e-07,0,0,0,1
1771685268700000,1771685268548000,0,1771685268548000,0,-552.7716,12.354216,0.02960205,0.004607182,12.367087,2.834237e-06,5.961838e-07,0,0,0,1
1771685268756000,1771685268600000,0,1771685268604000,0,-552.7479,12.354284,0.0063476562,0.00477114,12.367185,1.3032145e-07,5.522982e-07,0,0,0,1
1771685268804000,1771685268652000,0,1771685268652000,0,-552.74786,12.354216,0.006713867,0.0049541504,12.367088,1.4579345e-07,5.140043e-07,0,0,0,1
1771685268860000,1771685268704000,0,1771685268708000,0,-552.78534,12.354284,0.04437256,0.008667478,12.367186,6.36822e-06,1.0654885e-06,0,0,0,1
1771685268908000,1771685268756000,0,1771685268756000,0,-552.72394,12.354216,-0.016357422,0.0063100597,12.367089,8.654105e-07,8.835922e-07,0,0,0,1
1771685268964000,1771685268808000,0,1771685268812000,0,-552.72406,12.354284,-0.014526367,0.004347208,12.367187,6.8250074e-07,7.360617e-07,0,0,0,1
1771685269012000,1771685268860000,0,1771685268860000,0,-552.7195,12.354216,-0.016174316,0.0024140207,12.367089,8.4614413e-07,5.870133e-07,0,0,0,1
1771685269068000,1771685268912000,0,1771685268916000,0,-552.7431,12.354284,0.0126953125,0.0033825482,12.3671875,5.2128576e-07,5.8082156e-07,0,0,0,1
1771685269116000,1771685268964000,0,1771685268964000,0,-552.68665,12.354216,-0.036987305,-0.00042040925,12.36709,4.4248427e-06,1.0927346e-07,0,0,0,1
1771685269172000,1771685269016000,0,1771685269020000,0,-552.6729,12.354284,-0.0,-0.0040778555,12.3671875,4.981626e-06,-3.7030406e-07,0,0,0,1
1771685269220000,1771685269068000,0,1771685269068000,0,-552.6967,12.354216,-0.0,-0.0039236974,12.367091,1.9278469e-08,-3.3723643e-07,0,0,0,1
1771685269276000,1771685269120000,0,1771685269124000,0,-552.6544,12.354284,-0.0,-0.005917196,12.3671875,2.0353204e-06,-4.9720086e-07,0,0,0,1
1771685269324000,1771685269172000,0,1771685269172000,0,-552.6218,12.354216,-0.0,-0.008792344,12.367091,4.2943875e-06,-8.549069e-07,0,0,0,1
1771685269380000,1771685269224000,0,1771685269228000,0,-552.61743,12.354284,-0.0,-0.0089127775,12.367188,3.280326e-07,-8.0527377e-07,0,0,0,1
1771685269428000,1771685269276000,0,1771685269276000,0,-552.55646,12.354216,-0.0,-0.011810466,12.367091,5.0907206e-06,-1.2089753e-06,0,0,0,1
1771685269484000,1771685269328000,0,1771685269332000,0,-552.5239,12.354284,-0.0,-0.01339449,12.367188,2.6502987e-06,-1.3447521e-06,0,0,0,1
1771685269532000,1771685269380000,0,1771685269380000,0,-552.48663,12.354216,-0.0,-0.014329071,12.367091,1.7582446e-06,-1.3837043e-06,0,0,0,1
1771685269588000,1771685269432000,0,1771685269436000,0,-552.4117,12.354284,-0.0,-0.016923517,12.367188,5.6701865e-06,-1.7875034e-06,0,0,0,1
1771685269636000,1771685269484000,0,1771685269484000,0,-552.3323,12.354216,-0.0,-0.021774674,12.367091,1.51413215e-05,-3.0454717e-06,0,0,0,1
1771685269692000,1771685269536000,0,1771685269540000,0,-552.3093,12.354284,-0.0,-0.02202906,12.367188,1.937483e-06,-2.941096e-06,0,0,0,1
1771685269740000,1771685269588000,0,1771685269588000,0,-552.2203,12.354216,-0.0,-0.02493884,12.367091,9.057133e-06,-3.5172445e-06,0,0,0,1
1771685269796000,1771685269640000,0,1771685269644000,0,-552.1691,12.354284,-0.0,-0.025360879,12.367188,2.7992598e-06,-3.4496084e-06,0,0,0,1
1771685269844000,1771685269692000,0,1771685269692000,0,-552.0755,12.354216,-0.0,-0.028284524,12.367091,1.0287184e-05,-4.093728e-06,0,0,0,1
1771685269900000,1771685269744000,0,1771685269748000,0,-551.99615,12.354284,-0.0,-0.030858006,12.3671875,9.999676e-06,-4.6500854e-06,0,0,0,1
1771685269948000,1771685269796000,0,1771685269796000,0,-551.8839,12.354216,-0.0,-0.037133344,12.36709,3.0729992e-05,-7.1068885e-06,0,0,0,1
1771685270004000,1771685269848000,0,1771685269852000,0,-551.81903,12.354284,-0.0,-0.041058123,12.3671875,2.0081754e-05,-8.329159e-06,0,0,0,1
1771685270052000,1771685269900000,0,1771685269900000,0,-551.73047,12.354216,-0.0,-0.046165593,12.36709,2.9360159e-05,-1.031034e-05,0,0,0,1
1771685270108000,1771685269952000,0,1771685269956000,0,-551.58105,12.354284,-0.0,-0.056915343,12.367187,8.308807e-05,-1.7166214e-05,0,0,0,1
1771685270156000,1771685270004000,0,1771685270004000,0,-551.54016,12.354216,-0.0,-0.063679844,12.367089,5.3592714e-05,-2.0597696e-05,0,0,0,1
1771685270212000,1771685270056000,0,1771685270060000,0,-551.56,12.354284,-0.0,-0.059998143,12.367187,1.956858e-06,-1.8841674e-05,0,0,0,1
1771685270260000,1771685270108000,0,1771685270108000,0,-551.471,12.354216,-0.0,-0.058227185,12.367089,5.4898455e-06,-1.7583894e-05,0,0,0,1
1771685270316000,1771685270160000,0,1771685270164000,0,-551.3587,12.354284,-0.0,-0.059256412,12.367186,1.5467107e-05,-1.7384487e-05,0,0,0,1
1771685270364000,1771685270212000,0,1771685270212000,0,-551.2747,12.354216,-0.0,-0.061281126,12.367088,2.1089794e-05,-1.7733539e-05,0,0,0,1
1771685270420000,1771685270264000,0,1771685270268000,0,-551.1392,12.354284,-0.0,-0.06793334,12.367186,5.626765e-05,-2.1363565e-05,0,0,0,1
1771685270468000,1771685270316000,0,1771685270316000,0,-551.0512,12.354216,-0.0,-0.07541358,12.367088,7.0214555e-05,-2.596547e-05,0,0,0,1
1771685270524000,1771685270368000,0,1771685270372000,0,-550.982,12.354284,-0.0,-0.080774724,12.367185,5.663277e-05,-2.8854418e-05,0,0,0,1
1771685270572000,1771685270420000,0,1771685270420000,0,-550.89386,12.354216,-0.0,-0.087097004,12.367087,7.0739094e-05,-3.2800075e-05,0,0,0,1
1771685270628000,1771685270472000,0,1771685270476000,0,-550.7731,12.354284,-0.0,-0.09625627,12.367184,0.00010989127,-4.006229e-05,0,0,0,1
1771685270676000,1771685270524000,0,1771685270524000,0,-550.8169,12.354216,-0.0,-0.093616806,12.367086,1.5060394e-05,-3.770704e-05,0,0,0,1
1771685270732000,1771685270576000,0,1771685270580000,0,-550.7236,12.354284,-0.0,-0.09207119,12.367184,1.9281035e-05,-3.5971258e-05,0,0,0,1
1771685270780000,1771685270628000,0,1771685270628000,0,-550.6021,12.354216,-0.0,-0.095299676,12.367086,5.1628966e-05,-3.7446258e-05,0,0,0,1
1771685270836000,1771685270680000,0,1771685270684000,0,-550.5422,12.354284,-0.0,-0.09599315,12.367183,3.4087985e-05,-3.71299e-05,0,0,0,1
1771685270884000,1771685270732000,0,1771685270732000,0,-550.45386,12.354216,-0.0,-0.09820245,12.367085,4.6146037e-05,-3.7979247e-05,0,0,0,1
1771685270940000,1771685270784000,0,1771685270788000,0,-550.3797,12.354284,-0.0,-0.099346936,12.367182,3.9386396e-05,-3.8111804e-05,0,0,0,1
1771685270988000,1771685270836000,0,1771685270836000,0,-550.28674,12.354216,-0.0,-0.10242474,12.3670845,5.6372308e-05,-3.9831997e-05,0,0,0,1
1771685271044000,1771685270888000,0,1771685270892000,0,-550.21747,12.354284,-0.0,-0.10394193,12.367181,4.5440996e-05,-4.036038e-05,0,0,0,1
1771685271092000,1771685270940000,0,1771685270940000,0,-550.1386,12.354216,-0.0,-0.106057905,12.367084,5.167887e-05,-4.1426614e-05,0,0,0,1
1771685271148000,1771685270992000,0,1771685270996000,0,-550.03644,12.354284,-0.0,-0.10980295,12.367181,6.876725e-05,-4.4002183e-05,0,0,0,1
1771685271196000,1771685271044000,0,1771685271044000,0,-549.9766,12.354216,-0.0,-0.112143,12.367084,5.863593e-05,-4.5380726e-05,0,0,0,1
1771685271252000,1771685271096000,0,1771685271100000,0,-549.9401,12.354284,-0.0,-0.109927356,12.36718,2.5402862e-05,-4.3498752e-05,0,0,0,1
1771685271300000,1771685271148000,0,1771685271148000,0,-549.8752,12.354216,-0.0,-0.107351206,12.367083,2.2057102e-05,-4.147889e-05,0,0,0,1
1771685271356000,1771685271200000,0,1771685271204000,0,-549.7491,12.354284,-0.0,-0.10914027,12.367179,5.1628576e-05,-4.243502e-05,0,0,0,1
1771685271404000,1771685271252000,0,1771685271252000,0,-549.69385,12.354216,-0.0,-0.109323375,12.367082,3.9911283e-05,-4.2197276e-05,0,0,0,1
1771685271460000,1771685271304000,0,1771685271308000,0,-549.6243,12.354284,-0.0,-0.108293295,12.367179,3.1309744e-05,-4.117164e-05,0,0,0,1
1771685271508000,1771685271356000,0,1771685271356000,0,-549.52655,12.354216,-0.0,-0.109947614,12.367082,5.123069e-05,-4.211923e-05,0,0,0,1
1771685271564000,1771685271408000,0,1771685271412000,0,-549.4901,12.354284,-0.0,-0.10715107,12.367178,2.083536e-05,-4.0114228e-05,0,0,0,1
1771685271612000,1771685271460000,0,1771685271460000,0,-549.3546,12.354216,-0.0,-0.11075289,12.367081,6.8365414e-05,-4.2775573e-05,0,0,0,1
1771685271668000,1771685271512000,0,1771685271516000,0,-549.2995,12.354284,-0.0,-0.111514285,12.367177,4.5675304e-05,-4.3048734e-05,0,0,0,1
1771685271716000,1771685271564000,0,1771685271564000,0,-549.24884,12.354216,-0.0,-0.11035256,12.36708,3.181703e-05,-4.1990676e-05,0,0,0,1
1771685271772000,1771685271616000,0,1771685271620000,0,-549.2262,12.354284,-0.0,-0.10370008,12.367177,5.106361e-06,-3.8516067e-05,0,0,0,1
1771685271820000,1771685271668000,0,1771685271668000,0,-549.07166,12.354216,-0.0,-0.10558585,12.36708,4.9506296e-05,-3.9551378e-05,0,0,0,1
1771685271876000,1771685271720000,0,1771685271724000,0,-549.01166,12.354284,-0.0,-0.105218336,12.367176,3.3442564e-05,-3.897591e-05,0,0,0,1
1771685271924000,1771685271772000,0,1771685271772000,0,-548.928,12.354216,-0.0,-0.10610438,12.367079,4.249562e-05,-3.9307477e-05,0,0,0,1
1771685271980000,1771685271824000,0,1771685271828000,0,-548.8397,12.354284,-0.0,-0.10744743,12.367176,4.6855803e-05,-4.0018553e-05,0,0,0,1
1771685272028000,1771685271876000,0,1771685271876000,0,-548.7233,12.354216,-0.0,-0.11294173,12.367079,8.888173e-05,-4.4621607e-05,0,0,0,1
1771685272084000,1771685271928000,0,1771685271932000,0,-548.64496,12.354284,-0.0,-0.11751597,12.367175,8.435858e-05,-4.8364946e-05,0,0,0,1
1771685272132000,1771685271980000,0,1771685271980000,0,-548.6228,12.354216,-0.0,-0.1170308,12.367078,4.0837636e-05,-4.7655853e-05,0,0,0,1
1771685272188000,1771685272032000,0,1771685272036000,0,-548.5017,12.354284,-0.0,-0.12019064,12.367175,7.333105e-05,-5.007453e-05,0,0,0,1
1771685272236000,1771685272084000,0,1771685272084000,0,-548.45605,12.354216,-0.0,-0.12062645,12.367078,5.0389455e-05,-5.0104198e-05,0,0,0,1
1771685272292000,1771685272136000,0,1771685272140000,0,-548.39606,12.354284,-0.0,-0.11884782,12.367174,3.3482727e-05,-4.8538408e-05,0,0,0,1
1771685272340000,1771685272188000,0,1771685272188000,0,-548.3218,12.354216,-0.0,-0.11749548,12.367077,3.531511e-05,-4.7292735e-05,0,0,0,1
1771685272396000,1771685272240000,0,1771685272244000,0,-548.19586,12.354284,-0.0,-0.12032981,12.367174,7.044696e-05,-4.947393e-05,0,0,0,1
1771685272444000,1771685272292000,0,1771685272292000,0,-548.17834,12.354216,-0.0,-0.11782592,12.367077,2.8427292e-05,-4.7491274e-05,0,0,0,1
1771685272500000,1771685272344000,0,1771685272348000,0,-548.05707,12.354284,-0.0,-0.1191457,12.367173,5.6215642e-05,-4.8313133e-05,0,0,0,1
1771685272548000,1771685272396000,0,1771685272396000,0,-548.05817,12.354216,-0.0,-0.11352202,12.367076,1.1430651e-05,-4.4838696e-05,0,0,0,1
1771685272604000,1771685272448000,0,1771685272452000,0,-547.87555,12.354284,-0.0,-0.11780586,12.367173,8.176456e-05,-4.831722e-05,0,0,0,1
1771685272652000,1771685272500000,0,1771685272500000,0,-547.8769,12.354216,-0.0,-0.11484977,12.367076,2.4159035e-05,-4.604145e-05,0,0,0,1
1771685272708000,1771685272552000,0,1771685272556000,0,-547.79315,12.354284,-0.0,-0.11225839,12.367173,2.4673398e-05,-4.4028515e-05,0,0,0,1
1771685272756000,1771685272604000,0,1771685272604000,0,-547.72815,12.354216,-0.0,-0.10930741,12.367076,2.1185568e-05,-4.1876643e-05,0,0,0,1
1771685272812000,1771685272656000,0,1771685272660000,0,-547.6819,12.354284,-0.0,-0.10317311,12.367172,6.3157772e-06,-3.8526705e-05,0,0,0,1
1771685272860000,1771685272708000,0,1771685272708000,0,-547.5649,12.354216,-0.0,-0.10192894,12.367075,2.61787e-05,-3.7363487e-05,0,0,0,1
1771685272916000,1771685272760000,0,1771685272764000,0,-547.4248,12.354284,-0.0,-0.10616069,12.367172,6.9749476e-05,-4.041434e-05,0,0,0,1
1771685272964000,1771685272812000,0,1771685272812000,0,-547.4166,12.354216,-0.0,-0.10403137,12.367075,2.2581875e-05,-3.873447e-05,0,0,0,1
1771685273020000,1771685272864000,0,1771685272868000,0,-547.3,12.354284,-0.0,-0.105230466,12.367172,4.4094013e-05,-3.9239356e-05,0,0,0,1
1771685273068000,1771685272916000,0,1771685272916000,0,-547.2634,12.354216,-0.0,-0.10299329,12.367075,2.1474134e-05,-3.756582e-05,0,0,0,1
1771685273124000,1771685272968000,0,1771685272972000,0,-547.19366,12.354284,-0.0,-0.09968468,12.367171,1.4899075e-05,-3.543055e-05,0,0,0,1
1771685273172000,1771685273020000,0,1771685273020000,0,-547.06744,12.354216,-0.0,-0.101810716,12.367074,4.8340935e-05,-3.6646743e-05,0,0,0,1
1771685273228000,1771685273072000,0,1771685273076000,0,-547.0309,12.354284,-0.0,-0.09935521,12.367171,1.8556382e-05,-3.494258e-05,0,0,0,1
1771685273276000,1771685273124000,0,1771685273124000,0,-546.9424,12.354216,-0.0,-0.09877544,12.367074,2.8095143e-05,-3.429753e-05,0,0,0,1
1771685273332000,1771685273176000,0,1771685273180000,0,-546.87744,12.354284,-0.0,-0.09656562,12.367171,1.8347633e-05,-3.2795004e-05,0,0,0,1
1771685273380000,1771685273228000,0,1771685273228000,0,-546.7654,12.354216,-0.0,-0.09843352,12.367074,4.38182e-05,-3.383342e-05,0,0,0,1
1771685273436000,1771685273280000,0,1771685273284000,0,-546.6771,12.354284,-0.0,-0.10063142,12.36717,4.7955185e-05,-3.516373e-05,0,0,0,1
1771685273484000,1771685273332000,0,1771685273332000,0,-546.6218,12.354216,-0.0,-0.10109286,12.367074,3.6019952e-05,-3.524439e-05,0,0,0,1
1771685273540000,1771685273384000,0,1771685273388000,0,-546.5758,12.354284,-0.0,-0.09800352,12.36717,1.5087245e-05,-3.334553e-05,0,0,0,1
1771685273588000,1771685273436000,0,1771685273436000,0,-546.4637,12.354216,-0.0,-0.099,12.367073,3.8133363e-05,-3.3796558e-05,0,0,0,1
1771685273644000,1771685273488000,0,1771685273492000,0,-546.38477,12.354284,-0.0,-0.09944838,12.36717,3.482151e-05,-3.389311e-05,0,0,0,1
1771685273692000,1771685273540000,0,1771685273540000,0,-546.3434,12.354216,-0.0,-0.09696818,12.367073,1.729286e-05,-3.2329317e-05,0,0,0,1
1771685273748000,1771685273592000,0,1771685273596000,0,-546.2172,12.354284,-0.0,-0.09871766,12.36717,4.3176853e-05,-3.3351185e-05,0,0,0,1
1771685273796000,1771685273644000,0,1771685273644000,0,-546.11957,12.354216,-0.0,-0.1027172,12.367073,6.44621e-05,-3.6281923e-05,0,0,0,1
1771685273852000,1771685273696000,0,1771685273700000,0,-546.07855,12.354284,-0.0,-0.10232669,12.367169,3.1426418e-05,-3.582452e-05,0,0,0,1
1771685273900000,1771685273748000,0,1771685273748000,0,-546.0371,12.354216,-0.0,-0.09907512,12.367073,1.4872408e-05,-3.385077e-05,0,0,0,1
1771685273956000,1771685273800000,0,1771685273804000,0,-545.92035,12.354284,-0.0,-0.0992462,12.367169,3.2922704e-05,-3.3763343e-05,0,0,0,1
1771685274004000,1771685273852000,0,1771685273852000,0,-545.832,12.354216,-0.0,-0.100936316,12.367073,4.441766e-05,-3.476701e-05,0,0,0,1
1771685274060000,1771685273904000,0,1771685273908000,0,-545.7297,12.354284,-0.0,-0.10424388,12.367169,5.9864582e-05,-3.7131274e-05,0,0,0,1
1771685274108000,1771685273956000,0,1771685273956000,0,-545.74023,12.354216,-0.0,-0.09946628,12.367072,9.267283e-06,-3.4506404e-05,0,0,0,1
1771685274164000,1771685274008000,0,1771685274012000,0,-545.6327,12.354284,-0.0,-0.097409874,12.367169,1.9495035e-05,-3.309229e-05,0,0,0,1
1771685274212000,1771685274060000,0,1771685274060000,0,-545.53,12.354216,-0.0,-0.09844503,12.367072,3.8004862e-05,-3.355507e-05,0,0,0,1
1771685274268000,1771685274112000,0,1771685274116000,0,-545.4136,12.354284,-0.0,-0.10247025,12.367169,6.44616e-05,-3.6466554e-05,0,0,0,1
1771685274316000,1771685274164000,0,1771685274164000,0,-545.44293,12.354216,-0.0,-0.0965603,12.367072,5.1064044e-06,-3.3512337e-05,0,0,0,1
1771685274372000,1771685274216000,0,1771685274220000,0,-545.2602,12.354284,-0.0,-0.10051008,12.367169,6.203243e-05,-3.6199013e-05,0,0,0,1
1771685274420000,1771685274268000,0,1771685274268000,0,-545.26135,12.354216,-0.0,-0.09716516,12.367072,1.36663475e-05,-3.407637e-05,0,0,0,1
1771685274476000,1771685274320000,0,1771685274324000,0,-545.12103,12.354284,-0.0,-0.09945955,12.367168,4.7763086e-05,-3.5365698e-05,0,0,0,1
1771685274524000,1771685274372000,0,1771685274372000,0,-545.07983,12.354216,-0.0,-0.09863421,12.367072,2.660669e-05,-3.4540575e-05,0,0,0,1
1771685274580000,1771685274424000,0,1771685274428000,0,-545.00073,12.354284,-0.0,-0.0974784,12.367168,2.4124745e-05,-3.3559372e-05,0,0,0,1
1771685274628000,1771685274476000,0,1771685274476000,0,-544.91223,12.354216,-0.0,-0.09800112,12.367072,3.4331923e-05,-3.363215e-05,0,0,0,1
1771685274684000,1771685274528000,0,1771685274532000,0,-544.87555,12.354284,-0.0,-0.0940531,12.367168,1.0176089e-05,-3.142252e-05,0,0,0,1
1771685274732000,1771685274580000,0,1771685274580000,0,-544.7211,12.354216,-0.0,-0.098244816,12.367071,6.208761e-05,-3.4311262e-05,0,0,0,1
1771685274788000,1771685274632000,0,1771685274636000,0,-544.6988,12.354284,-0.0,-0.09625748,12.367168,1.9250589e-05,-3.28925e-05,0,0,0,1
1771685274836000,1771685274684000,0,1771685274684000,0,-544.5727,12.354216,-0.0,-0.099534325,12.367071,5.5541466e-05,-3.50261e-05,0,0,0,1
1771685274892000,1771685274736000,0,1771685274740000,0,-544.5644,12.354284,-0.0,-0.095361374,12.367168,9.868406e-06,-3.265617e-05,0,0,0,1
1771685274940000,1771685274788000,0,1771685274788000,0,-544.4147,12.354216,-0.0,-0.09888938,12.367071,5.705202e-05,-3.495433e-05,0,0,0,1
1771685274996000,1771685274840000,0,1771685274844000,0,-544.4064,12.354284,-0.0,-0.094961174,12.367168,1.057862e-05,-3.2658067e-05,0,0,0,1
1771685275044000,1771685274892000,0,1771685274892000,0,-544.3176,12.354216,-0.0,-0.092978425,12.367071,1.7670203e-05,-3.1246167e-05,0,0,0,1
1771685275100000,1771685274944000,0,1771685274948000,0,-544.2666,12.354284,-0.0,-0.08812363,12.367168,5.555068e-06,-2.882599e-05,0,0,0,1
1771685275148000,1771685274996000,0,1771685274996000,0,-544.1637,12.354216,-0.0,-0.08666425,12.367071,1.7062677e-05,-2.7717851e-05,0,0,0,1
1771685275204000,1771685275048000,0,1771685275052000,0,-544.05164,12.354284,-0.0,-0.088056214,12.367168,3.328219e-05,-2.8242028e-05,0,0,0,1
1771685275252000,1771685275100000,0,1771685275100000,0,-544.0243,12.354216,-0.0,-0.08512552,12.367071,1.0488576e-05,-2.6569602e-05,0,0,0,1
1771685275308000,1771685275152000,0,1771685275156000,0,-543.9121,12.354284,-0.0,-0.08516176,12.367167,2.3649727e-05,-2.6294541e-05,0,0,0,1
1771685275356000,1771685275204000,0,1771685275204000,0,-543.8049,12.354216,-0.0,-0.088546656,12.367071,4.742819e-05,-2.8285393e-05,0,0,0,1
1771685275412000,1771685275256000,0,1771685275260000,0,-543.78705,12.354284,-0.0,-0.08539152,12.367167,9.803089e-06,-2.6544305e-05,0,0,0,1
1771685275460000,1771685275308000,0,1771685275308000,0,-543.68896,12.354216,-0.0,-0.084959984,12.367071,2.1121716e-05,-2.6033482e-05,0,0,0,1
1771685275516000,1771685275360000,0,1771685275364000,0,-543.66144,12.354284,-0.0,-0.07925063,12.367167,1.9182078e-06,-2.3761753e-05,0,0,0,1
1771685275564000,1771685275412000,0,1771685275412000,0,-543.56305,12.354216,-0.0,-0.07652274,12.367071,8.181024e-06,-2.2294003e-05,0,0,0,1
1771685275620000,1771685275464000,0,1771685275468000,0,-543.46954,12.354284,-0.0,-0.07494302,12.367167,1.1548225e-05,-2.128172e-05,0,0,0,1
1771685275668000,1771685275516000,0,1771685275516000,0,-543.3856,12.354216,-0.0,-0.074621804,12.367071,1.6550399e-05,-2.0836016e-05,0,0,0,1
1771685275724000,1771685275568000,0,1771685275572000,0,-543.2735,12.354284,-0.0,-0.07701595,12.367167,3.2367396e-05,-2.1922306e-05,0,0,0,1
1771685275772000,1771685275620000,0,1771685275620000,0,-543.279,12.354216,-0.0,-0.07188821,12.367071,1.6495165e-06,-2.001255e-05,0,0,0,1
1771685275828000,1771685275672000,0,1771685275676000,0,-543.13367,12.354284,-0.0,-0.073021956,12.367167,2.2780081e-05,-2.027326e-05,0,0,0,1
1771685275876000,1771685275724000,0,1771685275724000,0,-543.05457,12.354216,-0.0,-0.074710116,12.36707,2.6750125e-05,-2.08834e-05,0,0,0,1
1771685275932000,1771685275776000,0,1771685275780000,0,-542.9755,12.354284,-0.0,-0.07580227,12.367167,2.409066e-05,-2.1185533e-05,0,0,0,1
1771685275980000,1771685275828000,0,1771685275828000,0,-542.95276,12.354216,-0.0,-0.072157286,12.36707,4.454105e-06,-1.9609384e-05,0,0,0,1
1771685276036000,1771685275880000,0,1771685275884000,0,-542.8686,12.354284,-0.0,-0.06893042,12.367167,4.646576e-06,-1.8199844e-05,0,0,0,1
1771685276084000,1771685275932000,0,1771685275932000,0,-542.7703,12.354216,-0.0,-0.06849714,12.36707,1.3385497e-05,-1.7746319e-05,0,0,0,1
1771685276140000,1771685275984000,0,1771685275988000,0,-542.71454,12.354284,-0.0,-0.06547133,12.367167,4.279986e-06,-1.6477752e-05,0,0,0,1
1771685276188000,1771685276036000,0,1771685276036000,0,-542.6162,12.354216,-0.0,-0.06523742,12.36707,1.2832542e-05,-1.6134363e-05,0,0,0,1
1771685276244000,1771685276088000,0,1771685276092000,0,-542.5181,12.354284,-0.0,-0.06638247,12.367167,1.937262e-05,-1.6439417e-05,0,0,0,1
1771685276292000,1771685276140000,0,1771685276140000,0,-542.43427,12.354216,-0.0,-0.06854659,12.36707,2.582471e-05,-1.7323538e-05,0,0,0,1
1771685276348000,1771685276192000,0,1771685276196000,0,-542.37396,12.354284,-0.0,-0.06828172,12.367167,1.3975948e-05,-1.7008186e-05,0,0,0,1
1771685276396000,1771685276244000,0,1771685276244000,0,-542.2995,12.354216,-0.0,-0.06823154,12.36707,1.4845651e-05,-1.6804468e-05,0,0,0,1
1771685276452000,1771685276296000,0,1771685276300000,0,-542.28125,12.354284,-0.0,-0.06198217,12.367167,1.1579059e-08,-1.5222529e-05,0,0,0,1
1771685276500000,1771685276348000,0,1771685276348000,0,-542.1451,12.354216,-0.0,-0.062341433,12.36707,1.4002024e-05,-1.5107554e-05,0,0,0,1
1771685276556000,1771685276400000,0,1771685276404000,0,-542.0658,12.354284,-0.0,-0.062241375,12.367167,1.2145552e-05,-1.4828524e-05,0,0,0,1
1771685276604000,1771685276452000,0,1771685276452000,0,-542.0335,12.354216,-0.0,-0.058419198,12.36707,1.5184831e-06,-1.35746795e-05,0,0,0,1
1771685276660000,1771685276504000,0,1771685276508000,0,-541.95856,12.354284,-0.0,-0.05416937,12.367167,5.7261514e-07,-1.2349848e-05,0,0,0,1
1771685276708000,1771685276556000,0,1771685276556000,0,-541.8132,12.354216,-0.0,-0.05725977,12.36707,2.4467128e-05,-1.3491331e-05,0,0,0,1
1771685276764000,1771685276608000,0,1771685276612000,0,-541.7153,12.354284,-0.0,-0.061392967,12.367167,3.3082237e-05,-1.5336851e-05,0,0,0,1
1771685276812000,1771685276660000,0,1771685276660000,0,-541.63165,12.354216,-0.0,-0.066212,12.36707,4.0970863e-05,-1.7751649e-05,0,0,0,1
1771685276868000,1771685276712000,0,1771685276716000,0,-541.57153,12.354284,-0.0,-0.068317436,12.367167,2.536791e-05,-1.8469122e-05,0,0,0,1
1771685276916000,1771685276764000,0,1771685276764000,0,-541.56287,12.354216,-0.0,-0.06422761,12.36707,2.0057353e-06,-1.6918222e-05,0,0,0,1
1771685276972000,1771685276816000,0,1771685276820000,0,-541.41754,12.354284,-0.0,-0.06629574,12.367167,2.4022558e-05,-1.7587472e-05,0,0,0,1
1771685277020000,1771685276868000,0,1771685276868000,0,-541.3244,12.354216,-0.0,-0.07014695,12.36707,3.715372e-05,-1.943067e-05,0,0,0,1
1771685277076000,1771685276920000,0,1771685276924000,0,-541.2736,12.354284,-0.0,-0.07048453,12.367167,1.7582626e-05,-1.9256579e-05,0,0,0,1
1771685277124000,1771685276972000,0,1771685276972000,0,-541.20856,12.354216,-0.0,-0.0700601,12.36707,1.4080066e-05,-1.8768937e-05,0,0,0,1
1771685277180000,1771685277024000,0,1771685277028000,0,-541.1387,12.354284,-0.0,-0.06831297,12.367167,8.582913e-06,-1.7809383e-05,0,0,0,1
1771685277228000,1771685277076000,0,1771685277076000,0,-541.08276,12.354216,-0.0,-0.06519526,12.36707,4.0114824e-06,-1.650958e-05,0,0,0,1
1771685277284000,1771685277128000,0,1771685277132000,0,-541.02203,12.354284,-0.0,-0.060186367,12.367167,4.676084e-07,-1.4998381e-05,0,0,0,1
1771685277332000,1771685277180000,0,1771685277180000,0,-540.8484,12.354216,-0.0,-0.06521681,12.36707,4.1729774e-05,-1.7516555e-05,0,0,0,1
1771685277388000,1771685277232000,0,1771685277236000,0,-540.81647,12.354284,-0.0,-0.064880386,12.367167,1.2291152e-05,-1.7024307e-05,0,0,0,1
1771685277436000,1771685277284000,0,1771685277284000,0,-540.71375,12.354216,-0.0,-0.067433245,12.36707,2.7364013e-05,-1.7998338e-05,0,0,0,1
1771685277492000,1771685277336000,0,1771685277340000,0,-540.64874,12.354284,-0.0,-0.06795172,12.367167,1.7206228e-05,-1.792372e-05,0,0,0,1
1771685277540000,1771685277388000,0,1771685277388000,0,-540.65405,12.354216,0.004333496,-0.06114224,12.36707,6.0739325e-08,-1.6229531e-05,0,0,0,1
1771685277596000,1771685277440000,0,1771685277444000,0,-540.5414,12.354284,-0.0,-0.057711087,12.367167,1.976332e-06,-1.48868385e-05,0,0,0,1
1771685277644000,1771685277492000,0,1771685277492000,0,-540.4758,12.354216,-0.0,-0.05399369,12.36707,1.0771982e-06,-1.358593e-05,0,0,0,1
1771685277700000,1771685277544000,0,1771685277548000,0,-540.35394,12.354284,-0.0,-0.05423154,12.367167,1.0331701e-05,-1.3279372e-05,0,0,0,1
1771685277748000,1771685277596000,0,1771685277596000,0,-540.284,12.354216,-0.0,-0.054251492,12.36707,9.5870055e-06,-1.293154e-05,0,0,0,1
1771685277804000,1771685277648000,0,1771685277652000,0,-540.2328,12.354284,-0.0,-0.05122798,12.367167,1.5876805e-06,-1.1862916e-05,0,0,0,1
1771685277852000,1771685277700000,0,1771685277700000,0,-540.15784,12.354216,-0.0,-0.048776776,12.36707,2.0551968e-06,-1.0939e-05,0,0,0,1
1771685277908000,1771685277752000,0,1771685277756000,0,-540.0454,12.354284,-0.0,-0.049316335,12.3671665,9.608439e-06,-1.0813657e-05,0,0,0,1
1771685277956000,1771685277804000,0,1771685277804000,0,-540.00824,12.354216,-0.0,-0.04657374,12.36707,1.3201075e-06,-9.919338e-06,0,0,0,1
1771685278012000,1771685277856000,0,1771685277860000,0,-539.89575,12.354284,-0.0,-0.046855107,12.3671665,7.944415e-06,-9.733294e-06,0,0,0,1
1771685278060000,1771685277908000,0,1771685277908000,0,-539.8117,12.354216,-0.0,-0.048305903,12.36707,1.2535846e-05,-9.997302e-06,0,0,0,1
1771685278116000,1771685277960000,0,1771685277964000,0,-539.69946,12.354284,-0.0,-0.052333884,12.3671665,2.6821777e-05,-1.1582217e-05,0,0,0,1
1771685278164000,1771685278012000,0,1771685278012000,0,-539.658,12.354216,-0.0,-0.05314782,12.36707,1.2024977e-05,-1.1623926e-05,0,0,0,1
1771685278220000,1771685278064000,0,1771685278068000,0,-539.6632,12.354284,0.027526855,-0.04554803,12.3671665,2.4507724e-06,-1.0298048e-05,0,0,0,1
1771685278268000,1771685278116000,0,1771685278116000,0,-539.54095,12.354216,-0.0,-0.043436404,12.36707,1.7307395e-06,-9.490983e-06,0,0,0,1
1771685278324000,1771685278168000,0,1771685278172000,0,-539.44257,12.354284,-0.0,-0.042932376,12.3671665,4.6915793e-06,-9.038865e-06,0,0,0,1
1771685278372000,1771685278220000,0,1771685278220000,0,-539.37244,12.354216,-0.0,-0.042349335,12.36707,4.3666287e-06,-8.598727e-06,0,0,0,1
1771685278428000,1771685278272000,0,1771685278276000,0,-539.2929,12.354284,-0.0,-0.041447487,12.3671665,3.4745492e-06,-8.116014e-06,0,0,0,1
1771685278476000,1771685278324000,0,1771685278324000,0,-539.18524,12.354216,-0.0,-0.044022914,12.36707,1.5303865e-05,-8.79313e-06,0,0,0,1
1771685278532000,1771685278376000,0,1771685278380000,0,-539.14355,12.354284,-0.0,-0.04242294,12.3671665,2.3645982e-06,-8.187544e-06,0,0,0,1
1771685278580000,1771685278428000,0,1771685278428000,0,-539.07336,12.354216,-0.0,-0.040847193,12.36707,2.135588e-06,-7.6174324e-06,0,0,0,1
1771685278636000,1771685278480000,0,1771685278484000,0,-539.0172,12.354284,0.0014648438,-0.036861278,12.3671665,6.940206e-09,-6.8991944e-06,0,0,0,1
1771685278684000,1771685278532000,0,1771685278532000,0,-538.9092,12.354216,-0.0,-0.03668341,12.36707,3.956057e-06,-6.6219422e-06,0,0,0,1
1771685278740000,1771685278584000,0,1771685278588000,0,-538.8156,12.354284,-0.0,-0.037493996,12.3671665,6.633729e-06,-6.6230527e-06,0,0,0,1
1771685278788000,1771685278636000,0,1771685278636000,0,-538.75494,12.354216,-0.0,-0.037222028,12.36707,3.873641e-06,-6.36405e-06,0,0,0,1
1771685278844000,1771685278688000,0,1771685278692000,0,-538.6567,12.354284,-0.0,-0.038372852,12.3671665,7.905329e-06,-6.509243e-06,0,0,0,1
1771685278892000,1771685278740000,0,1771685278740000,0,-538.5914,12.354216,-0.0,-0.038805798,12.36707,5.9717086e-06,-6.4586056e-06,0,0,0,1
1771685278948000,1771685278792000,0,1771685278796000,0,-538.5307,12.354284,-0.0,-0.037013076,12.3671665,1.2648526e-06,-5.969339e-06,0,0,0,1
1771685278996000,1771685278844000,0,1771685278844000,0,-538.44635,12.354216,-0.0,-0.036550675,12.36707,3.3336867e-06,-5.7210527e-06,0,0,0,1
1771685279052000,1771685278896000,0,1771685278900000,0,-538.40906,12.354284,0.014404297,-0.031750567,12.3671665,6.710794e-07,-5.1188954e-06,0,0,0,1
1771685279100000,1771685278948000,0,1771685278948000,0,-538.26337,12.354216,-0.0,-0.03435402,12.36707,1.1407197e-05,-5.7112716e-06,0,0,0,1
1771685279156000,1771685279000000,0,1771685279004000,0,-538.1747,12.354284,-0.0,-0.03719519,12.3671665,1.34616985e-05,-6.4413844e-06,0,0,0,1
1771685279204000,1771685279052000,0,1771685279052000,0,-538.16113,12.354216,-0.0,-0.03430651,12.36707,1.3794973e-07,-5.8475825e-06,0,0,0,1
1771685279260000,1771685279104000,0,1771685279108000,0,-538.10016,12.354284,0.01586914,-0.029579818,12.3671665,8.145103e-07,-5.219994e-06,0,0,0,1
1771685279308000,1771685279156000,0,1771685279156000,0,-537.96387,12.354216,-0.0,-0.031375814,12.36707,7.6536735e-06,-5.4492534e-06,0,0,0,1
1771685279364000,1771685279208000,0,1771685279212000,0,-537.8563,12.354284,-0.0,-0.035227753,12.3671665,1.689092e-05,-6.5270915e-06,0,0,0,1
1771685279412000,1771685279260000,0,1771685279260000,0,-537.80054,12.354216,-0.0,-0.037158664,12.36707,1.00437255e-05,-6.8583686e-06,0,0,0,1
1771685279468000,1771685279312000,0,1771685279316000,0,-537.7634,12.354284,-0.0,-0.034480415,12.3671665,2.4638936e-07,-6.235501e-06,0,0,0,1
1771685279516000,1771685279364000,0,1771685279364000,0,-537.6461,12.354216,-0.0,-0.036286235,12.36707,9.3096005e-06,-6.52509e-06,0,0,0,1
1771685279572000,1771685279416000,0,1771685279420000,0,-537.53864,12.354284,-0.0,-0.04012982,12.3671665,1.9220142e-05,-7.721001e-06,0,0,0,1
1771685279620000,1771685279468000,0,1771685279468000,0,-537.5017,12.354216,-0.0,-0.040288012,12.36707,5.6537215e-06,-7.526257e-06,0,0,0,1
1771685279676000,1771685279520000,0,1771685279524000,0,-537.42694,12.354284,-0.0,-0.03958035,12.3671665,3.4745492e-06,-7.1445743e-06,0,0,0,1
1771685279724000,1771685279572000,0,1771685279572000,0,-537.3615,12.354216,-0.0,-0.038324133,12.36707,2.2278718e-06,-6.681407e-06,0,0,0,1
1771685279780000,1771685279624000,0,1771685279628000,0,-537.31006,12.354284,0.0059814453,-0.034150418,12.3671665,1.157183e-07,-6.041098e-06,0,0,0,1
1771685279828000,1771685279676000,0,1771685279676000,0,-537.188,12.354216,-0.0,-0.035096124,12.36707,6.31583e-06,-6.0669786e-06,0,0,0,1
1771685279884000,1771685279728000,0,1771685279732000,0,-537.14606,12.354284,-0.0,-0.032014206,12.3671665,1.8326482e-08,-5.497178e-06,0,0,0,1
1771685279932000,1771685279780000,0,1771685279780000,0,-537.0804,12.354216,0.0040893555,-0.028613146,12.36707,5.4088243e-08,-4.9742325e-06,0,0,0,1
1771685279988000,1771685279832000,0,1771685279836000,0,-536.9629,12.354284,-0.0,-0.028666057,12.3671665,2.7529966e-06,-4.7649855e-06,0,0,0,1
1771685280036000,1771685279884000,0,1771685279884000,0,-536.88806,12.354216,-0.0,-0.02893247,12.36707,3.2081355e-06,-4.618326e-06,0,0,0,1
1771685280092000,1771685279936000,0,1771685279940000,0,-536.80383,12.354284,-0.0,-0.029179538,12.3671665,3.220557e-06,-4.486652e-06,0,0,0,1
1771685280140000,1771685279988000,0,1771685279988000,0,-536.73834,12.354216,-0.0,-0.028770864,12.36707,1.9959152e-06,-4.2520173e-06,0,0,0,1
1771685280196000,1771685280040000,0,1771685280044000,0,-536.68225,12.354284,0.0032958984,-0.025750082,12.3671665,3.5134793e-08,-3.8481553e-06,0,0,0,1
1771685280244000,1771685280092000,0,1771685280092000,0,-536.5601,12.354216,-0.0,-0.027728612,12.36707,7.06986e-06,-4.151649e-06,0,0,0,1
1771685280300000,1771685280144000,0,1771685280148000,0,-536.5136,12.354284,-0.0,-0.025984699,12.3671665,2.7472854e-07,-3.786432e-06,0,0,0,1
1771685280348000,1771685280196000,0,1771685280196000,0,-536.42914,12.354216,-0.0,-0.025549255,12.36707,1.4760102e-06,-3.5687835e-06,0,0,0,1
1771685280404000,1771685280248000,0,1771685280252000,0,-536.32605,12.354284,-0.0,-0.026965985,12.3671665,5.3283557e-06,-3.7345403e-06,0,0,0,1
1771685280452000,1771685280300000,0,1771685280300000,0,-536.2794,12.354216,-0.0,-0.025851633,12.36707,7.410656e-07,-3.4525463e-06,0,0,0,1
1771685280508000,1771685280352000,0,1771685280356000,0,-536.2044,12.354284,-0.0,-0.023985554,12.3671665,1.1809195e-07,-3.1384309e-06,0,0,0,1
1771685280556000,1771685280404000,0,1771685280404000,0,-536.0636,12.354216,-0.0,-0.028769415,12.36707,1.8081126e-05,-4.546076e-06,0,0,0,1
1771685280612000,1771685280456000,0,1771685280460000,0,-536.01733,12.354284,-0.0,-0.029549314,12.3671665,4.4394305e-06,-4.53603e-06,0,0,0,1
1771685280660000,1771685280508000,0,1771685280508000,0,-535.9707,12.354216,-0.0,-0.027852373,12.36707,4.3040458e-07,-4.149268e-06,0,0,0,1
1771685280716000,1771685280560000,0,1771685280564000,0,-535.8862,12.354284,-0.0,-0.026349789,12.3671665,4.5816205e-07,-3.801555e-06,0,0,0,1
1771685280764000,1771685280612000,0,1771685280612000,0,-535.8253,12.354216,-0.0,-0.023942309,12.36707,2.0362916e-09,-3.4436293e-06,0,0,0,1
1771685280820000,1771685280664000,0,1771685280668000,0,-535.6751,12.354284,-0.0,-0.027977034,12.3671665,1.4420641e-05,-4.4776957e-06,0,0,0,1
1771685280868000,1771685280716000,0,1771685280716000,0,-535.6193,12.354216,-0.0,-0.03006201,12.36707,8.121563e-06,-4.8209586e-06,0,0,0,1
1771685280924000,1771685280768000,0,1771685280772000,0,-535.58685,12.354284,0.001953125,-0.027046092,12.3671665,1.2338145e-08,-4.365648e-06,0,0,0,1
1771685280972000,1771685280820000,0,1771685280820000,0,-535.5117,12.354216,-0.0,-0.024550019,12.36707,9.759741e-10,-3.954483e-06,0,0,0,1
1771685281028000,1771685280872000,0,1771685280876000,0,-535.40845,12.354284,-0.0,-0.024065737,12.3671665,1.2184399e-06,-3.69674e-06,0,0,0,1
1771685281076000,1771685280924000,0,1771685280924000,0,-535.31476,12.354216,-0.0,-0.025633717,12.36707,5.360496e-06,-3.8534704e-06,0,0,0,1
1771685281132000,1771685280976000,0,1771685280980000,0,-535.21643,12.354284,-0.0,-0.028422415,12.3671665,9.868407e-06,-4.4200947e-06,0,0,0,1
1771685281180000,1771685281028000,0,1771685281028000,0,-535.11835,12.354216,-0.0,-0.033403527,12.36707,2.1377737e-05,-6.017554e-06,0,0,0,1
1771685281236000,1771685281080000,0,1771685281084000,0,-535.1237,12.354284,0.0079956055,-0.029503608,12.3671665,2.0677236e-07,-5.4312045e-06,0,0,0,1
1771685281284000,1771685281132000,0,1771685281132000,0,-535.0016,12.354216,-0.0,-0.030708818,12.36707,5.7865504e-06,-5.464679e-06,0,0,0,1
1771685281340000,1771685281184000,0,1771685281188000,0,-534.9315,12.354284,-0.0,-0.030512562,12.3671665,2.6503033e-06,-5.1995567e-06,0,0,0,1
1771685281388000,1771685281236000,0,1771685281236000,0,-534.8425,12.354216,-0.0,-0.031950455,12.36707,6.777598e-06,-5.3482127e-06,0,0,0,1
1771685281444000,1771685281288000,0,1771685281292000,0,-534.7537,12.354284,-0.0,-0.03375312,12.3671665,8.441134e-06,-5.6395747e-06,0,0,0,1
1771685281492000,1771685281340000,0,1771685281340000,0,-534.75415,12.354216,0.021362305,-0.028561085,12.36707,1.4760102e-06,-4.969266e-06,0,0,0,1
1771685281548000,1771685281392000,0,1771685281396000,0,-534.65063,12.354284,0.0014648438,-0.025732556,12.3671665,6.940206e-09,-4.5004927e-06,0,0,0,1
1771685281596000,1771685281444000,0,1771685281444000,0,-534.54266,12.354216,-0.0,-0.026603047,12.36707,3.956057e-06,-4.4492053e-06,0,0,0,1
1771685281652000,1771685281496000,0,1771685281500000,0,-534.48663,12.354284,-0.0,-0.024827173,12.3671665,1.9433783e-07,-4.0483847e-06,0,0,0,1
1771685281700000,1771685281548000,0,1771685281548000,0,-534.4022,12.354216,-0.0,-0.024414526,12.36707,1.3522061e-06,-3.794397e-06,0,0,0,1
1771685281756000,1771685281600000,0,1771685281604000,0,-534.3179,12.354284,-0.0,-0.024138497,12.3671665,1.4929154e-06,-3.5775906e-06,0,0,0,1
1771685281804000,1771685281652000,0,1771685281652000,0,-534.2429,12.354216,-0.0,-0.024198955,12.36707,1.9861193e-06,-3.4276695e-06,0,0,0,1
1771685281860000,1771685281704000,0,1771685281708000,0,-534.20087,12.354284,0.016235352,-0.020389926,12.3671665,8.5253686e-07,-3.0244616e-06,0,0,0,1
1771685281908000,1771685281756000,0,1771685281756000,0,-534.1209,12.354216,0.0076904297,-0.017744675,12.36707,1.9129092e-07,-2.7215285e-06,0,0,0,1
1771685281964000,1771685281808000,0,1771685281812000,0,-533.97064,12.354284,-0.0,-0.021656023,12.3671665,1.1360262e-05,-3.5353223e-06,0,0,0,1
1771685282012000,1771685281860000,0,1771685281860000,0,-533.92413,12.354216,-0.0,-0.022847287,12.36707,3.8056244e-06,-3.5607857e-06,0,0,0,1
1771685282068000,1771685281912000,0,1771685281916000,0,-533.85406,12.354284,-0.0,-0.022713147,12.3671665,1.4844451e-06,-3.3651884e-06,0,0,0,1
1771685282116000,1771685281964000,0,1771685281964000,0,-533.7462,12.354216,-0.0,-0.02600696,12.36707,1.07601145e-05,-4.061812e-06,0,0,0,1
1771685282172000,1771685282016000,0,1771685282020000,0,-533.68567,12.354284,-0.0,-0.02683435,12.3671665,3.9147103e-06,-4.0479545e-06,0,0,0,1
1771685282220000,1771685282068000,0,1771685282068000,0,-533.61554,12.354216,-0.0,-0.027440056,12.36707,3.578873e-06,-4.0037658e-06,0,0,0,1
1771685282276000,1771685282120000,0,1771685282124000,0,-533.56415,12.354284,-0.0,-0.025021864,12.3671665,1.0133183e-08,-3.627554e-06,0,0,0,1
1771685282324000,1771685282172000,0,1771685282172000,0,-533.4327,12.354216,-0.0,-0.028466169,12.36707,1.2266923e-05,-4.4414073e-06,0,0,0,1
1771685282380000,1771685282224000,0,1771685282228000,0,-533.3769,12.354284,-0.0,-0.028992899,12.3671665,3.7516152e-06,-4.376427e-06,0,0,0,1
1771685282428000,1771685282276000,0,1771685282276000,0,-533.32556,12.354216,-0.0,-0.027555363,12.36707,6.0998383e-07,-4.0216173e-06,0,0,0,1
1771685282484000,1771685282328000,0,1771685282332000,0,-533.30225,12.354284,0.046447754,-0.020584054,12.3671665,6.977811e-06,-2.985439e-06,0,0,0,1
1771685282532000,1771685282380000,0,1771685282380000,0,-533.17505,12.354216,-0.0,-0.01950743,12.36707,2.7110391e-07,-2.7297408e-06,0,0,0,1
1771685282588000,1771685282432000,0,1771685282436000,0,-533.1188,12.354284,0.017700195,-0.016002364,12.3671665,1.0133183e-06,-2.3771338e-06,0,0,0,1
1771685282636000,1771685282484000,0,1771685282484000,0,-533.0059,12.354216,-0.0,-0.016731525,12.36707,1.8232763e-06,-2.3249588e-06,0,0,0,1
1771685282692000,1771685282536000,0,1771685282540000,0,-532.98267,12.354284,0.036010742,-0.01176305,12.3671665,4.1942462e-06,-1.7108307e-06,0,0,0,1
1771685282740000,1771685282588000,0,1771685282588000,0,-532.8462,12.354216,-0.0,-0.013420537,12.36707,2.7876833e-06,-1.8122734e-06,0,0,0,1
1771685282796000,1771685282640000,0,1771685282644000,0,-532.7666,12.354284,-0.0,-0.014576903,12.3671665,2.1355713e-06,-1.8427289e-06,0,0,0,1
1771685282844000,1771685282692000,0,1771685282692000,0,-532.6965,12.354216,-0.0,-0.015480593,12.36707,1.8894859e-06,-1.8471336e-06,0,0,0,1
1771685282900000,1771685282744000,0,1771685282748000,0,-532.67316,12.354284,0.036010742,-0.010629959,12.3671665,4.1942462e-06,-1.2780181e-06,0,0,0,1
1771685282948000,1771685282796000,0,1771685282796000,0,-532.5696,12.354216,0.0040893555,-0.009243357,12.36707,5.4088243e-08,-1.1525298e-06,0,0,0,1
1771685283004000,1771685282848000,0,1771685282852000,0,-532.50854,12.354284,0.026184082,-0.005905989,12.3671665,2.2175043e-06,-8.350628e-07,0,0,0,1
1771685283052000,1771685282900000,0,1771685282900000,0,-532.42847,12.354216,0.017456055,-0.0037052166,12.36707,9.855652e-07,-6.635544e-07,0,0,0,1
1771685283108000,1771685282952000,0,1771685282956000,0,-532.2828,12.354284,-0.0,-0.0076166936,12.3671665,6.61586e-06,-1.2242788e-06,0,0,0,1
1771685283156000,1771685283004000,0,1771685283004000,0,-532.28784,12.354216,0.03137207,-0.0039438386,12.36707,3.1833142e-06,-8.090707e-07,0,0,0,1
1771685283212000,1771685283056000,0,1771685283060000,0,-532.1327,12.354284,-0.0,-0.0074016107,12.3671665,5.344393e-06,-1.2363112e-06,0,0,0,1
1771685283260000,1771685283108000,0,1771685283108000,0,-532.08136,12.354216,-0.0,-0.008642003,12.36707,1.3684e-06,-1.2487543e-06,0,0,0,1
1771685283316000,1771685283160000,0,1771685283164000,0,-531.9876,12.354284,-0.0,-0.010777492,12.3671665,3.170915e-06,-1.4298274e-06,0,0,0,1
1771685283364000,1771685283212000,0,1771685283212000,0,-531.894,12.354216,-0.0,-0.014787449,12.36707,9.20399e-06,-2.162176e-06,0,0,0,1
1771685283420000,1771685283264000,0,1771685283268000,0,-531.7771,12.354284,-0.0,-0.021576235,12.3671665,2.4398307e-05,-4.2568845e-06,0,0,0,1
1771685283468000,1771685283316000,0,1771685283316000,0,-531.7872,12.354216,-0.0,-0.020003665,12.36707,7.7114e-08,-3.863138e-06,0,0,0,1
1771685283524000,1771685283368000,0,1771685283372000,0,-531.62756,12.354284,-0.0,-0.025680102,12.3671665,2.083538e-05,-5.4619723e-06,0,0,0,1
1771685283572000,1771685283420000,0,1771685283420000,0,-531.6001,12.354216,-0.0,-0.026584283,12.36707,4.0253994e-06,-5.326643e-06,0,0,0,1
1771685283628000,1771685283472000,0,1771685283476000,0,-531.5065,12.354284,-0.0,-0.028300237,12.3671665,6.4914543e-06,-5.436372e-06,0,0,0,1
1771685283676000,1771685283524000,0,1771685283524000,0,-531.4505,12.354216,-0.0,-0.028307877,12.36707,2.6053087e-06,-5.1696775e-06,0,0,0,1
1771685283732000,1771685283576000,0,1771685283580000,0,-531.3615,12.354284,-0.0,-0.028780524,12.3671665,3.5919904e-06,-5.0210547e-06,0,0,0,1
1771685283780000,1771685283628000,0,1771685283628000,0,-531.24915,12.354216,-0.0,-0.03299769,12.36707,1.749554e-05,-6.1961873e-06,0,0,0,1
1771685283836000,1771685283680000,0,1771685283684000,0,-531.1793,12.354284,-0.0,-0.035523906,12.3671665,1.157183e-05,-6.7025885e-06,0,0,0,1
1771685283884000,1771685283732000,0,1771685283732000,0,-531.1423,12.354216,-0.0,-0.034529075,12.36707,2.0155794e-06,-6.261059e-06,0,0,0,1
1771685283940000,1771685283784000,0,1771685283788000,0,-531.04865,12.354284,-0.0,-0.034570906,12.3671665,3.956026e-06,-6.043918e-06,0,0,0,1
1771685283988000,1771685283836000,0,1771685283836000,0,-531.00195,12.354216,-0.0,-0.032239925,12.36707,3.1232378e-07,-5.503985e-06,0,0,0,1
1771685284044000,1771685283888000,0,1771685283892000,0,-530.941,12.354284,0.0126953125,-0.028006895,12.3671665,5.212866e-07,-4.936387e-06,0,0,0,1
1771685284092000,1771685283940000,0,1771685283940000,0,-530.80475,12.354216,-0.0,-0.03025005,12.36707,8.684977e-06,-5.2895152e-06,0,0,0,1
1771685284148000,1771685283992000,0,1771685283996000,0,-530.72534,12.354284,-0.0,-0.031890914,12.3671665,7.349401e-06,-5.4835623e-06,0,0,0,1
1771685284196000,1771685284044000,0,1771685284044000,0,-530.72577,12.354216,0.024780273,-0.026552323,12.36707,1.9861193e-06,-4.7798967e-06,0,0,0,1
1771685284252000,1771685284096000,0,1771685284100000,0,-530.6129,12.354284,-0.0,-0.024459245,12.3671665,6.0738856e-08,-4.3353384e-06,0,0,0,1
1771685284300000,1771685284148000,0,1771685284148000,0,-530.519,12.354216,-0.0,-0.024656227,12.36707,2.279984e-06,-4.141718e-06,0,0,0,1
1771685284356000,1771685284200000,0,1771685284204000,0,-530.4535,12.354284,-0.0,-0.023126995,12.3671665,2.2946057e-07,-3.773172e-06,0,0,0,1
1771685284404000,1771685284252000,0,1771685284252000,0,-530.4066,12.354216,0.016540527,-0.0193902,12.36707,8.8489526e-07,-3.3343686e-06,0,0,0,1
1771685284460000,1771685284304000,0,1771685284308000,0,-530.2563,12.354284,-0.0,-0.02230708,12.3671665,8.20083e-06,-3.7928035e-06,0,0,0,1
1771685284508000,1771685284356000,0,1771685284356000,0,-530.191,12.354216,-0.0,-0.024351213,12.36707,6.2635972e-06,-4.0255595e-06,0,0,0,1
1771685284564000,1771685284408000,0,1771685284412000,0,-530.17255,12.354284,0.0211792,-0.020062115,12.3671665,1.4508043e-06,-3.50967e-06,0,0,0,1
1771685284612000,1771685284460000,0,1771685284460000,0,-530.0456,12.354216,-0.0,-0.021369033,12.36707,3.7247992e-06,-3.5299358e-06,0,0,0,1
1771685284668000,1771685284512000,0,1771685284516000,0,-530.00836,12.354284,0.012512207,-0.018177321,12.3671665,5.0635794e-07,-3.1497052e-06,0,0,0,1
1771685284716000,1771685284564000,0,1771685284564000,0,-529.9049,12.354216,-0.0,-0.018304866,12.36707,1.233824e-06,-2.9692237e-06,0,0,0,1
1771685284772000,1771685284616000,0,1771685284620000,0,-529.8206,12.354284,-0.0,-0.018523889,12.3671665,1.3765224e-06,-2.8191866e-06,0,0,0,1
1771685284820000,1771685284668000,0,1771685284668000,0,-529.71277,12.354216,-0.0,-0.022126095,12.36707,1.0421235e-05,-3.5353216e-06,0,0,0,1
1771685284876000,1771685284720000,0,1771685284724000,0,-529.70856,12.354284,0.022399902,-0.017931618,12.3671665,1.6228636e-06,-3.0494057e-06,0,0,0,1
1771685284924000,1771685284772000,0,1771685284772000,0,-529.5581,12.354216,-0.0,-0.021532122,12.36707,1.0198327e-05,-3.722855e-06,0,0,0,1
1771685284980000,1771685284824000,0,1771685284828000,0,-529.5633,12.354284,0.032470703,-0.0164449,12.3671665,3.4101474e-06,-3.0509054e-06,0,0,0,1
1771685285028000,1771685284876000,0,1771685284876000,0,-529.50195,12.354216,0.04284668,-0.01085946,12.36707,5.9378267e-06,-2.2041406e-06,0,0,0,1
1771685285084000,1771685284928000,0,1771685284932000,0,-529.43115,12.354284,0.055358887,-0.004621499,12.3671665,9.9120725e-06,-1.0627582e-06,0,0,0,1
1771685285132000,1771685284980000,0,1771685284980000,0,-529.31805,12.354216,0.013916016,-0.0028752116,12.36707,6.263585e-07,-9.0363847e-07,0,0,0,1
1771685285188000,1771685285032000,0,1771685285036000,0,-529.2804,12.354284,0.05987549,0.0030360864,12.3671665,1.1595458e-05,2.738127e-07,0,0,0,1
1771685285236000,1771685285084000,0,1771685285084000,0,-529.13904,12.354216,-0.0,0.0018358778,12.36707,3.0461237e-07,2.1932337e-07,0,0,0,1
1771685285292000,1771685285136000,0,1771685285140000,0,-529.0311,12.354284,-0.0,-0.0015108958,12.3671665,3.671369e-06,-1.4719114e-07,0,0,0,1
1771685285340000,1771685285188000,0,1771685285188000,0,-528.961,12.354216,-0.0,-0.004346904,12.36707,3.233053e-06,-4.378883e-07,0,0,0,1
1771685285396000,1771685285240000,0,1771685285244000,0,-528.8861,12.354284,-0.0,-0.0060302997,12.3671665,1.5964403e-06,-5.470273e-07,0,0,0,1
1771685285444000,1771685285292000,0,1771685285292000,0,-528.80646,12.354216,-0.0,-0.00820483,12.36707,2.7415113e-06,-7.537541e-07,0,0,0,1
1771685285500000,1771685285344000,0,1771685285348000,0,-528.76917,12.354284,0.018005371,-0.005735753,12.3671665,1.0485616e-06,-5.839707e-07,0,0,0,1
1771685285548000,1771685285396000,0,1771685285396000,0,-528.6752,12.354216,-0.0,-0.0055059115,12.36707,3.513507e-08,-5.3226876e-07,0,0,0,1
1771685285604000,1771685285448000,0,1771685285452000,0,-528.56244,12.354284,-0.0,-0.007977077,12.3671665,3.2580413e-06,-7.890444e-07,0,0,0,1
1771685285652000,1771685285500000,0,1771685285500000,0,-528.4829,12.354216,-0.0,-0.010899665,12.36707,4.9198857e-06,-1.1781817e-06,0,0,0,1
1771685285708000,1771685285552000,0,1771685285556000,0,-528.3659,12.354284,-0.0,-0.01663452,12.3671665,1.6663435e-05,-2.6369376e-06,0,0,0,1
1771685285756000,1771685285604000,0,1771685285604000,0,-528.3055,12.354216,-0.0,-0.020702194,12.36707,1.157192e-05,-3.478639e-06,0,0,0,1
1771685285812000,1771685285656000,0,1771685285660000,0,-528.24493,12.354284,-0.0,-0.022155803,12.3671665,4.22273e-06,-3.5487344e-06,0,0,0,1
1771685285860000,1771685285708000,0,1771685285708000,0,-528.20294,12.354216,-0.0,-0.020597633,12.36707,1.0198327e-07,-3.2240405e-06,0,0,0,1
1771685285916000,1771685285760000,0,1771685285764000,0,-528.09503,12.354284,-0.0,-0.021399878,12.3671665,2.7414899e-06,-3.1785828e-06,0,0,0,1
1771685285964000,1771685285812000,0,1771685285812000,0,-528.05304,12.354216,0.0015258789,-0.019240204,12.36707,7.530664e-09,-2.8784416e-06,0,0,0,1
1771685286020000,1771685285864000,0,1771685285868000,0,-527.9826,12.354284,0.015319824,-0.01598455,12.3671665,7.5909713e-07,-2.535775e-06,0,0,0,1
1771685286068000,1771685285916000,0,1771685285916000,0,-527.86975,12.354216,-0.0,-0.016830381,12.36707,2.0155794e-06,-2.4867709e-06,0,0,0,1
1771685286124000,1771685285968000,0,1771685285972000,0,-527.77136,12.354284,-0.0,-0.018913211,12.3671665,4.9044606e-06,-2.7145243e-06,0,0,0,1
1771685286172000,1771685286020000,0,1771685286020000,0,-527.7529,12.354216,0.015258789,-0.01569411,12.36707,7.5306644e-07,-2.3878672e-06,0,0,0,1
1771685286228000,1771685286072000,0,1771685286076000,0,-527.6589,12.354284,0.0053100586,-0.013715456,12.3671665,9.119865e-08,-2.154332e-06,0,0,0,1
1771685286276000,1771685286124000,0,1771685286124000,0,-527.57434,12.354216,-0.0,-0.013084635,12.36707,1.5934886e-07,-1.9663987e-06,0,0,0,1
1771685286332000,1771685286176000,0,1771685286180000,0,-527.44763,12.354284,-0.0,-0.016526522,12.3671665,7.963995e-06,-2.5313898e-06,0,0,0,1
1771685286380000,1771685286228000,0,1771685286228000,0,-527.42926,12.354216,0.0043945312,-0.014555698,12.36707,6.246234e-08,-2.2870413e-06,0,0,0,1
1771685286436000,1771685286280000,0,1771685286284000,0,-527.3213,12.354284,-0.0,-0.015007161,12.3671665,1.2107889e-06,-2.1856551e-06,0,0,0,1
1771685286484000,1771685286332000,0,1771685286332000,0,-527.2463,12.354216,-0.0,-0.015651831,12.36707,1.5442562e-06,-2.1252336e-06,0,0,0,1
1771685286540000,1771685286384000,0,1771685286388000,0,-527.1619,12.354284,-0.0,-0.016235773,12.3671665,1.5442441e-06,-2.0705027e-06,0,0,0,1
1771685286588000,1771685286436000,0,1771685286436000,0,-527.08234,12.354216,-0.0,-0.01739142,12.36707,2.6277683e-06,-2.1229987e-06,0,0,0,1
1771685286644000,1771685286488000,0,1771685286492000,0,-527.0497,12.354284,0.022949219,-0.013591215,12.3671665,1.703435e-06,-1.7625375e-06,0,0,0,1
1771685286692000,1771685286540000,0,1771685286540000,0,-526.97437,12.354216,0.01977539,-0.010447984,12.36707,1.2648625e-06,-1.4773476e-06,0,0,0,1
1771685286748000,1771685286592000,0,1771685286596000,0,-526.8521,12.354284,-0.0,-0.011211659,12.3671665,1.1135176e-06,-1.4430738e-06,0,0,0,1
1771685286796000,1771685286644000,0,1771685286644000,0,-526.7537,12.354216,-0.0,-0.014410257,12.36707,6.598067e-06,-1.928689e-06,0,0,0,1
1771685286852000,1771685286696000,0,1771685286700000,0,-526.71185,12.354284,-0.0,-0.013374751,12.3671665,3.778557e-08,-1.7505604e-06,0,0,0,1
1771685286900000,1771685286748000,0,1771685286748000,0,-526.57574,12.354216,-0.0,-0.018485466,12.36707,1.4792201e-05,-2.9791208e-06,0,0,0,1
1771685286956000,1771685286800000,0,1771685286804000,0,-526.53876,12.354284,-0.0,-0.018710475,12.3671665,1.4092957e-06,-2.8312388e-06,0,0,0,1
1771685287004000,1771685286852000,0,1771685286852000,0,-526.4638,12.354216,-0.0,-0.019196022,12.36707,1.8420728e-06,-2.7380565e-06,0,0,0,1
1771685287060000,1771685286904000,0,1771685286908000,0,-526.37006,12.354284,-0.0,-0.020601777,12.3671665,3.7650739e-06,-2.8348045e-06,0,0,0,1
1771685287108000,1771685286956000,0,1771685286956000,0,-526.3,12.354216,-0.0,-0.021696866,12.36707,3.3590861e-06,-2.8841932e-06,0,0,0,1
1771685287164000,1771685287008000,0,1771685287012000,0,-526.2063,12.354284,-0.0,-0.023625992,12.3671665,5.753154e-06,-3.1544578e-06,0,0,0,1
1771685287212000,1771685287060000,0,1771685287060000,0,-526.1785,12.354216,0.0018310547,-0.021227865,12.36707,1.0844157e-08,-2.8562772e-06,0,0,0,1
1771685287268000,1771685287112000,0,1771685287116000,0,-526.12683,12.354284,0.033691406,-0.01605431,12.3671665,3.671369e-06,-2.241354e-06,0,0,0,1
1771685287316000,1771685287164000,0,1771685287164000,0,-526.02795,12.354216,0.0064086914,-0.0139382295,12.36707,1.3284092e-07,-2.0176979e-06,0,0,0,1
1771685287372000,1771685287216000,0,1771685287220000,0,-525.96216,12.354284,0.023986816,-0.01036558,12.3671665,1.8609512e-06,-1.6523178e-06,0,0,0,1
1771685287420000,1771685287268000,0,1771685287268000,0,-525.8681,12.354216,0.0010375977,-0.009291368,12.36707,3.4821792e-09,-1.4963366e-06,0,0,0,1
1771685287476000,1771685287320000,0,1771685287324000,0,-525.78827,12.354284,0.004211426,-0.008019365,12.3671665,5.7365142e-08,-1.3499734e-06,0,0,0,1
1771685287524000,1771685287372000,0,1771685287372000,0,-525.7178,12.354216,0.0051879883,-0.0067751943,12.36707,8.705448e-08,-1.2146013e-06,0,0,0,1
1771685287580000,1771685287424000,0,1771685287428000,0,-525.6051,12.354284,-0.0,-0.008413828,12.3671665,1.8894712e-06,-1.278176e-06,0,0,0,1
1771685287628000,1771685287476000,0,1771685287476000,0,-525.51605,12.354216,-0.0,-0.011559758,12.36707,5.6537215e-06,-1.690365e-06,0,0,0,1
1771685287684000,1771685287528000,0,1771685287532000,0,-525.4554,12.354284,-0.0,-0.012281948,12.3671665,1.195559e-06,-1.6437529e-06,0,0,0,1
1771685287732000,1771685287580000,0,1771685287580000,0,-525.3898,12.354216,-0.0,-0.012361135,12.36707,5.5696796e-07,-1.5413746e-06,0,0,0,1
1771685287788000,1771685287632000,0,1771685287636000,0,-525.37115,12.354284,0.051635742,-0.006332443,12.3671665,8.6236405e-06,-5.8380067e-07,0,0,0,1
1771685287836000,1771685287684000,0,1771685287684000,0,-525.2862,12.354216,0.038330078,-0.002125104,12.36707,4.751958e-06,-8.115671e-08,0,0,0,1
1771685287892000,1771685287736000,0,1771685287740000,0,-525.1732,12.354284,0.008178711,-0.0011544547,12.3671665,2.163513e-07,-5.3130595e-08,0,0,0,1
1771685287940000,1771685287788000,0,1771685287788000,0,-525.0933,12.354216,-0.0,-0.0011146979,12.36707,1.7350651e-09,-4.8288985e-08,0,0,0,1
1771685287996000,1771685287840000,0,1771685287844000,0,-525.01355,12.354284,0.0020751953,-0.00081420067,12.3671665,1.39286085e-08,-4.2427907e-08,0,0,0,1
1771685288044000,1771685287892000,0,1771685287892000,0,-524.8961,12.354216,-0.0,-0.0049290243,12.36707,6.403366e-06,-6.416468e-07,0,0,0,1
1771685288100000,1771685287944000,0,1771685287948000,0,-524.84485,12.354284,-0.0,-0.0057296273,12.3671665,5.831701e-07,-6.361381e-07,0,0,0,1
1771685288148000,1771685287996000,0,1771685287996000,0,-524.75574,12.354216,-0.0,-0.008202717,12.36707,3.3083836e-06,-8.878714e-07,0,0,0,1
1771685288204000,1771685288048000,0,1771685288052000,0,-524.76544,12.354284,0.060058594,-0.0017723031,12.3671665,1.1666487e-05,2.947856e-07,0,0,0,1
1771685288252000,1771685288100000,0,1771685288100000,0,-524.6523,12.354216,0.017822266,7.356214e-05,12.36707,1.0273513e-06,3.637954e-07,0,0,0,1
1771685288308000,1771685288152000,0,1771685288156000,0,-524.5253,12.354284,-0.0,-0.0024172333,12.3671665,2.2486267e-06,1.1769765e-07,0,0,0,1
1771685288356000,1771685288204000,0,1771685288204000,0,-524.46924,12.354216,-0.0,-0.003258965,12.36707,4.168494e-07,6.734177e-08,0,0,0,1
1771685288412000,1771685288256000,0,1771685288260000,0,-524.39417,12.354284,-0.0,-0.0032969425,12.3671665,4.337629e-08,5.691181e-08,0,0,0,1
1771685288460000,1771685288308000,0,1771685288308000,0,-524.3003,12.354216,-0.0,-0.005481726,12.36707,2.2695133e-06,-1.6224419e-07,0,0,0,1
1771685288516000,1771685288360000,0,1771685288364000,0,-524.23004,12.354284,-0.0,-0.00628776,12.3671665,6.373905e-07,-2.0700435e-07,0,0,0,1
1771685288564000,1771685288412000,0,1771685288412000,0,-524.1645,12.354216,-0.0,-0.0064831423,12.36707,2.2614887e-07,-2.0880782e-07,0,0,0,1
1771685288620000,1771685288464000,0,1771685288468000,0,-524.0989,12.354284,0.008728027,-0.0050502056,12.3671665,2.4638936e-07,-1.6592692e-07,0,0,0,1
1771685288668000,1771685288516000,0,1771685288516000,0,-524.0142,12.354216,-0.0,-0.0050171874,12.36707,7.14389e-08,-1.5702588e-07,0,0,0,1
1771685288724000,1771685288568000,0,1771685288572000,0,-523.95325,12.354284,0.017028809,-0.0029403905,12.3671665,9.379038e-07,-5.3880328e-08,0,0,0,1
1771685288772000,1771685288620000,0,1771685288620000,0,-523.84985,12.354216,-0.0,-0.004123818,12.36707,7.7735734e-07,-1.2203397e-07,0,0,0,1
1771685288828000,1771685288672000,0,1771685288676000,0,-523.78424,12.354284,0.0013427734,-0.0036088494,12.3671665,5.831701e-09,-1.0998865e-07,0,0,0,1
1771685288876000,1771685288724000,0,1771685288724000,0,-523.634,12.354216,-0.0,-0.010599738,12.36707,1.9587258e-05,-1.9448041e-06,0,0,0,1
1771685288932000,1771685288776000,0,1771685288780000,0,-523.60175,12.354284,-0.0,-0.012165573,12.3671665,2.3967327e-06,-1.9873771e-06,0,0,0,1
1771685288980000,1771685288828000,0,1771685288828000,0,-523.53156,12.354216,-0.0,-0.013463159,12.36707,2.176362e-06,-2.00518e-06,0,0,0,1
1771685289036000,1771685288880000,0,1771685288884000,0,-523.47076,12.354284,-0.0,-0.012545621,12.3671665,4.4834216e-08,-1.8205097e-06,0,0,0,1
1771685289084000,1771685288932000,0,1771685288932000,0,-523.3722,12.354216,-0.0,-0.014307627,12.36707,3.1585896e-06,-1.9465608e-06,0,0,0,1
1771685289140000,1771685288984000,0,1771685288988000,0,-523.31146,12.354284,-0.0,-0.013862508,12.3671665,2.9699504e-07,-1.7911669e-06,0,0,0,1
1771685289188000,1771685289036000,0,1771685289036000,0,-523.2786,12.354216,0.028442383,-0.0098772645,12.36707,2.6165264e-06,-1.3759494e-06,0,0,0,1
1771685289244000,1771685289088000,0,1771685289092000,0,-523.1657,12.354284,-0.0,-0.009148037,12.3671665,1.4759987e-08,-1.2477215e-06,0,0,0,1
1771685289292000,1771685289140000,0,1771685289140000,0,-523.0859,12.354216,-0.0,-0.009338458,12.36707,4.0351108e-07,-1.1681943e-06,0,0,0,1
1771685289348000,1771685289192000,0,1771685289196000,0,-523.02496,12.354284,0.010437012,-0.007475551,12.3671665,3.5232392e-07,-1.0249571e-06,0,0,0,1
1771685289396000,1771685289244000,0,1771685289244000,0,-522.9028,12.354216,-0.0,-0.0105661275,12.36707,5.248572e-06,-1.422834e-06,0,0,0,1
1771685289452000,1771685289296000,0,1771685289300000,0,-522.8374,12.354284,-0.0,-0.011680904,12.3671665,1.6228636e-06,-1.4416773e-06,0,0,0,1
1771685289500000,1771685289348000,0,1771685289348000,0,-522.7437,12.354216,-0.0,-0.014783552,12.36707,6.4385495e-06,-1.9123972e-06,0,0,0,1
1771685289556000,1771685289400000,0,1771685289404000,0,-522.7206,12.354284,0.015563965,-0.011924728,12.3671665,7.834842e-07,-1.6584374e-06,0,0,0,1
1771685289604000,1771685289452000,0,1771685289452000,0,-522.6688,12.354216,0.035095215,-0.0074953125,12.36707,3.9837214e-06,-1.1269296e-06,0,0,0,1
1771685289660000,1771685289504000,0,1771685289508000,0,-522.5887,12.354284,0.037719727,-0.003235924,12.3671665,4.6017904e-06,-5.872676e-07,0,0,0,1
1771685289708000,1771685289556000,0,1771685289556000,0,-522.457,12.354216,-0.0,-0.005092974,12.36707,1.7034483e-06,-6.924151e-07,0,0,0,1
1771685289764000,1771685289608000,0,1771685289612000,0,-522.41486,12.354284,0.0178833,-0.002928542,12.3671665,1.034392e-06,-5.2974485e-07,0,0,0,1
1771685289812000,1771685289660000,0,1771685289660000,0,-522.349,12.354216,0.02331543,-0.00045628357,12.36707,1.7582475e-06,-3.1420933e-07,0,0,0,1
1771685289868000,1771685289712000,0,1771685289716000,0,-522.2549,12.354284,0.012084961,0.0007251381,12.3671665,4.723678e-07,-2.401115e-07,0,0,0,1
1771685289916000,1771685289764000,0,1771685289764000,0,-522.1656,12.354216,-0.0,7.610943e-05,12.36707,1.229125e-07,-2.29071e-07,0,0,0,1
1771685289972000,1771685289816000,0,1771685289820000,0,-522.114,12.354284,0.024963379,0.0024205623,12.3671665,2.0155637e-06,-1.7619897e-08,0,0,0,1
1771685290020000,1771685289868000,0,1771685289868000,0,-522.0199,12.354216,0.0024414062,0.0024225258,12.36707,1.92785e-08,-1.4143961e-08,0,0,0,1
1771685290076000,1771685289920000,0,1771685289924000,0,-521.92596,12.354284,-0.0,0.0014468572,12.3671665,2.0362758e-07,-3.1993867e-08,0,0,0,1
1771685290124000,1771685289972000,0,1771685289972000,0,-521.81805,12.354216,-0.0,-0.0028292174,12.36707,6.2462345e-06,-6.173934e-07,0,0,0,1
1771685290180000,1771685290024000,0,1771685290028000,0,-521.809,12.354284,0.030517578,0.00031214766,12.3671665,3.0122424e-06,-2.754712e-07,0,0,0,1
1771685290228000,1771685290076000,0,1771685290076000,0,-521.73364,12.354216,0.026855469,0.0028126056,12.36707,2.3326986e-06,-2.9774014e-08,0,0,0,1
1771685290284000,1771685290128000,0,1771685290132000,0,-521.616,12.354284,-0.0,0.0018691868,12.3671665,1.6776985e-07,-4.2773625e-08,0,0,0,1
1771685290332000,1771685290180000,0,1771685290180000,0,-521.5316,12.354216,-0.0,-0.0001870445,12.36707,1.2883943e-06,-1.6011471e-07,0,0,0,1
1771685290388000,1771685290232000,0,1771685290236000,0,-521.45667,12.354284,-0.0,-0.0012446162,12.3671665,4.2134042e-07,-1.8472292e-07,0,0,0,1
1771685290436000,1771685290284000,0,1771685290284000,0,-521.4098,12.354216,0.013671875,0.0001605606,12.36707,6.045738e-07,-1.1036887e-07,0,0,0,1
1771685290492000,1771685290336000,0,1771685290340000,0,-521.31104,12.354284,-0.0,7.4427808e-06,12.3671665,6.940206e-09,-1.0062559e-07,0,0,0,1
1771685290540000,1771685290388000,0,1771685290388000,0,-521.2031,12.354216,-0.0,-0.0035350667,12.36707,4.5720894e-06,-5.218505e-07,0,0,0,1
1771685290596000,1771685290440000,0,1771685290444000,0,-521.18933,12.354284,0.031982422,-0.00018921611,12.3671665,3.3083577e-06,-1.6103374e-07,0,0,0,1
1771685290644000,1771685290492000,0,1771685290492000,0,-521.0388,12.354216,-0.0,-0.004598652,12.36707,7.1438894e-06,-8.18839e-07,0,0,0,1
1771685290700000,1771685290544000,0,1771685290548000,0,-521.03925,12.354284,0.03656006,-0.000721382,12.3671665,4.323182e-06,-3.3444564e-07,0,0,0,1
1771685290748000,1771685290596000,0,1771685290596000,0,-520.9122,12.354216,-0.0,-0.00242433,12.36707,1.1430224e-06,-4.106159e-07,0,0,0,1
1771685290804000,1771685290648000,0,1771685290652000,0,-520.8091,12.354284,-0.0,-0.0058297543,12.3671665,4.8126476e-06,-8.2530005e-07,0,0,0,1
1771685290852000,1771685290700000,0,1771685290700000,0,-520.8187,12.354216,0.04260254,-0.0012672916,12.36707,5.8703517e-06,-1.9455018e-07,0,0,0,1
1771685290908000,1771685290752000,0,1771685290756000,0,-520.68225,12.354284,-0.0,-0.0021138568,12.3671665,3.400701e-07,-2.0825858e-07,0,0,0,1
1771685290956000,1771685290804000,0,1771685290804000,0,-520.626,12.354216,0.005065918,-0.0014375012,12.36707,8.300599e-08,-1.8082062e-07,0,0,0,1
1771685291012000,1771685290856000,0,1771685290860000,0,-520.54614,12.354284,0.008422852,-0.0005086273,12.3671665,2.2946057e-07,-1.4217093e-07,0,0,0,1
1771685291060000,1771685290908000,0,1771685290908000,0,-520.45215,12.354216,-0.0,-0.0017486435,12.36707,6.045738e-07,-1.8573063e-07,0,0,0,1
1771685291116000,1771685290960000,0,1771685290964000,0,-520.37244,12.354284,-0.0,-0.0025326149,12.3671665,3.280332e-07,-1.9913594e-07,0,0,0,1
1771685291164000,1771685291012000,0,1771685291012000,0,-520.2739,12.354216,-0.0,-0.005772597,12.36707,4.4102585e-06,-5.958359e-07,0,0,0,1
1771685291220000,1771685291064000,0,1771685291068000,0,-520.27423,12.354284,0.047058105,-0.0007957914,12.3671665,7.1624013e-06,1.3501261e-07,0,0,0,1
1771685291268000,1771685291116000,0,1771685291116000,0,-520.18463,12.354216,0.029541016,0.0020620239,12.36707,2.8225654e-06,3.8818789e-07,0,0,0,1
1771685291324000,1771685291168000,0,1771685291172000,0,-520.0294,12.354284,-0.0,-0.002082261,12.3671665,5.6867398e-06,-1.8408795e-07,0,0,0,1
1771685291372000,1771685291220000,0,1771685291220000,0,-519.96405,12.354216,-0.0,-0.0052439244,12.36707,4.1094054e-06,-5.5386425e-07,0,0,0,1
1771685291428000,1771685291272000,0,1771685291276000,0,-519.9174,12.354284,0.001159668,-0.0046406873,12.3671665,4.349678e-09,-5.0127886e-07,0,0,0,1
1771685291476000,1771685291324000,0,1771685291324000,0,-519.80945,12.354216,-0.0,-0.007509592,12.36707,3.9837214e-06,-8.29335e-07,0,0,0,1
1771685291532000,1771685291376000,0,1771685291380000,0,-519.78156,12.354284,0.020690918,-0.004853022,12.3671665,1.3846796e-06,-6.207684e-07,0,0,0,1
1771685291580000,1771685291428000,0,1771685291428000,0,-519.63586,12.354216,-0.0,-0.009392332,12.36707,9.098982e-06,-1.4194409e-06,0,0,0,1
1771685291636000,1771685291480000,0,1771685291484000,0,-519.56586,12.354284,-0.0,-0.012204598,12.3671665,4.9816344e-06,-1.7550099e-06,0,0,0,1
1771685291684000,1771685291532000,0,1771685291532000,0,-519.538,12.354216,0.005004883,-0.010583415,12.36707,8.10179e-08,-1.5820507e-06,0,0,0,1
1771685291740000,1771685291584000,0,1771685291588000,0,-519.4722,12.354284,0.022827148,-0.0074360427,12.3671665,1.6853617e-06,-1.274251e-06,0,0,0,1
1771685291788000,1771685291636000,0,1771685291636000,0,-519.3876,12.354216,0.010131836,-0.0057810973,12.36707,3.3202397e-07,-1.1229351e-06,0,0,0,1
1771685291844000,1771685291688000,0,1771685291692000,0,-519.2513,12.354284,-0.0,-0.009255534,12.3671665,5.8871383e-06,-1.5717369e-06,0,0,0,1
1771685291892000,1771685291740000,0,1771685291740000,0,-519.23285,12.354216,0.010925293,-0.0073544416,12.36707,3.8606404e-07,-1.3873064e-06,0,0,0,1
1771685291948000,1771685291792000,0,1771685291796000,0,-519.1295,12.354284,-0.0,-0.0074780877,12.3671665,2.4295542e-07,-1.2795052e-06,0,0,0,1
1771685291996000,1771685291844000,0,1771685291844000,0,-519.07324,12.354216,0.0068359375,-0.006129665,12.36707,1.5114345e-07,-1.1447339e-06,0,0,0,1
1771685292052000,1771685291896000,0,1771685291900000,0,-518.9417,12.354284,-0.0,-0.009433273,12.3671665,5.4898114e-06,-1.5540528e-06,0,0,0,1
1771685292100000,1771685291948000,0,1771685291948000,0,-518.87164,12.354216,-0.0,-0.012247431,12.36707,4.9971804e-06,-1.8784054e-06,0,0,0,1
1771685292156000,1771685292000000,0,1771685292004000,0,-518.8015,12.354284,-0.0,-0.013520056,12.3671665,2.1457286e-06,-1.9035881e-06,0,0,0,1
1771685292204000,1771685292052000,0,1771685292052000,0,-518.7032,12.354216,-0.0,-0.017133664,12.36707,8.705448e-06,-2.544343e-06,0,0,0,1
1771685292260000,1771685292104000,0,1771685292108000,0,-518.6755,12.354284,0.0040893555,-0.015134394,12.3671665,5.4087824e-08,-2.2995632e-06,0,0,0,1
1771685292308000,1771685292156000,0,1771685292156000,0,-518.558,12.354216,-0.0,-0.01761848,12.36707,5.571487e-06,-2.607788e-06,0,0,0,1
1771685292364000,1771685292208000,0,1771685292212000,0,-518.5396,12.354284,0.023498535,-0.0137451375,12.3671665,1.7859585e-06,-2.1938843e-06,0,0,0,1
1771685292412000,1771685292260000,0,1771685292260000,0,-518.4549,12.354216,0.010498047,-0.011461359,12.36707,3.5645948e-07,-1.9536344e-06,0,0,0,1
1771685292468000,1771685292312000,0,1771685292316000,0,-518.3609,12.354284,-0.0,-0.010410415,12.3671665,3.0122424e-10,-1.7696248e-06,0,0,0,1
1771685292516000,1771685292364000,0,1771685292364000,0,-518.27637,12.354216,-0.0,-0.010683156,12.36707,5.726197e-07,-1.6568634e-06,0,0,0,1
1771685292572000,1771685292416000,0,1771685292420000,0,-518.22955,12.354284,0.02319336,-0.0074918894,12.3671665,1.7398712e-06,-1.3368812e-06,0,0,0,1
1771685292620000,1771685292468000,0,1771685292468000,0,-518.18243,12.354216,0.047546387,-0.002307124,12.36707,7.3118654e-06,-5.2214415e-07,0,0,0,1
1771685292676000,1771685292520000,0,1771685292524000,0,-518.0693,12.354284,0.01751709,-0.00043962535,12.3671665,9.924615e-07,-3.794639e-07,0,0,0,1
1771685292724000,1771685292572000,0,1771685292572000,0,-518.0081,12.354216,0.02758789,0.0022006482,12.36707,2.4616718e-06,-1.1182067e-07,0,0,0,1
1771685292780000,1771685292624000,0,1771685292628000,0,-517.8952,12.354284,-0.0,0.0017633531,12.3671665,1.9278351e-08,-1.0310291e-07,0,0,0,1
1771685292828000,1771685292676000,0,1771685292676000,0,-517.8577,12.354216,0.031066895,0.004523832,12.36707,3.1216834e-06,2.0068134e-07,0,0,0,1
1771685292884000,1771685292728000,0,1771685292732000,0,-517.74945,12.354284,0.005554199,0.0046208953,12.3671665,9.9777516e-08,1.9117591e-07,0,0,0,1
1771685292932000,1771685292780000,0,1771685292780000,0,-517.6273,12.354216,-0.0,-9.217532e-05,12.36707,6.66959e-06,-4.551282e-07,0,0,0,1
1771685292988000,1771685292832000,0,1771685292836000,0,-517.59955,12.354284,0.0099487305,0.00085370714,12.3671665,3.2012906e-07,-3.8209672e-07,0,0,0,1
1771685293036000,1771685292884000,0,1771685292884000,0,-517.50555,12.354216,-0.0,-0.0004169002,12.36707,5.162903e-07,-3.9473815e-07,0,0,0,1
1771685293092000,1771685292936000,0,1771685292940000,0,-517.43054,12.354284,-0.0,-0.00083185243,12.3671665,7.519762e-08,-3.646365e-07,0,0,0,1
1771685293140000,1771685292988000,0,1771685292988000,0,-517.37897,12.354216,0.0146484375,0.00062643585,12.36707,6.94026e-07,-2.649074e-07,0,0,0,1
1771685293196000,1771685293040000,0,1771685293044000,0,-517.2709,12.354284,-0.0,-0.000415773,12.3671665,3.5232392e-07,-2.731423e-07,0,0,0,1
1771685293244000,1771685293092000,0,1771685293092000,0,-517.1864,12.354216,-0.0,-0.0025844867,12.36707,1.7767067e-06,-4.1478242e-07,0,0,0,1
1771685293300000,1771685293144000,0,1771685293148000,0,-517.11615,12.354284,-0.0,-0.0033587154,12.3671665,3.7748217e-07,-4.1126862e-07,0,0,0,1
1771685293348000,1771685293196000,0,1771685293196000,0,-517.07404,12.354216,0.018615723,-0.0012886594,12.36707,1.1208641e-06,-2.6693726e-07,0,0,0,1
1771685293404000,1771685293248000,0,1771685293252000,0,-516.933,12.354284,-0.0,-0.004898812,12.3671665,5.0750377e-06,-7.198743e-07,0,0,0,1
1771685293452000,1771685293300000,0,1771685293300000,0,-516.8911,12.354216,-0.0,-0.0054262765,12.36707,3.5645948e-07,-6.856396e-07,0,0,0,1
1771685293508000,1771685293352000,0,1771685293356000,0,-516.7832,12.354284,-0.0,-0.0082556745,12.3671665,4.067262e-06,-1.0041982e-06,0,0,0,1
1771685293556000,1771685293404000,0,1771685293404000,0,-516.7178,12.354216,-0.0,-0.010278065,12.36707,2.8576642e-06,-1.1788001e-06,0,0,0,1
1771685293612000,1771685293456000,0,1771685293460000,0,-516.6382,12.354284,-0.0,-0.011810956,12.3671665,2.279966e-06,-1.282533e-06,0,0,0,1
1771685293660000,1771685293508000,0,1771685293508000,0,-516.5774,12.354216,-0.0,-0.012233497,12.36707,8.589657e-07,-1.2426318e-06,0,0,0,1
1771685293716000,1771685293560000,0,1771685293564000,0,-516.5353,12.354284,0.024291992,-0.008792689,12.3671665,1.9086049e-06,-9.4577615e-07,0,0,0,1
1771685293764000,1771685293612000,0,1771685293612000,0,-516.43176,12.354216,-0.0,-0.008717601,12.36707,2.0677398e-07,-8.7616e-07,0,0,0,1
1771685293820000,1771685293664000,0,1771685293668000,0,-516.32855,12.354284,-0.0,-0.010581482,12.3671665,2.6277476e-06,-1.0411646e-06,0,0,0,1
1771685293868000,1771685293716000,0,1771685293716000,0,-516.25836,12.354216,-0.0,-0.012166286,12.36707,2.4291032e-06,-1.1719125e-06,0,0,0,1
1771685293924000,1771685293768000,0,1771685293772000,0,-516.22577,12.354284,0.022949219,-0.008858304,12.3671665,1.703435e-06,-9.010464e-07,0,0,0,1
1771685293972000,1771685293820000,0,1771685293820000,0,-516.1785,12.354216,0.047058105,-0.0035908152,12.36707,7.162457e-06,-1.4144092e-07,0,0,0,1
1771685294028000,1771685293872000,0,1771685293876000,0,-516.0843,12.354284,0.035583496,9.951857e-05,12.3671665,4.0953123e-06,2.5767355e-07,0,0,0,1
1771685294076000,1771685293924000,0,1771685293924000,0,-516.03235,12.354216,0.054138184,0.005190118,12.36707,9.47983e-06,1.1264274e-06,0,0,0,1
1771685294132000,1771685293976000,0,1771685293980000,0,-515.8676,12.354284,-0.0,0.0020448375,12.3671665,2.5717802e-06,7.780455e-07,0,0,0,1
1771685294180000,1771685294028000,0,1771685294028000,0,-515.8255,12.354216,0.0004272461,0.0018924556,12.36707,5.904041e-10,7.0480695e-07,0,0,0,1
1771685294236000,1771685294080000,0,1771685294084000,0,-515.77386,12.354284,0.031188965,0.004652272,12.3671665,3.146239e-06,9.3479696e-07,0,0,0,1
1771685294284000,1771685294132000,0,1771685294132000,0,-515.65625,12.354216,-0.0,0.0027133455,12.36707,8.2079424e-07,7.694152e-07,0,0,0,1
1771685294340000,1771685294184000,0,1771685294188000,0,-515.60944,12.354284,0.019470215,0.004291891,12.3671665,1.2261152e-06,8.1243763e-07,0,0,0,1
1771685294388000,1771685294236000,0,1771685294236000,0,-515.5717,12.354216,0.052612305,0.008843815,12.36707,8.952984e-06,1.5793007e-06,0,0,0,1
1771685294444000,1771685294288000,0,1771685294292000,0,-515.3975,12.354284,-0.0,0.0043194015,12.3671665,4.966151e-06,9.627001e-07,0,0,0,1
1771685294492000,1771685294340000,0,1771685294340000,0,-515.35095,12.354216,-0.0,0.0025210767,12.36707,7.0564136e-07,8.055375e-07,0,0,0,1
1771685294548000,1771685294392000,0,1771685294396000,0,-515.27594,12.354284,-0.0,0.001599371,12.3671665,1.7062546e-07,7.1358016e-07,0,0,0,1
1771685294596000,1771685294444000,0,1771685294444000,0,-515.20557,12.354216,-0.0,0.0008334888,12.36707,1.3794973e-07,6.333636e-07,0,0,0,1
1771685294652000,1771685294496000,0,1771685294500000,0,-515.12585,12.354284,-0.0,0.00044448854,12.3671665,3.5134793e-08,5.703891e-07,0,0,0,1
1771685294700000,1771685294548000,0,1771685294548000,0,-515.0272,12.354216,-0.0,-0.0025009764,12.36707,3.0728124e-06,2.271889e-07,0,0,0,1
1771685294756000,1771685294600000,0,1771685294604000,0,-514.95703,12.354284,-0.0,-0.0039902837,12.3671665,1.0844072e-06,1.0363273e-07,0,0,0,1
1771685294804000,1771685294652000,0,1771685294652000,0,-514.8962,12.354216,-0.0,-0.004361847,12.36707,2.0362917e-07,7.468776e-08,0,0,0,1
1771685294860000,1771685294704000,0,1771685294708000,0,-514.8352,12.354284,0.0138549805,-0.0026457687,12.3671665,6.2087133e-07,1.2613984e-07,0,0,0,1
1771685294908000,1771685294756000,0,1771685294756000,0,-514.7224,12.354216,-0.0,-0.0049896394,12.36707,2.4507915e-06,-1.16614586e-07,0,0,0,1
1771685294964000,1771685294808000,0,1771685294812000,0,-514.6288,12.354284,-0.0,-0.008153404,12.3671665,4.8126476e-06,-5.5899454e-07,0,0,0,1
1771685295012000,1771685294860000,0,1771685294860000,0,-514.6009,12.354216,0.004638672,-0.0069483533,12.36707,6.959539e-08,-4.9977956e-07,0,0,0,1
1771685295068000,1771685294912000,0,1771685294916000,0,-514.4601,12.354284,-0.0,-0.011342025,12.3671665,9.288357e-06,-1.3276892e-06,0,0,0,1
1771685295116000,1771685294964000,0,1771685294964000,0,-514.4042,12.354216,-0.0,-0.013901628,12.36707,4.797467e-06,-1.6545524e-06,0,0,0,1
1771685295172000,1771685295016000,0,1771685295020000,0,-514.34344,12.354284,-0.0,-0.01413872,12.3671665,8.7187544e-07,-1.580822e-06,0,0,0,1
1771685295220000,1771685295068000,0,1771685295068000,0,-514.2638,12.354216,-0.0,-0.015129685,12.36707,1.9666e-06,-1.6171633e-06,0,0,0,1
1771685295276000,1771685295120000,0,1771685295124000,0,-514.17944,12.354284,-0.0,-0.016171042,12.3671665,2.2175043e-06,-1.6737172e-06,0,0,0,1
1771685295324000,1771685295172000,0,1771685295172000,0,-514.11395,12.354216,-0.0,-0.016585328,12.36707,1.3684e-06,-1.6449554e-06,0,0,0,1
1771685295380000,1771685295224000,0,1771685295228000,0,-514.08124,12.354284,0.02923584,-0.01226884,12.3671665,2.7645276e-06,-1.2295693e-06,0,0,0,1
1771685295428000,1771685295276000,0,1771685295276000,0,-513.926,12.354216,-0.0,-0.01629355,12.36707,9.781442e-06,-2.0351804e-06,0,0,0,1
1771685295484000,1771685295328000,0,1771685295332000,0,-513.9265,12.354284,0.028381348,-0.012085045,12.3671665,2.6052883e-06,-1.5980347e-06,0,0,0,1
1771685295532000,1771685295380000,0,1771685295380000,0,-513.76666,12.354216,-0.0,-0.016644541,12.36707,1.1833156e-05,-2.562213e-06,0,0,0,1
1771685295588000,1771685295432000,0,1771685295436000,0,-513.6967,12.354284,-0.0,-0.019572834,12.3671665,7.368234e-06,-3.0149542e-06,0,0,0,1
1771685295636000,1771685295484000,0,1771685295484000,0,-513.6361,12.354216,-0.0,-0.021230577,12.36707,4.4687686e-06,-3.1519078e-06,0,0,0,1
1771685295692000,1771685295536000,0,1771685295540000,0,-513.5989,12.354284,0.008483887,-0.018431388,12.3671665,2.3279813e-07,-2.8330587e-06,0,0,0,1
1771685295740000,1771685295588000,0,1771685295588000,0,-513.5237,12.354216,0.004333496,-0.016286869,12.36707,6.0739325e-08,-2.5604545e-06,0,0,0,1
1771685295796000,1771685295640000,0,1771685295644000,0,-513.4954,12.354284,0.058532715,-0.009238647,12.3671665,1.1081208e-05,-1.2753703e-06,0,0,0,1
1771685295844000,1771685295692000,0,1771685295692000,0,-513.38696,12.354216,0.021118164,-0.0063789478,12.36707,1.4424656e-06,-1.0193423e-06,0,0,0,1
1771685295900000,1771685295744000,0,1771685295748000,0,-513.2882,12.354284,0.005065918,-0.005300808,12.3671665,8.300535e-08,-9.15498e-07,0,0,0,1
1771685295948000,1771685295796000,0,1771685295796000,0,-513.2084,12.354216,-0.0,-0.0051809363,12.36707,5.248572e-08,-8.3419974e-07,0,0,0,1
1771685296004000,1771685295848000,0,1771685295852000,0,-513.17554,12.354284,0.045654297,-0.00039210962,12.3671665,6.7414467e-06,-1.2055182e-07,0,0,0,1
1771685296052000,1771685295900000,0,1771685295900000,0,-513.0296,12.354216,-0.0,-0.0031495206,12.36707,2.8459406e-06,-3.7729134e-07,0,0,0,1
1771685296108000,1771685295952000,0,1771685295956000,0,-512.9547,12.354284,-0.0,-0.004957213,12.3671665,1.6140317e-06,-4.937959e-07,0,0,0,1
1771685296156000,1771685296004000,0,1771685296004000,0,-512.8798,12.354216,-0.0,-0.0070200926,12.36707,2.3326986e-06,-6.6702586e-07,0,0,0,1
1771685296212000,1771685296056000,0,1771685296060000,0,-512.82367,12.354284,-0.0,-0.006456524,12.3671665,3.4821521e-09,-6.045181e-07,0,0,0,1
1771685296260000,1771685296108000,0,1771685296108000,0,-512.76263,12.354216,0.008605957,-0.0050375946,12.36707,2.3954743e-07,-5.250047e-07,0,0,0,1
1771685296316000,1771685296160000,0,1771685296164000,0,-512.71094,12.354284,0.039245605,-0.00086598843,12.3671665,4.9816344e-06,-6.2632353e-09,0,0,0,1
1771685296364000,1771685296212000,0,1771685296212000,0,-512.6026,12.354216,0.0013427734,-0.00065791665,12.36707,5.8317466e-09,-5.123853e-09,0,0,0,1
1771685296420000,1771685296264000,0,1771685296268000,0,-512.53217,12.354284,0.012939453,0.0006229951,12.3671665,5.415289e-07,4.6372428e-08,0,0,0,1
1771685296468000,1771685296316000,0,1771685296316000,0,-512.41,12.354216,-0.0,-0.0030809958,12.36707,4.8431934e-06,-4.1423888e-07,0,0,0,1
1771685296524000,1771685296368000,0,1771685296372000,0,-512.41504,12.354284,0.048217773,0.0017514974,12.3671665,7.5197618e-06,3.3316704e-07,0,0,0,1
1771685296572000,1771685296420000,0,1771685296420000,0,-512.28784,12.354216,-0.0,0.0007527963,12.36707,2.5333156e-07,2.7791717e-07,0,0,0,1
1771685296628000,1771685296472000,0,1771685296476000,0,-512.23627,12.354284,0.021057129,0.0026655234,12.3671665,1.4341285e-06,3.8683564e-07,0,0,0,1
1771685296676000,1771685296524000,0,1771685296524000,0,-512.1563,12.354216,0.011108398,0.0034608669,12.36707,3.9911316e-07,3.879922e-07,0,0,0,1
1771685296732000,1771685296576000,0,1771685296580000,0,-512.11395,12.354284,0.05029297,0.007872587,12.3671665,8.180961e-06,1.1221125e-06,0,0,0,1
1771685296780000,1771685296628000,0,1771685296628000,0,-511.98206,12.354216,-0.0,0.0060184016,12.36707,4.5114405e-07,9.739072e-07,0,0,0,1
1771685296836000,1771685296680000,0,1771685296684000,0,-511.9258,12.354284,0.013549805,0.0067278817,12.3671665,5.938214e-07,9.38102e-07,0,0,0,1
1771685296884000,1771685296732000,0,1771685296732000,0,-511.82242,12.354216,-0.0,0.004245571,12.36707,1.2454183e-06,7.32408e-07,0,0,0,1
1771685296940000,1771685296784000,0,1771685296788000,0,-511.76157,12.354284,0.0008544922,0.0039261216,12.3671665,2.361598e-09,6.6363555e-07,0,0,0,1
1771685296988000,1771685296836000,0,1771685296836000,0,-511.58313,12.354216,-0.0,-0.006583307,12.36707,3.747177e-05,-2.9288306e-06,0,0,0,1
1771685297044000,1771685296888000,0,1771685296892000,0,-511.57465,12.354284,-0.0,-0.009214589,12.3671665,3.853143e-06,-3.0159035e-06,0,0,0,1
1771685297092000,1771685296940000,0,1771685296940000,0,-511.52332,12.354216,-0.0,-0.009829968,12.36707,8.0203387e-07,-2.8073505e-06,0,0,0,1
1771685297148000,1771685296992000,0,1771685296996000,0,-511.42484,12.354284,-0.0,-0.011977166,12.3671665,3.442273e-06,-2.867162e-06,0,0,0,1
1771685297196000,1771685297044000,0,1771685297044000,0,-511.36407,12.354216,-0.0,-0.01300214,12.36707,1.6898841e-06,-2.756259e-06,0,0,0,1
1771685297252000,1771685297096000,0,1771685297100000,0,-511.27505,12.354284,-0.0,-0.014580274,12.3671665,2.863513e-06,-2.7663625e-06,0,0,0,1
1771685297300000,1771685297148000,0,1771685297148000,0,-511.24246,12.354216,0.008361816,-0.012419063,12.36707,2.2614887e-07,-2.4844592e-06,0,0,0,1
1771685297356000,1771685297200000,0,1771685297204000,0,-511.2095,12.354284,0.057800293,-0.0058041955,12.3671665,1.0805624e-05,-1.2324947e-06,0,0,0,1
1771685297404000,1771685297252000,0,1771685297252000,0,-511.06815,12.354216,-0.0,-0.0064936066,12.36707,5.5696796e-07,-1.1688581e-06,0,0,0,1
1771685297460000,1771685297304000,0,1771685297308000,0,-511.02603,12.354284,0.02645874,-0.0033894,12.3671665,2.2642694e-06,-8.454476e-07,0,0,0,1
1771685297508000,1771685297356000,0,1771685297356000,0,-510.93192,12.354216,0.0027770996,-0.0028084978,12.36707,2.4944573e-08,-7.634541e-07,0,0,0,1
1771685297564000,1771685297408000,0,1771685297412000,0,-510.89432,12.354284,0.04699707,0.0018833312,12.3671665,7.143834e-06,-1.8564606e-08,0,0,0,1
1771685297612000,1771685297460000,0,1771685297460000,0,-510.75778,12.354216,-0.0,-0.000110985944,12.36707,1.2031712e-06,-1.3015799e-07,0,0,0,1
1771685297668000,1771685297512000,0,1771685297516000,0,-510.74384,12.354284,0.048675537,0.0044848463,12.3671665,7.66322e-06,6.040008e-07,0,0,0,1
1771685297716000,1771685297564000,0,1771685297564000,0,-510.65894,12.354216,0.034362793,0.0072994353,12.36707,3.8191797e-06,9.0687996e-07,0,0,0,1
1771685297772000,1771685297616000,0,1771685297620000,0,-510.56943,12.354284,0.026977539,0.00915317,12.3671665,2.3539349e-06,1.0431968e-06,0,0,0,1
1771685297820000,1771685297668000,0,1771685297668000,0,-510.4706,12.354216,-0.0,0.008147173,12.36707,7.530664e-09,9.4421523e-07,0,0,0,1
1771685297876000,1771685297720000,0,1771685297724000,0,-510.41898,12.354284,0.028778076,0.010090664,12.3671665,2.6786336e-06,1.1076024e-06,0,0,0,1
1771685297924000,1771685297772000,0,1771685297772000,0,-510.30136,12.354216,-0.0,0.0074008135,12.36707,1.1025646e-06,8.993983e-07,0,0,0,1
1771685297980000,1771685297824000,0,1771685297828000,0,-510.24515,12.354284,0.007385254,0.0073993476,12.3671665,1.7640896e-07,8.312906e-07,0,0,0,1
1771685298028000,1771685297876000,0,1771685297876000,0,-510.18405,12.354216,0.016906738,0.008294972,12.36707,9.2451256e-07,8.400724e-07,0,0,0,1
1771685298084000,1771685297928000,0,1771685297932000,0,-510.0384,12.354284,-0.0,0.003117924,12.3671665,7.042144e-06,9.7544785e-08,0,0,0,1
1771685298132000,1771685297980000,0,1771685297980000,0,-509.98245,12.354216,-0.0,-0.00020300457,12.36707,3.3400274e-06,-2.262845e-07,0,0,0,1
1771685298188000,1771685298032000,0,1771685298036000,0,-509.9874,12.354284,0.055358887,0.005031087,12.3671665,9.9120725e-06,7.2877816e-07,0,0,0,1
1771685298236000,1771685298084000,0,1771685298084000,0,-509.86487,12.354216,0.0035705566,0.004893501,12.36707,4.1234905e-08,6.640096e-07,0,0,0,1
1771685298292000,1771685298136000,0,1771685298140000,0,-509.73337,12.354284,-0.0,0.00014325092,12.3671665,6.7054443e-06,-3.021438e-08,0,0,0,1
1771685298340000,1771685298188000,0,1771685298188000,0,-509.72906,12.354216,0.021606445,0.0021651462,12.36707,1.5099404e-06,1.1487266e-07,0,0,0,1
1771685298396000,1771685298240000,0,1771685298244000,0,-509.6162,12.354284,-0.0,0.0012108487,12.3671665,2.0519695e-07,8.472118e-08,0,0,0,1
1771685298444000,1771685298292000,0,1771685298292000,0,-509.5083,12.354216,-0.0,-0.0030746162,12.36707,6.3420275e-06,-5.206972e-07,0,0,0,1
1771685298500000,1771685298344000,0,1771685298348000,0,-509.4711,12.354284,0.0016784668,-0.002626862,12.3671665,9.112033e-09,-4.7078763e-07,0,0,0,1
1771685298548000,1771685298396000,0,1771685298396000,0,-509.3678,12.354216,-0.0,-0.0052312496,12.36707,2.9642624e-06,-7.056802e-07,0,0,0,1
1771685298604000,1771685298448000,0,1771685298452000,0,-509.27884,12.354284,-0.0,-0.008125017,12.3671665,4.1800404e-06,-1.032975e-06,0,0,0,1
1771685298652000,1771685298500000,0,1771685298500000,0,-509.24628,12.354216,0.00289917,-0.007086507,12.36707,2.7185699e-08,-9.3310473e-07,0,0,0,1
1771685298708000,1771685298552000,0,1771685298556000,0,-509.16644,12.354284,0.006378174,-0.005818095,12.3671665,1.3157775e-07,-8.3280855e-07,0,0,0,1
1771685298756000,1771685298604000,0,1771685298604000,0,-509.08655,12.354216,-0.0,-0.0054223803,12.36707,8.461455e-09,-7.5515266e-07,0,0,0,1
1771685298812000,1771685298656000,0,1771685298660000,0,-508.9833,12.354284,-0.0,-0.006946966,12.3671665,1.5099287e-06,-8.2625473e-07,0,0,0,1
1771685298860000,1771685298708000,0,1771685298708000,0,-508.91776,12.354216,-0.0,-0.0077242143,12.36707,7.4705395e-07,-8.187938e-07,0,0,0,1
1771685298916000,1771685298760000,0,1771685298764000,0,-508.8756,12.354284,0.02658081,-0.0044925814,12.3671665,2.2852105e-06,-5.2638757e-07,0,0,0,1
1771685298964000,1771685298812000,0,1771685298812000,0,-508.83786,12.354216,0.060668945,0.0016458239,12.36707,1.1904908e-05,6.4467656e-07,0,0,0,1
1771685299020000,1771685298864000,0,1771685298868000,0,-508.70587,12.354284,0.012207031,0.0026407205,12.3671665,4.8195875e-07,6.2934805e-07,0,0,0,1
1771685299068000,1771685298916000,0,1771685298916000,0,-508.64944,12.354216,0.027130127,0.004947694,12.36707,2.380657e-06,7.943264e-07,0,0,0,1
1771685299124000,1771685298968000,0,1771685298972000,0,-508.49426,12.354284,-0.0,0.00024121115,12.3671665,6.5535096e-06,1.0213893e-07,0,0,0,1
1771685299172000,1771685299020000,0,1771685299020000,0,-508.4712,12.354216,0.0032958984,0.00052897155,12.36707,3.513507e-08,9.582697e-08,0,0,0,1
1771685299228000,1771685299072000,0,1771685299076000,0,-508.35846,12.354284,-0.0,-0.0019932254,12.3671665,2.2278543e-06,-1.2307055e-07,0,0,0,1
1771685299276000,1771685299124000,0,1771685299124000,0,-508.29294,12.354216,-0.0,-0.0037086047,12.36707,1.3201075e-06,-2.358349e-07,0,0,0,1
1771685299332000,1771685299176000,0,1771685299180000,0,-508.19922,12.354284,-0.0,-0.0062254635,12.3671665,2.994196e-06,-4.956805e-07,0,0,0,1
1771685299380000,1771685299228000,0,1771685299228000,0,-508.11496,12.354216,-0.0,-0.009678164,12.36707,5.946288e-06,-1.0091436e-06,0,0,0,1
1771685299436000,1771685299280000,0,1771685299284000,0,-508.12943,12.354284,0.05557251,-0.0035313605,12.3671665,9.988719e-06,2.688705e-08,0,0,0,1
1771685299484000,1771685299332000,0,1771685299332000,0,-508.00217,12.354216,0.00033569336,-0.0031670728,12.36707,3.6448417e-10,2.4388548e-08,0,0,0,1
1771685299540000,1771685299384000,0,1771685299388000,0,-507.95053,12.354284,0.032226562,0.0001671107,12.3671665,3.3590597e-06,3.3852427e-07,0,0,0,1
1771685299588000,1771685299436000,0,1771685299436000,0,-507.84225,12.354216,-0.0,-0.0002539847,12.36707,5.988686e-08,3.0099278e-07,0,0,0,1
1771685299644000,1771685299488000,0,1771685299492000,0,-507.73434,12.354284,-0.0,-0.0029324125,12.3671665,2.6616174e-06,2.1906288e-08,0,0,0,1
1771685299692000,1771685299540000,0,1771685299540000,0,-507.66415,12.354216,-0.0,-0.0052291565,12.36707,2.4129001e-06,-2.0745955e-07,0,0,0,1
1771685299748000,1771685299592000,0,1771685299596000,0,-507.61743,12.354284,0.009460449,-0.003845353,12.3671665,2.8947647e-07,-1.6064674e-07,0,0,0,1
1771685299796000,1771685299644000,0,1771685299644000,0,-507.5469,12.354216,0.010803223,-0.0024654146,12.36707,3.774851e-07,-1.09953156e-07,0,0,0,1
1771685299852000,1771685299696000,0,1771685299700000,0,-507.48108,12.354284,0.028411865,0.0004433149,12.3671665,2.6108942e-06,1.4635856e-07,0,0,0,1
1771685299900000,1771685299748000,0,1771685299748000,0,-507.3635,12.354216,-0.0,-0.0012888552,12.36707,1.0414728e-06,3.4461387e-08,0,0,0,1
1771685299956000,1771685299800000,0,1771685299804000,0,-507.32138,12.354284,0.023101807,0.0010088161,12.3671665,1.7261624e-06,1.9382452e-07,0,0,0,1
1771685300004000,1771685299852000,0,1771685299852000,0,-507.18503,12.354216,-0.0,-0.0030190046,12.36707,5.6372264e-06,-3.5547743e-07,0,0,0,1
1771685300060000,1771685299904000,0,1771685299908000,0,-507.1807,12.354284,0.03704834,0.0007554558,12.3671665,4.4394305e-06,9.621684e-08,0,0,0,1
1771685300108000,1771685299956000,0,1771685299956000,0,-507.09586,12.354216,0.023773193,0.0029237936,12.36707,1.8279663e-06,2.5935267e-07,0,0,0,1
1771685300164000,1771685300008000,0,1771685300012000,0,-507.00177,12.354284,0.012878418,0.0038615481,12.3671665,5.3643214e-07,2.8545438e-07,0,0,0,1
1771685300212000,1771685300060000,0,1771685300060000,0,-506.9265,12.354216,0.009033203,0.004348733,12.36707,2.639227e-07,2.8342603e-07,0,0,0,1
1771685300268000,1771685300112000,0,1771685300116000,0,-506.74805,12.354284,-0.0,-0.004219739,12.3671665,2.4261335e-05,-2.0287616e-06,0,0,0,1
1771685300316000,1771685300164000,0,1771685300164000,0,-506.7112,12.354216,-0.0,-0.008729586,12.36707,8.777288e-06,-2.6644925e-06,0,0,0,1
1771685300372000,1771685300216000,0,1771685300220000,0,-506.68347,12.354284,0.0034484863,-0.0075823767,12.3671665,3.8463323e-08,-2.4098663e-06,0,0,0,1
1771685300420000,1771685300268000,0,1771685300268000,0,-506.59424,12.354216,-0.0,-0.008179024,12.36707,6.263585e-07,-2.2418546e-06,0,0,0,1
1771685300476000,1771685300320000,0,1771685300324000,0,-506.51456,12.354284,-0.0,-0.008374484,12.3671665,3.400701e-07,-2.062701e-06,0,0,0,1
1771685300524000,1771685300372000,0,1771685300372000,0,-506.46768,12.354216,0.014556885,-0.0062142825,12.36707,6.853778e-07,-1.803824e-06,0,0,0,1
1771685300580000,1771685300424000,0,1771685300428000,0,-506.38306,12.354284,0.013153076,-0.004389821,12.3671665,5.595571e-07,-1.5811867e-06,0,0,0,1
1771685300628000,1771685300476000,0,1771685300476000,0,-506.28433,12.354216,-0.0,-0.005324589,12.36707,6.62581e-07,-1.4946513e-06,0,0,0,1
1771685300684000,1771685300528000,0,1771685300532000,0,-506.22812,12.354284,0.012664795,-0.0036299368,12.3671665,5.1878345e-07,-1.30498e-06,0,0,0,1
1771685300732000,1771685300580000,0,1771685300580000,0,-506.15292,12.354216,0.00894165,-0.0024456568,12.36707,2.586e-07,-1.1576861e-06,0,0,0,1
1771685300788000,1771685300632000,0,1771685300636000,0,-506.0636,12.354284,0.0028076172,-0.0019507832,12.3671665,2.5495618e-08,-1.046227e-06,0,0,0,1
1771685300836000,1771685300684000,0,1771685300684000,0,-505.98846,12.354216,-0.0,-0.0018446345,12.36707,2.1959419e-09,-9.4787623e-07,0,0,0,1
1771685300892000,1771685300736000,0,1771685300740000,0,-505.91336,12.354284,0.0072021484,-0.0009924013,12.3671665,1.6776985e-07,-8.427791e-07,0,0,0,1
1771685300940000,1771685300788000,0,1771685300788000,0,-505.81473,12.354216,-0.0,-0.0028193104,12.36707,1.3441453e-06,-8.900093e-07,0,0,0,1
1771685300996000,1771685300840000,0,1771685300844000,0,-505.7726,12.354284,0.020446777,-0.0006275773,12.3671665,1.3521956e-06,-6.7878705e-07,0,0,0,1
1771685301044000,1771685300892000,0,1771685300892000,0,-505.69733,12.354216,0.01626587,0.00096383446,12.36707,8.557516e-07,-5.3422906e-07,0,0,0,1
1771685301100000,1771685300944000,0,1771685300948000,0,-505.63617,12.354284,0.037872314,0.0044407207,12.3671665,4.6390974e-06,-4.688667e-08,0,0,0,1
1771685301148000,1771685300996000,0,1771685300996000,0,-505.53256,12.354216,0.0053100586,0.0045226146,12.36707,9.119936e-08,-3.3878564e-08,0,0,0,1
1771685301204000,1771685301048000,0,1771685301052000,0,-505.47147,12.354284,0.026977539,0.0066379337,12.3671665,2.3539349e-06,1.910604e-07,0,0,0,1
1771685301252000,1771685301100000,0,1771685301100000,0,-505.34918,12.354216,-0.0,0.0037414937,12.36707,1.8799551e-06,-4.0352717e-09,0,0,0,1
1771685301308000,1771685301152000,0,1771685301156000,0,-505.232,12.354284,-0.0,-0.002127793,12.3671665,1.1092766e-05,-1.0486259e-06,0,0,0,1
1771685301356000,1771685301204000,0,1771685301204000,0,-505.19495,12.354216,-0.0,-0.004250223,12.36707,1.9666e-06,-1.1351017e-06,0,0,0,1
1771685301412000,1771685301256000,0,1771685301260000,0,-505.15756,12.354284,0.020446777,-0.0019236936,12.3671665,1.3521956e-06,-9.0079106e-07,0,0,0,1
1771685301460000,1771685301308000,0,1771685301308000,0,-505.11517,12.354216,0.04925537,0.002897523,12.36707,7.84694e-06,-7.672941e-08,0,0,0,1
1771685301516000,1771685301360000,0,1771685301364000,0,-505.05838,12.354284,0.075286865,0.00971681,12.3671665,1.8332776e-05,1.6574994e-06,0,0,0,1
1771685301564000,1771685301412000,0,1771685301412000,0,-504.9169,12.354216,0.0047912598,0.009252809,12.36707,7.424934e-08,1.5083526e-06,0,0,0,1
1771685301620000,1771685301464000,0,1771685301468000,0,-504.83237,12.354284,0.002532959,0.00861978,12.3671665,2.0751337e-08,1.3682163e-06,0,0,0,1
1771685301668000,1771685301516000,0,1771685301516000,0,-504.7666,12.354216,0.007751465,0.008537982,12.36707,1.9433934e-07,1.2576337e-06,0,0,0,1
1771685301724000,1771685301568000,0,1771685301572000,0,-504.66794,12.354284,-0.0,0.0069632204,12.3671665,2.163513e-07,1.11878e-06,0,0,0,1
1771685301772000,1771685301620000,0,1771685301620000,0,-504.61166,12.354216,0.0066223145,0.006931106,12.36707,1.4184458e-07,1.0267498e-06,0,0,0,1
1771685301828000,1771685301672000,0,1771685301676000,0,-504.51773,12.354284,-0.0,0.005815326,12.3671665,7.808033e-08,9.2267163e-07,0,0,0,1
1771685301876000,1771685301724000,0,1771685301724000,0,-504.45673,12.354216,0.004638672,0.0057044816,12.36707,6.959539e-08,8.4230936e-07,0,0,0,1
1771685301932000,1771685301776000,0,1771685301780000,0,-504.40506,12.354284,0.035064697,0.008470299,12.3671665,3.976765e-06,1.1375841e-06,0,0,0,1
1771685301980000,1771685301828000,0,1771685301828000,0,-504.28268,12.354216,-0.0,0.006102707,12.36707,8.9800466e-07,9.458258e-07,0,0,0,1
1771685302036000,1771685301880000,0,1771685301884000,0,-504.24527,12.354284,0.028198242,0.00818417,12.3671665,2.5717802e-06,1.0989954e-06,0,0,0,1
1771685302084000,1771685301932000,0,1771685301932000,0,-504.1089,12.354216,-0.0,0.0038972627,12.36707,4.5055335e-06,5.710325e-07,0,0,0,1
1771685302140000,1771685301984000,0,1771685301988000,0,-504.07632,12.354284,0.012908936,0.0047461884,12.3671665,5.3897753e-07,5.680128e-07,0,0,0,1
1771685302188000,1771685302036000,0,1771685302036000,0,-504.0058,12.354216,0.013397217,0.0055611404,12.36707,5.805269e-07,5.691917e-07,0,0,0,1
1771685302244000,1771685302088000,0,1771685302092000,0,-503.86484,12.354284,-0.0,0.0007853699,12.3671665,6.589102e-06,-1.0514043e-07,0,0,0,1
1771685302292000,1771685302140000,0,1771685302140000,0,-503.83234,12.354216,-0.0,6.16709e-05,12.36707,1.5385449e-07,-1.09729434e-07,0,0,0,1
1771685302348000,1771685302192000,0,1771685302196000,0,-503.7338,12.354284,-0.0,-0.0021405197,12.3671665,1.7582338e-06,-2.6502335e-07,0,0,0,1
1771685302396000,1771685302244000,0,1771685302244000,0,-503.69174,12.354216,0.005218506,-0.0014472781,12.367069,8.808167e-08,-2.3175983e-07,0,0,0,1
1771685302452000,1771685302296000,0,1771685302300000,0,-503.64005,12.354284,0.03564453,0.0020468782,12.3671665,4.109373e-06,1.771875e-07,0,0,0,1
1771685302500000,1771685302348000,0,1771685302348000,0,-503.55524,12.354216,0.02154541,0.0038836966,12.367069,1.5014218e-06,3.0193422e-07,0,0,0,1
1771685302556000,1771685302400000,0,1771685302404000,0,-503.45645,12.354284,0.0049438477,0.003983566,12.3671665,7.905329e-08,2.809382e-07,0,0,0,1
1771685302604000,1771685302452000,0,1771685302452000,0,-503.40945,12.354216,0.028686523,0.0063106567,12.367069,2.6616383e-06,5.052071e-07,0,0,0,1
1771685302660000,1771685302504000,0,1771685302508000,0,-503.25897,12.354284,-0.0,0.0020306236,12.3671665,4.9506925e-06,-8.754512e-09,0,0,0,1
1771685302708000,1771685302556000,0,1771685302556000,0,-503.19827,12.354216,-0.0,-0.0008687705,12.367069,2.6729765e-06,-2.5973196e-07,0,0,0,1
1771685302764000,1771685302608000,0,1771685302612000,0,-503.18915,12.354284,0.044952393,0.0034477164,12.3671665,6.5357494e-06,3.8042214e-07,0,0,0,1
1771685302812000,1771685302660000,0,1771685302660000,0,-503.06198,12.354216,-0.0,0.0020649887,12.367069,4.0793313e-07,3.0615678e-07,0,0,0,1
1771685302868000,1771685302712000,0,1771685302716000,0,-502.9682,12.354284,-0.0,-0.00024829968,12.3671665,1.6361566e-06,1.231852e-07,0,0,0,1
1771685302916000,1771685302764000,0,1771685302764000,0,-502.94022,12.354216,0.020324707,0.0016897373,12.367069,1.3361087e-06,2.3744613e-07,0,0,0,1
1771685302972000,1771685302816000,0,1771685302820000,0,-502.879,12.354284,0.041656494,0.005454722,12.3671665,5.612485e-06,7.4379034e-07,0,0,0,1
1771685303020000,1771685302868000,0,1771685302868000,0,-502.8364,12.354216,0.06997681,0.01153289,12.367069,1.583804e-05,2.1657127e-06,0,0,0,1
1771685303076000,1771685302920000,0,1771685302924000,0,-502.67148,12.354284,-0.0,0.009259148,12.3671665,5.1379516e-07,1.9132951e-06,0,0,0,1
1771685303124000,1771685302972000,0,1771685302972000,0,-502.6528,12.354216,0.03970337,0.012127082,12.367069,5.0985645e-06,2.2133568e-06,0,0,0,1
1771685303180000,1771685303024000,0,1771685303028000,0,-502.52103,12.354284,-0.0,0.010107848,12.3671665,2.8021384e-07,1.9784552e-06,0,0,0,1
1771685303228000,1771685303076000,0,1771685303076000,0,-502.4131,12.354216,-0.0,0.0048203934,12.367069,6.850086e-06,1.146781e-06,0,0,0,1
1771685303284000,1771685303128000,0,1771685303132000,0,-502.3947,12.354284,0.018188477,0.0060797054,12.3671665,1.0699966e-06,1.1395476e-06,0,0,0,1
1771685303332000,1771685303180000,0,1771685303180000,0,-502.29596,12.354216,-0.0,0.004572655,12.367069,3.181706e-07,1.0022263e-06,0,0,0,1
1771685303388000,1771685303232000,0,1771685303236000,0,-502.16928,12.354284,-0.0,-0.0009695762,12.3671665,9.522553e-06,1.0761482e-08,0,0,0,1
1771685303436000,1771685303284000,0,1771685303284000,0,-502.13217,12.354216,-0.0,-0.0027842612,12.367069,1.3240988e-06,-1.14986236e-07,0,0,0,1
1771685303492000,1771685303336000,0,1771685303340000,0,-502.04312,12.354284,-0.0,-0.0050029666,12.3671665,2.2434247e-06,-3.1549132e-07,0,0,0,1
1771685303540000,1771685303388000,0,1771685303388000,0,-502.0246,12.354216,0.026306152,-0.0020535565,12.367069,2.2382462e-06,-7.492184e-08,0,0,0,1
1771685303596000,1771685303440000,0,1771685303444000,0,-501.93045,12.354284,0.014770508,-0.00046868075,12.3671665,7.0563584e-07,-1.3910437e-09,0,0,0,1
1771685303644000,1771685303492000,0,1771685303492000,0,-501.83173,12.354216,-0.0,-0.001675087,12.367069,5.699961e-07,-5.4955294e-08,0,0,0,1
1771685303700000,1771685303544000,0,1771685303548000,0,-501.7755,12.354284,0.013092041,-0.00028398063,12.3671665,5.543761e-07,2.4454927e-09,0,0,0,1
1771685303748000,1771685303596000,0,1771685303596000,0,-501.71436,12.354216,0.022857666,0.0018960297,12.367069,1.6898842e-06,1.6140712e-07,0,0,0,1
1771685303804000,1771685303648000,0,1771685303652000,0,-501.61557,12.354284,0.006713867,0.002349884,12.3671665,1.4579253e-07,1.5993618e-07,0,0,0,1
1771685303852000,1771685303700000,0,1771685303700000,0,-501.5357,12.354216,-0.0,0.0019215293,12.367069,1.5615587e-08,1.433987e-07,0,0,0,1
1771685303908000,1771685303752000,0,1771685303756000,0,-501.4653,12.354284,0.009887695,0.0026719654,12.3671665,3.1621315e-07,1.5967832e-07,0,0,0,1
1771685303956000,1771685303804000,0,1771685303804000,0,-501.3854,12.354216,0.001159668,0.0025295026,12.367069,4.349712e-09,1.4504592e-07,0,0,0,1
1771685304012000,1771685303856000,0,1771685303860000,0,-501.3009,12.354284,-0.0,0.0022452185,12.3671665,7.7113405e-10,1.3130952e-07,0,0,0,1
1771685304060000,1771685303908000,0,1771685303908000,0,-501.21167,12.354216,-0.0,0.0003030561,12.367069,1.0916573e-06,1.610249e-08,0,0,0,1
1771685304116000,1771685303960000,0,1771685303964000,0,-501.14142,12.354284,-0.0,-0.00026308862,12.3671665,1.05335104e-07,4.6627155e-09,0,0,0,1
1771685304164000,1771685304012000,0,1771685304012000,0,-501.03818,12.354216,-0.0,-0.003805987,12.367069,4.6391337e-06,-4.3279638e-07,0,0,0,1
1771685304220000,1771685304064000,0,1771685304068000,0,-500.97745,12.354284,-0.0,-0.004945246,12.3671665,8.176461e-07,-4.6905035e-07,0,0,0,1
1771685304268000,1771685304116000,0,1771685304116000,0,-500.93063,12.354216,0.008300781,-0.0036974316,12.367069,2.228595e-07,-4.0387044e-07,0,0,0,1
1771685304324000,1771685304168000,0,1771685304172000,0,-500.84137,12.354284,0.0017089844,-0.0031881316,12.3671665,9.446392e-09,-3.649348e-07,0,0,0,1
1771685304372000,1771685304220000,0,1771685304220000,0,-500.77094,12.354216,0.002319336,-0.002669312,12.367069,1.7398849e-08,-3.2891785e-07,0,0,0,1
1771685304428000,1771685304272000,0,1771685304276000,0,-500.6629,12.354284,-0.0,-0.0045567397,12.3671665,1.6673846e-06,-4.550053e-07,0,0,0,1
1771685304476000,1771685304324000,0,1771685304324000,0,-500.59738,12.354216,-0.0,-0.005705771,12.367069,9.079e-07,-4.976693e-07,0,0,0,1
1771685304532000,1771685304376000,0,1771685304380000,0,-500.5224,12.354284,-0.0,-0.005984727,12.3671665,2.4295542e-07,-4.736745e-07,0,0,0,1
1771685304580000,1771685304428000,0,1771685304428000,0,-500.47552,12.354216,0.015960693,-0.0039174045,12.367069,8.239421e-07,-3.5143523e-07,0,0,0,1
1771685304636000,1771685304480000,0,1771685304484000,0,-500.3768,12.354284,0.0007019043,-0.0034822521,12.3671665,1.5934761e-09,-3.181789e-07,0,0,0,1
1771685304684000,1771685304532000,0,1771685304532000,0,-500.2688,12.354216,-0.0,-0.006514907,12.367069,4.1164453e-06,-6.759866e-07,0,0,0,1
1771685304740000,1771685304584000,0,1771685304588000,0,-500.17053,12.354284,-0.0,-0.010690674,12.3671665,8.360647e-06,-1.399904e-06,0,0,0,1
1771685304788000,1771685304636000,0,1771685304636000,0,-500.18503,12.354216,0.03540039,-0.0063487617,12.367069,4.0533055e-06,-8.8619583e-07,0,0,0,1
1771685304844000,1771685304688000,0,1771685304692000,0,-500.05325,12.354284,-0.0,-0.0069954977,12.3671665,5.647623e-07,-8.5591586e-07,0,0,0,1
1771685304892000,1771685304740000,0,1771685304740000,0,-500.00174,12.354216,0.006378174,-0.005735659,12.367069,1.315788e-07,-7.62891e-07,0,0,0,1
1771685304948000,1771685304792000,0,1771685304796000,0,-499.90778,12.354284,-0.0,-0.0056380695,12.3671665,7.1438336e-08,-6.977541e-07,0,0,0,1
1771685304996000,1771685304844000,0,1771685304844000,0,-499.84677,12.354216,0.005706787,-0.0045693507,12.367069,1.05335936e-07,-6.221007e-07,0,0,0,1
1771685305052000,1771685304896000,0,1771685304900000,0,-499.72464,12.354284,-0.0,-0.0073041087,12.3671665,3.6514432e-06,-9.074736e-07,0,0,0,1
1771685305100000,1771685304948000,0,1771685304948000,0,-499.6639,12.354216,-0.0,-0.008800922,12.367069,1.7398849e-06,-9.858892e-07,0,0,0,1
1771685305156000,1771685305000000,0,1771685305004000,0,-499.62186,12.354284,0.017730713,-0.006301565,12.3671665,1.0168155e-06,-7.972286e-07,0,0,0,1
1771685305204000,1771685305052000,0,1771685305052000,0,-499.5184,12.354216,-0.0,-0.007047617,12.367069,6.5413167e-07,-7.837485e-07,0,0,0,1
1771685305260000,1771685305104000,0,1771685305108000,0,-499.42932,12.354284,-0.0,-0.008301232,12.3671665,1.3401135e-06,-8.361597e-07,0,0,0,1
1771685305308000,1771685305156000,0,1771685305156000,0,-499.36847,12.354216,-0.0,-0.008453556,12.367069,3.181706e-07,-7.873636e-07,0,0,0,1
1771685305364000,1771685305208000,0,1771685305212000,0,-499.26056,12.354284,-0.0,-0.010963278,12.3671665,3.9836905e-06,-1.0884669e-06,0,0,0,1
1771685305412000,1771685305260000,0,1771685305260000,0,-499.27023,12.354216,0.045715332,-0.0056239883,12.367069,6.759537e-06,-3.4916206e-07,0,0,0,1
1771685305468000,1771685305312000,0,1771685305316000,0,-499.1572,12.354284,0.01574707,-0.0036107725,12.3671665,8.020276e-07,-2.4071664e-07,0,0,0,1
1771685305516000,1771685305364000,0,1771685305364000,0,-499.07254,12.354216,0.0022888184,-0.003055014,12.367069,1.6943996e-08,-2.1644426e-07,0,0,0,1
1771685305572000,1771685305416000,0,1771685305420000,0,-498.988,12.354284,0.0005493164,-0.0027154756,12.3671665,9.759665e-10,-1.9596264e-07,0,0,0,1
1771685305620000,1771685305468000,0,1771685305468000,0,-498.9645,12.354216,0.04827881,0.0020883342,12.367069,7.5388707e-06,5.3268116e-07,0,0,0,1
1771685305676000,1771685305520000,0,1771685305524000,0,-498.81857,12.354284,-0.0,0.00051168166,12.3671665,6.940206e-07,4.171223e-07,0,0,0,1
1771685305724000,1771685305572000,0,1771685305572000,0,-498.70132,12.354216,-0.0,-0.005234462,12.367069,1.1833157e-05,-7.368896e-07,0,0,0,1
1771685305780000,1771685305624000,0,1771685305628000,0,-498.66898,12.354284,-0.0,-0.0056440616,12.3671665,2.9699504e-07,-6.9545024e-07,0,0,0,1
1771685305828000,1771685305676000,0,1771685305676000,0,-498.6456,12.354216,0.0385437,-0.001481446,12.367069,4.8050733e-06,-1.7728496e-07,0,0,0,1
1771685305884000,1771685305728000,0,1771685305732000,0,-498.5091,12.354284,-0.0,-0.0027131904,12.3671665,6.8537247e-07,-2.2514828e-07,0,0,0,1
1771685305932000,1771685305780000,0,1771685305780000,0,-498.52332,12.354216,0.07159424,0.004286785,12.367069,1.6578657e-05,1.3578191e-06,0,0,0,1
1771685305988000,1771685305832000,0,1771685305836000,0,-498.34897,12.354284,-0.0,0.0020746803,12.3671665,1.1917666e-06,1.1176407e-06,0,0,0,1
1771685306036000,1771685305884000,0,1771685305884000,0,-498.31625,12.354216,0.01965332,0.0037306393,12.367069,1.2492952e-06,1.130043e-06,0,0,0,1
1771685306092000,1771685305936000,0,1771685305940000,0,-498.25507,12.354284,0.042114258,0.0073464876,12.3671665,5.736514e-06,1.563986e-06,0,0,0,1
1771685306140000,1771685305988000,0,1771685305988000,0,-498.11386,12.354216,-0.0,0.004044068,12.367069,2.4835049e-06,1.1827005e-06,0,0,0,1
1771685306196000,1771685306040000,0,1771685306044000,0,-498.04837,12.354284,-0.0,0.0026971572,12.3671665,3.400701e-07,1.0392512e-06,0,0,0,1
1771685306244000,1771685306092000,0,1771685306092000,0,-497.91232,12.354216,-0.0,-0.0045887926,12.367069,1.8022136e-05,-7.5638684e-07,0,0,0,1
1771685306300000,1771685306144000,0,1771685306148000,0,-497.8707,12.354284,-0.0,-0.007221099,12.3671665,3.4229797e-06,-1.0075877e-06,0,0,0,1
1771685306348000,1771685306196000,0,1771685306196000,0,-497.84277,12.354216,0.0115356445,-0.0054541593,12.367069,4.3040464e-07,-8.7212464e-07,0,0,0,1
1771685306404000,1771685306248000,0,1771685306252000,0,-497.76755,12.354284,0.01965332,-0.0030889618,12.3671665,1.2492853e-06,-6.7228166e-07,0,0,0,1
1771685306452000,1771685306300000,0,1771685306300000,0,-497.6876,12.354216,0.010620117,-0.0017975267,12.367069,3.6479747e-07,-5.745858e-07,0,0,0,1
1771685306508000,1771685306352000,0,1771685306356000,0,-497.61707,12.354284,0.021911621,0.00043594383,12.3671665,1.5528832e-06,-3.7417203e-07,0,0,0,1
1771685306556000,1771685306404000,0,1771685306404000,0,-497.53238,12.354216,0.0067749023,0.0010330922,12.367069,1.4845652e-07,-3.249389e-07,0,0,0,1
1771685306612000,1771685306456000,0,1771685306460000,0,-497.4572,12.354284,0.011871338,0.0020540864,12.3671665,4.5581552e-07,-2.5138957e-07,0,0,0,1
1771685306660000,1771685306508000,0,1771685306508000,0,-497.3726,12.354216,-0.0,0.001463857,12.367069,5.7365597e-08,-2.3311195e-07,0,0,0,1
1771685306716000,1771685306560000,0,1771685306564000,0,-497.25525,12.354284,-0.0,-0.0026672017,12.3671665,5.8115825e-06,-7.586201e-07,0,0,0,1
1771685306764000,1771685306612000,0,1771685306612000,0,-497.19458,12.354216,-0.0,-0.005730639,12.367069,4.004534e-06,-1.0643946e-06,0,0,0,1
1771685306820000,1771685306664000,0,1771685306668000,0,-497.1667,12.354284,0.015594482,-0.0037217508,12.3671665,7.865597e-07,-8.9002936e-07,0,0,0,1
1771685306868000,1771685306716000,0,1771685306716000,0,-497.01163,12.354216,-0.0,-0.010247779,12.367069,1.7235174e-05,-2.4297894e-06,0,0,0,1
1771685306924000,1771685306768000,0,1771685306772000,0,-496.98877,12.354284,-0.0,-0.011087811,12.3671665,1.1879802e-06,-2.3128075e-06,0,0,0,1
1771685306972000,1771685306820000,0,1771685306820000,0,-496.9373,12.354216,-0.0,-0.01053203,12.367069,8.705449e-08,-2.103135e-06,0,0,0,1
1771685307028000,1771685306872000,0,1771685306876000,0,-496.8622,12.354284,-0.0,-0.010011356,12.3671665,8.101727e-08,-1.9126458e-06,0,0,0,1
1771685307076000,1771685306924000,0,1771685306924000,0,-496.8106,12.354216,0.0076293945,-0.008349546,12.367069,1.8826663e-07,-1.7147337e-06,0,0,0,1
1771685307132000,1771685306976000,0,1771685306980000,0,-496.7401,12.354284,0.010986328,-0.0065280506,12.3671665,3.9038662e-07,-1.5164252e-06,0,0,0,1
1771685307180000,1771685307028000,0,1771685307028000,0,-496.64142,12.354216,-0.0,-0.008212965,12.367069,1.9278502e-06,-1.5551826e-06,0,0,0,1
1771685307236000,1771685307080000,0,1771685307084000,0,-496.65103,12.354284,0.057800293,-0.001994324,12.3671665,1.0805624e-05,-3.9075871e-07,0,0,0,1
1771685307284000,1771685307132000,0,1771685307132000,0,-496.57074,12.354216,0.03942871,0.0019078462,12.367069,5.0282674e-06,1.197293e-07,0,0,0,1
1771685307340000,1771685307184000,0,1771685307188000,0,-496.48587,12.354284,0.025115967,0.0040941187,12.3671665,2.040279e-06,3.0065064e-07,0,0,0,1
1771685307388000,1771685307236000,0,1771685307236000,0,-496.4622,12.354216,0.061462402,0.009498378,12.367069,1.2218342e-05,1.4233318e-06,0,0,0,1
1771685307444000,1771685307288000,0,1771685307292000,0,-496.36307,12.354284,0.031402588,0.011561818,12.3671665,3.1894856e-06,1.5897086e-06,0,0,0,1
1771685307492000,1771685307340000,0,1771685307340000,0,-496.2971,12.354216,0.024475098,0.012778287,12.367069,1.9375016e-06,1.6224717e-06,0,0,0,1
1771685307548000,1771685307392000,0,1771685307396000,0,-496.24994,12.354284,0.045074463,0.01582068,12.3671665,6.571294e-06,2.088665e-06,0,0,0,1
1771685307596000,1771685307444000,0,1771685307444000,0,-496.1932,12.354216,0.046173096,0.018679965,12.367069,6.895586e-06,2.541491e-06,0,0,0,1
1771685307652000,1771685307496000,0,1771685307500000,0,-496.07544,12.354284,-0.0,0.016425785,12.3671665,8.9114174e-08,2.2936804e-06,0,0,0,1
1771685307700000,1771685307548000,0,1771685307548000,0,-496.02383,12.354216,-0.0,0.0148554295,12.367069,1.9278502e-10,2.0775908e-06,0,0,0,1
1771685307756000,1771685307600000,0,1771685307604000,0,-496.00507,12.354284,0.046417236,0.017828643,12.3671665,6.968645e-06,2.5383424e-06,0,0,0,1
1771685307804000,1771685307652000,0,1771685307652000,0,-495.90137,12.354216,-0.0,0.015982393,12.367069,1.0133263e-08,2.2982686e-06,0,0,0,1
1771685307860000,1771685307704000,0,1771685307708000,0,-495.8263,12.354284,-0.0,0.013295244,12.3671665,5.0883096e-07,2.0338316e-06,0,0,0,1
1771685307908000,1771685307756000,0,1771685307756000,0,-495.76065,12.354216,-0.0,0.009840663,12.367069,1.7674652e-06,1.6757384e-06,0,0,0,1
1771685307964000,1771685307808000,0,1771685307812000,0,-495.67636,12.354284,-0.0,0.0047364943,12.3671665,6.359473e-06,9.187982e-07,0,0,0,1
1771685308012000,1771685307860000,0,1771685307860000,0,-495.68143,12.354216,0.014953613,0.0056989766,12.367069,7.232451e-07,9.0037656e-07,0,0,0,1
1771685308068000,1771685307912000,0,1771685307916000,0,-495.64374,12.354284,0.0395813,0.00889079,12.3671665,5.067221e-06,1.2929054e-06,0,0,0,1
1771685308116000,1771685307964000,0,1771685307964000,0,-495.5589,12.354216,0.0079956055,0.008806461,12.367069,2.0677399e-07,1.1905886e-06,0,0,0,1
1771685308172000,1771685308016000,0,1771685308020000,0,-495.4978,12.354284,0.008056641,0.008735825,12.3671665,2.0994123e-07,1.0982087e-06,0,0,0,1
1771685308220000,1771685308068000,0,1771685308068000,0,-495.41788,12.354216,-0.0,0.006038487,12.367069,1.2805264e-06,8.7412496e-07,0,0,0,1
1771685308276000,1771685308120000,0,1771685308124000,0,-495.4087,12.354284,0.031066895,0.008396236,12.3671665,3.121659e-06,1.0858491e-06,0,0,0,1
1771685308324000,1771685308172000,0,1771685308172000,0,-495.36615,12.354216,0.040222168,0.011394331,12.367069,5.2326795e-06,1.4764926e-06,0,0,0,1
1771685308380000,1771685308224000,0,1771685308228000,0,-495.30008,12.354284,0.03387451,0.013512029,12.3671665,3.7113837e-06,1.6870258e-06,0,0,0,1
1771685308428000,1771685308276000,0,1771685308276000,0,-495.2059,12.354216,-0.0,0.011330706,12.367069,3.0079283e-07,1.4997676e-06,0,0,0,1
1771685308484000,1771685308328000,0,1771685308332000,0,-495.1825,12.354284,0.024932861,0.012612069,12.3671665,2.0106386e-06,1.5478931e-06,0,0,0,1
1771685308532000,1771685308380000,0,1771685308380000,0,-495.14005,12.354216,0.031951904,0.014433938,12.367069,3.3020733e-06,1.713142e-06,0,0,0,1
1771685308588000,1771685308432000,0,1771685308436000,0,-495.05057,12.354284,-0.0,0.013010973,12.3671665,1.4579252e-09,1.5516216e-06,0,0,0,1
1771685308636000,1771685308484000,0,1771685308484000,0,-495.00833,12.354216,0.0056152344,0.012314273,12.367069,1.0198328e-07,1.4150614e-06,0,0,0,1
1771685308692000,1771685308536000,0,1771685308540000,0,-494.98477,12.354284,0.03817749,0.014750663,12.3671665,4.714162e-06,1.7258462e-06,0,0,0,1
1771685308740000,1771685308588000,0,1771685308588000,0,-494.94223,12.354216,0.04360962,0.01746926,12.367069,6.151171e-06,2.1427247e-06,0,0,0,1
1771685308796000,1771685308640000,0,1771685308644000,0,-494.86203,12.354284,0.018737793,0.01758876,12.3671665,1.1356033e-06,2.047851e-06,0,0,0,1
1771685308844000,1771685308692000,0,1771685308692000,0,-494.81024,12.354216,0.014251709,0.0172744,12.367069,6.569421e-07,1.9168233e-06,0,0,0,1
1771685308900000,1771685308744000,0,1771685308748000,0,-494.7444,12.354284,0.0028381348,0.015914463,12.3671665,2.6052884e-08,1.7387072e-06,0,0,0,1
1771685308948000,1771685308796000,0,1771685308796000,0,-494.735,12.354216,0.03967285,0.018152572,12.367069,5.0907297e-06,2.0544774e-06,0,0,0,1
1771685309004000,1771685308848000,0,1771685308852000,0,-494.63135,12.354284,-0.0,0.015430601,12.3671665,3.7322886e-07,1.8257804e-06,0,0,0,1
1771685309052000,1771685308900000,0,1771685308900000,0,-494.61734,12.354216,0.0206604,0.015923264,12.367069,1.3806089e-06,1.7838439e-06,0,0,0,1
1771685309108000,1771685308952000,0,1771685308956000,0,-494.55145,12.354284,0.0071411133,0.015095959,12.3671665,1.6493834e-07,1.6313384e-06,0,0,0,1
1771685309156000,1771685309004000,0,1771685309004000,0,-494.542,12.354216,0.04272461,0.017698659,12.367069,5.9040417e-06,2.0338393e-06,0,0,0,1
1771685309212000,1771685309056000,0,1771685309060000,0,-494.4853,12.354284,0.037750244,0.019587576,12.3671665,4.60924e-06,2.2764495e-06,0,0,0,1
1771685309260000,1771685309108000,0,1771685309108000,0,-494.44272,12.354216,0.039215088,0.021436544,12.367069,4.973929e-06,2.5305599e-06,0,0,0,1
1771685309316000,1771685309160000,0,1771685309164000,0,-494.4236,12.354284,0.07107544,0.026112672,12.3671665,1.6339129e-05,3.8313674e-06,0,0,0,1
1771685309364000,1771685309212000,0,1771685309212000,0,-494.29156,12.354216,-0.0,0.022002622,12.367069,9.924694e-07,3.376948e-06,0,0,0,1
1771685309420000,1771685309264000,0,1771685309268000,0,-494.32455,12.354284,0.06561279,0.026110828,12.3671665,1.392409e-05,4.3705195e-06,0,0,0,1
1771685309468000,1771685309316000,0,1771685309316000,0,-494.2442,12.354216,0.027526855,0.026244221,12.367069,2.4507917e-06,4.1896756e-06,0,0,0,1
1771685309524000,1771685309368000,0,1771685309372000,0,-494.28622,12.354284,0.118499756,0.03493496,12.3671665,4.541765e-05,8.073471e-06,0,0,0,1
1771685309572000,1771685309420000,0,1771685309420000,0,-494.2101,12.354216,0.083862305,0.039544057,12.367069,2.274714e-05,9.455773e-06,0,0,0,1
1771685309628000,1771685309472000,0,1771685309476000,0,-494.14368,12.354284,0.06549072,0.04198831,12.3671665,1.3872328e-05,9.871825e-06,0,0,0,1
1771685309676000,1771685309524000,0,1771685309524000,0,-494.05862,12.354216,0.02142334,0.040051028,12.367069,1.4844568e-06,9.08171e-06,0,0,0,1
1771685309732000,1771685309576000,0,1771685309580000,0,-494.00677,12.354284,0.016601562,0.03784202,12.3671665,8.9143094e-07,8.310162e-06,0,0,0,1
1771685309780000,1771685309628000,0,1771685309628000,0,-493.97375,12.354216,0.023986816,0.03653682,12.367069,1.860966e-06,7.702629e-06,0,0,0,1
1771685309836000,1771685309680000,0,1771685309684000,0,-493.9501,12.354284,0.046569824,0.03748196,12.3671665,7.0145365e-06,7.637808e-06,0,0,0,1
1771685309884000,1771685309732000,0,1771685309732000,0,-493.84644,12.354216,-0.0,0.03227789,12.367069,1.0203269e-06,6.8221866e-06,0,0,0,1
1771685309940000,1771685309784000,0,1771685309788000,0,-493.88412,12.354284,0.06524658,0.035383634,12.3671665,1.3769092e-05,7.4766053e-06,0,0,0,1
1771685309988000,1771685309836000,0,1771685309836000,0,-493.7615,12.354216,-0.0,0.030290987,12.367069,1.1282262e-06,6.666005e-06,0,0,0,1
1771685310044000,1771685309888000,0,1771685309892000,0,-493.8415,12.354284,0.10586548,0.037410323,12.3671665,3.6249206e-05,9.452829e-06,0,0,0,1
1771685310092000,1771685309940000,0,1771685309940000,0,-493.74667,12.354216,0.04864502,0.038468663,12.367069,7.653674e-06,9.283343e-06,0,0,0,1
1771685310148000,1771685309992000,0,1771685309996000,0,-493.68994,12.354284,0.035827637,0.03821987,12.3671665,4.1517014e-06,8.799928e-06,0,0,0,1
1771685310196000,1771685310044000,0,1771685310044000,0,-493.7131,12.354216,0.096221924,0.04368383,12.367069,2.994617e-05,1.0791966e-05,0,0,0,1
1771685310252000,1771685310096000,0,1771685310100000,0,-493.63248,12.354284,0.058502197,0.045079764,12.3671665,1.10696565e-05,1.0818125e-05,0,0,0,1
1771685310300000,1771685310148000,0,1771685310148000,0,-493.55685,12.354216,0.019897461,0.042707518,12.367069,1.2805264e-06,9.919655e-06,0,0,0,1
1771685310356000,1771685310200000,0,1771685310204000,0,-493.5426,12.354284,0.04827881,0.043232348,12.3671665,7.538811e-06,9.695373e-06,0,0,0,1
1771685310404000,1771685310252000,0,1771685310252000,0,-493.4765,12.354216,0.018798828,0.04093064,12.367069,1.1430225e-06,8.889717e-06,0,0,0,1
1771685310460000,1771685310304000,0,1771685310308000,0,-493.46222,12.354284,0.046691895,0.041473366,12.3671665,7.051358e-06,8.716538e-06,0,0,0,1
1771685310508000,1771685310356000,0,1771685310356000,0,-493.42426,12.354216,0.04473877,0.04178098,12.367069,6.4738297e-06,8.505269e-06,0,0,0,1
1771685310564000,1771685310408000,0,1771685310412000,0,-493.40982,12.354284,0.071899414,0.044618223,12.3671665,1.6720162e-05,9.279136e-06,0,0,0,1
1771685310612000,1771685310460000,0,1771685310460000,0,-493.2965,12.354216,-0.0,0.039886087,12.367069,1.0198328e-07,8.395407e-06,0,0,0,1
1771685310668000,1771685310512000,0,1771685310516000,0,-493.2778,12.354284,0.016571045,0.03768974,12.3671665,8.8815665e-07,7.6882025e-06,0,0,0,1
1771685310716000,1771685310564000,0,1771685310564000,0,-493.26825,12.354216,0.041931152,0.038089294,12.367069,5.686785e-06,7.4996633e-06,0,0,0,1
1771685310772000,1771685310616000,0,1771685310620000,0,-493.20688,12.354284,0.02041626,0.036424443,12.3671665,1.3481622e-06,6.920174e-06,0,0,0,1
1771685310820000,1771685310668000,0,1771685310668000,0,-493.16446,12.354216,0.012329102,0.03415459,12.367069,4.9165004e-07,6.3145885e-06,0,0,0,1
1771685310876000,1771685310720000,0,1771685310724000,0,-493.18314,12.354284,0.07043457,0.03757227,12.3671665,1.6045806e-05,7.2312973e-06,0,0,0,1
1771685310924000,1771685310772000,0,1771685310772000,0,-493.14496,12.354216,0.06616211,0.040265515,12.367069,1.4158325e-05,7.883844e-06,0,0,0,1
1771685310980000,1771685310824000,0,1771685310828000,0,-493.10217,12.354284,0.06222534,0.042334195,12.3671665,1.2523461e-05,8.320909e-06,0,0,0,1
1771685311028000,1771685310876000,0,1771685310876000,0,-493.0594,12.354216,0.052490234,0.043290924,12.367069,8.911488e-06,8.3765435e-06,0,0,0,1
1771685311084000,1771685310928000,0,1771685310932000,0,-493.01666,12.354284,0.047729492,0.04370905,12.3671665,7.368234e-06,8.281558e-06,0,0,0,1
1771685311132000,1771685310980000,0,1771685310980000,0,-493.01627,12.354216,0.07980347,0.04710925,12.367069,2.0598553e-05,9.441855e-06,0,0,0,1
1771685311188000,1771685311032000,0,1771685311036000,0,-492.97806,12.354284,0.0791626,0.05012877,12.3671665,2.0268884e-05,1.0461792e-05,0,0,0,1
1771685311236000,1771685311084000,0,1771685311084000,0,-492.90225,12.354216,0.035247803,0.04872694,12.367069,4.018438e-06,9.85481e-06,0,0,0,1
1771685311292000,1771685311136000,0,1771685311140000,0,-492.89255,12.354284,0.06295776,0.050067525,12.3671665,1.282001e-05,1.013414e-05,0,0,0,1
1771685311340000,1771685311188000,0,1771685311188000,0,-492.82632,12.354216,0.02911377,0.04809362,12.367069,2.7415115e-06,9.437733e-06,0,0,0,1
1771685311396000,1771685311240000,0,1771685311244000,0,-492.7885,12.354284,0.028839111,0.04627979,12.3671665,2.6900077e-06,8.802078e-06,0,0,0,1
1771685311444000,1771685311292000,0,1771685311292000,0,-492.77887,12.354216,0.05166626,0.046787214,12.367069,8.633905e-06,8.786235e-06,0,0,0,1
1771685311500000,1771685311344000,0,1771685311348000,0,-492.74557,12.354284,0.056121826,0.04766656,12.3671665,1.0187166e-05,8.918207e-06,0,0,0,1
1771685311548000,1771685311396000,0,1771685311396000,0,-492.70285,12.354216,0.045562744,0.047468375,12.367069,6.714489e-06,8.71061e-06,0,0,0,1
1771685311604000,1771685311448000,0,1771685311452000,0,-492.67432,12.354284,0.05444336,0.04812544,12.3671665,9.586931e-06,8.793162e-06,0,0,0,1
1771685311652000,1771685311500000,0,1771685311500000,0,-492.6175,12.354216,0.029754639,0.046394855,12.367069,2.8635354e-06,8.234574e-06,0,0,0,1
1771685311708000,1771685311552000,0,1771685311556000,0,-492.57498,12.354284,0.024627686,0.044344325,12.3671665,1.9617198e-06,7.643653e-06,0,0,0,1
1771685311756000,1771685311604000,0,1771685311604000,0,-492.5748,12.354216,0.0569458,0.045531422,12.367069,1.0488578e-05,7.911653e-06,0,0,0,1
1771685311812000,1771685311656000,0,1771685311660000,0,-492.52734,12.354284,0.04736328,0.04570399,12.3671665,7.2556e-06,7.849851e-06,0,0,0,1
1771685311860000,1771685311708000,0,1771685311708000,0,-492.50348,12.354216,0.05593872,0.04666813,12.367069,1.012088e-05,8.063788e-06,0,0,0,1
1771685311916000,1771685311760000,0,1771685311764000,0,-492.48892,12.354284,0.07876587,0.04969183,12.3671665,2.0066236e-05,9.194454e-06,0,0,0,1
1771685311964000,1771685311812000,0,1771685311812000,0,-492.42722,12.354216,0.049316406,0.049656466,12.367069,7.866401e-06,9.0693475e-06,0,0,0,1
1771685312020000,1771685311864000,0,1771685311868000,0,-492.37515,12.354284,0.035308838,0.04830488,12.3671665,4.0323353e-06,8.594846e-06,0,0,0,1
1771685312068000,1771685311916000,0,1771685311916000,0,-492.30444,12.354216,-0.0,0.043521557,12.367069,1.9763478e-08,7.783325e-06,0,0,0,1
1771685312124000,1771685311968000,0,1771685311972000,0,-492.29977,12.354284,0.031188965,0.04235979,12.3671665,3.146239e-06,7.3464976e-06,0,0,0,1
1771685312172000,1771685312020000,0,1771685312020000,0,-492.276,12.354216,0.04019165,0.042155545,12.367069,5.2247424e-06,7.146622e-06,0,0,0,1
1771685312228000,1771685312072000,0,1771685312076000,0,-492.28036,12.354284,0.08288574,0.04599245,12.3671665,2.2220276e-05,8.566604e-06,0,0,0,1
1771685312276000,1771685312124000,0,1771685312124000,0,-492.19986,12.354216,0.03540039,0.044994645,12.367069,4.0533055e-06,8.141438e-06,0,0,0,1
1771685312332000,1771685312176000,0,1771685312180000,0,-492.12912,12.354284,0.0031433105,0.04105213,12.3671665,3.195688e-08,7.3775013e-06,0,0,0,1
1771685312380000,1771685312228000,0,1771685312228000,0,-492.13852,12.354216,0.045532227,0.041474167,12.367069,6.705497e-06,7.3141964e-06,0,0,0,1
1771685312436000,1771685312280000,0,1771685312284000,0,-492.10995,12.354284,0.05496216,0.042744774,12.3671665,9.770512e-06,7.5455887e-06,0,0,0,1
1771685312484000,1771685312332000,0,1771685312332000,0,-492.07663,12.354216,0.05456543,0.043858316,12.367069,9.630046e-06,7.741951e-06,0,0,0,1
1771685312540000,1771685312384000,0,1771685312388000,0,-492.01984,12.354284,0.036102295,0.043127675,12.3671665,4.2156e-06,7.4097584e-06,0,0,0,1
1771685312588000,1771685312436000,0,1771685312436000,0,-492.01483,12.354216,0.06399536,0.045093473,12.367069,1.3246166e-05,7.959565e-06,0,0,0,1
1771685312644000,1771685312488000,0,1771685312492000,0,-491.97202,12.354284,0.059753418,0.046474483,12.3671665,1.1548226e-05,8.297627e-06,0,0,0,1
1771685312692000,1771685312540000,0,1771685312540000,0,-491.9293,12.354216,0.05026245,0.04683132,12.367069,8.1711005e-06,8.285708e-06,0,0,0,1
1771685312748000,1771685312592000,0,1771685312596000,0,-491.93356,12.354284,0.09295654,0.05117645,12.3671665,2.7947934e-05,1.0137946e-05,0,0,0,1
1771685312796000,1771685312644000,0,1771685312644000,0,-491.85294,12.354216,0.045196533,0.050613124,12.367069,6.606987e-06,9.80532e-06,0,0,0,1
1771685312852000,1771685312696000,0,1771685312700000,0,-491.81033,12.354284,0.04071045,0.049680263,12.3671665,5.360454e-06,9.3866e-06,0,0,0,1
1771685312900000,1771685312748000,0,1771685312748000,0,-491.78647,12.354216,0.049621582,0.049674734,12.367069,7.964058e-06,9.2525925e-06,0,0,0,1
1771685312956000,1771685312800000,0,1771685312804000,0,-491.72034,12.354284,0.02166748,0.04703637,12.3671665,1.5184713e-06,8.524015e-06,0,0,0,1
1771685313004000,1771685312852000,0,1771685312852000,0,-491.692,12.354216,0.026184082,0.045072023,12.367069,2.2175218e-06,7.929925e-06,0,0,0,1
1771685313060000,1771685312904000,0,1771685312908000,0,-491.70114,12.354284,0.07354736,0.04775448,12.3671665,1.7495404e-05,8.831021e-06,0,0,0,1
1771685313108000,1771685312956000,0,1771685312956000,0,-491.62543,12.354216,0.03048706,0.04612784,12.367069,3.0062445e-06,8.28231e-06,0,0,0,1
1771685313164000,1771685313008000,0,1771685313012000,0,-491.56415,12.354284,0.0074157715,0.04248105,12.3671665,1.778699e-07,7.518848e-06,0,0,0,1
1771685313212000,1771685313060000,0,1771685313060000,0,-491.60162,12.354216,0.07775879,0.045804314,12.367069,1.9556548e-05,8.652834e-06,0,0,0,1
1771685313268000,1771685313112000,0,1771685313116000,0,-491.52585,12.354284,0.040039062,0.04526121,12.3671665,5.1851052e-06,8.326164e-06,0,0,0,1
1771685313316000,1771685313164000,0,1771685313164000,0,-491.5208,12.354216,0.06793213,0.04739688,12.367069,1.4926008e-05,8.947888e-06,0,0,0,1
1771685313372000,1771685313216000,0,1771685313220000,0,-491.48267,12.354284,0.067840576,0.049322736,12.3671665,1.4885685e-05,9.5072455e-06,0,0,0,1
1771685313420000,1771685313268000,0,1771685313268000,0,-491.4023,12.354216,0.019958496,0.04655654,12.367069,1.2883944e-06,8.733006e-06,0,0,0,1
1771685313476000,1771685313320000,0,1771685313324000,0,-491.37866,12.354284,0.034454346,0.045416478,12.3671665,3.8395274e-06,8.272026e-06,0,0,0,1
1771685313524000,1771685313372000,0,1771685313372000,0,-491.30325,12.354216,-0.0,0.040373407,12.367069,2.131359e-07,7.4726995e-06,0,0,0,1
1771685313580000,1771685313424000,0,1771685313428000,0,-491.2892,12.354284,0.016479492,0.03812253,12.3671665,8.7836986e-07,6.8514946e-06,0,0,0,1
1771685313628000,1771685313476000,0,1771685313476000,0,-491.22803,12.354216,-0.0,0.03345896,12.367069,4.1909357e-07,6.166584e-06,0,0,0,1
1771685313684000,1771685313528000,0,1771685313532000,0,-491.18588,12.354284,-0.0,0.028924227,12.3671665,6.969154e-07,5.5200226e-06,0,0,0,1
1771685313732000,1771685313580000,0,1771685313580000,0,-491.20477,12.354216,0.03817749,0.029795911,12.367069,4.7141993e-06,5.4441116e-06,0,0,0,1
1771685313788000,1771685313632000,0,1771685313636000,0,-491.1669,12.354284,0.03945923,0.030706223,12.3671665,5.0360145e-06,5.4056677e-06,0,0,0,1
1771685313836000,1771685313684000,0,1771685313684000,0,-491.1572,12.354216,0.06314087,0.03376166,12.367069,1.2894791e-05,6.111165e-06,0,0,0,1
1771685313892000,1771685313736000,0,1771685313740000,0,-491.1238,12.354284,0.06829834,0.037015118,12.3671665,1.5087249e-05,6.956738e-06,0,0,0,1
1771685313940000,1771685313788000,0,1771685313788000,0,-491.0434,12.354216,0.020904541,0.035497453,12.367069,1.4134306e-06,6.4345427e-06,0,0,0,1
1771685313996000,1771685313840000,0,1771685313844000,0,-491.00568,12.354284,0.022033691,0.034229126,12.3671665,1.5702337e-06,5.9763106e-06,0,0,0,1
1771685314044000,1771685313892000,0,1771685313892000,0,-490.97733,12.354216,0.02670288,0.033520132,12.367069,2.3062662e-06,5.6305817e-06,0,0,0,1
1771685314100000,1771685313944000,0,1771685313948000,0,-490.97238,12.354284,0.06036377,0.03604888,12.3671665,1.178535e-05,6.2103786e-06,0,0,0,1
1771685314148000,1771685313996000,0,1771685313996000,0,-490.8827,12.354216,0.004058838,0.033035327,12.367069,5.3283976e-08,5.6303625e-06,0,0,0,1
1771685314204000,1771685314048000,0,1771685314052000,0,-490.90613,12.354284,0.06625366,0.03616459,12.3671665,1.4197424e-05,6.4374044e-06,0,0,0,1
1771685314252000,1771685314100000,0,1771685314100000,0,-490.8445,12.354216,0.03793335,0.03633121,12.367069,4.6540986e-06,6.2694116e-06,0,0,0,1
1771685314308000,1771685314152000,0,1771685314156000,0,-490.78317,12.354284,0.015350342,0.03435475,12.3671665,7.6212444e-07,5.750609e-06,0,0,0,1
1771685314356000,1771685314204000,0,1771685314204000,0,-490.83,12.354216,0.09527588,0.040093698,12.367069,2.9360208e-05,7.9747015e-06,0,0,0,1
1771685314412000,1771685314256000,0,1771685314260000,0,-490.75876,12.354284,0.062438965,0.042198688,12.3671665,1.2609596e-05,8.411322e-06,0,0,0,1
1771685314460000,1771685314308000,0,1771685314308000,0,-490.6831,12.354216,0.019714355,0.0400806,12.367069,1.2570669e-06,7.73737e-06,0,0,0,1
1771685314516000,1771685314360000,0,1771685314364000,0,-490.64072,12.354284,0.015930176,0.03780556,12.3671665,8.207878e-07,7.0858077e-06,0,0,0,1
1771685314564000,1771685314412000,0,1771685314412000,0,-490.62177,12.354216,0.030578613,0.03712476,12.367069,3.0243273e-06,6.7032042e-06,0,0,0,1
1771685314620000,1771685314464000,0,1771685314468000,0,-490.58395,12.354284,0.031677246,0.03661159,12.3671665,3.2455225e-06,6.3774805e-06,0,0,0,1
1771685314668000,1771685314516000,0,1771685314516000,0,-490.53674,12.354216,0.018157959,0.034873206,12.367069,1.0664176e-06,5.877163e-06,0,0,0,1
1771685314724000,1771685314568000,0,1771685314572000,0,-490.4427,12.354284,-0.0,0.028103737,12.3671665,4.4248154e-06,4.9066866e-06,0,0,0,1
1771685314772000,1771685314620000,0,1771685314620000,0,-490.443,12.354216,-0.0,0.025177423,12.367069,2.8342411e-08,4.4417925e-06,0,0,0,1
1771685314828000,1771685314672000,0,1771685314676000,0,-490.45242,12.354284,0.045715332,0.027112154,12.3671665,6.7594838e-06,4.660126e-06,0,0,0,1
1771685314876000,1771685314724000,0,1771685314724000,0,-490.4661,12.354216,0.09289551,0.033309136,12.367069,2.7911465e-05,6.8504696e-06,0,0,0,1
1771685314932000,1771685314776000,0,1771685314780000,0,-490.38553,12.354284,0.051361084,0.035009682,12.3671665,8.5321435e-06,7.008888e-06,0,0,0,1
1771685314980000,1771685314828000,0,1771685314828000,0,-490.3851,12.354216,0.08432007,0.039654866,12.367069,2.2996148e-05,8.514935e-06,0,0,0,1
1771685315036000,1771685314880000,0,1771685314884000,0,-490.29987,12.354284,0.037841797,0.03948407,12.3671665,4.6316236e-06,8.149116e-06,0,0,0,1
1771685315084000,1771685314932000,0,1771685314932000,0,-490.31833,12.354216,0.08956909,0.044202223,12.367069,2.5948339e-05,9.825855e-06,0,0,0,1
1771685315140000,1771685314984000,0,1771685314988000,0,-490.27063,12.354284,0.08053589,0.04762496,12.3671665,2.0978223e-05,1.0876441e-05,0,0,0,1
1771685315188000,1771685315036000,0,1771685315036000,0,-490.19012,12.354216,0.03338623,0.046283633,12.367069,3.6051886e-06,1.01914675e-05,0,0,0,1
1771685315244000,1771685315088000,0,1771685315092000,0,-490.15228,12.354284,0.034179688,0.045143407,12.3671665,3.7785567e-06,9.587353e-06,0,0,0,1
1771685315292000,1771685315140000,0,1771685315140000,0,-490.16138,12.354216,0.07662964,0.0481095,12.367069,1.8992701e-05,1.04733645e-05,0,0,0,1
1771685315348000,1771685315192000,0,1771685315196000,0,-490.1091,12.354284,0.06304932,0.049516875,12.3671665,1.2857323e-05,1.06979405e-05,0,0,0,1
1771685315396000,1771685315244000,0,1771685315244000,0,-490.0663,12.354216,0.053344727,0.04987747,12.367069,9.203991e-06,1.0557206e-05,0,0,0,1
1771685315452000,1771685315296000,0,1771685315300000,0,-490.00012,12.354284,0.026031494,0.047631107,12.3671665,2.1917347e-06,9.7691545e-06,0,0,0,1
1771685315500000,1771685315348000,0,1771685315348000,0,-489.95767,12.354216,0.016967773,0.044742532,12.367069,9.311999e-07,8.936593e-06,0,0,0,1
1771685315556000,1771685315400000,0,1771685315404000,0,-489.96222,12.354284,0.06048584,0.046225596,12.3671665,1.1833064e-05,9.209449e-06,0,0,0,1
1771685315604000,1771685315452000,0,1771685315452000,0,-489.91943,12.354216,0.051086426,0.0466835,12.367069,8.441201e-06,9.1370775e-06,0,0,0,1
1771685315660000,1771685315504000,0,1771685315508000,0,-489.86737,12.354284,0.037902832,0.045856338,12.3671665,4.6465766e-06,8.71406e-06,0,0,0,1
1771685315708000,1771685315556000,0,1771685315556000,0,-489.84357,12.354216,0.047332764,0.04599542,12.367069,7.2463104e-06,8.575794e-06,0,0,0,1
1771685315764000,1771685315608000,0,1771685315612000,0,-489.79153,12.354284,0.03375244,0.044842098,12.3671665,3.6846832e-06,8.115037e-06,0,0,0,1
1771685315812000,1771685315660000,0,1771685315660000,0,-489.76306,12.354216,0.038726807,0.04426602,12.367069,4.850836e-06,7.80754e-06,0,0,0,1
1771685315868000,1771685315712000,0,1771685315716000,0,-489.76276,12.354284,0.07711792,0.047360763,12.3671665,1.9235364e-05,8.884074e-06,0,0,0,1
1771685315916000,1771685315764000,0,1771685315764000,0,-489.72452,12.354216,0.072052,0.04968675,12.367069,1.6791339e-05,9.628961e-06,0,0,0,1
1771685315972000,1771685315816000,0,1771685315820000,0,-489.65817,12.354284,0.044555664,0.049203385,12.3671665,6.4208957e-06,9.326753e-06,0,0,0,1
1771685316020000,1771685315868000,0,1771685315868000,0,-489.5874,12.354216,0.0071105957,0.045238122,12.367069,1.6353292e-07,8.46355e-06,0,0,0,1
1771685316076000,1771685315920000,0,1771685315924000,0,-489.55917,12.354284,0.018035889,0.042675592,12.3671665,1.052119e-06,7.765372e-06,0,0,0,1
1771685316124000,1771685315972000,0,1771685315972000,0,-489.55902,12.354216,0.051483154,0.04350529,12.367069,8.572816e-06,7.841436e-06,0,0,0,1
1771685316180000,1771685316024000,0,1771685316028000,0,-489.49286,12.354284,0.024108887,0.04167809,12.3671665,1.8799404e-06,7.2798457e-06,0,0,0,1
1771685316228000,1771685316076000,0,1771685316076000,0,-489.45508,12.354216,0.01965332,0.039603293,12.367069,1.2492952e-06,6.7117503e-06,0,0,0,1
1771685316284000,1771685316128000,0,1771685316132000,0,-489.43616,12.354284,0.039611816,0.039604098,12.3671665,5.0750377e-06,6.5575673e-06,0,0,0,1
1771685316332000,1771685316180000,0,1771685316180000,0,-489.34662,12.354216,-0.0,0.034317985,12.367069,8.8163307e-07,5.856773e-06,0,0,0,1
1771685316388000,1771685316232000,0,1771685316236000,0,-489.31387,12.354284,-0.0,0.030090434,12.3671665,3.606136e-07,5.271077e-06,0,0,0,1
1771685316436000,1771685316284000,0,1771685316284000,0,-489.30457,12.354216,0.013580322,0.028535133,12.367069,5.96504e-07,4.830719e-06,0,0,0,1
1771685316492000,1771685316336000,0,1771685316340000,0,-489.32324,12.354284,0.07119751,0.032554053,12.3671665,1.6395301e-05,5.920136e-06,0,0,0,1
1771685316540000,1771685316388000,0,1771685316388000,0,-489.20526,12.354216,-0.0,0.028259808,12.367069,5.4922344e-07,5.3107037e-06,0,0,0,1
1771685316596000,1771685316440000,0,1771685316444000,0,-489.21478,12.354284,0.035614014,0.028952595,12.3671665,4.1023395e-06,5.1968723e-06,0,0,0,1
1771685316644000,1771685316492000,0,1771685316492000,0,-489.1722,12.354216,0.026641846,0.028734915,12.367069,2.2957354e-06,4.923577e-06,0,0,0,1
1771685316700000,1771685316544000,0,1771685316548000,0,-489.18607,12.354284,0.079589844,0.033525597,12.3671665,2.048826e-05,6.389815e-06,0,0,0,1
1771685316748000,1771685316596000,0,1771685316596000,0,-489.11026,12.354216,0.037200928,0.033871826,12.367069,4.47611e-06,6.2095387e-06,0,0,0,1
1771685316804000,1771685316648000,0,1771685316652000,0,-489.03485,12.354284,0.00061035156,0.030738499,12.3671665,1.204897e-09,5.6246954e-06,0,0,0,1
1771685316852000,1771685316700000,0,1771685316700000,0,-488.9832,12.354216,-0.0,0.026201308,12.367069,9.821223e-07,5.002314e-06,0,0,0,1
1771685316908000,1771685316752000,0,1771685316756000,0,-488.99744,12.354284,0.0357666,0.027102387,12.3671665,4.137568e-06,4.9208525e-06,0,0,0,1
1771685316956000,1771685316804000,0,1771685316804000,0,-488.9455,12.354216,0.01763916,0.026210923,12.367069,1.0063499e-06,4.552095e-06,0,0,0,1
1771685317012000,1771685316856000,0,1771685316860000,0,-488.93124,12.354284,0.04284668,0.02777806,12.3671665,5.9377803e-06,4.682631e-06,0,0,0,1
1771685317060000,1771685316908000,0,1771685316908000,0,-488.9121,12.354216,0.057373047,0.030565994,12.367069,1.0646553e-05,5.2444498e-06,0,0,0,1
1771685317116000,1771685316960000,0,1771685316964000,0,-488.81302,12.354284,-0.0,0.027436476,12.3671665,2.2799663e-08,4.7482595e-06,0,0,0,1
1771685317164000,1771685317012000,0,1771685317012000,0,-488.81775,12.354216,0.03527832,0.028175201,12.367069,4.0253994e-06,4.680164e-06,0,0,0,1
1771685317220000,1771685317064000,0,1771685317068000,0,-488.77518,12.354284,0.031433105,0.028482106,12.3671665,3.195688e-06,4.5403217e-06,0,0,0,1
1771685317268000,1771685317116000,0,1771685317116000,0,-488.76553,12.354216,0.05529785,0.031008227,12.367069,9.890306e-06,5.044306e-06,0,0,0,1
1771685317324000,1771685317168000,0,1771685317172000,0,-488.68054,12.354284,0.009033203,0.028938117,12.3671665,2.639206e-07,4.5939796e-06,0,0,0,1
1771685317372000,1771685317220000,0,1771685317220000,0,-488.68518,12.354216,0.04663086,0.030604824,12.367069,7.0329907e-06,4.8237416e-06,0,0,0,1
1771685317428000,1771685317272000,0,1771685317276000,0,-488.64722,12.354284,0.046966553,0.03214615,12.3671665,7.1345594e-06,5.0414274e-06,0,0,0,1
1771685317476000,1771685317324000,0,1771685317324000,0,-488.50598,12.354216,-0.0,0.023342326,12.367069,1.215775e-05,3.4212148e-06,0,0,0,1
1771685317532000,1771685317376000,0,1771685317380000,0,-488.5863,12.354284,0.057739258,0.026582617,12.3671665,1.07828155e-05,4.114699e-06,0,0,0,1
1771685317580000,1771685317428000,0,1771685317428000,0,-488.53888,12.354216,0.043395996,0.028166486,12.367069,6.091055e-06,4.3008777e-06,0,0,0,1
1771685317636000,1771685317480000,0,1771685317484000,0,-488.46338,12.354284,0.0064697266,0.026122589,12.3671665,1.3538222e-07,3.9084757e-06,0,0,0,1
1771685317684000,1771685317532000,0,1771685317532000,0,-488.39758,12.354216,-0.0,0.021232521,12.367069,2.1508333e-06,3.3376712e-06,0,0,0,1
1771685317740000,1771685317584000,0,1771685317588000,0,-488.4025,12.354284,0.018005371,0.020928515,12.3671665,1.0485616e-06,3.1220304e-06,0,0,0,1
1771685317788000,1771685317636000,0,1771685317636000,0,-488.3554,12.354216,0.004486084,0.01937959,12.367069,6.509206e-08,2.834058e-06,0,0,0,1
1771685317844000,1771685317688000,0,1771685317692000,0,-488.26617,12.354284,-0.0,0.013210086,12.3671665,6.877314e-06,1.9192187e-06,0,0,0,1
1771685317892000,1771685317740000,0,1771685317740000,0,-488.26187,12.354216,-0.0,0.0103356205,12.367069,9.684104e-07,1.6471956e-06,0,0,0,1
1771685317948000,1771685317792000,0,1771685317796000,0,-488.23856,12.354284,-0.0,0.009212483,12.3671665,8.145103e-09,1.4912578e-06,0,0,0,1
1771685317996000,1771685317844000,0,1771685317844000,0,-488.22446,12.354216,0.017822266,0.010023549,12.367069,1.0273515e-06,1.4475564e-06,0,0,0,1
1771685318052000,1771685317896000,0,1771685317900000,0,-488.15857,12.354284,-0.0,0.008202475,12.3671665,2.8021384e-07,1.2847954e-06,0,0,0,1
1771685318100000,1771685317948000,0,1771685317948000,0,-488.19153,12.354216,0.05670166,0.012771239,12.367069,1.0398837e-05,2.1433646e-06,0,0,0,1
1771685318156000,1771685318000000,0,1771685318004000,0,-488.07837,12.354284,-0.0,0.009869117,12.3671665,1.052119e-06,1.8423407e-06,0,0,0,1
1771685318204000,1771685318052000,0,1771685318052000,0,-488.0926,12.354216,0.02911377,0.01168202,12.367069,2.7415115e-06,1.927045e-06,0,0,0,1
1771685318260000,1771685318104000,0,1771685318108000,0,-488.09235,12.354284,0.06732178,0.016923446,12.3671665,1.46588845e-05,3.1264215e-06,0,0,0,1
1771685318308000,1771685318156000,0,1771685318156000,0,-488.09647,12.354216,0.09234619,0.024028488,12.367069,2.7582344e-05,5.4302404e-06,0,0,0,1
1771685318364000,1771685318208000,0,1771685318212000,0,-488.07693,12.354284,0.09811401,0.03100756,12.3671665,3.1135216e-05,7.851724e-06,0,0,0,1
1771685318412000,1771685318260000,0,1771685318260000,0,-488.12305,12.354216,0.1633606,0.0434756,12.367069,8.63153e-05,1.5243221e-05,0,0,0,1
1771685318468000,1771685318312000,0,1771685318316000,0,-488.1123,12.354284,0.17630005,0.05598805,12.3671665,0.00010052975,2.3277462e-05,0,0,0,1
1771685318516000,1771685318364000,0,1771685318364000,0,-488.0967,12.354216,0.17880249,0.06755753,12.367069,0.00010340471,3.0825682e-05,0,0,0,1
1771685318572000,1771685318416000,0,1771685318420000,0,-488.08115,12.354284,0.18536377,0.07865522,12.3671665,0.00011113209,3.839078e-05,0,0,0,1
1771685318620000,1771685318468000,0,1771685318468000,0,-488.07956,12.354216,0.20040894,0.09012477,12.367069,0.00012990544,4.7011727e-05,0,0,0,1
1771685318676000,1771685318520000,0,1771685318524000,0,-488.09195,12.354284,0.23345947,0.10362732,12.3671665,0.00017628395,5.9189544e-05,0,0,0,1
1771685318724000,1771685318572000,0,1771685318572000,0,-488.13226,12.354216,0.28845215,0.121038355,12.367069,0.00026911678,7.89653e-05,0,0,0,1
1771685318780000,1771685318624000,0,1771685318628000,0,-488.10165,12.354284,0.27667236,0.13569953,12.3671665,0.0002475833,9.48496e-05,0,0,0,1
1771685318828000,1771685318676000,0,1771685318676000,0,-488.0852,12.354216,0.27371216,0.14870071,12.367069,0.0002423156,0.000108741326,0,0,0,1
1771685318884000,1771685318728000,0,1771685318732000,0,-488.08762,12.354284,0.29370117,0.16236018,12.3671665,0.00027899802,0.00012478,0,0,0,1
1771685318932000,1771685318780000,0,1771685318780000,0,-488.08514,12.354216,0.3036499,0.17567007,12.367069,0.00029822186,0.00014111873,0,0,0,1
1771685318988000,1771685318832000,0,1771685318836000,0,-488.12015,12.354284,0.35488892,0.19255301,12.3671665,0.0004073565,0.0001661991,0,0,0,1
1771685319036000,1771685318884000,0,1771685318884000,0,-488.10776,12.354216,0.35385132,0.20774779,12.367069,0.0004049812,0.00018869307,0,0,0,1
1771685319092000,1771685318936000,0,1771685318940000,0,-488.0813,12.354284,0.3423462,0.22042735,12.3671665,0.00037907116,0.00020662724,0,0,0,1
1771685319140000,1771685318988000,0,1771685318988000,0,-488.0737,12.354216,0.34500122,0.23216256,12.367069,0.0003849767,0.00022342827,0,0,0,1
1771685319196000,1771685319040000,0,1771685319044000,0,-488.09897,12.354284,0.38409424,0.24647497,12.3671665,0.00047716146,0.00024733067,0,0,0,1
1771685319244000,1771685319092000,0,1771685319092000,0,-488.07227,12.354216,0.36624146,0.2577573,12.367069,0.0004338386,0.00026490027,0,0,0,1
1771685319300000,1771685319144000,0,1771685319148000,0,-488.01755,12.354284,0.32418823,0.2640153,12.3671665,0.0003399259,0.0002719679,0,0,0,1
1771685319348000,1771685319196000,0,1771685319196000,0,-488.04297,12.354216,0.35775757,0.27284607,12.367069,0.00041397192,0.0002853451,0,0,0,1
1771685319404000,1771685319248000,0,1771685319252000,0,-488.0071,12.354284,0.33364868,0.27857384,12.3671665,0.0003600548,0.00029238296,0,0,0,1
1771685319452000,1771685319300000,0,1771685319300000,0,-488.0418,12.354216,0.37564087,0.28771785,12.367069,0.0004563929,0.00030783316,0,0,0,1
1771685319508000,1771685319352000,0,1771685319356000,0,-488.04337,12.354284,0.38806152,0.29717052,12.3671665,0.0004870695,0.00032471775,0,0,0,1
1771685319556000,1771685319404000,0,1771685319404000,0,-488.00253,12.354216,0.35375977,0.30250138,12.367069,0.00040477165,0.00033225905,0,0,0,1
1771685319612000,1771685319456000,0,1771685319460000,0,-488.01834,12.354284,0.37945557,0.30975068,12.3671665,0.00046570576,0.00034483013,0,0,0,1
1771685319660000,1771685319508000,0,1771685319508000,0,-487.98227,12.354216,0.34921265,0.3134681,12.367069,0.0003944329,0.00034950286,0,0,0,1
1771685319716000,1771685319560000,0,1771685319564000,0,-487.9934,12.354284,0.3694458,0.31874135,12.3671665,0.00044145988,0.00035816547,0,0,0,1
1771685319764000,1771685319612000,0,1771685319612000,0,-488.01846,12.354216,0.39938354,0.32633808,12.367069,0.0005159095,0.00037302542,0,0,0,1
1771685319820000,1771685319664000,0,1771685319668000,0,-487.96344,12.354284,0.3524475,0.32879767,12.3671665,0.00040177107,0.00037573336,0,0,0,1
1771685319868000,1771685319716000,0,1771685319716000,0,-488.01215,12.354216,0.40527344,0.3360019,12.367069,0.00053123845,0.0003903824,0,0,0,1
1771685319924000,1771685319768000,0,1771685319772000,0,-488.0228,12.354284,0.4230957,0.3442064,12.3671665,0.0005789846,0.00040814927,0,0,0,1
1771685319972000,1771685319820000,0,1771685319820000,0,-488.0474,12.354216,0.45098877,0.3542656,12.367069,0.0006578466,0.00043167148,0,0,0,1
1771685320028000,1771685319872000,0,1771685319876000,0,-488.05298,12.354284,0.462677,0.36447826,12.3671665,0.00069238176,0.00045623115,0,0,0,1
1771685320076000,1771685319924000,0,1771685319924000,0,-488.00214,12.354216,0.41427612,0.36916935,12.367069,0.00055510225,0.0004655451,0,0,0,1
1771685320132000,1771685319976000,0,1771685319980000,0,-487.97516,12.354284,0.39263916,0.37138027,12.3671665,0.00049862836,0.00046866163,0,0,0,1
1771685320180000,1771685320028000,0,1771685320028000,0,-488.07047,12.354216,0.4895935,0.3825163,12.367069,0.0007752906,0.000497547,0,0,0,1
1771685320236000,1771685320080000,0,1771685320084000,0,-488.01468,12.354284,0.4380188,0.38774478,12.3671665,0.00062054786,0.000509134,0,0,0,1
1771685320284000,1771685320132000,0,1771685320132000,0,-488.02505,12.354216,0.44934082,0.3935473,12.367069,0.00065304775,0.0005226911,0,0,0,1
1771685320340000,1771685320184000,0,1771685320188000,0,-487.9884,12.354284,0.41641235,0.39570126,12.3671665,0.00056083745,0.0005262846,0,0,0,1
1771685320388000,1771685320236000,0,1771685320236000,0,-487.999,12.354216,0.42733765,0.3986815,12.367069,0.00059065723,0.0005323487,0,0,0,1
1771685320444000,1771685320288000,0,1771685320292000,0,-487.9907,12.354284,0.42236328,0.40091237,12.3671665,0.00057698175,0.00053655327,0,0,0,1
1771685320492000,1771685320340000,0,1771685320340000,0,-487.96838,12.354216,0.40039062,0.40086323,12.367069,0.0005185146,0.00053485396,0,0,0,1
1771685320548000,1771685320392000,0,1771685320396000,0,-487.9509,12.354284,0.38537598,0.3994043,12.3671665,0.0004803514,0.00052971963,0,0,0,1
1771685320596000,1771685320444000,0,1771685320444000,0,-487.94296,12.354216,0.37734985,0.3973267,12.367069,0.0004605551,0.00052320416,0,0,0,1
1771685320652000,1771685320496000,0,1771685320500000,0,-487.94446,12.354284,0.3812256,0.39580995,12.3671665,0.0004700606,0.0005181979,0,0,0,1
1771685320700000,1771685320548000,0,1771685320548000,0,-487.96942,12.354216,0.40563965,0.39673594,12.367069,0.00053219893,0.0005195168,0,0,0,1
1771685320756000,1771685320600000,0,1771685320604000,0,-487.92377,12.354284,0.36172485,0.3934378,12.3671665,0.0004232008,0.0005104436,0,0,0,1
1771685320804000,1771685320652000,0,1771685320652000,0,-487.93008,12.354216,0.36712646,0.3909592,12.367069,0.00043593784,0.0005034249,0,0,0,1
1771685320860000,1771685320704000,0,1771685320708000,0,-487.91293,12.354284,0.35101318,0.38719618,12.3671665,0.0003985076,0.0004935414,0,0,0,1
1771685320908000,1771685320756000,0,1771685320756000,0,-487.91934,12.354216,0.35653687,0.38430798,12.367069,0.0004111517,0.00048578007,0,0,0,1
1771685320964000,1771685320808000,0,1771685320812000,0,-487.93982,12.354284,0.37817383,0.3837301,12.3671665,0.00046256493,0.00048359315,0,0,0,1
1771685321012000,1771685320860000,0,1771685320860000,0,-487.93665,12.354216,0.37365723,0.3827812,12.367069,0.00045158548,0.00048057793,0,0,0,1
1771685321068000,1771685320912000,0,1771685320916000,0,-487.94757,12.354284,0.3850708,0.3829969,12.3671665,0.0004795909,0.00048048495,0,0,0,1
1771685321116000,1771685320964000,0,1771685320964000,0,-487.92554,12.354216,0.36068726,0.38089526,12.367069,0.00042077975,0.00047486054,0,0,0,1
1771685321172000,1771685321016000,0,1771685321020000,0,-487.9319,12.354284,0.36679077,0.37956658,12.3671665,0.0004351376,0.00047111852,0,0,0,1
1771685321220000,1771685321068000,0,1771685321068000,0,-487.93347,12.354216,0.3659668,0.37828544,12.367069,0.00043318816,0.00046754538,0,0,0,1
1771685321276000,1771685321120000,0,1771685321124000,0,-487.88815,12.354284,0.32006836,0.3728012,12.3671665,0.00033134106,0.00045471455,0,0,0,1
1771685321324000,1771685321172000,0,1771685321172000,0,-487.99344,12.354216,0.42260742,0.3774931,12.367069,0.0005776535,0.00046629575,0,0,0,1
1771685321380000,1771685321224000,0,1771685321228000,0,-487.92883,12.354284,0.35699463,0.3755621,12.3671665,0.00041220488,0.00046120022,0,0,0,1
1771685321428000,1771685321276000,0,1771685321276000,0,-487.9446,12.354216,0.36950684,0.3749917,12.367069,0.00044160924,0.0004593547,0,0,0,1
1771685321484000,1771685321328000,0,1771685321332000,0,-487.89453,12.354284,0.31802368,0.36962512,12.3671665,0.0003271212,0.0004468979,0,0,0,1
1771685321532000,1771685321380000,0,1771685321380000,0,-487.87308,12.354216,0.29299927,0.36240673,12.367069,0.00027766827,0.000430956,0,0,0,1
1771685321588000,1771685321432000,0,1771685321436000,0,-487.91757,12.354284,0.33538818,0.3598615,12.3671665,0.00036381892,0.0004246315,0,0,0,1
1771685321636000,1771685321484000,0,1771685321484000,0,-487.9382,12.354216,0.35235596,0.35915446,12.367069,0.00040156554,0.0004224586,0,0,0,1
1771685321692000,1771685321536000,0,1771685321540000,0,-487.91177,12.354284,0.3236084,0.35580593,12.3671665,0.00033871102,0.00041456934,0,0,0,1
1771685321740000,1771685321588000,0,1771685321588000,0,-487.91843,12.354216,0.32632446,0.35302868,12.367069,0.00034442326,0.00040796137,0,0,0,1
1771685321796000,1771685321640000,0,1771685321644000,0,-487.91568,12.354284,0.32122803,0.350033,12.3671665,0.00033374643,0.0004009701,0,0,0,1
1771685321844000,1771685321692000,0,1771685321692000,0,-487.91296,12.354216,0.3145752,0.34669277,12.367069,0.00032006792,0.0003933489,0,0,0,1
1771685321900000,1771685321744000,0,1771685321748000,0,-487.9103,12.354284,0.30917358,0.34315836,12.3671665,0.00030916798,0.0003854188,0,0,0,1
1771685321948000,1771685321796000,0,1771685321796000,0,-487.9077,12.354216,0.30218506,0.33929855,12.367069,0.0002953515,0.0003769342,0,0,0,1
1771685322004000,1771685321848000,0,1771685321852000,0,-487.88638,12.354284,0.277771,0.33350247,12.3671665,0.00024955344,0.00036493456,0,0,0,1
1771685322052000,1771685321900000,0,1771685321900000,0,-487.90753,12.354216,0.29473877,0.32985082,12.367069,0.00028097501,0.00035702533,0,0,0,1
1771685322108000,1771685321952000,0,1771685321956000,0,-487.9285,12.354284,0.3126526,0.3282307,12.3671665,0.00031616504,0.00035317618,0,0,0,1
1771685322156000,1771685322004000,0,1771685322004000,0,-487.9071,12.354216,0.28671265,0.3243196,12.367069,0.00026588075,0.00034495268,0,0,0,1
1771685322212000,1771685322056000,0,1771685322060000,0,-487.83896,12.354284,0.21520996,0.31404117,12.3671665,0.00014980094,0.0003265688,0,0,0,1
1771685322260000,1771685322108000,0,1771685322108000,0,-487.87936,12.354216,0.2514038,0.30814055,12.367069,0.00020442635,0.00031506264,0,0,0,1
1771685322316000,1771685322160000,0,1771685322164000,0,-487.81152,12.354284,0.18063354,0.29612902,12.3671665,0.000105532585,0.0002953243,0,0,0,1
1771685322364000,1771685322212000,0,1771685322212000,0,-487.9227,12.354216,0.28805542,0.29536846,12.367069,0.000268377,0.0002927858,0,0,0,1
1771685322420000,1771685322264000,0,1771685322268000,0,-487.9062,12.354284,0.26818848,0.29280803,12.3671665,0.00023263229,0.00028711915,0,0,0,1
1771685322468000,1771685322316000,0,1771685322316000,0,-487.86166,12.354216,0.21932983,0.28588617,12.367069,0.00015559248,0.00027472895,0,0,0,1
1771685322524000,1771685322368000,0,1771685322372000,0,-487.8786,12.354284,0.23324585,0.2809273,12.3671665,0.00017596148,0.00026542478,0,0,0,1
1771685322572000,1771685322420000,0,1771685322420000,0,-487.82968,12.354216,0.18011475,0.27143046,12.367069,0.00010492808,0.00025030551,0,0,0,1
1771685322628000,1771685322472000,0,1771685322476000,0,-487.88922,12.354284,0.23623657,0.2681151,12.3671665,0.00018050284,0.0002437299,0,0,0,1
1771685322676000,1771685322524000,0,1771685322524000,0,-487.84494,12.354216,0.18728638,0.2605008,12.367069,0.00011345028,0.00023145718,0,0,0,1
1771685322732000,1771685322576000,0,1771685322580000,0,-487.88565,12.354284,0.22451782,0.2571111,12.3671665,0.00016303896,0.00022501199,0,0,0,1
1771685322780000,1771685322628000,0,1771685322628000,0,-487.86026,12.354216,0.19433594,0.2511975,12.367069,0.00012215169,0.00021532224,0,0,0,1
1771685322836000,1771685322680000,0,1771685322684000,0,-487.8821,12.354284,0.21237183,0.24754,12.3671665,0.0001458759,0.0002087802,0,0,0,1
1771685322884000,1771685322732000,0,1771685322732000,0,-487.82864,12.354216,0.15435791,0.23876198,12.367069,7.70639e-05,0.00019637214,0,0,0,1
1771685322940000,1771685322784000,0,1771685322788000,0,-487.818,12.354284,0.13980103,0.22943957,12.3671665,6.321359e-05,0.00018382822,0,0,0,1
1771685322988000,1771685322836000,0,1771685322836000,0,-487.84497,12.354216,0.1619873,0.22308537,12.367069,8.487019e-05,0.00017450609,0,0,0,1
1771685323044000,1771685322888000,0,1771685322892000,0,-487.87177,12.354284,0.18487549,0.2194859,12.3671665,0.00011054738,0.000168481,0,0,0,1
1771685323092000,1771685322940000,0,1771685322940000,0,-487.8514,12.354216,0.16000366,0.21388249,12.367069,8.280433e-05,0.00016041001,0,0,0,1
1771685323148000,1771685322992000,0,1771685322996000,0,-487.8219,12.354284,0.1267395,0.20567337,12.3671665,5.195337e-05,0.00015019308,0,0,0,1
1771685323196000,1771685323044000,0,1771685323044000,0,-487.849,12.354216,0.14941406,0.20037358,12.367069,7.220648e-05,0.00014284652,0,0,0,1
1771685323252000,1771685323096000,0,1771685323100000,0,-487.87592,12.354284,0.1725769,0.19775505,12.3671665,9.632857e-05,0.0001384644,0,0,0,1
1771685323300000,1771685323148000,0,1771685323148000,0,-487.84628,12.354216,0.13876343,0.19219787,12.367069,6.227923e-05,0.00013128754,0,0,0,1
1771685323356000,1771685323200000,0,1771685323204000,0,-487.84042,12.354284,0.1289978,0.18624425,12.3671665,5.3821324e-05,0.00012399,0,0,0,1
1771685323404000,1771685323252000,0,1771685323252000,0,-487.8065,12.354216,0.090789795,0.17725216,12.367069,2.6660438e-05,0.000114821276,0,0,0,1
1771685323460000,1771685323304000,0,1771685323308000,0,-487.8339,12.354284,0.11450195,0.17134091,12.3671665,4.2404852e-05,0.00010799944,0,0,0,1
1771685323508000,1771685323356000,0,1771685323356000,0,-487.87985,12.354216,0.15618896,0.16991356,12.367069,7.890307e-05,0.00010525848,0,0,0,1
1771685323564000,1771685323408000,0,1771685323412000,0,-487.84097,12.354284,0.11331177,0.1645815,12.3671665,4.1527885e-05,9.9254874e-05,0,0,0,1
1771685323612000,1771685323460000,0,1771685323460000,0,-487.84473,12.354216,0.11260986,0.15968563,12.367069,4.1015315e-05,9.376854e-05,0,0,0,1
1771685323668000,1771685323512000,0,1771685323516000,0,-487.8203,12.354284,0.083984375,0.15255435,12.3671665,2.2813228e-05,8.708434e-05,0,0,0,1
1771685323716000,1771685323564000,0,1771685323564000,0,-487.88065,12.354216,0.13995361,0.15136732,12.367069,6.335216e-05,8.48487e-05,0,0,0,1
