timestamp,pub_timestamp,speed_up,speed_down,publisher_id,want_takeoff
1771684924788000,1771684924788000,3.0,1.5,14,0
1771684924804000,1771684924804000,3.0,1.5,14,0
1771684924828000,1771684924828000,3.0,1.5,14,0
1771684924844000,1771684924844000,3.0,1.5,14,0
1771684924868000,1771684924868000,3.0,1.5,14,0
1771684924884000,1771684924884000,3.0,1.5,14,0
1771684924908000,1771684924908000,3.0,1.5,14,0
1771684924924000,1771684924924000,3.0,1.5,14,0
1771684924948000,1771684924948000,3.0,1.5,14,0
1771684924964000,1771684924964000,3.0,1.5,14,0
1771684924988000,1771684924988000,3.0,1.5,14,0
1771684925004000,1771684925004000,3.0,1.5,14,0
1771684925028000,1771684925028000,3.0,1.5,14,0
1771684925044000,1771684925044000,3.0,1.5,14,0
1771684925068000,1771684925068000,3.0,1.5,14,0
1771684925084000,1771684925084000,3.0,1.5,14,0
1771684925108000,1771684925108000,3.0,1.5,14,0
1771684925124000,1771684925124000,3.0,1.5,14,0
1771684925148000,1771684925148000,3.0,1.5,14,0
1771684925164000,1771684925164000,3.0,1.5,14,0
1771684925188000,1771684925188000,3.0,1.5,14,0
1771684925204000,1771684925204000,3.0,1.5,14,0
1771684925228000,1771684925228000,3.0,1.5,14,0
1771684925244000,1771684925244000,3.0,1.5,14,0
1771684925268000,1771684925268000,3.0,1.5,14,0
1771684925284000,1771684925284000,3.0,1.5,14,0
1771684925308000,1771684925308000,3.0,1.5,14,0
1771684925324000,1771684925324000,3.0,1.5,14,0
1771684925348000,1771684925348000,3.0,1.5,14,0
1771684925364000,1771684925364000,3.0,1.5,14,0
1771684925388000,1771684925388000,3.0,1.5,14,0
1771684925404000,1771684925404000,3.0,1.5,14,0
1771684925428000,1771684925428000,3.0,1.5,14,0
1771684925444000,1771684925444000,3.0,1.5,14,0
1771684925468000,1771684925468000,3.0,1.5,14,0
1771684925484000,1771684925484000,3.0,1.5,14,0
1771684925508000,1771684925508000,3.0,1.5,14,0
1771684925524000,1771684925524000,3.0,1.5,14,0
1771684925548000,1771684925548000,3.0,1.5,14,0
1771684925564000,1771684925564000,3.0,1.5,14,0
1771684925588000,1771684925588000,3.0,1.5,14,0
1771684925604000,1771684925604000,3.0,1.5,14,0
1771684925628000,1771684925628000,3.0,1.5,14,0
1771684925644000,1771684925644000,3.0,1.5,14,0
1771684925668000,1771684925668000,3.0,1.5,14,0
1771684925684000,1771684925684000,3.0,1.5,14,0
1771684925708000,1771684925708000,3.0,1.5,14,0
1771684925724000,1771684925724000,3.0,1.5,14,0
1771684925748000,1771684925748000,3.0,1.5,14,0
1771684925764000,1771684925764000,3.0,1.5,14,0
1771684925788000,1771684925788000,3.0,1.5,14,0
1771684925804000,1771684925804000,3.0,1.5,14,0
1771684925828000,1771684925828000,3.0,1.5,14,0
1771684925844000,1771684925844000,3.0,1.5,14,0
1771684925868000,1771684925868000,3.0,1.5,14,0
1771684925884000,1771684925884000,3.0,1.5,14,0
1771684925908000,1771684925908000,3.0,1.5,14,0
1771684925924000,1771684925924000,3.0,1.5,14,0
1771684925948000,1771684925948000,3.0,1.5,14,0
1771684925964000,1771684925964000,3.0,1.5,14,0
1771684925988000,1771684925988000,3.0,1.5,14,0
1771684926004000,1771684926004000,3.0,1.5,14,0
1771684926028000,1771684926028000,3.0,1.5,14,0
1771684926044000,1771684926044000,3.0,1.5,14,0
1771684926068000,1771684926068000,3.0,1.5,14,0
1771684926084000,1771684926084000,3.0,1.5,14,0
1771684926108000,1771684926108000,3.0,1.5,14,0
1771684926124000,1771684926124000,3.0,1.5,14,0
1771684926148000,1771684926148000,3.0,1.5,14,0
1771684926164000,1771684926164000,3.0,1.5,14,0
1771684926188000,1771684926188000,3.0,1.5,14,0
1771684926204000,1771684926204000,3.0,1.5,14,0
1771684926228000,1771684926228000,3.0,1.5,14,0
1771684926244000,1771684926244000,3.0,1.5,14,0
1771684926268000,1771684926268000,3.0,1.5,14,0
1771684926284000,1771684926284000,3.0,1.5,14,0
1771684926308000,1771684926308000,3.0,1.5,14,0
1771684926324000,1771684926324000,3.0,1.5,14,0
1771684926348000,1771684926348000,3.0,1.5,14,0
1771684926364000,1771684926364000,3.0,1.5,14,0
1771684926388000,1771684926388000,3.0,1.5,14,0
1771684926404000,1771684926404000,3.0,1.5,14,0
1771684926428000,1771684926428000,3.0,1.5,14,0
1771684926444000,1771684926444000,3.0,1.5,14,0
1771684926468000,1771684926468000,3.0,1.5,14,0
1771684926484000,1771684926484000,3.0,1.5,14,0
1771684926508000,1771684926508000,3.0,1.5,14,0
1771684926524000,1771684926524000,3.0,1.5,14,0
1771684926548000,1771684926548000,3.0,1.5,14,0
1771684926564000,1771684926564000,3.0,1.5,14,0
1771684926588000,1771684926588000,3.0,1.5,14,0
1771684926604000,1771684926604000,3.0,1.5,14,0
1771684926628000,1771684926628000,3.0,1.5,14,0
1771684926644000,1771684926644000,3.0,1.5,14,0
1771684926668000,1771684926668000,3.0,1.5,14,0
1771684926684000,1771684926684000,3.0,1.5,14,0
1771684926708000,1771684926708000,3.0,1.5,14,0
1771684926724000,1771684926724000,3.0,1.5,14,0
1771684926748000,1771684926748000,3.0,1.5,14,0
1771684926764000,1771684926764000,3.0,1.5,14,0
1771684926788000,1771684926788000,3.0,1.5,14,0
1771684926804000,1771684926804000,3.0,1.5,14,0
1771684926828000,1771684926828000,3.0,1.5,14,0
1771684926844000,1771684926844000,3.0,1.5,14,0
1771684926868000,1771684926868000,3.0,1.5,14,0
1771684926884000,1771684926884000,3.0,1.5,14,0
1771684926908000,1771684926908000,3.0,1.5,14,0
1771684926924000,1771684926924000,3.0,1.5,14,0
1771684926948000,1771684926948000,3.0,1.5,14,0
1771684926964000,1771684926964000,3.0,1.5,14,0
1771684926988000,1771684926988000,3.0,1.5,14,0
1771684927004000,1771684927004000,3.0,1.5,14,0
1771684927028000,1771684927028000,3.0,1.5,14,0
1771684927044000,1771684927044000,3.0,1.5,14,0
1771684927068000,1771684927068000,3.0,1.5,14,0
1771684927084000,1771684927084000,3.0,1.5,14,0
1771684927108000,1771684927108000,3.0,1.5,14,0
1771684927124000,1771684927124000,3.0,1.5,14,0
1771684927148000,1771684927148000,3.0,1.5,14,0
1771684927164000,1771684927164000,3.0,1.5,14,0
1771684927188000,1771684927188000,3.0,1.5,14,0
1771684927204000,1771684927204000,3.0,1.5,14,0
1771684927228000,1771684927228000,3.0,1.5,14,0
1771684927244000,1771684927244000,3.0,1.5,14,0
1771684927268000,1771684927268000,3.0,1.5,14,0
1771684927284000,1771684927284000,3.0,1.5,14,0
1771684927308000,1771684927308000,3.0,1.5,14,0
1771684927324000,1771684927324000,3.0,1.5,14,0
1771684927348000,1771684927348000,3.0,1.5,14,0
1771684927364000,1771684927364000,3.0,1.5,14,0
1771684927388000,1771684927388000,3.0,1.5,14,0
1771684927404000,1771684927404000,3.0,1.5,14,0
1771684927428000,1771684927428000,3.0,1.5,14,0
1771684927444000,1771684927444000,3.0,1.5,14,0
1771684927468000,1771684927468000,3.0,1.5,14,0
1771684927484000,1771684927484000,3.0,1.5,14,0
1771684927508000,1771684927508000,3.0,1.5,14,0
1771684927524000,1771684927524000,3.0,1.5,14,0
1771684927548000,1771684927548000,3.0,1.5,14,0
1771684927564000,1771684927564000,3.0,1.5,14,0
1771684927588000,1771684927588000,3.0,1.5,14,0
1771684927604000,1771684927604000,3.0,1.5,14,0
1771684927628000,1771684927628000,3.0,1.5,14,0
1771684927644000,1771684927644000,3.0,1.5,14,0
1771684927668000,1771684927668000,3.0,1.5,14,0
1771684927684000,1771684927684000,3.0,1.5,14,0
1771684927708000,1771684927708000,3.0,1.5,14,0
1771684927724000,1771684927724000,3.0,1.5,14,0
1771684927748000,1771684927748000,3.0,1.5,14,0
1771684927764000,1771684927764000,3.0,1.5,14,0
1771684927788000,1771684927788000,3.0,1.5,14,0
1771684927804000,1771684927804000,3.0,1.5,14,0
1771684927828000,1771684927828000,3.0,1.5,14,0
1771684927844000,1771684927844000,3.0,1.5,14,0
1771684927868000,1771684927868000,3.0,1.5,14,0
1771684927884000,1771684927884000,3.0,1.5,14,0
1771684927908000,1771684927908000,3.0,1.5,14,0
1771684927924000,1771684927924000,3.0,1.5,14,0
1771684927948000,1771684927948000,3.0,1.5,14,0
1771684927964000,1771684927964000,3.0,1.5,14,0
1771684927988000,1771684927988000,3.0,1.5,14,0
1771684928004000,1771684928004000,3.0,1.5,14,0
1771684928028000,1771684928028000,3.0,1.5,14,0
1771684928044000,1771684928044000,3.0,1.5,14,0
1771684928068000,1771684928068000,3.0,1.5,14,0
1771684928084000,1771684928084000,3.0,1.5,14,0
1771684928108000,1771684928108000,3.0,1.5,14,0
1771684928124000,1771684928124000,3.0,1.5,14,0
1771684928148000,1771684928148000,3.0,1.5,14,0
1771684928164000,1771684928164000,3.0,1.5,14,0
1771684928188000,1771684928188000,3.0,1.5,14,0
1771684928204000,1771684928204000,3.0,1.5,14,0
1771684928228000,1771684928228000,3.0,1.5,14,0
1771684928244000,1771684928244000,3.0,1.5,14,0
1771684928268000,1771684928268000,3.0,1.5,14,0
1771684928284000,1771684928284000,3.0,1.5,14,0
1771684928308000,1771684928308000,3.0,1.5,14,0
1771684928324000,1771684928324000,3.0,1.5,14,0
1771684928348000,1771684928348000,3.0,1.5,14,0
1771684928364000,1771684928364000,3.0,1.5,14,0
1771684928388000,1771684928388000,3.0,1.5,14,0
1771684928404000,1771684928404000,3.0,1.5,14,0
1771684928428000,1771684928428000,3.0,1.5,14,0
1771684928444000,1771684928444000,3.0,1.5,14,0
1771684928468000,1771684928468000,3.0,1.5,14,0
1771684928484000,1771684928484000,3.0,1.5,14,0
1771684928508000,1771684928508000,3.6000001,1.8000001,14,0
1771684928524000,1771684928524000,3.6000001,1.8000001,14,0
1771684928548000,1771684928548000,3.6000001,1.8000001,14,0
1771684928564000,1771684928564000,3.6000001,1.8000001,14,0
1771684928588000,1771684928588000,3.6000001,1.8000001,14,0
1771684928604000,1771684928604000,3.6000001,1.8000001,14,0
1771684928628000,1771684928628000,3.6000001,1.8000001,14,0
1771684928644000,1771684928644000,3.6000001,1.8000001,14,0
1771684928668000,1771684928668000,3.6000001,1.8000001,14,0
1771684928684000,1771684928684000,3.6000001,1.8000001,14,0
1771684928708000,1771684928708000,3.6000001,1.8000001,14,0
1771684928724000,1771684928724000,3.6000001,1.8000001,14,0
1771684928748000,1771684928748000,3.6000001,1.8000001,14,0
1771684928764000,1771684928764000,3.6000001,1.8000001,14,0
1771684928788000,1771684928788000,3.6000001,1.8000001,14,0
1771684928804000,1771684928804000,3.6000001,1.8000001,14,0
1771684928828000,1771684928828000,3.6000001,1.8000001,14,0
1771684928844000,1771684928844000,3.6000001,1.8000001,14,0
1771684928868000,1771684928868000,3.6000001,1.8000001,14,0
1771684928884000,1771684928884000,3.6000001,1.8000001,14,0
1771684928908000,1771684928908000,3.6000001,1.8000001,14,0
1771684928924000,1771684928924000,3.6000001,1.8000001,14,0
1771684928948000,1771684928948000,3.6000001,1.8000001,14,0
1771684928964000,1771684928964000,3.6000001,1.8000001,14,0
1771684928988000,1771684928988000,3.6000001,1.8000001,14,0
1771684929004000,1771684929004000,3.6000001,1.8000001,14,0
1771684929028000,1771684929028000,3.6000001,1.8000001,14,0
1771684929044000,1771684929044000,3.6000001,1.8000001,14,0
1771684929068000,1771684929068000,3.6000001,1.8000001,14,0
1771684929084000,1771684929084000,3.6000001,1.8000001,14,0
1771684929108000,1771684929108000,3.6000001,1.8000001,14,0
1771684929124000,1771684929124000,3.6000001,1.8000001,14,0
1771684929148000,1771684929148000,3.6000001,1.8000001,14,0
1771684929164000,1771684929164000,3.6000001,1.8000001,14,0
1771684929188000,1771684929188000,3.6000001,1.8000001,14,0
1771684929204000,1771684929204000,3.6000001,1.8000001,14,0
1771684929228000,1771684929228000,3.6000001,1.8000001,14,0
1771684929244000,1771684929244000,3.6000001,1.8000001,14,0
1771684929268000,1771684929268000,3.6000001,1.8000001,14,0
1771684929284000,1771684929284000,3.6000001,1.8000001,14,0
1771684929308000,1771684929308000,3.6000001,1.8000001,14,0
1771684929324000,1771684929324000,3.6000001,1.8000001,14,0
1771684929348000,1771684929348000,3.6000001,1.8000001,14,0
1771684929364000,1771684929364000,3.6000001,1.8000001,14,0
1771684929388000,1771684929388000,3.6000001,1.8000001,14,0
1771684929404000,1771684929404000,3.6000001,1.8000001,14,0
1771684929428000,1771684929428000,3.6000001,1.8000001,14,0
1771684929444000,1771684929444000,3.6000001,1.8000001,14,0
1771684929468000,1771684929468000,3.6000001,1.8000001,14,0
1771684929484000,1771684929484000,3.6000001,1.8000001,14,0
1771684929508000,1771684929508000,3.6000001,1.8000001,14,0
1771684929524000,1771684929524000,3.6000001,1.8000001,14,0
1771684929548000,1771684929548000,3.6000001,1.8000001,14,0
1771684929564000,1771684929564000,3.6000001,1.8000001,14,0
1771684929588000,1771684929588000,3.6000001,1.8000001,14,0
1771684929604000,1771684929604000,3.6000001,1.8000001,14,0
1771684929628000,1771684929628000,3.6000001,1.8000001,14,0
1771684929644000,1771684929644000,3.6000001,1.8000001,14,0
1771684929668000,1771684929668000,3.6000001,1.8000001,14,0
1771684929684000,1771684929684000,3.6000001,1.8000001,14,0
1771684929708000,1771684929708000,3.6000001,1.8000001,14,0
1771684929724000,1771684929724000,3.6000001,1.8000001,14,0
1771684929748000,1771684929748000,3.6000001,1.8000001,14,0
1771684929764000,1771684929764000,3.6000001,1.8000001,14,0
1771684929788000,1771684929788000,3.6000001,1.8000001,14,0
1771684929804000,1771684929804000,3.6000001,1.8000001,14,0
1771684929828000,1771684929828000,3.6000001,1.8000001,14,0
1771684929844000,1771684929844000,3.6000001,1.8000001,14,0
1771684929868000,1771684929868000,3.6000001,1.8000001,14,0
1771684929884000,1771684929884000,3.6000001,1.8000001,14,0
1771684929908000,1771684929908000,3.6000001,1.8000001,14,0
1771684929924000,1771684929924000,3.6000001,1.8000001,14,0
1771684929948000,1771684929948000,3.6000001,1.8000001,14,0
1771684929964000,1771684929964000,3.6000001,1.8000001,14,0
1771684929988000,1771684929988000,3.6000001,1.8000001,14,0
1771684930004000,1771684930004000,3.6000001,1.8000001,14,0
1771684930028000,1771684930028000,3.6000001,1.8000001,14,0
1771684930044000,1771684930044000,3.6000001,1.8000001,14,0
1771684930068000,1771684930068000,3.6000001,1.8000001,14,0
1771684930084000,1771684930084000,3.6000001,1.8000001,14,0
1771684930108000,1771684930108000,3.6000001,1.8000001,14,0
1771684930124000,1771684930124000,3.6000001,1.8000001,14,0
1771684930148000,1771684930148000,3.6000001,1.8000001,14,0
1771684930164000,1771684930164000,3.6000001,1.8000001,14,0
1771684930188000,1771684930188000,3.6000001,1.8000001,14,0
1771684930204000,1771684930204000,3.6000001,1.8000001,14,0
1771684930228000,1771684930228000,3.6000001,1.8000001,14,0
1771684930244000,1771684930244000,3.6000001,1.8000001,14,0
1771684930268000,1771684930268000,3.6000001,1.8000001,14,0
1771684930284000,1771684930284000,3.6000001,1.8000001,14,0
1771684930308000,1771684930308000,3.6000001,1.8000001,14,0
1771684930324000,1771684930324000,3.6000001,1.8000001,14,0
1771684930348000,1771684930348000,3.6000001,1.8000001,14,0
1771684930364000,1771684930364000,3.6000001,1.8000001,14,0
1771684930388000,1771684930388000,3.6000001,1.8000001,14,0
1771684930404000,1771684930404000,3.6000001,1.8000001,14,0
1771684930428000,1771684930428000,3.6000001,1.8000001,14,0
1771684930444000,1771684930444000,3.6000001,1.8000001,14,0
1771684930468000,1771684930468000,3.6000001,1.8000001,14,0
1771684930484000,1771684930484000,3.6000001,1.8000001,14,0
1771684930508000,1771684930508000,3.6000001,1.8000001,14,0
1771684930524000,1771684930524000,3.6000001,1.8000001,14,0
1771684930548000,1771684930548000,3.6000001,1.8000001,14,0
1771684930564000,1771684930564000,3.6000001,1.8000001,14,0
1771684930588000,1771684930588000,3.6000001,1.8000001,14,0
1771684930604000,1771684930604000,3.6000001,1.8000001,14,0
1771684930628000,1771684930628000,3.6000001,1.8000001,14,0
1771684930644000,1771684930644000,3.6000001,1.8000001,14,0
1771684930668000,1771684930668000,3.6000001,1.8000001,14,0
1771684930684000,1771684930684000,3.6000001,1.8000001,14,0
1771684930708000,1771684930708000,3.6000001,1.8000001,14,0
1771684930724000,1771684930724000,3.6000001,1.8000001,14,0
1771684930748000,1771684930748000,3.6000001,1.8000001,14,0
1771684930764000,1771684930764000,3.6000001,1.8000001,14,0
1771684930788000,1771684930788000,3.6000001,1.8000001,14,0
1771684930804000,1771684930804000,3.6000001,1.8000001,14,0
1771684930828000,1771684930828000,3.6000001,1.8000001,14,0
1771684930844000,1771684930844000,3.6000001,1.8000001,14,0
1771684930868000,1771684930868000,3.6000001,1.8000001,14,0
1771684930884000,1771684930884000,3.6000001,1.8000001,14,0
1771684930908000,1771684930908000,3.6000001,1.8000001,14,0
1771684930924000,1771684930924000,3.6000001,1.8000001,14,0
1771684930948000,1771684930948000,3.6000001,1.8000001,14,0
1771684930964000,1771684930964000,3.6000001,1.8000001,14,0
1771684930988000,1771684930988000,3.6000001,1.8000001,14,0
1771684931004000,1771684931004000,3.6000001,1.8000001,14,0
1771684931028000,1771684931028000,3.6000001,1.8000001,14,0
1771684931044000,1771684931044000,3.6000001,1.8000001,14,0
1771684931068000,1771684931068000,3.6000001,1.8000001,14,0
1771684931084000,1771684931084000,3.6000001,1.8000001,14,0
1771684931108000,1771684931108000,3.6000001,1.8000001,14,0
1771684931124000,1771684931124000,3.6000001,1.8000001,14,0
1771684931148000,1771684931148000,3.6000001,1.8000001,14,0
1771684931164000,1771684931164000,3.6000001,1.8000001,14,0
1771684931188000,1771684931188000,3.6000001,1.8000001,14,0
1771684931204000,1771684931204000,3.6000001,1.8000001,14,0
1771684931228000,1771684931228000,3.6000001,1.8000001,14,0
1771684931244000,1771684931244000,3.6000001,1.8000001,14,0
1771684931268000,1771684931268000,3.6000001,1.8000001,14,0
1771684931284000,1771684931284000,3.6000001,1.8000001,14,0
1771684931308000,1771684931308000,3.6000001,1.8000001,14,0
1771684931324000,1771684931324000,3.6000001,1.8000001,14,0
1771684931348000,1771684931348000,3.6000001,1.8000001,14,0
1771684931364000,1771684931364000,3.6000001,1.8000001,14,0
1771684931388000,1771684931388000,3.6000001,1.8000001,14,0
1771684931404000,1771684931404000,3.6000001,1.8000001,14,0
1771684931428000,1771684931428000,3.6000001,1.8000001,14,0
1771684931444000,1771684931444000,3.6000001,1.8000001,14,0
1771684931468000,1771684931468000,3.6000001,1.8000001,14,0
1771684931484000,1771684931484000,3.6000001,1.8000001,14,0
1771684931508000,1771684931508000,3.6000001,1.8000001,14,0
1771684931524000,1771684931524000,3.6000001,1.8000001,14,0
1771684931548000,1771684931548000,3.6000001,1.8000001,14,0
1771684931564000,1771684931564000,3.6000001,1.8000001,14,0
1771684931588000,1771684931588000,3.6000001,1.8000001,14,0
1771684931604000,1771684931604000,3.6000001,1.8000001,14,0
1771684931628000,1771684931628000,3.6000001,1.8000001,14,0
1771684931644000,1771684931644000,3.6000001,1.8000001,14,0
1771684931668000,1771684931668000,3.6000001,1.8000001,14,0
1771684931684000,1771684931684000,3.6000001,1.8000001,14,0
1771684931708000,1771684931708000,3.6000001,1.8000001,14,0
1771684931724000,1771684931724000,3.6000001,1.8000001,14,0
1771684931748000,1771684931748000,3.6000001,1.8000001,14,0
1771684931764000,1771684931764000,3.6000001,1.8000001,14,0
1771684931788000,1771684931788000,3.6000001,1.8000001,14,0
1771684931804000,1771684931804000,3.6000001,1.8000001,14,0
1771684931828000,1771684931828000,3.6000001,1.8000001,14,0
1771684931844000,1771684931844000,3.6000001,1.8000001,14,0
1771684931868000,1771684931868000,3.6000001,1.8000001,14,0
1771684931884000,1771684931884000,3.6000001,1.8000001,14,0
1771684931908000,1771684931908000,3.6000001,1.8000001,14,0
1771684931924000,1771684931924000,3.6000001,1.8000001,14,0
1771684931948000,1771684931948000,3.6000001,1.8000001,14,0
1771684931964000,1771684931964000,3.6000001,1.8000001,14,0
1771684931988000,1771684931988000,3.6000001,1.8000001,14,0
1771684932004000,1771684932004000,3.6000001,1.8000001,14,0
1771684932028000,1771684932028000,3.6000001,1.8000001,14,0
1771684932044000,1771684932044000,3.6000001,1.8000001,14,0
1771684932068000,1771684932068000,3.6000001,1.8000001,14,0
1771684932084000,1771684932084000,3.6000001,1.8000001,14,0
1771684932108000,1771684932108000,3.6000001,1.8000001,14,0
1771684932124000,1771684932124000,3.6000001,1.8000001,14,0
1771684932148000,1771684932148000,3.6000001,1.8000001,14,0
1771684932164000,1771684932164000,3.6000001,1.8000001,14,0
1771684932188000,1771684932188000,3.6000001,1.8000001,14,0
1771684932204000,1771684932204000,3.6000001,1.8000001,14,0
1771684932228000,1771684932228000,3.6000001,1.8000001,14,0
1771684932244000,1771684932244000,3.6000001,1.8000001,14,0
1771684932268000,1771684932268000,3.6000001,1.8000001,14,0
1771684932284000,1771684932284000,3.6000001,1.8000001,14,0
1771684932308000,1771684932308000,3.6000001,1.8000001,14,0
1771684932324000,1771684932324000,3.6000001,1.8000001,14,0
1771684932348000,1771684932348000,3.6000001,1.8000001,14,0
1771684932364000,1771684932364000,3.6000001,1.8000001,14,0
1771684932388000,1771684932388000,3.6000001,1.8000001,14,0
1771684932404000,1771684932404000,3.6000001,1.8000001,14,0
1771684932428000,1771684932428000,3.6000001,1.8000001,14,0
1771684932444000,1771684932444000,3.6000001,1.8000001,14,0
1771684932468000,1771684932468000,3.6000001,1.8000001,14,0
1771684932484000,1771684932484000,3.6000001,1.8000001,14,0
1771684932508000,1771684932508000,3.6000001,1.8000001,14,0
1771684932524000,1771684932524000,3.6000001,1.8000001,14,0
1771684932548000,1771684932548000,3.6000001,1.8000001,14,0
1771684932564000,1771684932564000,3.6000001,1.8000001,14,0
1771684932588000,1771684932588000,3.6000001,1.8000001,14,0
1771684932604000,1771684932604000,3.6000001,1.8000001,14,0
1771684932628000,1771684932628000,3.6000001,1.8000001,14,0
1771684932644000,1771684932644000,3.6000001,1.8000001,14,0
1771684932668000,1771684932668000,3.6000001,1.8000001,14,0
1771684932684000,1771684932684000,3.6000001,1.8000001,14,0
1771684932708000,1771684932708000,3.6000001,1.8000001,14,0
1771684932724000,1771684932724000,3.6000001,1.8000001,14,0
1771684932748000,1771684932748000,3.6000001,1.8000001,14,0
1771684932764000,1771684932764000,3.6000001,1.8000001,14,0
1771684932788000,1771684932788000,3.6000001,1.8000001,14,0
1771684932804000,1771684932804000,3.6000001,1.8000001,14,0
1771684932828000,1771684932828000,3.6000001,1.8000001,14,0
1771684932844000,1771684932844000,3.6000001,1.8000001,14,0
1771684932868000,1771684932868000,3.6000001,1.8000001,14,0
1771684932884000,1771684932884000,3.6000001,1.8000001,14,0
1771684932908000,1771684932908000,3.6000001,1.8000001,14,0
1771684932924000,1771684932924000,3.6000001,1.8000001,14,0
1771684932948000,1771684932948000,3.6000001,1.8000001,14,0
1771684932964000,1771684932964000,3.6000001,1.8000001,14,0
1771684932988000,1771684932988000,3.6000001,1.8000001,14,0
1771684933004000,1771684933004000,3.6000001,1.8000001,14,0
1771684933028000,1771684933028000,3.6000001,1.8000001,14,0
1771684933044000,1771684933044000,3.6000001,1.8000001,14,0
1771684933068000,1771684933068000,3.6000001,1.8000001,14,0
1771684933084000,1771684933084000,3.6000001,1.8000001,14,0
1771684933108000,1771684933108000,3.6000001,1.8000001,14,0
1771684933124000,1771684933124000,3.6000001,1.8000001,14,0
1771684933148000,1771684933148000,3.6000001,1.8000001,14,0
1771684933164000,1771684933164000,3.6000001,1.8000001,14,0
1771684933188000,1771684933188000,3.6000001,1.8000001,14,0
1771684933204000,1771684933204000,3.6000001,1.8000001,14,0
1771684933228000,1771684933228000,3.6000001,1.8000001,14,0
1771684933244000,1771684933244000,3.6000001,1.8000001,14,0
1771684933268000,1771684933268000,3.6000001,1.8000001,14,0
1771684933284000,1771684933284000,3.6000001,1.8000001,14,0
1771684933308000,1771684933308000,3.6000001,1.8000001,14,0
1771684933324000,1771684933324000,3.6000001,1.8000001,14,0
1771684933348000,1771684933348000,3.6000001,1.8000001,14,0
1771684933364000,1771684933364000,3.6000001,1.8000001,14,0
1771684933388000,1771684933388000,3.6000001,1.8000001,14,0
1771684933404000,1771684933404000,3.6000001,1.8000001,14,0
1771684933428000,1771684933428000,3.6000001,1.8000001,14,0
1771684933444000,1771684933444000,3.6000001,1.8000001,14,0
1771684933468000,1771684933468000,3.6000001,1.8000001,14,0
1771684933484000,1771684933484000,3.6000001,1.8000001,14,0
1771684933508000,1771684933508000,3.6000001,1.8000001,14,0
1771684933524000,1771684933524000,3.6000001,1.8000001,14,0
1771684933548000,1771684933548000,3.6000001,1.8000001,14,0
1771684933564000,1771684933564000,3.6000001,1.8000001,14,0
1771684933588000,1771684933588000,3.6000001,1.8000001,14,0
1771684933604000,1771684933604000,3.6000001,1.8000001,14,0
1771684933628000,1771684933628000,3.6000001,1.8000001,14,0
1771684933644000,1771684933644000,3.6000001,1.8000001,14,0
1771684933668000,1771684933668000,3.6000001,1.8000001,14,0
1771684933684000,1771684933684000,3.6000001,1.8000001,14,0
1771684933708000,1771684933708000,3.6000001,1.8000001,14,0
1771684933724000,1771684933724000,3.6000001,1.8000001,14,0
1771684933748000,1771684933748000,3.6000001,1.8000001,14,0
1771684933764000,1771684933764000,3.6000001,1.8000001,14,0
1771684933788000,1771684933788000,3.6000001,1.8000001,14,0
1771684933804000,1771684933804000,3.6000001,1.8000001,14,0
1771684933828000,1771684933828000,3.6000001,1.8000001,14,0
1771684933844000,1771684933844000,3.6000001,1.8000001,14,0
1771684933868000,1771684933868000,3.6000001,1.8000001,14,0
1771684933884000,1771684933884000,3.6000001,1.8000001,14,0
1771684933908000,1771684933908000,3.6000001,1.8000001,14,0
1771684933924000,1771684933924000,3.6000001,1.8000001,14,0
1771684933948000,1771684933948000,3.6000001,1.8000001,14,0
1771684933964000,1771684933964000,3.6000001,1.8000001,14,0
1771684933988000,1771684933988000,3.6000001,1.8000001,14,0
1771684934004000,1771684934004000,3.6000001,1.8000001,14,0
1771684934028000,1771684934028000,3.6000001,1.8000001,14,0
1771684934044000,1771684934044000,3.6000001,1.8000001,14,0
1771684934068000,1771684934068000,3.6000001,1.8000001,14,0
1771684934084000,1771684934084000,3.6000001,1.8000001,14,0
1771684934108000,1771684934108000,3.6000001,1.8000001,14,0
1771684934124000,1771684934124000,3.6000001,1.8000001,14,0
1771684934148000,1771684934148000,3.6000001,1.8000001,14,0
1771684934164000,1771684934164000,3.6000001,1.8000001,14,0
1771684934188000,1771684934188000,3.6000001,1.8000001,14,0
1771684934204000,1771684934204000,3.6000001,1.8000001,14,0
1771684934228000,1771684934228000,3.6000001,1.8000001,14,0
1771684934244000,1771684934244000,3.6000001,1.8000001,14,0
1771684934268000,1771684934268000,3.6000001,1.8000001,14,0
1771684934284000,1771684934284000,3.6000001,1.8000001,14,0
1771684934308000,1771684934308000,3.6000001,1.8000001,14,0
1771684934324000,1771684934324000,3.6000001,1.8000001,14,0
1771684934348000,1771684934348000,3.6000001,1.8000001,14,0
1771684934364000,1771684934364000,3.6000001,1.8000001,14,0
1771684934388000,1771684934388000,3.6000001,1.8000001,14,0
1771684934404000,1771684934404000,3.6000001,1.8000001,14,0
1771684934428000,1771684934428000,3.6000001,1.8000001,14,0
1771684934444000,1771684934444000,3.6000001,1.8000001,14,0
1771684934468000,1771684934468000,3.6000001,1.8000001,14,0
1771684934484000,1771684934484000,3.6000001,1.8000001,14,0
1771684934508000,1771684934508000,3.6000001,1.8000001,14,0
1771684934524000,1771684934524000,3.6000001,1.8000001,14,0
1771684934548000,1771684934548000,3.6000001,1.8000001,14,0
1771684934564000,1771684934564000,3.6000001,1.8000001,14,0
1771684934588000,1771684934588000,3.6000001,1.8000001,14,0
1771684934604000,1771684934604000,3.6000001,1.8000001,14,0
1771684934628000,1771684934628000,3.6000001,1.8000001,14,0
1771684934644000,1771684934644000,3.6000001,1.8000001,14,0
1771684934668000,1771684934668000,3.6000001,1.8000001,14,0
1771684934684000,1771684934684000,3.6000001,1.8000001,14,0
1771684934708000,1771684934708000,3.6000001,1.8000001,14,0
1771684934724000,1771684934724000,3.6000001,1.8000001,14,0
1771684934748000,1771684934748000,3.6000001,1.8000001,14,0
1771684934764000,1771684934764000,3.6000001,1.8000001,14,0
1771684934788000,1771684934788000,3.6000001,1.8000001,14,0
1771684934804000,1771684934804000,3.6000001,1.8000001,14,0
1771684934828000,1771684934828000,3.6000001,1.8000001,14,0
1771684934844000,1771684934844000,3.6000001,1.8000001,14,0
1771684934868000,1771684934868000,3.6000001,1.8000001,14,0
1771684934884000,1771684934884000,3.6000001,1.8000001,14,0
1771684934908000,1771684934908000,3.6000001,1.8000001,14,0
1771684934924000,1771684934924000,3.6000001,1.8000001,14,0
1771684934948000,1771684934948000,3.6000001,1.8000001,14,0
1771684934964000,1771684934964000,3.6000001,1.8000001,14,0
1771684934988000,1771684934988000,3.6000001,1.8000001,14,0
1771684935004000,1771684935004000,3.6000001,1.8000001,14,0
1771684935028000,1771684935028000,3.6000001,1.8000001,14,0
1771684935044000,1771684935044000,3.6000001,1.8000001,14,0
1771684935068000,1771684935068000,3.6000001,1.8000001,14,0
1771684935084000,1771684935084000,3.6000001,1.8000001,14,0
1771684935108000,1771684935108000,3.6000001,1.8000001,14,0
1771684935124000,1771684935124000,3.6000001,1.8000001,14,0
1771684935148000,1771684935148000,3.6000001,1.8000001,14,0
1771684935164000,1771684935164000,3.6000001,1.8000001,14,0
1771684935188000,1771684935188000,3.6000001,1.8000001,14,0
1771684935204000,1771684935204000,3.6000001,1.8000001,14,0
1771684935228000,1771684935228000,3.6000001,1.8000001,14,0
1771684935244000,1771684935244000,3.6000001,1.8000001,14,0
1771684935268000,1771684935268000,3.6000001,1.8000001,14,0
1771684935284000,1771684935284000,3.6000001,1.8000001,14,0
1771684935308000,1771684935308000,3.6000001,1.8000001,14,0
1771684935324000,1771684935324000,3.6000001,1.8000001,14,0
1771684935348000,1771684935348000,3.6000001,1.8000001,14,0
1771684935364000,1771684935364000,3.6000001,1.8000001,14,0
1771684935388000,1771684935388000,3.6000001,1.8000001,14,0
1771684935404000,1771684935404000,3.6000001,1.8000001,14,0
1771684935428000,1771684935428000,3.6000001,1.8000001,14,0
1771684935444000,1771684935444000,3.6000001,1.8000001,14,0
1771684935468000,1771684935468000,3.6000001,1.8000001,14,0
1771684935484000,1771684935484000,3.6000001,1.8000001,14,0
1771684935508000,1771684935508000,3.6000001,1.8000001,14,0
1771684935524000,1771684935524000,3.6000001,1.8000001,14,0
1771684935548000,1771684935548000,3.6000001,1.8000001,14,0
1771684935564000,1771684935564000,3.6000001,1.8000001,14,0
1771684935588000,1771684935588000,3.6000001,1.8000001,14,0
1771684935604000,1771684935604000,3.6000001,1.8000001,14,0
1771684935628000,1771684935628000,3.6000001,1.8000001,14,0
1771684935644000,1771684935644000,3.6000001,1.8000001,14,0
1771684935668000,1771684935668000,3.6000001,1.8000001,14,0
1771684935684000,1771684935684000,3.6000001,1.8000001,14,0
1771684935708000,1771684935708000,3.6000001,1.8000001,14,0
1771684935724000,1771684935724000,3.6000001,1.8000001,14,0
1771684935748000,1771684935748000,3.6000001,1.8000001,14,0
1771684935764000,1771684935764000,3.6000001,1.8000001,14,0
1771684935788000,1771684935788000,3.6000001,1.8000001,14,0
1771684935804000,1771684935804000,3.6000001,1.8000001,14,0
1771684935828000,1771684935828000,3.6000001,1.8000001,14,0
1771684935844000,1771684935844000,3.6000001,1.8000001,14,0
1771684935868000,1771684935868000,3.6000001,1.8000001,14,0
1771684935884000,1771684935884000,3.6000001,1.8000001,14,0
1771684935908000,1771684935908000,3.6000001,1.8000001,14,0
1771684935924000,1771684935924000,3.6000001,1.8000001,14,0
1771684935948000,1771684935948000,3.6000001,1.8000001,14,0
1771684935964000,1771684935964000,3.6000001,1.8000001,14,0
1771684935988000,1771684935988000,3.6000001,1.8000001,14,0
1771684936004000,1771684936004000,3.6000001,1.8000001,14,0
1771684936028000,1771684936028000,3.6000001,1.8000001,14,0
1771684936044000,1771684936044000,3.6000001,1.8000001,14,0
1771684936068000,1771684936068000,3.6000001,1.8000001,14,0
1771684936084000,1771684936084000,3.6000001,1.8000001,14,0
1771684936108000,1771684936108000,3.6000001,1.8000001,14,0
1771684936124000,1771684936124000,3.6000001,1.8000001,14,0
1771684936148000,1771684936148000,3.6000001,1.8000001,14,0
1771684936164000,1771684936164000,3.6000001,1.8000001,14,0
1771684936188000,1771684936188000,3.6000001,1.8000001,14,0
1771684936204000,1771684936204000,3.6000001,1.8000001,14,0
1771684936228000,1771684936228000,3.6000001,1.8000001,14,0
1771684936244000,1771684936244000,3.6000001,1.8000001,14,0
1771684936268000,1771684936268000,3.6000001,1.8000001,14,0
1771684936284000,1771684936284000,3.6000001,1.8000001,14,0
1771684936308000,1771684936308000,3.6000001,1.8000001,14,0
1771684936324000,1771684936324000,3.6000001,1.8000001,14,0
1771684936348000,1771684936348000,3.6000001,1.8000001,14,0
1771684936364000,1771684936364000,3.6000001,1.8000001,14,0
1771684936388000,1771684936388000,3.6000001,1.8000001,14,0
1771684936404000,1771684936404000,3.6000001,1.8000001,14,0
1771684936428000,1771684936428000,3.6000001,1.8000001,14,0
1771684936444000,1771684936444000,3.6000001,1.8000001,14,0
1771684936468000,1771684936468000,3.6000001,1.8000001,14,0
1771684936484000,1771684936484000,3.6000001,1.8000001,14,1
1771684936508000,1771684936508000,3.6000001,1.8000001,14,1
1771684936524000,1771684936524000,3.6000001,1.8000001,14,1
1771684936548000,1771684936548000,3.6000001,1.8000001,14,1
1771684936564000,1771684936564000,3.6000001,1.8000001,14,1
1771684936588000,1771684936588000,3.6000001,1.8000001,14,1
1771684936604000,1771684936604000,3.6000001,1.8000001,14,1
1771684936628000,1771684936628000,3.6000001,1.8000001,14,1
1771684936644000,1771684936644000,3.6000001,1.8000001,14,1
1771684936668000,1771684936668000,3.6000001,1.8000001,14,1
1771684936684000,1771684936684000,3.6000001,1.8000001,14,1
1771684936708000,1771684936708000,3.6000001,1.8000001,14,1
1771684936724000,1771684936724000,3.6000001,1.8000001,14,1
1771684936748000,1771684936748000,3.6000001,1.8000001,14,1
1771684936764000,1771684936764000,3.6000001,1.8000001,14,1
1771684936788000,1771684936788000,3.6000001,1.8000001,14,1
1771684936804000,1771684936804000,3.6000001,1.8000001,14,1
1771684936828000,1771684936828000,3.6000001,1.8000001,14,1
1771684936844000,1771684936844000,3.6000001,1.8000001,14,1
1771684936868000,1771684936868000,3.6000001,1.8000001,14,1
1771684936884000,1771684936884000,3.6000001,1.8000001,14,1
1771684936908000,1771684936908000,3.6000001,1.8000001,14,1
1771684936924000,1771684936924000,3.6000001,1.8000001,14,1
1771684936948000,1771684936948000,3.6000001,1.8000001,14,1
1771684936964000,1771684936964000,3.6000001,1.8000001,14,1
1771684936988000,1771684936988000,3.6000001,1.8000001,14,1
1771684937004000,1771684937004000,3.6000001,1.8000001,14,1
1771684937028000,1771684937028000,3.6000001,1.8000001,14,1
1771684937044000,1771684937044000,3.6000001,1.8000001,14,1
1771684937068000,1771684937068000,3.6000001,1.8000001,14,1
1771684937084000,1771684937084000,3.6000001,1.8000001,14,1
1771684937108000,1771684937108000,3.6000001,1.8000001,14,1
1771684937124000,1771684937124000,3.6000001,1.8000001,14,1
1771684937148000,1771684937148000,3.6000001,1.8000001,14,1
1771684937164000,1771684937164000,3.6000001,1.8000001,14,1
1771684937188000,1771684937188000,3.6000001,1.8000001,14,1
1771684937204000,1771684937204000,3.6000001,1.8000001,14,1
1771684937228000,1771684937228000,3.6000001,1.8000001,14,1
1771684937244000,1771684937244000,3.6000001,1.8000001,14,1
1771684937268000,1771684937268000,3.6000001,1.8000001,14,1
1771684937284000,1771684937284000,3.6000001,1.8000001,14,1
1771684937308000,1771684937308000,3.6000001,1.8000001,14,1
1771684937324000,1771684937324000,3.6000001,1.8000001,14,1
1771684937348000,1771684937348000,3.6000001,1.8000001,14,1
1771684937364000,1771684937364000,3.6000001,1.8000001,14,1
1771684937388000,1771684937388000,3.6000001,1.8000001,14,1
1771684937404000,1771684937404000,3.6000001,1.8000001,14,1
1771684937428000,1771684937428000,3.6000001,1.8000001,14,1
1771684937444000,1771684937444000,3.6000001,1.8000001,14,1
1771684937468000,1771684937468000,3.6000001,1.8000001,14,1
1771684937484000,1771684937484000,3.6000001,1.8000001,14,1
1771684937508000,1771684937508000,3.6000001,1.8000001,14,1
1771684937524000,1771684937524000,3.6000001,1.8000001,14,1
1771684937548000,1771684937548000,3.6000001,1.8000001,14,1
1771684937564000,1771684937564000,3.6000001,1.8000001,14,1
1771684937588000,1771684937588000,3.6000001,1.8000001,14,1
1771684937604000,1771684937604000,3.6000001,1.8000001,14,1
1771684937628000,1771684937628000,3.6000001,1.8000001,14,1
1771684937644000,1771684937644000,3.6000001,1.8000001,14,1
1771684937668000,1771684937668000,3.6000001,1.8000001,14,1
1771684937684000,1771684937684000,3.6000001,1.8000001,14,1
1771684937708000,1771684937708000,3.6000001,1.8000001,14,1
1771684937724000,1771684937724000,3.6000001,1.8000001,14,1
1771684937748000,1771684937748000,3.6000001,1.8000001,14,1
1771684937764000,1771684937764000,3.6000001,1.8000001,14,1
1771684937788000,1771684937788000,3.6000001,1.8000001,14,1
1771684937804000,1771684937804000,3.6000001,1.8000001,14,1
1771684937828000,1771684937828000,3.6000001,1.8000001,14,1
1771684937844000,1771684937844000,3.6000001,1.8000001,14,1
1771684937868000,1771684937868000,3.6000001,1.8000001,14,1
1771684937884000,1771684937884000,3.6000001,1.8000001,14,1
1771684937908000,1771684937908000,3.6000001,1.8000001,14,1
1771684937924000,1771684937924000,3.6000001,1.8000001,14,1
1771684937948000,1771684937948000,3.6000001,1.8000001,14,1
1771684937964000,1771684937964000,3.6000001,1.8000001,14,1
1771684937988000,1771684937988000,3.6000001,1.8000001,14,1
1771684938004000,1771684938004000,3.6000001,1.8000001,14,1
1771684938028000,1771684938028000,3.6000001,1.8000001,14,1
1771684938044000,1771684938044000,3.6000001,1.8000001,14,1
1771684938068000,1771684938068000,3.6000001,1.8000001,14,1
1771684938084000,1771684938084000,3.6000001,1.8000001,14,1
1771684938108000,1771684938108000,3.6000001,1.8000001,14,1
1771684938124000,1771684938124000,3.6000001,1.8000001,14,1
1771684938148000,1771684938148000,3.6000001,1.8000001,14,1
1771684938164000,1771684938164000,3.6000001,1.8000001,14,1
1771684938188000,1771684938188000,3.6000001,1.8000001,14,1
1771684938204000,1771684938204000,3.6000001,1.8000001,14,1
1771684938228000,1771684938228000,3.6000001,1.8000001,14,1
1771684938244000,1771684938244000,3.6000001,1.8000001,14,1
1771684938268000,1771684938268000,3.6000001,1.8000001,14,1
1771684938284000,1771684938284000,3.6000001,1.8000001,14,1
1771684938308000,1771684938308000,3.6000001,1.8000001,14,1
1771684938324000,1771684938324000,3.6000001,1.8000001,14,1
1771684938348000,1771684938348000,3.6000001,1.8000001,14,1
1771684938364000,1771684938364000,3.6000001,1.8000001,14,1
1771684938388000,1771684938388000,3.6000001,1.8000001,14,1
1771684938404000,1771684938404000,3.6000001,1.8000001,14,1
1771684938428000,1771684938428000,3.6000001,1.8000001,14,1
1771684938444000,1771684938444000,3.6000001,1.8000001,14,1
1771684938468000,1771684938468000,3.6000001,1.8000001,14,1
1771684938484000,1771684938484000,3.6000001,1.8000001,14,1
1771684938508000,1771684938508000,3.6000001,1.8000001,14,1
1771684938524000,1771684938524000,3.6000001,1.8000001,14,1
1771684938548000,1771684938548000,3.6000001,1.8000001,14,1
1771684938564000,1771684938564000,3.6000001,1.8000001,14,1
1771684938588000,1771684938588000,3.6000001,1.8000001,14,1
1771684938604000,1771684938604000,3.6000001,1.8000001,14,1
1771684938628000,1771684938628000,3.6000001,1.8000001,14,1
1771684938644000,1771684938644000,3.6000001,1.8000001,14,1
1771684938668000,1771684938668000,3.6000001,1.8000001,14,1
1771684938684000,1771684938684000,3.6000001,1.8000001,14,1
1771684938708000,1771684938708000,3.6000001,1.8000001,14,1
1771684938724000,1771684938724000,3.6000001,1.8000001,14,1
1771684938748000,1771684938748000,3.6000001,1.8000001,14,1
1771684938764000,1771684938764000,3.6000001,1.8000001,14,1
1771684938788000,1771684938788000,3.6000001,1.8000001,14,1
1771684938804000,1771684938804000,3.6000001,1.8000001,14,1
1771684938828000,1771684938828000,3.6000001,1.8000001,14,1
1771684938844000,1771684938844000,3.6000001,1.8000001,14,1
1771684938868000,1771684938868000,3.6000001,1.8000001,14,1
1771684938884000,1771684938884000,3.6000001,1.8000001,14,1
1771684938908000,1771684938908000,3.6000001,1.8000001,14,1
1771684938924000,1771684938924000,3.6000001,1.8000001,14,1
1771684938948000,1771684938948000,3.6000001,1.8000001,14,1
1771684938964000,1771684938964000,3.6000001,1.8000001,14,1
1771684938988000,1771684938988000,3.6000001,1.8000001,14,1
1771684939004000,1771684939004000,3.6000001,1.8000001,14,1
1771684939028000,1771684939028000,3.6000001,1.8000001,14,1
1771684939044000,1771684939044000,3.6000001,1.8000001,14,1
1771684939068000,1771684939068000,3.6000001,1.8000001,14,1
1771684939084000,1771684939084000,3.6000001,1.8000001,14,1
1771684939108000,1771684939108000,3.6000001,1.8000001,14,1
1771684939124000,1771684939124000,3.6000001,1.8000001,14,1
1771684939148000,1771684939148000,3.6000001,1.8000001,14,1
1771684939164000,1771684939164000,3.6000001,1.8000001,14,1
1771684939188000,1771684939188000,3.6000001,1.8000001,14,1
1771684939204000,1771684939204000,3.6000001,1.8000001,14,1
1771684939228000,1771684939228000,3.6000001,1.8000001,14,1
1771684939244000,1771684939244000,3.6000001,1.8000001,14,1
1771684939268000,1771684939268000,3.6000001,1.8000001,14,1
1771684939284000,1771684939284000,3.6000001,1.8000001,14,1
1771684939308000,1771684939308000,3.6000001,1.8000001,14,1
1771684939324000,1771684939324000,3.6000001,1.8000001,14,1
1771684939348000,1771684939348000,3.6000001,1.8000001,14,1
1771684939364000,1771684939364000,3.6000001,1.8000001,14,1
1771684939388000,1771684939388000,3.6000001,1.8000001,14,1
1771684939404000,1771684939404000,3.6000001,1.8000001,14,1
1771684939428000,1771684939428000,3.6000001,1.8000001,14,1
1771684939444000,1771684939444000,3.6000001,1.8000001,14,1
1771684939468000,1771684939468000,3.6000001,1.8000001,14,1
1771684939484000,1771684939484000,3.6000001,1.8000001,14,1
1771684939508000,1771684939508000,3.6000001,1.8000001,14,1
1771684939524000,1771684939524000,3.6000001,1.8000001,14,1
1771684939548000,1771684939548000,3.6000001,1.8000001,14,1
1771684939564000,1771684939564000,3.6000001,1.8000001,14,1
1771684939588000,1771684939588000,3.6000001,1.8000001,14,1
1771684939604000,1771684939604000,3.6000001,1.8000001,14,1
1771684939628000,1771684939628000,3.6000001,1.8000001,14,1
1771684939644000,1771684939644000,3.6000001,1.8000001,14,1
1771684939668000,1771684939668000,3.6000001,1.8000001,14,1
1771684939684000,1771684939684000,3.6000001,1.8000001,14,1
1771684939708000,1771684939708000,3.6000001,1.8000001,14,1
1771684939724000,1771684939724000,3.6000001,1.8000001,14,1
1771684939748000,1771684939748000,3.6000001,1.8000001,14,1
1771684939764000,1771684939764000,3.6000001,1.8000001,14,1
1771684939788000,1771684939788000,3.6000001,1.8000001,14,1
1771684939804000,1771684939804000,3.6000001,1.8000001,14,1
1771684939828000,1771684939828000,3.6000001,1.8000001,14,1
1771684939844000,1771684939844000,3.6000001,1.8000001,14,1
1771684939868000,1771684939868000,3.6000001,1.8000001,14,1
1771684939884000,1771684939884000,3.6000001,1.8000001,14,1
1771684939908000,1771684939908000,3.6000001,1.8000001,14,1
1771684939924000,1771684939924000,3.6000001,1.8000001,14,1
1771684939948000,1771684939948000,3.6000001,1.8000001,14,1
1771684939964000,1771684939964000,3.6000001,1.8000001,14,1
1771684939988000,1771684939988000,3.6000001,1.8000001,14,1
1771684940004000,1771684940004000,3.6000001,1.8000001,14,1
1771684940028000,1771684940028000,3.6000001,1.8000001,14,1
1771684940044000,1771684940044000,3.6000001,1.8000001,14,1
1771684940068000,1771684940068000,3.6000001,1.8000001,14,1
1771684940084000,1771684940084000,3.6000001,1.8000001,14,1
1771684940108000,1771684940108000,3.6000001,1.8000001,14,1
1771684940124000,1771684940124000,3.6000001,1.8000001,14,1
1771684940148000,1771684940148000,3.6000001,1.8000001,14,1
1771684940164000,1771684940164000,3.6000001,1.8000001,14,1
1771684940188000,1771684940188000,3.6000001,1.8000001,14,1
1771684940204000,1771684940204000,3.6000001,1.8000001,14,1
1771684940228000,1771684940228000,3.6000001,1.8000001,14,1
1771684940244000,1771684940244000,3.6000001,1.8000001,14,1
1771684940268000,1771684940268000,3.6000001,1.8000001,14,1
1771684940284000,1771684940284000,3.6000001,1.8000001,14,1
1771684940308000,1771684940308000,3.6000001,1.8000001,14,1
1771684940324000,1771684940324000,3.6000001,1.8000001,14,1
1771684940348000,1771684940348000,3.6000001,1.8000001,14,1
1771684940364000,1771684940364000,3.6000001,1.8000001,14,1
1771684940388000,1771684940388000,3.6000001,1.8000001,14,1
1771684940404000,1771684940404000,3.6000001,1.8000001,14,1
1771684940428000,1771684940428000,3.6000001,1.8000001,14,1
1771684940444000,1771684940444000,3.6000001,1.8000001,14,1
1771684940468000,1771684940468000,3.6000001,1.8000001,14,1
1771684940484000,1771684940484000,3.6000001,1.8000001,14,1
1771684940508000,1771684940508000,3.6000001,1.8000001,14,1
1771684940524000,1771684940524000,3.6000001,1.8000001,14,1
1771684940548000,1771684940548000,3.6000001,1.8000001,14,1
1771684940564000,1771684940564000,3.6000001,1.8000001,14,1
1771684940588000,1771684940588000,3.6000001,1.8000001,14,1
1771684940604000,1771684940604000,3.6000001,1.8000001,14,1
1771684940628000,1771684940628000,3.6000001,1.8000001,14,1
1771684940644000,1771684940644000,3.6000001,1.8000001,14,1
1771684940668000,1771684940668000,3.6000001,1.8000001,14,1
1771684940684000,1771684940684000,3.6000001,1.8000001,14,1
1771684940708000,1771684940708000,3.6000001,1.8000001,14,1
1771684940724000,1771684940724000,3.6000001,1.8000001,14,1
1771684940748000,1771684940748000,3.6000001,1.8000001,14,1
1771684940764000,1771684940764000,3.6000001,1.8000001,14,1
1771684940788000,1771684940788000,3.6000001,1.8000001,14,1
1771684940804000,1771684940804000,3.6000001,1.8000001,14,1
1771684940828000,1771684940828000,3.6000001,1.8000001,14,1
1771684940844000,1771684940844000,3.6000001,1.8000001,14,1
1771684940868000,1771684940868000,3.6000001,1.8000001,14,1
1771684940884000,1771684940884000,3.6000001,1.8000001,14,1
1771684940908000,1771684940908000,3.6000001,1.8000001,14,1
1771684940924000,1771684940924000,3.6000001,1.8000001,14,1
1771684940948000,1771684940948000,3.6000001,1.8000001,14,1
1771684940964000,1771684940964000,3.6000001,1.8000001,14,1
1771684940988000,1771684940988000,3.6000001,1.8000001,14,1
1771684941004000,1771684941004000,3.6000001,1.8000001,14,1
1771684941028000,1771684941028000,3.6000001,1.8000001,14,1
1771684941044000,1771684941044000,3.6000001,1.8000001,14,1
1771684941068000,1771684941068000,3.6000001,1.8000001,14,1
1771684941084000,1771684941084000,3.6000001,1.8000001,14,1
1771684941108000,1771684941108000,3.6000001,1.8000001,14,1
1771684941124000,1771684941124000,3.6000001,1.8000001,14,1
1771684941148000,1771684941148000,3.6000001,1.8000001,14,1
1771684941164000,1771684941164000,3.6000001,1.8000001,14,1
1771684941188000,1771684941188000,3.6000001,1.8000001,14,1
1771684941204000,1771684941204000,3.6000001,1.8000001,14,1
1771684941228000,1771684941228000,3.6000001,1.8000001,14,1
1771684941244000,1771684941244000,3.6000001,1.8000001,14,1
1771684941268000,1771684941268000,3.6000001,1.8000001,14,1
1771684941284000,1771684941284000,3.6000001,1.8000001,14,1
1771684941308000,1771684941308000,3.6000001,1.8000001,14,1
1771684941324000,1771684941324000,3.6000001,1.8000001,14,1
1771684941348000,1771684941348000,3.6000001,1.8000001,14,1
1771684941364000,1771684941364000,3.6000001,1.8000001,14,1
1771684941388000,1771684941388000,3.6000001,1.8000001,14,1
1771684941404000,1771684941404000,3.6000001,1.8000001,14,1
1771684941428000,1771684941428000,3.6000001,1.8000001,14,1
1771684941444000,1771684941444000,3.6000001,1.8000001,14,1
1771684941468000,1771684941468000,3.6000001,1.8000001,14,1
1771684941484000,1771684941484000,3.6000001,1.8000001,14,1
1771684941508000,1771684941508000,3.6000001,1.8000001,14,1
1771684941524000,1771684941524000,3.6000001,1.8000001,14,1
1771684941548000,1771684941548000,3.6000001,1.8000001,14,1
1771684941564000,1771684941564000,3.6000001,1.8000001,14,1
1771684941588000,1771684941588000,3.6000001,1.8000001,14,1
1771684941604000,1771684941604000,3.6000001,1.8000001,14,1
1771684941628000,1771684941628000,3.6000001,1.8000001,14,1
1771684941644000,1771684941644000,3.6000001,1.8000001,14,1
1771684941668000,1771684941668000,3.6000001,1.8000001,14,1
1771684941684000,1771684941684000,3.6000001,1.8000001,14,1
1771684941708000,1771684941708000,3.6000001,1.8000001,14,1
1771684941724000,1771684941724000,3.6000001,1.8000001,14,1
1771684941748000,1771684941748000,3.6000001,1.8000001,14,1
1771684941764000,1771684941764000,3.6000001,1.8000001,14,1
1771684941788000,1771684941788000,3.6000001,1.8000001,14,1
1771684941804000,1771684941804000,3.6000001,1.8000001,14,1
1771684941828000,1771684941828000,3.6000001,1.8000001,14,1
1771684941844000,1771684941844000,3.6000001,1.8000001,14,1
1771684941868000,1771684941868000,3.6000001,1.8000001,14,1
1771684941884000,1771684941884000,3.6000001,1.8000001,14,1
1771684941908000,1771684941908000,3.6000001,1.8000001,14,1
1771684941924000,1771684941924000,3.6000001,1.8000001,14,1
1771684941948000,1771684941948000,3.6000001,1.8000001,14,1
1771684941964000,1771684941964000,3.6000001,1.8000001,14,1
1771684941988000,1771684941988000,3.6000001,1.8000001,14,1
1771684942004000,1771684942004000,3.6000001,1.8000001,14,1
1771684942028000,1771684942028000,3.6000001,1.8000001,14,1
1771684942044000,1771684942044000,3.6000001,1.8000001,14,1
1771684942068000,1771684942068000,3.6000001,1.8000001,14,1
1771684942084000,1771684942084000,3.6000001,1.8000001,14,1
1771684942108000,1771684942108000,3.6000001,1.8000001,14,1
1771684942124000,1771684942124000,3.6000001,1.8000001,14,1
1771684942148000,1771684942148000,3.6000001,1.8000001,14,1
1771684942164000,1771684942164000,3.6000001,1.8000001,14,1
1771684942188000,1771684942188000,3.6000001,1.8000001,14,1
1771684942204000,1771684942204000,3.6000001,1.8000001,14,1
1771684942228000,1771684942228000,3.6000001,1.8000001,14,1
1771684942244000,1771684942244000,3.6000001,1.8000001,14,1
1771684942268000,1771684942268000,3.6000001,1.8000001,14,1
1771684942284000,1771684942284000,3.6000001,1.8000001,14,1
1771684942308000,1771684942308000,3.6000001,1.8000001,14,1
1771684942324000,1771684942324000,3.6000001,1.8000001,14,1
1771684942348000,1771684942348000,3.6000001,1.8000001,14,1
1771684942364000,1771684942364000,3.6000001,1.8000001,14,1
1771684942388000,1771684942388000,3.6000001,1.8000001,14,1
1771684942404000,1771684942404000,3.6000001,1.8000001,14,1
1771684942428000,1771684942428000,3.6000001,1.8000001,14,1
1771684942444000,1771684942444000,3.6000001,1.8000001,14,1
1771684942468000,1771684942468000,3.6000001,1.8000001,14,1
1771684942484000,1771684942484000,3.6000001,1.8000001,14,1
1771684942508000,1771684942508000,3.6000001,1.8000001,14,1
1771684942524000,1771684942524000,3.6000001,1.8000001,14,1
1771684942548000,1771684942548000,3.6000001,1.8000001,14,1
1771684942564000,1771684942564000,3.6000001,1.8000001,14,1
1771684942588000,1771684942588000,3.6000001,1.8000001,14,1
1771684942604000,1771684942604000,3.6000001,1.8000001,14,1
1771684942628000,1771684942628000,3.6000001,1.8000001,14,1
1771684942644000,1771684942644000,3.6000001,1.8000001,14,1
1771684942668000,1771684942668000,3.6000001,1.8000001,14,1
1771684942684000,1771684942684000,3.6000001,1.8000001,14,1
1771684942708000,1771684942708000,3.6000001,1.8000001,14,1
1771684942724000,1771684942724000,3.6000001,1.8000001,14,1
1771684942748000,1771684942748000,3.6000001,1.8000001,14,1
1771684942764000,1771684942764000,3.6000001,1.8000001,14,1
1771684942788000,1771684942788000,3.6000001,1.8000001,14,1
1771684942804000,1771684942804000,3.6000001,1.8000001,14,1
1771684942828000,1771684942828000,3.6000001,1.8000001,14,1
1771684942844000,1771684942844000,3.6000001,1.8000001,14,1
1771684942868000,1771684942868000,3.6000001,1.8000001,14,1
1771684942884000,1771684942884000,3.6000001,1.8000001,14,1
1771684942908000,1771684942908000,3.6000001,1.8000001,14,1
1771684942924000,1771684942924000,3.6000001,1.8000001,14,1
1771684942948000,1771684942948000,3.6000001,1.8000001,14,1
1771684942964000,1771684942964000,3.6000001,1.8000001,14,1
1771684942988000,1771684942988000,3.6000001,1.8000001,14,1
1771684943004000,1771684943004000,3.6000001,1.8000001,14,1
1771684943028000,1771684943028000,3.6000001,1.8000001,14,1
1771684943044000,1771684943044000,3.6000001,1.8000001,14,1
1771684943068000,1771684943068000,3.6000001,1.8000001,14,1
1771684943084000,1771684943084000,3.6000001,1.8000001,14,1
1771684943108000,1771684943108000,3.6000001,1.8000001,14,1
1771684943124000,1771684943124000,3.6000001,1.8000001,14,1
1771684943148000,1771684943148000,3.6000001,1.8000001,14,1
1771684943164000,1771684943164000,3.6000001,1.8000001,14,1
1771684943188000,1771684943188000,3.6000001,1.8000001,14,1
1771684943204000,1771684943204000,3.6000001,1.8000001,14,1
1771684943228000,1771684943228000,3.6000001,1.8000001,14,1
1771684943244000,1771684943244000,3.6000001,1.8000001,14,1
1771684943268000,1771684943268000,3.6000001,1.8000001,14,1
1771684943284000,1771684943284000,3.6000001,1.8000001,14,1
1771684943308000,1771684943308000,3.6000001,1.8000001,14,1
1771684943324000,1771684943324000,3.6000001,1.8000001,14,1
1771684943348000,1771684943348000,3.6000001,1.8000001,14,1
1771684943364000,1771684943364000,3.6000001,1.8000001,14,1
1771684943388000,1771684943388000,3.6000001,1.8000001,14,1
1771684943404000,1771684943404000,3.6000001,1.8000001,14,1
1771684943428000,1771684943428000,3.6000001,1.8000001,14,1
1771684943444000,1771684943444000,3.6000001,1.8000001,14,1
1771684943468000,1771684943468000,3.6000001,1.8000001,14,1
1771684943484000,1771684943484000,3.6000001,1.8000001,14,1
1771684943508000,1771684943508000,3.6000001,1.8000001,14,1
1771684943524000,1771684943524000,3.6000001,1.8000001,14,1
1771684943548000,1771684943548000,3.6000001,1.8000001,14,1
1771684943564000,1771684943564000,3.6000001,1.8000001,14,1
1771684943588000,1771684943588000,3.6000001,1.8000001,14,1
1771684943604000,1771684943604000,3.6000001,1.8000001,14,1
1771684943628000,1771684943628000,3.6000001,1.8000001,14,1
1771684943644000,1771684943644000,3.6000001,1.8000001,14,1
1771684943668000,1771684943668000,3.6000001,1.8000001,14,1
1771684943684000,1771684943684000,3.6000001,1.8000001,14,1
1771684943708000,1771684943708000,3.6000001,1.8000001,14,1
1771684943724000,1771684943724000,3.6000001,1.8000001,14,1
1771684943748000,1771684943748000,3.6000001,1.8000001,14,1
1771684943764000,1771684943764000,3.6000001,1.8000001,14,1
1771684943788000,1771684943788000,3.6000001,1.8000001,14,1
1771684943804000,1771684943804000,3.6000001,1.8000001,14,1
1771684943828000,1771684943828000,3.6000001,1.8000001,14,1
1771684943844000,1771684943844000,3.6000001,1.8000001,14,1
1771684943868000,1771684943868000,3.6000001,1.8000001,14,1
1771684943884000,1771684943884000,3.6000001,1.8000001,14,1
1771684943908000,1771684943908000,3.6000001,1.8000001,14,1
1771684943924000,1771684943924000,3.6000001,1.8000001,14,1
1771684943948000,1771684943948000,3.6000001,1.8000001,14,1
1771684943964000,1771684943964000,3.6000001,1.8000001,14,1
1771684943988000,1771684943988000,3.6000001,1.8000001,14,1
1771684944004000,1771684944004000,3.6000001,1.8000001,14,1
1771684944028000,1771684944028000,3.6000001,1.8000001,14,1
1771684944044000,1771684944044000,3.6000001,1.8000001,14,1
1771684944068000,1771684944068000,3.6000001,1.8000001,14,1
1771684944084000,1771684944084000,3.6000001,1.8000001,14,1
1771684944108000,1771684944108000,3.6000001,1.8000001,14,1
1771684944124000,1771684944124000,3.6000001,1.8000001,14,1
1771684944148000,1771684944148000,3.6000001,1.8000001,14,1
1771684944164000,1771684944164000,3.6000001,1.8000001,14,1
1771684944188000,1771684944188000,3.6000001,1.8000001,14,1
1771684944204000,1771684944204000,3.6000001,1.8000001,14,1
1771684944228000,1771684944228000,3.6000001,1.8000001,14,1
1771684944244000,1771684944244000,3.6000001,1.8000001,14,1
1771684944268000,1771684944268000,3.6000001,1.8000001,14,1
1771684944284000,1771684944284000,3.6000001,1.8000001,14,1
1771684944308000,1771684944308000,3.6000001,1.8000001,14,1
1771684944324000,1771684944324000,3.6000001,1.8000001,14,1
1771684944348000,1771684944348000,3.6000001,1.8000001,14,1
1771684944364000,1771684944364000,3.6000001,1.8000001,14,1
1771684944388000,1771684944388000,3.6000001,1.8000001,14,1
1771684944404000,1771684944404000,3.6000001,1.8000001,14,1
1771684944428000,1771684944428000,3.6000001,1.8000001,14,1
1771684944444000,1771684944444000,3.6000001,1.8000001,14,1
1771684944468000,1771684944468000,3.6000001,1.8000001,14,1
1771684944484000,1771684944484000,3.6000001,1.8000001,14,1
1771684944508000,1771684944508000,3.6000001,1.8000001,14,1
1771684944524000,1771684944524000,3.6000001,1.8000001,14,1
1771684944548000,1771684944548000,3.6000001,1.8000001,14,1
1771684944564000,1771684944564000,3.6000001,1.8000001,14,1
1771684944588000,1771684944588000,3.6000001,1.8000001,14,1
1771684944604000,1771684944604000,3.6000001,1.8000001,14,1
1771684944628000,1771684944628000,3.6000001,1.8000001,14,1
1771684944644000,1771684944644000,3.6000001,1.8000001,14,1
1771684944668000,1771684944668000,3.6000001,1.8000001,14,1
1771684944684000,1771684944684000,3.6000001,1.8000001,14,1
1771684944708000,1771684944708000,3.6000001,1.8000001,14,1
1771684944724000,1771684944724000,3.6000001,1.8000001,14,1
1771684944748000,1771684944748000,3.6000001,1.8000001,14,1
1771684944764000,1771684944764000,3.6000001,1.8000001,14,1
1771684944788000,1771684944788000,3.6000001,1.8000001,14,1
1771684944804000,1771684944804000,3.6000001,1.8000001,14,1
1771684944828000,1771684944828000,3.6000001,1.8000001,14,1
1771684944844000,1771684944844000,3.6000001,1.8000001,14,1
1771684944868000,1771684944868000,3.6000001,1.8000001,14,1
1771684944884000,1771684944884000,3.6000001,1.8000001,14,1
1771684944908000,1771684944908000,3.6000001,1.8000001,14,1
1771684944924000,1771684944924000,3.6000001,1.8000001,14,1
1771684944948000,1771684944948000,3.6000001,1.8000001,14,1
1771684944964000,1771684944964000,3.6000001,1.8000001,14,1
1771684944988000,1771684944988000,3.6000001,1.8000001,14,1
1771684945004000,1771684945004000,3.6000001,1.8000001,14,1
1771684945028000,1771684945028000,3.6000001,1.8000001,14,1
1771684945044000,1771684945044000,3.6000001,1.8000001,14,1
1771684945068000,1771684945068000,3.6000001,1.8000001,14,1
1771684945084000,1771684945084000,3.6000001,1.8000001,14,1
1771684945108000,1771684945108000,3.6000001,1.8000001,14,1
1771684945124000,1771684945124000,3.6000001,1.8000001,14,1
1771684945148000,1771684945148000,3.6000001,1.8000001,14,1
1771684945164000,1771684945164000,3.6000001,1.8000001,14,1
1771684945188000,1771684945188000,3.6000001,1.8000001,14,1
1771684945204000,1771684945204000,3.6000001,1.8000001,14,1
1771684945228000,1771684945228000,3.6000001,1.8000001,14,1
1771684945244000,1771684945244000,3.6000001,1.8000001,14,1
1771684945268000,1771684945268000,3.6000001,1.8000001,14,1
1771684945284000,1771684945284000,3.6000001,1.8000001,14,1
1771684945308000,1771684945308000,3.6000001,1.8000001,14,1
1771684945324000,1771684945324000,3.6000001,1.8000001,14,1
1771684945348000,1771684945348000,3.6000001,1.8000001,14,1
1771684945364000,1771684945364000,3.6000001,1.8000001,14,1
1771684945388000,1771684945388000,3.6000001,1.8000001,14,1
1771684945404000,1771684945404000,3.6000001,1.8000001,14,1
1771684945428000,1771684945428000,3.6000001,1.8000001,14,1
1771684945444000,1771684945444000,3.6000001,1.8000001,14,1
1771684945468000,1771684945468000,3.6000001,1.8000001,14,1
1771684945484000,1771684945484000,3.6000001,1.8000001,14,1
1771684945508000,1771684945508000,3.6000001,1.8000001,14,1
1771684945524000,1771684945524000,3.6000001,1.8000001,14,1
1771684945548000,1771684945548000,3.6000001,1.8000001,14,1
1771684945564000,1771684945564000,3.6000001,1.8000001,14,1
1771684945588000,1771684945588000,3.6000001,1.8000001,14,1
1771684945604000,1771684945604000,3.6000001,1.8000001,14,1
1771684945628000,1771684945628000,3.6000001,1.8000001,14,1
1771684945644000,1771684945644000,3.6000001,1.8000001,14,1
1771684945668000,1771684945668000,3.6000001,1.8000001,14,1
1771684945684000,1771684945684000,3.6000001,1.8000001,14,1
1771684945708000,1771684945708000,3.6000001,1.8000001,14,1
1771684945724000,1771684945724000,3.6000001,1.8000001,14,1
1771684945748000,1771684945748000,3.6000001,1.8000001,14,1
1771684945764000,1771684945764000,3.6000001,1.8000001,14,1
1771684945788000,1771684945788000,3.6000001,1.8000001,14,1
1771684945804000,1771684945804000,3.6000001,1.8000001,14,1
1771684945828000,1771684945828000,3.6000001,1.8000001,14,1
1771684945844000,1771684945844000,3.6000001,1.8000001,14,1
1771684945868000,1771684945868000,3.6000001,1.8000001,14,1
1771684945884000,1771684945884000,3.6000001,1.8000001,14,1
1771684945908000,1771684945908000,3.6000001,1.8000001,14,1
1771684945924000,1771684945924000,3.6000001,1.8000001,14,1
1771684945948000,1771684945948000,3.6000001,1.8000001,14,1
1771684945964000,1771684945964000,3.6000001,1.8000001,14,1
1771684945988000,1771684945988000,3.6000001,1.8000001,14,1
1771684946004000,1771684946004000,3.6000001,1.8000001,14,1
1771684946028000,1771684946028000,3.6000001,1.8000001,14,1
1771684946044000,1771684946044000,3.6000001,1.8000001,14,1
1771684946068000,1771684946068000,3.6000001,1.8000001,14,1
1771684946084000,1771684946084000,3.6000001,1.8000001,14,1
1771684946108000,1771684946108000,3.6000001,1.8000001,14,1
1771684946124000,1771684946124000,3.6000001,1.8000001,14,1
1771684946148000,1771684946148000,3.6000001,1.8000001,14,1
1771684946164000,1771684946164000,3.6000001,1.8000001,14,1
1771684946188000,1771684946188000,3.6000001,1.8000001,14,1
1771684946204000,1771684946204000,3.6000001,1.8000001,14,1
1771684946228000,1771684946228000,3.6000001,1.8000001,14,1
1771684946244000,1771684946244000,3.6000001,1.8000001,14,1
1771684946268000,1771684946268000,3.6000001,1.8000001,14,1
1771684946284000,1771684946284000,3.6000001,1.8000001,14,1
1771684946308000,1771684946308000,3.6000001,1.8000001,14,1
1771684946324000,1771684946324000,3.6000001,1.8000001,14,1
1771684946348000,1771684946348000,3.6000001,1.8000001,14,1
1771684946364000,1771684946364000,3.6000001,1.8000001,14,1
1771684946388000,1771684946388000,3.6000001,1.8000001,14,1
1771684946404000,1771684946404000,3.6000001,1.8000001,14,1
1771684946428000,1771684946428000,3.6000001,1.8000001,14,1
1771684946444000,1771684946444000,3.6000001,1.8000001,14,1
1771684946468000,1771684946468000,3.6000001,1.8000001,14,1
1771684946484000,1771684946484000,3.6000001,1.8000001,14,1
1771684946508000,1771684946508000,3.6000001,1.8000001,14,1
1771684946524000,1771684946524000,3.6000001,1.8000001,14,1
1771684946548000,1771684946548000,3.6000001,1.8000001,14,1
1771684946564000,1771684946564000,3.6000001,1.8000001,14,1
1771684946588000,1771684946588000,3.6000001,1.8000001,14,1
1771684946604000,1771684946604000,3.6000001,1.8000001,14,1
1771684946628000,1771684946628000,3.6000001,1.8000001,14,1
1771684946644000,1771684946644000,3.6000001,1.8000001,14,1
1771684946668000,1771684946668000,3.6000001,1.8000001,14,1
1771684946684000,1771684946684000,3.6000001,1.8000001,14,1
1771684946708000,1771684946708000,3.6000001,1.8000001,14,1
1771684946724000,1771684946724000,3.6000001,1.8000001,14,1
1771684946748000,1771684946748000,3.6000001,1.8000001,14,1
1771684946764000,1771684946764000,3.6000001,1.8000001,14,1
1771684946788000,1771684946788000,3.6000001,1.8000001,14,1
1771684946804000,1771684946804000,3.6000001,1.8000001,14,1
1771684946828000,1771684946828000,3.6000001,1.8000001,14,1
1771684946844000,1771684946844000,3.6000001,1.8000001,14,1
1771684946868000,1771684946868000,3.6000001,1.8000001,14,1
1771684946884000,1771684946884000,3.6000001,1.8000001,14,1
1771684946908000,1771684946908000,3.6000001,1.8000001,14,1
1771684946924000,1771684946924000,3.6000001,1.8000001,14,1
1771684946948000,1771684946948000,3.6000001,1.8000001,14,1
1771684946964000,1771684946964000,3.6000001,1.8000001,14,1
1771684946988000,1771684946988000,3.6000001,1.8000001,14,1
1771684947004000,1771684947004000,3.6000001,1.8000001,14,1
1771684947028000,1771684947028000,3.6000001,1.8000001,14,1
1771684947044000,1771684947044000,3.6000001,1.8000001,14,1
1771684947068000,1771684947068000,3.6000001,1.8000001,14,1
1771684947084000,1771684947084000,3.6000001,1.8000001,14,1
1771684947108000,1771684947108000,3.6000001,1.8000001,14,1
1771684947124000,1771684947124000,3.6000001,1.8000001,14,1
1771684947148000,1771684947148000,3.6000001,1.8000001,14,1
1771684947164000,1771684947164000,3.6000001,1.8000001,14,1
1771684947188000,1771684947188000,3.6000001,1.8000001,14,1
1771684947204000,1771684947204000,3.6000001,1.8000001,14,1
1771684947228000,1771684947228000,3.6000001,1.8000001,14,1
1771684947244000,1771684947244000,3.6000001,1.8000001,14,1
1771684947268000,1771684947268000,3.6000001,1.8000001,14,1
1771684947284000,1771684947284000,3.6000001,1.8000001,14,1
1771684947308000,1771684947308000,3.6000001,1.8000001,14,1
1771684947324000,1771684947324000,3.6000001,1.8000001,14,1
1771684947348000,1771684947348000,3.6000001,1.8000001,14,1
1771684947364000,1771684947364000,3.6000001,1.8000001,14,1
1771684947388000,1771684947388000,3.6000001,1.8000001,14,1
1771684947404000,1771684947404000,3.6000001,1.8000001,14,1
1771684947428000,1771684947428000,3.6000001,1.8000001,14,1
1771684947444000,1771684947444000,3.6000001,1.8000001,14,1
1771684947468000,1771684947468000,3.6000001,1.8000001,14,1
1771684947484000,1771684947484000,3.6000001,1.8000001,14,1
1771684947508000,1771684947508000,3.6000001,1.8000001,14,1
1771684947524000,1771684947524000,3.6000001,1.8000001,14,1
1771684947548000,1771684947548000,3.6000001,1.8000001,14,1
1771684947564000,1771684947564000,3.6000001,1.8000001,14,1
1771684947588000,1771684947588000,3.6000001,1.8000001,14,1
1771684947604000,1771684947604000,3.6000001,1.8000001,14,1
1771684947628000,1771684947628000,3.6000001,1.8000001,14,1
1771684947644000,1771684947644000,3.6000001,1.8000001,14,1
1771684947668000,1771684947668000,3.6000001,1.8000001,14,1
1771684947684000,1771684947684000,3.6000001,1.8000001,14,1
1771684947708000,1771684947708000,3.6000001,1.8000001,14,1
1771684947724000,1771684947724000,3.6000001,1.8000001,14,1
1771684947748000,1771684947748000,3.6000001,1.8000001,14,1
1771684947764000,1771684947764000,3.6000001,1.8000001,14,1
1771684947788000,1771684947788000,3.6000001,1.8000001,14,1
1771684947804000,1771684947804000,3.6000001,1.8000001,14,1
1771684947828000,1771684947828000,3.6000001,1.8000001,14,1
1771684947844000,1771684947844000,3.6000001,1.8000001,14,1
1771684947868000,1771684947868000,3.6000001,1.8000001,14,1
1771684947884000,1771684947884000,3.6000001,1.8000001,14,1
1771684947908000,1771684947908000,3.6000001,1.8000001,14,1
1771684947924000,1771684947924000,3.6000001,1.8000001,14,1
1771684947948000,1771684947948000,3.6000001,1.8000001,14,1
1771684947964000,1771684947964000,3.6000001,1.8000001,14,1
1771684947988000,1771684947988000,3.6000001,1.8000001,14,1
1771684948004000,1771684948004000,3.6000001,1.8000001,14,1
1771684948028000,1771684948028000,3.6000001,1.8000001,14,1
1771684948044000,1771684948044000,3.6000001,1.8000001,14,1
1771684948068000,1771684948068000,3.6000001,1.8000001,14,1
1771684948084000,1771684948084000,3.6000001,1.8000001,14,1
1771684948108000,1771684948108000,3.6000001,1.8000001,14,1
1771684948124000,1771684948124000,3.6000001,1.8000001,14,1
1771684948148000,1771684948148000,3.6000001,1.8000001,14,1
1771684948164000,1771684948164000,3.6000001,1.8000001,14,1
1771684948188000,1771684948188000,3.6000001,1.8000001,14,1
1771684948204000,1771684948204000,3.6000001,1.8000001,14,1
1771684948228000,1771684948228000,3.6000001,1.8000001,14,1
1771684948244000,1771684948244000,3.6000001,1.8000001,14,1
1771684948268000,1771684948268000,3.6000001,1.8000001,14,1
1771684948284000,1771684948284000,3.6000001,1.8000001,14,1
1771684948308000,1771684948308000,3.6000001,1.8000001,14,1
1771684948324000,1771684948324000,3.6000001,1.8000001,14,1
1771684948348000,1771684948348000,3.6000001,1.8000001,14,1
1771684948364000,1771684948364000,3.6000001,1.8000001,14,1
1771684948388000,1771684948388000,3.6000001,1.8000001,14,1
1771684948404000,1771684948404000,3.6000001,1.8000001,14,1
1771684948428000,1771684948428000,3.6000001,1.8000001,14,1
1771684948444000,1771684948444000,3.6000001,1.8000001,14,1
1771684948468000,1771684948468000,3.6000001,1.8000001,14,1
1771684948484000,1771684948484000,3.6000001,1.8000001,14,1
1771684948508000,1771684948508000,3.6000001,1.8000001,14,1
1771684948524000,1771684948524000,3.6000001,1.8000001,14,1
1771684948548000,1771684948548000,3.6000001,1.8000001,14,1
1771684948564000,1771684948564000,3.6000001,1.8000001,14,1
1771684948588000,1771684948588000,3.6000001,1.8000001,14,1
1771684948604000,1771684948604000,3.6000001,1.8000001,14,1
1771684948628000,1771684948628000,3.6000001,1.8000001,14,1
1771684948644000,1771684948644000,3.6000001,1.8000001,14,1
1771684948668000,1771684948668000,3.6000001,1.8000001,14,1
1771684948684000,1771684948684000,3.6000001,1.8000001,14,1
1771684948708000,1771684948708000,3.6000001,1.8000001,14,1
1771684948724000,1771684948724000,3.6000001,1.8000001,14,1
1771684948748000,1771684948748000,3.6000001,1.8000001,14,1
1771684948764000,1771684948764000,3.6000001,1.8000001,14,1
1771684948788000,1771684948788000,3.6000001,1.8000001,14,1
1771684948804000,1771684948804000,3.6000001,1.8000001,14,1
1771684948828000,1771684948828000,3.6000001,1.8000001,14,1
1771684948844000,1771684948844000,3.6000001,1.8000001,14,1
1771684948868000,1771684948868000,3.6000001,1.8000001,14,1
1771684948884000,1771684948884000,3.6000001,1.8000001,14,1
1771684948908000,1771684948908000,3.6000001,1.8000001,14,1
1771684948924000,1771684948924000,3.6000001,1.8000001,14,1
1771684948948000,1771684948948000,3.6000001,1.8000001,14,1
1771684948964000,1771684948964000,3.6000001,1.8000001,14,1
1771684948988000,1771684948988000,3.6000001,1.8000001,14,1
1771684949004000,1771684949004000,3.6000001,1.8000001,14,1
1771684949028000,1771684949028000,3.6000001,1.8000001,14,1
1771684949044000,1771684949044000,3.6000001,1.8000001,14,1
1771684949068000,1771684949068000,3.6000001,1.8000001,14,1
1771684949084000,1771684949084000,3.6000001,1.8000001,14,1
1771684949108000,1771684949108000,3.6000001,1.8000001,14,1
1771684949124000,1771684949124000,3.6000001,1.8000001,14,1
1771684949148000,1771684949148000,3.6000001,1.8000001,14,1
1771684949164000,1771684949164000,3.6000001,1.8000001,14,1
1771684949188000,1771684949188000,3.6000001,1.8000001,14,1
1771684949204000,1771684949204000,3.6000001,1.8000001,14,1
1771684949228000,1771684949228000,3.6000001,1.8000001,14,1
1771684949244000,1771684949244000,3.6000001,1.8000001,14,1
1771684949268000,1771684949268000,3.6000001,1.8000001,14,1
1771684949284000,1771684949284000,3.6000001,1.8000001,14,1
1771684949308000,1771684949308000,3.6000001,1.8000001,14,1
1771684949324000,1771684949324000,3.6000001,1.8000001,14,1
1771684949348000,1771684949348000,3.6000001,1.8000001,14,1
1771684949364000,1771684949364000,3.6000001,1.8000001,14,1
1771684949388000,1771684949388000,3.6000001,1.8000001,14,1
1771684949404000,1771684949404000,3.6000001,1.8000001,14,1
1771684949428000,1771684949428000,3.6000001,1.8000001,14,1
1771684949444000,1771684949444000,3.6000001,1.8000001,14,1
1771684949468000,1771684949468000,3.6000001,1.8000001,14,1
1771684949484000,1771684949484000,3.6000001,1.8000001,14,1
1771684949508000,1771684949508000,3.6000001,1.8000001,14,1
1771684949524000,1771684949524000,3.6000001,1.8000001,14,1
1771684949548000,1771684949548000,3.6000001,1.8000001,14,1
1771684949564000,1771684949564000,3.6000001,1.8000001,14,1
1771684949588000,1771684949588000,3.6000001,1.8000001,14,1
1771684949604000,1771684949604000,3.6000001,1.8000001,14,1
1771684949628000,1771684949628000,3.6000001,1.8000001,14,1
1771684949644000,1771684949644000,3.6000001,1.8000001,14,1
1771684949668000,1771684949668000,3.6000001,1.8000001,14,1
1771684949684000,1771684949684000,3.6000001,1.8000001,14,1
1771684949708000,1771684949708000,3.6000001,1.8000001,14,1
1771684949724000,1771684949724000,3.6000001,1.8000001,14,1
1771684949748000,1771684949748000,3.6000001,1.8000001,14,1
1771684949764000,1771684949764000,3.6000001,1.8000001,14,1
1771684949788000,1771684949788000,3.6000001,1.8000001,14,1
1771684949804000,1771684949804000,3.6000001,1.8000001,14,1
1771684949828000,1771684949828000,3.6000001,1.8000001,14,1
1771684949844000,1771684949844000,3.6000001,1.8000001,14,1
1771684949868000,1771684949868000,3.6000001,1.8000001,14,1
1771684949884000,1771684949884000,3.6000001,1.8000001,14,1
1771684949908000,1771684949908000,3.6000001,1.8000001,14,1
1771684949924000,1771684949924000,3.6000001,1.8000001,14,1
1771684949948000,1771684949948000,3.6000001,1.8000001,14,1
1771684949964000,1771684949964000,3.6000001,1.8000001,14,1
1771684949988000,1771684949988000,3.6000001,1.8000001,14,1
1771684950004000,1771684950004000,3.6000001,1.8000001,14,1
1771684950028000,1771684950028000,3.6000001,1.8000001,14,1
1771684950044000,1771684950044000,3.6000001,1.8000001,14,1
1771684950068000,1771684950068000,3.6000001,1.8000001,14,1
1771684950084000,1771684950084000,3.6000001,1.8000001,14,1
1771684950108000,1771684950108000,3.6000001,1.8000001,14,1
1771684950124000,1771684950124000,3.6000001,1.8000001,14,1
1771684950148000,1771684950148000,3.6000001,1.8000001,14,1
1771684950164000,1771684950164000,3.6000001,1.8000001,14,1
1771684950188000,1771684950188000,3.6000001,1.8000001,14,1
1771684950204000,1771684950204000,3.6000001,1.8000001,14,1
1771684950228000,1771684950228000,3.6000001,1.8000001,14,1
1771684950244000,1771684950244000,3.6000001,1.8000001,14,1
1771684950268000,1771684950268000,3.6000001,1.8000001,14,1
1771684950284000,1771684950284000,3.6000001,1.8000001,14,1
1771684950308000,1771684950308000,3.6000001,1.8000001,14,1
1771684950324000,1771684950324000,3.6000001,1.8000001,14,1
1771684950348000,1771684950348000,3.6000001,1.8000001,14,1
1771684950364000,1771684950364000,3.6000001,1.8000001,14,1
1771684950388000,1771684950388000,3.6000001,1.8000001,14,1
1771684950404000,1771684950404000,3.6000001,1.8000001,14,1
1771684950428000,1771684950428000,3.6000001,1.8000001,14,1
1771684950444000,1771684950444000,3.6000001,1.8000001,14,1
1771684950468000,1771684950468000,3.6000001,1.8000001,14,1
1771684950484000,1771684950484000,3.6000001,1.8000001,14,1
1771684950508000,1771684950508000,3.6000001,1.8000001,14,1
1771684950524000,1771684950524000,3.6000001,1.8000001,14,1
1771684950548000,1771684950548000,3.6000001,1.8000001,14,1
1771684950564000,1771684950564000,3.6000001,1.8000001,14,1
1771684950588000,1771684950588000,3.6000001,1.8000001,14,1
1771684950604000,1771684950604000,3.6000001,1.8000001,14,1
1771684950628000,1771684950628000,3.6000001,1.8000001,14,1
1771684950644000,1771684950644000,3.6000001,1.8000001,14,1
1771684950668000,1771684950668000,3.6000001,1.8000001,14,1
1771684950684000,1771684950684000,3.6000001,1.8000001,14,1
1771684950708000,1771684950708000,3.6000001,1.8000001,14,1
1771684950724000,1771684950724000,3.6000001,1.8000001,14,1
1771684950748000,1771684950748000,3.6000001,1.8000001,14,1
1771684950764000,1771684950764000,3.6000001,1.8000001,14,1
1771684950788000,1771684950788000,3.6000001,1.8000001,14,1
1771684950804000,1771684950804000,3.6000001,1.8000001,14,1
1771684950828000,1771684950828000,3.6000001,1.8000001,14,1
1771684950844000,1771684950844000,3.6000001,1.8000001,14,1
1771684950868000,1771684950868000,3.6000001,1.8000001,14,1
1771684950884000,1771684950884000,3.6000001,1.8000001,14,1
1771684950908000,1771684950908000,3.6000001,1.8000001,14,1
1771684950924000,1771684950924000,3.6000001,1.8000001,14,1
1771684950948000,1771684950948000,3.6000001,1.8000001,14,1
1771684950964000,1771684950964000,3.6000001,1.8000001,14,1
1771684950988000,1771684950988000,3.6000001,1.8000001,14,1
1771684951004000,1771684951004000,3.6000001,1.8000001,14,1
1771684951028000,1771684951028000,3.6000001,1.8000001,14,1
1771684951044000,1771684951044000,3.6000001,1.8000001,14,1
1771684951068000,1771684951068000,3.6000001,1.8000001,14,1
1771684951084000,1771684951084000,3.6000001,1.8000001,14,1
1771684951108000,1771684951108000,3.6000001,1.8000001,14,1
1771684951124000,1771684951124000,3.6000001,1.8000001,14,1
1771684951148000,1771684951148000,3.6000001,1.8000001,14,1
1771684951164000,1771684951164000,3.6000001,1.8000001,14,1
1771684951188000,1771684951188000,3.6000001,1.8000001,14,1
1771684951204000,1771684951204000,3.6000001,1.8000001,14,1
1771684951228000,1771684951228000,3.6000001,1.8000001,14,1
1771684951244000,1771684951244000,3.6000001,1.8000001,14,1
1771684951268000,1771684951268000,3.6000001,1.8000001,14,1
1771684951284000,1771684951284000,3.6000001,1.8000001,14,1
1771684951308000,1771684951308000,3.6000001,1.8000001,14,1
1771684951324000,1771684951324000,3.6000001,1.8000001,14,1
1771684951348000,1771684951348000,3.6000001,1.8000001,14,1
1771684951364000,1771684951364000,3.6000001,1.8000001,14,1
1771684951388000,1771684951388000,3.6000001,1.8000001,14,1
1771684951404000,1771684951404000,3.6000001,1.8000001,14,1
1771684951428000,1771684951428000,3.6000001,1.8000001,14,1
1771684951444000,1771684951444000,3.6000001,1.8000001,14,1
1771684951468000,1771684951468000,3.6000001,1.8000001,14,1
1771684951484000,1771684951484000,3.6000001,1.8000001,14,1
1771684951508000,1771684951508000,3.6000001,1.8000001,14,1
1771684951524000,1771684951524000,3.6000001,1.8000001,14,1
1771684951548000,1771684951548000,3.6000001,1.8000001,14,1
1771684951564000,1771684951564000,3.6000001,1.8000001,14,1
1771684951588000,1771684951588000,3.6000001,1.8000001,14,1
1771684951604000,1771684951604000,3.6000001,1.8000001,14,1
1771684951628000,1771684951628000,3.6000001,1.8000001,14,1
1771684951644000,1771684951644000,3.6000001,1.8000001,14,1
1771684951668000,1771684951668000,3.6000001,1.8000001,14,1
1771684951684000,1771684951684000,3.6000001,1.8000001,14,1
1771684951708000,1771684951708000,3.6000001,1.8000001,14,1
1771684951724000,1771684951724000,3.6000001,1.8000001,14,1
1771684951748000,1771684951748000,3.6000001,1.8000001,14,1
1771684951764000,1771684951764000,3.6000001,1.8000001,14,1
1771684951788000,1771684951788000,3.6000001,1.8000001,14,1
1771684951804000,1771684951804000,3.6000001,1.8000001,14,1
1771684951828000,1771684951828000,3.6000001,1.8000001,14,1
1771684951844000,1771684951844000,3.6000001,1.8000001,14,1
1771684951868000,1771684951868000,3.6000001,1.8000001,14,1
1771684951884000,1771684951884000,3.6000001,1.8000001,14,1
1771684951908000,1771684951908000,3.6000001,1.8000001,14,1
1771684951924000,1771684951924000,3.6000001,1.8000001,14,1
1771684951948000,1771684951948000,3.6000001,1.8000001,14,1
1771684951964000,1771684951964000,3.6000001,1.8000001,14,1
1771684951988000,1771684951988000,3.6000001,1.8000001,14,1
1771684952004000,1771684952004000,3.6000001,1.8000001,14,1
1771684952028000,1771684952028000,3.6000001,1.8000001,14,1
1771684952044000,1771684952044000,3.6000001,1.8000001,14,1
1771684952068000,1771684952068000,3.6000001,1.8000001,14,1
1771684952084000,1771684952084000,3.6000001,1.8000001,14,1
1771684952108000,1771684952108000,3.6000001,1.8000001,14,1
1771684952124000,1771684952124000,3.6000001,1.8000001,14,1
1771684952148000,1771684952148000,3.6000001,1.8000001,14,1
1771684952164000,1771684952164000,3.6000001,1.8000001,14,1
1771684952188000,1771684952188000,3.6000001,1.8000001,14,1
1771684952204000,1771684952204000,3.6000001,1.8000001,14,1
1771684952228000,1771684952228000,3.6000001,1.8000001,14,1
1771684952244000,1771684952244000,3.6000001,1.8000001,14,1
1771684952268000,1771684952268000,3.6000001,1.8000001,14,1
1771684952284000,1771684952284000,3.6000001,1.8000001,14,1
1771684952308000,1771684952308000,3.6000001,1.8000001,14,1
1771684952324000,1771684952324000,3.6000001,1.8000001,14,1
1771684952348000,1771684952348000,3.6000001,1.8000001,14,1
1771684952364000,1771684952364000,3.6000001,1.8000001,14,1
1771684952388000,1771684952388000,3.6000001,1.8000001,14,1
1771684952404000,1771684952404000,3.6000001,1.8000001,14,1
1771684952428000,1771684952428000,3.6000001,1.8000001,14,1
1771684952444000,1771684952444000,3.6000001,1.8000001,14,1
1771684952468000,1771684952468000,3.6000001,1.8000001,14,1
1771684952484000,1771684952484000,3.6000001,1.8000001,14,1
1771684952508000,1771684952508000,3.6000001,1.8000001,14,1
1771684952524000,1771684952524000,3.6000001,1.8000001,14,1
1771684952548000,1771684952548000,3.6000001,1.8000001,14,1
1771684952564000,1771684952564000,3.6000001,1.8000001,14,1
1771684952588000,1771684952588000,3.6000001,1.8000001,14,1
1771684952604000,1771684952604000,3.6000001,1.8000001,14,1
1771684952628000,1771684952628000,3.6000001,1.8000001,14,1
1771684952644000,1771684952644000,3.6000001,1.8000001,14,1
1771684952668000,1771684952668000,3.6000001,1.8000001,14,1
1771684952684000,1771684952684000,3.6000001,1.8000001,14,1
1771684952708000,1771684952708000,3.6000001,1.8000001,14,1
1771684952724000,1771684952724000,3.6000001,1.8000001,14,1
1771684952748000,1771684952748000,3.6000001,1.8000001,14,1
1771684952764000,1771684952764000,3.6000001,1.8000001,14,1
1771684952788000,1771684952788000,3.6000001,1.8000001,14,1
1771684952804000,1771684952804000,3.6000001,1.8000001,14,1
1771684952828000,1771684952828000,3.6000001,1.8000001,14,1
1771684952844000,1771684952844000,3.6000001,1.8000001,14,1
1771684952868000,1771684952868000,3.6000001,1.8000001,14,1
1771684952884000,1771684952884000,3.6000001,1.8000001,14,1
1771684952908000,1771684952908000,3.6000001,1.8000001,14,1
1771684952924000,1771684952924000,3.6000001,1.8000001,14,1
1771684952948000,1771684952948000,3.6000001,1.8000001,14,1
1771684952964000,1771684952964000,3.6000001,1.8000001,14,1
1771684952988000,1771684952988000,3.6000001,1.8000001,14,1
1771684953004000,1771684953004000,3.6000001,1.8000001,14,1
1771684953028000,1771684953028000,3.6000001,1.8000001,14,1
1771684953044000,1771684953044000,3.6000001,1.8000001,14,1
1771684953068000,1771684953068000,3.6000001,1.8000001,14,1
1771684953084000,1771684953084000,3.6000001,1.8000001,14,1
1771684953108000,1771684953108000,3.6000001,1.8000001,14,1
1771684953124000,1771684953124000,3.6000001,1.8000001,14,1
1771684953148000,1771684953148000,3.6000001,1.8000001,14,1
1771684953164000,1771684953164000,3.6000001,1.8000001,14,1
1771684953188000,1771684953188000,3.6000001,1.8000001,14,1
1771684953204000,1771684953204000,3.6000001,1.8000001,14,1
1771684953228000,1771684953228000,3.6000001,1.8000001,14,1
1771684953244000,1771684953244000,3.6000001,1.8000001,14,1
1771684953268000,1771684953268000,3.6000001,1.8000001,14,1
1771684953284000,1771684953284000,3.6000001,1.8000001,14,1
1771684953308000,1771684953308000,3.6000001,1.8000001,14,1
1771684953324000,1771684953324000,3.6000001,1.8000001,14,1
1771684953348000,1771684953348000,3.6000001,1.8000001,14,1
1771684953364000,1771684953364000,3.6000001,1.8000001,14,1
1771684953388000,1771684953388000,3.6000001,1.8000001,14,1
1771684953404000,1771684953404000,3.6000001,1.8000001,14,1
1771684953428000,1771684953428000,3.6000001,1.8000001,14,1
1771684953444000,1771684953444000,3.6000001,1.8000001,14,1
1771684953468000,1771684953468000,3.6000001,1.8000001,14,1
1771684953484000,1771684953484000,3.6000001,1.8000001,14,1
1771684953508000,1771684953508000,3.6000001,1.8000001,14,1
1771684953524000,1771684953524000,3.6000001,1.8000001,14,1
1771684953548000,1771684953548000,3.6000001,1.8000001,14,1
1771684953564000,1771684953564000,3.6000001,1.8000001,14,1
1771684953588000,1771684953588000,3.6000001,1.8000001,14,1
1771684953604000,1771684953604000,3.6000001,1.8000001,14,1
1771684953628000,1771684953628000,3.6000001,1.8000001,14,1
1771684953644000,1771684953644000,3.6000001,1.8000001,14,1
1771684953668000,1771684953668000,3.6000001,1.8000001,14,1
1771684953684000,1771684953684000,3.6000001,1.8000001,14,1
1771684953708000,1771684953708000,3.6000001,1.8000001,14,1
1771684953724000,1771684953724000,3.6000001,1.8000001,14,1
1771684953748000,1771684953748000,3.6000001,1.8000001,14,1
1771684953764000,1771684953764000,3.6000001,1.8000001,14,1
1771684953788000,1771684953788000,3.6000001,1.8000001,14,1
1771684953804000,1771684953804000,3.6000001,1.8000001,14,1
1771684953828000,1771684953828000,3.6000001,1.8000001,14,1
1771684953844000,1771684953844000,3.6000001,1.8000001,14,1
1771684953868000,1771684953868000,3.6000001,1.8000001,14,1
1771684953884000,1771684953884000,3.6000001,1.8000001,14,1
1771684953908000,1771684953908000,3.6000001,1.8000001,14,1
1771684953924000,1771684953924000,3.6000001,1.8000001,14,1
1771684953948000,1771684953948000,3.6000001,1.8000001,14,1
1771684953964000,1771684953964000,3.6000001,1.8000001,14,1
1771684953988000,1771684953988000,3.6000001,1.8000001,14,1
1771684954004000,1771684954004000,3.6000001,1.8000001,14,1
1771684954028000,1771684954028000,3.6000001,1.8000001,14,1
1771684954044000,1771684954044000,3.6000001,1.8000001,14,1
1771684954068000,1771684954068000,3.6000001,1.8000001,14,1
1771684954084000,1771684954084000,3.6000001,1.8000001,14,1
1771684954108000,1771684954108000,3.6000001,1.8000001,14,1
1771684954124000,1771684954124000,3.6000001,1.8000001,14,1
1771684954148000,1771684954148000,3.6000001,1.8000001,14,1
1771684954164000,1771684954164000,3.6000001,1.8000001,14,1
1771684954188000,1771684954188000,3.6000001,1.8000001,14,1
1771684954204000,1771684954204000,3.6000001,1.8000001,14,1
1771684954228000,1771684954228000,3.6000001,1.8000001,14,1
1771684954244000,1771684954244000,3.6000001,1.8000001,14,1
1771684954268000,1771684954268000,3.6000001,1.8000001,14,1
1771684954284000,1771684954284000,3.6000001,1.8000001,14,1
1771684954308000,1771684954308000,3.6000001,1.8000001,14,1
1771684954324000,1771684954324000,3.6000001,1.8000001,14,1
1771684954348000,1771684954348000,3.6000001,1.8000001,14,1
1771684954364000,1771684954364000,3.6000001,1.8000001,14,1
1771684954388000,1771684954388000,3.6000001,1.8000001,14,1
1771684954404000,1771684954404000,3.6000001,1.8000001,14,1
1771684954428000,1771684954428000,3.6000001,1.8000001,14,1
1771684954444000,1771684954444000,3.6000001,1.8000001,14,1
1771684954468000,1771684954468000,3.6000001,1.8000001,14,1
1771684954484000,1771684954484000,3.6000001,1.8000001,14,1
1771684954508000,1771684954508000,3.6000001,1.8000001,14,1
1771684954524000,1771684954524000,3.6000001,1.8000001,14,1
1771684954548000,1771684954548000,3.6000001,1.8000001,14,1
1771684954564000,1771684954564000,3.6000001,1.8000001,14,1
1771684954588000,1771684954588000,3.6000001,1.8000001,14,1
1771684954604000,1771684954604000,3.6000001,1.8000001,14,1
1771684954628000,1771684954628000,3.6000001,1.8000001,14,1
1771684954644000,1771684954644000,3.6000001,1.8000001,14,1
1771684954668000,1771684954668000,3.6000001,1.8000001,14,1
1771684954684000,1771684954684000,3.6000001,1.8000001,14,1
1771684954708000,1771684954708000,3.6000001,1.8000001,14,1
1771684954724000,1771684954724000,3.6000001,1.8000001,14,1
1771684954748000,1771684954748000,3.6000001,1.8000001,14,1
1771684954764000,1771684954764000,3.6000001,1.8000001,14,1
1771684954788000,1771684954788000,3.6000001,1.8000001,14,1
1771684954804000,1771684954804000,3.6000001,1.8000001,14,1
1771684954828000,1771684954828000,3.6000001,1.8000001,14,1
1771684954844000,1771684954844000,3.6000001,1.8000001,14,1
1771684954868000,1771684954868000,3.6000001,1.8000001,14,1
1771684954884000,1771684954884000,3.6000001,1.8000001,14,1
1771684954908000,1771684954908000,3.6000001,1.8000001,14,1
1771684954924000,1771684954924000,3.6000001,1.8000001,14,1
1771684954948000,1771684954948000,3.6000001,1.8000001,14,1
1771684954964000,1771684954964000,3.6000001,1.8000001,14,1
1771684954988000,1771684954988000,3.6000001,1.8000001,14,1
1771684955004000,1771684955004000,3.6000001,1.8000001,14,1
1771684955028000,1771684955028000,3.6000001,1.8000001,14,1
1771684955044000,1771684955044000,3.6000001,1.8000001,14,1
1771684955068000,1771684955068000,3.6000001,1.8000001,14,1
1771684955084000,1771684955084000,3.6000001,1.8000001,14,1
1771684955108000,1771684955108000,3.6000001,1.8000001,14,1
1771684955124000,1771684955124000,3.6000001,1.8000001,14,1
1771684955148000,1771684955148000,3.6000001,1.8000001,14,1
1771684955164000,1771684955164000,3.6000001,1.8000001,14,1
1771684955188000,1771684955188000,3.6000001,1.8000001,14,1
1771684955204000,1771684955204000,3.6000001,1.8000001,14,1
1771684955228000,1771684955228000,3.6000001,1.8000001,14,1
1771684955244000,1771684955244000,3.6000001,1.8000001,14,1
1771684955268000,1771684955268000,3.6000001,1.8000001,14,1
1771684955284000,1771684955284000,3.6000001,1.8000001,14,1
1771684955308000,1771684955308000,3.6000001,1.8000001,14,1
1771684955324000,1771684955324000,3.6000001,1.8000001,14,1
1771684955348000,1771684955348000,3.6000001,1.8000001,14,1
1771684955364000,1771684955364000,3.6000001,1.8000001,14,1
1771684955388000,1771684955388000,3.6000001,1.8000001,14,1
1771684955404000,1771684955404000,3.6000001,1.8000001,14,1
1771684955428000,1771684955428000,3.6000001,1.8000001,14,1
1771684955444000,1771684955444000,3.6000001,1.8000001,14,1
1771684955468000,1771684955468000,3.6000001,1.8000001,14,1
1771684955484000,1771684955484000,3.6000001,1.8000001,14,1
1771684955508000,1771684955508000,3.6000001,1.8000001,14,1
1771684955524000,1771684955524000,3.6000001,1.8000001,14,1
1771684955548000,1771684955548000,3.6000001,1.8000001,14,1
1771684955564000,1771684955564000,3.6000001,1.8000001,14,1
1771684955588000,1771684955588000,3.6000001,1.8000001,14,1
1771684955604000,1771684955604000,3.6000001,1.8000001,14,1
1771684955628000,1771684955628000,3.6000001,1.8000001,14,1
1771684955644000,1771684955644000,3.6000001,1.8000001,14,1
1771684955668000,1771684955668000,3.6000001,1.8000001,14,1
1771684955684000,1771684955684000,3.6000001,1.8000001,14,1
1771684955708000,1771684955708000,3.6000001,1.8000001,14,1
1771684955724000,1771684955724000,3.6000001,1.8000001,14,1
1771684955748000,1771684955748000,3.6000001,1.8000001,14,1
1771684955764000,1771684955764000,3.6000001,1.8000001,14,1
1771684955788000,1771684955788000,3.6000001,1.8000001,14,1
1771684955804000,1771684955804000,3.6000001,1.8000001,14,1
1771684955828000,1771684955828000,3.6000001,1.8000001,14,1
1771684955844000,1771684955844000,3.6000001,1.8000001,14,1
1771684955868000,1771684955868000,3.6000001,1.8000001,14,1
1771684955884000,1771684955884000,3.6000001,1.8000001,14,1
1771684955908000,1771684955908000,3.6000001,1.8000001,14,1
1771684955924000,1771684955924000,3.6000001,1.8000001,14,1
1771684955948000,1771684955948000,3.6000001,1.8000001,14,1
1771684955964000,1771684955964000,3.6000001,1.8000001,14,1
1771684955988000,1771684955988000,3.6000001,1.8000001,14,1
1771684956004000,1771684956004000,3.6000001,1.8000001,14,1
1771684956028000,1771684956028000,3.6000001,1.8000001,14,1
1771684956044000,1771684956044000,3.6000001,1.8000001,14,1
1771684956068000,1771684956068000,3.6000001,1.8000001,14,1
1771684956084000,1771684956084000,3.6000001,1.8000001,14,1
1771684956108000,1771684956108000,3.6000001,1.8000001,14,1
1771684956124000,1771684956124000,3.6000001,1.8000001,14,1
1771684956148000,1771684956148000,3.6000001,1.8000001,14,1
1771684956164000,1771684956164000,3.6000001,1.8000001,14,1
1771684956188000,1771684956188000,3.6000001,1.8000001,14,1
1771684956204000,1771684956204000,3.6000001,1.8000001,14,1
1771684956228000,1771684956228000,3.6000001,1.8000001,14,1
1771684956244000,1771684956244000,3.6000001,1.8000001,14,1
1771684956268000,1771684956268000,3.6000001,1.8000001,14,1
1771684956284000,1771684956284000,3.6000001,1.8000001,14,1
1771684956308000,1771684956308000,3.6000001,1.8000001,14,1
1771684956324000,1771684956324000,3.6000001,1.8000001,14,1
1771684956348000,1771684956348000,3.6000001,1.8000001,14,1
1771684956364000,1771684956364000,3.6000001,1.8000001,14,1
1771684956388000,1771684956388000,3.6000001,1.8000001,14,1
1771684956404000,1771684956404000,3.6000001,1.8000001,14,1
1771684956428000,1771684956428000,3.6000001,1.8000001,14,1
1771684956444000,1771684956444000,3.6000001,1.8000001,14,1
1771684956468000,1771684956468000,3.6000001,1.8000001,14,1
1771684956484000,1771684956484000,3.6000001,1.8000001,14,1
1771684956508000,1771684956508000,3.6000001,1.8000001,14,1
1771684956524000,1771684956524000,3.6000001,1.8000001,14,1
1771684956548000,1771684956548000,3.6000001,1.8000001,14,1
1771684956564000,1771684956564000,3.6000001,1.8000001,14,1
1771684956588000,1771684956588000,3.6000001,1.8000001,14,1
1771684956604000,1771684956604000,3.6000001,1.8000001,14,1
1771684956628000,1771684956628000,3.6000001,1.8000001,14,1
1771684956644000,1771684956644000,3.6000001,1.8000001,14,1
1771684956668000,1771684956668000,3.6000001,1.8000001,14,1
1771684956684000,1771684956684000,3.6000001,1.8000001,14,1
1771684956708000,1771684956708000,3.6000001,1.8000001,14,1
1771684956724000,1771684956724000,3.6000001,1.8000001,14,1
1771684956748000,1771684956748000,3.6000001,1.8000001,14,1
1771684956764000,1771684956764000,3.6000001,1.8000001,14,1
1771684956788000,1771684956788000,3.6000001,1.8000001,14,1
1771684956804000,1771684956804000,3.6000001,1.8000001,14,1
1771684956828000,1771684956828000,3.6000001,1.8000001,14,1
1771684956844000,1771684956844000,3.6000001,1.8000001,14,1
1771684956868000,1771684956868000,3.6000001,1.8000001,14,1
1771684956884000,1771684956884000,3.6000001,1.8000001,14,1
1771684956908000,1771684956908000,3.6000001,1.8000001,14,1
1771684956924000,1771684956924000,3.6000001,1.8000001,14,1
1771684956948000,1771684956948000,3.6000001,1.8000001,14,1
1771684956964000,1771684956964000,3.6000001,1.8000001,14,1
1771684956988000,1771684956988000,3.6000001,1.8000001,14,1
1771684957004000,1771684957004000,3.6000001,1.8000001,14,1
1771684957028000,1771684957028000,3.6000001,1.8000001,14,1
1771684957044000,1771684957044000,3.6000001,1.8000001,14,1
1771684957068000,1771684957068000,3.6000001,1.8000001,14,1
1771684957084000,1771684957084000,3.6000001,1.8000001,14,1
1771684957108000,1771684957108000,3.6000001,1.8000001,14,1
1771684957124000,1771684957124000,3.6000001,1.8000001,14,1
1771684957148000,1771684957148000,3.6000001,1.8000001,14,1
1771684957164000,1771684957164000,3.6000001,1.8000001,14,1
1771684957188000,1771684957188000,3.6000001,1.8000001,14,1
1771684957204000,1771684957204000,3.6000001,1.8000001,14,1
1771684957228000,1771684957228000,3.6000001,1.8000001,14,1
1771684957244000,1771684957244000,3.6000001,1.8000001,14,1
1771684957268000,1771684957268000,3.6000001,1.8000001,14,1
1771684957284000,1771684957284000,3.6000001,1.8000001,14,1
1771684957308000,1771684957308000,3.6000001,1.8000001,14,1
1771684957324000,1771684957324000,3.6000001,1.8000001,14,1
1771684957348000,1771684957348000,3.6000001,1.8000001,14,1
1771684957364000,1771684957364000,3.6000001,1.8000001,14,1
1771684957388000,1771684957388000,3.6000001,1.8000001,14,1
1771684957404000,1771684957404000,3.6000001,1.8000001,14,1
1771684957428000,1771684957428000,3.6000001,1.8000001,14,1
1771684957444000,1771684957444000,3.6000001,1.8000001,14,1
1771684957468000,1771684957468000,3.6000001,1.8000001,14,1
1771684957484000,1771684957484000,3.6000001,1.8000001,14,1
1771684957508000,1771684957508000,3.6000001,1.8000001,14,1
1771684957524000,1771684957524000,3.6000001,1.8000001,14,1
1771684957548000,1771684957548000,3.6000001,1.8000001,14,1
1771684957564000,1771684957564000,3.6000001,1.8000001,14,1
1771684957588000,1771684957588000,3.6000001,1.8000001,14,1
1771684957604000,1771684957604000,3.6000001,1.8000001,14,1
1771684957628000,1771684957628000,3.6000001,1.8000001,14,1
1771684957644000,1771684957644000,3.6000001,1.8000001,14,1
1771684957668000,1771684957668000,3.6000001,1.8000001,14,1
1771684957684000,1771684957684000,3.6000001,1.8000001,14,1
1771684957708000,1771684957708000,3.6000001,1.8000001,14,1
1771684957724000,1771684957724000,3.6000001,1.8000001,14,1
1771684957748000,1771684957748000,3.6000001,1.8000001,14,1
1771684957764000,1771684957764000,3.6000001,1.8000001,14,1
1771684957788000,1771684957788000,3.6000001,1.8000001,14,1
1771684957804000,1771684957804000,3.6000001,1.8000001,14,1
1771684957828000,1771684957828000,3.6000001,1.8000001,14,1
1771684957844000,1771684957844000,3.6000001,1.8000001,14,1
1771684957868000,1771684957868000,3.6000001,1.8000001,14,1
1771684957884000,1771684957884000,3.6000001,1.8000001,14,1
1771684957908000,1771684957908000,3.6000001,1.8000001,14,1
1771684957924000,1771684957924000,3.6000001,1.8000001,14,1
1771684957948000,1771684957948000,3.6000001,1.8000001,14,1
1771684957964000,1771684957964000,3.6000001,1.8000001,14,1
1771684957988000,1771684957988000,3.6000001,1.8000001,14,1
1771684958004000,1771684958004000,3.6000001,1.8000001,14,1
1771684958028000,1771684958028000,3.6000001,1.8000001,14,1
1771684958044000,1771684958044000,3.6000001,1.8000001,14,1
1771684958068000,1771684958068000,3.6000001,1.8000001,14,1
1771684958084000,1771684958084000,3.6000001,1.8000001,14,1
1771684958108000,1771684958108000,3.6000001,1.8000001,14,1
1771684958124000,1771684958124000,3.6000001,1.8000001,14,1
1771684958148000,1771684958148000,3.6000001,1.8000001,14,1
1771684958164000,1771684958164000,3.6000001,1.8000001,14,1
1771684958188000,1771684958188000,3.6000001,1.8000001,14,1
1771684958204000,1771684958204000,3.6000001,1.8000001,14,1
1771684958228000,1771684958228000,3.6000001,1.8000001,14,1
1771684958244000,1771684958244000,3.6000001,1.8000001,14,1
1771684958268000,1771684958268000,3.6000001,1.8000001,14,1
1771684958284000,1771684958284000,3.6000001,1.8000001,14,1
1771684958308000,1771684958308000,3.6000001,1.8000001,14,1
1771684958324000,1771684958324000,3.6000001,1.8000001,14,1
1771684958348000,1771684958348000,3.6000001,1.8000001,14,1
1771684958364000,1771684958364000,3.6000001,1.8000001,14,1
1771684958388000,1771684958388000,3.6000001,1.8000001,14,1
1771684958404000,1771684958404000,3.6000001,1.8000001,14,1
1771684958428000,1771684958428000,3.6000001,1.8000001,14,1
1771684958444000,1771684958444000,3.6000001,1.8000001,14,1
1771684958468000,1771684958468000,3.6000001,1.8000001,14,1
1771684958484000,1771684958484000,3.6000001,1.8000001,14,1
1771684958508000,1771684958508000,3.6000001,1.8000001,14,1
1771684958524000,1771684958524000,3.6000001,1.8000001,14,1
1771684958548000,1771684958548000,3.6000001,1.8000001,14,1
1771684958564000,1771684958564000,3.6000001,1.8000001,14,1
1771684958588000,1771684958588000,3.6000001,1.8000001,14,1
1771684958604000,1771684958604000,3.6000001,1.8000001,14,1
1771684958628000,1771684958628000,3.6000001,1.8000001,14,1
1771684958644000,1771684958644000,3.6000001,1.8000001,14,1
1771684958668000,1771684958668000,3.6000001,1.8000001,14,1
1771684958684000,1771684958684000,3.6000001,1.8000001,14,1
1771684958708000,1771684958708000,3.6000001,1.8000001,14,1
1771684958724000,1771684958724000,3.6000001,1.8000001,14,1
1771684958748000,1771684958748000,3.6000001,1.8000001,14,1
1771684958764000,1771684958764000,3.6000001,1.8000001,14,1
1771684958788000,1771684958788000,3.6000001,1.8000001,14,1
1771684958804000,1771684958804000,3.6000001,1.8000001,14,1
1771684958828000,1771684958828000,3.6000001,1.8000001,14,1
1771684958844000,1771684958844000,3.6000001,1.8000001,14,1
1771684958868000,1771684958868000,3.6000001,1.8000001,14,1
1771684958884000,1771684958884000,3.6000001,1.8000001,14,1
1771684958908000,1771684958908000,3.6000001,1.8000001,14,1
1771684958924000,1771684958924000,3.6000001,1.8000001,14,1
1771684958948000,1771684958948000,3.6000001,1.8000001,14,1
1771684958964000,1771684958964000,3.6000001,1.8000001,14,1
1771684958988000,1771684958988000,3.6000001,1.8000001,14,1
1771684959004000,1771684959004000,3.6000001,1.8000001,14,1
1771684959028000,1771684959028000,3.6000001,1.8000001,14,1
1771684959044000,1771684959044000,3.6000001,1.8000001,14,1
1771684959068000,1771684959068000,3.6000001,1.8000001,14,1
1771684959084000,1771684959084000,3.6000001,1.8000001,14,1
1771684959108000,1771684959108000,3.6000001,1.8000001,14,1
1771684959124000,1771684959124000,3.6000001,1.8000001,14,1
1771684959148000,1771684959148000,3.6000001,1.8000001,14,1
1771684959164000,1771684959164000,3.6000001,1.8000001,14,1
1771684959188000,1771684959188000,3.6000001,1.8000001,14,1
1771684959204000,1771684959204000,3.6000001,1.8000001,14,1
1771684959228000,1771684959228000,3.6000001,1.8000001,14,1
1771684959244000,1771684959244000,3.6000001,1.8000001,14,1
1771684959268000,1771684959268000,3.6000001,1.8000001,14,1
1771684959284000,1771684959284000,3.6000001,1.8000001,14,1
1771684959308000,1771684959308000,3.6000001,1.8000001,14,1
1771684959324000,1771684959324000,3.6000001,1.8000001,14,1
1771684959348000,1771684959348000,3.6000001,1.8000001,14,1
1771684959364000,1771684959364000,3.6000001,1.8000001,14,1
1771684959388000,1771684959388000,3.6000001,1.8000001,14,1
1771684959404000,1771684959404000,3.6000001,1.8000001,14,1
1771684959428000,1771684959428000,3.6000001,1.8000001,14,1
1771684959444000,1771684959444000,3.6000001,1.8000001,14,1
1771684959468000,1771684959468000,3.6000001,1.8000001,14,1
1771684959484000,1771684959484000,3.6000001,1.8000001,14,1
1771684959508000,1771684959508000,3.6000001,1.8000001,14,1
1771684959524000,1771684959524000,3.6000001,1.8000001,14,1
1771684959548000,1771684959548000,3.6000001,1.8000001,14,1
1771684959564000,1771684959564000,3.6000001,1.8000001,14,1
1771684959588000,1771684959588000,3.6000001,1.8000001,14,1
1771684959604000,1771684959604000,3.6000001,1.8000001,14,1
1771684959628000,1771684959628000,3.6000001,1.8000001,14,1
1771684959644000,1771684959644000,3.6000001,1.8000001,14,1
1771684959668000,1771684959668000,3.6000001,1.8000001,14,1
1771684959684000,1771684959684000,3.6000001,1.8000001,14,1
1771684959708000,1771684959708000,3.6000001,1.8000001,14,1
1771684959724000,1771684959724000,3.6000001,1.8000001,14,1
1771684959748000,1771684959748000,3.6000001,1.8000001,14,1
1771684959764000,1771684959764000,3.6000001,1.8000001,14,1
1771684959788000,1771684959788000,3.6000001,1.8000001,14,1
1771684959804000,1771684959804000,3.6000001,1.8000001,14,1
1771684959828000,1771684959828000,3.6000001,1.8000001,14,1
1771684959844000,1771684959844000,3.6000001,1.8000001,14,1
1771684959868000,1771684959868000,3.6000001,1.8000001,14,1
1771684959884000,1771684959884000,3.6000001,1.8000001,14,1
1771684959908000,1771684959908000,3.6000001,1.8000001,14,1
1771684959924000,1771684959924000,3.6000001,1.8000001,14,1
1771684959948000,1771684959948000,3.6000001,1.8000001,14,1
1771684959964000,1771684959964000,3.6000001,1.8000001,14,1
1771684959988000,1771684959988000,3.6000001,1.8000001,14,1
1771684960004000,1771684960004000,3.6000001,1.8000001,14,1
1771684960028000,1771684960028000,3.6000001,1.8000001,14,1
1771684960044000,1771684960044000,3.6000001,1.8000001,14,1
1771684960068000,1771684960068000,3.6000001,1.8000001,14,1
1771684960084000,1771684960084000,3.6000001,1.8000001,14,1
1771684960108000,1771684960108000,3.6000001,1.8000001,14,1
1771684960124000,1771684960124000,3.6000001,1.8000001,14,1
1771684960148000,1771684960148000,3.6000001,1.8000001,14,1
1771684960164000,1771684960164000,3.6000001,1.8000001,14,1
1771684960188000,1771684960188000,3.6000001,1.8000001,14,1
1771684960204000,1771684960204000,3.6000001,1.8000001,14,1
1771684960228000,1771684960228000,3.6000001,1.8000001,14,1
1771684960244000,1771684960244000,3.6000001,1.8000001,14,1
1771684960268000,1771684960268000,3.6000001,1.8000001,14,1
1771684960284000,1771684960284000,3.6000001,1.8000001,14,1
1771684960308000,1771684960308000,3.6000001,1.8000001,14,1
1771684960324000,1771684960324000,3.6000001,1.8000001,14,1
1771684960348000,1771684960348000,3.6000001,1.8000001,14,1
1771684960364000,1771684960364000,3.6000001,1.8000001,14,1
1771684960388000,1771684960388000,3.6000001,1.8000001,14,1
1771684960404000,1771684960404000,3.6000001,1.8000001,14,1
1771684960428000,1771684960428000,3.6000001,1.8000001,14,1
1771684960444000,1771684960444000,3.6000001,1.8000001,14,1
1771684960468000,1771684960468000,3.6000001,1.8000001,14,1
1771684960484000,1771684960484000,3.6000001,1.8000001,14,1
1771684960508000,1771684960508000,3.6000001,1.8000001,14,1
1771684960524000,1771684960524000,3.6000001,1.8000001,14,1
1771684960548000,1771684960548000,3.6000001,1.8000001,14,1
1771684960564000,1771684960564000,3.6000001,1.8000001,14,1
1771684960588000,1771684960588000,3.6000001,1.8000001,14,1
1771684960604000,1771684960604000,3.6000001,1.8000001,14,1
1771684960628000,1771684960628000,3.6000001,1.8000001,14,1
1771684960644000,1771684960644000,3.6000001,1.8000001,14,1
1771684960668000,1771684960668000,3.6000001,1.8000001,14,1
1771684960684000,1771684960684000,3.6000001,1.8000001,14,1
1771684960708000,1771684960708000,3.6000001,1.8000001,14,1
1771684960724000,1771684960724000,3.6000001,1.8000001,14,1
1771684960748000,1771684960748000,3.6000001,1.8000001,14,1
1771684960764000,1771684960764000,3.6000001,1.8000001,14,1
1771684960788000,1771684960788000,3.6000001,1.8000001,14,1
1771684960804000,1771684960804000,3.6000001,1.8000001,14,1
1771684960828000,1771684960828000,3.6000001,1.8000001,14,1
1771684960844000,1771684960844000,3.6000001,1.8000001,14,1
1771684960868000,1771684960868000,3.6000001,1.8000001,14,1
1771684960884000,1771684960884000,3.6000001,1.8000001,14,1
1771684960908000,1771684960908000,3.6000001,1.8000001,14,1
1771684960924000,1771684960924000,3.6000001,1.8000001,14,1
1771684960948000,1771684960948000,3.6000001,1.8000001,14,1
1771684960964000,1771684960964000,3.6000001,1.8000001,14,1
1771684960988000,1771684960988000,3.6000001,1.8000001,14,1
1771684961004000,1771684961004000,3.6000001,1.8000001,14,1
1771684961028000,1771684961028000,3.6000001,1.8000001,14,1
1771684961044000,1771684961044000,3.6000001,1.8000001,14,1
1771684961068000,1771684961068000,3.6000001,1.8000001,14,1
1771684961084000,1771684961084000,3.6000001,1.8000001,14,1
1771684961108000,1771684961108000,3.6000001,1.8000001,14,1
1771684961124000,1771684961124000,3.6000001,1.8000001,14,1
1771684961148000,1771684961148000,3.6000001,1.8000001,14,1
1771684961164000,1771684961164000,3.6000001,1.8000001,14,1
1771684961188000,1771684961188000,3.6000001,1.8000001,14,1
1771684961204000,1771684961204000,3.6000001,1.8000001,14,1
1771684961228000,1771684961228000,3.6000001,1.8000001,14,1
1771684961244000,1771684961244000,3.6000001,1.8000001,14,1
1771684961268000,1771684961268000,3.6000001,1.8000001,14,1
1771684961284000,1771684961284000,3.6000001,1.8000001,14,1
1771684961308000,1771684961308000,3.6000001,1.8000001,14,1
1771684961324000,1771684961324000,3.6000001,1.8000001,14,1
1771684961348000,1771684961348000,3.6000001,1.8000001,14,1
1771684961364000,1771684961364000,3.6000001,1.8000001,14,1
1771684961388000,1771684961388000,3.6000001,1.8000001,14,1
1771684961404000,1771684961404000,3.6000001,1.8000001,14,1
1771684961428000,1771684961428000,3.6000001,1.8000001,14,1
1771684961444000,1771684961444000,3.6000001,1.8000001,14,1
1771684961468000,1771684961468000,3.6000001,1.8000001,14,1
1771684961484000,1771684961484000,3.6000001,1.8000001,14,1
1771684961508000,1771684961508000,3.6000001,1.8000001,14,1
1771684961524000,1771684961524000,3.6000001,1.8000001,14,1
1771684961548000,1771684961548000,3.6000001,1.8000001,14,1
1771684961564000,1771684961564000,3.6000001,1.8000001,14,1
1771684961588000,1771684961588000,3.6000001,1.8000001,14,1
1771684961604000,1771684961604000,3.6000001,1.8000001,14,1
1771684961628000,1771684961628000,3.6000001,1.8000001,14,1
1771684961644000,1771684961644000,3.6000001,1.8000001,14,1
1771684961668000,1771684961668000,3.6000001,1.8000001,14,1
1771684961684000,1771684961684000,3.6000001,1.8000001,14,1
1771684961708000,1771684961708000,3.6000001,1.8000001,14,1
1771684961724000,1771684961724000,3.6000001,1.8000001,14,1
1771684961748000,1771684961748000,3.6000001,1.8000001,14,1
1771684961764000,1771684961764000,3.6000001,1.8000001,14,1
1771684961788000,1771684961788000,3.6000001,1.8000001,14,1
1771684961804000,1771684961804000,3.6000001,1.8000001,14,1
1771684961828000,1771684961828000,3.6000001,1.8000001,14,1
1771684961844000,1771684961844000,3.6000001,1.8000001,14,1
1771684961868000,1771684961868000,3.6000001,1.8000001,14,1
1771684961884000,1771684961884000,3.6000001,1.8000001,14,1
1771684961908000,1771684961908000,3.6000001,1.8000001,14,1
1771684961924000,1771684961924000,3.6000001,1.8000001,14,1
1771684961948000,1771684961948000,3.6000001,1.8000001,14,1
1771684961964000,1771684961964000,3.6000001,1.8000001,14,1
1771684961988000,1771684961988000,3.6000001,1.8000001,14,1
1771684962004000,1771684962004000,3.6000001,1.8000001,14,1
1771684962028000,1771684962028000,3.6000001,1.8000001,14,1
1771684962044000,1771684962044000,3.6000001,1.8000001,14,1
1771684962068000,1771684962068000,3.6000001,1.8000001,14,1
1771684962084000,1771684962084000,3.6000001,1.8000001,14,1
1771684962108000,1771684962108000,3.6000001,1.8000001,14,1
1771684962124000,1771684962124000,3.6000001,1.8000001,14,1
1771684962148000,1771684962148000,3.6000001,1.8000001,14,1
1771684962164000,1771684962164000,3.6000001,1.8000001,14,1
1771684962188000,1771684962188000,3.6000001,1.8000001,14,1
1771684962204000,1771684962204000,3.6000001,1.8000001,14,1
1771684962228000,1771684962228000,3.6000001,1.8000001,14,1
1771684962244000,1771684962244000,3.6000001,1.8000001,14,1
1771684962268000,1771684962268000,3.6000001,1.8000001,14,1
1771684962284000,1771684962284000,3.6000001,1.8000001,14,1
1771684962308000,1771684962308000,3.6000001,1.8000001,14,1
1771684962324000,1771684962324000,3.6000001,1.8000001,14,1
1771684962348000,1771684962348000,3.6000001,1.8000001,14,1
1771684962364000,1771684962364000,3.6000001,1.8000001,14,1
1771684962388000,1771684962388000,3.6000001,1.8000001,14,1
1771684962404000,1771684962404000,3.6000001,1.8000001,14,1
1771684962428000,1771684962428000,3.6000001,1.8000001,14,1
1771684962444000,1771684962444000,3.6000001,1.8000001,14,1
1771684962468000,1771684962468000,3.6000001,1.8000001,14,1
1771684962484000,1771684962484000,3.6000001,1.8000001,14,1
1771684962508000,1771684962508000,3.6000001,1.8000001,14,1
1771684962524000,1771684962524000,3.6000001,1.8000001,14,1
1771684962548000,1771684962548000,3.6000001,1.8000001,14,1
1771684962564000,1771684962564000,3.6000001,1.8000001,14,1
1771684962588000,1771684962588000,3.6000001,1.8000001,14,1
1771684962604000,1771684962604000,3.6000001,1.8000001,14,1
1771684962628000,1771684962628000,3.6000001,1.8000001,14,1
1771684962644000,1771684962644000,3.6000001,1.8000001,14,1
1771684962668000,1771684962668000,3.6000001,1.8000001,14,1
1771684962684000,1771684962684000,3.6000001,1.8000001,14,1
1771684962708000,1771684962708000,3.6000001,1.8000001,14,1
1771684962724000,1771684962724000,3.6000001,1.8000001,14,1
1771684962748000,1771684962748000,3.6000001,1.8000001,14,1
1771684962764000,1771684962764000,3.6000001,1.8000001,14,1
1771684962788000,1771684962788000,3.6000001,1.8000001,14,1
1771684962804000,1771684962804000,3.6000001,1.8000001,14,1
1771684962828000,1771684962828000,3.6000001,1.8000001,14,1
1771684962844000,1771684962844000,3.6000001,1.8000001,14,1
1771684962868000,1771684962868000,3.6000001,1.8000001,14,1
1771684962884000,1771684962884000,3.6000001,1.8000001,14,1
1771684962908000,1771684962908000,3.6000001,1.8000001,14,1
1771684962924000,1771684962924000,3.6000001,1.8000001,14,1
1771684962948000,1771684962948000,3.6000001,1.8000001,14,1
1771684962964000,1771684962964000,3.6000001,1.8000001,14,1
1771684962988000,1771684962988000,3.6000001,1.8000001,14,1
1771684963004000,1771684963004000,3.6000001,1.8000001,14,1
1771684963028000,1771684963028000,3.6000001,1.8000001,14,1
1771684963044000,1771684963044000,3.6000001,1.8000001,14,1
1771684963068000,1771684963068000,3.6000001,1.8000001,14,1
1771684963084000,1771684963084000,3.6000001,1.8000001,14,1
1771684963108000,1771684963108000,3.6000001,1.8000001,14,1
1771684963124000,1771684963124000,3.6000001,1.8000001,14,1
1771684963148000,1771684963148000,3.6000001,1.8000001,14,1
1771684963164000,1771684963164000,3.6000001,1.8000001,14,1
1771684963188000,1771684963188000,3.6000001,1.8000001,14,1
1771684963204000,1771684963204000,3.6000001,1.8000001,14,1
1771684963228000,1771684963228000,3.6000001,1.8000001,14,1
1771684963244000,1771684963244000,3.6000001,1.8000001,14,1
1771684963268000,1771684963268000,3.6000001,1.8000001,14,1
1771684963284000,1771684963284000,3.6000001,1.8000001,14,1
1771684963308000,1771684963308000,3.6000001,1.8000001,14,1
1771684963324000,1771684963324000,3.6000001,1.8000001,14,1
1771684963348000,1771684963348000,3.6000001,1.8000001,14,1
1771684963364000,1771684963364000,3.6000001,1.8000001,14,1
1771684963388000,1771684963388000,3.6000001,1.8000001,14,1
1771684963404000,1771684963404000,3.6000001,1.8000001,14,1
1771684963428000,1771684963428000,3.6000001,1.8000001,14,1
1771684963444000,1771684963444000,3.6000001,1.8000001,14,1
1771684963468000,1771684963468000,3.6000001,1.8000001,14,1
1771684963484000,1771684963484000,3.6000001,1.8000001,14,1
1771684963508000,1771684963508000,3.6000001,1.8000001,14,1
1771684963524000,1771684963524000,3.6000001,1.8000001,14,1
1771684963548000,1771684963548000,3.6000001,1.8000001,14,1
1771684963564000,1771684963564000,3.6000001,1.8000001,14,1
1771684963588000,1771684963588000,3.6000001,1.8000001,14,1
1771684963604000,1771684963604000,3.6000001,1.8000001,14,1
1771684963628000,1771684963628000,3.6000001,1.8000001,14,1
1771684963644000,1771684963644000,3.6000001,1.8000001,14,1
1771684963668000,1771684963668000,3.6000001,1.8000001,14,1
1771684963684000,1771684963684000,3.6000001,1.8000001,14,1
1771684963708000,1771684963708000,3.6000001,1.8000001,14,1
1771684963724000,1771684963724000,3.6000001,1.8000001,14,1
1771684963748000,1771684963748000,3.6000001,1.8000001,14,1
1771684963764000,1771684963764000,3.6000001,1.8000001,14,1
1771684963788000,1771684963788000,3.6000001,1.8000001,14,1
1771684963804000,1771684963804000,3.6000001,1.8000001,14,1
1771684963828000,1771684963828000,3.6000001,1.8000001,14,1
1771684963844000,1771684963844000,3.6000001,1.8000001,14,1
1771684963868000,1771684963868000,3.6000001,1.8000001,14,1
1771684963884000,1771684963884000,3.6000001,1.8000001,14,1
1771684963908000,1771684963908000,3.6000001,1.8000001,14,1
1771684963924000,1771684963924000,3.6000001,1.8000001,14,1
1771684963948000,1771684963948000,3.6000001,1.8000001,14,1
1771684963964000,1771684963964000,3.6000001,1.8000001,14,1
1771684963988000,1771684963988000,3.6000001,1.8000001,14,1
1771684964004000,1771684964004000,3.6000001,1.8000001,14,1
1771684964028000,1771684964028000,3.6000001,1.8000001,14,1
1771684964044000,1771684964044000,3.6000001,1.8000001,14,1
1771684964068000,1771684964068000,3.6000001,1.8000001,14,1
1771684964084000,1771684964084000,3.6000001,1.8000001,14,1
1771684964108000,1771684964108000,3.6000001,1.8000001,14,1
1771684964124000,1771684964124000,3.6000001,1.8000001,14,1
1771684964148000,1771684964148000,3.6000001,1.8000001,14,1
1771684964164000,1771684964164000,3.6000001,1.8000001,14,1
1771684964188000,1771684964188000,3.6000001,1.8000001,14,1
1771684964204000,1771684964204000,3.6000001,1.8000001,14,1
1771684964228000,1771684964228000,3.6000001,1.8000001,14,1
1771684964244000,1771684964244000,3.6000001,1.8000001,14,1
1771684964268000,1771684964268000,3.6000001,1.8000001,14,1
1771684964284000,1771684964284000,3.6000001,1.8000001,14,1
1771684964308000,1771684964308000,3.6000001,1.8000001,14,1
1771684964324000,1771684964324000,3.6000001,1.8000001,14,1
1771684964348000,1771684964348000,3.6000001,1.8000001,14,1
1771684964364000,1771684964364000,3.6000001,1.8000001,14,1
1771684964388000,1771684964388000,3.6000001,1.8000001,14,1
1771684964404000,1771684964404000,3.6000001,1.8000001,14,1
1771684964428000,1771684964428000,3.6000001,1.8000001,14,1
1771684964444000,1771684964444000,3.6000001,1.8000001,14,1
1771684964468000,1771684964468000,3.6000001,1.8000001,14,1
1771684964484000,1771684964484000,3.6000001,1.8000001,14,1
1771684964508000,1771684964508000,3.6000001,1.8000001,14,1
1771684964524000,1771684964524000,3.6000001,1.8000001,14,1
1771684964548000,1771684964548000,3.6000001,1.8000001,14,1
1771684964564000,1771684964564000,3.6000001,1.8000001,14,1
1771684964588000,1771684964588000,3.6000001,1.8000001,14,1
1771684964604000,1771684964604000,3.6000001,1.8000001,14,1
1771684964628000,1771684964628000,3.6000001,1.8000001,14,1
1771684964644000,1771684964644000,3.6000001,1.8000001,14,1
1771684964668000,1771684964668000,3.6000001,1.8000001,14,1
1771684964684000,1771684964684000,3.6000001,1.8000001,14,1
1771684964708000,1771684964708000,3.6000001,1.8000001,14,1
1771684964724000,1771684964724000,3.6000001,1.8000001,14,1
1771684964748000,1771684964748000,3.6000001,1.8000001,14,1
1771684964764000,1771684964764000,3.6000001,1.8000001,14,1
1771684964788000,1771684964788000,3.6000001,1.8000001,14,1
1771684964804000,1771684964804000,3.6000001,1.8000001,14,1
1771684964828000,1771684964828000,3.6000001,1.8000001,14,1
1771684964844000,1771684964844000,3.6000001,1.8000001,14,1
1771684964868000,1771684964868000,3.6000001,1.8000001,14,1
1771684964884000,1771684964884000,3.6000001,1.8000001,14,1
1771684964908000,1771684964908000,3.6000001,1.8000001,14,1
1771684964924000,1771684964924000,3.6000001,1.8000001,14,1
1771684964948000,1771684964948000,3.6000001,1.8000001,14,1
1771684964964000,1771684964964000,3.6000001,1.8000001,14,1
1771684964988000,1771684964988000,3.6000001,1.8000001,14,1
1771684965004000,1771684965004000,3.6000001,1.8000001,14,1
1771684965028000,1771684965028000,3.6000001,1.8000001,14,1
1771684965044000,1771684965044000,3.6000001,1.8000001,14,1
1771684965068000,1771684965068000,3.6000001,1.8000001,14,1
1771684965084000,1771684965084000,3.6000001,1.8000001,14,1
1771684965108000,1771684965108000,3.6000001,1.8000001,14,1
1771684965124000,1771684965124000,3.6000001,1.8000001,14,1
1771684965148000,1771684965148000,3.6000001,1.8000001,14,1
1771684965164000,1771684965164000,3.6000001,1.8000001,14,1
1771684965188000,1771684965188000,3.6000001,1.8000001,14,1
1771684965204000,1771684965204000,3.6000001,1.8000001,14,1
1771684965228000,1771684965228000,3.6000001,1.8000001,14,1
1771684965244000,1771684965244000,3.6000001,1.8000001,14,1
1771684965268000,1771684965268000,3.6000001,1.8000001,14,1
1771684965284000,1771684965284000,3.6000001,1.8000001,14,1
1771684965308000,1771684965308000,3.6000001,1.8000001,14,1
1771684965324000,1771684965324000,3.6000001,1.8000001,14,1
1771684965348000,1771684965348000,3.6000001,1.8000001,14,1
1771684965364000,1771684965364000,3.6000001,1.8000001,14,1
1771684965388000,1771684965388000,3.6000001,1.8000001,14,1
1771684965404000,1771684965404000,3.6000001,1.8000001,14,1
1771684965428000,1771684965428000,3.6000001,1.8000001,14,1
1771684965444000,1771684965444000,3.6000001,1.8000001,14,1
1771684965468000,1771684965468000,3.6000001,1.8000001,14,1
1771684965484000,1771684965484000,3.6000001,1.8000001,14,1
1771684965508000,1771684965508000,3.6000001,1.8000001,14,1
1771684965524000,1771684965524000,3.6000001,1.8000001,14,1
1771684965548000,1771684965548000,3.6000001,1.8000001,14,1
1771684965564000,1771684965564000,3.6000001,1.8000001,14,1
1771684965588000,1771684965588000,3.6000001,1.8000001,14,1
1771684965604000,1771684965604000,3.6000001,1.8000001,14,1
1771684965628000,1771684965628000,3.6000001,1.8000001,14,1
1771684965644000,1771684965644000,3.6000001,1.8000001,14,1
1771684965668000,1771684965668000,3.6000001,1.8000001,14,1
1771684965684000,1771684965684000,3.6000001,1.8000001,14,1
1771684965708000,1771684965708000,3.6000001,1.8000001,14,1
1771684965724000,1771684965724000,3.6000001,1.8000001,14,1
1771684965748000,1771684965748000,3.6000001,1.8000001,14,1
1771684965764000,1771684965764000,3.6000001,1.8000001,14,1
1771684965788000,1771684965788000,3.6000001,1.8000001,14,1
1771684965804000,1771684965804000,3.6000001,1.8000001,14,1
1771684965828000,1771684965828000,3.6000001,1.8000001,14,1
1771684965844000,1771684965844000,3.6000001,1.8000001,14,1
1771684965868000,1771684965868000,3.6000001,1.8000001,14,1
1771684965884000,1771684965884000,3.6000001,1.8000001,14,1
1771684965908000,1771684965908000,3.6000001,1.8000001,14,1
1771684965924000,1771684965924000,3.6000001,1.8000001,14,1
1771684965948000,1771684965948000,3.6000001,1.8000001,14,1
1771684965964000,1771684965964000,3.6000001,1.8000001,14,1
1771684965988000,1771684965988000,3.6000001,1.8000001,14,1
1771684966004000,1771684966004000,3.6000001,1.8000001,14,1
1771684966028000,1771684966028000,3.6000001,1.8000001,14,1
1771684966044000,1771684966044000,3.6000001,1.8000001,14,1
1771684966068000,1771684966068000,3.6000001,1.8000001,14,1
1771684966084000,1771684966084000,3.6000001,1.8000001,14,1
1771684966108000,1771684966108000,3.6000001,1.8000001,14,1
1771684966124000,1771684966124000,3.6000001,1.8000001,14,1
1771684966148000,1771684966148000,3.6000001,1.8000001,14,1
1771684966164000,1771684966164000,3.6000001,1.8000001,14,1
1771684966188000,1771684966188000,3.6000001,1.8000001,14,1
1771684966204000,1771684966204000,3.6000001,1.8000001,14,1
1771684966228000,1771684966228000,3.6000001,1.8000001,14,1
1771684966244000,1771684966244000,3.6000001,1.8000001,14,1
1771684966268000,1771684966268000,3.6000001,1.8000001,14,1
1771684966284000,1771684966284000,3.6000001,1.8000001,14,1
1771684966308000,1771684966308000,3.6000001,1.8000001,14,1
1771684966324000,1771684966324000,3.6000001,1.8000001,14,1
1771684966348000,1771684966348000,3.6000001,1.8000001,14,1
1771684966364000,1771684966364000,3.6000001,1.8000001,14,1
1771684966388000,1771684966388000,3.6000001,1.8000001,14,1
1771684966404000,1771684966404000,3.6000001,1.8000001,14,1
1771684966428000,1771684966428000,3.6000001,1.8000001,14,1
1771684966444000,1771684966444000,3.6000001,1.8000001,14,1
1771684966468000,1771684966468000,3.6000001,1.8000001,14,1
1771684966484000,1771684966484000,3.6000001,1.8000001,14,1
1771684966508000,1771684966508000,3.6000001,1.8000001,14,1
1771684966524000,1771684966524000,3.6000001,1.8000001,14,1
1771684966548000,1771684966548000,3.6000001,1.8000001,14,1
1771684966564000,1771684966564000,3.6000001,1.8000001,14,1
1771684966588000,1771684966588000,3.6000001,1.8000001,14,1
1771684966604000,1771684966604000,3.6000001,1.8000001,14,1
1771684966628000,1771684966628000,3.6000001,1.8000001,14,1
1771684966644000,1771684966644000,3.6000001,1.8000001,14,1
1771684966668000,1771684966668000,3.6000001,1.8000001,14,1
1771684966684000,1771684966684000,3.6000001,1.8000001,14,1
1771684966708000,1771684966708000,3.6000001,1.8000001,14,1
1771684966724000,1771684966724000,3.6000001,1.8000001,14,1
1771684966748000,1771684966748000,3.6000001,1.8000001,14,1
1771684966764000,1771684966764000,3.6000001,1.8000001,14,1
1771684966788000,1771684966788000,3.6000001,1.8000001,14,1
1771684966804000,1771684966804000,3.6000001,1.8000001,14,1
1771684966828000,1771684966828000,3.6000001,1.8000001,14,1
1771684966844000,1771684966844000,3.6000001,1.8000001,14,1
1771684966868000,1771684966868000,3.6000001,1.8000001,14,1
1771684966884000,1771684966884000,3.6000001,1.8000001,14,1
1771684966908000,1771684966908000,3.6000001,1.8000001,14,1
1771684966924000,1771684966924000,3.6000001,1.8000001,14,1
1771684966948000,1771684966948000,3.6000001,1.8000001,14,1
1771684966964000,1771684966964000,3.6000001,1.8000001,14,1
1771684966988000,1771684966988000,3.6000001,1.8000001,14,1
1771684967004000,1771684967004000,3.6000001,1.8000001,14,1
1771684967028000,1771684967028000,3.6000001,1.8000001,14,1
1771684967044000,1771684967044000,3.6000001,1.8000001,14,1
1771684967068000,1771684967068000,3.6000001,1.8000001,14,1
1771684967084000,1771684967084000,3.6000001,1.8000001,14,1
1771684967108000,1771684967108000,3.6000001,1.8000001,14,1
1771684967124000,1771684967124000,3.6000001,1.8000001,14,1
1771684967148000,1771684967148000,3.6000001,1.8000001,14,1
1771684967164000,1771684967164000,3.6000001,1.8000001,14,1
1771684967188000,1771684967188000,3.6000001,1.8000001,14,1
1771684967204000,1771684967204000,3.6000001,1.8000001,14,1
1771684967228000,1771684967228000,3.6000001,1.8000001,14,1
1771684967244000,1771684967244000,3.6000001,1.8000001,14,1
1771684967268000,1771684967268000,3.6000001,1.8000001,14,1
1771684967284000,1771684967284000,3.6000001,1.8000001,14,1
1771684967308000,1771684967308000,3.6000001,1.8000001,14,1
1771684967324000,1771684967324000,3.6000001,1.8000001,14,1
1771684967348000,1771684967348000,3.6000001,1.8000001,14,1
1771684967364000,1771684967364000,3.6000001,1.8000001,14,1
1771684967388000,1771684967388000,3.6000001,1.8000001,14,1
1771684967404000,1771684967404000,3.6000001,1.8000001,14,1
1771684967428000,1771684967428000,3.6000001,1.8000001,14,1
1771684967444000,1771684967444000,3.6000001,1.8000001,14,1
1771684967468000,1771684967468000,3.6000001,1.8000001,14,1
1771684967484000,1771684967484000,3.6000001,1.8000001,14,1
1771684967508000,1771684967508000,3.6000001,1.8000001,14,1
1771684967524000,1771684967524000,3.6000001,1.8000001,14,1
1771684967548000,1771684967548000,3.6000001,1.8000001,14,1
1771684967564000,1771684967564000,3.6000001,1.8000001,14,1
1771684967588000,1771684967588000,3.6000001,1.8000001,14,1
1771684967604000,1771684967604000,3.6000001,1.8000001,14,1
1771684967628000,1771684967628000,3.6000001,1.8000001,14,1
1771684967644000,1771684967644000,3.6000001,1.8000001,14,1
1771684967668000,1771684967668000,3.6000001,1.8000001,14,1
1771684967684000,1771684967684000,3.6000001,1.8000001,14,1
1771684967708000,1771684967708000,3.6000001,1.8000001,14,1
1771684967724000,1771684967724000,3.6000001,1.8000001,14,1
1771684967748000,1771684967748000,3.6000001,1.8000001,14,1
1771684967764000,1771684967764000,3.6000001,1.8000001,14,1
1771684967788000,1771684967788000,3.6000001,1.8000001,14,1
1771684967804000,1771684967804000,3.6000001,1.8000001,14,1
1771684967828000,1771684967828000,3.6000001,1.8000001,14,1
1771684967844000,1771684967844000,3.6000001,1.8000001,14,1
1771684967868000,1771684967868000,3.6000001,1.8000001,14,1
1771684967884000,1771684967884000,3.6000001,1.8000001,14,1
1771684967908000,1771684967908000,3.6000001,1.8000001,14,1
1771684967924000,1771684967924000,3.6000001,1.8000001,14,1
1771684967948000,1771684967948000,3.6000001,1.8000001,14,1
1771684967964000,1771684967964000,3.6000001,1.8000001,14,1
1771684967988000,1771684967988000,3.6000001,1.8000001,14,1
1771684968004000,1771684968004000,3.6000001,1.8000001,14,1
1771684968028000,1771684968028000,3.6000001,1.8000001,14,1
1771684968044000,1771684968044000,3.6000001,1.8000001,14,1
1771684968068000,1771684968068000,3.6000001,1.8000001,14,1
1771684968084000,1771684968084000,3.6000001,1.8000001,14,1
1771684968108000,1771684968108000,3.6000001,1.8000001,14,1
1771684968124000,1771684968124000,3.6000001,1.8000001,14,1
1771684968148000,1771684968148000,3.6000001,1.8000001,14,1
1771684968164000,1771684968164000,3.6000001,1.8000001,14,1
1771684968188000,1771684968188000,3.6000001,1.8000001,14,1
1771684968204000,1771684968204000,3.6000001,1.8000001,14,1
1771684968228000,1771684968228000,3.6000001,1.8000001,14,1
1771684968244000,1771684968244000,3.6000001,1.8000001,14,1
1771684968268000,1771684968268000,3.6000001,1.8000001,14,1
1771684968284000,1771684968284000,3.6000001,1.8000001,14,1
1771684968308000,1771684968308000,3.6000001,1.8000001,14,1
1771684968324000,1771684968324000,3.6000001,1.8000001,14,1
1771684968348000,1771684968348000,3.6000001,1.8000001,14,1
1771684968364000,1771684968364000,3.6000001,1.8000001,14,1
1771684968388000,1771684968388000,3.6000001,1.8000001,14,1
1771684968404000,1771684968404000,3.6000001,1.8000001,14,1
1771684968428000,1771684968428000,3.6000001,1.8000001,14,1
1771684968444000,1771684968444000,3.6000001,1.8000001,14,1
1771684968468000,1771684968468000,3.6000001,1.8000001,14,1
1771684968484000,1771684968484000,3.6000001,1.8000001,14,1
1771684968508000,1771684968508000,3.6000001,1.8000001,14,1
1771684968524000,1771684968524000,3.6000001,1.8000001,14,1
1771684968548000,1771684968548000,3.6000001,1.8000001,14,1
1771684968564000,1771684968564000,3.6000001,1.8000001,14,1
1771684968588000,1771684968588000,3.6000001,1.8000001,14,1
1771684968604000,1771684968604000,3.6000001,1.8000001,14,1
1771684968628000,1771684968628000,3.6000001,1.8000001,14,1
1771684968644000,1771684968644000,3.6000001,1.8000001,14,1
1771684968668000,1771684968668000,3.6000001,1.8000001,14,1
1771684968684000,1771684968684000,3.6000001,1.8000001,14,1
1771684968708000,1771684968708000,3.6000001,1.8000001,14,1
1771684968724000,1771684968724000,3.6000001,1.8000001,14,1
1771684968748000,1771684968748000,3.6000001,1.8000001,14,1
1771684968764000,1771684968764000,3.6000001,1.8000001,14,1
1771684968788000,1771684968788000,3.6000001,1.8000001,14,1
1771684968804000,1771684968804000,3.6000001,1.8000001,14,1
1771684968828000,1771684968828000,3.6000001,1.8000001,14,1
1771684968844000,1771684968844000,3.6000001,1.8000001,14,1
1771684968868000,1771684968868000,3.6000001,1.8000001,14,1
1771684968884000,1771684968884000,3.6000001,1.8000001,14,1
1771684968908000,1771684968908000,3.6000001,1.8000001,14,1
1771684968924000,1771684968924000,3.6000001,1.8000001,14,1
1771684968948000,1771684968948000,3.6000001,1.8000001,14,1
1771684968964000,1771684968964000,3.6000001,1.8000001,14,1
1771684968988000,1771684968988000,3.6000001,1.8000001,14,1
1771684969004000,1771684969004000,3.6000001,1.8000001,14,1
1771684969028000,1771684969028000,3.6000001,1.8000001,14,1
1771684969044000,1771684969044000,3.6000001,1.8000001,14,1
1771684969068000,1771684969068000,3.6000001,1.8000001,14,1
1771684969084000,1771684969084000,3.6000001,1.8000001,14,1
1771684969108000,1771684969108000,3.6000001,1.8000001,14,1
1771684969124000,1771684969124000,3.6000001,1.8000001,14,1
1771684969148000,1771684969148000,3.6000001,1.8000001,14,1
1771684969164000,1771684969164000,3.6000001,1.8000001,14,1
1771684969188000,1771684969188000,3.6000001,1.8000001,14,1
1771684969204000,1771684969204000,3.6000001,1.8000001,14,1
1771684969228000,1771684969228000,3.6000001,1.8000001,14,1
1771684969244000,1771684969244000,3.6000001,1.8000001,14,1
1771684969268000,1771684969268000,3.6000001,1.8000001,14,1
1771684969284000,1771684969284000,3.6000001,1.8000001,14,1
1771684969308000,1771684969308000,3.6000001,1.8000001,14,1
1771684969324000,1771684969324000,3.6000001,1.8000001,14,1
1771684969348000,1771684969348000,3.6000001,1.8000001,14,1
1771684969364000,1771684969364000,3.6000001,1.8000001,14,1
1771684969388000,1771684969388000,3.6000001,1.8000001,14,1
1771684969404000,1771684969404000,3.6000001,1.8000001,14,1
1771684969428000,1771684969428000,3.6000001,1.8000001,14,1
1771684969444000,1771684969444000,3.6000001,1.8000001,14,1
1771684969468000,1771684969468000,3.6000001,1.8000001,14,1
1771684969484000,1771684969484000,3.6000001,1.8000001,14,1
1771684969508000,1771684969508000,3.6000001,1.8000001,14,1
1771684969524000,1771684969524000,3.6000001,1.8000001,14,1
1771684969548000,1771684969548000,3.6000001,1.8000001,14,1
1771684969564000,1771684969564000,3.6000001,1.8000001,14,1
1771684969588000,1771684969588000,3.6000001,1.8000001,14,1
1771684969604000,1771684969604000,3.6000001,1.8000001,14,1
1771684969628000,1771684969628000,3.6000001,1.8000001,14,1
1771684969644000,1771684969644000,3.6000001,1.8000001,14,1
1771684969668000,1771684969668000,3.6000001,1.8000001,14,1
1771684969684000,1771684969684000,3.6000001,1.8000001,14,1
1771684969708000,1771684969708000,3.6000001,1.8000001,14,1
1771684969724000,1771684969724000,3.6000001,1.8000001,14,1
1771684969748000,1771684969748000,3.6000001,1.8000001,14,1
1771684969764000,1771684969764000,3.6000001,1.8000001,14,1
1771684969788000,1771684969788000,3.6000001,1.8000001,14,1
1771684969804000,1771684969804000,3.6000001,1.8000001,14,1
1771684969828000,1771684969828000,3.6000001,1.8000001,14,1
1771684969844000,1771684969844000,3.6000001,1.8000001,14,1
1771684969868000,1771684969868000,3.6000001,1.8000001,14,1
1771684969884000,1771684969884000,3.6000001,1.8000001,14,1
1771684969908000,1771684969908000,3.6000001,1.8000001,14,1
1771684969924000,1771684969924000,3.6000001,1.8000001,14,1
1771684969948000,1771684969948000,3.6000001,1.8000001,14,1
1771684969964000,1771684969964000,3.6000001,1.8000001,14,1
1771684969988000,1771684969988000,3.6000001,1.8000001,14,1
1771684970004000,1771684970004000,3.6000001,1.8000001,14,1
1771684970028000,1771684970028000,3.6000001,1.8000001,14,1
1771684970044000,1771684970044000,3.6000001,1.8000001,14,1
1771684970068000,1771684970068000,3.6000001,1.8000001,14,1
1771684970084000,1771684970084000,3.6000001,1.8000001,14,1
1771684970108000,1771684970108000,3.6000001,1.8000001,14,1
1771684970124000,1771684970124000,3.6000001,1.8000001,14,1
1771684970148000,1771684970148000,3.6000001,1.8000001,14,1
1771684970164000,1771684970164000,3.6000001,1.8000001,14,1
1771684970188000,1771684970188000,3.6000001,1.8000001,14,1
1771684970204000,1771684970204000,3.6000001,1.8000001,14,1
1771684970228000,1771684970228000,3.6000001,1.8000001,14,1
1771684970244000,1771684970244000,3.6000001,1.8000001,14,1
1771684970268000,1771684970268000,3.6000001,1.8000001,14,1
1771684970284000,1771684970284000,3.6000001,1.8000001,14,1
1771684970308000,1771684970308000,3.6000001,1.8000001,14,1
1771684970324000,1771684970324000,3.6000001,1.8000001,14,1
1771684970348000,1771684970348000,3.6000001,1.8000001,14,1
1771684970364000,1771684970364000,3.6000001,1.8000001,14,1
1771684970388000,1771684970388000,3.6000001,1.8000001,14,1
1771684970404000,1771684970404000,3.6000001,1.8000001,14,1
1771684970428000,1771684970428000,3.6000001,1.8000001,14,1
1771684970444000,1771684970444000,3.6000001,1.8000001,14,1
1771684970468000,1771684970468000,3.6000001,1.8000001,14,1
1771684970484000,1771684970484000,3.6000001,1.8000001,14,1
1771684970508000,1771684970508000,3.6000001,1.8000001,14,1
1771684970524000,1771684970524000,3.6000001,1.8000001,14,1
1771684970548000,1771684970548000,3.6000001,1.8000001,14,1
1771684970564000,1771684970564000,3.6000001,1.8000001,14,1
1771684970588000,1771684970588000,3.6000001,1.8000001,14,1
1771684970604000,1771684970604000,3.6000001,1.8000001,14,1
1771684970628000,1771684970628000,3.6000001,1.8000001,14,1
1771684970644000,1771684970644000,3.6000001,1.8000001,14,1
1771684970668000,1771684970668000,3.6000001,1.8000001,14,1
1771684970684000,1771684970684000,3.6000001,1.8000001,14,1
1771684970708000,1771684970708000,3.6000001,1.8000001,14,1
1771684970724000,1771684970724000,3.6000001,1.8000001,14,1
1771684970748000,1771684970748000,3.6000001,1.8000001,14,1
1771684970764000,1771684970764000,3.6000001,1.8000001,14,1
1771684970788000,1771684970788000,3.6000001,1.8000001,14,1
1771684970804000,1771684970804000,3.6000001,1.8000001,14,1
1771684970828000,1771684970828000,3.6000001,1.8000001,14,1
1771684970844000,1771684970844000,3.6000001,1.8000001,14,1
1771684970868000,1771684970868000,3.6000001,1.8000001,14,1
1771684970884000,1771684970884000,3.6000001,1.8000001,14,1
1771684970908000,1771684970908000,3.6000001,1.8000001,14,1
1771684970924000,1771684970924000,3.6000001,1.8000001,14,1
1771684970948000,1771684970948000,3.6000001,1.8000001,14,1
1771684970964000,1771684970964000,3.6000001,1.8000001,14,1
1771684970988000,1771684970988000,3.6000001,1.8000001,14,1
1771684971004000,1771684971004000,3.6000001,1.8000001,14,1
1771684971028000,1771684971028000,3.6000001,1.8000001,14,1
1771684971044000,1771684971044000,3.6000001,1.8000001,14,1
1771684971068000,1771684971068000,3.6000001,1.8000001,14,0
1771684971084000,1771684971084000,3.6000001,1.8000001,14,0
1771684971108000,1771684971108000,3.6000001,1.8000001,14,0
1771684971124000,1771684971124000,3.6000001,1.8000001,14,0
1771684971148000,1771684971148000,3.6000001,1.8000001,14,0
1771684971164000,1771684971164000,3.6000001,1.8000001,14,0
1771684971188000,1771684971188000,3.6000001,1.8000001,14,0
1771684971204000,1771684971204000,3.6000001,1.8000001,14,0
1771684971228000,1771684971228000,3.6000001,1.8000001,14,0
1771684971244000,1771684971244000,3.6000001,1.8000001,14,0
1771684971268000,1771684971268000,3.6000001,1.8000001,14,0
1771684971284000,1771684971284000,3.6000001,1.8000001,14,0
1771684971308000,1771684971308000,3.6000001,1.8000001,14,0
1771684971324000,1771684971324000,3.6000001,1.8000001,14,0
1771684971348000,1771684971348000,3.6000001,1.8000001,14,0
1771684971364000,1771684971364000,3.6000001,1.8000001,14,1
1771684971388000,1771684971388000,3.6000001,1.8000001,14,1
1771684971404000,1771684971404000,3.6000001,1.8000001,14,1
1771684971428000,1771684971428000,3.6000001,1.8000001,14,1
1771684971444000,1771684971444000,3.6000001,1.8000001,14,1
1771684971468000,1771684971468000,3.6000001,1.8000001,14,1
1771684971484000,1771684971484000,3.6000001,1.8000001,14,1
1771684971508000,1771684971508000,3.6000001,1.8000001,14,1
1771684971524000,1771684971524000,3.6000001,1.8000001,14,1
1771684971548000,1771684971548000,3.6000001,1.8000001,14,1
1771684971564000,1771684971564000,3.6000001,1.8000001,14,1
1771684971588000,1771684971588000,3.6000001,1.8000001,14,1
1771684971604000,1771684971604000,3.6000001,1.8000001,14,1
1771684971628000,1771684971628000,3.6000001,1.8000001,14,0
1771684971644000,1771684971644000,3.6000001,1.8000001,14,0
1771684971668000,1771684971668000,3.6000001,1.8000001,14,0
1771684971684000,1771684971684000,3.6000001,1.8000001,14,0
1771684971708000,1771684971708000,3.6000001,1.8000001,14,0
1771684971724000,1771684971724000,3.6000001,1.8000001,14,0
1771684971748000,1771684971748000,3.6000001,1.8000001,14,0
1771684971764000,1771684971764000,3.6000001,1.8000001,14,0
1771684971788000,1771684971788000,3.6000001,1.8000001,14,0
1771684971804000,1771684971804000,3.6000001,1.8000001,14,0
1771684971828000,1771684971828000,3.6000001,1.8000001,14,0
1771684971844000,1771684971844000,3.6000001,1.8000001,14,0
1771684971868000,1771684971868000,3.6000001,1.8000001,14,0
1771684971884000,1771684971884000,3.6000001,1.8000001,14,0
1771684971908000,1771684971908000,3.6000001,1.8000001,14,0
1771684971924000,1771684971924000,3.6000001,1.8000001,14,0
1771684971948000,1771684971948000,3.6000001,1.8000001,14,0
1771684971964000,1771684971964000,3.6000001,1.8000001,14,0
1771684971988000,1771684971988000,3.6000001,1.8000001,14,0
1771684972004000,1771684972004000,3.6000001,1.8000001,14,0
1771684972028000,1771684972028000,3.6000001,1.8000001,14,0
1771684972044000,1771684972044000,3.6000001,1.8000001,14,0
1771684972068000,1771684972068000,3.6000001,1.8000001,14,0
1771684972084000,1771684972084000,3.6000001,1.8000001,14,0
1771684972108000,1771684972108000,3.6000001,1.8000001,14,0
1771684972124000,1771684972124000,3.6000001,1.8000001,14,0
1771684972148000,1771684972148000,3.6000001,1.8000001,14,0
1771684972164000,1771684972164000,3.6000001,1.8000001,14,0
1771684972188000,1771684972188000,3.6000001,1.8000001,14,0
1771684972204000,1771684972204000,3.6000001,1.8000001,14,0
1771684972228000,1771684972228000,3.6000001,1.8000001,14,0
1771684972244000,1771684972244000,3.6000001,1.8000001,14,0
1771684972268000,1771684972268000,3.6000001,1.8000001,14,0
1771684972284000,1771684972284000,3.6000001,1.8000001,14,0
1771684972308000,1771684972308000,3.6000001,1.8000001,14,0
1771684972324000,1771684972324000,3.6000001,1.8000001,14,0
1771684972348000,1771684972348000,3.6000001,1.8000001,14,0
1771684972364000,1771684972364000,3.6000001,1.8000001,14,0
1771684972388000,1771684972388000,3.6000001,1.8000001,14,0
1771684972404000,1771684972404000,3.6000001,1.8000001,14,0
1771684972428000,1771684972428000,3.6000001,1.8000001,14,0
1771684972444000,1771684972444000,3.6000001,1.8000001,14,0
1771684972468000,1771684972468000,3.6000001,1.8000001,14,0
1771684972484000,1771684972484000,3.6000001,1.8000001,14,0
1771684972508000,1771684972508000,3.6000001,1.8000001,14,0
1771684972524000,1771684972524000,3.6000001,1.8000001,14,0
1771684972548000,1771684972548000,3.6000001,1.8000001,14,0
1771684972564000,1771684972564000,3.6000001,1.8000001,14,0
1771684972588000,1771684972588000,3.6000001,1.8000001,14,0
1771684972604000,1771684972604000,3.6000001,1.8000001,14,0
1771684972628000,1771684972628000,3.6000001,1.8000001,14,0
1771684972644000,1771684972644000,3.6000001,1.8000001,14,0
1771684972668000,1771684972668000,3.6000001,1.8000001,14,0
1771684972684000,1771684972684000,3.6000001,1.8000001,14,0
1771684972708000,1771684972708000,3.6000001,1.8000001,14,0
1771684972724000,1771684972724000,3.6000001,1.8000001,14,0
1771684972748000,1771684972748000,3.6000001,1.8000001,14,0
1771684972764000,1771684972764000,3.6000001,1.8000001,14,0
1771684972788000,1771684972788000,3.6000001,1.8000001,14,0
1771684972804000,1771684972804000,3.6000001,1.8000001,14,0
1771684972828000,1771684972828000,3.6000001,1.8000001,14,0
1771684972844000,1771684972844000,3.6000001,1.8000001,14,0
1771684972868000,1771684972868000,3.6000001,1.8000001,14,0
1771684972884000,1771684972884000,3.6000001,1.8000001,14,0
1771684972908000,1771684972908000,3.6000001,1.8000001,14,0
1771684972924000,1771684972924000,3.6000001,1.8000001,14,0
1771684972948000,1771684972948000,3.6000001,1.8000001,14,0
1771684972964000,1771684972964000,3.6000001,1.8000001,14,0
1771684972988000,1771684972988000,3.6000001,1.8000001,14,0
1771684973004000,1771684973004000,3.6000001,1.8000001,14,0
1771684973028000,1771684973028000,3.6000001,1.8000001,14,0
1771684973044000,1771684973044000,3.6000001,1.8000001,14,0
1771684973068000,1771684973068000,3.6000001,1.8000001,14,0
1771684973084000,1771684973084000,3.6000001,1.8000001,14,0
1771684973108000,1771684973108000,3.6000001,1.8000001,14,0
1771684973124000,1771684973124000,3.6000001,1.8000001,14,0
1771684973148000,1771684973148000,3.6000001,1.8000001,14,0
1771684973164000,1771684973164000,3.6000001,1.8000001,14,0
1771684973188000,1771684973188000,3.6000001,1.8000001,14,0
1771684973204000,1771684973204000,3.6000001,1.8000001,14,0
1771684973228000,1771684973228000,3.6000001,1.8000001,14,0
1771684973244000,1771684973244000,3.6000001,1.8000001,14,0
1771684973268000,1771684973268000,3.6000001,1.8000001,14,0
1771684973284000,1771684973284000,3.6000001,1.8000001,14,0
1771684973308000,1771684973308000,3.6000001,1.8000001,14,0
1771684973324000,1771684973324000,3.6000001,1.8000001,14,0
1771684973348000,1771684973348000,3.6000001,1.8000001,14,0
1771684973364000,1771684973364000,3.6000001,1.8000001,14,0
1771684973388000,1771684973388000,3.6000001,1.8000001,14,0
1771684973404000,1771684973404000,3.6000001,1.8000001,14,0
1771684973428000,1771684973428000,3.6000001,1.8000001,14,0
1771684973444000,1771684973444000,3.6000001,1.8000001,14,0
1771684973468000,1771684973468000,3.6000001,1.8000001,14,0
1771684973484000,1771684973484000,3.6000001,1.8000001,14,0
1771684973508000,1771684973508000,3.6000001,1.8000001,14,0
1771684973524000,1771684973524000,3.6000001,1.8000001,14,0
1771684973548000,1771684973548000,3.6000001,1.8000001,14,0
1771684973564000,1771684973564000,3.6000001,1.8000001,14,0
1771684973588000,1771684973588000,3.6000001,1.8000001,14,0
1771684973604000,1771684973604000,3.6000001,1.8000001,14,0
1771684973628000,1771684973628000,3.6000001,1.8000001,14,0
1771684973644000,1771684973644000,3.6000001,1.8000001,14,0
1771684973668000,1771684973668000,3.6000001,1.8000001,14,0
1771684973684000,1771684973684000,3.6000001,1.8000001,14,0
1771684973708000,1771684973708000,3.6000001,1.8000001,14,0
1771684973724000,1771684973724000,3.6000001,1.8000001,14,0
1771684973748000,1771684973748000,3.6000001,1.8000001,14,0
1771684973764000,1771684973764000,3.6000001,1.8000001,14,0
1771684973788000,1771684973788000,3.6000001,1.8000001,14,0
1771684973804000,1771684973804000,3.6000001,1.8000001,14,0
1771684973828000,1771684973828000,3.6000001,1.8000001,14,0
1771684973844000,1771684973844000,3.6000001,1.8000001,14,0
1771684973868000,1771684973868000,3.6000001,1.8000001,14,0
1771684973884000,1771684973884000,3.6000001,1.8000001,14,0
1771684973908000,1771684973908000,3.6000001,1.8000001,14,0
1771684973924000,1771684973924000,3.6000001,1.8000001,14,0
1771684973948000,1771684973948000,3.6000001,1.8000001,14,0
1771684973964000,1771684973964000,3.6000001,1.8000001,14,0
1771684973988000,1771684973988000,3.6000001,1.8000001,14,0
1771684974004000,1771684974004000,3.6000001,1.8000001,14,0
1771684974028000,1771684974028000,3.6000001,1.8000001,14,0
1771684974044000,1771684974044000,3.6000001,1.8000001,14,0
1771684974068000,1771684974068000,3.6000001,1.8000001,14,0
1771684974084000,1771684974084000,3.6000001,1.8000001,14,0
1771684974108000,1771684974108000,3.6000001,1.8000001,14,0
1771684974124000,1771684974124000,3.6000001,1.8000001,14,0
1771684974148000,1771684974148000,3.6000001,1.8000001,14,0
1771684974164000,1771684974164000,3.6000001,1.8000001,14,0
1771684974188000,1771684974188000,3.6000001,1.8000001,14,0
1771684974204000,1771684974204000,3.6000001,1.8000001,14,0
1771684974228000,1771684974228000,3.6000001,1.8000001,14,0
1771684974244000,1771684974244000,3.6000001,1.8000001,14,0
1771684974268000,1771684974268000,3.6000001,1.8000001,14,0
1771684974284000,1771684974284000,3.6000001,1.8000001,14,0
1771684974308000,1771684974308000,3.6000001,1.8000001,14,0
1771684974324000,1771684974324000,3.6000001,1.8000001,14,0
1771684974348000,1771684974348000,3.6000001,1.8000001,14,0
1771684974364000,1771684974364000,3.6000001,1.8000001,14,0
1771684974388000,1771684974388000,3.6000001,1.8000001,14,0
1771684974404000,1771684974404000,3.6000001,1.8000001,14,0
1771684974428000,1771684974428000,3.6000001,1.8000001,14,0
1771684974444000,1771684974444000,3.6000001,1.8000001,14,0
1771684974468000,1771684974468000,3.6000001,1.8000001,14,0
1771684974484000,1771684974484000,3.6000001,1.8000001,14,0
1771684974508000,1771684974508000,3.6000001,1.8000001,14,0
1771684974524000,1771684974524000,3.6000001,1.8000001,14,0
1771684974548000,1771684974548000,3.6000001,1.8000001,14,0
1771684974564000,1771684974564000,3.6000001,1.8000001,14,0
1771684974588000,1771684974588000,3.6000001,1.8000001,14,0
1771684974604000,1771684974604000,3.6000001,1.8000001,14,0
1771684974628000,1771684974628000,3.6000001,1.8000001,14,0
1771684974644000,1771684974644000,3.6000001,1.8000001,14,0
1771684974668000,1771684974668000,3.6000001,1.8000001,14,0
1771684974684000,1771684974684000,3.6000001,1.8000001,14,0
1771684974708000,1771684974708000,3.6000001,1.8000001,14,0
1771684974724000,1771684974724000,3.6000001,1.8000001,14,0
1771684974748000,1771684974748000,3.6000001,1.8000001,14,0
1771684974764000,1771684974764000,3.6000001,1.8000001,14,0
1771684974788000,1771684974788000,3.6000001,1.8000001,14,0
1771684974804000,1771684974804000,3.6000001,1.8000001,14,0
1771684974828000,1771684974828000,3.6000001,1.8000001,14,0
1771684974844000,1771684974844000,3.6000001,1.8000001,14,0
1771684974868000,1771684974868000,3.6000001,1.8000001,14,0
1771684974884000,1771684974884000,3.6000001,1.8000001,14,0
1771684974908000,1771684974908000,3.6000001,1.8000001,14,0
1771684974924000,1771684974924000,3.6000001,1.8000001,14,0
1771684974948000,1771684974948000,3.6000001,1.8000001,14,0
1771684974964000,1771684974964000,3.6000001,1.8000001,14,0
1771684974988000,1771684974988000,3.6000001,1.8000001,14,0
1771684975004000,1771684975004000,3.6000001,1.8000001,14,0
1771684975028000,1771684975028000,3.6000001,1.8000001,14,0
1771684975044000,1771684975044000,3.6000001,1.8000001,14,0
1771684975068000,1771684975068000,3.6000001,1.8000001,14,0
1771684975084000,1771684975084000,3.6000001,1.8000001,14,0
1771684975108000,1771684975108000,3.6000001,1.8000001,14,0
1771684975124000,1771684975124000,3.6000001,1.8000001,14,0
1771684975148000,1771684975148000,3.6000001,1.8000001,14,0
1771684975164000,1771684975164000,3.6000001,1.8000001,14,0
1771684975188000,1771684975188000,3.6000001,1.8000001,14,0
1771684975204000,1771684975204000,3.6000001,1.8000001,14,0
1771684975228000,1771684975228000,3.6000001,1.8000001,14,0
1771684975244000,1771684975244000,3.6000001,1.8000001,14,0
1771684975268000,1771684975268000,3.6000001,1.8000001,14,0
1771684975284000,1771684975284000,3.6000001,1.8000001,14,0
1771684975308000,1771684975308000,3.6000001,1.8000001,14,0
1771684975324000,1771684975324000,3.6000001,1.8000001,14,0
1771684975348000,1771684975348000,3.6000001,1.8000001,14,0
1771684975364000,1771684975364000,3.6000001,1.8000001,14,0
1771684975388000,1771684975388000,3.6000001,1.8000001,14,0
1771684975404000,1771684975404000,3.6000001,1.8000001,14,0
1771684975428000,1771684975428000,3.6000001,1.8000001,14,0
1771684975444000,1771684975444000,3.6000001,1.8000001,14,0
1771684975468000,1771684975468000,3.6000001,1.8000001,14,0
1771684975484000,1771684975484000,3.6000001,1.8000001,14,0
1771684975508000,1771684975508000,3.6000001,1.8000001,14,0
1771684975524000,1771684975524000,3.6000001,1.8000001,14,0
1771684975548000,1771684975548000,3.6000001,1.8000001,14,0
1771684975564000,1771684975564000,3.6000001,1.8000001,14,0
1771684975588000,1771684975588000,3.6000001,1.8000001,14,0
1771684975604000,1771684975604000,3.6000001,1.8000001,14,0
1771684975628000,1771684975628000,3.6000001,1.8000001,14,0
1771684975644000,1771684975644000,3.6000001,1.8000001,14,0
1771684975668000,1771684975668000,3.6000001,1.8000001,14,0
1771684975684000,1771684975684000,3.6000001,1.8000001,14,0
1771684975708000,1771684975708000,3.6000001,1.8000001,14,0
1771684975724000,1771684975724000,3.6000001,1.8000001,14,0
1771684975748000,1771684975748000,3.6000001,1.8000001,14,0
1771684975764000,1771684975764000,3.6000001,1.8000001,14,0
1771684975788000,1771684975788000,3.6000001,1.8000001,14,0
1771684975804000,1771684975804000,3.6000001,1.8000001,14,0
1771684975828000,1771684975828000,3.6000001,1.8000001,14,0
1771684975844000,1771684975844000,3.6000001,1.8000001,14,0
1771684975868000,1771684975868000,3.6000001,1.8000001,14,0
1771684975884000,1771684975884000,3.6000001,1.8000001,14,0
1771684975908000,1771684975908000,3.6000001,1.8000001,14,0
1771684975924000,1771684975924000,3.6000001,1.8000001,14,0
1771684975948000,1771684975948000,3.6000001,1.8000001,14,0
1771684975964000,1771684975964000,3.6000001,1.8000001,14,0
1771684975988000,1771684975988000,3.6000001,1.8000001,14,0
1771684976004000,1771684976004000,3.6000001,1.8000001,14,0
1771684976028000,1771684976028000,3.6000001,1.8000001,14,0
1771684976044000,1771684976044000,3.6000001,1.8000001,14,0
1771684976068000,1771684976068000,3.6000001,1.8000001,14,0
1771684976084000,1771684976084000,3.6000001,1.8000001,14,0
1771684976108000,1771684976108000,3.6000001,1.8000001,14,0
1771684976124000,1771684976124000,3.6000001,1.8000001,14,0
1771684976148000,1771684976148000,3.6000001,1.8000001,14,0
1771684976164000,1771684976164000,3.6000001,1.8000001,14,0
1771684976188000,1771684976188000,3.6000001,1.8000001,14,0
1771684976204000,1771684976204000,3.6000001,1.8000001,14,0
1771684976228000,1771684976228000,3.6000001,1.8000001,14,0
1771684976244000,1771684976244000,3.6000001,1.8000001,14,0
1771684976268000,1771684976268000,3.6000001,1.8000001,14,0
1771684976284000,1771684976284000,3.6000001,1.8000001,14,0
1771684976308000,1771684976308000,3.6000001,1.8000001,14,0
1771684976324000,1771684976324000,3.6000001,1.8000001,14,0
1771684976348000,1771684976348000,3.6000001,1.8000001,14,0
1771684976364000,1771684976364000,3.6000001,1.8000001,14,0
1771684976388000,1771684976388000,3.6000001,1.8000001,14,0
1771684976404000,1771684976404000,3.6000001,1.8000001,14,0
1771684976428000,1771684976428000,3.6000001,1.8000001,14,0
1771684976444000,1771684976444000,3.6000001,1.8000001,14,0
1771684976468000,1771684976468000,3.6000001,1.8000001,14,0
1771684976484000,1771684976484000,3.6000001,1.8000001,14,0
1771684976508000,1771684976508000,3.6000001,1.8000001,14,0
1771684976524000,1771684976524000,3.6000001,1.8000001,14,0
1771684976548000,1771684976548000,3.6000001,1.8000001,14,0
1771684976564000,1771684976564000,3.6000001,1.8000001,14,0
1771684976588000,1771684976588000,3.6000001,1.8000001,14,0
1771684976604000,1771684976604000,3.6000001,1.8000001,14,0
1771684976628000,1771684976628000,3.6000001,1.8000001,14,0
1771684976644000,1771684976644000,3.6000001,1.8000001,14,0
1771684976668000,1771684976668000,3.6000001,1.8000001,14,0
1771684976684000,1771684976684000,3.6000001,1.8000001,14,0
1771684976708000,1771684976708000,3.6000001,1.8000001,14,0
1771684976724000,1771684976724000,3.6000001,1.8000001,14,0
1771684976748000,1771684976748000,3.6000001,1.8000001,14,0
1771684976764000,1771684976764000,3.6000001,1.8000001,14,0
1771684976788000,1771684976788000,3.6000001,1.8000001,14,0
1771684976804000,1771684976804000,3.6000001,1.8000001,14,0
1771684976828000,1771684976828000,3.6000001,1.8000001,14,0
1771684976844000,1771684976844000,3.6000001,1.8000001,14,0
1771684976868000,1771684976868000,3.6000001,1.8000001,14,0
1771684976884000,1771684976884000,3.6000001,1.8000001,14,0
1771684976908000,1771684976908000,3.6000001,1.8000001,14,0
1771684976924000,1771684976924000,3.6000001,1.8000001,14,0
1771684976948000,1771684976948000,3.6000001,1.8000001,14,0
1771684976964000,1771684976964000,3.6000001,1.8000001,14,0
1771684976988000,1771684976988000,3.6000001,1.8000001,14,0
1771684977004000,1771684977004000,3.6000001,1.8000001,14,0
1771684977028000,1771684977028000,3.6000001,1.8000001,14,0
1771684977044000,1771684977044000,3.6000001,1.8000001,14,0
1771684977068000,1771684977068000,3.6000001,1.8000001,14,0
1771684977084000,1771684977084000,3.6000001,1.8000001,14,0
1771684977108000,1771684977108000,3.6000001,1.8000001,14,0
1771684977124000,1771684977124000,3.6000001,1.8000001,14,0
1771684977148000,1771684977148000,3.6000001,1.8000001,14,0
1771684977164000,1771684977164000,3.6000001,1.8000001,14,0
1771684977188000,1771684977188000,3.6000001,1.8000001,14,0
1771684977204000,1771684977204000,3.6000001,1.8000001,14,0
1771684977228000,1771684977228000,3.6000001,1.8000001,14,0
1771684977244000,1771684977244000,3.6000001,1.8000001,14,0
1771684977268000,1771684977268000,3.6000001,1.8000001,14,0
1771684977284000,1771684977284000,3.6000001,1.8000001,14,0
1771684977308000,1771684977308000,3.6000001,1.8000001,14,0
1771684977324000,1771684977324000,3.6000001,1.8000001,14,0
1771684977348000,1771684977348000,3.6000001,1.8000001,14,0
1771684977364000,1771684977364000,3.6000001,1.8000001,14,0
1771684977388000,1771684977388000,3.6000001,1.8000001,14,0
1771684977404000,1771684977404000,3.6000001,1.8000001,14,0
1771684977428000,1771684977428000,3.6000001,1.8000001,14,0
1771684977444000,1771684977444000,3.6000001,1.8000001,14,0
1771684977468000,1771684977468000,3.6000001,1.8000001,14,0
1771684977484000,1771684977484000,3.6000001,1.8000001,14,0
1771684977508000,1771684977508000,3.6000001,1.8000001,14,0
1771684977524000,1771684977524000,3.6000001,1.8000001,14,0
1771684977548000,1771684977548000,3.6000001,1.8000001,14,0
1771684977564000,1771684977564000,3.6000001,1.8000001,14,0
1771684977588000,1771684977588000,3.6000001,1.8000001,14,0
1771684977604000,1771684977604000,3.6000001,1.8000001,14,0
1771684977628000,1771684977628000,3.6000001,1.8000001,14,0
1771684977644000,1771684977644000,3.6000001,1.8000001,14,0
1771684977668000,1771684977668000,3.6000001,1.8000001,14,0
1771684977684000,1771684977684000,3.6000001,1.8000001,14,0
1771684977708000,1771684977708000,3.6000001,1.8000001,14,0
1771684977724000,1771684977724000,3.6000001,1.8000001,14,0
1771684977748000,1771684977748000,3.6000001,1.8000001,14,0
1771684977764000,1771684977764000,3.6000001,1.8000001,14,0
1771684977788000,1771684977788000,3.6000001,1.8000001,14,0
1771684977804000,1771684977804000,3.6000001,1.8000001,14,0
1771684977828000,1771684977828000,3.6000001,1.8000001,14,0
1771684977844000,1771684977844000,3.6000001,1.8000001,14,0
1771684977868000,1771684977868000,3.6000001,1.8000001,14,0
1771684977884000,1771684977884000,3.6000001,1.8000001,14,0
1771684977908000,1771684977908000,3.6000001,1.8000001,14,0
1771684977924000,1771684977924000,3.6000001,1.8000001,14,0
1771684977948000,1771684977948000,3.6000001,1.8000001,14,0
1771684977964000,1771684977964000,3.6000001,1.8000001,14,0
1771684977988000,1771684977988000,3.6000001,1.8000001,14,0
1771684978004000,1771684978004000,3.6000001,1.8000001,14,0
1771684978028000,1771684978028000,3.6000001,1.8000001,14,0
1771684978044000,1771684978044000,3.6000001,1.8000001,14,0
1771684978068000,1771684978068000,3.6000001,1.8000001,14,0
1771684978084000,1771684978084000,3.6000001,1.8000001,14,0
1771684978108000,1771684978108000,3.6000001,1.8000001,14,0
1771684978124000,1771684978124000,3.6000001,1.8000001,14,0
1771684978148000,1771684978148000,3.6000001,1.8000001,14,0
1771684978164000,1771684978164000,3.6000001,1.8000001,14,0
1771684978188000,1771684978188000,3.6000001,1.8000001,14,0
1771684978204000,1771684978204000,3.6000001,1.8000001,14,0
1771684978228000,1771684978228000,3.6000001,1.8000001,14,0
1771684978244000,1771684978244000,3.6000001,1.8000001,14,0
1771684978268000,1771684978268000,3.6000001,1.8000001,14,0
1771684978284000,1771684978284000,3.6000001,1.8000001,14,0
1771684978308000,1771684978308000,3.6000001,1.8000001,14,0
1771684978324000,1771684978324000,3.6000001,1.8000001,14,0
1771684978348000,1771684978348000,3.6000001,1.8000001,14,0
1771684978364000,1771684978364000,3.6000001,1.8000001,14,0
1771684978388000,1771684978388000,3.6000001,1.8000001,14,0
1771684978404000,1771684978404000,3.6000001,1.8000001,14,0
1771684978428000,1771684978428000,3.6000001,1.8000001,14,0
1771684978444000,1771684978444000,3.6000001,1.8000001,14,0
1771684978468000,1771684978468000,3.6000001,1.8000001,14,0
1771684978484000,1771684978484000,3.6000001,1.8000001,14,0
1771684978508000,1771684978508000,3.6000001,1.8000001,14,0
1771684978524000,1771684978524000,3.6000001,1.8000001,14,0
1771684978548000,1771684978548000,3.6000001,1.8000001,14,0
1771684978564000,1771684978564000,3.6000001,1.8000001,14,0
1771684978588000,1771684978588000,3.6000001,1.8000001,14,0
1771684978604000,1771684978604000,3.6000001,1.8000001,14,0
1771684978628000,1771684978628000,3.6000001,1.8000001,14,0
1771684978644000,1771684978644000,3.6000001,1.8000001,14,0
1771684978668000,1771684978668000,3.6000001,1.8000001,14,0
1771684978684000,1771684978684000,3.6000001,1.8000001,14,0
1771684978708000,1771684978708000,3.6000001,1.8000001,14,0
1771684978724000,1771684978724000,3.6000001,1.8000001,14,0
1771684978748000,1771684978748000,3.6000001,1.8000001,14,0
1771684978764000,1771684978764000,3.6000001,1.8000001,14,0
1771684978788000,1771684978788000,3.6000001,1.8000001,14,0
1771684978804000,1771684978804000,3.6000001,1.8000001,14,0
1771684978828000,1771684978828000,3.6000001,1.8000001,14,0
1771684978844000,1771684978844000,3.6000001,1.8000001,14,0
1771684978868000,1771684978868000,3.6000001,1.8000001,14,0
1771684978884000,1771684978884000,3.6000001,1.8000001,14,0
1771684978908000,1771684978908000,3.6000001,1.8000001,14,0
1771684978924000,1771684978924000,3.6000001,1.8000001,14,0
1771684978948000,1771684978948000,3.6000001,1.8000001,14,0
1771684978964000,1771684978964000,3.6000001,1.8000001,14,0
1771684978988000,1771684978988000,3.6000001,1.8000001,14,0
1771684979004000,1771684979004000,3.6000001,1.8000001,14,0
1771684979028000,1771684979028000,3.6000001,1.8000001,14,0
1771684979044000,1771684979044000,3.6000001,1.8000001,14,0
1771684979068000,1771684979068000,3.6000001,1.8000001,14,0
1771684979084000,1771684979084000,3.6000001,1.8000001,14,0
1771684979108000,1771684979108000,3.6000001,1.8000001,14,0
1771684979124000,1771684979124000,3.6000001,1.8000001,14,0
1771684979148000,1771684979148000,3.6000001,1.8000001,14,0
1771684979164000,1771684979164000,3.6000001,1.8000001,14,0
1771684979188000,1771684979188000,3.6000001,1.8000001,14,0
1771684979204000,1771684979204000,3.6000001,1.8000001,14,0
1771684979228000,1771684979228000,3.6000001,1.8000001,14,0
1771684979244000,1771684979244000,3.6000001,1.8000001,14,0
1771684979268000,1771684979268000,3.6000001,1.8000001,14,0
1771684979284000,1771684979284000,3.6000001,1.8000001,14,0
1771684979308000,1771684979308000,3.6000001,1.8000001,14,0
1771684979324000,1771684979324000,3.6000001,1.8000001,14,0
1771684979348000,1771684979348000,3.6000001,1.8000001,14,0
1771684979364000,1771684979364000,3.6000001,1.8000001,14,0
1771684979388000,1771684979388000,3.6000001,1.8000001,14,0
1771684979404000,1771684979404000,3.6000001,1.8000001,14,0
1771684979428000,1771684979428000,3.6000001,1.8000001,14,0
1771684979444000,1771684979444000,3.6000001,1.8000001,14,0
1771684979468000,1771684979468000,3.6000001,1.8000001,14,0
1771684979484000,1771684979484000,3.6000001,1.8000001,14,0
1771684979508000,1771684979508000,3.6000001,1.8000001,14,0
1771684979524000,1771684979524000,3.6000001,1.8000001,14,0
1771684979548000,1771684979548000,3.6000001,1.8000001,14,0
1771684979564000,1771684979564000,3.6000001,1.8000001,14,0
1771684979588000,1771684979588000,3.6000001,1.8000001,14,0
1771684979604000,1771684979604000,3.6000001,1.8000001,14,0
1771684979628000,1771684979628000,3.6000001,1.8000001,14,0
1771684979644000,1771684979644000,3.6000001,1.8000001,14,0
1771684979668000,1771684979668000,3.6000001,1.8000001,14,0
1771684979684000,1771684979684000,3.6000001,1.8000001,14,0
1771684979708000,1771684979708000,3.6000001,1.8000001,14,0
1771684979724000,1771684979724000,3.6000001,1.8000001,14,0
1771684979748000,1771684979748000,3.6000001,1.8000001,14,0
1771684979764000,1771684979764000,3.6000001,1.8000001,14,0
1771684979788000,1771684979788000,3.6000001,1.8000001,14,0
1771684979804000,1771684979804000,3.6000001,1.8000001,14,0
1771684979828000,1771684979828000,3.6000001,1.8000001,14,0
1771684979844000,1771684979844000,3.6000001,1.8000001,14,0
1771684979868000,1771684979868000,3.6000001,1.8000001,14,0
1771684979884000,1771684979884000,3.6000001,1.8000001,14,0
1771684979908000,1771684979908000,3.6000001,1.8000001,14,0
1771684979924000,1771684979924000,3.6000001,1.8000001,14,0
1771684979948000,1771684979948000,3.6000001,1.8000001,14,0
1771684979964000,1771684979964000,3.6000001,1.8000001,14,0
1771684979988000,1771684979988000,3.6000001,1.8000001,14,0
1771684980004000,1771684980004000,3.6000001,1.8000001,14,0
1771684980028000,1771684980028000,3.6000001,1.8000001,14,0
1771684980044000,1771684980044000,3.6000001,1.8000001,14,0
1771684980068000,1771684980068000,3.6000001,1.8000001,14,0
1771684980084000,1771684980084000,3.6000001,1.8000001,14,0
1771684980108000,1771684980108000,3.6000001,1.8000001,14,0
1771684980124000,1771684980124000,3.6000001,1.8000001,14,0
1771684980148000,1771684980148000,3.6000001,1.8000001,14,0
1771684980164000,1771684980164000,3.6000001,1.8000001,14,0
1771684980188000,1771684980188000,3.6000001,1.8000001,14,0
1771684980204000,1771684980204000,3.6000001,1.8000001,14,0
1771684980228000,1771684980228000,3.6000001,1.8000001,14,0
1771684980244000,1771684980244000,3.6000001,1.8000001,14,0
1771684980268000,1771684980268000,3.6000001,1.8000001,14,0
1771684980284000,1771684980284000,3.6000001,1.8000001,14,0
1771684980308000,1771684980308000,3.6000001,1.8000001,14,0
1771684980324000,1771684980324000,3.6000001,1.8000001,14,0
1771684980348000,1771684980348000,3.6000001,1.8000001,14,0
1771684980364000,1771684980364000,3.6000001,1.8000001,14,0
1771684980388000,1771684980388000,3.6000001,1.8000001,14,0
1771684980404000,1771684980404000,3.6000001,1.8000001,14,0
1771684980428000,1771684980428000,3.6000001,1.8000001,14,0
1771684980444000,1771684980444000,3.6000001,1.8000001,14,0
1771684980468000,1771684980468000,3.6000001,1.8000001,14,0
1771684980484000,1771684980484000,3.6000001,1.8000001,14,0
1771684980508000,1771684980508000,3.6000001,1.8000001,14,0
1771684980524000,1771684980524000,3.6000001,1.8000001,14,0
1771684980548000,1771684980548000,3.6000001,1.8000001,14,0
1771684980564000,1771684980564000,3.6000001,1.8000001,14,0
1771684980588000,1771684980588000,3.6000001,1.8000001,14,0
1771684980604000,1771684980604000,3.6000001,1.8000001,14,0
1771684980628000,1771684980628000,3.6000001,1.8000001,14,0
1771684980644000,1771684980644000,3.6000001,1.8000001,14,0
1771684980668000,1771684980668000,3.6000001,1.8000001,14,0
1771684980684000,1771684980684000,3.6000001,1.8000001,14,0
1771684980708000,1771684980708000,3.6000001,1.8000001,14,0
1771684980724000,1771684980724000,3.6000001,1.8000001,14,0
1771684980748000,1771684980748000,3.6000001,1.8000001,14,0
1771684980764000,1771684980764000,3.6000001,1.8000001,14,0
1771684980788000,1771684980788000,3.6000001,1.8000001,14,0
1771684980804000,1771684980804000,3.6000001,1.8000001,14,0
1771684980828000,1771684980828000,3.6000001,1.8000001,14,0
1771684980844000,1771684980844000,3.6000001,1.8000001,14,0
1771684980868000,1771684980868000,3.6000001,1.8000001,14,0
1771684980884000,1771684980884000,3.6000001,1.8000001,14,0
1771684980908000,1771684980908000,3.6000001,1.8000001,14,0
1771684980924000,1771684980924000,3.6000001,1.8000001,14,0
1771684980948000,1771684980948000,3.6000001,1.8000001,14,0
1771684980964000,1771684980964000,3.6000001,1.8000001,14,0
1771684980988000,1771684980988000,3.6000001,1.8000001,14,0
1771684981004000,1771684981004000,3.6000001,1.8000001,14,0
1771684981028000,1771684981028000,3.6000001,1.8000001,14,0
1771684981044000,1771684981044000,3.6000001,1.8000001,14,0
1771684981068000,1771684981068000,3.6000001,1.8000001,14,0
1771684981084000,1771684981084000,3.6000001,1.8000001,14,0
1771684981108000,1771684981108000,3.6000001,1.8000001,14,0
1771684981124000,1771684981124000,3.6000001,1.8000001,14,0
1771684981148000,1771684981148000,3.6000001,1.8000001,14,0
1771684981164000,1771684981164000,3.6000001,1.8000001,14,0
1771684981188000,1771684981188000,3.6000001,1.8000001,14,0
1771684981204000,1771684981204000,3.6000001,1.8000001,14,0
1771684981228000,1771684981228000,3.6000001,1.8000001,14,0
1771684981244000,1771684981244000,3.6000001,1.8000001,14,0
1771684981268000,1771684981268000,3.6000001,1.8000001,14,0
1771684981284000,1771684981284000,3.6000001,1.8000001,14,0
1771684981308000,1771684981308000,3.6000001,1.8000001,14,0
1771684981324000,1771684981324000,3.6000001,1.8000001,14,0
1771684981348000,1771684981348000,3.6000001,1.8000001,14,0
1771684981364000,1771684981364000,3.6000001,1.8000001,14,0
1771684981388000,1771684981388000,3.6000001,1.8000001,14,0
1771684981404000,1771684981404000,3.6000001,1.8000001,14,0
1771684981428000,1771684981428000,3.6000001,1.8000001,14,0
1771684981444000,1771684981444000,3.6000001,1.8000001,14,0
1771684981468000,1771684981468000,3.6000001,1.8000001,14,0
1771684981484000,1771684981484000,3.6000001,1.8000001,14,0
1771684981508000,1771684981508000,3.6000001,1.8000001,14,0
1771684981524000,1771684981524000,3.6000001,1.8000001,14,0
1771684981548000,1771684981548000,3.6000001,1.8000001,14,0
1771684981564000,1771684981564000,3.6000001,1.8000001,14,0
1771684981588000,1771684981588000,3.6000001,1.8000001,14,0
1771684981604000,1771684981604000,3.6000001,1.8000001,14,0
1771684981628000,1771684981628000,3.6000001,1.8000001,14,0
1771684981644000,1771684981644000,3.6000001,1.8000001,14,0
1771684981668000,1771684981668000,3.6000001,1.8000001,14,0
1771684981684000,1771684981684000,3.6000001,1.8000001,14,0
1771684981708000,1771684981708000,3.6000001,1.8000001,14,0
1771684981724000,1771684981724000,3.6000001,1.8000001,14,0
1771684981748000,1771684981748000,3.6000001,1.8000001,14,0
1771684981764000,1771684981764000,3.6000001,1.8000001,14,0
1771684981788000,1771684981788000,3.6000001,1.8000001,14,0
1771684981804000,1771684981804000,3.6000001,1.8000001,14,0
1771684981828000,1771684981828000,3.6000001,1.8000001,14,0
1771684981844000,1771684981844000,3.6000001,1.8000001,14,0
1771684981868000,1771684981868000,3.6000001,1.8000001,14,0
1771684981884000,1771684981884000,3.6000001,1.8000001,14,0
1771684981908000,1771684981908000,3.6000001,1.8000001,14,0
1771684981924000,1771684981924000,3.6000001,1.8000001,14,0
1771684981948000,1771684981948000,3.6000001,1.8000001,14,0
1771684981964000,1771684981964000,3.6000001,1.8000001,14,0
1771684981988000,1771684981988000,3.6000001,1.8000001,14,0
1771684982004000,1771684982004000,3.6000001,1.8000001,14,0
1771684982028000,1771684982028000,3.6000001,1.8000001,14,0
1771684982044000,1771684982044000,3.6000001,1.8000001,14,0
1771684982068000,1771684982068000,3.6000001,1.8000001,14,0
1771684982084000,1771684982084000,3.6000001,1.8000001,14,0
1771684982108000,1771684982108000,3.6000001,1.8000001,14,0
1771684982124000,1771684982124000,3.6000001,1.8000001,14,0
1771684982148000,1771684982148000,3.6000001,1.8000001,14,0
1771684982164000,1771684982164000,3.6000001,1.8000001,14,0
1771684982188000,1771684982188000,3.6000001,1.8000001,14,0
1771684982204000,1771684982204000,3.6000001,1.8000001,14,0
1771684982228000,1771684982228000,3.6000001,1.8000001,14,0
1771684982244000,1771684982244000,3.6000001,1.8000001,14,0
1771684982268000,1771684982268000,3.6000001,1.8000001,14,0
1771684982284000,1771684982284000,3.6000001,1.8000001,14,0
1771684982308000,1771684982308000,3.6000001,1.8000001,14,0
1771684982324000,1771684982324000,3.6000001,1.8000001,14,0
1771684982348000,1771684982348000,3.6000001,1.8000001,14,0
1771684982364000,1771684982364000,3.6000001,1.8000001,14,0
1771684982388000,1771684982388000,3.6000001,1.8000001,14,0
1771684982404000,1771684982404000,3.6000001,1.8000001,14,0
1771684982428000,1771684982428000,3.6000001,1.8000001,14,0
1771684982444000,1771684982444000,3.6000001,1.8000001,14,0
1771684982468000,1771684982468000,3.6000001,1.8000001,14,0
1771684982484000,1771684982484000,3.6000001,1.8000001,14,0
1771684982508000,1771684982508000,3.6000001,1.8000001,14,0
1771684982524000,1771684982524000,3.6000001,1.8000001,14,0
1771684982548000,1771684982548000,3.6000001,1.8000001,14,0
1771684982564000,1771684982564000,3.6000001,1.8000001,14,0
1771684982588000,1771684982588000,3.6000001,1.8000001,14,0
1771684982604000,1771684982604000,3.6000001,1.8000001,14,0
1771684982628000,1771684982628000,3.6000001,1.8000001,14,0
1771684982644000,1771684982644000,3.6000001,1.8000001,14,0
1771684982668000,1771684982668000,3.6000001,1.8000001,14,0
1771684982684000,1771684982684000,3.6000001,1.8000001,14,0
1771684982708000,1771684982708000,3.6000001,1.8000001,14,0
1771684982724000,1771684982724000,3.6000001,1.8000001,14,0
1771684982748000,1771684982748000,3.6000001,1.8000001,14,0
1771684982764000,1771684982764000,3.6000001,1.8000001,14,0
1771684982788000,1771684982788000,3.6000001,1.8000001,14,0
1771684982804000,1771684982804000,3.6000001,1.8000001,14,0
1771684982828000,1771684982828000,3.6000001,1.8000001,14,0
1771684982844000,1771684982844000,3.6000001,1.8000001,14,0
1771684982868000,1771684982868000,3.6000001,1.8000001,14,0
1771684982884000,1771684982884000,3.6000001,1.8000001,14,0
1771684982908000,1771684982908000,3.6000001,1.8000001,14,0
1771684982924000,1771684982924000,3.6000001,1.8000001,14,0
1771684982948000,1771684982948000,3.6000001,1.8000001,14,0
1771684982964000,1771684982964000,3.6000001,1.8000001,14,0
1771684982988000,1771684982988000,3.6000001,1.8000001,14,0
1771684983004000,1771684983004000,3.6000001,1.8000001,14,0
1771684983028000,1771684983028000,3.6000001,1.8000001,14,0
1771684983044000,1771684983044000,3.6000001,1.8000001,14,0
1771684983068000,1771684983068000,3.6000001,1.8000001,14,0
1771684983084000,1771684983084000,3.6000001,1.8000001,14,0
1771684983108000,1771684983108000,3.6000001,1.8000001,14,0
1771684983124000,1771684983124000,3.6000001,1.8000001,14,0
1771684983148000,1771684983148000,3.6000001,1.8000001,14,0
1771684983164000,1771684983164000,3.6000001,1.8000001,14,0
1771684983188000,1771684983188000,3.6000001,1.8000001,14,0
1771684983204000,1771684983204000,3.6000001,1.8000001,14,0
1771684983228000,1771684983228000,3.6000001,1.8000001,14,0
1771684983244000,1771684983244000,3.6000001,1.8000001,14,0
1771684983268000,1771684983268000,3.6000001,1.8000001,14,0
1771684983284000,1771684983284000,3.6000001,1.8000001,14,0
1771684983308000,1771684983308000,3.6000001,1.8000001,14,0
1771684983324000,1771684983324000,3.6000001,1.8000001,14,0
1771684983348000,1771684983348000,3.6000001,1.8000001,14,0
1771684983364000,1771684983364000,3.6000001,1.8000001,14,0
1771684983388000,1771684983388000,3.6000001,1.8000001,14,0
1771684983404000,1771684983404000,3.6000001,1.8000001,14,0
1771684983428000,1771684983428000,3.6000001,1.8000001,14,0
1771684983444000,1771684983444000,3.6000001,1.8000001,14,0
1771684983468000,1771684983468000,3.6000001,1.8000001,14,0
1771684983484000,1771684983484000,3.6000001,1.8000001,14,0
1771684983508000,1771684983508000,3.6000001,1.8000001,14,0
1771684983524000,1771684983524000,3.6000001,1.8000001,14,0
1771684983548000,1771684983548000,3.6000001,1.8000001,14,0
1771684983564000,1771684983564000,3.6000001,1.8000001,14,0
1771684983588000,1771684983588000,3.6000001,1.8000001,14,0
1771684983604000,1771684983604000,3.6000001,1.8000001,14,0
1771684983628000,1771684983628000,3.6000001,1.8000001,14,0
1771684983644000,1771684983644000,3.6000001,1.8000001,14,0
1771684983668000,1771684983668000,3.6000001,1.8000001,14,0
1771684983684000,1771684983684000,3.6000001,1.8000001,14,0
1771684983708000,1771684983708000,3.6000001,1.8000001,14,0
1771684983724000,1771684983724000,3.6000001,1.8000001,14,0
1771684983748000,1771684983748000,3.6000001,1.8000001,14,0
1771684983764000,1771684983764000,3.6000001,1.8000001,14,0
1771684983788000,1771684983788000,3.6000001,1.8000001,14,0
1771684983804000,1771684983804000,3.6000001,1.8000001,14,0
1771684983828000,1771684983828000,3.6000001,1.8000001,14,0
1771684983844000,1771684983844000,3.6000001,1.8000001,14,0
1771684983868000,1771684983868000,3.6000001,1.8000001,14,0
1771684983884000,1771684983884000,3.6000001,1.8000001,14,0
1771684983908000,1771684983908000,3.6000001,1.8000001,14,0
1771684983924000,1771684983924000,3.6000001,1.8000001,14,0
1771684983948000,1771684983948000,3.6000001,1.8000001,14,0
1771684983964000,1771684983964000,3.6000001,1.8000001,14,0
1771684983988000,1771684983988000,3.6000001,1.8000001,14,0
1771684984004000,1771684984004000,3.6000001,1.8000001,14,0
1771684984028000,1771684984028000,3.6000001,1.8000001,14,0
1771684984044000,1771684984044000,3.6000001,1.8000001,14,0
1771684984068000,1771684984068000,3.6000001,1.8000001,14,0
1771684984084000,1771684984084000,3.6000001,1.8000001,14,0
1771684984108000,1771684984108000,3.6000001,1.8000001,14,0
1771684984124000,1771684984124000,3.6000001,1.8000001,14,0
1771684984148000,1771684984148000,3.6000001,1.8000001,14,0
1771684984164000,1771684984164000,3.6000001,1.8000001,14,0
1771684984188000,1771684984188000,3.6000001,1.8000001,14,0
1771684984204000,1771684984204000,3.6000001,1.8000001,14,0
1771684984228000,1771684984228000,3.6000001,1.8000001,14,0
1771684984244000,1771684984244000,3.6000001,1.8000001,14,0
1771684984268000,1771684984268000,3.6000001,1.8000001,14,0
1771684984284000,1771684984284000,3.6000001,1.8000001,14,0
1771684984308000,1771684984308000,3.6000001,1.8000001,14,0
1771684984324000,1771684984324000,3.6000001,1.8000001,14,0
1771684984348000,1771684984348000,3.6000001,1.8000001,14,0
1771684984364000,1771684984364000,3.6000001,1.8000001,14,0
1771684984388000,1771684984388000,3.6000001,1.8000001,14,0
1771684984404000,1771684984404000,3.6000001,1.8000001,14,0
1771684984428000,1771684984428000,3.6000001,1.8000001,14,0
1771684984444000,1771684984444000,3.6000001,1.8000001,14,0
1771684984468000,1771684984468000,3.6000001,1.8000001,14,0
1771684984484000,1771684984484000,3.6000001,1.8000001,14,0
1771684984508000,1771684984508000,3.6000001,1.8000001,14,0
1771684984524000,1771684984524000,3.6000001,1.8000001,14,0
1771684984548000,1771684984548000,3.6000001,1.8000001,14,0
1771684984564000,1771684984564000,3.6000001,1.8000001,14,0
1771684984588000,1771684984588000,3.6000001,1.8000001,14,0
1771684984604000,1771684984604000,3.6000001,1.8000001,14,0
1771684984628000,1771684984628000,3.6000001,1.8000001,14,0
1771684984644000,1771684984644000,3.6000001,1.8000001,14,0
1771684984668000,1771684984668000,3.6000001,1.8000001,14,0
1771684984684000,1771684984684000,3.6000001,1.8000001,14,0
1771684984708000,1771684984708000,3.6000001,1.8000001,14,0
1771684984724000,1771684984724000,3.6000001,1.8000001,14,0
1771684984748000,1771684984748000,3.6000001,1.8000001,14,0
1771684984764000,1771684984764000,3.6000001,1.8000001,14,0
1771684984788000,1771684984788000,3.6000001,1.8000001,14,0
1771684984804000,1771684984804000,3.6000001,1.8000001,14,0
1771684984828000,1771684984828000,3.6000001,1.8000001,14,0
1771684984844000,1771684984844000,3.6000001,1.8000001,14,0
1771684984868000,1771684984868000,3.6000001,1.8000001,14,0
1771684984884000,1771684984884000,3.6000001,1.8000001,14,0
1771684984908000,1771684984908000,3.6000001,1.8000001,14,0
1771684984924000,1771684984924000,3.6000001,1.8000001,14,0
1771684984948000,1771684984948000,3.6000001,1.8000001,14,0
1771684984964000,1771684984964000,3.6000001,1.8000001,14,0
1771684984988000,1771684984988000,3.6000001,1.8000001,14,0
1771684985004000,1771684985004000,3.6000001,1.8000001,14,0
1771684985028000,1771684985028000,3.6000001,1.8000001,14,0
1771684985044000,1771684985044000,3.6000001,1.8000001,14,0
1771684985068000,1771684985068000,3.6000001,1.8000001,14,0
1771684985084000,1771684985084000,3.6000001,1.8000001,14,0
1771684985108000,1771684985108000,3.6000001,1.8000001,14,0
1771684985124000,1771684985124000,3.6000001,1.8000001,14,0
1771684985148000,1771684985148000,3.6000001,1.8000001,14,0
1771684985164000,1771684985164000,3.6000001,1.8000001,14,0
1771684985188000,1771684985188000,3.6000001,1.8000001,14,0
1771684985204000,1771684985204000,3.6000001,1.8000001,14,0
1771684985228000,1771684985228000,3.6000001,1.8000001,14,0
1771684985244000,1771684985244000,3.6000001,1.8000001,14,0
1771684985268000,1771684985268000,3.6000001,1.8000001,14,0
1771684985284000,1771684985284000,3.6000001,1.8000001,14,0
1771684985308000,1771684985308000,3.6000001,1.8000001,14,0
1771684985324000,1771684985324000,3.6000001,1.8000001,14,0
1771684985348000,1771684985348000,3.6000001,1.8000001,14,0
1771684985364000,1771684985364000,3.6000001,1.8000001,14,0
1771684985388000,1771684985388000,3.6000001,1.8000001,14,0
1771684985404000,1771684985404000,3.6000001,1.8000001,14,0
1771684985428000,1771684985428000,3.6000001,1.8000001,14,0
1771684985444000,1771684985444000,3.6000001,1.8000001,14,0
1771684985468000,1771684985468000,3.6000001,1.8000001,14,0
1771684985484000,1771684985484000,3.6000001,1.8000001,14,0
1771684985508000,1771684985508000,3.6000001,1.8000001,14,0
1771684985524000,1771684985524000,3.6000001,1.8000001,14,0
1771684985548000,1771684985548000,3.6000001,1.8000001,14,0
1771684985564000,1771684985564000,3.6000001,1.8000001,14,0
1771684985588000,1771684985588000,3.6000001,1.8000001,14,0
1771684985604000,1771684985604000,3.6000001,1.8000001,14,0
1771684985628000,1771684985628000,3.6000001,1.8000001,14,0
1771684985644000,1771684985644000,3.6000001,1.8000001,14,0
1771684985668000,1771684985668000,3.6000001,1.8000001,14,0
1771684985684000,1771684985684000,3.6000001,1.8000001,14,0
1771684985708000,1771684985708000,3.6000001,1.8000001,14,0
1771684985724000,1771684985724000,3.6000001,1.8000001,14,0
1771684985748000,1771684985748000,3.6000001,1.8000001,14,0
1771684985764000,1771684985764000,3.6000001,1.8000001,14,0
1771684985788000,1771684985788000,3.6000001,1.8000001,14,0
1771684985804000,1771684985804000,3.6000001,1.8000001,14,0
1771684985828000,1771684985828000,3.6000001,1.8000001,14,0
1771684985844000,1771684985844000,3.6000001,1.8000001,14,0
1771684985868000,1771684985868000,3.6000001,1.8000001,14,0
1771684985884000,1771684985884000,3.6000001,1.8000001,14,0
1771684985908000,1771684985908000,3.6000001,1.8000001,14,0
1771684985924000,1771684985924000,3.6000001,1.8000001,14,0
1771684985948000,1771684985948000,3.6000001,1.8000001,14,0
1771684985964000,1771684985964000,3.6000001,1.8000001,14,0
1771684985988000,1771684985988000,3.6000001,1.8000001,14,0
1771684986004000,1771684986004000,3.6000001,1.8000001,14,0
1771684986028000,1771684986028000,3.6000001,1.8000001,14,0
1771684986044000,1771684986044000,3.6000001,1.8000001,14,0
1771684986068000,1771684986068000,3.6000001,1.8000001,14,0
1771684986084000,1771684986084000,3.6000001,1.8000001,14,0
1771684986108000,1771684986108000,3.6000001,1.8000001,14,0
1771684986124000,1771684986124000,3.6000001,1.8000001,14,0
1771684986148000,1771684986148000,3.6000001,1.8000001,14,0
1771684986164000,1771684986164000,3.6000001,1.8000001,14,0
1771684986188000,1771684986188000,3.6000001,1.8000001,14,0
1771684986204000,1771684986204000,3.6000001,1.8000001,14,0
1771684986228000,1771684986228000,3.6000001,1.8000001,14,0
1771684986244000,1771684986244000,3.6000001,1.8000001,14,0
1771684986268000,1771684986268000,3.6000001,1.8000001,14,0
1771684986284000,1771684986284000,3.6000001,1.8000001,14,0
1771684986308000,1771684986308000,3.6000001,1.8000001,14,0
1771684986324000,1771684986324000,3.6000001,1.8000001,14,0
1771684986348000,1771684986348000,3.6000001,1.8000001,14,0
1771684986364000,1771684986364000,3.6000001,1.8000001,14,0
1771684986388000,1771684986388000,3.6000001,1.8000001,14,0
1771684986404000,1771684986404000,3.6000001,1.8000001,14,0
1771684986428000,1771684986428000,3.6000001,1.8000001,14,0
1771684986444000,1771684986444000,3.6000001,1.8000001,14,0
1771684986468000,1771684986468000,3.6000001,1.8000001,14,0
1771684986484000,1771684986484000,3.6000001,1.8000001,14,0
1771684986508000,1771684986508000,3.6000001,1.8000001,14,0
1771684986524000,1771684986524000,3.6000001,1.8000001,14,0
1771684986548000,1771684986548000,3.6000001,1.8000001,14,0
1771684986564000,1771684986564000,3.6000001,1.8000001,14,0
1771684986588000,1771684986588000,3.6000001,1.8000001,14,0
1771684986604000,1771684986604000,3.6000001,1.8000001,14,0
1771684986628000,1771684986628000,3.6000001,1.8000001,14,0
1771684986644000,1771684986644000,3.6000001,1.8000001,14,0
1771684986668000,1771684986668000,3.6000001,1.8000001,14,0
1771684986684000,1771684986684000,3.6000001,1.8000001,14,0
1771684986708000,1771684986708000,3.6000001,1.8000001,14,0
1771684986724000,1771684986724000,3.6000001,1.8000001,14,0
1771684986748000,1771684986748000,3.6000001,1.8000001,14,0
1771684986764000,1771684986764000,3.6000001,1.8000001,14,0
1771684986788000,1771684986788000,3.6000001,1.8000001,14,0
1771684986804000,1771684986804000,3.6000001,1.8000001,14,0
1771684986828000,1771684986828000,3.6000001,1.8000001,14,0
1771684986844000,1771684986844000,3.6000001,1.8000001,14,0
1771684986868000,1771684986868000,3.6000001,1.8000001,14,0
1771684986884000,1771684986884000,3.6000001,1.8000001,14,0
1771684986908000,1771684986908000,3.6000001,1.8000001,14,0
1771684986924000,1771684986924000,3.6000001,1.8000001,14,0
1771684986948000,1771684986948000,3.6000001,1.8000001,14,0
1771684986964000,1771684986964000,3.6000001,1.8000001,14,0
1771684986988000,1771684986988000,3.6000001,1.8000001,14,0
1771684987004000,1771684987004000,3.6000001,1.8000001,14,0
1771684987028000,1771684987028000,3.6000001,1.8000001,14,0
1771684987044000,1771684987044000,3.6000001,1.8000001,14,0
1771684987068000,1771684987068000,3.6000001,1.8000001,14,0
1771684987084000,1771684987084000,3.6000001,1.8000001,14,0
1771684987108000,1771684987108000,3.6000001,1.8000001,14,0
1771684987124000,1771684987124000,3.6000001,1.8000001,14,0
1771684987148000,1771684987148000,3.6000001,1.8000001,14,0
1771684987164000,1771684987164000,3.6000001,1.8000001,14,0
1771684987188000,1771684987188000,3.6000001,1.8000001,14,0
1771684987204000,1771684987204000,3.6000001,1.8000001,14,0
1771684987228000,1771684987228000,3.6000001,1.8000001,14,0
1771684987244000,1771684987244000,3.6000001,1.8000001,14,0
1771684987268000,1771684987268000,3.6000001,1.8000001,14,0
1771684987284000,1771684987284000,3.6000001,1.8000001,14,0
1771684987308000,1771684987308000,3.6000001,1.8000001,14,0
1771684987324000,1771684987324000,3.6000001,1.8000001,14,0
1771684987348000,1771684987348000,3.6000001,1.8000001,14,0
1771684987364000,1771684987364000,3.6000001,1.8000001,14,0
1771684987388000,1771684987388000,3.6000001,1.8000001,14,0
1771684987404000,1771684987404000,3.6000001,1.8000001,14,0
1771684987428000,1771684987428000,3.6000001,1.8000001,14,0
1771684987444000,1771684987444000,3.6000001,1.8000001,14,0
1771684987468000,1771684987468000,3.6000001,1.8000001,14,0
1771684987484000,1771684987484000,3.6000001,1.8000001,14,0
1771684987508000,1771684987508000,3.6000001,1.8000001,14,0
1771684987524000,1771684987524000,3.6000001,1.8000001,14,0
1771684987548000,1771684987548000,3.6000001,1.8000001,14,0
1771684987564000,1771684987564000,3.6000001,1.8000001,14,0
1771684987588000,1771684987588000,3.6000001,1.8000001,14,0
1771684987604000,1771684987604000,3.6000001,1.8000001,14,0
1771684987628000,1771684987628000,3.6000001,1.8000001,14,0
1771684987644000,1771684987644000,3.6000001,1.8000001,14,0
1771684987668000,1771684987668000,3.6000001,1.8000001,14,0
1771684987684000,1771684987684000,3.6000001,1.8000001,14,0
1771684987708000,1771684987708000,3.6000001,1.8000001,14,0
1771684987724000,1771684987724000,3.6000001,1.8000001,14,0
1771684987748000,1771684987748000,3.6000001,1.8000001,14,0
1771684987764000,1771684987764000,3.6000001,1.8000001,14,0
1771684987788000,1771684987788000,3.6000001,1.8000001,14,0
1771684987804000,1771684987804000,3.6000001,1.8000001,14,0
1771684987828000,1771684987828000,3.6000001,1.8000001,14,0
1771684987844000,1771684987844000,3.6000001,1.8000001,14,0
1771684987868000,1771684987868000,3.6000001,1.8000001,14,0
1771684987884000,1771684987884000,3.6000001,1.8000001,14,0
1771684987908000,1771684987908000,3.6000001,1.8000001,14,0
1771684987924000,1771684987924000,3.6000001,1.8000001,14,0
1771684987948000,1771684987948000,3.6000001,1.8000001,14,0
1771684987964000,1771684987964000,3.6000001,1.8000001,14,0
1771684987988000,1771684987988000,3.6000001,1.8000001,14,0
1771684988004000,1771684988004000,3.6000001,1.8000001,14,0
1771684988028000,1771684988028000,3.6000001,1.8000001,14,0
1771684988044000,1771684988044000,3.6000001,1.8000001,14,0
1771684988068000,1771684988068000,3.6000001,1.8000001,14,0
1771684988084000,1771684988084000,3.6000001,1.8000001,14,0
1771684988108000,1771684988108000,3.6000001,1.8000001,14,0
1771684988124000,1771684988124000,3.6000001,1.8000001,14,0
1771684988148000,1771684988148000,3.6000001,1.8000001,14,0
1771684988164000,1771684988164000,3.6000001,1.8000001,14,0
1771684988188000,1771684988188000,3.6000001,1.8000001,14,0
1771684988204000,1771684988204000,3.6000001,1.8000001,14,0
1771684988228000,1771684988228000,3.6000001,1.8000001,14,0
1771684988244000,1771684988244000,3.6000001,1.8000001,14,0
1771684988268000,1771684988268000,3.6000001,1.8000001,14,0
1771684988284000,1771684988284000,3.6000001,1.8000001,14,0
1771684988308000,1771684988308000,3.6000001,1.8000001,14,0
1771684988324000,1771684988324000,3.6000001,1.8000001,14,0
1771684988348000,1771684988348000,3.6000001,1.8000001,14,0
1771684988364000,1771684988364000,3.6000001,1.8000001,14,0
1771684988388000,1771684988388000,3.6000001,1.8000001,14,0
1771684988404000,1771684988404000,3.6000001,1.8000001,14,0
1771684988428000,1771684988428000,3.6000001,1.8000001,14,0
1771684988444000,1771684988444000,3.6000001,1.8000001,14,0
1771684988468000,1771684988468000,3.6000001,1.8000001,14,0
1771684988484000,1771684988484000,3.6000001,1.8000001,14,0
1771684988508000,1771684988508000,3.6000001,1.8000001,14,0
1771684988524000,1771684988524000,3.6000001,1.8000001,14,0
1771684988548000,1771684988548000,3.6000001,1.8000001,14,0
1771684988564000,1771684988564000,3.6000001,1.8000001,14,0
1771684988588000,1771684988588000,3.6000001,1.8000001,14,0
1771684988604000,1771684988604000,3.6000001,1.8000001,14,0
1771684988628000,1771684988628000,3.6000001,1.8000001,14,0
1771684988644000,1771684988644000,3.6000001,1.8000001,14,0
1771684988668000,1771684988668000,3.6000001,1.8000001,14,0
1771684988684000,1771684988684000,3.6000001,1.8000001,14,0
1771684988708000,1771684988708000,3.6000001,1.8000001,14,0
1771684988724000,1771684988724000,3.6000001,1.8000001,14,0
1771684988748000,1771684988748000,3.6000001,1.8000001,14,0
1771684988764000,1771684988764000,3.6000001,1.8000001,14,0
1771684988788000,1771684988788000,3.6000001,1.8000001,14,0
1771684988804000,1771684988804000,3.6000001,1.8000001,14,0
1771684988828000,1771684988828000,3.6000001,1.8000001,14,0
1771684988844000,1771684988844000,3.6000001,1.8000001,14,0
1771684988868000,1771684988868000,3.6000001,1.8000001,14,0
1771684988884000,1771684988884000,3.6000001,1.8000001,14,0
1771684988908000,1771684988908000,3.6000001,1.8000001,14,0
1771684988924000,1771684988924000,3.6000001,1.8000001,14,0
1771684988948000,1771684988948000,3.6000001,1.8000001,14,0
1771684988964000,1771684988964000,3.6000001,1.8000001,14,0
1771684988988000,1771684988988000,3.6000001,1.8000001,14,0
1771684989004000,1771684989004000,3.6000001,1.8000001,14,0
1771684989028000,1771684989028000,3.6000001,1.8000001,14,0
1771684989044000,1771684989044000,3.6000001,1.8000001,14,0
1771684989068000,1771684989068000,3.6000001,1.8000001,14,0
1771684989084000,1771684989084000,3.6000001,1.8000001,14,0
1771684989108000,1771684989108000,3.6000001,1.8000001,14,0
1771684989124000,1771684989124000,3.6000001,1.8000001,14,0
1771684989148000,1771684989148000,3.6000001,1.8000001,14,0
1771684989164000,1771684989164000,3.6000001,1.8000001,14,0
1771684989188000,1771684989188000,3.6000001,1.8000001,14,0
1771684989204000,1771684989204000,3.6000001,1.8000001,14,0
1771684989228000,1771684989228000,3.6000001,1.8000001,14,0
1771684989244000,1771684989244000,3.6000001,1.8000001,14,0
1771684989268000,1771684989268000,3.6000001,1.8000001,14,0
1771684989284000,1771684989284000,3.6000001,1.8000001,14,0
1771684989308000,1771684989308000,3.6000001,1.8000001,14,0
1771684989324000,1771684989324000,3.6000001,1.8000001,14,0
1771684989348000,1771684989348000,3.6000001,1.8000001,14,0
1771684989364000,1771684989364000,3.6000001,1.8000001,14,0
1771684989388000,1771684989388000,3.6000001,1.8000001,14,0
1771684989404000,1771684989404000,3.6000001,1.8000001,14,0
1771684989428000,1771684989428000,3.6000001,1.8000001,14,0
1771684989444000,1771684989444000,3.6000001,1.8000001,14,0
1771684989468000,1771684989468000,3.6000001,1.8000001,14,0
1771684989484000,1771684989484000,3.6000001,1.8000001,14,0
1771684989508000,1771684989508000,3.6000001,1.8000001,14,0
1771684989524000,1771684989524000,3.6000001,1.8000001,14,0
1771684989548000,1771684989548000,3.6000001,1.8000001,14,0
1771684989564000,1771684989564000,3.6000001,1.8000001,14,0
1771684989588000,1771684989588000,3.6000001,1.8000001,14,0
1771684989604000,1771684989604000,3.6000001,1.8000001,14,0
1771684989628000,1771684989628000,3.6000001,1.8000001,14,0
1771684989644000,1771684989644000,3.6000001,1.8000001,14,0
1771684989668000,1771684989668000,3.6000001,1.8000001,14,0
1771684989684000,1771684989684000,3.6000001,1.8000001,14,0
1771684989708000,1771684989708000,3.6000001,1.8000001,14,0
1771684989724000,1771684989724000,3.6000001,1.8000001,14,0
1771684989748000,1771684989748000,3.6000001,1.8000001,14,0
1771684989764000,1771684989764000,3.6000001,1.8000001,14,0
1771684989788000,1771684989788000,3.6000001,1.8000001,14,0
1771684989804000,1771684989804000,3.6000001,1.8000001,14,0
1771684989828000,1771684989828000,3.6000001,1.8000001,14,0
1771684989844000,1771684989844000,3.6000001,1.8000001,14,0
1771684989868000,1771684989868000,3.6000001,1.8000001,14,0
1771684989884000,1771684989884000,3.6000001,1.8000001,14,0
1771684989908000,1771684989908000,3.6000001,1.8000001,14,0
1771684989924000,1771684989924000,3.6000001,1.8000001,14,0
1771684989948000,1771684989948000,3.6000001,1.8000001,14,0
1771684989964000,1771684989964000,3.6000001,1.8000001,14,0
1771684989988000,1771684989988000,3.6000001,1.8000001,14,0
1771684990004000,1771684990004000,3.6000001,1.8000001,14,0
1771684990028000,1771684990028000,3.6000001,1.8000001,14,0
1771684990044000,1771684990044000,3.6000001,1.8000001,14,0
1771684990068000,1771684990068000,3.6000001,1.8000001,14,0
1771684990084000,1771684990084000,3.6000001,1.8000001,14,0
1771684990108000,1771684990108000,3.6000001,1.8000001,14,0
1771684990124000,1771684990124000,3.6000001,1.8000001,14,0
1771684990148000,1771684990148000,3.6000001,1.8000001,14,0
1771684990164000,1771684990164000,3.6000001,1.8000001,14,0
1771684990188000,1771684990188000,3.6000001,1.8000001,14,0
1771684990204000,1771684990204000,3.6000001,1.8000001,14,0
1771684990228000,1771684990228000,3.6000001,1.8000001,14,0
1771684990244000,1771684990244000,3.6000001,1.8000001,14,0
1771684990268000,1771684990268000,3.6000001,1.8000001,14,0
1771684990284000,1771684990284000,3.6000001,1.8000001,14,0
1771684990308000,1771684990308000,3.6000001,1.8000001,14,0
1771684990324000,1771684990324000,3.6000001,1.8000001,14,0
1771684990348000,1771684990348000,3.6000001,1.8000001,14,0
1771684990364000,1771684990364000,3.6000001,1.8000001,14,0
1771684990388000,1771684990388000,3.6000001,1.8000001,14,0
1771684990404000,1771684990404000,3.6000001,1.8000001,14,0
1771684990428000,1771684990428000,3.6000001,1.8000001,14,0
1771684990444000,1771684990444000,3.6000001,1.8000001,14,0
1771684990468000,1771684990468000,3.6000001,1.8000001,14,0
1771684990484000,1771684990484000,3.6000001,1.8000001,14,0
1771684990508000,1771684990508000,3.6000001,1.8000001,14,0
1771684990524000,1771684990524000,3.6000001,1.8000001,14,0
1771684990548000,1771684990548000,3.6000001,1.8000001,14,0
1771684990564000,1771684990564000,3.6000001,1.8000001,14,0
1771684990588000,1771684990588000,3.6000001,1.8000001,14,0
1771684990604000,1771684990604000,3.6000001,1.8000001,14,0
1771684990628000,1771684990628000,3.6000001,1.8000001,14,0
1771684990644000,1771684990644000,3.6000001,1.8000001,14,0
1771684990668000,1771684990668000,3.6000001,1.8000001,14,0
1771684990684000,1771684990684000,3.6000001,1.8000001,14,0
1771684990708000,1771684990708000,3.6000001,1.8000001,14,0
1771684990724000,1771684990724000,3.6000001,1.8000001,14,0
1771684990748000,1771684990748000,3.6000001,1.8000001,14,0
1771684990764000,1771684990764000,3.6000001,1.8000001,14,0
1771684990788000,1771684990788000,3.6000001,1.8000001,14,0
1771684990804000,1771684990804000,3.6000001,1.8000001,14,0
1771684990828000,1771684990828000,3.6000001,1.8000001,14,0
1771684990844000,1771684990844000,3.6000001,1.8000001,14,0
1771684990868000,1771684990868000,3.6000001,1.8000001,14,0
1771684990884000,1771684990884000,3.6000001,1.8000001,14,0
1771684990908000,1771684990908000,3.6000001,1.8000001,14,0
1771684990924000,1771684990924000,3.6000001,1.8000001,14,0
1771684990948000,1771684990948000,3.6000001,1.8000001,14,0
1771684990964000,1771684990964000,3.6000001,1.8000001,14,0
1771684990988000,1771684990988000,3.6000001,1.8000001,14,0
1771684991004000,1771684991004000,3.6000001,1.8000001,14,0
1771684991028000,1771684991028000,3.6000001,1.8000001,14,0
1771684991044000,1771684991044000,3.6000001,1.8000001,14,0
1771684991068000,1771684991068000,3.6000001,1.8000001,14,0
1771684991084000,1771684991084000,3.6000001,1.8000001,14,0
1771684991108000,1771684991108000,3.6000001,1.8000001,14,0
1771684991124000,1771684991124000,3.6000001,1.8000001,14,0
1771684991148000,1771684991148000,3.6000001,1.8000001,14,0
1771684991164000,1771684991164000,3.6000001,1.8000001,14,0
1771684991188000,1771684991188000,3.6000001,1.8000001,14,0
1771684991204000,1771684991204000,3.6000001,1.8000001,14,0
1771684991228000,1771684991228000,3.6000001,1.8000001,14,0
1771684991244000,1771684991244000,3.6000001,1.8000001,14,0
1771684991268000,1771684991268000,3.6000001,1.8000001,14,0
1771684991284000,1771684991284000,3.6000001,1.8000001,14,0
1771684991308000,1771684991308000,3.6000001,1.8000001,14,0
1771684991324000,1771684991324000,3.6000001,1.8000001,14,0
1771684991348000,1771684991348000,3.6000001,1.8000001,14,0
1771684991364000,1771684991364000,3.6000001,1.8000001,14,0
1771684991388000,1771684991388000,3.6000001,1.8000001,14,0
1771684991404000,1771684991404000,3.6000001,1.8000001,14,0
1771684991428000,1771684991428000,3.6000001,1.8000001,14,0
1771684991444000,1771684991444000,3.6000001,1.8000001,14,0
1771684991468000,1771684991468000,3.6000001,1.8000001,14,0
1771684991484000,1771684991484000,3.6000001,1.8000001,14,0
1771684991508000,1771684991508000,3.6000001,1.8000001,14,0
1771684991524000,1771684991524000,3.6000001,1.8000001,14,0
1771684991548000,1771684991548000,3.6000001,1.8000001,14,0
1771684991564000,1771684991564000,3.6000001,1.8000001,14,0
1771684991588000,1771684991588000,3.6000001,1.8000001,14,0
1771684991604000,1771684991604000,3.6000001,1.8000001,14,0
1771684991628000,1771684991628000,3.6000001,1.8000001,14,0
1771684991644000,1771684991644000,3.6000001,1.8000001,14,0
1771684991668000,1771684991668000,3.6000001,1.8000001,14,0
1771684991684000,1771684991684000,3.6000001,1.8000001,14,0
1771684991708000,1771684991708000,3.6000001,1.8000001,14,0
1771684991724000,1771684991724000,3.6000001,1.8000001,14,0
1771684991748000,1771684991748000,3.6000001,1.8000001,14,0
1771684991764000,1771684991764000,3.6000001,1.8000001,14,0
1771684991788000,1771684991788000,3.6000001,1.8000001,14,0
1771684991804000,1771684991804000,3.6000001,1.8000001,14,0
1771684991828000,1771684991828000,3.6000001,1.8000001,14,0
1771684991844000,1771684991844000,3.6000001,1.8000001,14,0
1771684991868000,1771684991868000,3.6000001,1.8000001,14,0
1771684991884000,1771684991884000,3.6000001,1.8000001,14,0
1771684991908000,1771684991908000,3.6000001,1.8000001,14,0
1771684991924000,1771684991924000,3.6000001,1.8000001,14,0
1771684991948000,1771684991948000,3.6000001,1.8000001,14,0
1771684991964000,1771684991964000,3.6000001,1.8000001,14,0
1771684991988000,1771684991988000,3.6000001,1.8000001,14,0
1771684992004000,1771684992004000,3.6000001,1.8000001,14,0
1771684992028000,1771684992028000,3.6000001,1.8000001,14,0
1771684992044000,1771684992044000,3.6000001,1.8000001,14,0
1771684992068000,1771684992068000,3.6000001,1.8000001,14,0
1771684992084000,1771684992084000,3.6000001,1.8000001,14,0
1771684992108000,1771684992108000,3.6000001,1.8000001,14,0
1771684992124000,1771684992124000,3.6000001,1.8000001,14,0
1771684992148000,1771684992148000,3.6000001,1.8000001,14,0
1771684992164000,1771684992164000,3.6000001,1.8000001,14,0
1771684992188000,1771684992188000,3.6000001,1.8000001,14,0
1771684992204000,1771684992204000,3.6000001,1.8000001,14,0
1771684992228000,1771684992228000,3.6000001,1.8000001,14,0
1771684992244000,1771684992244000,3.6000001,1.8000001,14,0
1771684992268000,1771684992268000,3.6000001,1.8000001,14,0
1771684992284000,1771684992284000,3.6000001,1.8000001,14,0
1771684992308000,1771684992308000,3.6000001,1.8000001,14,0
1771684992324000,1771684992324000,3.6000001,1.8000001,14,0
1771684992348000,1771684992348000,3.6000001,1.8000001,14,0
1771684992364000,1771684992364000,3.6000001,1.8000001,14,0
1771684992388000,1771684992388000,3.6000001,1.8000001,14,0
1771684992404000,1771684992404000,3.6000001,1.8000001,14,0
1771684992428000,1771684992428000,3.6000001,1.8000001,14,0
1771684992444000,1771684992444000,3.6000001,1.8000001,14,0
1771684992468000,1771684992468000,3.6000001,1.8000001,14,0
1771684992484000,1771684992484000,3.6000001,1.8000001,14,0
1771684992508000,1771684992508000,3.6000001,1.8000001,14,0
1771684992524000,1771684992524000,3.6000001,1.8000001,14,0
1771684992548000,1771684992548000,3.6000001,1.8000001,14,0
1771684992564000,1771684992564000,3.6000001,1.8000001,14,0
1771684992588000,1771684992588000,3.6000001,1.8000001,14,0
1771684992604000,1771684992604000,3.6000001,1.8000001,14,0
1771684992628000,1771684992628000,3.6000001,1.8000001,14,0
1771684992644000,1771684992644000,3.6000001,1.8000001,14,0
1771684992668000,1771684992668000,3.6000001,1.8000001,14,0
1771684992684000,1771684992684000,3.6000001,1.8000001,14,0
1771684992708000,1771684992708000,3.6000001,1.8000001,14,0
1771684992724000,1771684992724000,3.6000001,1.8000001,14,0
1771684992748000,1771684992748000,3.6000001,1.8000001,14,0
1771684992764000,1771684992764000,3.6000001,1.8000001,14,0
1771684992788000,1771684992788000,3.6000001,1.8000001,14,0
1771684992804000,1771684992804000,3.6000001,1.8000001,14,0
1771684992828000,1771684992828000,3.6000001,1.8000001,14,0
1771684992844000,1771684992844000,3.6000001,1.8000001,14,0
1771684992868000,1771684992868000,3.6000001,1.8000001,14,0
1771684992884000,1771684992884000,3.6000001,1.8000001,14,0
1771684992908000,1771684992908000,3.6000001,1.8000001,14,0
1771684992924000,1771684992924000,3.6000001,1.8000001,14,0
1771684992948000,1771684992948000,3.6000001,1.8000001,14,0
1771684992964000,1771684992964000,3.6000001,1.8000001,14,0
1771684992988000,1771684992988000,3.6000001,1.8000001,14,0
1771684993004000,1771684993004000,3.6000001,1.8000001,14,0
1771684993028000,1771684993028000,3.6000001,1.8000001,14,0
1771684993044000,1771684993044000,3.6000001,1.8000001,14,0
1771684993068000,1771684993068000,3.6000001,1.8000001,14,0
1771684993084000,1771684993084000,3.6000001,1.8000001,14,0
1771684993108000,1771684993108000,3.6000001,1.8000001,14,0
1771684993124000,1771684993124000,3.6000001,1.8000001,14,0
1771684993148000,1771684993148000,3.6000001,1.8000001,14,0
1771684993164000,1771684993164000,3.6000001,1.8000001,14,0
1771684993188000,1771684993188000,3.6000001,1.8000001,14,0
1771684993204000,1771684993204000,3.6000001,1.8000001,14,0
1771684993228000,1771684993228000,3.6000001,1.8000001,14,0
1771684993244000,1771684993244000,3.6000001,1.8000001,14,0
1771684993268000,1771684993268000,3.6000001,1.8000001,14,0
1771684993284000,1771684993284000,3.6000001,1.8000001,14,0
1771684993308000,1771684993308000,3.6000001,1.8000001,14,0
1771684993324000,1771684993324000,3.6000001,1.8000001,14,0
1771684993348000,1771684993348000,3.6000001,1.8000001,14,0
1771684993364000,1771684993364000,3.6000001,1.8000001,14,0
1771684993388000,1771684993388000,3.6000001,1.8000001,14,0
1771684993404000,1771684993404000,3.6000001,1.8000001,14,0
1771684993428000,1771684993428000,3.6000001,1.8000001,14,0
1771684993444000,1771684993444000,3.6000001,1.8000001,14,0
1771684993468000,1771684993468000,3.6000001,1.8000001,14,0
1771684993484000,1771684993484000,3.6000001,1.8000001,14,0
1771684993508000,1771684993508000,3.6000001,1.8000001,14,0
1771684993524000,1771684993524000,3.6000001,1.8000001,14,0
1771684993548000,1771684993548000,3.6000001,1.8000001,14,0
1771684993564000,1771684993564000,3.6000001,1.8000001,14,0
1771684993588000,1771684993588000,3.6000001,1.8000001,14,0
1771684993604000,1771684993604000,3.6000001,1.8000001,14,0
1771684993628000,1771684993628000,3.6000001,1.8000001,14,0
1771684993644000,1771684993644000,3.6000001,1.8000001,14,0
1771684993668000,1771684993668000,3.6000001,1.8000001,14,0
1771684993684000,1771684993684000,3.6000001,1.8000001,14,0
1771684993708000,1771684993708000,3.6000001,1.8000001,14,0
1771684993724000,1771684993724000,3.6000001,1.8000001,14,0
1771684993748000,1771684993748000,3.6000001,1.8000001,14,0
1771684993764000,1771684993764000,3.6000001,1.8000001,14,0
1771684993788000,1771684993788000,3.6000001,1.8000001,14,0
1771684993804000,1771684993804000,3.6000001,1.8000001,14,0
1771684993828000,1771684993828000,3.6000001,1.8000001,14,0
1771684993844000,1771684993844000,3.6000001,1.8000001,14,0
1771684993868000,1771684993868000,3.6000001,1.8000001,14,0
1771684993884000,1771684993884000,3.6000001,1.8000001,14,0
1771684993908000,1771684993908000,3.6000001,1.8000001,14,0
1771684993924000,1771684993924000,3.6000001,1.8000001,14,0
1771684993948000,1771684993948000,3.6000001,1.8000001,14,0
1771684993964000,1771684993964000,3.6000001,1.8000001,14,0
1771684993988000,1771684993988000,3.6000001,1.8000001,14,0
1771684994004000,1771684994004000,3.6000001,1.8000001,14,0
1771684994028000,1771684994028000,3.6000001,1.8000001,14,0
1771684994044000,1771684994044000,3.6000001,1.8000001,14,0
1771684994068000,1771684994068000,3.6000001,1.8000001,14,0
1771684994084000,1771684994084000,3.6000001,1.8000001,14,0
1771684994108000,1771684994108000,3.6000001,1.8000001,14,0
1771684994124000,1771684994124000,3.6000001,1.8000001,14,0
1771684994148000,1771684994148000,3.6000001,1.8000001,14,0
1771684994164000,1771684994164000,3.6000001,1.8000001,14,0
1771684994188000,1771684994188000,3.6000001,1.8000001,14,0
1771684994204000,1771684994204000,3.6000001,1.8000001,14,0
1771684994228000,1771684994228000,3.6000001,1.8000001,14,0
1771684994244000,1771684994244000,3.6000001,1.8000001,14,0
1771684994268000,1771684994268000,3.6000001,1.8000001,14,0
1771684994284000,1771684994284000,3.6000001,1.8000001,14,0
1771684994308000,1771684994308000,3.6000001,1.8000001,14,0
1771684994324000,1771684994324000,3.6000001,1.8000001,14,0
1771684994348000,1771684994348000,3.6000001,1.8000001,14,0
1771684994364000,1771684994364000,3.6000001,1.8000001,14,0
1771684994388000,1771684994388000,3.6000001,1.8000001,14,0
1771684994404000,1771684994404000,3.6000001,1.8000001,14,0
1771684994428000,1771684994428000,3.6000001,1.8000001,14,0
1771684994444000,1771684994444000,3.6000001,1.8000001,14,0
1771684994468000,1771684994468000,3.6000001,1.8000001,14,0
1771684994484000,1771684994484000,3.6000001,1.8000001,14,0
1771684994508000,1771684994508000,3.6000001,1.8000001,14,0
1771684994524000,1771684994524000,3.6000001,1.8000001,14,0
1771684994548000,1771684994548000,3.6000001,1.8000001,14,0
1771684994564000,1771684994564000,3.6000001,1.8000001,14,0
1771684994588000,1771684994588000,3.6000001,1.8000001,14,0
1771684994604000,1771684994604000,3.6000001,1.8000001,14,0
1771684994628000,1771684994628000,3.6000001,1.8000001,14,0
1771684994644000,1771684994644000,3.6000001,1.8000001,14,0
1771684994668000,1771684994668000,3.6000001,1.8000001,14,0
1771684994684000,1771684994684000,3.6000001,1.8000001,14,0
1771684994708000,1771684994708000,3.6000001,1.8000001,14,0
1771684994724000,1771684994724000,3.6000001,1.8000001,14,0
1771684994748000,1771684994748000,3.6000001,1.8000001,14,0
1771684994764000,1771684994764000,3.6000001,1.8000001,14,0
1771684994788000,1771684994788000,3.6000001,1.8000001,14,0
1771684994804000,1771684994804000,3.6000001,1.8000001,14,0
1771684994828000,1771684994828000,3.6000001,1.8000001,14,0
1771684994844000,1771684994844000,3.6000001,1.8000001,14,0
1771684994868000,1771684994868000,3.6000001,1.8000001,14,0
1771684994884000,1771684994884000,3.6000001,1.8000001,14,0
1771684994908000,1771684994908000,3.6000001,1.8000001,14,0
1771684994924000,1771684994924000,3.6000001,1.8000001,14,0
1771684994948000,1771684994948000,3.6000001,1.8000001,14,0
1771684994964000,1771684994964000,3.6000001,1.8000001,14,0
1771684994988000,1771684994988000,3.6000001,1.8000001,14,0
1771684995004000,1771684995004000,3.6000001,1.8000001,14,0
1771684995028000,1771684995028000,3.6000001,1.8000001,14,0
1771684995044000,1771684995044000,3.6000001,1.8000001,14,0
1771684995068000,1771684995068000,3.6000001,1.8000001,14,0
1771684995084000,1771684995084000,3.6000001,1.8000001,14,0
1771684995108000,1771684995108000,3.6000001,1.8000001,14,0
1771684995124000,1771684995124000,3.6000001,1.8000001,14,0
1771684995148000,1771684995148000,3.6000001,1.8000001,14,0
1771684995164000,1771684995164000,3.6000001,1.8000001,14,0
1771684995188000,1771684995188000,3.6000001,1.8000001,14,0
1771684995204000,1771684995204000,3.6000001,1.8000001,14,0
1771684995228000,1771684995228000,3.6000001,1.8000001,14,0
1771684995244000,1771684995244000,3.6000001,1.8000001,14,0
1771684995268000,1771684995268000,3.6000001,1.8000001,14,0
1771684995284000,1771684995284000,3.6000001,1.8000001,14,0
1771684995308000,1771684995308000,3.6000001,1.8000001,14,0
1771684995324000,1771684995324000,3.6000001,1.8000001,14,0
1771684995348000,1771684995348000,3.6000001,1.8000001,14,0
1771684995364000,1771684995364000,3.6000001,1.8000001,14,0
1771684995388000,1771684995388000,3.6000001,1.8000001,14,0
1771684995404000,1771684995404000,3.6000001,1.8000001,14,0
1771684995428000,1771684995428000,3.6000001,1.8000001,14,0
1771684995444000,1771684995444000,3.6000001,1.8000001,14,0
1771684995468000,1771684995468000,3.6000001,1.8000001,14,0
1771684995484000,1771684995484000,3.6000001,1.8000001,14,0
1771684995508000,1771684995508000,3.6000001,1.8000001,14,0
1771684995524000,1771684995524000,3.6000001,1.8000001,14,0
1771684995548000,1771684995548000,3.6000001,1.8000001,14,0
1771684995564000,1771684995564000,3.6000001,1.8000001,14,0
1771684995588000,1771684995588000,3.6000001,1.8000001,14,0
1771684995604000,1771684995604000,3.6000001,1.8000001,14,0
1771684995628000,1771684995628000,3.6000001,1.8000001,14,0
1771684995644000,1771684995644000,3.6000001,1.8000001,14,0
1771684995668000,1771684995668000,3.6000001,1.8000001,14,0
1771684995684000,1771684995684000,3.6000001,1.8000001,14,0
1771684995708000,1771684995708000,3.6000001,1.8000001,14,0
1771684995724000,1771684995724000,3.6000001,1.8000001,14,0
1771684995748000,1771684995748000,3.6000001,1.8000001,14,0
1771684995764000,1771684995764000,3.6000001,1.8000001,14,0
1771684995788000,1771684995788000,3.6000001,1.8000001,14,0
1771684995804000,1771684995804000,3.6000001,1.8000001,14,0
1771684995828000,1771684995828000,3.6000001,1.8000001,14,0
1771684995844000,1771684995844000,3.6000001,1.8000001,14,0
1771684995868000,1771684995868000,3.6000001,1.8000001,14,0
1771684995884000,1771684995884000,3.6000001,1.8000001,14,0
1771684995908000,1771684995908000,3.6000001,1.8000001,14,0
1771684995924000,1771684995924000,3.6000001,1.8000001,14,0
1771684995948000,1771684995948000,3.6000001,1.8000001,14,0
1771684995964000,1771684995964000,3.6000001,1.8000001,14,0
1771684995988000,1771684995988000,3.6000001,1.8000001,14,0
1771684996004000,1771684996004000,3.6000001,1.8000001,14,0
1771684996028000,1771684996028000,3.6000001,1.8000001,14,0
1771684996044000,1771684996044000,3.6000001,1.8000001,14,0
1771684996068000,1771684996068000,3.6000001,1.8000001,14,0
1771684996084000,1771684996084000,3.6000001,1.8000001,14,0
1771684996108000,1771684996108000,3.6000001,1.8000001,14,0
1771684996124000,1771684996124000,3.6000001,1.8000001,14,0
1771684996148000,1771684996148000,3.6000001,1.8000001,14,0
1771684996164000,1771684996164000,3.6000001,1.8000001,14,0
1771684996188000,1771684996188000,3.6000001,1.8000001,14,0
1771684996204000,1771684996204000,3.6000001,1.8000001,14,0
1771684996228000,1771684996228000,3.6000001,1.8000001,14,0
1771684996244000,1771684996244000,3.6000001,1.8000001,14,0
1771684996268000,1771684996268000,3.6000001,1.8000001,14,0
1771684996284000,1771684996284000,3.6000001,1.8000001,14,0
1771684996308000,1771684996308000,3.6000001,1.8000001,14,0
1771684996324000,1771684996324000,3.6000001,1.8000001,14,0
1771684996348000,1771684996348000,3.6000001,1.8000001,14,0
1771684996364000,1771684996364000,3.6000001,1.8000001,14,0
1771684996388000,1771684996388000,3.6000001,1.8000001,14,0
1771684996404000,1771684996404000,3.6000001,1.8000001,14,0
1771684996428000,1771684996428000,3.6000001,1.8000001,14,0
1771684996444000,1771684996444000,3.6000001,1.8000001,14,0
1771684996468000,1771684996468000,3.6000001,1.8000001,14,0
1771684996484000,1771684996484000,3.6000001,1.8000001,14,0
1771684996508000,1771684996508000,3.6000001,1.8000001,14,0
1771684996524000,1771684996524000,3.6000001,1.8000001,14,0
1771684996548000,1771684996548000,3.6000001,1.8000001,14,0
1771684996564000,1771684996564000,3.6000001,1.8000001,14,0
1771684996588000,1771684996588000,3.6000001,1.8000001,14,0
1771684996604000,1771684996604000,3.6000001,1.8000001,14,0
1771684996628000,1771684996628000,3.6000001,1.8000001,14,0
1771684996644000,1771684996644000,3.6000001,1.8000001,14,0
1771684996668000,1771684996668000,3.6000001,1.8000001,14,0
1771684996684000,1771684996684000,3.6000001,1.8000001,14,0
1771684996708000,1771684996708000,3.6000001,1.8000001,14,0
1771684996724000,1771684996724000,3.6000001,1.8000001,14,0
1771684996748000,1771684996748000,3.6000001,1.8000001,14,0
1771684996764000,1771684996764000,3.6000001,1.8000001,14,0
1771684996788000,1771684996788000,3.6000001,1.8000001,14,0
1771684996804000,1771684996804000,3.6000001,1.8000001,14,0
1771684996828000,1771684996828000,3.6000001,1.8000001,14,0
1771684996844000,1771684996844000,3.6000001,1.8000001,14,0
1771684996868000,1771684996868000,3.6000001,1.8000001,14,0
1771684996884000,1771684996884000,3.6000001,1.8000001,14,0
1771684996908000,1771684996908000,3.6000001,1.8000001,14,0
1771684996924000,1771684996924000,3.6000001,1.8000001,14,0
1771684996948000,1771684996948000,3.6000001,1.8000001,14,0
1771684996964000,1771684996964000,3.6000001,1.8000001,14,0
1771684996988000,1771684996988000,3.6000001,1.8000001,14,0
1771684997004000,1771684997004000,3.6000001,1.8000001,14,0
1771684997028000,1771684997028000,3.6000001,1.8000001,14,0
1771684997044000,1771684997044000,3.6000001,1.8000001,14,0
1771684997068000,1771684997068000,3.6000001,1.8000001,14,0
1771684997084000,1771684997084000,3.6000001,1.8000001,14,0
1771684997108000,1771684997108000,3.6000001,1.8000001,14,0
1771684997124000,1771684997124000,3.6000001,1.8000001,14,0
1771684997148000,1771684997148000,3.6000001,1.8000001,14,0
1771684997164000,1771684997164000,3.6000001,1.8000001,14,0
1771684997188000,1771684997188000,3.6000001,1.8000001,14,0
1771684997204000,1771684997204000,3.6000001,1.8000001,14,0
1771684997228000,1771684997228000,3.6000001,1.8000001,14,0
1771684997244000,1771684997244000,3.6000001,1.8000001,14,0
1771684997268000,1771684997268000,3.6000001,1.8000001,14,0
1771684997284000,1771684997284000,3.6000001,1.8000001,14,0
1771684997308000,1771684997308000,3.6000001,1.8000001,14,0
1771684997324000,1771684997324000,3.6000001,1.8000001,14,0
1771684997348000,1771684997348000,3.6000001,1.8000001,14,0
1771684997364000,1771684997364000,3.6000001,1.8000001,14,0
1771684997388000,1771684997388000,3.6000001,1.8000001,14,0
1771684997404000,1771684997404000,3.6000001,1.8000001,14,0
1771684997428000,1771684997428000,3.6000001,1.8000001,14,0
1771684997444000,1771684997444000,3.6000001,1.8000001,14,0
1771684997468000,1771684997468000,3.6000001,1.8000001,14,0
1771684997484000,1771684997484000,3.6000001,1.8000001,14,0
1771684997508000,1771684997508000,3.6000001,1.8000001,14,0
1771684997524000,1771684997524000,3.6000001,1.8000001,14,0
1771684997548000,1771684997548000,3.6000001,1.8000001,14,0
1771684997564000,1771684997564000,3.6000001,1.8000001,14,0
1771684997588000,1771684997588000,3.6000001,1.8000001,14,0
1771684997604000,1771684997604000,3.6000001,1.8000001,14,0
1771684997628000,1771684997628000,3.6000001,1.8000001,14,0
1771684997644000,1771684997644000,3.6000001,1.8000001,14,0
1771684997668000,1771684997668000,3.6000001,1.8000001,14,0
1771684997684000,1771684997684000,3.6000001,1.8000001,14,0
1771684997708000,1771684997708000,3.6000001,1.8000001,14,0
1771684997724000,1771684997724000,3.6000001,1.8000001,14,0
1771684997748000,1771684997748000,3.6000001,1.8000001,14,0
1771684997764000,1771684997764000,3.6000001,1.8000001,14,0
1771684997788000,1771684997788000,3.6000001,1.8000001,14,0
1771684997804000,1771684997804000,3.6000001,1.8000001,14,0
1771684997828000,1771684997828000,3.6000001,1.8000001,14,0
1771684997844000,1771684997844000,3.6000001,1.8000001,14,0
1771684997868000,1771684997868000,3.6000001,1.8000001,14,0
1771684997884000,1771684997884000,3.6000001,1.8000001,14,0
1771684997908000,1771684997908000,3.6000001,1.8000001,14,0
1771684997924000,1771684997924000,3.6000001,1.8000001,14,0
1771684997948000,1771684997948000,3.6000001,1.8000001,14,0
1771684997964000,1771684997964000,3.6000001,1.8000001,14,0
1771684997988000,1771684997988000,3.6000001,1.8000001,14,0
1771684998004000,1771684998004000,3.6000001,1.8000001,14,0
1771684998028000,1771684998028000,3.6000001,1.8000001,14,0
1771684998044000,1771684998044000,3.6000001,1.8000001,14,0
1771684998068000,1771684998068000,3.6000001,1.8000001,14,0
1771684998084000,1771684998084000,3.6000001,1.8000001,14,0
1771684998108000,1771684998108000,3.6000001,1.8000001,14,0
1771684998124000,1771684998124000,3.6000001,1.8000001,14,0
1771684998148000,1771684998148000,3.6000001,1.8000001,14,0
1771684998164000,1771684998164000,3.6000001,1.8000001,14,0
1771684998188000,1771684998188000,3.6000001,1.8000001,14,0
1771684998204000,1771684998204000,3.6000001,1.8000001,14,0
1771684998228000,1771684998228000,3.6000001,1.8000001,14,0
1771684998244000,1771684998244000,3.6000001,1.8000001,14,0
1771684998268000,1771684998268000,3.6000001,1.8000001,14,0
1771684998284000,1771684998284000,3.6000001,1.8000001,14,0
1771684998308000,1771684998308000,3.6000001,1.8000001,14,0
1771684998324000,1771684998324000,3.6000001,1.8000001,14,0
1771684998348000,1771684998348000,3.6000001,1.8000001,14,0
1771684998364000,1771684998364000,3.6000001,1.8000001,14,0
1771684998388000,1771684998388000,3.6000001,1.8000001,14,0
1771684998404000,1771684998404000,3.6000001,1.8000001,14,0
1771684998428000,1771684998428000,3.6000001,1.8000001,14,0
1771684998444000,1771684998444000,3.6000001,1.8000001,14,0
1771684998468000,1771684998468000,3.6000001,1.8000001,14,0
1771684998484000,1771684998484000,3.6000001,1.8000001,14,0
1771684998508000,1771684998508000,3.6000001,1.8000001,14,0
1771684998524000,1771684998524000,3.6000001,1.8000001,14,0
1771684998548000,1771684998548000,3.6000001,1.8000001,14,0
1771684998564000,1771684998564000,3.6000001,1.8000001,14,0
1771684998588000,1771684998588000,3.6000001,1.8000001,14,0
1771684998604000,1771684998604000,3.6000001,1.8000001,14,0
1771684998628000,1771684998628000,3.6000001,1.8000001,14,0
1771684998644000,1771684998644000,3.6000001,1.8000001,14,0
1771684998668000,1771684998668000,3.6000001,1.8000001,14,0
1771684998684000,1771684998684000,3.6000001,1.8000001,14,0
1771684998708000,1771684998708000,3.6000001,1.8000001,14,0
1771684998724000,1771684998724000,3.6000001,1.8000001,14,0
1771684998748000,1771684998748000,3.6000001,1.8000001,14,0
1771684998764000,1771684998764000,3.6000001,1.8000001,14,0
1771684998788000,1771684998788000,3.6000001,1.8000001,14,0
1771684998804000,1771684998804000,3.6000001,1.8000001,14,0
1771684998828000,1771684998828000,3.6000001,1.8000001,14,0
1771684998844000,1771684998844000,3.6000001,1.8000001,14,0
1771684998868000,1771684998868000,3.6000001,1.8000001,14,0
1771684998884000,1771684998884000,3.6000001,1.8000001,14,0
1771684998908000,1771684998908000,3.6000001,1.8000001,14,0
1771684998924000,1771684998924000,3.6000001,1.8000001,14,0
1771684998948000,1771684998948000,3.6000001,1.8000001,14,0
1771684998964000,1771684998964000,3.6000001,1.8000001,14,0
1771684998988000,1771684998988000,3.6000001,1.8000001,14,0
1771684999004000,1771684999004000,3.6000001,1.8000001,14,0
1771684999028000,1771684999028000,3.6000001,1.8000001,14,0
1771684999044000,1771684999044000,3.6000001,1.8000001,14,0
1771684999068000,1771684999068000,3.6000001,1.8000001,14,0
1771684999084000,1771684999084000,3.6000001,1.8000001,14,0
1771684999108000,1771684999108000,3.6000001,1.8000001,14,0
1771684999124000,1771684999124000,3.6000001,1.8000001,14,0
1771684999148000,1771684999148000,3.6000001,1.8000001,14,0
1771684999164000,1771684999164000,3.6000001,1.8000001,14,0
1771684999188000,1771684999188000,3.6000001,1.8000001,14,0
1771684999204000,1771684999204000,3.6000001,1.8000001,14,0
1771684999228000,1771684999228000,3.6000001,1.8000001,14,0
1771684999244000,1771684999244000,3.6000001,1.8000001,14,0
1771684999268000,1771684999268000,3.6000001,1.8000001,14,0
1771684999284000,1771684999284000,3.6000001,1.8000001,14,0
1771684999308000,1771684999308000,3.6000001,1.8000001,14,0
1771684999324000,1771684999324000,3.6000001,1.8000001,14,0
1771684999348000,1771684999348000,3.6000001,1.8000001,14,0
1771684999364000,1771684999364000,3.6000001,1.8000001,14,0
1771684999388000,1771684999388000,3.6000001,1.8000001,14,0
1771684999404000,1771684999404000,3.6000001,1.8000001,14,0
1771684999428000,1771684999428000,3.6000001,1.8000001,14,0
1771684999444000,1771684999444000,3.6000001,1.8000001,14,0
1771684999468000,1771684999468000,3.6000001,1.8000001,14,0
1771684999484000,1771684999484000,3.6000001,1.8000001,14,0
1771684999508000,1771684999508000,3.6000001,1.8000001,14,0
1771684999524000,1771684999524000,3.6000001,1.8000001,14,0
1771684999548000,1771684999548000,3.6000001,1.8000001,14,0
1771684999564000,1771684999564000,3.6000001,1.8000001,14,0
1771684999588000,1771684999588000,3.6000001,1.8000001,14,0
1771684999604000,1771684999604000,3.6000001,1.8000001,14,0
1771684999628000,1771684999628000,3.6000001,1.8000001,14,0
1771684999644000,1771684999644000,3.6000001,1.8000001,14,0
1771684999668000,1771684999668000,3.6000001,1.8000001,14,0
1771684999684000,1771684999684000,3.6000001,1.8000001,14,0
1771684999708000,1771684999708000,3.6000001,1.8000001,14,0
1771684999724000,1771684999724000,3.6000001,1.8000001,14,0
1771684999748000,1771684999748000,3.6000001,1.8000001,14,0
1771684999764000,1771684999764000,3.6000001,1.8000001,14,0
1771684999788000,1771684999788000,3.6000001,1.8000001,14,0
1771684999804000,1771684999804000,3.6000001,1.8000001,14,0
1771684999828000,1771684999828000,3.6000001,1.8000001,14,0
1771684999844000,1771684999844000,3.6000001,1.8000001,14,0
1771684999868000,1771684999868000,3.6000001,1.8000001,14,0
1771684999884000,1771684999884000,3.6000001,1.8000001,14,0
1771684999908000,1771684999908000,3.6000001,1.8000001,14,0
1771684999924000,1771684999924000,3.6000001,1.8000001,14,0
1771684999948000,1771684999948000,3.6000001,1.8000001,14,0
1771684999964000,1771684999964000,3.6000001,1.8000001,14,0
1771684999988000,1771684999988000,3.6000001,1.8000001,14,0
1771685000004000,1771685000004000,3.6000001,1.8000001,14,0
1771685000028000,1771685000028000,3.6000001,1.8000001,14,0
1771685000044000,1771685000044000,3.6000001,1.8000001,14,0
1771685000068000,1771685000068000,3.6000001,1.8000001,14,0
1771685000084000,1771685000084000,3.6000001,1.8000001,14,0
1771685000108000,1771685000108000,3.6000001,1.8000001,14,0
1771685000124000,1771685000124000,3.6000001,1.8000001,14,0
1771685000148000,1771685000148000,3.6000001,1.8000001,14,0
1771685000164000,1771685000164000,3.6000001,1.8000001,14,0
1771685000188000,1771685000188000,3.6000001,1.8000001,14,0
1771685000204000,1771685000204000,3.6000001,1.8000001,14,0
1771685000228000,1771685000228000,3.6000001,1.8000001,14,0
1771685000244000,1771685000244000,3.6000001,1.8000001,14,0
1771685000268000,1771685000268000,3.6000001,1.8000001,14,0
1771685000284000,1771685000284000,3.6000001,1.8000001,14,0
1771685000308000,1771685000308000,3.6000001,1.8000001,14,0
1771685000324000,1771685000324000,3.6000001,1.8000001,14,0
1771685000348000,1771685000348000,3.6000001,1.8000001,14,0
1771685000364000,1771685000364000,3.6000001,1.8000001,14,0
1771685000388000,1771685000388000,3.6000001,1.8000001,14,0
1771685000404000,1771685000404000,3.6000001,1.8000001,14,0
1771685000428000,1771685000428000,3.6000001,1.8000001,14,0
1771685000444000,1771685000444000,3.6000001,1.8000001,14,0
1771685000468000,1771685000468000,3.6000001,1.8000001,14,0
1771685000484000,1771685000484000,3.6000001,1.8000001,14,0
1771685000508000,1771685000508000,3.6000001,1.8000001,14,0
1771685000524000,1771685000524000,3.6000001,1.8000001,14,0
1771685000548000,1771685000548000,3.6000001,1.8000001,14,0
1771685000564000,1771685000564000,3.6000001,1.8000001,14,0
1771685000588000,1771685000588000,3.6000001,1.8000001,14,0
1771685000604000,1771685000604000,3.6000001,1.8000001,14,0
1771685000628000,1771685000628000,3.6000001,1.8000001,14,0
1771685000644000,1771685000644000,3.6000001,1.8000001,14,0
1771685000668000,1771685000668000,3.6000001,1.8000001,14,0
1771685000684000,1771685000684000,3.6000001,1.8000001,14,0
1771685000708000,1771685000708000,3.6000001,1.8000001,14,0
1771685000724000,1771685000724000,3.6000001,1.8000001,14,0
1771685000748000,1771685000748000,3.6000001,1.8000001,14,0
1771685000764000,1771685000764000,3.6000001,1.8000001,14,0
1771685000788000,1771685000788000,3.6000001,1.8000001,14,0
1771685000804000,1771685000804000,3.6000001,1.8000001,14,0
1771685000828000,1771685000828000,3.6000001,1.8000001,14,0
1771685000844000,1771685000844000,3.6000001,1.8000001,14,0
1771685000868000,1771685000868000,3.6000001,1.8000001,14,0
1771685000884000,1771685000884000,3.6000001,1.8000001,14,0
1771685000908000,1771685000908000,3.6000001,1.8000001,14,0
1771685000924000,1771685000924000,3.6000001,1.8000001,14,0
1771685000948000,1771685000948000,3.6000001,1.8000001,14,0
1771685000964000,1771685000964000,3.6000001,1.8000001,14,0
1771685000988000,1771685000988000,3.6000001,1.8000001,14,0
1771685001004000,1771685001004000,3.6000001,1.8000001,14,0
1771685001028000,1771685001028000,3.6000001,1.8000001,14,0
1771685001044000,1771685001044000,3.6000001,1.8000001,14,0
1771685001068000,1771685001068000,3.6000001,1.8000001,14,0
1771685001084000,1771685001084000,3.6000001,1.8000001,14,0
1771685001108000,1771685001108000,3.6000001,1.8000001,14,0
1771685001124000,1771685001124000,3.6000001,1.8000001,14,0
1771685001148000,1771685001148000,3.6000001,1.8000001,14,0
1771685001164000,1771685001164000,3.6000001,1.8000001,14,0
1771685001188000,1771685001188000,3.6000001,1.8000001,14,0
1771685001204000,1771685001204000,3.6000001,1.8000001,14,0
1771685001228000,1771685001228000,3.6000001,1.8000001,14,0
1771685001244000,1771685001244000,3.6000001,1.8000001,14,0
1771685001268000,1771685001268000,3.6000001,1.8000001,14,0
1771685001284000,1771685001284000,3.6000001,1.8000001,14,0
1771685001308000,1771685001308000,3.6000001,1.8000001,14,0
1771685001324000,1771685001324000,3.6000001,1.8000001,14,0
1771685001348000,1771685001348000,3.6000001,1.8000001,14,0
1771685001364000,1771685001364000,3.6000001,1.8000001,14,0
1771685001388000,1771685001388000,3.6000001,1.8000001,14,0
1771685001404000,1771685001404000,3.6000001,1.8000001,14,0
1771685001428000,1771685001428000,3.6000001,1.8000001,14,0
1771685001444000,1771685001444000,3.6000001,1.8000001,14,0
1771685001468000,1771685001468000,3.6000001,1.8000001,14,0
1771685001484000,1771685001484000,3.6000001,1.8000001,14,0
1771685001508000,1771685001508000,3.6000001,1.8000001,14,0
1771685001524000,1771685001524000,3.6000001,1.8000001,14,0
1771685001548000,1771685001548000,3.6000001,1.8000001,14,0
1771685001564000,1771685001564000,3.6000001,1.8000001,14,0
1771685001588000,1771685001588000,3.6000001,1.8000001,14,0
1771685001604000,1771685001604000,3.6000001,1.8000001,14,0
1771685001628000,1771685001628000,3.6000001,1.8000001,14,0
1771685001644000,1771685001644000,3.6000001,1.8000001,14,0
1771685001668000,1771685001668000,3.6000001,1.8000001,14,0
1771685001684000,1771685001684000,3.6000001,1.8000001,14,0
1771685001708000,1771685001708000,3.6000001,1.8000001,14,0
1771685001724000,1771685001724000,3.6000001,1.8000001,14,0
1771685001748000,1771685001748000,3.6000001,1.8000001,14,0
1771685001764000,1771685001764000,3.6000001,1.8000001,14,0
1771685001788000,1771685001788000,3.6000001,1.8000001,14,0
1771685001804000,1771685001804000,3.6000001,1.8000001,14,0
1771685001828000,1771685001828000,3.6000001,1.8000001,14,0
1771685001844000,1771685001844000,3.6000001,1.8000001,14,0
1771685001868000,1771685001868000,3.6000001,1.8000001,14,0
1771685001884000,1771685001884000,3.6000001,1.8000001,14,0
1771685001908000,1771685001908000,3.6000001,1.8000001,14,0
1771685001924000,1771685001924000,3.6000001,1.8000001,14,0
1771685001948000,1771685001948000,3.6000001,1.8000001,14,0
1771685001964000,1771685001964000,3.6000001,1.8000001,14,0
1771685001988000,1771685001988000,3.6000001,1.8000001,14,0
1771685002004000,1771685002004000,3.6000001,1.8000001,14,0
1771685002028000,1771685002028000,3.6000001,1.8000001,14,0
1771685002044000,1771685002044000,3.6000001,1.8000001,14,0
1771685002068000,1771685002068000,3.6000001,1.8000001,14,0
1771685002084000,1771685002084000,3.6000001,1.8000001,14,0
1771685002108000,1771685002108000,3.6000001,1.8000001,14,0
1771685002124000,1771685002124000,3.6000001,1.8000001,14,0
1771685002148000,1771685002148000,3.6000001,1.8000001,14,0
1771685002164000,1771685002164000,3.6000001,1.8000001,14,0
1771685002188000,1771685002188000,3.6000001,1.8000001,14,0
1771685002204000,1771685002204000,3.6000001,1.8000001,14,0
1771685002228000,1771685002228000,3.6000001,1.8000001,14,0
1771685002244000,1771685002244000,3.6000001,1.8000001,14,0
1771685002268000,1771685002268000,3.6000001,1.8000001,14,0
1771685002284000,1771685002284000,3.6000001,1.8000001,14,0
1771685002308000,1771685002308000,3.6000001,1.8000001,14,0
1771685002324000,1771685002324000,3.6000001,1.8000001,14,0
1771685002348000,1771685002348000,3.6000001,1.8000001,14,0
1771685002364000,1771685002364000,3.6000001,1.8000001,14,0
1771685002388000,1771685002388000,3.6000001,1.8000001,14,0
1771685002404000,1771685002404000,3.6000001,1.8000001,14,0
1771685002428000,1771685002428000,3.6000001,1.8000001,14,0
1771685002444000,1771685002444000,3.6000001,1.8000001,14,0
1771685002468000,1771685002468000,3.6000001,1.8000001,14,0
1771685002484000,1771685002484000,3.6000001,1.8000001,14,0
1771685002508000,1771685002508000,3.6000001,1.8000001,14,0
1771685002524000,1771685002524000,3.6000001,1.8000001,14,0
1771685002548000,1771685002548000,3.6000001,1.8000001,14,0
1771685002564000,1771685002564000,3.6000001,1.8000001,14,0
1771685002588000,1771685002588000,3.6000001,1.8000001,14,0
1771685002604000,1771685002604000,3.6000001,1.8000001,14,0
1771685002628000,1771685002628000,3.6000001,1.8000001,14,0
1771685002644000,1771685002644000,3.6000001,1.8000001,14,0
1771685002668000,1771685002668000,3.6000001,1.8000001,14,0
1771685002684000,1771685002684000,3.6000001,1.8000001,14,0
1771685002708000,1771685002708000,3.6000001,1.8000001,14,0
1771685002724000,1771685002724000,3.6000001,1.8000001,14,0
1771685002748000,1771685002748000,3.6000001,1.8000001,14,0
1771685002764000,1771685002764000,3.6000001,1.8000001,14,0
1771685002788000,1771685002788000,3.6000001,1.8000001,14,0
1771685002804000,1771685002804000,3.6000001,1.8000001,14,0
1771685002828000,1771685002828000,3.6000001,1.8000001,14,0
1771685002844000,1771685002844000,3.6000001,1.8000001,14,0
1771685002868000,1771685002868000,3.6000001,1.8000001,14,0
1771685002884000,1771685002884000,3.6000001,1.8000001,14,0
1771685002908000,1771685002908000,3.6000001,1.8000001,14,0
1771685002924000,1771685002924000,3.6000001,1.8000001,14,0
1771685002948000,1771685002948000,3.6000001,1.8000001,14,0
1771685002964000,1771685002964000,3.6000001,1.8000001,14,0
1771685002988000,1771685002988000,3.6000001,1.8000001,14,0
1771685003004000,1771685003004000,3.6000001,1.8000001,14,0
1771685003028000,1771685003028000,3.6000001,1.8000001,14,0
1771685003044000,1771685003044000,3.6000001,1.8000001,14,0
1771685003068000,1771685003068000,3.6000001,1.8000001,14,0
1771685003084000,1771685003084000,3.6000001,1.8000001,14,0
1771685003108000,1771685003108000,3.6000001,1.8000001,14,0
1771685003124000,1771685003124000,3.6000001,1.8000001,14,0
1771685003148000,1771685003148000,3.6000001,1.8000001,14,0
1771685003164000,1771685003164000,3.6000001,1.8000001,14,0
1771685003188000,1771685003188000,3.6000001,1.8000001,14,0
1771685003204000,1771685003204000,3.6000001,1.8000001,14,0
1771685003228000,1771685003228000,3.6000001,1.8000001,14,0
1771685003244000,1771685003244000,3.6000001,1.8000001,14,0
1771685003268000,1771685003268000,3.6000001,1.8000001,14,0
1771685003284000,1771685003284000,3.6000001,1.8000001,14,0
1771685003308000,1771685003308000,3.6000001,1.8000001,14,0
1771685003324000,1771685003324000,3.6000001,1.8000001,14,0
1771685003348000,1771685003348000,3.6000001,1.8000001,14,0
1771685003364000,1771685003364000,3.6000001,1.8000001,14,0
1771685003388000,1771685003388000,3.6000001,1.8000001,14,0
1771685003404000,1771685003404000,3.6000001,1.8000001,14,0
1771685003428000,1771685003428000,3.6000001,1.8000001,14,0
1771685003444000,1771685003444000,3.6000001,1.8000001,14,0
1771685003468000,1771685003468000,3.6000001,1.8000001,14,0
1771685003484000,1771685003484000,3.6000001,1.8000001,14,0
1771685003508000,1771685003508000,3.6000001,1.8000001,14,0
1771685003524000,1771685003524000,3.6000001,1.8000001,14,0
1771685003548000,1771685003548000,3.6000001,1.8000001,14,0
1771685003564000,1771685003564000,3.6000001,1.8000001,14,0
1771685003588000,1771685003588000,3.6000001,1.8000001,14,0
1771685003604000,1771685003604000,3.6000001,1.8000001,14,0
1771685003628000,1771685003628000,3.6000001,1.8000001,14,0
1771685003644000,1771685003644000,3.6000001,1.8000001,14,0
1771685003668000,1771685003668000,3.6000001,1.8000001,14,0
1771685003684000,1771685003684000,3.6000001,1.8000001,14,0
1771685003708000,1771685003708000,3.6000001,1.8000001,14,0
1771685003724000,1771685003724000,3.6000001,1.8000001,14,0
1771685003748000,1771685003748000,3.6000001,1.8000001,14,0
1771685003764000,1771685003764000,3.6000001,1.8000001,14,0
1771685003788000,1771685003788000,3.6000001,1.8000001,14,0
1771685003804000,1771685003804000,3.6000001,1.8000001,14,0
1771685003828000,1771685003828000,3.6000001,1.8000001,14,0
1771685003844000,1771685003844000,3.6000001,1.8000001,14,0
1771685003868000,1771685003868000,3.6000001,1.8000001,14,0
1771685003884000,1771685003884000,3.6000001,1.8000001,14,0
1771685003908000,1771685003908000,3.6000001,1.8000001,14,0
1771685003924000,1771685003924000,3.6000001,1.8000001,14,0
1771685003948000,1771685003948000,3.6000001,1.8000001,14,0
1771685003964000,1771685003964000,3.6000001,1.8000001,14,0
1771685003988000,1771685003988000,3.6000001,1.8000001,14,0
1771685004004000,1771685004004000,3.6000001,1.8000001,14,0
1771685004028000,1771685004028000,3.6000001,1.8000001,14,0
1771685004044000,1771685004044000,3.6000001,1.8000001,14,0
1771685004068000,1771685004068000,3.6000001,1.8000001,14,0
1771685004084000,1771685004084000,3.6000001,1.8000001,14,0
1771685004108000,1771685004108000,3.6000001,1.8000001,14,0
1771685004124000,1771685004124000,3.6000001,1.8000001,14,0
1771685004148000,1771685004148000,3.6000001,1.8000001,14,0
1771685004164000,1771685004164000,3.6000001,1.8000001,14,0
1771685004188000,1771685004188000,3.6000001,1.8000001,14,0
1771685004204000,1771685004204000,3.6000001,1.8000001,14,0
1771685004228000,1771685004228000,3.6000001,1.8000001,14,0
1771685004244000,1771685004244000,3.6000001,1.8000001,14,0
1771685004268000,1771685004268000,3.6000001,1.8000001,14,0
1771685004284000,1771685004284000,3.6000001,1.8000001,14,0
1771685004308000,1771685004308000,3.6000001,1.8000001,14,0
1771685004324000,1771685004324000,3.6000001,1.8000001,14,0
1771685004348000,1771685004348000,3.6000001,1.8000001,14,0
1771685004364000,1771685004364000,3.6000001,1.8000001,14,0
1771685004388000,1771685004388000,3.6000001,1.8000001,14,0
1771685004404000,1771685004404000,3.6000001,1.8000001,14,0
1771685004428000,1771685004428000,3.6000001,1.8000001,14,0
1771685004444000,1771685004444000,3.6000001,1.8000001,14,0
1771685004468000,1771685004468000,3.6000001,1.8000001,14,0
1771685004484000,1771685004484000,3.6000001,1.8000001,14,0
1771685004508000,1771685004508000,3.6000001,1.8000001,14,0
1771685004524000,1771685004524000,3.6000001,1.8000001,14,0
1771685004548000,1771685004548000,3.6000001,1.8000001,14,0
1771685004564000,1771685004564000,3.6000001,1.8000001,14,0
1771685004588000,1771685004588000,3.6000001,1.8000001,14,0
1771685004604000,1771685004604000,3.6000001,1.8000001,14,0
1771685004628000,1771685004628000,3.6000001,1.8000001,14,0
1771685004644000,1771685004644000,3.6000001,1.8000001,14,0
1771685004668000,1771685004668000,3.6000001,1.8000001,14,0
1771685004684000,1771685004684000,3.6000001,1.8000001,14,0
1771685004708000,1771685004708000,3.6000001,1.8000001,14,0
1771685004724000,1771685004724000,3.6000001,1.8000001,14,0
1771685004748000,1771685004748000,3.6000001,1.8000001,14,0
1771685004764000,1771685004764000,3.6000001,1.8000001,14,0
1771685004788000,1771685004788000,3.6000001,1.8000001,14,0
1771685004804000,1771685004804000,3.6000001,1.8000001,14,0
1771685004828000,1771685004828000,3.6000001,1.8000001,14,0
1771685004844000,1771685004844000,3.6000001,1.8000001,14,0
1771685004868000,1771685004868000,3.6000001,1.8000001,14,0
1771685004884000,1771685004884000,3.6000001,1.8000001,14,0
1771685004908000,1771685004908000,3.6000001,1.8000001,14,0
1771685004924000,1771685004924000,3.6000001,1.8000001,14,0
1771685004948000,1771685004948000,3.6000001,1.8000001,14,0
1771685004964000,1771685004964000,3.6000001,1.8000001,14,0
1771685004988000,1771685004988000,3.6000001,1.8000001,14,0
1771685005004000,1771685005004000,3.6000001,1.8000001,14,0
1771685005028000,1771685005028000,3.6000001,1.8000001,14,0
1771685005044000,1771685005044000,3.6000001,1.8000001,14,0
1771685005068000,1771685005068000,3.6000001,1.8000001,14,0
1771685005084000,1771685005084000,3.6000001,1.8000001,14,0
1771685005108000,1771685005108000,3.6000001,1.8000001,14,0
1771685005124000,1771685005124000,3.6000001,1.8000001,14,0
1771685005148000,1771685005148000,3.6000001,1.8000001,14,0
1771685005164000,1771685005164000,3.6000001,1.8000001,14,0
1771685005188000,1771685005188000,3.6000001,1.8000001,14,0
1771685005204000,1771685005204000,3.6000001,1.8000001,14,0
1771685005228000,1771685005228000,3.6000001,1.8000001,14,0
1771685005244000,1771685005244000,3.6000001,1.8000001,14,0
1771685005268000,1771685005268000,3.6000001,1.8000001,14,0
1771685005284000,1771685005284000,3.6000001,1.8000001,14,0
1771685005308000,1771685005308000,3.6000001,1.8000001,14,0
1771685005324000,1771685005324000,3.6000001,1.8000001,14,0
1771685005348000,1771685005348000,3.6000001,1.8000001,14,0
1771685005364000,1771685005364000,3.6000001,1.8000001,14,0
1771685005388000,1771685005388000,3.6000001,1.8000001,14,0
1771685005404000,1771685005404000,3.6000001,1.8000001,14,0
1771685005428000,1771685005428000,3.6000001,1.8000001,14,0
1771685005444000,1771685005444000,3.6000001,1.8000001,14,0
1771685005468000,1771685005468000,3.6000001,1.8000001,14,0
1771685005484000,1771685005484000,3.6000001,1.8000001,14,0
1771685005508000,1771685005508000,3.6000001,1.8000001,14,0
1771685005524000,1771685005524000,3.6000001,1.8000001,14,0
1771685005548000,1771685005548000,3.6000001,1.8000001,14,0
1771685005564000,1771685005564000,3.6000001,1.8000001,14,0
1771685005588000,1771685005588000,3.6000001,1.8000001,14,0
1771685005604000,1771685005604000,3.6000001,1.8000001,14,0
1771685005628000,1771685005628000,3.6000001,1.8000001,14,0
1771685005644000,1771685005644000,3.6000001,1.8000001,14,0
1771685005668000,1771685005668000,3.6000001,1.8000001,14,0
1771685005684000,1771685005684000,3.6000001,1.8000001,14,0
1771685005708000,1771685005708000,3.6000001,1.8000001,14,0
1771685005724000,1771685005724000,3.6000001,1.8000001,14,0
1771685005748000,1771685005748000,3.6000001,1.8000001,14,0
1771685005764000,1771685005764000,3.6000001,1.8000001,14,0
1771685005788000,1771685005788000,3.6000001,1.8000001,14,0
1771685005804000,1771685005804000,3.6000001,1.8000001,14,0
1771685005828000,1771685005828000,3.6000001,1.8000001,14,0
1771685005844000,1771685005844000,3.6000001,1.8000001,14,0
1771685005868000,1771685005868000,3.6000001,1.8000001,14,0
1771685005884000,1771685005884000,3.6000001,1.8000001,14,0
1771685005908000,1771685005908000,3.6000001,1.8000001,14,0
1771685005924000,1771685005924000,3.6000001,1.8000001,14,0
1771685005948000,1771685005948000,3.6000001,1.8000001,14,0
1771685005964000,1771685005964000,3.6000001,1.8000001,14,0
1771685005988000,1771685005988000,3.6000001,1.8000001,14,0
1771685006004000,1771685006004000,3.6000001,1.8000001,14,0
1771685006028000,1771685006028000,3.6000001,1.8000001,14,0
1771685006044000,1771685006044000,3.6000001,1.8000001,14,0
1771685006068000,1771685006068000,3.6000001,1.8000001,14,0
1771685006084000,1771685006084000,3.6000001,1.8000001,14,0
1771685006108000,1771685006108000,3.6000001,1.8000001,14,0
1771685006124000,1771685006124000,3.6000001,1.8000001,14,0
1771685006148000,1771685006148000,3.6000001,1.8000001,14,0
1771685006164000,1771685006164000,3.6000001,1.8000001,14,0
1771685006188000,1771685006188000,3.6000001,1.8000001,14,0
1771685006204000,1771685006204000,3.6000001,1.8000001,14,0
1771685006228000,1771685006228000,3.6000001,1.8000001,14,0
1771685006244000,1771685006244000,3.6000001,1.8000001,14,0
1771685006268000,1771685006268000,3.6000001,1.8000001,14,0
1771685006284000,1771685006284000,3.6000001,1.8000001,14,0
1771685006308000,1771685006308000,3.6000001,1.8000001,14,0
1771685006324000,1771685006324000,3.6000001,1.8000001,14,0
1771685006348000,1771685006348000,3.6000001,1.8000001,14,0
1771685006364000,1771685006364000,3.6000001,1.8000001,14,0
1771685006388000,1771685006388000,3.6000001,1.8000001,14,0
1771685006404000,1771685006404000,3.6000001,1.8000001,14,0
1771685006428000,1771685006428000,3.6000001,1.8000001,14,0
1771685006444000,1771685006444000,3.6000001,1.8000001,14,0
1771685006468000,1771685006468000,3.6000001,1.8000001,14,0
1771685006484000,1771685006484000,3.6000001,1.8000001,14,0
1771685006508000,1771685006508000,3.6000001,1.8000001,14,0
1771685006524000,1771685006524000,3.6000001,1.8000001,14,0
1771685006548000,1771685006548000,3.6000001,1.8000001,14,0
1771685006564000,1771685006564000,3.6000001,1.8000001,14,0
1771685006588000,1771685006588000,3.6000001,1.8000001,14,0
1771685006604000,1771685006604000,3.6000001,1.8000001,14,0
1771685006628000,1771685006628000,3.6000001,1.8000001,14,0
1771685006644000,1771685006644000,3.6000001,1.8000001,14,0
1771685006668000,1771685006668000,3.6000001,1.8000001,14,0
1771685006684000,1771685006684000,3.6000001,1.8000001,14,0
1771685006708000,1771685006708000,3.6000001,1.8000001,14,0
1771685006724000,1771685006724000,3.6000001,1.8000001,14,0
1771685006748000,1771685006748000,3.6000001,1.8000001,14,0
1771685006764000,1771685006764000,3.6000001,1.8000001,14,0
1771685006788000,1771685006788000,3.6000001,1.8000001,14,0
1771685006804000,1771685006804000,3.6000001,1.8000001,14,0
1771685006828000,1771685006828000,3.6000001,1.8000001,14,0
1771685006844000,1771685006844000,3.6000001,1.8000001,14,0
1771685006868000,1771685006868000,3.6000001,1.8000001,14,0
1771685006884000,1771685006884000,3.6000001,1.8000001,14,0
1771685006908000,1771685006908000,3.6000001,1.8000001,14,0
1771685006924000,1771685006924000,3.6000001,1.8000001,14,0
1771685006948000,1771685006948000,3.6000001,1.8000001,14,0
1771685006964000,1771685006964000,3.6000001,1.8000001,14,0
1771685006988000,1771685006988000,3.6000001,1.8000001,14,0
1771685007004000,1771685007004000,3.6000001,1.8000001,14,0
1771685007028000,1771685007028000,3.6000001,1.8000001,14,0
1771685007044000,1771685007044000,3.6000001,1.8000001,14,0
1771685007068000,1771685007068000,3.6000001,1.8000001,14,0
1771685007084000,1771685007084000,3.6000001,1.8000001,14,0
1771685007108000,1771685007108000,3.6000001,1.8000001,14,0
1771685007124000,1771685007124000,3.6000001,1.8000001,14,0
1771685007148000,1771685007148000,3.6000001,1.8000001,14,0
1771685007164000,1771685007164000,3.6000001,1.8000001,14,0
1771685007188000,1771685007188000,3.6000001,1.8000001,14,0
1771685007204000,1771685007204000,3.6000001,1.8000001,14,0
1771685007228000,1771685007228000,3.6000001,1.8000001,14,0
1771685007244000,1771685007244000,3.6000001,1.8000001,14,0
1771685007268000,1771685007268000,3.6000001,1.8000001,14,0
1771685007284000,1771685007284000,3.6000001,1.8000001,14,0
1771685007308000,1771685007308000,3.6000001,1.8000001,14,0
1771685007324000,1771685007324000,3.6000001,1.8000001,14,0
1771685007348000,1771685007348000,3.6000001,1.8000001,14,0
1771685007364000,1771685007364000,3.6000001,1.8000001,14,0
1771685007388000,1771685007388000,3.6000001,1.8000001,14,0
1771685007404000,1771685007404000,3.6000001,1.8000001,14,0
1771685007428000,1771685007428000,3.6000001,1.8000001,14,0
1771685007444000,1771685007444000,3.6000001,1.8000001,14,0
1771685007468000,1771685007468000,3.6000001,1.8000001,14,0
1771685007484000,1771685007484000,3.6000001,1.8000001,14,0
1771685007508000,1771685007508000,3.6000001,1.8000001,14,0
1771685007524000,1771685007524000,3.6000001,1.8000001,14,0
1771685007548000,1771685007548000,3.6000001,1.8000001,14,0
1771685007564000,1771685007564000,3.6000001,1.8000001,14,0
1771685007588000,1771685007588000,3.6000001,1.8000001,14,0
1771685007604000,1771685007604000,3.6000001,1.8000001,14,0
1771685007628000,1771685007628000,3.6000001,1.8000001,14,0
1771685007644000,1771685007644000,3.6000001,1.8000001,14,0
1771685007668000,1771685007668000,3.6000001,1.8000001,14,0
1771685007684000,1771685007684000,3.6000001,1.8000001,14,0
1771685007708000,1771685007708000,3.6000001,1.8000001,14,0
1771685007724000,1771685007724000,3.6000001,1.8000001,14,0
1771685007748000,1771685007748000,3.6000001,1.8000001,14,0
1771685007764000,1771685007764000,3.6000001,1.8000001,14,0
1771685007788000,1771685007788000,3.6000001,1.8000001,14,0
1771685007804000,1771685007804000,3.6000001,1.8000001,14,0
1771685007828000,1771685007828000,3.6000001,1.8000001,14,0
1771685007844000,1771685007844000,3.6000001,1.8000001,14,0
1771685007868000,1771685007868000,3.6000001,1.8000001,14,0
1771685007884000,1771685007884000,3.6000001,1.8000001,14,0
1771685007908000,1771685007908000,3.6000001,1.8000001,14,0
1771685007924000,1771685007924000,3.6000001,1.8000001,14,0
1771685007948000,1771685007948000,3.6000001,1.8000001,14,0
1771685007964000,1771685007964000,3.6000001,1.8000001,14,0
1771685007988000,1771685007988000,3.6000001,1.8000001,14,0
1771685008004000,1771685008004000,3.6000001,1.8000001,14,0
1771685008028000,1771685008028000,3.6000001,1.8000001,14,0
1771685008044000,1771685008044000,3.6000001,1.8000001,14,0
1771685008068000,1771685008068000,3.6000001,1.8000001,14,0
1771685008084000,1771685008084000,3.6000001,1.8000001,14,0
1771685008108000,1771685008108000,3.6000001,1.8000001,14,0
1771685008124000,1771685008124000,3.6000001,1.8000001,14,0
1771685008148000,1771685008148000,3.6000001,1.8000001,14,0
1771685008164000,1771685008164000,3.6000001,1.8000001,14,0
1771685008188000,1771685008188000,3.6000001,1.8000001,14,0
1771685008204000,1771685008204000,3.6000001,1.8000001,14,0
1771685008228000,1771685008228000,3.6000001,1.8000001,14,0
1771685008244000,1771685008244000,3.6000001,1.8000001,14,0
1771685008268000,1771685008268000,3.6000001,1.8000001,14,0
1771685008284000,1771685008284000,3.6000001,1.8000001,14,0
1771685008308000,1771685008308000,3.6000001,1.8000001,14,0
1771685008324000,1771685008324000,3.6000001,1.8000001,14,0
1771685008348000,1771685008348000,3.6000001,1.8000001,14,0
1771685008364000,1771685008364000,3.6000001,1.8000001,14,0
1771685008388000,1771685008388000,3.6000001,1.8000001,14,0
1771685008404000,1771685008404000,3.6000001,1.8000001,14,0
1771685008428000,1771685008428000,3.6000001,1.8000001,14,0
1771685008444000,1771685008444000,3.6000001,1.8000001,14,0
1771685008468000,1771685008468000,3.6000001,1.8000001,14,0
1771685008484000,1771685008484000,3.6000001,1.8000001,14,0
1771685008508000,1771685008508000,3.6000001,1.8000001,14,0
1771685008524000,1771685008524000,3.6000001,1.8000001,14,0
1771685008548000,1771685008548000,3.6000001,1.8000001,14,0
1771685008564000,1771685008564000,3.6000001,1.8000001,14,0
1771685008588000,1771685008588000,3.6000001,1.8000001,14,0
1771685008604000,1771685008604000,3.6000001,1.8000001,14,0
1771685008628000,1771685008628000,3.6000001,1.8000001,14,0
1771685008644000,1771685008644000,3.6000001,1.8000001,14,0
1771685008668000,1771685008668000,3.6000001,1.8000001,14,0
1771685008684000,1771685008684000,3.6000001,1.8000001,14,0
1771685008708000,1771685008708000,3.6000001,1.8000001,14,0
1771685008724000,1771685008724000,3.6000001,1.8000001,14,0
1771685008748000,1771685008748000,3.6000001,1.8000001,14,0
1771685008764000,1771685008764000,3.6000001,1.8000001,14,0
1771685008788000,1771685008788000,3.6000001,1.8000001,14,0
1771685008804000,1771685008804000,3.6000001,1.8000001,14,0
1771685008828000,1771685008828000,3.6000001,1.8000001,14,0
1771685008844000,1771685008844000,3.6000001,1.8000001,14,0
1771685008868000,1771685008868000,3.6000001,1.8000001,14,0
1771685008884000,1771685008884000,3.6000001,1.8000001,14,0
1771685008908000,1771685008908000,3.6000001,1.8000001,14,0
1771685008924000,1771685008924000,3.6000001,1.8000001,14,0
1771685008948000,1771685008948000,3.6000001,1.8000001,14,0
1771685008964000,1771685008964000,3.6000001,1.8000001,14,0
1771685008988000,1771685008988000,3.6000001,1.8000001,14,0
1771685009004000,1771685009004000,3.6000001,1.8000001,14,0
1771685009028000,1771685009028000,3.6000001,1.8000001,14,0
1771685009044000,1771685009044000,3.6000001,1.8000001,14,0
1771685009068000,1771685009068000,3.6000001,1.8000001,14,0
1771685009084000,1771685009084000,3.6000001,1.8000001,14,0
1771685009108000,1771685009108000,3.6000001,1.8000001,14,0
1771685009124000,1771685009124000,3.6000001,1.8000001,14,0
1771685009148000,1771685009148000,3.6000001,1.8000001,14,0
1771685009164000,1771685009164000,3.6000001,1.8000001,14,0
1771685009188000,1771685009188000,3.6000001,1.8000001,14,0
1771685009204000,1771685009204000,3.6000001,1.8000001,14,0
1771685009228000,1771685009228000,3.6000001,1.8000001,14,0
1771685009244000,1771685009244000,3.6000001,1.8000001,14,0
1771685009268000,1771685009268000,3.6000001,1.8000001,14,0
1771685009284000,1771685009284000,3.6000001,1.8000001,14,0
1771685009308000,1771685009308000,3.6000001,1.8000001,14,0
1771685009324000,1771685009324000,3.6000001,1.8000001,14,0
1771685009348000,1771685009348000,3.6000001,1.8000001,14,0
1771685009364000,1771685009364000,3.6000001,1.8000001,14,0
1771685009388000,1771685009388000,3.6000001,1.8000001,14,0
1771685009404000,1771685009404000,3.6000001,1.8000001,14,0
1771685009428000,1771685009428000,3.6000001,1.8000001,14,0
1771685009444000,1771685009444000,3.6000001,1.8000001,14,0
1771685009468000,1771685009468000,3.6000001,1.8000001,14,0
1771685009484000,1771685009484000,3.6000001,1.8000001,14,0
1771685009508000,1771685009508000,3.6000001,1.8000001,14,0
1771685009524000,1771685009524000,3.6000001,1.8000001,14,0
1771685009548000,1771685009548000,3.6000001,1.8000001,14,0
1771685009564000,1771685009564000,3.6000001,1.8000001,14,0
1771685009588000,1771685009588000,3.6000001,1.8000001,14,0
1771685009604000,1771685009604000,3.6000001,1.8000001,14,0
1771685009628000,1771685009628000,3.6000001,1.8000001,14,0
1771685009644000,1771685009644000,3.6000001,1.8000001,14,0
1771685009668000,1771685009668000,3.6000001,1.8000001,14,0
1771685009684000,1771685009684000,3.6000001,1.8000001,14,0
1771685009708000,1771685009708000,3.6000001,1.8000001,14,0
1771685009724000,1771685009724000,3.6000001,1.8000001,14,0
1771685009748000,1771685009748000,3.6000001,1.8000001,14,0
1771685009764000,1771685009764000,3.6000001,1.8000001,14,0
1771685009788000,1771685009788000,3.6000001,1.8000001,14,0
1771685009804000,1771685009804000,3.6000001,1.8000001,14,0
1771685009828000,1771685009828000,3.6000001,1.8000001,14,0
1771685009844000,1771685009844000,3.6000001,1.8000001,14,0
1771685009868000,1771685009868000,3.6000001,1.8000001,14,0
1771685009884000,1771685009884000,3.6000001,1.8000001,14,0
1771685009908000,1771685009908000,3.6000001,1.8000001,14,0
1771685009924000,1771685009924000,3.6000001,1.8000001,14,0
1771685009948000,1771685009948000,3.6000001,1.8000001,14,0
1771685009964000,1771685009964000,3.6000001,1.8000001,14,0
1771685009988000,1771685009988000,3.6000001,1.8000001,14,0
1771685010004000,1771685010004000,3.6000001,1.8000001,14,0
1771685010028000,1771685010028000,3.6000001,1.8000001,14,0
1771685010044000,1771685010044000,3.6000001,1.8000001,14,0
1771685010068000,1771685010068000,3.6000001,1.8000001,14,0
1771685010084000,1771685010084000,3.6000001,1.8000001,14,0
1771685010108000,1771685010108000,3.6000001,1.8000001,14,0
1771685010124000,1771685010124000,3.6000001,1.8000001,14,0
1771685010148000,1771685010148000,3.6000001,1.8000001,14,0
1771685010164000,1771685010164000,3.6000001,1.8000001,14,0
1771685010188000,1771685010188000,3.6000001,1.8000001,14,0
1771685010204000,1771685010204000,3.6000001,1.8000001,14,0
1771685010228000,1771685010228000,3.6000001,1.8000001,14,0
1771685010244000,1771685010244000,3.6000001,1.8000001,14,0
1771685010268000,1771685010268000,3.6000001,1.8000001,14,0
1771685010284000,1771685010284000,3.6000001,1.8000001,14,0
1771685010308000,1771685010308000,3.6000001,1.8000001,14,0
1771685010324000,1771685010324000,3.6000001,1.8000001,14,0
1771685010348000,1771685010348000,3.6000001,1.8000001,14,0
1771685010364000,1771685010364000,3.6000001,1.8000001,14,0
1771685010388000,1771685010388000,3.6000001,1.8000001,14,0
1771685010404000,1771685010404000,3.6000001,1.8000001,14,0
1771685010428000,1771685010428000,3.6000001,1.8000001,14,0
1771685010444000,1771685010444000,3.6000001,1.8000001,14,0
1771685010468000,1771685010468000,3.6000001,1.8000001,14,0
1771685010484000,1771685010484000,3.6000001,1.8000001,14,0
1771685010508000,1771685010508000,3.6000001,1.8000001,14,0
1771685010524000,1771685010524000,3.6000001,1.8000001,14,0
1771685010548000,1771685010548000,3.6000001,1.8000001,14,0
1771685010564000,1771685010564000,3.6000001,1.8000001,14,0
1771685010588000,1771685010588000,3.6000001,1.8000001,14,0
1771685010604000,1771685010604000,3.6000001,1.8000001,14,0
1771685010628000,1771685010628000,3.6000001,1.8000001,14,0
1771685010644000,1771685010644000,3.6000001,1.8000001,14,0
1771685010668000,1771685010668000,3.6000001,1.8000001,14,0
1771685010684000,1771685010684000,3.6000001,1.8000001,14,0
1771685010708000,1771685010708000,3.6000001,1.8000001,14,0
1771685010724000,1771685010724000,3.6000001,1.8000001,14,0
1771685010748000,1771685010748000,3.6000001,1.8000001,14,0
1771685010764000,1771685010764000,3.6000001,1.8000001,14,0
1771685010788000,1771685010788000,3.6000001,1.8000001,14,0
1771685010804000,1771685010804000,3.6000001,1.8000001,14,0
1771685010828000,1771685010828000,3.6000001,1.8000001,14,0
1771685010844000,1771685010844000,3.6000001,1.8000001,14,0
1771685010868000,1771685010868000,3.6000001,1.8000001,14,0
1771685010884000,1771685010884000,3.6000001,1.8000001,14,0
1771685010908000,1771685010908000,3.6000001,1.8000001,14,0
1771685010924000,1771685010924000,3.6000001,1.8000001,14,0
1771685010948000,1771685010948000,3.6000001,1.8000001,14,0
1771685010964000,1771685010964000,3.6000001,1.8000001,14,0
1771685010988000,1771685010988000,3.6000001,1.8000001,14,0
1771685011004000,1771685011004000,3.6000001,1.8000001,14,0
1771685011028000,1771685011028000,3.6000001,1.8000001,14,0
1771685011044000,1771685011044000,3.6000001,1.8000001,14,0
1771685011068000,1771685011068000,3.6000001,1.8000001,14,0
1771685011084000,1771685011084000,3.6000001,1.8000001,14,0
1771685011108000,1771685011108000,3.6000001,1.8000001,14,0
1771685011124000,1771685011124000,3.6000001,1.8000001,14,0
1771685011148000,1771685011148000,3.6000001,1.8000001,14,0
1771685011164000,1771685011164000,3.6000001,1.8000001,14,0
1771685011188000,1771685011188000,3.6000001,1.8000001,14,0
1771685011204000,1771685011204000,3.6000001,1.8000001,14,0
1771685011228000,1771685011228000,3.6000001,1.8000001,14,0
1771685011244000,1771685011244000,3.6000001,1.8000001,14,0
1771685011268000,1771685011268000,3.6000001,1.8000001,14,0
1771685011284000,1771685011284000,3.6000001,1.8000001,14,0
1771685011308000,1771685011308000,3.6000001,1.8000001,14,0
1771685011324000,1771685011324000,3.6000001,1.8000001,14,0
1771685011348000,1771685011348000,3.6000001,1.8000001,14,0
1771685011364000,1771685011364000,3.6000001,1.8000001,14,0
1771685011388000,1771685011388000,3.6000001,1.8000001,14,0
1771685011404000,1771685011404000,3.6000001,1.8000001,14,0
1771685011428000,1771685011428000,3.6000001,1.8000001,14,0
1771685011444000,1771685011444000,3.6000001,1.8000001,14,0
1771685011468000,1771685011468000,3.6000001,1.8000001,14,0
1771685011484000,1771685011484000,3.6000001,1.8000001,14,0
1771685011508000,1771685011508000,3.6000001,1.8000001,14,0
1771685011524000,1771685011524000,3.6000001,1.8000001,14,0
1771685011548000,1771685011548000,3.6000001,1.8000001,14,0
1771685011564000,1771685011564000,3.6000001,1.8000001,14,0
1771685011588000,1771685011588000,3.6000001,1.8000001,14,0
1771685011604000,1771685011604000,3.6000001,1.8000001,14,0
1771685011628000,1771685011628000,3.6000001,1.8000001,14,0
1771685011644000,1771685011644000,3.6000001,1.8000001,14,0
1771685011668000,1771685011668000,3.6000001,1.8000001,14,0
1771685011684000,1771685011684000,3.6000001,1.8000001,14,0
1771685011708000,1771685011708000,3.6000001,1.8000001,14,0
1771685011724000,1771685011724000,3.6000001,1.8000001,14,0
1771685011748000,1771685011748000,3.6000001,1.8000001,14,0
1771685011764000,1771685011764000,3.6000001,1.8000001,14,0
1771685011788000,1771685011788000,3.6000001,1.8000001,14,0
1771685011804000,1771685011804000,3.6000001,1.8000001,14,0
1771685011828000,1771685011828000,3.6000001,1.8000001,14,0
1771685011844000,1771685011844000,3.6000001,1.8000001,14,0
1771685011868000,1771685011868000,3.6000001,1.8000001,14,0
1771685011884000,1771685011884000,3.6000001,1.8000001,14,0
1771685011908000,1771685011908000,3.6000001,1.8000001,14,0
1771685011924000,1771685011924000,3.6000001,1.8000001,14,0
1771685011948000,1771685011948000,3.6000001,1.8000001,14,0
1771685011964000,1771685011964000,3.6000001,1.8000001,14,0
1771685011988000,1771685011988000,3.6000001,1.8000001,14,0
1771685012004000,1771685012004000,3.6000001,1.8000001,14,0
1771685012028000,1771685012028000,3.6000001,1.8000001,14,0
1771685012044000,1771685012044000,3.6000001,1.8000001,14,0
1771685012068000,1771685012068000,3.6000001,1.8000001,14,0
1771685012084000,1771685012084000,3.6000001,1.8000001,14,0
1771685012108000,1771685012108000,3.6000001,1.8000001,14,0
1771685012124000,1771685012124000,3.6000001,1.8000001,14,0
1771685012148000,1771685012148000,3.6000001,1.8000001,14,0
1771685012164000,1771685012164000,3.6000001,1.8000001,14,0
1771685012188000,1771685012188000,3.6000001,1.8000001,14,0
1771685012204000,1771685012204000,3.6000001,1.8000001,14,0
1771685012228000,1771685012228000,3.6000001,1.8000001,14,0
1771685012244000,1771685012244000,3.6000001,1.8000001,14,0
1771685012268000,1771685012268000,3.6000001,1.8000001,14,0
1771685012284000,1771685012284000,3.6000001,1.8000001,14,0
1771685012308000,1771685012308000,3.6000001,1.8000001,14,0
1771685012324000,1771685012324000,3.6000001,1.8000001,14,0
1771685012348000,1771685012348000,3.6000001,1.8000001,14,0
1771685012364000,1771685012364000,3.6000001,1.8000001,14,0
1771685012388000,1771685012388000,3.6000001,1.8000001,14,0
1771685012404000,1771685012404000,3.6000001,1.8000001,14,0
1771685012428000,1771685012428000,3.6000001,1.8000001,14,0
1771685012444000,1771685012444000,3.6000001,1.8000001,14,0
1771685012468000,1771685012468000,3.6000001,1.8000001,14,0
1771685012484000,1771685012484000,3.6000001,1.8000001,14,0
1771685012508000,1771685012508000,3.6000001,1.8000001,14,0
1771685012524000,1771685012524000,3.6000001,1.8000001,14,0
1771685012548000,1771685012548000,3.6000001,1.8000001,14,0
1771685012564000,1771685012564000,3.6000001,1.8000001,14,0
1771685012588000,1771685012588000,3.6000001,1.8000001,14,0
1771685012604000,1771685012604000,3.6000001,1.8000001,14,0
1771685012628000,1771685012628000,3.6000001,1.8000001,14,0
1771685012644000,1771685012644000,3.6000001,1.8000001,14,0
1771685012668000,1771685012668000,3.6000001,1.8000001,14,0
1771685012684000,1771685012684000,3.6000001,1.8000001,14,0
1771685012708000,1771685012708000,3.6000001,1.8000001,14,0
1771685012724000,1771685012724000,3.6000001,1.8000001,14,0
1771685012748000,1771685012748000,3.6000001,1.8000001,14,0
1771685012764000,1771685012764000,3.6000001,1.8000001,14,0
1771685012788000,1771685012788000,3.6000001,1.8000001,14,0
1771685012804000,1771685012804000,3.6000001,1.8000001,14,0
1771685012828000,1771685012828000,3.6000001,1.8000001,14,0
1771685012844000,1771685012844000,3.6000001,1.8000001,14,0
1771685012868000,1771685012868000,3.6000001,1.8000001,14,0
1771685012884000,1771685012884000,3.6000001,1.8000001,14,0
1771685012908000,1771685012908000,3.6000001,1.8000001,14,0
1771685012924000,1771685012924000,3.6000001,1.8000001,14,0
1771685012948000,1771685012948000,3.6000001,1.8000001,14,0
1771685012964000,1771685012964000,3.6000001,1.8000001,14,0
1771685012988000,1771685012988000,3.6000001,1.8000001,14,0
1771685013004000,1771685013004000,3.6000001,1.8000001,14,0
1771685013028000,1771685013028000,3.6000001,1.8000001,14,0
1771685013044000,1771685013044000,3.6000001,1.8000001,14,0
1771685013068000,1771685013068000,3.6000001,1.8000001,14,0
1771685013084000,1771685013084000,3.6000001,1.8000001,14,0
1771685013108000,1771685013108000,3.6000001,1.8000001,14,0
1771685013124000,1771685013124000,3.6000001,1.8000001,14,0
1771685013148000,1771685013148000,3.6000001,1.8000001,14,0
1771685013164000,1771685013164000,3.6000001,1.8000001,14,0
1771685013188000,1771685013188000,3.6000001,1.8000001,14,0
1771685013204000,1771685013204000,3.6000001,1.8000001,14,0
1771685013228000,1771685013228000,3.6000001,1.8000001,14,0
1771685013244000,1771685013244000,3.6000001,1.8000001,14,0
1771685013268000,1771685013268000,3.6000001,1.8000001,14,0
1771685013284000,1771685013284000,3.6000001,1.8000001,14,0
1771685013308000,1771685013308000,3.6000001,1.8000001,14,0
1771685013324000,1771685013324000,3.6000001,1.8000001,14,0
1771685013348000,1771685013348000,3.6000001,1.8000001,14,0
1771685013364000,1771685013364000,3.6000001,1.8000001,14,0
1771685013388000,1771685013388000,3.6000001,1.8000001,14,0
1771685013404000,1771685013404000,3.6000001,1.8000001,14,0
1771685013428000,1771685013428000,3.6000001,1.8000001,14,0
1771685013444000,1771685013444000,3.6000001,1.8000001,14,0
1771685013468000,1771685013468000,3.6000001,1.8000001,14,0
1771685013484000,1771685013484000,3.6000001,1.8000001,14,0
1771685013508000,1771685013508000,3.6000001,1.8000001,14,0
1771685013524000,1771685013524000,3.6000001,1.8000001,14,0
1771685013548000,1771685013548000,3.6000001,1.8000001,14,0
1771685013564000,1771685013564000,3.6000001,1.8000001,14,0
1771685013588000,1771685013588000,3.6000001,1.8000001,14,0
1771685013604000,1771685013604000,3.6000001,1.8000001,14,0
1771685013628000,1771685013628000,3.6000001,1.8000001,14,0
1771685013644000,1771685013644000,3.6000001,1.8000001,14,0
1771685013668000,1771685013668000,3.6000001,1.8000001,14,0
1771685013684000,1771685013684000,3.6000001,1.8000001,14,0
1771685013708000,1771685013708000,3.6000001,1.8000001,14,0
1771685013724000,1771685013724000,3.6000001,1.8000001,14,0
1771685013748000,1771685013748000,3.6000001,1.8000001,14,0
1771685013764000,1771685013764000,3.6000001,1.8000001,14,0
1771685013788000,1771685013788000,3.6000001,1.8000001,14,0
1771685013804000,1771685013804000,3.6000001,1.8000001,14,0
1771685013828000,1771685013828000,3.6000001,1.8000001,14,0
1771685013844000,1771685013844000,3.6000001,1.8000001,14,0
1771685013868000,1771685013868000,3.6000001,1.8000001,14,0
1771685013884000,1771685013884000,3.6000001,1.8000001,14,0
1771685013908000,1771685013908000,3.6000001,1.8000001,14,0
1771685013924000,1771685013924000,3.6000001,1.8000001,14,0
1771685013948000,1771685013948000,3.6000001,1.8000001,14,0
1771685013964000,1771685013964000,3.6000001,1.8000001,14,0
1771685013988000,1771685013988000,3.6000001,1.8000001,14,0
1771685014004000,1771685014004000,3.6000001,1.8000001,14,0
1771685014028000,1771685014028000,3.6000001,1.8000001,14,0
1771685014044000,1771685014044000,3.6000001,1.8000001,14,0
1771685014068000,1771685014068000,3.6000001,1.8000001,14,0
1771685014084000,1771685014084000,3.6000001,1.8000001,14,0
1771685014108000,1771685014108000,3.6000001,1.8000001,14,0
1771685014124000,1771685014124000,3.6000001,1.8000001,14,0
1771685014148000,1771685014148000,3.6000001,1.8000001,14,0
1771685014164000,1771685014164000,3.6000001,1.8000001,14,0
1771685014188000,1771685014188000,3.6000001,1.8000001,14,0
1771685014204000,1771685014204000,3.6000001,1.8000001,14,0
1771685014228000,1771685014228000,3.6000001,1.8000001,14,0
1771685014244000,1771685014244000,3.6000001,1.8000001,14,0
1771685014268000,1771685014268000,3.6000001,1.8000001,14,0
1771685014284000,1771685014284000,3.6000001,1.8000001,14,0
1771685014308000,1771685014308000,3.6000001,1.8000001,14,0
1771685014324000,1771685014324000,3.6000001,1.8000001,14,0
1771685014348000,1771685014348000,3.6000001,1.8000001,14,0
1771685014364000,1771685014364000,3.6000001,1.8000001,14,0
1771685014388000,1771685014388000,3.6000001,1.8000001,14,0
1771685014404000,1771685014404000,3.6000001,1.8000001,14,0
1771685014428000,1771685014428000,3.6000001,1.8000001,14,0
1771685014444000,1771685014444000,3.6000001,1.8000001,14,0
1771685014468000,1771685014468000,3.6000001,1.8000001,14,0
1771685014484000,1771685014484000,3.6000001,1.8000001,14,0
1771685014508000,1771685014508000,3.6000001,1.8000001,14,0
1771685014524000,1771685014524000,3.6000001,1.8000001,14,0
1771685014548000,1771685014548000,3.6000001,1.8000001,14,0
1771685014564000,1771685014564000,3.6000001,1.8000001,14,0
1771685014588000,1771685014588000,3.6000001,1.8000001,14,0
1771685014604000,1771685014604000,3.6000001,1.8000001,14,0
1771685014628000,1771685014628000,3.6000001,1.8000001,14,0
1771685014644000,1771685014644000,3.6000001,1.8000001,14,0
1771685014668000,1771685014668000,3.6000001,1.8000001,14,0
1771685014684000,1771685014684000,3.6000001,1.8000001,14,0
1771685014708000,1771685014708000,3.6000001,1.8000001,14,0
1771685014724000,1771685014724000,3.6000001,1.8000001,14,0
1771685014748000,1771685014748000,3.6000001,1.8000001,14,0
1771685014764000,1771685014764000,3.6000001,1.8000001,14,0
1771685014788000,1771685014788000,3.6000001,1.8000001,14,0
1771685014804000,1771685014804000,3.6000001,1.8000001,14,0
1771685014828000,1771685014828000,3.6000001,1.8000001,14,0
1771685014844000,1771685014844000,3.6000001,1.8000001,14,0
1771685014868000,1771685014868000,3.6000001,1.8000001,14,0
1771685014884000,1771685014884000,3.6000001,1.8000001,14,0
1771685014908000,1771685014908000,3.6000001,1.8000001,14,0
1771685014924000,1771685014924000,3.6000001,1.8000001,14,0
1771685014948000,1771685014948000,3.6000001,1.8000001,14,0
1771685014964000,1771685014964000,3.6000001,1.8000001,14,0
1771685014988000,1771685014988000,3.6000001,1.8000001,14,0
1771685015004000,1771685015004000,3.6000001,1.8000001,14,0
1771685015028000,1771685015028000,3.6000001,1.8000001,14,0
1771685015044000,1771685015044000,3.6000001,1.8000001,14,0
1771685015068000,1771685015068000,3.6000001,1.8000001,14,0
1771685015084000,1771685015084000,3.6000001,1.8000001,14,0
1771685015108000,1771685015108000,3.6000001,1.8000001,14,0
1771685015124000,1771685015124000,3.6000001,1.8000001,14,0
1771685015148000,1771685015148000,3.6000001,1.8000001,14,0
1771685015164000,1771685015164000,3.6000001,1.8000001,14,0
1771685015188000,1771685015188000,3.6000001,1.8000001,14,0
1771685015204000,1771685015204000,3.6000001,1.8000001,14,0
1771685015228000,1771685015228000,3.6000001,1.8000001,14,0
1771685015244000,1771685015244000,3.6000001,1.8000001,14,0
1771685015268000,1771685015268000,3.6000001,1.8000001,14,0
1771685015284000,1771685015284000,3.6000001,1.8000001,14,0
1771685015308000,1771685015308000,3.6000001,1.8000001,14,0
1771685015324000,1771685015324000,3.6000001,1.8000001,14,0
1771685015348000,1771685015348000,3.6000001,1.8000001,14,0
1771685015364000,1771685015364000,3.6000001,1.8000001,14,0
1771685015388000,1771685015388000,3.6000001,1.8000001,14,0
1771685015404000,1771685015404000,3.6000001,1.8000001,14,0
1771685015428000,1771685015428000,3.6000001,1.8000001,14,0
1771685015444000,1771685015444000,3.6000001,1.8000001,14,0
1771685015468000,1771685015468000,3.6000001,1.8000001,14,0
1771685015484000,1771685015484000,3.6000001,1.8000001,14,0
1771685015508000,1771685015508000,3.6000001,1.8000001,14,0
1771685015524000,1771685015524000,3.6000001,1.8000001,14,0
1771685015548000,1771685015548000,3.6000001,1.8000001,14,0
1771685015564000,1771685015564000,3.6000001,1.8000001,14,0
1771685015588000,1771685015588000,3.6000001,1.8000001,14,0
1771685015604000,1771685015604000,3.6000001,1.8000001,14,0
1771685015628000,1771685015628000,3.6000001,1.8000001,14,0
1771685015644000,1771685015644000,3.6000001,1.8000001,14,0
1771685015668000,1771685015668000,3.6000001,1.8000001,14,0
1771685015684000,1771685015684000,3.6000001,1.8000001,14,0
1771685015708000,1771685015708000,3.6000001,1.8000001,14,0
1771685015724000,1771685015724000,3.6000001,1.8000001,14,0
1771685015748000,1771685015748000,3.6000001,1.8000001,14,0
1771685015764000,1771685015764000,3.6000001,1.8000001,14,0
1771685015788000,1771685015788000,3.6000001,1.8000001,14,0
1771685015804000,1771685015804000,3.6000001,1.8000001,14,0
1771685015828000,1771685015828000,3.6000001,1.8000001,14,0
1771685015844000,1771685015844000,3.6000001,1.8000001,14,0
1771685015868000,1771685015868000,3.6000001,1.8000001,14,0
1771685015884000,1771685015884000,3.6000001,1.8000001,14,0
1771685015908000,1771685015908000,3.6000001,1.8000001,14,0
1771685015924000,1771685015924000,3.6000001,1.8000001,14,0
1771685015948000,1771685015948000,3.6000001,1.8000001,14,0
1771685015964000,1771685015964000,3.6000001,1.8000001,14,0
1771685015988000,1771685015988000,3.6000001,1.8000001,14,0
1771685016004000,1771685016004000,3.6000001,1.8000001,14,0
1771685016028000,1771685016028000,3.6000001,1.8000001,14,0
1771685016044000,1771685016044000,3.6000001,1.8000001,14,0
1771685016068000,1771685016068000,3.6000001,1.8000001,14,0
1771685016084000,1771685016084000,3.6000001,1.8000001,14,0
1771685016108000,1771685016108000,3.6000001,1.8000001,14,0
1771685016124000,1771685016124000,3.6000001,1.8000001,14,0
1771685016148000,1771685016148000,3.6000001,1.8000001,14,0
1771685016164000,1771685016164000,3.6000001,1.8000001,14,0
1771685016188000,1771685016188000,3.6000001,1.8000001,14,0
1771685016204000,1771685016204000,3.6000001,1.8000001,14,0
1771685016228000,1771685016228000,3.6000001,1.8000001,14,0
1771685016244000,1771685016244000,3.6000001,1.8000001,14,0
1771685016268000,1771685016268000,3.6000001,1.8000001,14,0
1771685016284000,1771685016284000,3.6000001,1.8000001,14,0
1771685016308000,1771685016308000,3.6000001,1.8000001,14,0
1771685016324000,1771685016324000,3.6000001,1.8000001,14,0
1771685016348000,1771685016348000,3.6000001,1.8000001,14,0
1771685016364000,1771685016364000,3.6000001,1.8000001,14,0
1771685016388000,1771685016388000,3.6000001,1.8000001,14,0
1771685016404000,1771685016404000,3.6000001,1.8000001,14,0
1771685016428000,1771685016428000,3.6000001,1.8000001,14,0
1771685016444000,1771685016444000,3.6000001,1.8000001,14,0
1771685016468000,1771685016468000,3.6000001,1.8000001,14,0
1771685016484000,1771685016484000,3.6000001,1.8000001,14,0
1771685016508000,1771685016508000,3.6000001,1.8000001,14,0
1771685016524000,1771685016524000,3.6000001,1.8000001,14,0
1771685016548000,1771685016548000,3.6000001,1.8000001,14,0
1771685016564000,1771685016564000,3.6000001,1.8000001,14,0
1771685016588000,1771685016588000,3.6000001,1.8000001,14,0
1771685016604000,1771685016604000,3.6000001,1.8000001,14,0
1771685016628000,1771685016628000,3.6000001,1.8000001,14,0
1771685016644000,1771685016644000,3.6000001,1.8000001,14,0
1771685016668000,1771685016668000,3.6000001,1.8000001,14,0
1771685016684000,1771685016684000,3.6000001,1.8000001,14,0
1771685016708000,1771685016708000,3.6000001,1.8000001,14,0
1771685016724000,1771685016724000,3.6000001,1.8000001,14,0
1771685016748000,1771685016748000,3.6000001,1.8000001,14,0
1771685016764000,1771685016764000,3.6000001,1.8000001,14,0
1771685016788000,1771685016788000,3.6000001,1.8000001,14,0
1771685016804000,1771685016804000,3.6000001,1.8000001,14,0
1771685016828000,1771685016828000,3.6000001,1.8000001,14,0
1771685016844000,1771685016844000,3.6000001,1.8000001,14,0
1771685016868000,1771685016868000,3.6000001,1.8000001,14,0
1771685016884000,1771685016884000,3.6000001,1.8000001,14,0
1771685016908000,1771685016908000,3.6000001,1.8000001,14,0
1771685016924000,1771685016924000,3.6000001,1.8000001,14,0
1771685016948000,1771685016948000,3.6000001,1.8000001,14,0
1771685016964000,1771685016964000,3.6000001,1.8000001,14,0
1771685016988000,1771685016988000,3.6000001,1.8000001,14,0
1771685017004000,1771685017004000,3.6000001,1.8000001,14,0
1771685017028000,1771685017028000,3.6000001,1.8000001,14,0
1771685017044000,1771685017044000,3.6000001,1.8000001,14,0
1771685017068000,1771685017068000,3.6000001,1.8000001,14,0
1771685017084000,1771685017084000,3.6000001,1.8000001,14,0
1771685017108000,1771685017108000,3.6000001,1.8000001,14,0
1771685017124000,1771685017124000,3.6000001,1.8000001,14,0
1771685017148000,1771685017148000,3.6000001,1.8000001,14,0
1771685017164000,1771685017164000,3.6000001,1.8000001,14,0
1771685017188000,1771685017188000,3.6000001,1.8000001,14,0
1771685017204000,1771685017204000,3.6000001,1.8000001,14,0
1771685017228000,1771685017228000,3.6000001,1.8000001,14,0
1771685017244000,1771685017244000,3.6000001,1.8000001,14,0
1771685017268000,1771685017268000,3.6000001,1.8000001,14,0
1771685017284000,1771685017284000,3.6000001,1.8000001,14,0
1771685017308000,1771685017308000,3.6000001,1.8000001,14,0
1771685017324000,1771685017324000,3.6000001,1.8000001,14,0
1771685017348000,1771685017348000,3.6000001,1.8000001,14,0
1771685017364000,1771685017364000,3.6000001,1.8000001,14,0
1771685017388000,1771685017388000,3.6000001,1.8000001,14,0
1771685017404000,1771685017404000,3.6000001,1.8000001,14,0
1771685017428000,1771685017428000,3.6000001,1.8000001,14,0
1771685017444000,1771685017444000,3.6000001,1.8000001,14,0
1771685017468000,1771685017468000,3.6000001,1.8000001,14,0
1771685017484000,1771685017484000,3.6000001,1.8000001,14,0
1771685017508000,1771685017508000,3.6000001,1.8000001,14,0
1771685017524000,1771685017524000,3.6000001,1.8000001,14,0
1771685017548000,1771685017548000,3.6000001,1.8000001,14,0
1771685017564000,1771685017564000,3.6000001,1.8000001,14,0
1771685017588000,1771685017588000,3.6000001,1.8000001,14,0
1771685017604000,1771685017604000,3.6000001,1.8000001,14,0
1771685017628000,1771685017628000,3.6000001,1.8000001,14,0
1771685017644000,1771685017644000,3.6000001,1.8000001,14,0
1771685017668000,1771685017668000,3.6000001,1.8000001,14,0
1771685017684000,1771685017684000,3.6000001,1.8000001,14,0
1771685017708000,1771685017708000,3.6000001,1.8000001,14,0
1771685017724000,1771685017724000,3.6000001,1.8000001,14,0
1771685017748000,1771685017748000,3.6000001,1.8000001,14,0
1771685017764000,1771685017764000,3.6000001,1.8000001,14,0
1771685017788000,1771685017788000,3.6000001,1.8000001,14,0
1771685017804000,1771685017804000,3.6000001,1.8000001,14,0
1771685017828000,1771685017828000,3.6000001,1.8000001,14,0
1771685017844000,1771685017844000,3.6000001,1.8000001,14,0
1771685017868000,1771685017868000,3.6000001,1.8000001,14,0
1771685017884000,1771685017884000,3.6000001,1.8000001,14,0
1771685017908000,1771685017908000,3.6000001,1.8000001,14,0
1771685017924000,1771685017924000,3.6000001,1.8000001,14,0
1771685017948000,1771685017948000,3.6000001,1.8000001,14,0
1771685017964000,1771685017964000,3.6000001,1.8000001,14,0
1771685017988000,1771685017988000,3.6000001,1.8000001,14,0
1771685018004000,1771685018004000,3.6000001,1.8000001,14,0
1771685018028000,1771685018028000,3.6000001,1.8000001,14,0
1771685018044000,1771685018044000,3.6000001,1.8000001,14,0
1771685018068000,1771685018068000,3.6000001,1.8000001,14,0
1771685018084000,1771685018084000,3.6000001,1.8000001,14,0
1771685018108000,1771685018108000,3.6000001,1.8000001,14,0
1771685018124000,1771685018124000,3.6000001,1.8000001,14,0
1771685018148000,1771685018148000,3.6000001,1.8000001,14,0
1771685018164000,1771685018164000,3.6000001,1.8000001,14,0
1771685018188000,1771685018188000,3.6000001,1.8000001,14,0
1771685018204000,1771685018204000,3.6000001,1.8000001,14,0
1771685018228000,1771685018228000,3.6000001,1.8000001,14,0
1771685018244000,1771685018244000,3.6000001,1.8000001,14,0
1771685018268000,1771685018268000,3.6000001,1.8000001,14,0
1771685018284000,1771685018284000,3.6000001,1.8000001,14,0
1771685018308000,1771685018308000,3.6000001,1.8000001,14,0
1771685018324000,1771685018324000,3.6000001,1.8000001,14,0
1771685018348000,1771685018348000,3.6000001,1.8000001,14,0
1771685018364000,1771685018364000,3.6000001,1.8000001,14,0
1771685018388000,1771685018388000,3.6000001,1.8000001,14,0
1771685018404000,1771685018404000,3.6000001,1.8000001,14,0
1771685018428000,1771685018428000,3.6000001,1.8000001,14,0
1771685018444000,1771685018444000,3.6000001,1.8000001,14,0
1771685018468000,1771685018468000,3.6000001,1.8000001,14,0
1771685018484000,1771685018484000,3.6000001,1.8000001,14,0
1771685018508000,1771685018508000,3.6000001,1.8000001,14,0
1771685018524000,1771685018524000,3.6000001,1.8000001,14,0
1771685018548000,1771685018548000,3.6000001,1.8000001,14,0
1771685018564000,1771685018564000,3.6000001,1.8000001,14,0
1771685018588000,1771685018588000,3.6000001,1.8000001,14,0
1771685018604000,1771685018604000,3.6000001,1.8000001,14,0
1771685018628000,1771685018628000,3.6000001,1.8000001,14,0
1771685018644000,1771685018644000,3.6000001,1.8000001,14,0
1771685018668000,1771685018668000,3.6000001,1.8000001,14,0
1771685018684000,1771685018684000,3.6000001,1.8000001,14,0
1771685018708000,1771685018708000,3.6000001,1.8000001,14,0
1771685018724000,1771685018724000,3.6000001,1.8000001,14,0
1771685018748000,1771685018748000,3.6000001,1.8000001,14,0
1771685018764000,1771685018764000,3.6000001,1.8000001,14,0
1771685018788000,1771685018788000,3.6000001,1.8000001,14,0
1771685018804000,1771685018804000,3.6000001,1.8000001,14,0
1771685018828000,1771685018828000,3.6000001,1.8000001,14,0
1771685018844000,1771685018844000,3.6000001,1.8000001,14,0
1771685018868000,1771685018868000,3.6000001,1.8000001,14,0
1771685018884000,1771685018884000,3.6000001,1.8000001,14,0
1771685018908000,1771685018908000,3.6000001,1.8000001,14,0
1771685018924000,1771685018924000,3.6000001,1.8000001,14,0
1771685018948000,1771685018948000,3.6000001,1.8000001,14,0
1771685018964000,1771685018964000,3.6000001,1.8000001,14,0
1771685018988000,1771685018988000,3.6000001,1.8000001,14,0
1771685019004000,1771685019004000,3.6000001,1.8000001,14,0
1771685019028000,1771685019028000,3.6000001,1.8000001,14,0
1771685019044000,1771685019044000,3.6000001,1.8000001,14,0
1771685019068000,1771685019068000,3.6000001,1.8000001,14,0
1771685019084000,1771685019084000,3.6000001,1.8000001,14,0
1771685019108000,1771685019108000,3.6000001,1.8000001,14,0
1771685019124000,1771685019124000,3.6000001,1.8000001,14,0
1771685019148000,1771685019148000,3.6000001,1.8000001,14,0
1771685019164000,1771685019164000,3.6000001,1.8000001,14,0
1771685019188000,1771685019188000,3.6000001,1.8000001,14,0
1771685019204000,1771685019204000,3.6000001,1.8000001,14,0
1771685019228000,1771685019228000,3.6000001,1.8000001,14,0
1771685019244000,1771685019244000,3.6000001,1.8000001,14,0
1771685019268000,1771685019268000,3.6000001,1.8000001,14,0
1771685019284000,1771685019284000,3.6000001,1.8000001,14,0
1771685019308000,1771685019308000,3.6000001,1.8000001,14,0
1771685019324000,1771685019324000,3.6000001,1.8000001,14,0
1771685019348000,1771685019348000,3.6000001,1.8000001,14,0
1771685019364000,1771685019364000,3.6000001,1.8000001,14,0
1771685019388000,1771685019388000,3.6000001,1.8000001,14,0
1771685019404000,1771685019404000,3.6000001,1.8000001,14,0
1771685019428000,1771685019428000,3.6000001,1.8000001,14,0
1771685019444000,1771685019444000,3.6000001,1.8000001,14,0
1771685019468000,1771685019468000,3.6000001,1.8000001,14,0
1771685019484000,1771685019484000,3.6000001,1.8000001,14,0
1771685019508000,1771685019508000,3.6000001,1.8000001,14,0
1771685019524000,1771685019524000,3.6000001,1.8000001,14,0
1771685019548000,1771685019548000,3.6000001,1.8000001,14,0
1771685019564000,1771685019564000,3.6000001,1.8000001,14,0
1771685019588000,1771685019588000,3.6000001,1.8000001,14,0
1771685019604000,1771685019604000,3.6000001,1.8000001,14,0
1771685019628000,1771685019628000,3.6000001,1.8000001,14,0
1771685019644000,1771685019644000,3.6000001,1.8000001,14,0
1771685019668000,1771685019668000,3.6000001,1.8000001,14,0
1771685019684000,1771685019684000,3.6000001,1.8000001,14,0
1771685019708000,1771685019708000,3.6000001,1.8000001,14,0
1771685019724000,1771685019724000,3.6000001,1.8000001,14,0
1771685019748000,1771685019748000,3.6000001,1.8000001,14,0
1771685019764000,1771685019764000,3.6000001,1.8000001,14,0
1771685019788000,1771685019788000,3.6000001,1.8000001,14,0
1771685019804000,1771685019804000,3.6000001,1.8000001,14,0
1771685019828000,1771685019828000,3.6000001,1.8000001,14,0
1771685019844000,1771685019844000,3.6000001,1.8000001,14,0
1771685019868000,1771685019868000,3.6000001,1.8000001,14,0
1771685019884000,1771685019884000,3.6000001,1.8000001,14,0
1771685019908000,1771685019908000,3.6000001,1.8000001,14,0
1771685019924000,1771685019924000,3.6000001,1.8000001,14,0
1771685019948000,1771685019948000,3.6000001,1.8000001,14,0
1771685019964000,1771685019964000,3.6000001,1.8000001,14,0
1771685019988000,1771685019988000,3.6000001,1.8000001,14,0
1771685020004000,1771685020004000,3.6000001,1.8000001,14,0
1771685020028000,1771685020028000,3.6000001,1.8000001,14,0
1771685020044000,1771685020044000,3.6000001,1.8000001,14,0
1771685020068000,1771685020068000,3.6000001,1.8000001,14,0
1771685020084000,1771685020084000,3.6000001,1.8000001,14,0
1771685020108000,1771685020108000,3.6000001,1.8000001,14,0
1771685020124000,1771685020124000,3.6000001,1.8000001,14,0
1771685020148000,1771685020148000,3.6000001,1.8000001,14,0
1771685020164000,1771685020164000,3.6000001,1.8000001,14,0
1771685020188000,1771685020188000,3.6000001,1.8000001,14,0
1771685020204000,1771685020204000,3.6000001,1.8000001,14,0
1771685020228000,1771685020228000,3.6000001,1.8000001,14,0
1771685020244000,1771685020244000,3.6000001,1.8000001,14,0
1771685020268000,1771685020268000,3.6000001,1.8000001,14,0
1771685020284000,1771685020284000,3.6000001,1.8000001,14,0
1771685020308000,1771685020308000,3.6000001,1.8000001,14,0
1771685020324000,1771685020324000,3.6000001,1.8000001,14,0
1771685020348000,1771685020348000,3.6000001,1.8000001,14,0
1771685020364000,1771685020364000,3.6000001,1.8000001,14,0
1771685020388000,1771685020388000,3.6000001,1.8000001,14,0
1771685020404000,1771685020404000,3.6000001,1.8000001,14,0
1771685020428000,1771685020428000,3.6000001,1.8000001,14,0
1771685020444000,1771685020444000,3.6000001,1.8000001,14,0
1771685020468000,1771685020468000,3.6000001,1.8000001,14,0
1771685020484000,1771685020484000,3.6000001,1.8000001,14,0
1771685020508000,1771685020508000,3.6000001,1.8000001,14,0
1771685020524000,1771685020524000,3.6000001,1.8000001,14,0
1771685020548000,1771685020548000,3.6000001,1.8000001,14,0
1771685020564000,1771685020564000,3.6000001,1.8000001,14,0
1771685020588000,1771685020588000,3.6000001,1.8000001,14,0
1771685020604000,1771685020604000,3.6000001,1.8000001,14,0
1771685020628000,1771685020628000,3.6000001,1.8000001,14,0
1771685020644000,1771685020644000,3.6000001,1.8000001,14,0
1771685020668000,1771685020668000,3.6000001,1.8000001,14,0
1771685020684000,1771685020684000,3.6000001,1.8000001,14,0
1771685020708000,1771685020708000,3.6000001,1.8000001,14,0
1771685020724000,1771685020724000,3.6000001,1.8000001,14,0
1771685020748000,1771685020748000,3.6000001,1.8000001,14,0
1771685020764000,1771685020764000,3.6000001,1.8000001,14,0
1771685020788000,1771685020788000,3.6000001,1.8000001,14,0
1771685020804000,1771685020804000,3.6000001,1.8000001,14,0
1771685020828000,1771685020828000,3.6000001,1.8000001,14,0
1771685020844000,1771685020844000,3.6000001,1.8000001,14,0
1771685020868000,1771685020868000,3.6000001,1.8000001,14,0
1771685020884000,1771685020884000,3.6000001,1.8000001,14,0
1771685020908000,1771685020908000,3.6000001,1.8000001,14,0
1771685020924000,1771685020924000,3.6000001,1.8000001,14,0
1771685020948000,1771685020948000,3.6000001,1.8000001,14,0
1771685020964000,1771685020964000,3.6000001,1.8000001,14,0
1771685020988000,1771685020988000,3.6000001,1.8000001,14,0
1771685021004000,1771685021004000,3.6000001,1.8000001,14,0
1771685021028000,1771685021028000,3.6000001,1.8000001,14,0
1771685021044000,1771685021044000,3.6000001,1.8000001,14,0
1771685021068000,1771685021068000,3.6000001,1.8000001,14,0
1771685021084000,1771685021084000,3.6000001,1.8000001,14,0
1771685021108000,1771685021108000,3.6000001,1.8000001,14,0
1771685021124000,1771685021124000,3.6000001,1.8000001,14,0
1771685021148000,1771685021148000,3.6000001,1.8000001,14,0
1771685021164000,1771685021164000,3.6000001,1.8000001,14,0
1771685021188000,1771685021188000,3.6000001,1.8000001,14,0
1771685021204000,1771685021204000,3.6000001,1.8000001,14,0
1771685021228000,1771685021228000,3.6000001,1.8000001,14,0
1771685021244000,1771685021244000,3.6000001,1.8000001,14,0
1771685021268000,1771685021268000,3.6000001,1.8000001,14,0
1771685021284000,1771685021284000,3.6000001,1.8000001,14,0
1771685021308000,1771685021308000,3.6000001,1.8000001,14,0
1771685021324000,1771685021324000,3.6000001,1.8000001,14,0
1771685021348000,1771685021348000,3.6000001,1.8000001,14,0
1771685021364000,1771685021364000,3.6000001,1.8000001,14,0
1771685021388000,1771685021388000,3.6000001,1.8000001,14,0
1771685021404000,1771685021404000,3.6000001,1.8000001,14,0
1771685021428000,1771685021428000,3.6000001,1.8000001,14,0
1771685021444000,1771685021444000,3.6000001,1.8000001,14,0
1771685021468000,1771685021468000,3.6000001,1.8000001,14,0
1771685021484000,1771685021484000,3.6000001,1.8000001,14,0
1771685021508000,1771685021508000,3.6000001,1.8000001,14,0
1771685021524000,1771685021524000,3.6000001,1.8000001,14,0
1771685021548000,1771685021548000,3.6000001,1.8000001,14,0
1771685021564000,1771685021564000,3.6000001,1.8000001,14,0
1771685021588000,1771685021588000,3.6000001,1.8000001,14,0
1771685021604000,1771685021604000,3.6000001,1.8000001,14,0
1771685021628000,1771685021628000,3.6000001,1.8000001,14,0
1771685021644000,1771685021644000,3.6000001,1.8000001,14,0
1771685021668000,1771685021668000,3.6000001,1.8000001,14,0
1771685021684000,1771685021684000,3.6000001,1.8000001,14,0
1771685021708000,1771685021708000,3.6000001,1.8000001,14,0
1771685021724000,1771685021724000,3.6000001,1.8000001,14,0
1771685021748000,1771685021748000,3.6000001,1.8000001,14,0
1771685021764000,1771685021764000,3.6000001,1.8000001,14,0
1771685021788000,1771685021788000,3.6000001,1.8000001,14,0
1771685021804000,1771685021804000,3.6000001,1.8000001,14,0
1771685021828000,1771685021828000,3.6000001,1.8000001,14,0
1771685021844000,1771685021844000,3.6000001,1.8000001,14,0
1771685021868000,1771685021868000,3.6000001,1.8000001,14,0
1771685021884000,1771685021884000,3.6000001,1.8000001,14,0
1771685021908000,1771685021908000,3.6000001,1.8000001,14,0
1771685021924000,1771685021924000,3.6000001,1.8000001,14,0
1771685021948000,1771685021948000,3.6000001,1.8000001,14,0
1771685021964000,1771685021964000,3.6000001,1.8000001,14,0
1771685021988000,1771685021988000,3.6000001,1.8000001,14,0
1771685022004000,1771685022004000,3.6000001,1.8000001,14,0
1771685022028000,1771685022028000,3.6000001,1.8000001,14,0
1771685022044000,1771685022044000,3.6000001,1.8000001,14,0
1771685022068000,1771685022068000,3.6000001,1.8000001,14,0
1771685022084000,1771685022084000,3.6000001,1.8000001,14,0
1771685022108000,1771685022108000,3.6000001,1.8000001,14,0
1771685022124000,1771685022124000,3.6000001,1.8000001,14,0
1771685022148000,1771685022148000,3.6000001,1.8000001,14,0
1771685022164000,1771685022164000,3.6000001,1.8000001,14,0
1771685022188000,1771685022188000,3.6000001,1.8000001,14,0
1771685022204000,1771685022204000,3.6000001,1.8000001,14,0
1771685022228000,1771685022228000,3.6000001,1.8000001,14,0
1771685022244000,1771685022244000,3.6000001,1.8000001,14,0
1771685022268000,1771685022268000,3.6000001,1.8000001,14,0
1771685022284000,1771685022284000,3.6000001,1.8000001,14,0
1771685022308000,1771685022308000,3.6000001,1.8000001,14,0
1771685022324000,1771685022324000,3.6000001,1.8000001,14,0
1771685022348000,1771685022348000,3.6000001,1.8000001,14,0
1771685022364000,1771685022364000,3.6000001,1.8000001,14,0
1771685022388000,1771685022388000,3.6000001,1.8000001,14,0
1771685022404000,1771685022404000,3.6000001,1.8000001,14,0
1771685022428000,1771685022428000,3.6000001,1.8000001,14,0
1771685022444000,1771685022444000,3.6000001,1.8000001,14,0
1771685022468000,1771685022468000,3.6000001,1.8000001,14,0
1771685022484000,1771685022484000,3.6000001,1.8000001,14,0
1771685022508000,1771685022508000,3.6000001,1.8000001,14,0
1771685022524000,1771685022524000,3.6000001,1.8000001,14,0
1771685022548000,1771685022548000,3.6000001,1.8000001,14,0
1771685022564000,1771685022564000,3.6000001,1.8000001,14,0
1771685022588000,1771685022588000,3.6000001,1.8000001,14,0
1771685022604000,1771685022604000,3.6000001,1.8000001,14,0
1771685022628000,1771685022628000,3.6000001,1.8000001,14,0
1771685022644000,1771685022644000,3.6000001,1.8000001,14,0
1771685022668000,1771685022668000,3.6000001,1.8000001,14,0
1771685022684000,1771685022684000,3.6000001,1.8000001,14,0
1771685022708000,1771685022708000,3.6000001,1.8000001,14,0
1771685022724000,1771685022724000,3.6000001,1.8000001,14,0
1771685022748000,1771685022748000,3.6000001,1.8000001,14,0
1771685022764000,1771685022764000,3.6000001,1.8000001,14,0
1771685022788000,1771685022788000,3.6000001,1.8000001,14,0
1771685022804000,1771685022804000,3.6000001,1.8000001,14,0
1771685022828000,1771685022828000,3.6000001,1.8000001,14,0
1771685022844000,1771685022844000,3.6000001,1.8000001,14,0
1771685022868000,1771685022868000,3.6000001,1.8000001,14,0
1771685022884000,1771685022884000,3.6000001,1.8000001,14,0
1771685022908000,1771685022908000,3.6000001,1.8000001,14,0
1771685022924000,1771685022924000,3.6000001,1.8000001,14,0
1771685022948000,1771685022948000,3.6000001,1.8000001,14,0
1771685022964000,1771685022964000,3.6000001,1.8000001,14,0
1771685022988000,1771685022988000,3.6000001,1.8000001,14,0
1771685023004000,1771685023004000,3.6000001,1.8000001,14,0
1771685023028000,1771685023028000,3.6000001,1.8000001,14,0
1771685023044000,1771685023044000,3.6000001,1.8000001,14,0
1771685023068000,1771685023068000,3.6000001,1.8000001,14,0
1771685023084000,1771685023084000,3.6000001,1.8000001,14,0
1771685023108000,1771685023108000,3.6000001,1.8000001,14,0
1771685023124000,1771685023124000,3.6000001,1.8000001,14,0
1771685023148000,1771685023148000,3.6000001,1.8000001,14,0
1771685023164000,1771685023164000,3.6000001,1.8000001,14,0
1771685023188000,1771685023188000,3.6000001,1.8000001,14,0
1771685023204000,1771685023204000,3.6000001,1.8000001,14,0
1771685023228000,1771685023228000,3.6000001,1.8000001,14,0
1771685023244000,1771685023244000,3.6000001,1.8000001,14,0
1771685023268000,1771685023268000,3.6000001,1.8000001,14,0
1771685023284000,1771685023284000,3.6000001,1.8000001,14,0
1771685023308000,1771685023308000,3.6000001,1.8000001,14,0
1771685023324000,1771685023324000,3.6000001,1.8000001,14,0
1771685023348000,1771685023348000,3.6000001,1.8000001,14,0
1771685023364000,1771685023364000,3.6000001,1.8000001,14,0
1771685023388000,1771685023388000,3.6000001,1.8000001,14,0
1771685023404000,1771685023404000,3.6000001,1.8000001,14,0
1771685023428000,1771685023428000,3.6000001,1.8000001,14,0
1771685023444000,1771685023444000,3.6000001,1.8000001,14,0
1771685023468000,1771685023468000,3.6000001,1.8000001,14,0
1771685023484000,1771685023484000,3.6000001,1.8000001,14,0
1771685023508000,1771685023508000,3.6000001,1.8000001,14,0
1771685023524000,1771685023524000,3.6000001,1.8000001,14,0
1771685023548000,1771685023548000,3.6000001,1.8000001,14,0
1771685023564000,1771685023564000,3.6000001,1.8000001,14,0
1771685023588000,1771685023588000,3.6000001,1.8000001,14,0
1771685023604000,1771685023604000,3.6000001,1.8000001,14,0
1771685023628000,1771685023628000,3.6000001,1.8000001,14,0
1771685023644000,1771685023644000,3.6000001,1.8000001,14,0
1771685023668000,1771685023668000,3.6000001,1.8000001,14,0
1771685023684000,1771685023684000,3.6000001,1.8000001,14,0
1771685023708000,1771685023708000,3.6000001,1.8000001,14,0
1771685023724000,1771685023724000,3.6000001,1.8000001,14,0
1771685023748000,1771685023748000,3.6000001,1.8000001,14,0
1771685023764000,1771685023764000,3.6000001,1.8000001,14,0
1771685023788000,1771685023788000,3.6000001,1.8000001,14,0
1771685023804000,1771685023804000,3.6000001,1.8000001,14,0
1771685023828000,1771685023828000,3.6000001,1.8000001,14,0
1771685023844000,1771685023844000,3.6000001,1.8000001,14,0
1771685023868000,1771685023868000,3.6000001,1.8000001,14,0
1771685023884000,1771685023884000,3.6000001,1.8000001,14,0
1771685023908000,1771685023908000,3.6000001,1.8000001,14,0
1771685023924000,1771685023924000,3.6000001,1.8000001,14,0
1771685023948000,1771685023948000,3.6000001,1.8000001,14,0
1771685023964000,1771685023964000,3.6000001,1.8000001,14,0
1771685023988000,1771685023988000,3.6000001,1.8000001,14,0
1771685024004000,1771685024004000,3.6000001,1.8000001,14,0
1771685024028000,1771685024028000,3.6000001,1.8000001,14,0
1771685024044000,1771685024044000,3.6000001,1.8000001,14,0
1771685024068000,1771685024068000,3.6000001,1.8000001,14,0
1771685024084000,1771685024084000,3.6000001,1.8000001,14,0
1771685024108000,1771685024108000,3.6000001,1.8000001,14,0
1771685024124000,1771685024124000,3.6000001,1.8000001,14,0
1771685024148000,1771685024148000,3.6000001,1.8000001,14,0
1771685024164000,1771685024164000,3.6000001,1.8000001,14,0
1771685024188000,1771685024188000,3.6000001,1.8000001,14,0
1771685024204000,1771685024204000,3.6000001,1.8000001,14,0
1771685024228000,1771685024228000,3.6000001,1.8000001,14,0
1771685024244000,1771685024244000,3.6000001,1.8000001,14,0
1771685024268000,1771685024268000,3.6000001,1.8000001,14,0
1771685024284000,1771685024284000,3.6000001,1.8000001,14,0
1771685024308000,1771685024308000,3.6000001,1.8000001,14,0
1771685024324000,1771685024324000,3.6000001,1.8000001,14,0
1771685024348000,1771685024348000,3.6000001,1.8000001,14,0
1771685024364000,1771685024364000,3.6000001,1.8000001,14,0
1771685024388000,1771685024388000,3.6000001,1.8000001,14,0
1771685024404000,1771685024404000,3.6000001,1.8000001,14,0
1771685024428000,1771685024428000,3.6000001,1.8000001,14,0
1771685024444000,1771685024444000,3.6000001,1.8000001,14,0
1771685024468000,1771685024468000,3.6000001,1.8000001,14,0
1771685024484000,1771685024484000,3.6000001,1.8000001,14,0
1771685024508000,1771685024508000,3.6000001,1.8000001,14,0
1771685024524000,1771685024524000,3.6000001,1.8000001,14,0
1771685024548000,1771685024548000,3.6000001,1.8000001,14,0
1771685024564000,1771685024564000,3.6000001,1.8000001,14,0
1771685024588000,1771685024588000,3.6000001,1.8000001,14,0
1771685024604000,1771685024604000,3.6000001,1.8000001,14,0
1771685024628000,1771685024628000,3.6000001,1.8000001,14,0
1771685024644000,1771685024644000,3.6000001,1.8000001,14,0
1771685024668000,1771685024668000,3.6000001,1.8000001,14,0
1771685024684000,1771685024684000,3.6000001,1.8000001,14,0
1771685024708000,1771685024708000,3.6000001,1.8000001,14,0
1771685024724000,1771685024724000,3.6000001,1.8000001,14,0
1771685024748000,1771685024748000,3.6000001,1.8000001,14,0
1771685024764000,1771685024764000,3.6000001,1.8000001,14,0
1771685024788000,1771685024788000,3.6000001,1.8000001,14,0
1771685024804000,1771685024804000,3.6000001,1.8000001,14,0
1771685024828000,1771685024828000,3.6000001,1.8000001,14,0
1771685024844000,1771685024844000,3.6000001,1.8000001,14,0
1771685024868000,1771685024868000,3.6000001,1.8000001,14,0
1771685024884000,1771685024884000,3.6000001,1.8000001,14,0
1771685024908000,1771685024908000,3.6000001,1.8000001,14,0
1771685024924000,1771685024924000,3.6000001,1.8000001,14,0
1771685024948000,1771685024948000,3.6000001,1.8000001,14,0
1771685024964000,1771685024964000,3.6000001,1.8000001,14,0
1771685024988000,1771685024988000,3.6000001,1.8000001,14,0
1771685025004000,1771685025004000,3.6000001,1.8000001,14,0
1771685025028000,1771685025028000,3.6000001,1.8000001,14,0
1771685025044000,1771685025044000,3.6000001,1.8000001,14,0
1771685025068000,1771685025068000,3.6000001,1.8000001,14,0
1771685025084000,1771685025084000,3.6000001,1.8000001,14,0
1771685025108000,1771685025108000,3.6000001,1.8000001,14,0
1771685025124000,1771685025124000,3.6000001,1.8000001,14,0
1771685025148000,1771685025148000,3.6000001,1.8000001,14,0
1771685025164000,1771685025164000,3.6000001,1.8000001,14,0
1771685025188000,1771685025188000,3.6000001,1.8000001,14,0
1771685025204000,1771685025204000,3.6000001,1.8000001,14,0
1771685025228000,1771685025228000,3.6000001,1.8000001,14,0
1771685025244000,1771685025244000,3.6000001,1.8000001,14,0
1771685025268000,1771685025268000,3.6000001,1.8000001,14,0
1771685025284000,1771685025284000,3.6000001,1.8000001,14,0
1771685025308000,1771685025308000,3.6000001,1.8000001,14,0
1771685025324000,1771685025324000,3.6000001,1.8000001,14,0
1771685025348000,1771685025348000,3.6000001,1.8000001,14,0
1771685025364000,1771685025364000,3.6000001,1.8000001,14,0
1771685025388000,1771685025388000,3.6000001,1.8000001,14,0
1771685025404000,1771685025404000,3.6000001,1.8000001,14,0
1771685025428000,1771685025428000,3.6000001,1.8000001,14,0
1771685025444000,1771685025444000,3.6000001,1.8000001,14,0
1771685025468000,1771685025468000,3.6000001,1.8000001,14,0
1771685025484000,1771685025484000,3.6000001,1.8000001,14,0
1771685025508000,1771685025508000,3.6000001,1.8000001,14,0
1771685025524000,1771685025524000,3.6000001,1.8000001,14,0
1771685025548000,1771685025548000,3.6000001,1.8000001,14,0
1771685025564000,1771685025564000,3.6000001,1.8000001,14,0
1771685025588000,1771685025588000,3.6000001,1.8000001,14,0
1771685025604000,1771685025604000,3.6000001,1.8000001,14,0
1771685025628000,1771685025628000,3.6000001,1.8000001,14,0
1771685025644000,1771685025644000,3.6000001,1.8000001,14,0
1771685025668000,1771685025668000,3.6000001,1.8000001,14,0
1771685025684000,1771685025684000,3.6000001,1.8000001,14,0
1771685025708000,1771685025708000,3.6000001,1.8000001,14,0
1771685025724000,1771685025724000,3.6000001,1.8000001,14,0
1771685025748000,1771685025748000,3.6000001,1.8000001,14,0
1771685025764000,1771685025764000,3.6000001,1.8000001,14,0
1771685025788000,1771685025788000,3.6000001,1.8000001,14,0
1771685025804000,1771685025804000,3.6000001,1.8000001,14,0
1771685025828000,1771685025828000,3.6000001,1.8000001,14,0
1771685025844000,1771685025844000,3.6000001,1.8000001,14,0
1771685025868000,1771685025868000,3.6000001,1.8000001,14,0
1771685025884000,1771685025884000,3.6000001,1.8000001,14,0
1771685025908000,1771685025908000,3.6000001,1.8000001,14,0
1771685025924000,1771685025924000,3.6000001,1.8000001,14,0
1771685025948000,1771685025948000,3.6000001,1.8000001,14,0
1771685025964000,1771685025964000,3.6000001,1.8000001,14,0
1771685025988000,1771685025988000,3.6000001,1.8000001,14,0
1771685026004000,1771685026004000,3.6000001,1.8000001,14,0
1771685026028000,1771685026028000,3.6000001,1.8000001,14,0
1771685026044000,1771685026044000,3.6000001,1.8000001,14,0
1771685026068000,1771685026068000,3.6000001,1.8000001,14,0
1771685026084000,1771685026084000,3.6000001,1.8000001,14,0
1771685026108000,1771685026108000,3.6000001,1.8000001,14,0
1771685026124000,1771685026124000,3.6000001,1.8000001,14,0
1771685026148000,1771685026148000,3.6000001,1.8000001,14,0
1771685026164000,1771685026164000,3.6000001,1.8000001,14,0
1771685026188000,1771685026188000,3.6000001,1.8000001,14,0
1771685026204000,1771685026204000,3.6000001,1.8000001,14,0
1771685026228000,1771685026228000,3.6000001,1.8000001,14,0
1771685026244000,1771685026244000,3.6000001,1.8000001,14,0
1771685026268000,1771685026268000,3.6000001,1.8000001,14,0
1771685026284000,1771685026284000,3.6000001,1.8000001,14,0
1771685026308000,1771685026308000,3.6000001,1.8000001,14,0
1771685026324000,1771685026324000,3.6000001,1.8000001,14,0
1771685026348000,1771685026348000,3.6000001,1.8000001,14,0
1771685026364000,1771685026364000,3.6000001,1.8000001,14,0
1771685026388000,1771685026388000,3.6000001,1.8000001,14,0
1771685026404000,1771685026404000,3.6000001,1.8000001,14,0
1771685026428000,1771685026428000,3.6000001,1.8000001,14,0
1771685026444000,1771685026444000,3.6000001,1.8000001,14,0
1771685026468000,1771685026468000,3.6000001,1.8000001,14,0
1771685026484000,1771685026484000,3.6000001,1.8000001,14,0
1771685026508000,1771685026508000,3.6000001,1.8000001,14,0
1771685026524000,1771685026524000,3.6000001,1.8000001,14,0
1771685026548000,1771685026548000,3.6000001,1.8000001,14,0
1771685026564000,1771685026564000,3.6000001,1.8000001,14,0
1771685026588000,1771685026588000,3.6000001,1.8000001,14,0
1771685026604000,1771685026604000,3.6000001,1.8000001,14,0
1771685026628000,1771685026628000,3.6000001,1.8000001,14,0
1771685026644000,1771685026644000,3.6000001,1.8000001,14,0
1771685026668000,1771685026668000,3.6000001,1.8000001,14,0
1771685026684000,1771685026684000,3.6000001,1.8000001,14,0
1771685026708000,1771685026708000,3.6000001,1.8000001,14,0
1771685026724000,1771685026724000,3.6000001,1.8000001,14,0
1771685026748000,1771685026748000,3.6000001,1.8000001,14,0
1771685026764000,1771685026764000,3.6000001,1.8000001,14,0
1771685026788000,1771685026788000,3.6000001,1.8000001,14,0
1771685026804000,1771685026804000,3.6000001,1.8000001,14,0
1771685026828000,1771685026828000,3.6000001,1.8000001,14,0
1771685026844000,1771685026844000,3.6000001,1.8000001,14,0
1771685026868000,1771685026868000,3.6000001,1.8000001,14,0
1771685026884000,1771685026884000,3.6000001,1.8000001,14,0
1771685026908000,1771685026908000,3.6000001,1.8000001,14,0
1771685026924000,1771685026924000,3.6000001,1.8000001,14,0
1771685026948000,1771685026948000,3.6000001,1.8000001,14,0
1771685026964000,1771685026964000,3.6000001,1.8000001,14,0
1771685026988000,1771685026988000,3.6000001,1.8000001,14,0
1771685027004000,1771685027004000,3.6000001,1.8000001,14,0
1771685027028000,1771685027028000,3.6000001,1.8000001,14,0
1771685027044000,1771685027044000,3.6000001,1.8000001,14,0
1771685027068000,1771685027068000,3.6000001,1.8000001,14,0
1771685027084000,1771685027084000,3.6000001,1.8000001,14,0
1771685027108000,1771685027108000,3.6000001,1.8000001,14,0
1771685027124000,1771685027124000,3.6000001,1.8000001,14,0
1771685027148000,1771685027148000,3.6000001,1.8000001,14,0
1771685027164000,1771685027164000,3.6000001,1.8000001,14,0
1771685027188000,1771685027188000,3.6000001,1.8000001,14,0
1771685027204000,1771685027204000,3.6000001,1.8000001,14,0
1771685027228000,1771685027228000,3.6000001,1.8000001,14,0
1771685027244000,1771685027244000,3.6000001,1.8000001,14,0
1771685027268000,1771685027268000,3.6000001,1.8000001,14,0
1771685027284000,1771685027284000,3.6000001,1.8000001,14,0
1771685027308000,1771685027308000,3.6000001,1.8000001,14,0
1771685027324000,1771685027324000,3.6000001,1.8000001,14,0
1771685027348000,1771685027348000,3.6000001,1.8000001,14,0
1771685027364000,1771685027364000,3.6000001,1.8000001,14,0
1771685027388000,1771685027388000,3.6000001,1.8000001,14,0
1771685027404000,1771685027404000,3.6000001,1.8000001,14,0
1771685027428000,1771685027428000,3.6000001,1.8000001,14,0
1771685027444000,1771685027444000,3.6000001,1.8000001,14,0
1771685027468000,1771685027468000,3.6000001,1.8000001,14,0
1771685027484000,1771685027484000,3.6000001,1.8000001,14,0
1771685027508000,1771685027508000,3.6000001,1.8000001,14,0
1771685027524000,1771685027524000,3.6000001,1.8000001,14,0
1771685027548000,1771685027548000,3.6000001,1.8000001,14,0
1771685027564000,1771685027564000,3.6000001,1.8000001,14,0
1771685027588000,1771685027588000,3.6000001,1.8000001,14,0
1771685027604000,1771685027604000,3.6000001,1.8000001,14,0
1771685027628000,1771685027628000,3.6000001,1.8000001,14,0
1771685027644000,1771685027644000,3.6000001,1.8000001,14,0
1771685027668000,1771685027668000,3.6000001,1.8000001,14,0
1771685027684000,1771685027684000,3.6000001,1.8000001,14,0
1771685027708000,1771685027708000,3.6000001,1.8000001,14,0
1771685027724000,1771685027724000,3.6000001,1.8000001,14,0
1771685027748000,1771685027748000,3.6000001,1.8000001,14,0
1771685027764000,1771685027764000,3.6000001,1.8000001,14,0
1771685027788000,1771685027788000,3.6000001,1.8000001,14,0
1771685027804000,1771685027804000,3.6000001,1.8000001,14,0
1771685027828000,1771685027828000,3.6000001,1.8000001,14,0
1771685027844000,1771685027844000,3.6000001,1.8000001,14,0
1771685027868000,1771685027868000,3.6000001,1.8000001,14,0
1771685027884000,1771685027884000,3.6000001,1.8000001,14,0
1771685027908000,1771685027908000,3.6000001,1.8000001,14,0
1771685027924000,1771685027924000,3.6000001,1.8000001,14,0
1771685027948000,1771685027948000,3.6000001,1.8000001,14,0
1771685027964000,1771685027964000,3.6000001,1.8000001,14,0
1771685027988000,1771685027988000,3.6000001,1.8000001,14,0
1771685028004000,1771685028004000,3.6000001,1.8000001,14,0
1771685028028000,1771685028028000,3.6000001,1.8000001,14,0
1771685028044000,1771685028044000,3.6000001,1.8000001,14,0
1771685028068000,1771685028068000,3.6000001,1.8000001,14,0
1771685028084000,1771685028084000,3.6000001,1.8000001,14,0
1771685028108000,1771685028108000,3.6000001,1.8000001,14,0
1771685028124000,1771685028124000,3.6000001,1.8000001,14,0
1771685028148000,1771685028148000,3.6000001,1.8000001,14,0
1771685028164000,1771685028164000,3.6000001,1.8000001,14,0
1771685028188000,1771685028188000,3.6000001,1.8000001,14,0
1771685028204000,1771685028204000,3.6000001,1.8000001,14,0
1771685028228000,1771685028228000,3.6000001,1.8000001,14,0
1771685028244000,1771685028244000,3.6000001,1.8000001,14,0
1771685028268000,1771685028268000,3.6000001,1.8000001,14,0
1771685028284000,1771685028284000,3.6000001,1.8000001,14,0
1771685028308000,1771685028308000,3.6000001,1.8000001,14,0
1771685028324000,1771685028324000,3.6000001,1.8000001,14,0
1771685028348000,1771685028348000,3.6000001,1.8000001,14,0
1771685028364000,1771685028364000,3.6000001,1.8000001,14,0
1771685028388000,1771685028388000,3.6000001,1.8000001,14,0
1771685028404000,1771685028404000,3.6000001,1.8000001,14,0
1771685028428000,1771685028428000,3.6000001,1.8000001,14,0
1771685028444000,1771685028444000,3.6000001,1.8000001,14,0
1771685028468000,1771685028468000,3.6000001,1.8000001,14,0
1771685028484000,1771685028484000,3.6000001,1.8000001,14,0
1771685028508000,1771685028508000,3.6000001,1.8000001,14,0
1771685028524000,1771685028524000,3.6000001,1.8000001,14,0
1771685028548000,1771685028548000,3.6000001,1.8000001,14,0
1771685028564000,1771685028564000,3.6000001,1.8000001,14,0
1771685028588000,1771685028588000,3.6000001,1.8000001,14,0
1771685028604000,1771685028604000,3.6000001,1.8000001,14,0
1771685028628000,1771685028628000,3.6000001,1.8000001,14,0
1771685028644000,1771685028644000,3.6000001,1.8000001,14,0
1771685028668000,1771685028668000,3.6000001,1.8000001,14,0
1771685028684000,1771685028684000,3.6000001,1.8000001,14,0
1771685028708000,1771685028708000,3.6000001,1.8000001,14,0
1771685028724000,1771685028724000,3.6000001,1.8000001,14,0
1771685028748000,1771685028748000,3.6000001,1.8000001,14,0
1771685028764000,1771685028764000,3.6000001,1.8000001,14,0
1771685028788000,1771685028788000,3.6000001,1.8000001,14,0
1771685028804000,1771685028804000,3.6000001,1.8000001,14,0
1771685028828000,1771685028828000,3.6000001,1.8000001,14,0
1771685028844000,1771685028844000,3.6000001,1.8000001,14,0
1771685028868000,1771685028868000,3.6000001,1.8000001,14,0
1771685028884000,1771685028884000,3.6000001,1.8000001,14,0
1771685028908000,1771685028908000,3.6000001,1.8000001,14,0
1771685028924000,1771685028924000,3.6000001,1.8000001,14,0
1771685028948000,1771685028948000,3.6000001,1.8000001,14,0
1771685028964000,1771685028964000,3.6000001,1.8000001,14,0
1771685028988000,1771685028988000,3.6000001,1.8000001,14,0
1771685029004000,1771685029004000,3.6000001,1.8000001,14,0
1771685029028000,1771685029028000,3.6000001,1.8000001,14,0
1771685029044000,1771685029044000,3.6000001,1.8000001,14,0
1771685029068000,1771685029068000,3.6000001,1.8000001,14,0
1771685029084000,1771685029084000,3.6000001,1.8000001,14,0
1771685029108000,1771685029108000,3.6000001,1.8000001,14,0
1771685029124000,1771685029124000,3.6000001,1.8000001,14,0
1771685029148000,1771685029148000,3.6000001,1.8000001,14,0
1771685029164000,1771685029164000,3.6000001,1.8000001,14,0
1771685029188000,1771685029188000,3.6000001,1.8000001,14,0
1771685029204000,1771685029204000,3.6000001,1.8000001,14,0
1771685029228000,1771685029228000,3.6000001,1.8000001,14,0
1771685029244000,1771685029244000,3.6000001,1.8000001,14,0
1771685029268000,1771685029268000,3.6000001,1.8000001,14,0
1771685029284000,1771685029284000,3.6000001,1.8000001,14,0
1771685029308000,1771685029308000,3.6000001,1.8000001,14,0
1771685029324000,1771685029324000,3.6000001,1.8000001,14,0
1771685029348000,1771685029348000,3.6000001,1.8000001,14,0
1771685029364000,1771685029364000,3.6000001,1.8000001,14,0
1771685029388000,1771685029388000,3.6000001,1.8000001,14,0
1771685029404000,1771685029404000,3.6000001,1.8000001,14,0
1771685029428000,1771685029428000,3.6000001,1.8000001,14,0
1771685029444000,1771685029444000,3.6000001,1.8000001,14,0
1771685029468000,1771685029468000,3.6000001,1.8000001,14,0
1771685029484000,1771685029484000,3.6000001,1.8000001,14,0
1771685029508000,1771685029508000,3.6000001,1.8000001,14,0
1771685029524000,1771685029524000,3.6000001,1.8000001,14,0
1771685029548000,1771685029548000,3.6000001,1.8000001,14,0
1771685029564000,1771685029564000,3.6000001,1.8000001,14,0
1771685029588000,1771685029588000,3.6000001,1.8000001,14,0
1771685029604000,1771685029604000,3.6000001,1.8000001,14,0
1771685029628000,1771685029628000,3.6000001,1.8000001,14,0
1771685029644000,1771685029644000,3.6000001,1.8000001,14,0
1771685029668000,1771685029668000,3.6000001,1.8000001,14,0
1771685029684000,1771685029684000,3.6000001,1.8000001,14,0
1771685029708000,1771685029708000,3.6000001,1.8000001,14,0
1771685029724000,1771685029724000,3.6000001,1.8000001,14,0
1771685029748000,1771685029748000,3.6000001,1.8000001,14,0
1771685029764000,1771685029764000,3.6000001,1.8000001,14,0
1771685029788000,1771685029788000,3.6000001,1.8000001,14,0
1771685029804000,1771685029804000,3.6000001,1.8000001,14,0
1771685029828000,1771685029828000,3.6000001,1.8000001,14,0
1771685029844000,1771685029844000,3.6000001,1.8000001,14,0
1771685029868000,1771685029868000,3.6000001,1.8000001,14,0
1771685029884000,1771685029884000,3.6000001,1.8000001,14,0
1771685029908000,1771685029908000,3.6000001,1.8000001,14,0
1771685029924000,1771685029924000,3.6000001,1.8000001,14,0
1771685029948000,1771685029948000,3.6000001,1.8000001,14,0
1771685029964000,1771685029964000,3.6000001,1.8000001,14,0
1771685029988000,1771685029988000,3.6000001,1.8000001,14,0
1771685030004000,1771685030004000,3.6000001,1.8000001,14,0
1771685030028000,1771685030028000,3.6000001,1.8000001,14,0
1771685030044000,1771685030044000,3.6000001,1.8000001,14,0
1771685030068000,1771685030068000,3.6000001,1.8000001,14,0
1771685030084000,1771685030084000,3.6000001,1.8000001,14,0
1771685030108000,1771685030108000,3.6000001,1.8000001,14,0
1771685030124000,1771685030124000,3.6000001,1.8000001,14,0
1771685030148000,1771685030148000,3.6000001,1.8000001,14,0
1771685030164000,1771685030164000,3.6000001,1.8000001,14,0
1771685030188000,1771685030188000,3.6000001,1.8000001,14,0
1771685030204000,1771685030204000,3.6000001,1.8000001,14,0
1771685030228000,1771685030228000,3.6000001,1.8000001,14,0
1771685030244000,1771685030244000,3.6000001,1.8000001,14,0
1771685030268000,1771685030268000,3.6000001,1.8000001,14,0
1771685030284000,1771685030284000,3.6000001,1.8000001,14,0
1771685030308000,1771685030308000,3.6000001,1.8000001,14,0
1771685030324000,1771685030324000,3.6000001,1.8000001,14,0
1771685030348000,1771685030348000,3.6000001,1.8000001,14,0
1771685030364000,1771685030364000,3.6000001,1.8000001,14,0
1771685030388000,1771685030388000,3.6000001,1.8000001,14,0
1771685030404000,1771685030404000,3.6000001,1.8000001,14,0
1771685030428000,1771685030428000,3.6000001,1.8000001,14,0
1771685030444000,1771685030444000,3.6000001,1.8000001,14,0
1771685030468000,1771685030468000,3.6000001,1.8000001,14,0
1771685030484000,1771685030484000,3.6000001,1.8000001,14,0
1771685030508000,1771685030508000,3.6000001,1.8000001,14,0
1771685030524000,1771685030524000,3.6000001,1.8000001,14,0
1771685030548000,1771685030548000,3.6000001,1.8000001,14,0
1771685030564000,1771685030564000,3.6000001,1.8000001,14,0
1771685030588000,1771685030588000,3.6000001,1.8000001,14,0
1771685030604000,1771685030604000,3.6000001,1.8000001,14,0
1771685030628000,1771685030628000,3.6000001,1.8000001,14,0
1771685030644000,1771685030644000,3.6000001,1.8000001,14,0
1771685030668000,1771685030668000,3.6000001,1.8000001,14,0
1771685030684000,1771685030684000,3.6000001,1.8000001,14,0
1771685030708000,1771685030708000,3.6000001,1.8000001,14,0
1771685030724000,1771685030724000,3.6000001,1.8000001,14,0
1771685030748000,1771685030748000,3.6000001,1.8000001,14,0
1771685030764000,1771685030764000,3.6000001,1.8000001,14,0
1771685030788000,1771685030788000,3.6000001,1.8000001,14,0
1771685030804000,1771685030804000,3.6000001,1.8000001,14,0
1771685030828000,1771685030828000,3.6000001,1.8000001,14,0
1771685030844000,1771685030844000,3.6000001,1.8000001,14,0
1771685030868000,1771685030868000,3.6000001,1.8000001,14,0
1771685030884000,1771685030884000,3.6000001,1.8000001,14,0
1771685030908000,1771685030908000,3.6000001,1.8000001,14,0
1771685030924000,1771685030924000,3.6000001,1.8000001,14,0
1771685030948000,1771685030948000,3.6000001,1.8000001,14,0
1771685030964000,1771685030964000,3.6000001,1.8000001,14,0
1771685030988000,1771685030988000,3.6000001,1.8000001,14,0
1771685031004000,1771685031004000,3.6000001,1.8000001,14,0
1771685031028000,1771685031028000,3.6000001,1.8000001,14,0
1771685031044000,1771685031044000,3.6000001,1.8000001,14,0
1771685031068000,1771685031068000,3.6000001,1.8000001,14,0
1771685031084000,1771685031084000,3.6000001,1.8000001,14,0
1771685031108000,1771685031108000,3.6000001,1.8000001,14,0
1771685031124000,1771685031124000,3.6000001,1.8000001,14,0
1771685031148000,1771685031148000,3.6000001,1.8000001,14,0
1771685031164000,1771685031164000,3.6000001,1.8000001,14,0
1771685031188000,1771685031188000,3.6000001,1.8000001,14,0
1771685031204000,1771685031204000,3.6000001,1.8000001,14,0
1771685031228000,1771685031228000,3.6000001,1.8000001,14,0
1771685031244000,1771685031244000,3.6000001,1.8000001,14,0
1771685031268000,1771685031268000,3.6000001,1.8000001,14,0
1771685031284000,1771685031284000,3.6000001,1.8000001,14,0
1771685031308000,1771685031308000,3.6000001,1.8000001,14,0
1771685031324000,1771685031324000,3.6000001,1.8000001,14,0
1771685031348000,1771685031348000,3.6000001,1.8000001,14,0
1771685031364000,1771685031364000,3.6000001,1.8000001,14,0
1771685031388000,1771685031388000,3.6000001,1.8000001,14,0
1771685031404000,1771685031404000,3.6000001,1.8000001,14,0
1771685031428000,1771685031428000,3.6000001,1.8000001,14,0
1771685031444000,1771685031444000,3.6000001,1.8000001,14,0
1771685031468000,1771685031468000,3.6000001,1.8000001,14,0
1771685031484000,1771685031484000,3.6000001,1.8000001,14,0
1771685031508000,1771685031508000,3.6000001,1.8000001,14,0
1771685031524000,1771685031524000,3.6000001,1.8000001,14,0
1771685031548000,1771685031548000,3.6000001,1.8000001,14,0
1771685031564000,1771685031564000,3.6000001,1.8000001,14,0
1771685031588000,1771685031588000,3.6000001,1.8000001,14,0
1771685031604000,1771685031604000,3.6000001,1.8000001,14,0
1771685031628000,1771685031628000,3.6000001,1.8000001,14,0
1771685031644000,1771685031644000,3.6000001,1.8000001,14,0
1771685031668000,1771685031668000,3.6000001,1.8000001,14,0
1771685031684000,1771685031684000,3.6000001,1.8000001,14,0
1771685031708000,1771685031708000,3.6000001,1.8000001,14,0
1771685031724000,1771685031724000,3.6000001,1.8000001,14,0
1771685031748000,1771685031748000,3.6000001,1.8000001,14,0
1771685031764000,1771685031764000,3.6000001,1.8000001,14,0
1771685031788000,1771685031788000,3.6000001,1.8000001,14,0
1771685031804000,1771685031804000,3.6000001,1.8000001,14,0
1771685031828000,1771685031828000,3.6000001,1.8000001,14,0
1771685031844000,1771685031844000,3.6000001,1.8000001,14,0
1771685031868000,1771685031868000,3.6000001,1.8000001,14,0
1771685031884000,1771685031884000,3.6000001,1.8000001,14,0
1771685031908000,1771685031908000,3.6000001,1.8000001,14,0
1771685031924000,1771685031924000,3.6000001,1.8000001,14,0
1771685031948000,1771685031948000,3.6000001,1.8000001,14,0
1771685031964000,1771685031964000,3.6000001,1.8000001,14,0
1771685031988000,1771685031988000,3.6000001,1.8000001,14,0
1771685032004000,1771685032004000,3.6000001,1.8000001,14,0
1771685032028000,1771685032028000,3.6000001,1.8000001,14,0
1771685032044000,1771685032044000,3.6000001,1.8000001,14,0
1771685032068000,1771685032068000,3.6000001,1.8000001,14,0
1771685032084000,1771685032084000,3.6000001,1.8000001,14,0
1771685032108000,1771685032108000,3.6000001,1.8000001,14,0
1771685032124000,1771685032124000,3.6000001,1.8000001,14,0
1771685032148000,1771685032148000,3.6000001,1.8000001,14,0
1771685032164000,1771685032164000,3.6000001,1.8000001,14,0
1771685032188000,1771685032188000,3.6000001,1.8000001,14,0
1771685032204000,1771685032204000,3.6000001,1.8000001,14,0
1771685032228000,1771685032228000,3.6000001,1.8000001,14,0
1771685032244000,1771685032244000,3.6000001,1.8000001,14,0
1771685032268000,1771685032268000,3.6000001,1.8000001,14,0
1771685032284000,1771685032284000,3.6000001,1.8000001,14,0
1771685032308000,1771685032308000,3.6000001,1.8000001,14,0
1771685032324000,1771685032324000,3.6000001,1.8000001,14,0
1771685032348000,1771685032348000,3.6000001,1.8000001,14,0
1771685032364000,1771685032364000,3.6000001,1.8000001,14,0
1771685032388000,1771685032388000,3.6000001,1.8000001,14,0
1771685032404000,1771685032404000,3.6000001,1.8000001,14,0
1771685032428000,1771685032428000,3.6000001,1.8000001,14,0
1771685032444000,1771685032444000,3.6000001,1.8000001,14,0
1771685032468000,1771685032468000,3.6000001,1.8000001,14,0
1771685032484000,1771685032484000,3.6000001,1.8000001,14,0
1771685032508000,1771685032508000,3.6000001,1.8000001,14,0
1771685032524000,1771685032524000,3.6000001,1.8000001,14,0
1771685032548000,1771685032548000,3.6000001,1.8000001,14,0
1771685032564000,1771685032564000,3.6000001,1.8000001,14,0
1771685032588000,1771685032588000,3.6000001,1.8000001,14,0
1771685032604000,1771685032604000,3.6000001,1.8000001,14,0
1771685032628000,1771685032628000,3.6000001,1.8000001,14,0
1771685032644000,1771685032644000,3.6000001,1.8000001,14,0
1771685032668000,1771685032668000,3.6000001,1.8000001,14,0
1771685032684000,1771685032684000,3.6000001,1.8000001,14,0
1771685032708000,1771685032708000,3.6000001,1.8000001,14,0
1771685032724000,1771685032724000,3.6000001,1.8000001,14,0
1771685032748000,1771685032748000,3.6000001,1.8000001,14,0
1771685032764000,1771685032764000,3.6000001,1.8000001,14,0
1771685032788000,1771685032788000,3.6000001,1.8000001,14,0
1771685032804000,1771685032804000,3.6000001,1.8000001,14,0
1771685032828000,1771685032828000,3.6000001,1.8000001,14,0
1771685032844000,1771685032844000,3.6000001,1.8000001,14,0
1771685032868000,1771685032868000,3.6000001,1.8000001,14,0
1771685032884000,1771685032884000,3.6000001,1.8000001,14,0
1771685032908000,1771685032908000,3.6000001,1.8000001,14,0
1771685032924000,1771685032924000,3.6000001,1.8000001,14,0
1771685032948000,1771685032948000,3.6000001,1.8000001,14,0
1771685032964000,1771685032964000,3.6000001,1.8000001,14,0
1771685032988000,1771685032988000,3.6000001,1.8000001,14,0
1771685033004000,1771685033004000,3.6000001,1.8000001,14,0
1771685033028000,1771685033028000,3.6000001,1.8000001,14,0
1771685033044000,1771685033044000,3.6000001,1.8000001,14,0
1771685033068000,1771685033068000,3.6000001,1.8000001,14,0
1771685033084000,1771685033084000,3.6000001,1.8000001,14,0
1771685033108000,1771685033108000,3.6000001,1.8000001,14,0
1771685033124000,1771685033124000,3.6000001,1.8000001,14,0
1771685033148000,1771685033148000,3.6000001,1.8000001,14,0
1771685033164000,1771685033164000,3.6000001,1.8000001,14,0
1771685033188000,1771685033188000,3.6000001,1.8000001,14,0
1771685033204000,1771685033204000,3.6000001,1.8000001,14,0
1771685033228000,1771685033228000,3.6000001,1.8000001,14,0
1771685033244000,1771685033244000,3.6000001,1.8000001,14,0
1771685033268000,1771685033268000,3.6000001,1.8000001,14,0
1771685033284000,1771685033284000,3.6000001,1.8000001,14,0
1771685033308000,1771685033308000,3.6000001,1.8000001,14,0
1771685033324000,1771685033324000,3.6000001,1.8000001,14,0
1771685033348000,1771685033348000,3.6000001,1.8000001,14,0
1771685033364000,1771685033364000,3.6000001,1.8000001,14,0
1771685033388000,1771685033388000,3.6000001,1.8000001,14,0
1771685033404000,1771685033404000,3.6000001,1.8000001,14,0
1771685033428000,1771685033428000,3.6000001,1.8000001,14,0
1771685033444000,1771685033444000,3.6000001,1.8000001,14,0
1771685033468000,1771685033468000,3.6000001,1.8000001,14,0
1771685033484000,1771685033484000,3.6000001,1.8000001,14,0
1771685033508000,1771685033508000,3.6000001,1.8000001,14,0
1771685033524000,1771685033524000,3.6000001,1.8000001,14,0
1771685033548000,1771685033548000,3.6000001,1.8000001,14,0
1771685033564000,1771685033564000,3.6000001,1.8000001,14,0
1771685033588000,1771685033588000,3.6000001,1.8000001,14,0
1771685033604000,1771685033604000,3.6000001,1.8000001,14,0
1771685033628000,1771685033628000,3.6000001,1.8000001,14,0
1771685033644000,1771685033644000,3.6000001,1.8000001,14,0
1771685033668000,1771685033668000,3.6000001,1.8000001,14,0
1771685033684000,1771685033684000,3.6000001,1.8000001,14,0
1771685033708000,1771685033708000,3.6000001,1.8000001,14,0
1771685033724000,1771685033724000,3.6000001,1.8000001,14,0
1771685033748000,1771685033748000,3.6000001,1.8000001,14,0
1771685033764000,1771685033764000,3.6000001,1.8000001,14,0
1771685033788000,1771685033788000,3.6000001,1.8000001,14,0
1771685033804000,1771685033804000,3.6000001,1.8000001,14,0
1771685033828000,1771685033828000,3.6000001,1.8000001,14,0
1771685033844000,1771685033844000,3.6000001,1.8000001,14,0
1771685033868000,1771685033868000,3.6000001,1.8000001,14,0
1771685033884000,1771685033884000,3.6000001,1.8000001,14,0
1771685033908000,1771685033908000,3.6000001,1.8000001,14,0
1771685033924000,1771685033924000,3.6000001,1.8000001,14,0
1771685033948000,1771685033948000,3.6000001,1.8000001,14,0
1771685033964000,1771685033964000,3.6000001,1.8000001,14,0
1771685033988000,1771685033988000,3.6000001,1.8000001,14,0
1771685034004000,1771685034004000,3.6000001,1.8000001,14,0
1771685034028000,1771685034028000,3.6000001,1.8000001,14,0
1771685034044000,1771685034044000,3.6000001,1.8000001,14,0
1771685034068000,1771685034068000,3.6000001,1.8000001,14,0
1771685034084000,1771685034084000,3.6000001,1.8000001,14,0
1771685034108000,1771685034108000,3.6000001,1.8000001,14,0
1771685034124000,1771685034124000,3.6000001,1.8000001,14,0
1771685034148000,1771685034148000,3.6000001,1.8000001,14,0
1771685034164000,1771685034164000,3.6000001,1.8000001,14,0
1771685034188000,1771685034188000,3.6000001,1.8000001,14,0
1771685034204000,1771685034204000,3.6000001,1.8000001,14,0
1771685034228000,1771685034228000,3.6000001,1.8000001,14,0
1771685034244000,1771685034244000,3.6000001,1.8000001,14,0
1771685034268000,1771685034268000,3.6000001,1.8000001,14,0
1771685034284000,1771685034284000,3.6000001,1.8000001,14,0
1771685034308000,1771685034308000,3.6000001,1.8000001,14,0
1771685034324000,1771685034324000,3.6000001,1.8000001,14,0
1771685034348000,1771685034348000,3.6000001,1.8000001,14,0
1771685034364000,1771685034364000,3.6000001,1.8000001,14,0
1771685034388000,1771685034388000,3.6000001,1.8000001,14,0
1771685034404000,1771685034404000,3.6000001,1.8000001,14,0
1771685034428000,1771685034428000,3.6000001,1.8000001,14,0
1771685034444000,1771685034444000,3.6000001,1.8000001,14,0
1771685034468000,1771685034468000,3.6000001,1.8000001,14,0
1771685034484000,1771685034484000,3.6000001,1.8000001,14,0
1771685034508000,1771685034508000,3.6000001,1.8000001,14,0
1771685034524000,1771685034524000,3.6000001,1.8000001,14,0
1771685034548000,1771685034548000,3.6000001,1.8000001,14,0
1771685034564000,1771685034564000,3.6000001,1.8000001,14,0
1771685034588000,1771685034588000,3.6000001,1.8000001,14,0
1771685034604000,1771685034604000,3.6000001,1.8000001,14,0
1771685034628000,1771685034628000,3.6000001,1.8000001,14,0
1771685034644000,1771685034644000,3.6000001,1.8000001,14,0
1771685034668000,1771685034668000,3.6000001,1.8000001,14,0
1771685034684000,1771685034684000,3.6000001,1.8000001,14,0
1771685034708000,1771685034708000,3.6000001,1.8000001,14,0
1771685034724000,1771685034724000,3.6000001,1.8000001,14,0
1771685034748000,1771685034748000,3.6000001,1.8000001,14,0
1771685034764000,1771685034764000,3.6000001,1.8000001,14,0
1771685034788000,1771685034788000,3.6000001,1.8000001,14,0
1771685034804000,1771685034804000,3.6000001,1.8000001,14,0
1771685034828000,1771685034828000,3.6000001,1.8000001,14,0
1771685034844000,1771685034844000,3.6000001,1.8000001,14,0
1771685034868000,1771685034868000,3.6000001,1.8000001,14,0
1771685034884000,1771685034884000,3.6000001,1.8000001,14,0
1771685034908000,1771685034908000,3.6000001,1.8000001,14,0
1771685034924000,1771685034924000,3.6000001,1.8000001,14,0
1771685034948000,1771685034948000,3.6000001,1.8000001,14,0
1771685034964000,1771685034964000,3.6000001,1.8000001,14,0
1771685034988000,1771685034988000,3.6000001,1.8000001,14,0
1771685035004000,1771685035004000,3.6000001,1.8000001,14,0
1771685035028000,1771685035028000,3.6000001,1.8000001,14,0
1771685035044000,1771685035044000,3.6000001,1.8000001,14,0
1771685035068000,1771685035068000,3.6000001,1.8000001,14,0
1771685035084000,1771685035084000,3.6000001,1.8000001,14,0
1771685035108000,1771685035108000,3.6000001,1.8000001,14,0
1771685035124000,1771685035124000,3.6000001,1.8000001,14,0
1771685035148000,1771685035148000,3.6000001,1.8000001,14,0
1771685035164000,1771685035164000,3.6000001,1.8000001,14,0
1771685035188000,1771685035188000,3.6000001,1.8000001,14,0
1771685035204000,1771685035204000,3.6000001,1.8000001,14,0
1771685035228000,1771685035228000,3.6000001,1.8000001,14,0
1771685035244000,1771685035244000,3.6000001,1.8000001,14,0
1771685035268000,1771685035268000,3.6000001,1.8000001,14,0
1771685035284000,1771685035284000,3.6000001,1.8000001,14,0
1771685035308000,1771685035308000,3.6000001,1.8000001,14,0
1771685035324000,1771685035324000,3.6000001,1.8000001,14,0
1771685035348000,1771685035348000,3.6000001,1.8000001,14,0
1771685035364000,1771685035364000,3.6000001,1.8000001,14,0
1771685035388000,1771685035388000,3.6000001,1.8000001,14,0
1771685035404000,1771685035404000,3.6000001,1.8000001,14,0
1771685035428000,1771685035428000,3.6000001,1.8000001,14,0
1771685035444000,1771685035444000,3.6000001,1.8000001,14,0
1771685035468000,1771685035468000,3.6000001,1.8000001,14,0
1771685035484000,1771685035484000,3.6000001,1.8000001,14,0
1771685035508000,1771685035508000,3.6000001,1.8000001,14,0
1771685035524000,1771685035524000,3.6000001,1.8000001,14,0
1771685035548000,1771685035548000,3.6000001,1.8000001,14,0
1771685035564000,1771685035564000,3.6000001,1.8000001,14,0
1771685035588000,1771685035588000,3.6000001,1.8000001,14,0
1771685035604000,1771685035604000,3.6000001,1.8000001,14,0
1771685035628000,1771685035628000,3.6000001,1.8000001,14,0
1771685035644000,1771685035644000,3.6000001,1.8000001,14,0
1771685035668000,1771685035668000,3.6000001,1.8000001,14,0
1771685035684000,1771685035684000,3.6000001,1.8000001,14,0
1771685035708000,1771685035708000,3.6000001,1.8000001,14,0
1771685035724000,1771685035724000,3.6000001,1.8000001,14,0
1771685035748000,1771685035748000,3.6000001,1.8000001,14,0
1771685035764000,1771685035764000,3.6000001,1.8000001,14,0
1771685035788000,1771685035788000,3.6000001,1.8000001,14,0
1771685035804000,1771685035804000,3.6000001,1.8000001,14,0
1771685035828000,1771685035828000,3.6000001,1.8000001,14,0
1771685035844000,1771685035844000,3.6000001,1.8000001,14,0
1771685035868000,1771685035868000,3.6000001,1.8000001,14,0
1771685035884000,1771685035884000,3.6000001,1.8000001,14,0
1771685035908000,1771685035908000,3.6000001,1.8000001,14,0
1771685035924000,1771685035924000,3.6000001,1.8000001,14,0
1771685035948000,1771685035948000,3.6000001,1.8000001,14,0
1771685035964000,1771685035964000,3.6000001,1.8000001,14,0
1771685035988000,1771685035988000,3.6000001,1.8000001,14,0
1771685036004000,1771685036004000,3.6000001,1.8000001,14,0
1771685036028000,1771685036028000,3.6000001,1.8000001,14,0
1771685036044000,1771685036044000,3.6000001,1.8000001,14,0
1771685036068000,1771685036068000,3.6000001,1.8000001,14,0
1771685036084000,1771685036084000,3.6000001,1.8000001,14,0
1771685036108000,1771685036108000,3.6000001,1.8000001,14,0
1771685036124000,1771685036124000,3.6000001,1.8000001,14,0
1771685036148000,1771685036148000,3.6000001,1.8000001,14,0
1771685036164000,1771685036164000,3.6000001,1.8000001,14,0
1771685036188000,1771685036188000,3.6000001,1.8000001,14,0
1771685036204000,1771685036204000,3.6000001,1.8000001,14,0
1771685036228000,1771685036228000,3.6000001,1.8000001,14,0
1771685036244000,1771685036244000,3.6000001,1.8000001,14,0
1771685036268000,1771685036268000,3.6000001,1.8000001,14,0
1771685036284000,1771685036284000,3.6000001,1.8000001,14,0
1771685036308000,1771685036308000,3.6000001,1.8000001,14,0
1771685036324000,1771685036324000,3.6000001,1.8000001,14,0
1771685036348000,1771685036348000,3.6000001,1.8000001,14,0
1771685036364000,1771685036364000,3.6000001,1.8000001,14,0
1771685036388000,1771685036388000,3.6000001,1.8000001,14,0
1771685036404000,1771685036404000,3.6000001,1.8000001,14,0
1771685036428000,1771685036428000,3.6000001,1.8000001,14,0
1771685036444000,1771685036444000,3.6000001,1.8000001,14,0
1771685036468000,1771685036468000,3.6000001,1.8000001,14,0
1771685036484000,1771685036484000,3.6000001,1.8000001,14,0
1771685036508000,1771685036508000,3.6000001,1.8000001,14,0
1771685036524000,1771685036524000,3.6000001,1.8000001,14,0
1771685036548000,1771685036548000,3.6000001,1.8000001,14,0
1771685036564000,1771685036564000,3.6000001,1.8000001,14,0
1771685036588000,1771685036588000,3.6000001,1.8000001,14,0
1771685036604000,1771685036604000,3.6000001,1.8000001,14,0
1771685036628000,1771685036628000,3.6000001,1.8000001,14,0
1771685036644000,1771685036644000,3.6000001,1.8000001,14,0
1771685036668000,1771685036668000,3.6000001,1.8000001,14,0
1771685036684000,1771685036684000,3.6000001,1.8000001,14,0
1771685036708000,1771685036708000,3.6000001,1.8000001,14,0
1771685036724000,1771685036724000,3.6000001,1.8000001,14,0
1771685036748000,1771685036748000,3.6000001,1.8000001,14,0
1771685036764000,1771685036764000,3.6000001,1.8000001,14,0
1771685036788000,1771685036788000,3.6000001,1.8000001,14,0
1771685036804000,1771685036804000,3.6000001,1.8000001,14,0
1771685036828000,1771685036828000,3.6000001,1.8000001,14,0
1771685036844000,1771685036844000,3.6000001,1.8000001,14,0
1771685036868000,1771685036868000,3.6000001,1.8000001,14,0
1771685036884000,1771685036884000,3.6000001,1.8000001,14,0
1771685036908000,1771685036908000,3.6000001,1.8000001,14,0
1771685036924000,1771685036924000,3.6000001,1.8000001,14,0
1771685036948000,1771685036948000,3.6000001,1.8000001,14,0
1771685036964000,1771685036964000,3.6000001,1.8000001,14,0
1771685036988000,1771685036988000,3.6000001,1.8000001,14,0
1771685037004000,1771685037004000,3.6000001,1.8000001,14,0
1771685037028000,1771685037028000,3.6000001,1.8000001,14,0
1771685037044000,1771685037044000,3.6000001,1.8000001,14,0
1771685037068000,1771685037068000,3.6000001,1.8000001,14,0
1771685037084000,1771685037084000,3.6000001,1.8000001,14,0
1771685037108000,1771685037108000,3.6000001,1.8000001,14,0
1771685037124000,1771685037124000,3.6000001,1.8000001,14,0
1771685037148000,1771685037148000,3.6000001,1.8000001,14,0
1771685037164000,1771685037164000,3.6000001,1.8000001,14,0
1771685037188000,1771685037188000,3.6000001,1.8000001,14,0
1771685037204000,1771685037204000,3.6000001,1.8000001,14,0
1771685037228000,1771685037228000,3.6000001,1.8000001,14,0
1771685037244000,1771685037244000,3.6000001,1.8000001,14,0
1771685037268000,1771685037268000,3.6000001,1.8000001,14,0
1771685037284000,1771685037284000,3.6000001,1.8000001,14,0
1771685037308000,1771685037308000,3.6000001,1.8000001,14,0
1771685037324000,1771685037324000,3.6000001,1.8000001,14,0
1771685037348000,1771685037348000,3.6000001,1.8000001,14,0
1771685037364000,1771685037364000,3.6000001,1.8000001,14,0
1771685037388000,1771685037388000,3.6000001,1.8000001,14,0
1771685037404000,1771685037404000,3.6000001,1.8000001,14,0
1771685037428000,1771685037428000,3.6000001,1.8000001,14,0
1771685037444000,1771685037444000,3.6000001,1.8000001,14,0
1771685037468000,1771685037468000,3.6000001,1.8000001,14,0
1771685037484000,1771685037484000,3.6000001,1.8000001,14,0
1771685037508000,1771685037508000,3.6000001,1.8000001,14,0
1771685037524000,1771685037524000,3.6000001,1.8000001,14,0
1771685037548000,1771685037548000,3.6000001,1.8000001,14,0
1771685037564000,1771685037564000,3.6000001,1.8000001,14,0
1771685037588000,1771685037588000,3.6000001,1.8000001,14,0
1771685037604000,1771685037604000,3.6000001,1.8000001,14,0
1771685037628000,1771685037628000,3.6000001,1.8000001,14,0
1771685037644000,1771685037644000,3.6000001,1.8000001,14,0
1771685037668000,1771685037668000,3.6000001,1.8000001,14,0
1771685037684000,1771685037684000,3.6000001,1.8000001,14,0
1771685037708000,1771685037708000,3.6000001,1.8000001,14,0
1771685037724000,1771685037724000,3.6000001,1.8000001,14,0
1771685037748000,1771685037748000,3.6000001,1.8000001,14,0
1771685037764000,1771685037764000,3.6000001,1.8000001,14,0
1771685037788000,1771685037788000,3.6000001,1.8000001,14,0
1771685037804000,1771685037804000,3.6000001,1.8000001,14,0
1771685037828000,1771685037828000,3.6000001,1.8000001,14,0
1771685037844000,1771685037844000,3.6000001,1.8000001,14,0
1771685037868000,1771685037868000,3.6000001,1.8000001,14,0
1771685037884000,1771685037884000,3.6000001,1.8000001,14,0
1771685037908000,1771685037908000,3.6000001,1.8000001,14,0
1771685037924000,1771685037924000,3.6000001,1.8000001,14,0
1771685037948000,1771685037948000,3.6000001,1.8000001,14,0
1771685037964000,1771685037964000,3.6000001,1.8000001,14,0
1771685037988000,1771685037988000,3.6000001,1.8000001,14,0
1771685038004000,1771685038004000,3.6000001,1.8000001,14,0
1771685038028000,1771685038028000,3.6000001,1.8000001,14,0
1771685038044000,1771685038044000,3.6000001,1.8000001,14,0
1771685038068000,1771685038068000,3.6000001,1.8000001,14,0
1771685038084000,1771685038084000,3.6000001,1.8000001,14,0
1771685038108000,1771685038108000,3.6000001,1.8000001,14,0
1771685038124000,1771685038124000,3.6000001,1.8000001,14,0
1771685038148000,1771685038148000,3.6000001,1.8000001,14,0
1771685038164000,1771685038164000,3.6000001,1.8000001,14,0
1771685038188000,1771685038188000,3.6000001,1.8000001,14,0
1771685038204000,1771685038204000,3.6000001,1.8000001,14,0
1771685038228000,1771685038228000,3.6000001,1.8000001,14,0
1771685038244000,1771685038244000,3.6000001,1.8000001,14,0
1771685038268000,1771685038268000,3.6000001,1.8000001,14,0
1771685038284000,1771685038284000,3.6000001,1.8000001,14,0
1771685038308000,1771685038308000,3.6000001,1.8000001,14,0
1771685038324000,1771685038324000,3.6000001,1.8000001,14,0
1771685038348000,1771685038348000,3.6000001,1.8000001,14,0
1771685038364000,1771685038364000,3.6000001,1.8000001,14,0
1771685038388000,1771685038388000,3.6000001,1.8000001,14,0
1771685038404000,1771685038404000,3.6000001,1.8000001,14,0
1771685038428000,1771685038428000,3.6000001,1.8000001,14,0
1771685038444000,1771685038444000,3.6000001,1.8000001,14,0
1771685038468000,1771685038468000,3.6000001,1.8000001,14,0
1771685038484000,1771685038484000,3.6000001,1.8000001,14,0
1771685038508000,1771685038508000,3.6000001,1.8000001,14,0
1771685038524000,1771685038524000,3.6000001,1.8000001,14,0
1771685038548000,1771685038548000,3.6000001,1.8000001,14,0
1771685038564000,1771685038564000,3.6000001,1.8000001,14,0
1771685038588000,1771685038588000,3.6000001,1.8000001,14,0
1771685038604000,1771685038604000,3.6000001,1.8000001,14,0
1771685038628000,1771685038628000,3.6000001,1.8000001,14,0
1771685038644000,1771685038644000,3.6000001,1.8000001,14,0
1771685038668000,1771685038668000,3.6000001,1.8000001,14,0
1771685038684000,1771685038684000,3.6000001,1.8000001,14,0
1771685038708000,1771685038708000,3.6000001,1.8000001,14,0
1771685038724000,1771685038724000,3.6000001,1.8000001,14,0
1771685038748000,1771685038748000,3.6000001,1.8000001,14,0
1771685038764000,1771685038764000,3.6000001,1.8000001,14,0
1771685038788000,1771685038788000,3.6000001,1.8000001,14,0
1771685038804000,1771685038804000,3.6000001,1.8000001,14,0
1771685038828000,1771685038828000,3.6000001,1.8000001,14,0
1771685038844000,1771685038844000,3.6000001,1.8000001,14,0
1771685038868000,1771685038868000,3.6000001,1.8000001,14,0
1771685038884000,1771685038884000,3.6000001,1.8000001,14,0
1771685038908000,1771685038908000,3.6000001,1.8000001,14,0
1771685038924000,1771685038924000,3.6000001,1.8000001,14,0
1771685038948000,1771685038948000,3.6000001,1.8000001,14,0
1771685038964000,1771685038964000,3.6000001,1.8000001,14,0
1771685038988000,1771685038988000,3.6000001,1.8000001,14,0
1771685039004000,1771685039004000,3.6000001,1.8000001,14,0
1771685039028000,1771685039028000,3.6000001,1.8000001,14,0
1771685039044000,1771685039044000,3.6000001,1.8000001,14,0
1771685039068000,1771685039068000,3.6000001,1.8000001,14,0
1771685039084000,1771685039084000,3.6000001,1.8000001,14,0
1771685039108000,1771685039108000,3.6000001,1.8000001,14,0
1771685039124000,1771685039124000,3.6000001,1.8000001,14,0
1771685039148000,1771685039148000,3.6000001,1.8000001,14,0
1771685039164000,1771685039164000,3.6000001,1.8000001,14,0
1771685039188000,1771685039188000,3.6000001,1.8000001,14,0
1771685039204000,1771685039204000,3.6000001,1.8000001,14,0
1771685039228000,1771685039228000,3.6000001,1.8000001,14,0
1771685039244000,1771685039244000,3.6000001,1.8000001,14,0
1771685039268000,1771685039268000,3.6000001,1.8000001,14,0
1771685039284000,1771685039284000,3.6000001,1.8000001,14,0
1771685039308000,1771685039308000,3.6000001,1.8000001,14,0
1771685039324000,1771685039324000,3.6000001,1.8000001,14,0
1771685039348000,1771685039348000,3.6000001,1.8000001,14,0
1771685039364000,1771685039364000,3.6000001,1.8000001,14,0
1771685039388000,1771685039388000,3.6000001,1.8000001,14,0
1771685039404000,1771685039404000,3.6000001,1.8000001,14,0
1771685039428000,1771685039428000,3.6000001,1.8000001,14,0
1771685039444000,1771685039444000,3.6000001,1.8000001,14,0
1771685039468000,1771685039468000,3.6000001,1.8000001,14,0
1771685039484000,1771685039484000,3.6000001,1.8000001,14,0
1771685039508000,1771685039508000,3.6000001,1.8000001,14,0
1771685039524000,1771685039524000,3.6000001,1.8000001,14,0
1771685039548000,1771685039548000,3.6000001,1.8000001,14,0
1771685039564000,1771685039564000,3.6000001,1.8000001,14,0
1771685039588000,1771685039588000,3.6000001,1.8000001,14,0
1771685039604000,1771685039604000,3.6000001,1.8000001,14,0
1771685039628000,1771685039628000,3.6000001,1.8000001,14,0
1771685039644000,1771685039644000,3.6000001,1.8000001,14,0
1771685039668000,1771685039668000,3.6000001,1.8000001,14,0
1771685039684000,1771685039684000,3.6000001,1.8000001,14,0
1771685039708000,1771685039708000,3.6000001,1.8000001,14,0
1771685039724000,1771685039724000,3.6000001,1.8000001,14,0
1771685039748000,1771685039748000,3.6000001,1.8000001,14,0
1771685039764000,1771685039764000,3.6000001,1.8000001,14,0
1771685039788000,1771685039788000,3.6000001,1.8000001,14,0
1771685039804000,1771685039804000,3.6000001,1.8000001,14,0
1771685039828000,1771685039828000,3.6000001,1.8000001,14,0
1771685039844000,1771685039844000,3.6000001,1.8000001,14,0
1771685039868000,1771685039868000,3.6000001,1.8000001,14,0
1771685039884000,1771685039884000,3.6000001,1.8000001,14,0
1771685039908000,1771685039908000,3.6000001,1.8000001,14,0
1771685039924000,1771685039924000,3.6000001,1.8000001,14,0
1771685039948000,1771685039948000,3.6000001,1.8000001,14,0
1771685039964000,1771685039964000,3.6000001,1.8000001,14,0
1771685039988000,1771685039988000,3.6000001,1.8000001,14,0
1771685040004000,1771685040004000,3.6000001,1.8000001,14,0
1771685040028000,1771685040028000,3.6000001,1.8000001,14,0
1771685040044000,1771685040044000,3.6000001,1.8000001,14,0
1771685040068000,1771685040068000,3.6000001,1.8000001,14,0
1771685040084000,1771685040084000,3.6000001,1.8000001,14,0
1771685040108000,1771685040108000,3.6000001,1.8000001,14,0
1771685040124000,1771685040124000,3.6000001,1.8000001,14,0
1771685040148000,1771685040148000,3.6000001,1.8000001,14,0
1771685040164000,1771685040164000,3.6000001,1.8000001,14,0
1771685040188000,1771685040188000,3.6000001,1.8000001,14,0
1771685040204000,1771685040204000,3.6000001,1.8000001,14,0
1771685040228000,1771685040228000,3.6000001,1.8000001,14,0
1771685040244000,1771685040244000,3.6000001,1.8000001,14,0
1771685040268000,1771685040268000,3.6000001,1.8000001,14,0
1771685040284000,1771685040284000,3.6000001,1.8000001,14,0
1771685040308000,1771685040308000,3.6000001,1.8000001,14,0
1771685040324000,1771685040324000,3.6000001,1.8000001,14,0
1771685040348000,1771685040348000,3.6000001,1.8000001,14,0
1771685040364000,1771685040364000,3.6000001,1.8000001,14,0
1771685040388000,1771685040388000,3.6000001,1.8000001,14,0
1771685040404000,1771685040404000,3.6000001,1.8000001,14,0
1771685040428000,1771685040428000,3.6000001,1.8000001,14,0
1771685040444000,1771685040444000,3.6000001,1.8000001,14,0
1771685040468000,1771685040468000,3.6000001,1.8000001,14,0
1771685040484000,1771685040484000,3.6000001,1.8000001,14,0
1771685040508000,1771685040508000,3.6000001,1.8000001,14,0
1771685040524000,1771685040524000,3.6000001,1.8000001,14,0
1771685040548000,1771685040548000,3.6000001,1.8000001,14,0
1771685040564000,1771685040564000,3.6000001,1.8000001,14,0
1771685040588000,1771685040588000,3.6000001,1.8000001,14,0
1771685040604000,1771685040604000,3.6000001,1.8000001,14,0
1771685040628000,1771685040628000,3.6000001,1.8000001,14,0
1771685040644000,1771685040644000,3.6000001,1.8000001,14,0
1771685040668000,1771685040668000,3.6000001,1.8000001,14,0
1771685040684000,1771685040684000,3.6000001,1.8000001,14,0
1771685040708000,1771685040708000,3.6000001,1.8000001,14,0
1771685040724000,1771685040724000,3.6000001,1.8000001,14,0
1771685040748000,1771685040748000,3.6000001,1.8000001,14,0
1771685040764000,1771685040764000,3.6000001,1.8000001,14,0
1771685040788000,1771685040788000,3.6000001,1.8000001,14,0
1771685040804000,1771685040804000,3.6000001,1.8000001,14,0
1771685040828000,1771685040828000,3.6000001,1.8000001,14,0
1771685040844000,1771685040844000,3.6000001,1.8000001,14,0
1771685040868000,1771685040868000,3.6000001,1.8000001,14,0
1771685040884000,1771685040884000,3.6000001,1.8000001,14,0
1771685040908000,1771685040908000,3.6000001,1.8000001,14,0
1771685040924000,1771685040924000,3.6000001,1.8000001,14,0
1771685040948000,1771685040948000,3.6000001,1.8000001,14,0
1771685040964000,1771685040964000,3.6000001,1.8000001,14,0
1771685040988000,1771685040988000,3.6000001,1.8000001,14,0
1771685041004000,1771685041004000,3.6000001,1.8000001,14,0
1771685041028000,1771685041028000,3.6000001,1.8000001,14,0
1771685041044000,1771685041044000,3.6000001,1.8000001,14,0
1771685041068000,1771685041068000,3.6000001,1.8000001,14,0
1771685041084000,1771685041084000,3.6000001,1.8000001,14,0
1771685041108000,1771685041108000,3.6000001,1.8000001,14,0
1771685041124000,1771685041124000,3.6000001,1.8000001,14,0
1771685041148000,1771685041148000,3.6000001,1.8000001,14,0
1771685041164000,1771685041164000,3.6000001,1.8000001,14,0
1771685041188000,1771685041188000,3.6000001,1.8000001,14,0
1771685041204000,1771685041204000,3.6000001,1.8000001,14,0
1771685041228000,1771685041228000,3.6000001,1.8000001,14,0
1771685041244000,1771685041244000,3.6000001,1.8000001,14,0
1771685041268000,1771685041268000,3.6000001,1.8000001,14,0
1771685041284000,1771685041284000,3.6000001,1.8000001,14,0
1771685041308000,1771685041308000,3.6000001,1.8000001,14,0
1771685041324000,1771685041324000,3.6000001,1.8000001,14,0
1771685041348000,1771685041348000,3.6000001,1.8000001,14,0
1771685041364000,1771685041364000,3.6000001,1.8000001,14,0
1771685041388000,1771685041388000,3.6000001,1.8000001,14,0
1771685041404000,1771685041404000,3.6000001,1.8000001,14,0
1771685041428000,1771685041428000,3.6000001,1.8000001,14,0
1771685041444000,1771685041444000,3.6000001,1.8000001,14,0
1771685041468000,1771685041468000,3.6000001,1.8000001,14,0
1771685041484000,1771685041484000,3.6000001,1.8000001,14,0
1771685041508000,1771685041508000,3.6000001,1.8000001,14,0
1771685041524000,1771685041524000,3.6000001,1.8000001,14,0
1771685041548000,1771685041548000,3.6000001,1.8000001,14,0
1771685041564000,1771685041564000,3.6000001,1.8000001,14,0
1771685041588000,1771685041588000,3.6000001,1.8000001,14,0
1771685041604000,1771685041604000,3.6000001,1.8000001,14,0
1771685041628000,1771685041628000,3.6000001,1.8000001,14,0
1771685041644000,1771685041644000,3.6000001,1.8000001,14,0
1771685041668000,1771685041668000,3.6000001,1.8000001,14,0
1771685041684000,1771685041684000,3.6000001,1.8000001,14,0
1771685041708000,1771685041708000,3.6000001,1.8000001,14,0
1771685041724000,1771685041724000,3.6000001,1.8000001,14,0
1771685041748000,1771685041748000,3.6000001,1.8000001,14,0
1771685041764000,1771685041764000,3.6000001,1.8000001,14,0
1771685041788000,1771685041788000,3.6000001,1.8000001,14,0
1771685041804000,1771685041804000,3.6000001,1.8000001,14,0
1771685041828000,1771685041828000,3.6000001,1.8000001,14,0
1771685041844000,1771685041844000,3.6000001,1.8000001,14,0
1771685041868000,1771685041868000,3.6000001,1.8000001,14,0
1771685041884000,1771685041884000,3.6000001,1.8000001,14,0
1771685041908000,1771685041908000,3.6000001,1.8000001,14,0
1771685041924000,1771685041924000,3.6000001,1.8000001,14,0
1771685041948000,1771685041948000,3.6000001,1.8000001,14,0
1771685041964000,1771685041964000,3.6000001,1.8000001,14,0
1771685041988000,1771685041988000,3.6000001,1.8000001,14,0
1771685042004000,1771685042004000,3.6000001,1.8000001,14,0
1771685042028000,1771685042028000,3.6000001,1.8000001,14,0
1771685042044000,1771685042044000,3.6000001,1.8000001,14,0
1771685042068000,1771685042068000,3.6000001,1.8000001,14,0
1771685042084000,1771685042084000,3.6000001,1.8000001,14,0
1771685042108000,1771685042108000,3.6000001,1.8000001,14,0
1771685042124000,1771685042124000,3.6000001,1.8000001,14,0
1771685042148000,1771685042148000,3.6000001,1.8000001,14,0
1771685042164000,1771685042164000,3.6000001,1.8000001,14,0
1771685042188000,1771685042188000,3.6000001,1.8000001,14,0
1771685042204000,1771685042204000,3.6000001,1.8000001,14,0
1771685042228000,1771685042228000,3.6000001,1.8000001,14,0
1771685042244000,1771685042244000,3.6000001,1.8000001,14,0
1771685042268000,1771685042268000,3.6000001,1.8000001,14,0
1771685042284000,1771685042284000,3.6000001,1.8000001,14,0
1771685042308000,1771685042308000,3.6000001,1.8000001,14,0
1771685042324000,1771685042324000,3.6000001,1.8000001,14,0
1771685042348000,1771685042348000,3.6000001,1.8000001,14,0
1771685042364000,1771685042364000,3.6000001,1.8000001,14,0
1771685042388000,1771685042388000,3.6000001,1.8000001,14,0
1771685042404000,1771685042404000,3.6000001,1.8000001,14,0
1771685042428000,1771685042428000,3.6000001,1.8000001,14,0
1771685042444000,1771685042444000,3.6000001,1.8000001,14,0
1771685042468000,1771685042468000,3.6000001,1.8000001,14,0
1771685042484000,1771685042484000,3.6000001,1.8000001,14,0
1771685042508000,1771685042508000,3.6000001,1.8000001,14,0
1771685042524000,1771685042524000,3.6000001,1.8000001,14,0
1771685042548000,1771685042548000,3.6000001,1.8000001,14,0
1771685042564000,1771685042564000,3.6000001,1.8000001,14,0
1771685042588000,1771685042588000,3.6000001,1.8000001,14,0
1771685042604000,1771685042604000,3.6000001,1.8000001,14,0
1771685042628000,1771685042628000,3.6000001,1.8000001,14,0
1771685042644000,1771685042644000,3.6000001,1.8000001,14,0
1771685042668000,1771685042668000,3.6000001,1.8000001,14,0
1771685042684000,1771685042684000,3.6000001,1.8000001,14,0
1771685042708000,1771685042708000,3.6000001,1.8000001,14,0
1771685042724000,1771685042724000,3.6000001,1.8000001,14,0
1771685042748000,1771685042748000,3.6000001,1.8000001,14,0
1771685042764000,1771685042764000,3.6000001,1.8000001,14,0
1771685042788000,1771685042788000,3.6000001,1.8000001,14,0
1771685042804000,1771685042804000,3.6000001,1.8000001,14,0
1771685042828000,1771685042828000,3.6000001,1.8000001,14,0
1771685042844000,1771685042844000,3.6000001,1.8000001,14,0
1771685042868000,1771685042868000,3.6000001,1.8000001,14,0
1771685042884000,1771685042884000,3.6000001,1.8000001,14,0
1771685042908000,1771685042908000,3.6000001,1.8000001,14,0
1771685042924000,1771685042924000,3.6000001,1.8000001,14,0
1771685042948000,1771685042948000,3.6000001,1.8000001,14,0
1771685042964000,1771685042964000,3.6000001,1.8000001,14,0
1771685042988000,1771685042988000,3.6000001,1.8000001,14,0
1771685043004000,1771685043004000,3.6000001,1.8000001,14,0
1771685043028000,1771685043028000,3.6000001,1.8000001,14,0
1771685043044000,1771685043044000,3.6000001,1.8000001,14,0
1771685043068000,1771685043068000,3.6000001,1.8000001,14,0
1771685043084000,1771685043084000,3.6000001,1.8000001,14,0
1771685043108000,1771685043108000,3.6000001,1.8000001,14,0
1771685043124000,1771685043124000,3.6000001,1.8000001,14,0
1771685043148000,1771685043148000,3.6000001,1.8000001,14,0
1771685043164000,1771685043164000,3.6000001,1.8000001,14,0
1771685043188000,1771685043188000,3.6000001,1.8000001,14,0
1771685043204000,1771685043204000,3.6000001,1.8000001,14,0
1771685043228000,1771685043228000,3.6000001,1.8000001,14,0
1771685043244000,1771685043244000,3.6000001,1.8000001,14,0
1771685043268000,1771685043268000,3.6000001,1.8000001,14,0
1771685043284000,1771685043284000,3.6000001,1.8000001,14,0
1771685043308000,1771685043308000,3.6000001,1.8000001,14,0
1771685043324000,1771685043324000,3.6000001,1.8000001,14,0
1771685043348000,1771685043348000,3.6000001,1.8000001,14,0
1771685043364000,1771685043364000,3.6000001,1.8000001,14,0
1771685043388000,1771685043388000,3.6000001,1.8000001,14,0
1771685043404000,1771685043404000,3.6000001,1.8000001,14,0
1771685043428000,1771685043428000,3.6000001,1.8000001,14,0
1771685043444000,1771685043444000,3.6000001,1.8000001,14,0
1771685043468000,1771685043468000,3.6000001,1.8000001,14,0
1771685043484000,1771685043484000,3.6000001,1.8000001,14,0
1771685043508000,1771685043508000,3.6000001,1.8000001,14,0
1771685043524000,1771685043524000,3.6000001,1.8000001,14,0
1771685043548000,1771685043548000,3.6000001,1.8000001,14,0
1771685043564000,1771685043564000,3.6000001,1.8000001,14,0
1771685043588000,1771685043588000,3.6000001,1.8000001,14,0
1771685043604000,1771685043604000,3.6000001,1.8000001,14,0
1771685043628000,1771685043628000,3.6000001,1.8000001,14,0
1771685043644000,1771685043644000,3.6000001,1.8000001,14,0
1771685043668000,1771685043668000,3.6000001,1.8000001,14,0
1771685043684000,1771685043684000,3.6000001,1.8000001,14,0
1771685043708000,1771685043708000,3.6000001,1.8000001,14,0
1771685043724000,1771685043724000,3.6000001,1.8000001,14,0
1771685043748000,1771685043748000,3.6000001,1.8000001,14,0
1771685043764000,1771685043764000,3.6000001,1.8000001,14,0
1771685043788000,1771685043788000,3.6000001,1.8000001,14,0
1771685043804000,1771685043804000,3.6000001,1.8000001,14,0
1771685043828000,1771685043828000,3.6000001,1.8000001,14,0
1771685043844000,1771685043844000,3.6000001,1.8000001,14,0
1771685043868000,1771685043868000,3.6000001,1.8000001,14,0
1771685043884000,1771685043884000,3.6000001,1.8000001,14,0
1771685043908000,1771685043908000,3.6000001,1.8000001,14,0
1771685043924000,1771685043924000,3.6000001,1.8000001,14,0
1771685043948000,1771685043948000,3.6000001,1.8000001,14,0
1771685043964000,1771685043964000,3.6000001,1.8000001,14,0
1771685043988000,1771685043988000,3.6000001,1.8000001,14,0
1771685044004000,1771685044004000,3.6000001,1.8000001,14,0
1771685044028000,1771685044028000,3.6000001,1.8000001,14,0
1771685044044000,1771685044044000,3.6000001,1.8000001,14,0
1771685044068000,1771685044068000,3.6000001,1.8000001,14,0
1771685044084000,1771685044084000,3.6000001,1.8000001,14,0
1771685044108000,1771685044108000,3.6000001,1.8000001,14,0
1771685044124000,1771685044124000,3.6000001,1.8000001,14,0
1771685044148000,1771685044148000,3.6000001,1.8000001,14,0
1771685044164000,1771685044164000,3.6000001,1.8000001,14,0
1771685044188000,1771685044188000,3.6000001,1.8000001,14,0
1771685044204000,1771685044204000,3.6000001,1.8000001,14,0
1771685044228000,1771685044228000,3.6000001,1.8000001,14,0
1771685044244000,1771685044244000,3.6000001,1.8000001,14,0
1771685044268000,1771685044268000,3.6000001,1.8000001,14,0
1771685044284000,1771685044284000,3.6000001,1.8000001,14,0
1771685044308000,1771685044308000,3.6000001,1.8000001,14,0
1771685044324000,1771685044324000,3.6000001,1.8000001,14,0
1771685044348000,1771685044348000,3.6000001,1.8000001,14,0
1771685044364000,1771685044364000,3.6000001,1.8000001,14,0
1771685044388000,1771685044388000,3.6000001,1.8000001,14,0
1771685044404000,1771685044404000,3.6000001,1.8000001,14,0
1771685044428000,1771685044428000,3.6000001,1.8000001,14,0
1771685044444000,1771685044444000,3.6000001,1.8000001,14,0
1771685044468000,1771685044468000,3.6000001,1.8000001,14,0
1771685044484000,1771685044484000,3.6000001,1.8000001,14,0
1771685044508000,1771685044508000,3.6000001,1.8000001,14,0
1771685044524000,1771685044524000,3.6000001,1.8000001,14,0
1771685044548000,1771685044548000,3.6000001,1.8000001,14,0
1771685044564000,1771685044564000,3.6000001,1.8000001,14,0
1771685044588000,1771685044588000,3.6000001,1.8000001,14,0
1771685044604000,1771685044604000,3.6000001,1.8000001,14,0
1771685044628000,1771685044628000,3.6000001,1.8000001,14,0
1771685044644000,1771685044644000,3.6000001,1.8000001,14,0
1771685044668000,1771685044668000,3.6000001,1.8000001,14,0
1771685044684000,1771685044684000,3.6000001,1.8000001,14,0
1771685044708000,1771685044708000,3.6000001,1.8000001,14,0
1771685044724000,1771685044724000,3.6000001,1.8000001,14,0
1771685044748000,1771685044748000,3.6000001,1.8000001,14,0
1771685044764000,1771685044764000,3.6000001,1.8000001,14,0
1771685044788000,1771685044788000,3.6000001,1.8000001,14,0
1771685044804000,1771685044804000,3.6000001,1.8000001,14,0
1771685044828000,1771685044828000,3.6000001,1.8000001,14,0
1771685044844000,1771685044844000,3.6000001,1.8000001,14,0
1771685044868000,1771685044868000,3.6000001,1.8000001,14,0
1771685044884000,1771685044884000,3.6000001,1.8000001,14,0
1771685044908000,1771685044908000,3.6000001,1.8000001,14,0
1771685044924000,1771685044924000,3.6000001,1.8000001,14,0
1771685044948000,1771685044948000,3.6000001,1.8000001,14,0
1771685044964000,1771685044964000,3.6000001,1.8000001,14,0
1771685044988000,1771685044988000,3.6000001,1.8000001,14,0
1771685045004000,1771685045004000,3.6000001,1.8000001,14,0
1771685045028000,1771685045028000,3.6000001,1.8000001,14,0
1771685045044000,1771685045044000,3.6000001,1.8000001,14,0
1771685045068000,1771685045068000,3.6000001,1.8000001,14,0
1771685045084000,1771685045084000,3.6000001,1.8000001,14,0
1771685045108000,1771685045108000,3.6000001,1.8000001,14,0
1771685045124000,1771685045124000,3.6000001,1.8000001,14,0
1771685045148000,1771685045148000,3.6000001,1.8000001,14,0
1771685045164000,1771685045164000,3.6000001,1.8000001,14,0
1771685045188000,1771685045188000,3.6000001,1.8000001,14,0
1771685045204000,1771685045204000,3.6000001,1.8000001,14,0
1771685045228000,1771685045228000,3.6000001,1.8000001,14,0
1771685045244000,1771685045244000,3.6000001,1.8000001,14,0
1771685045268000,1771685045268000,3.6000001,1.8000001,14,0
1771685045284000,1771685045284000,3.6000001,1.8000001,14,0
1771685045308000,1771685045308000,3.6000001,1.8000001,14,0
1771685045324000,1771685045324000,3.6000001,1.8000001,14,0
1771685045348000,1771685045348000,3.6000001,1.8000001,14,0
1771685045364000,1771685045364000,3.6000001,1.8000001,14,0
1771685045388000,1771685045388000,3.6000001,1.8000001,14,0
1771685045404000,1771685045404000,3.6000001,1.8000001,14,0
1771685045428000,1771685045428000,3.6000001,1.8000001,14,0
1771685045444000,1771685045444000,3.6000001,1.8000001,14,0
1771685045468000,1771685045468000,3.6000001,1.8000001,14,0
1771685045484000,1771685045484000,3.6000001,1.8000001,14,0
1771685045508000,1771685045508000,3.6000001,1.8000001,14,0
1771685045524000,1771685045524000,3.6000001,1.8000001,14,0
1771685045548000,1771685045548000,3.6000001,1.8000001,14,0
1771685045564000,1771685045564000,3.6000001,1.8000001,14,0
1771685045588000,1771685045588000,3.6000001,1.8000001,14,0
1771685045604000,1771685045604000,3.6000001,1.8000001,14,0
1771685045628000,1771685045628000,3.6000001,1.8000001,14,0
1771685045644000,1771685045644000,3.6000001,1.8000001,14,0
1771685045668000,1771685045668000,3.6000001,1.8000001,14,0
1771685045684000,1771685045684000,3.6000001,1.8000001,14,0
1771685045708000,1771685045708000,3.6000001,1.8000001,14,0
1771685045724000,1771685045724000,3.6000001,1.8000001,14,0
1771685045748000,1771685045748000,3.6000001,1.8000001,14,0
1771685045764000,1771685045764000,3.6000001,1.8000001,14,0
1771685045788000,1771685045788000,3.6000001,1.8000001,14,0
1771685045804000,1771685045804000,3.6000001,1.8000001,14,0
1771685045828000,1771685045828000,3.6000001,1.8000001,14,0
1771685045844000,1771685045844000,3.6000001,1.8000001,14,0
1771685045868000,1771685045868000,3.6000001,1.8000001,14,0
1771685045884000,1771685045884000,3.6000001,1.8000001,14,0
1771685045908000,1771685045908000,3.6000001,1.8000001,14,0
1771685045924000,1771685045924000,3.6000001,1.8000001,14,0
1771685045948000,1771685045948000,3.6000001,1.8000001,14,0
1771685045964000,1771685045964000,3.6000001,1.8000001,14,0
1771685045988000,1771685045988000,3.6000001,1.8000001,14,0
1771685046004000,1771685046004000,3.6000001,1.8000001,14,0
1771685046028000,1771685046028000,3.6000001,1.8000001,14,0
1771685046044000,1771685046044000,3.6000001,1.8000001,14,0
1771685046068000,1771685046068000,3.6000001,1.8000001,14,0
1771685046084000,1771685046084000,3.6000001,1.8000001,14,0
1771685046108000,1771685046108000,3.6000001,1.8000001,14,0
1771685046124000,1771685046124000,3.6000001,1.8000001,14,0
1771685046148000,1771685046148000,3.6000001,1.8000001,14,0
1771685046164000,1771685046164000,3.6000001,1.8000001,14,0
1771685046188000,1771685046188000,3.6000001,1.8000001,14,0
1771685046204000,1771685046204000,3.6000001,1.8000001,14,0
1771685046228000,1771685046228000,3.6000001,1.8000001,14,0
1771685046244000,1771685046244000,3.6000001,1.8000001,14,0
1771685046268000,1771685046268000,3.6000001,1.8000001,14,0
1771685046284000,1771685046284000,3.6000001,1.8000001,14,0
1771685046308000,1771685046308000,3.6000001,1.8000001,14,0
1771685046324000,1771685046324000,3.6000001,1.8000001,14,0
1771685046348000,1771685046348000,3.6000001,1.8000001,14,0
1771685046364000,1771685046364000,3.6000001,1.8000001,14,0
1771685046388000,1771685046388000,3.6000001,1.8000001,14,0
1771685046404000,1771685046404000,3.6000001,1.8000001,14,0
1771685046428000,1771685046428000,3.6000001,1.8000001,14,0
1771685046444000,1771685046444000,3.6000001,1.8000001,14,0
1771685046468000,1771685046468000,3.6000001,1.8000001,14,0
1771685046484000,1771685046484000,3.6000001,1.8000001,14,0
1771685046508000,1771685046508000,3.6000001,1.8000001,14,0
1771685046524000,1771685046524000,3.6000001,1.8000001,14,0
1771685046548000,1771685046548000,3.6000001,1.8000001,14,0
1771685046564000,1771685046564000,3.6000001,1.8000001,14,0
1771685046588000,1771685046588000,3.6000001,1.8000001,14,0
1771685046604000,1771685046604000,3.6000001,1.8000001,14,0
1771685046628000,1771685046628000,3.6000001,1.8000001,14,0
1771685046644000,1771685046644000,3.6000001,1.8000001,14,0
1771685046668000,1771685046668000,3.6000001,1.8000001,14,0
1771685046684000,1771685046684000,3.6000001,1.8000001,14,0
1771685046708000,1771685046708000,3.6000001,1.8000001,14,0
1771685046724000,1771685046724000,3.6000001,1.8000001,14,0
1771685046748000,1771685046748000,3.6000001,1.8000001,14,0
1771685046764000,1771685046764000,3.6000001,1.8000001,14,0
1771685046788000,1771685046788000,3.6000001,1.8000001,14,0
1771685046804000,1771685046804000,3.6000001,1.8000001,14,0
1771685046828000,1771685046828000,3.6000001,1.8000001,14,0
1771685046844000,1771685046844000,3.6000001,1.8000001,14,0
1771685046868000,1771685046868000,3.6000001,1.8000001,14,0
1771685046884000,1771685046884000,3.6000001,1.8000001,14,0
1771685046908000,1771685046908000,3.6000001,1.8000001,14,0
1771685046924000,1771685046924000,3.6000001,1.8000001,14,0
1771685046948000,1771685046948000,3.6000001,1.8000001,14,0
1771685046964000,1771685046964000,3.6000001,1.8000001,14,0
1771685046988000,1771685046988000,3.6000001,1.8000001,14,0
1771685047004000,1771685047004000,3.6000001,1.8000001,14,0
1771685047028000,1771685047028000,3.6000001,1.8000001,14,0
1771685047044000,1771685047044000,3.6000001,1.8000001,14,0
1771685047068000,1771685047068000,3.6000001,1.8000001,14,0
1771685047084000,1771685047084000,3.6000001,1.8000001,14,0
1771685047108000,1771685047108000,3.6000001,1.8000001,14,0
1771685047124000,1771685047124000,3.6000001,1.8000001,14,0
1771685047148000,1771685047148000,3.6000001,1.8000001,14,0
1771685047164000,1771685047164000,3.6000001,1.8000001,14,0
1771685047188000,1771685047188000,3.6000001,1.8000001,14,0
1771685047204000,1771685047204000,3.6000001,1.8000001,14,0
1771685047228000,1771685047228000,3.6000001,1.8000001,14,0
1771685047244000,1771685047244000,3.6000001,1.8000001,14,0
1771685047268000,1771685047268000,3.6000001,1.8000001,14,0
1771685047284000,1771685047284000,3.6000001,1.8000001,14,0
1771685047308000,1771685047308000,3.6000001,1.8000001,14,0
1771685047324000,1771685047324000,3.6000001,1.8000001,14,0
1771685047348000,1771685047348000,3.6000001,1.8000001,14,0
1771685047364000,1771685047364000,3.6000001,1.8000001,14,0
1771685047388000,1771685047388000,3.6000001,1.8000001,14,0
1771685047404000,1771685047404000,3.6000001,1.8000001,14,0
1771685047428000,1771685047428000,3.6000001,1.8000001,14,0
1771685047444000,1771685047444000,3.6000001,1.8000001,14,0
1771685047468000,1771685047468000,3.6000001,1.8000001,14,0
1771685047484000,1771685047484000,3.6000001,1.8000001,14,0
1771685047508000,1771685047508000,3.6000001,1.8000001,14,0
1771685047524000,1771685047524000,3.6000001,1.8000001,14,0
1771685047548000,1771685047548000,3.6000001,1.8000001,14,0
1771685047564000,1771685047564000,3.6000001,1.8000001,14,0
1771685047588000,1771685047588000,3.6000001,1.8000001,14,0
1771685047604000,1771685047604000,3.6000001,1.8000001,14,0
1771685047628000,1771685047628000,3.6000001,1.8000001,14,0
1771685047644000,1771685047644000,3.6000001,1.8000001,14,0
1771685047668000,1771685047668000,3.6000001,1.8000001,14,0
1771685047684000,1771685047684000,3.6000001,1.8000001,14,0
1771685047708000,1771685047708000,3.6000001,1.8000001,14,0
1771685047724000,1771685047724000,3.6000001,1.8000001,14,0
1771685047748000,1771685047748000,3.6000001,1.8000001,14,0
1771685047764000,1771685047764000,3.6000001,1.8000001,14,0
1771685047788000,1771685047788000,3.6000001,1.8000001,14,0
1771685047804000,1771685047804000,3.6000001,1.8000001,14,0
1771685047828000,1771685047828000,3.6000001,1.8000001,14,0
1771685047844000,1771685047844000,3.6000001,1.8000001,14,0
1771685047868000,1771685047868000,3.6000001,1.8000001,14,0
1771685047884000,1771685047884000,3.6000001,1.8000001,14,0
1771685047908000,1771685047908000,3.6000001,1.8000001,14,0
1771685047924000,1771685047924000,3.6000001,1.8000001,14,0
1771685047948000,1771685047948000,3.6000001,1.8000001,14,0
1771685047964000,1771685047964000,3.6000001,1.8000001,14,0
1771685047988000,1771685047988000,3.6000001,1.8000001,14,0
1771685048004000,1771685048004000,3.6000001,1.8000001,14,0
1771685048028000,1771685048028000,3.6000001,1.8000001,14,0
1771685048044000,1771685048044000,3.6000001,1.8000001,14,0
1771685048068000,1771685048068000,3.6000001,1.8000001,14,0
1771685048084000,1771685048084000,3.6000001,1.8000001,14,0
1771685048108000,1771685048108000,3.6000001,1.8000001,14,0
1771685048124000,1771685048124000,3.6000001,1.8000001,14,0
1771685048148000,1771685048148000,3.6000001,1.8000001,14,0
1771685048164000,1771685048164000,3.6000001,1.8000001,14,0
1771685048188000,1771685048188000,3.6000001,1.8000001,14,0
1771685048204000,1771685048204000,3.6000001,1.8000001,14,0
1771685048228000,1771685048228000,3.6000001,1.8000001,14,0
1771685048244000,1771685048244000,3.6000001,1.8000001,14,0
1771685048268000,1771685048268000,3.6000001,1.8000001,14,0
1771685048284000,1771685048284000,3.6000001,1.8000001,14,0
1771685048308000,1771685048308000,3.6000001,1.8000001,14,0
1771685048324000,1771685048324000,3.6000001,1.8000001,14,0
1771685048348000,1771685048348000,3.6000001,1.8000001,14,0
1771685048364000,1771685048364000,3.6000001,1.8000001,14,0
1771685048388000,1771685048388000,3.6000001,1.8000001,14,0
1771685048404000,1771685048404000,3.6000001,1.8000001,14,0
1771685048428000,1771685048428000,3.6000001,1.8000001,14,0
1771685048444000,1771685048444000,3.6000001,1.8000001,14,0
1771685048468000,1771685048468000,3.6000001,1.8000001,14,0
1771685048484000,1771685048484000,3.6000001,1.8000001,14,0
1771685048508000,1771685048508000,3.6000001,1.8000001,14,0
1771685048524000,1771685048524000,3.6000001,1.8000001,14,0
1771685048548000,1771685048548000,3.6000001,1.8000001,14,0
1771685048564000,1771685048564000,3.6000001,1.8000001,14,0
1771685048588000,1771685048588000,3.6000001,1.8000001,14,0
1771685048604000,1771685048604000,3.6000001,1.8000001,14,0
1771685048628000,1771685048628000,3.6000001,1.8000001,14,0
1771685048644000,1771685048644000,3.6000001,1.8000001,14,0
1771685048668000,1771685048668000,3.6000001,1.8000001,14,0
1771685048684000,1771685048684000,3.6000001,1.8000001,14,0
1771685048708000,1771685048708000,3.6000001,1.8000001,14,0
1771685048724000,1771685048724000,3.6000001,1.8000001,14,0
1771685048748000,1771685048748000,3.6000001,1.8000001,14,0
1771685048764000,1771685048764000,3.6000001,1.8000001,14,0
1771685048788000,1771685048788000,3.6000001,1.8000001,14,0
1771685048804000,1771685048804000,3.6000001,1.8000001,14,0
1771685048828000,1771685048828000,3.6000001,1.8000001,14,0
1771685048844000,1771685048844000,3.6000001,1.8000001,14,0
1771685048868000,1771685048868000,3.6000001,1.8000001,14,0
1771685048884000,1771685048884000,3.6000001,1.8000001,14,0
1771685048908000,1771685048908000,3.6000001,1.8000001,14,0
1771685048924000,1771685048924000,3.6000001,1.8000001,14,0
1771685048948000,1771685048948000,3.6000001,1.8000001,14,0
1771685048964000,1771685048964000,3.6000001,1.8000001,14,0
1771685048988000,1771685048988000,3.6000001,1.8000001,14,0
1771685049004000,1771685049004000,3.6000001,1.8000001,14,0
1771685049028000,1771685049028000,3.6000001,1.8000001,14,0
1771685049044000,1771685049044000,3.6000001,1.8000001,14,0
1771685049068000,1771685049068000,3.6000001,1.8000001,14,0
1771685049084000,1771685049084000,3.6000001,1.8000001,14,0
1771685049108000,1771685049108000,3.6000001,1.8000001,14,0
1771685049124000,1771685049124000,3.6000001,1.8000001,14,0
1771685049148000,1771685049148000,3.6000001,1.8000001,14,0
1771685049164000,1771685049164000,3.6000001,1.8000001,14,0
1771685049188000,1771685049188000,3.6000001,1.8000001,14,0
1771685049204000,1771685049204000,3.6000001,1.8000001,14,0
1771685049228000,1771685049228000,3.6000001,1.8000001,14,0
1771685049244000,1771685049244000,3.6000001,1.8000001,14,0
1771685049268000,1771685049268000,3.6000001,1.8000001,14,0
1771685049284000,1771685049284000,3.6000001,1.8000001,14,0
1771685049308000,1771685049308000,3.6000001,1.8000001,14,0
1771685049324000,1771685049324000,3.6000001,1.8000001,14,0
1771685049348000,1771685049348000,3.6000001,1.8000001,14,0
1771685049364000,1771685049364000,3.6000001,1.8000001,14,0
1771685049388000,1771685049388000,3.6000001,1.8000001,14,0
1771685049404000,1771685049404000,3.6000001,1.8000001,14,0
1771685049428000,1771685049428000,3.6000001,1.8000001,14,0
1771685049444000,1771685049444000,3.6000001,1.8000001,14,0
1771685049468000,1771685049468000,3.6000001,1.8000001,14,0
1771685049484000,1771685049484000,3.6000001,1.8000001,14,0
1771685049508000,1771685049508000,3.6000001,1.8000001,14,0
1771685049524000,1771685049524000,3.6000001,1.8000001,14,0
1771685049548000,1771685049548000,3.6000001,1.8000001,14,0
1771685049564000,1771685049564000,3.6000001,1.8000001,14,0
1771685049588000,1771685049588000,3.6000001,1.8000001,14,0
1771685049604000,1771685049604000,3.6000001,1.8000001,14,0
1771685049628000,1771685049628000,3.6000001,1.8000001,14,0
1771685049644000,1771685049644000,3.6000001,1.8000001,14,0
1771685049668000,1771685049668000,3.6000001,1.8000001,14,0
1771685049684000,1771685049684000,3.6000001,1.8000001,14,0
1771685049708000,1771685049708000,3.6000001,1.8000001,14,0
1771685049724000,1771685049724000,3.6000001,1.8000001,14,0
1771685049748000,1771685049748000,3.6000001,1.8000001,14,0
1771685049764000,1771685049764000,3.6000001,1.8000001,14,0
1771685049788000,1771685049788000,3.6000001,1.8000001,14,0
1771685049804000,1771685049804000,3.6000001,1.8000001,14,0
1771685049828000,1771685049828000,3.6000001,1.8000001,14,0
1771685049844000,1771685049844000,3.6000001,1.8000001,14,0
1771685049868000,1771685049868000,3.6000001,1.8000001,14,0
1771685049884000,1771685049884000,3.6000001,1.8000001,14,0
1771685049908000,1771685049908000,3.6000001,1.8000001,14,0
1771685049924000,1771685049924000,3.6000001,1.8000001,14,0
1771685049948000,1771685049948000,3.6000001,1.8000001,14,0
1771685049964000,1771685049964000,3.6000001,1.8000001,14,0
1771685049988000,1771685049988000,3.6000001,1.8000001,14,0
1771685050004000,1771685050004000,3.6000001,1.8000001,14,0
1771685050028000,1771685050028000,3.6000001,1.8000001,14,0
1771685050044000,1771685050044000,3.6000001,1.8000001,14,0
1771685050068000,1771685050068000,3.6000001,1.8000001,14,0
1771685050084000,1771685050084000,3.6000001,1.8000001,14,0
1771685050108000,1771685050108000,3.6000001,1.8000001,14,0
1771685050124000,1771685050124000,3.6000001,1.8000001,14,0
1771685050148000,1771685050148000,3.6000001,1.8000001,14,0
1771685050164000,1771685050164000,3.6000001,1.8000001,14,0
1771685050188000,1771685050188000,3.6000001,1.8000001,14,0
1771685050204000,1771685050204000,3.6000001,1.8000001,14,0
1771685050228000,1771685050228000,3.6000001,1.8000001,14,0
1771685050244000,1771685050244000,3.6000001,1.8000001,14,0
1771685050268000,1771685050268000,3.6000001,1.8000001,14,0
1771685050284000,1771685050284000,3.6000001,1.8000001,14,0
1771685050308000,1771685050308000,3.6000001,1.8000001,14,0
1771685050324000,1771685050324000,3.6000001,1.8000001,14,0
1771685050348000,1771685050348000,3.6000001,1.8000001,14,0
1771685050364000,1771685050364000,3.6000001,1.8000001,14,0
1771685050388000,1771685050388000,3.6000001,1.8000001,14,0
1771685050404000,1771685050404000,3.6000001,1.8000001,14,0
1771685050428000,1771685050428000,3.6000001,1.8000001,14,0
1771685050444000,1771685050444000,3.6000001,1.8000001,14,0
1771685050468000,1771685050468000,3.6000001,1.8000001,14,0
1771685050484000,1771685050484000,3.6000001,1.8000001,14,0
1771685050508000,1771685050508000,3.6000001,1.8000001,14,0
1771685050524000,1771685050524000,3.6000001,1.8000001,14,0
1771685050548000,1771685050548000,3.6000001,1.8000001,14,0
1771685050564000,1771685050564000,3.6000001,1.8000001,14,0
1771685050588000,1771685050588000,3.6000001,1.8000001,14,0
1771685050604000,1771685050604000,3.6000001,1.8000001,14,0
1771685050628000,1771685050628000,3.6000001,1.8000001,14,0
1771685050644000,1771685050644000,3.6000001,1.8000001,14,0
1771685050668000,1771685050668000,3.6000001,1.8000001,14,0
1771685050684000,1771685050684000,3.6000001,1.8000001,14,0
1771685050708000,1771685050708000,3.6000001,1.8000001,14,0
1771685050724000,1771685050724000,3.6000001,1.8000001,14,0
1771685050748000,1771685050748000,3.6000001,1.8000001,14,0
1771685050764000,1771685050764000,3.6000001,1.8000001,14,0
1771685050788000,1771685050788000,3.6000001,1.8000001,14,0
1771685050804000,1771685050804000,3.6000001,1.8000001,14,0
1771685050828000,1771685050828000,3.6000001,1.8000001,14,0
1771685050844000,1771685050844000,3.6000001,1.8000001,14,0
1771685050868000,1771685050868000,3.6000001,1.8000001,14,0
1771685050884000,1771685050884000,3.6000001,1.8000001,14,0
1771685050908000,1771685050908000,3.6000001,1.8000001,14,0
1771685050924000,1771685050924000,3.6000001,1.8000001,14,0
1771685050948000,1771685050948000,3.6000001,1.8000001,14,0
1771685050964000,1771685050964000,3.6000001,1.8000001,14,0
1771685050988000,1771685050988000,3.6000001,1.8000001,14,0
1771685051004000,1771685051004000,3.6000001,1.8000001,14,0
1771685051028000,1771685051028000,3.6000001,1.8000001,14,0
1771685051044000,1771685051044000,3.6000001,1.8000001,14,0
1771685051068000,1771685051068000,3.6000001,1.8000001,14,0
1771685051084000,1771685051084000,3.6000001,1.8000001,14,0
1771685051108000,1771685051108000,3.6000001,1.8000001,14,0
1771685051124000,1771685051124000,3.6000001,1.8000001,14,0
1771685051148000,1771685051148000,3.6000001,1.8000001,14,0
1771685051164000,1771685051164000,3.6000001,1.8000001,14,0
1771685051188000,1771685051188000,3.6000001,1.8000001,14,0
1771685051204000,1771685051204000,3.6000001,1.8000001,14,0
1771685051228000,1771685051228000,3.6000001,1.8000001,14,0
1771685051244000,1771685051244000,3.6000001,1.8000001,14,0
1771685051268000,1771685051268000,3.6000001,1.8000001,14,0
1771685051284000,1771685051284000,3.6000001,1.8000001,14,0
1771685051308000,1771685051308000,3.6000001,1.8000001,14,0
1771685051324000,1771685051324000,3.6000001,1.8000001,14,0
1771685051348000,1771685051348000,3.6000001,1.8000001,14,0
1771685051364000,1771685051364000,3.6000001,1.8000001,14,0
1771685051388000,1771685051388000,3.6000001,1.8000001,14,0
1771685051404000,1771685051404000,3.6000001,1.8000001,14,0
1771685051428000,1771685051428000,3.6000001,1.8000001,14,0
1771685051444000,1771685051444000,3.6000001,1.8000001,14,0
1771685051468000,1771685051468000,3.6000001,1.8000001,14,0
1771685051484000,1771685051484000,3.6000001,1.8000001,14,0
1771685051508000,1771685051508000,3.6000001,1.8000001,14,0
1771685051524000,1771685051524000,3.6000001,1.8000001,14,0
1771685051548000,1771685051548000,3.6000001,1.8000001,14,0
1771685051564000,1771685051564000,3.6000001,1.8000001,14,0
1771685051588000,1771685051588000,3.6000001,1.8000001,14,0
1771685051604000,1771685051604000,3.6000001,1.8000001,14,0
1771685051628000,1771685051628000,3.6000001,1.8000001,14,0
1771685051644000,1771685051644000,3.6000001,1.8000001,14,0
1771685051668000,1771685051668000,3.6000001,1.8000001,14,0
1771685051684000,1771685051684000,3.6000001,1.8000001,14,0
1771685051708000,1771685051708000,3.6000001,1.8000001,14,0
1771685051724000,1771685051724000,3.6000001,1.8000001,14,0
1771685051748000,1771685051748000,3.6000001,1.8000001,14,0
1771685051764000,1771685051764000,3.6000001,1.8000001,14,0
1771685051788000,1771685051788000,3.6000001,1.8000001,14,0
1771685051804000,1771685051804000,3.6000001,1.8000001,14,0
1771685051828000,1771685051828000,3.6000001,1.8000001,14,0
1771685051844000,1771685051844000,3.6000001,1.8000001,14,0
1771685051868000,1771685051868000,3.6000001,1.8000001,14,0
1771685051884000,1771685051884000,3.6000001,1.8000001,14,0
1771685051908000,1771685051908000,3.6000001,1.8000001,14,0
1771685051924000,1771685051924000,3.6000001,1.8000001,14,0
1771685051948000,1771685051948000,3.6000001,1.8000001,14,0
1771685051964000,1771685051964000,3.6000001,1.8000001,14,0
1771685051988000,1771685051988000,3.6000001,1.8000001,14,0
1771685052004000,1771685052004000,3.6000001,1.8000001,14,0
1771685052028000,1771685052028000,3.6000001,1.8000001,14,0
1771685052044000,1771685052044000,3.6000001,1.8000001,14,0
1771685052068000,1771685052068000,3.6000001,1.8000001,14,0
1771685052084000,1771685052084000,3.6000001,1.8000001,14,0
1771685052108000,1771685052108000,3.6000001,1.8000001,14,0
1771685052124000,1771685052124000,3.6000001,1.8000001,14,0
1771685052148000,1771685052148000,3.6000001,1.8000001,14,0
1771685052164000,1771685052164000,3.6000001,1.8000001,14,0
1771685052188000,1771685052188000,3.6000001,1.8000001,14,0
1771685052204000,1771685052204000,3.6000001,1.8000001,14,0
1771685052228000,1771685052228000,3.6000001,1.8000001,14,0
1771685052244000,1771685052244000,3.6000001,1.8000001,14,0
1771685052268000,1771685052268000,3.6000001,1.8000001,14,0
1771685052284000,1771685052284000,3.6000001,1.8000001,14,0
1771685052308000,1771685052308000,3.6000001,1.8000001,14,0
1771685052324000,1771685052324000,3.6000001,1.8000001,14,0
1771685052348000,1771685052348000,3.6000001,1.8000001,14,0
1771685052364000,1771685052364000,3.6000001,1.8000001,14,0
1771685052388000,1771685052388000,3.6000001,1.8000001,14,0
1771685052404000,1771685052404000,3.6000001,1.8000001,14,0
1771685052428000,1771685052428000,3.6000001,1.8000001,14,0
1771685052444000,1771685052444000,3.6000001,1.8000001,14,0
1771685052468000,1771685052468000,3.6000001,1.8000001,14,0
1771685052484000,1771685052484000,3.6000001,1.8000001,14,0
1771685052508000,1771685052508000,3.6000001,1.8000001,14,0
1771685052524000,1771685052524000,3.6000001,1.8000001,14,0
1771685052548000,1771685052548000,3.6000001,1.8000001,14,0
1771685052564000,1771685052564000,3.6000001,1.8000001,14,0
1771685052588000,1771685052588000,3.6000001,1.8000001,14,0
1771685052604000,1771685052604000,3.6000001,1.8000001,14,0
1771685052628000,1771685052628000,3.6000001,1.8000001,14,0
1771685052644000,1771685052644000,3.6000001,1.8000001,14,0
1771685052668000,1771685052668000,3.6000001,1.8000001,14,0
1771685052684000,1771685052684000,3.6000001,1.8000001,14,0
1771685052708000,1771685052708000,3.6000001,1.8000001,14,0
1771685052724000,1771685052724000,3.6000001,1.8000001,14,0
1771685052748000,1771685052748000,3.6000001,1.8000001,14,0
1771685052764000,1771685052764000,3.6000001,1.8000001,14,0
1771685052788000,1771685052788000,3.6000001,1.8000001,14,0
1771685052804000,1771685052804000,3.6000001,1.8000001,14,0
1771685052828000,1771685052828000,3.6000001,1.8000001,14,0
1771685052844000,1771685052844000,3.6000001,1.8000001,14,0
1771685052868000,1771685052868000,3.6000001,1.8000001,14,0
1771685052884000,1771685052884000,3.6000001,1.8000001,14,0
1771685052908000,1771685052908000,3.6000001,1.8000001,14,0
1771685052924000,1771685052924000,3.6000001,1.8000001,14,0
1771685052948000,1771685052948000,3.6000001,1.8000001,14,0
1771685052964000,1771685052964000,3.6000001,1.8000001,14,0
1771685052988000,1771685052988000,3.6000001,1.8000001,14,0
1771685053004000,1771685053004000,3.6000001,1.8000001,14,0
1771685053028000,1771685053028000,3.6000001,1.8000001,14,0
1771685053044000,1771685053044000,3.6000001,1.8000001,14,0
1771685053068000,1771685053068000,3.6000001,1.8000001,14,0
1771685053084000,1771685053084000,3.6000001,1.8000001,14,0
1771685053108000,1771685053108000,3.6000001,1.8000001,14,0
1771685053124000,1771685053124000,3.6000001,1.8000001,14,0
1771685053148000,1771685053148000,3.6000001,1.8000001,14,0
1771685053164000,1771685053164000,3.6000001,1.8000001,14,0
1771685053188000,1771685053188000,3.6000001,1.8000001,14,0
1771685053204000,1771685053204000,3.6000001,1.8000001,14,0
1771685053228000,1771685053228000,3.6000001,1.8000001,14,0
1771685053244000,1771685053244000,3.6000001,1.8000001,14,0
1771685053268000,1771685053268000,3.6000001,1.8000001,14,0
1771685053284000,1771685053284000,3.6000001,1.8000001,14,0
1771685053308000,1771685053308000,3.6000001,1.8000001,14,0
1771685053324000,1771685053324000,3.6000001,1.8000001,14,0
1771685053348000,1771685053348000,3.6000001,1.8000001,14,0
1771685053364000,1771685053364000,3.6000001,1.8000001,14,0
1771685053388000,1771685053388000,3.6000001,1.8000001,14,0
1771685053404000,1771685053404000,3.6000001,1.8000001,14,0
1771685053428000,1771685053428000,3.6000001,1.8000001,14,0
1771685053444000,1771685053444000,3.6000001,1.8000001,14,0
1771685053468000,1771685053468000,3.6000001,1.8000001,14,0
1771685053484000,1771685053484000,3.6000001,1.8000001,14,0
1771685053508000,1771685053508000,3.6000001,1.8000001,14,0
1771685053524000,1771685053524000,3.6000001,1.8000001,14,0
1771685053548000,1771685053548000,3.6000001,1.8000001,14,0
1771685053564000,1771685053564000,3.6000001,1.8000001,14,0
1771685053588000,1771685053588000,3.6000001,1.8000001,14,0
1771685053604000,1771685053604000,3.6000001,1.8000001,14,0
1771685053628000,1771685053628000,3.6000001,1.8000001,14,0
1771685053644000,1771685053644000,3.6000001,1.8000001,14,0
1771685053668000,1771685053668000,3.6000001,1.8000001,14,0
1771685053684000,1771685053684000,3.6000001,1.8000001,14,0
1771685053708000,1771685053708000,3.6000001,1.8000001,14,0
1771685053724000,1771685053724000,3.6000001,1.8000001,14,0
1771685053748000,1771685053748000,3.6000001,1.8000001,14,0
1771685053764000,1771685053764000,3.6000001,1.8000001,14,0
1771685053788000,1771685053788000,3.6000001,1.8000001,14,0
1771685053804000,1771685053804000,3.6000001,1.8000001,14,0
1771685053828000,1771685053828000,3.6000001,1.8000001,14,0
1771685053844000,1771685053844000,3.6000001,1.8000001,14,0
1771685053868000,1771685053868000,3.6000001,1.8000001,14,0
1771685053884000,1771685053884000,3.6000001,1.8000001,14,0
1771685053908000,1771685053908000,3.6000001,1.8000001,14,0
1771685053924000,1771685053924000,3.6000001,1.8000001,14,0
1771685053948000,1771685053948000,3.6000001,1.8000001,14,0
1771685053964000,1771685053964000,3.6000001,1.8000001,14,0
1771685053988000,1771685053988000,3.6000001,1.8000001,14,0
1771685054004000,1771685054004000,3.6000001,1.8000001,14,0
1771685054028000,1771685054028000,3.6000001,1.8000001,14,0
1771685054044000,1771685054044000,3.6000001,1.8000001,14,0
1771685054068000,1771685054068000,3.6000001,1.8000001,14,0
1771685054084000,1771685054084000,3.6000001,1.8000001,14,0
1771685054108000,1771685054108000,3.6000001,1.8000001,14,0
1771685054124000,1771685054124000,3.6000001,1.8000001,14,0
1771685054148000,1771685054148000,3.6000001,1.8000001,14,0
1771685054164000,1771685054164000,3.6000001,1.8000001,14,0
1771685054188000,1771685054188000,3.6000001,1.8000001,14,0
1771685054204000,1771685054204000,3.6000001,1.8000001,14,0
1771685054228000,1771685054228000,3.6000001,1.8000001,14,0
1771685054244000,1771685054244000,3.6000001,1.8000001,14,0
1771685054268000,1771685054268000,3.6000001,1.8000001,14,0
1771685054284000,1771685054284000,3.6000001,1.8000001,14,0
1771685054308000,1771685054308000,3.6000001,1.8000001,14,0
1771685054324000,1771685054324000,3.6000001,1.8000001,14,0
1771685054348000,1771685054348000,3.6000001,1.8000001,14,0
1771685054364000,1771685054364000,3.6000001,1.8000001,14,0
1771685054388000,1771685054388000,3.6000001,1.8000001,14,0
1771685054404000,1771685054404000,3.6000001,1.8000001,14,0
1771685054428000,1771685054428000,3.6000001,1.8000001,14,0
1771685054444000,1771685054444000,3.6000001,1.8000001,14,0
1771685054468000,1771685054468000,3.6000001,1.8000001,14,0
1771685054484000,1771685054484000,3.6000001,1.8000001,14,0
1771685054508000,1771685054508000,3.6000001,1.8000001,14,0
1771685054524000,1771685054524000,3.6000001,1.8000001,14,0
1771685054548000,1771685054548000,3.6000001,1.8000001,14,0
1771685054564000,1771685054564000,3.6000001,1.8000001,14,0
1771685054588000,1771685054588000,3.6000001,1.8000001,14,0
1771685054604000,1771685054604000,3.6000001,1.8000001,14,0
1771685054628000,1771685054628000,3.6000001,1.8000001,14,0
1771685054644000,1771685054644000,3.6000001,1.8000001,14,0
1771685054668000,1771685054668000,3.6000001,1.8000001,14,0
1771685054684000,1771685054684000,3.6000001,1.8000001,14,0
1771685054708000,1771685054708000,3.6000001,1.8000001,14,0
1771685054724000,1771685054724000,3.6000001,1.8000001,14,0
1771685054748000,1771685054748000,3.6000001,1.8000001,14,0
1771685054764000,1771685054764000,3.6000001,1.8000001,14,0
1771685054788000,1771685054788000,3.6000001,1.8000001,14,0
1771685054804000,1771685054804000,3.6000001,1.8000001,14,0
1771685054828000,1771685054828000,3.6000001,1.8000001,14,0
1771685054844000,1771685054844000,3.6000001,1.8000001,14,0
1771685054868000,1771685054868000,3.6000001,1.8000001,14,0
1771685054884000,1771685054884000,3.6000001,1.8000001,14,0
1771685054908000,1771685054908000,3.6000001,1.8000001,14,0
1771685054924000,1771685054924000,3.6000001,1.8000001,14,0
1771685054948000,1771685054948000,3.6000001,1.8000001,14,0
1771685054964000,1771685054964000,3.6000001,1.8000001,14,0
1771685054988000,1771685054988000,3.6000001,1.8000001,14,0
1771685055004000,1771685055004000,3.6000001,1.8000001,14,0
1771685055028000,1771685055028000,3.6000001,1.8000001,14,0
1771685055044000,1771685055044000,3.6000001,1.8000001,14,0
1771685055068000,1771685055068000,3.6000001,1.8000001,14,0
1771685055084000,1771685055084000,3.6000001,1.8000001,14,0
1771685055108000,1771685055108000,3.6000001,1.8000001,14,0
1771685055124000,1771685055124000,3.6000001,1.8000001,14,0
1771685055148000,1771685055148000,3.6000001,1.8000001,14,0
1771685055164000,1771685055164000,3.6000001,1.8000001,14,0
1771685055188000,1771685055188000,3.6000001,1.8000001,14,0
1771685055204000,1771685055204000,3.6000001,1.8000001,14,0
1771685055228000,1771685055228000,3.6000001,1.8000001,14,0
1771685055244000,1771685055244000,3.6000001,1.8000001,14,0
1771685055268000,1771685055268000,3.6000001,1.8000001,14,0
1771685055284000,1771685055284000,3.6000001,1.8000001,14,0
1771685055308000,1771685055308000,3.6000001,1.8000001,14,0
1771685055324000,1771685055324000,3.6000001,1.8000001,14,0
1771685055348000,1771685055348000,3.6000001,1.8000001,14,0
1771685055364000,1771685055364000,3.6000001,1.8000001,14,0
1771685055388000,1771685055388000,3.6000001,1.8000001,14,0
1771685055404000,1771685055404000,3.6000001,1.8000001,14,0
1771685055428000,1771685055428000,3.6000001,1.8000001,14,0
1771685055444000,1771685055444000,3.6000001,1.8000001,14,0
1771685055468000,1771685055468000,3.6000001,1.8000001,14,0
1771685055484000,1771685055484000,3.6000001,1.8000001,14,0
1771685055508000,1771685055508000,3.6000001,1.8000001,14,0
1771685055524000,1771685055524000,3.6000001,1.8000001,14,0
1771685055548000,1771685055548000,3.6000001,1.8000001,14,0
1771685055564000,1771685055564000,3.6000001,1.8000001,14,0
1771685055588000,1771685055588000,3.6000001,1.8000001,14,0
1771685055604000,1771685055604000,3.6000001,1.8000001,14,0
1771685055628000,1771685055628000,3.6000001,1.8000001,14,0
1771685055644000,1771685055644000,3.6000001,1.8000001,14,0
1771685055668000,1771685055668000,3.6000001,1.8000001,14,0
1771685055684000,1771685055684000,3.6000001,1.8000001,14,0
1771685055708000,1771685055708000,3.6000001,1.8000001,14,0
1771685055724000,1771685055724000,3.6000001,1.8000001,14,0
1771685055748000,1771685055748000,3.6000001,1.8000001,14,0
1771685055764000,1771685055764000,3.6000001,1.8000001,14,0
1771685055788000,1771685055788000,3.6000001,1.8000001,14,0
1771685055804000,1771685055804000,3.6000001,1.8000001,14,0
1771685055828000,1771685055828000,3.6000001,1.8000001,14,0
1771685055844000,1771685055844000,3.6000001,1.8000001,14,0
1771685055868000,1771685055868000,3.6000001,1.8000001,14,0
1771685055884000,1771685055884000,3.6000001,1.8000001,14,0
1771685055908000,1771685055908000,3.6000001,1.8000001,14,0
1771685055924000,1771685055924000,3.6000001,1.8000001,14,0
1771685055948000,1771685055948000,3.6000001,1.8000001,14,0
1771685055964000,1771685055964000,3.6000001,1.8000001,14,0
1771685055988000,1771685055988000,3.6000001,1.8000001,14,0
1771685056004000,1771685056004000,3.6000001,1.8000001,14,0
1771685056028000,1771685056028000,3.6000001,1.8000001,14,0
1771685056044000,1771685056044000,3.6000001,1.8000001,14,0
1771685056068000,1771685056068000,3.6000001,1.8000001,14,0
1771685056084000,1771685056084000,3.6000001,1.8000001,14,0
1771685056108000,1771685056108000,3.6000001,1.8000001,14,0
1771685056124000,1771685056124000,3.6000001,1.8000001,14,0
1771685056148000,1771685056148000,3.6000001,1.8000001,14,0
1771685056164000,1771685056164000,3.6000001,1.8000001,14,0
1771685056188000,1771685056188000,3.6000001,1.8000001,14,0
1771685056204000,1771685056204000,3.6000001,1.8000001,14,0
1771685056228000,1771685056228000,3.6000001,1.8000001,14,0
1771685056244000,1771685056244000,3.6000001,1.8000001,14,0
1771685056268000,1771685056268000,3.6000001,1.8000001,14,0
1771685056284000,1771685056284000,3.6000001,1.8000001,14,0
1771685056308000,1771685056308000,3.6000001,1.8000001,14,0
1771685056324000,1771685056324000,3.6000001,1.8000001,14,0
1771685056348000,1771685056348000,3.6000001,1.8000001,14,0
1771685056364000,1771685056364000,3.6000001,1.8000001,14,0
1771685056388000,1771685056388000,3.6000001,1.8000001,14,0
1771685056404000,1771685056404000,3.6000001,1.8000001,14,0
1771685056428000,1771685056428000,3.6000001,1.8000001,14,0
1771685056444000,1771685056444000,3.6000001,1.8000001,14,0
1771685056468000,1771685056468000,3.6000001,1.8000001,14,0
1771685056484000,1771685056484000,3.6000001,1.8000001,14,0
1771685056508000,1771685056508000,3.6000001,1.8000001,14,0
1771685056524000,1771685056524000,3.6000001,1.8000001,14,0
1771685056548000,1771685056548000,3.6000001,1.8000001,14,0
1771685056564000,1771685056564000,3.6000001,1.8000001,14,0
1771685056588000,1771685056588000,3.6000001,1.8000001,14,0
1771685056604000,1771685056604000,3.6000001,1.8000001,14,0
1771685056628000,1771685056628000,3.6000001,1.8000001,14,0
1771685056644000,1771685056644000,3.6000001,1.8000001,14,0
1771685056668000,1771685056668000,3.6000001,1.8000001,14,0
1771685056684000,1771685056684000,3.6000001,1.8000001,14,0
1771685056708000,1771685056708000,3.6000001,1.8000001,14,0
1771685056724000,1771685056724000,3.6000001,1.8000001,14,0
1771685056748000,1771685056748000,3.6000001,1.8000001,14,0
1771685056764000,1771685056764000,3.6000001,1.8000001,14,0
1771685056788000,1771685056788000,3.6000001,1.8000001,14,0
1771685056804000,1771685056804000,3.6000001,1.8000001,14,0
1771685056828000,1771685056828000,3.6000001,1.8000001,14,0
1771685056844000,1771685056844000,3.6000001,1.8000001,14,0
1771685056868000,1771685056868000,3.6000001,1.8000001,14,0
1771685056884000,1771685056884000,3.6000001,1.8000001,14,0
1771685056908000,1771685056908000,3.6000001,1.8000001,14,0
1771685056924000,1771685056924000,3.6000001,1.8000001,14,0
1771685056948000,1771685056948000,3.6000001,1.8000001,14,0
1771685056964000,1771685056964000,3.6000001,1.8000001,14,0
1771685056988000,1771685056988000,3.6000001,1.8000001,14,0
1771685057004000,1771685057004000,3.6000001,1.8000001,14,0
1771685057028000,1771685057028000,3.6000001,1.8000001,14,0
1771685057044000,1771685057044000,3.6000001,1.8000001,14,0
1771685057068000,1771685057068000,3.6000001,1.8000001,14,0
1771685057084000,1771685057084000,3.6000001,1.8000001,14,0
1771685057108000,1771685057108000,3.6000001,1.8000001,14,0
1771685057124000,1771685057124000,3.6000001,1.8000001,14,0
1771685057148000,1771685057148000,3.6000001,1.8000001,14,0
1771685057164000,1771685057164000,3.6000001,1.8000001,14,0
1771685057188000,1771685057188000,3.6000001,1.8000001,14,0
1771685057204000,1771685057204000,3.6000001,1.8000001,14,0
1771685057228000,1771685057228000,3.6000001,1.8000001,14,0
1771685057244000,1771685057244000,3.6000001,1.8000001,14,0
1771685057268000,1771685057268000,3.6000001,1.8000001,14,0
1771685057284000,1771685057284000,3.6000001,1.8000001,14,0
1771685057308000,1771685057308000,3.6000001,1.8000001,14,0
1771685057324000,1771685057324000,3.6000001,1.8000001,14,0
1771685057348000,1771685057348000,3.6000001,1.8000001,14,0
1771685057364000,1771685057364000,3.6000001,1.8000001,14,0
1771685057388000,1771685057388000,3.6000001,1.8000001,14,0
1771685057404000,1771685057404000,3.6000001,1.8000001,14,0
1771685057428000,1771685057428000,3.6000001,1.8000001,14,0
1771685057444000,1771685057444000,3.6000001,1.8000001,14,0
1771685057468000,1771685057468000,3.6000001,1.8000001,14,0
1771685057484000,1771685057484000,3.6000001,1.8000001,14,0
1771685057508000,1771685057508000,3.6000001,1.8000001,14,0
1771685057524000,1771685057524000,3.6000001,1.8000001,14,0
1771685057548000,1771685057548000,3.6000001,1.8000001,14,0
1771685057564000,1771685057564000,3.6000001,1.8000001,14,0
1771685057588000,1771685057588000,3.6000001,1.8000001,14,0
1771685057604000,1771685057604000,3.6000001,1.8000001,14,0
1771685057628000,1771685057628000,3.6000001,1.8000001,14,0
1771685057644000,1771685057644000,3.6000001,1.8000001,14,0
1771685057668000,1771685057668000,3.6000001,1.8000001,14,0
1771685057684000,1771685057684000,3.6000001,1.8000001,14,0
1771685057708000,1771685057708000,3.6000001,1.8000001,14,0
1771685057724000,1771685057724000,3.6000001,1.8000001,14,0
1771685057748000,1771685057748000,3.6000001,1.8000001,14,0
1771685057764000,1771685057764000,3.6000001,1.8000001,14,0
1771685057788000,1771685057788000,3.6000001,1.8000001,14,0
1771685057804000,1771685057804000,3.6000001,1.8000001,14,0
1771685057828000,1771685057828000,3.6000001,1.8000001,14,0
1771685057844000,1771685057844000,3.6000001,1.8000001,14,0
1771685057868000,1771685057868000,3.6000001,1.8000001,14,0
1771685057884000,1771685057884000,3.6000001,1.8000001,14,0
1771685057908000,1771685057908000,3.6000001,1.8000001,14,0
1771685057924000,1771685057924000,3.6000001,1.8000001,14,0
1771685057948000,1771685057948000,3.6000001,1.8000001,14,0
1771685057964000,1771685057964000,3.6000001,1.8000001,14,0
1771685057988000,1771685057988000,3.6000001,1.8000001,14,0
1771685058004000,1771685058004000,3.6000001,1.8000001,14,0
1771685058028000,1771685058028000,3.6000001,1.8000001,14,0
1771685058044000,1771685058044000,3.6000001,1.8000001,14,0
1771685058068000,1771685058068000,3.6000001,1.8000001,14,0
1771685058084000,1771685058084000,3.6000001,1.8000001,14,0
1771685058108000,1771685058108000,3.6000001,1.8000001,14,0
1771685058124000,1771685058124000,3.6000001,1.8000001,14,0
1771685058148000,1771685058148000,3.6000001,1.8000001,14,0
1771685058164000,1771685058164000,3.6000001,1.8000001,14,0
1771685058188000,1771685058188000,3.6000001,1.8000001,14,0
1771685058204000,1771685058204000,3.6000001,1.8000001,14,0
1771685058228000,1771685058228000,3.6000001,1.8000001,14,0
1771685058244000,1771685058244000,3.6000001,1.8000001,14,0
1771685058268000,1771685058268000,3.6000001,1.8000001,14,0
1771685058284000,1771685058284000,3.6000001,1.8000001,14,0
1771685058308000,1771685058308000,3.6000001,1.8000001,14,0
1771685058324000,1771685058324000,3.6000001,1.8000001,14,0
1771685058348000,1771685058348000,3.6000001,1.8000001,14,0
1771685058364000,1771685058364000,3.6000001,1.8000001,14,0
1771685058388000,1771685058388000,3.6000001,1.8000001,14,0
1771685058404000,1771685058404000,3.6000001,1.8000001,14,0
1771685058428000,1771685058428000,3.6000001,1.8000001,14,0
1771685058444000,1771685058444000,3.6000001,1.8000001,14,0
1771685058468000,1771685058468000,3.6000001,1.8000001,14,0
1771685058484000,1771685058484000,3.6000001,1.8000001,14,0
1771685058508000,1771685058508000,3.6000001,1.8000001,14,0
1771685058524000,1771685058524000,3.6000001,1.8000001,14,0
1771685058548000,1771685058548000,3.6000001,1.8000001,14,0
1771685058564000,1771685058564000,3.6000001,1.8000001,14,0
1771685058588000,1771685058588000,3.6000001,1.8000001,14,0
1771685058604000,1771685058604000,3.6000001,1.8000001,14,0
1771685058628000,1771685058628000,3.6000001,1.8000001,14,0
1771685058644000,1771685058644000,3.6000001,1.8000001,14,0
1771685058668000,1771685058668000,3.6000001,1.8000001,14,0
1771685058684000,1771685058684000,3.6000001,1.8000001,14,0
1771685058708000,1771685058708000,3.6000001,1.8000001,14,0
1771685058724000,1771685058724000,3.6000001,1.8000001,14,0
1771685058748000,1771685058748000,3.6000001,1.8000001,14,0
1771685058764000,1771685058764000,3.6000001,1.8000001,14,0
1771685058788000,1771685058788000,3.6000001,1.8000001,14,0
1771685058804000,1771685058804000,3.6000001,1.8000001,14,0
1771685058828000,1771685058828000,3.6000001,1.8000001,14,0
1771685058844000,1771685058844000,3.6000001,1.8000001,14,0
1771685058868000,1771685058868000,3.6000001,1.8000001,14,0
1771685058884000,1771685058884000,3.6000001,1.8000001,14,0
1771685058908000,1771685058908000,3.6000001,1.8000001,14,0
1771685058924000,1771685058924000,3.6000001,1.8000001,14,0
1771685058948000,1771685058948000,3.6000001,1.8000001,14,0
1771685058964000,1771685058964000,3.6000001,1.8000001,14,0
1771685058988000,1771685058988000,3.6000001,1.8000001,14,0
1771685059004000,1771685059004000,3.6000001,1.8000001,14,0
1771685059028000,1771685059028000,3.6000001,1.8000001,14,0
1771685059044000,1771685059044000,3.6000001,1.8000001,14,0
1771685059068000,1771685059068000,3.6000001,1.8000001,14,0
1771685059084000,1771685059084000,3.6000001,1.8000001,14,0
1771685059108000,1771685059108000,3.6000001,1.8000001,14,0
1771685059124000,1771685059124000,3.6000001,1.8000001,14,0
1771685059148000,1771685059148000,3.6000001,1.8000001,14,0
1771685059164000,1771685059164000,3.6000001,1.8000001,14,0
1771685059188000,1771685059188000,3.6000001,1.8000001,14,0
1771685059204000,1771685059204000,3.6000001,1.8000001,14,0
1771685059228000,1771685059228000,3.6000001,1.8000001,14,0
1771685059244000,1771685059244000,3.6000001,1.8000001,14,0
1771685059268000,1771685059268000,3.6000001,1.8000001,14,0
1771685059284000,1771685059284000,3.6000001,1.8000001,14,0
1771685059308000,1771685059308000,3.6000001,1.8000001,14,0
1771685059324000,1771685059324000,3.6000001,1.8000001,14,0
1771685059348000,1771685059348000,3.6000001,1.8000001,14,0
1771685059364000,1771685059364000,3.6000001,1.8000001,14,0
1771685059388000,1771685059388000,3.6000001,1.8000001,14,0
1771685059404000,1771685059404000,3.6000001,1.8000001,14,0
1771685059428000,1771685059428000,3.6000001,1.8000001,14,0
1771685059444000,1771685059444000,3.6000001,1.8000001,14,0
1771685059468000,1771685059468000,3.6000001,1.8000001,14,0
1771685059484000,1771685059484000,3.6000001,1.8000001,14,0
1771685059508000,1771685059508000,3.6000001,1.8000001,14,0
1771685059524000,1771685059524000,3.6000001,1.8000001,14,0
1771685059548000,1771685059548000,3.6000001,1.8000001,14,0
1771685059564000,1771685059564000,3.6000001,1.8000001,14,0
1771685059588000,1771685059588000,3.6000001,1.8000001,14,0
1771685059604000,1771685059604000,3.6000001,1.8000001,14,0
1771685059628000,1771685059628000,3.6000001,1.8000001,14,0
1771685059644000,1771685059644000,3.6000001,1.8000001,14,0
1771685059668000,1771685059668000,3.6000001,1.8000001,14,0
1771685059684000,1771685059684000,3.6000001,1.8000001,14,0
1771685059708000,1771685059708000,3.6000001,1.8000001,14,0
1771685059724000,1771685059724000,3.6000001,1.8000001,14,0
1771685059748000,1771685059748000,3.6000001,1.8000001,14,0
1771685059764000,1771685059764000,3.6000001,1.8000001,14,0
1771685059788000,1771685059788000,3.6000001,1.8000001,14,0
1771685059804000,1771685059804000,3.6000001,1.8000001,14,0
1771685059828000,1771685059828000,3.6000001,1.8000001,14,0
1771685059844000,1771685059844000,3.6000001,1.8000001,14,0
1771685059868000,1771685059868000,3.6000001,1.8000001,14,0
1771685059884000,1771685059884000,3.6000001,1.8000001,14,0
1771685059908000,1771685059908000,3.6000001,1.8000001,14,0
1771685059924000,1771685059924000,3.6000001,1.8000001,14,0
1771685059948000,1771685059948000,3.6000001,1.8000001,14,0
1771685059964000,1771685059964000,3.6000001,1.8000001,14,0
1771685059988000,1771685059988000,3.6000001,1.8000001,14,0
1771685060004000,1771685060004000,3.6000001,1.8000001,14,0
1771685060028000,1771685060028000,3.6000001,1.8000001,14,0
1771685060044000,1771685060044000,3.6000001,1.8000001,14,0
1771685060068000,1771685060068000,3.6000001,1.8000001,14,0
1771685060084000,1771685060084000,3.6000001,1.8000001,14,0
1771685060108000,1771685060108000,3.6000001,1.8000001,14,0
1771685060124000,1771685060124000,3.6000001,1.8000001,14,0
1771685060148000,1771685060148000,3.6000001,1.8000001,14,0
1771685060164000,1771685060164000,3.6000001,1.8000001,14,0
1771685060188000,1771685060188000,3.6000001,1.8000001,14,0
1771685060204000,1771685060204000,3.6000001,1.8000001,14,0
1771685060228000,1771685060228000,3.6000001,1.8000001,14,0
1771685060244000,1771685060244000,3.6000001,1.8000001,14,0
1771685060268000,1771685060268000,3.6000001,1.8000001,14,0
1771685060284000,1771685060284000,3.6000001,1.8000001,14,0
1771685060308000,1771685060308000,3.6000001,1.8000001,14,0
1771685060324000,1771685060324000,3.6000001,1.8000001,14,0
1771685060348000,1771685060348000,3.6000001,1.8000001,14,0
1771685060364000,1771685060364000,3.6000001,1.8000001,14,0
1771685060388000,1771685060388000,3.6000001,1.8000001,14,0
1771685060404000,1771685060404000,3.6000001,1.8000001,14,0
1771685060428000,1771685060428000,3.6000001,1.8000001,14,0
1771685060444000,1771685060444000,3.6000001,1.8000001,14,0
1771685060468000,1771685060468000,3.6000001,1.8000001,14,0
1771685060484000,1771685060484000,3.6000001,1.8000001,14,0
1771685060508000,1771685060508000,3.6000001,1.8000001,14,0
1771685060524000,1771685060524000,3.6000001,1.8000001,14,0
1771685060548000,1771685060548000,3.6000001,1.8000001,14,0
1771685060564000,1771685060564000,3.6000001,1.8000001,14,0
1771685060588000,1771685060588000,3.6000001,1.8000001,14,0
1771685060604000,1771685060604000,3.6000001,1.8000001,14,0
1771685060628000,1771685060628000,3.6000001,1.8000001,14,0
1771685060644000,1771685060644000,3.6000001,1.8000001,14,0
1771685060668000,1771685060668000,3.6000001,1.8000001,14,0
1771685060684000,1771685060684000,3.6000001,1.8000001,14,0
1771685060708000,1771685060708000,3.6000001,1.8000001,14,0
1771685060724000,1771685060724000,3.6000001,1.8000001,14,0
1771685060748000,1771685060748000,3.6000001,1.8000001,14,0
1771685060764000,1771685060764000,3.6000001,1.8000001,14,0
1771685060788000,1771685060788000,3.6000001,1.8000001,14,0
1771685060804000,1771685060804000,3.6000001,1.8000001,14,0
1771685060828000,1771685060828000,3.6000001,1.8000001,14,0
1771685060844000,1771685060844000,3.6000001,1.8000001,14,0
1771685060868000,1771685060868000,3.6000001,1.8000001,14,0
1771685060884000,1771685060884000,3.6000001,1.8000001,14,0
1771685060908000,1771685060908000,3.6000001,1.8000001,14,0
1771685060924000,1771685060924000,3.6000001,1.8000001,14,0
1771685060948000,1771685060948000,3.6000001,1.8000001,14,0
1771685060964000,1771685060964000,3.6000001,1.8000001,14,0
1771685060988000,1771685060988000,3.6000001,1.8000001,14,0
1771685061004000,1771685061004000,3.6000001,1.8000001,14,0
1771685061028000,1771685061028000,3.6000001,1.8000001,14,0
1771685061044000,1771685061044000,3.6000001,1.8000001,14,0
1771685061068000,1771685061068000,3.6000001,1.8000001,14,0
1771685061084000,1771685061084000,3.6000001,1.8000001,14,0
1771685061108000,1771685061108000,3.6000001,1.8000001,14,0
1771685061124000,1771685061124000,3.6000001,1.8000001,14,0
1771685061148000,1771685061148000,3.6000001,1.8000001,14,0
1771685061164000,1771685061164000,3.6000001,1.8000001,14,0
1771685061188000,1771685061188000,3.6000001,1.8000001,14,0
1771685061204000,1771685061204000,3.6000001,1.8000001,14,0
1771685061228000,1771685061228000,3.6000001,1.8000001,14,0
1771685061244000,1771685061244000,3.6000001,1.8000001,14,0
1771685061268000,1771685061268000,3.6000001,1.8000001,14,0
1771685061284000,1771685061284000,3.6000001,1.8000001,14,0
1771685061308000,1771685061308000,3.6000001,1.8000001,14,0
1771685061324000,1771685061324000,3.6000001,1.8000001,14,0
1771685061348000,1771685061348000,3.6000001,1.8000001,14,0
1771685061364000,1771685061364000,3.6000001,1.8000001,14,0
1771685061388000,1771685061388000,3.6000001,1.8000001,14,0
1771685061404000,1771685061404000,3.6000001,1.8000001,14,0
1771685061428000,1771685061428000,3.6000001,1.8000001,14,0
1771685061444000,1771685061444000,3.6000001,1.8000001,14,0
1771685061468000,1771685061468000,3.6000001,1.8000001,14,0
1771685061484000,1771685061484000,3.6000001,1.8000001,14,0
1771685061508000,1771685061508000,3.6000001,1.8000001,14,0
1771685061524000,1771685061524000,3.6000001,1.8000001,14,0
1771685061548000,1771685061548000,3.6000001,1.8000001,14,0
1771685061564000,1771685061564000,3.6000001,1.8000001,14,0
1771685061588000,1771685061588000,3.6000001,1.8000001,14,0
1771685061604000,1771685061604000,3.6000001,1.8000001,14,0
1771685061628000,1771685061628000,3.6000001,1.8000001,14,0
1771685061644000,1771685061644000,3.6000001,1.8000001,14,0
1771685061668000,1771685061668000,3.6000001,1.8000001,14,0
1771685061684000,1771685061684000,3.6000001,1.8000001,14,0
1771685061708000,1771685061708000,3.6000001,1.8000001,14,0
1771685061724000,1771685061724000,3.6000001,1.8000001,14,0
1771685061748000,1771685061748000,3.6000001,1.8000001,14,0
1771685061764000,1771685061764000,3.6000001,1.8000001,14,0
1771685061788000,1771685061788000,3.6000001,1.8000001,14,0
1771685061804000,1771685061804000,3.6000001,1.8000001,14,0
1771685061828000,1771685061828000,3.6000001,1.8000001,14,0
1771685061844000,1771685061844000,3.6000001,1.8000001,14,0
1771685061868000,1771685061868000,3.6000001,1.8000001,14,0
1771685061884000,1771685061884000,3.6000001,1.8000001,14,0
1771685061908000,1771685061908000,3.6000001,1.8000001,14,0
1771685061924000,1771685061924000,3.6000001,1.8000001,14,0
1771685061948000,1771685061948000,3.6000001,1.8000001,14,0
1771685061964000,1771685061964000,3.6000001,1.8000001,14,0
1771685061988000,1771685061988000,3.6000001,1.8000001,14,0
1771685062004000,1771685062004000,3.6000001,1.8000001,14,0
1771685062028000,1771685062028000,3.6000001,1.8000001,14,0
1771685062044000,1771685062044000,3.6000001,1.8000001,14,0
1771685062068000,1771685062068000,3.6000001,1.8000001,14,0
1771685062084000,1771685062084000,3.6000001,1.8000001,14,0
1771685062108000,1771685062108000,3.6000001,1.8000001,14,0
1771685062124000,1771685062124000,3.6000001,1.8000001,14,0
1771685062148000,1771685062148000,3.6000001,1.8000001,14,0
1771685062164000,1771685062164000,3.6000001,1.8000001,14,0
1771685062188000,1771685062188000,3.6000001,1.8000001,14,0
1771685062204000,1771685062204000,3.6000001,1.8000001,14,0
1771685062228000,1771685062228000,3.6000001,1.8000001,14,0
1771685062244000,1771685062244000,3.6000001,1.8000001,14,0
1771685062268000,1771685062268000,3.6000001,1.8000001,14,0
1771685062284000,1771685062284000,3.6000001,1.8000001,14,0
1771685062308000,1771685062308000,3.6000001,1.8000001,14,0
1771685062324000,1771685062324000,3.6000001,1.8000001,14,0
1771685062348000,1771685062348000,3.6000001,1.8000001,14,0
1771685062364000,1771685062364000,3.6000001,1.8000001,14,0
1771685062388000,1771685062388000,3.6000001,1.8000001,14,0
1771685062404000,1771685062404000,3.6000001,1.8000001,14,0
1771685062428000,1771685062428000,3.6000001,1.8000001,14,0
1771685062444000,1771685062444000,3.6000001,1.8000001,14,0
1771685062468000,1771685062468000,3.6000001,1.8000001,14,0
1771685062484000,1771685062484000,3.6000001,1.8000001,14,0
1771685062508000,1771685062508000,3.6000001,1.8000001,14,0
1771685062524000,1771685062524000,3.6000001,1.8000001,14,0
1771685062548000,1771685062548000,3.6000001,1.8000001,14,0
1771685062564000,1771685062564000,3.6000001,1.8000001,14,0
1771685062588000,1771685062588000,3.6000001,1.8000001,14,0
1771685062604000,1771685062604000,3.6000001,1.8000001,14,0
1771685062628000,1771685062628000,3.6000001,1.8000001,14,0
1771685062644000,1771685062644000,3.6000001,1.8000001,14,0
1771685062668000,1771685062668000,3.6000001,1.8000001,14,0
1771685062684000,1771685062684000,3.6000001,1.8000001,14,0
1771685062708000,1771685062708000,3.6000001,1.8000001,14,0
1771685062724000,1771685062724000,3.6000001,1.8000001,14,0
1771685062748000,1771685062748000,3.6000001,1.8000001,14,0
1771685062764000,1771685062764000,3.6000001,1.8000001,14,0
1771685062788000,1771685062788000,3.6000001,1.8000001,14,0
1771685062804000,1771685062804000,3.6000001,1.8000001,14,0
1771685062828000,1771685062828000,3.6000001,1.8000001,14,0
1771685062844000,1771685062844000,3.6000001,1.8000001,14,0
1771685062868000,1771685062868000,3.6000001,1.8000001,14,0
1771685062884000,1771685062884000,3.6000001,1.8000001,14,0
1771685062908000,1771685062908000,3.6000001,1.8000001,14,0
1771685062924000,1771685062924000,3.6000001,1.8000001,14,0
1771685062948000,1771685062948000,3.6000001,1.8000001,14,0
1771685062964000,1771685062964000,3.6000001,1.8000001,14,0
1771685062988000,1771685062988000,3.6000001,1.8000001,14,0
1771685063004000,1771685063004000,3.6000001,1.8000001,14,0
1771685063028000,1771685063028000,3.6000001,1.8000001,14,0
1771685063044000,1771685063044000,3.6000001,1.8000001,14,0
1771685063068000,1771685063068000,3.6000001,1.8000001,14,0
1771685063084000,1771685063084000,3.6000001,1.8000001,14,0
1771685063108000,1771685063108000,3.6000001,1.8000001,14,0
1771685063124000,1771685063124000,3.6000001,1.8000001,14,0
1771685063148000,1771685063148000,3.6000001,1.8000001,14,0
1771685063164000,1771685063164000,3.6000001,1.8000001,14,0
1771685063188000,1771685063188000,3.6000001,1.8000001,14,0
1771685063204000,1771685063204000,3.6000001,1.8000001,14,0
1771685063228000,1771685063228000,3.6000001,1.8000001,14,0
1771685063244000,1771685063244000,3.6000001,1.8000001,14,0
1771685063268000,1771685063268000,3.6000001,1.8000001,14,0
1771685063284000,1771685063284000,3.6000001,1.8000001,14,0
1771685063308000,1771685063308000,3.6000001,1.8000001,14,0
1771685063324000,1771685063324000,3.6000001,1.8000001,14,0
1771685063348000,1771685063348000,3.6000001,1.8000001,14,0
1771685063364000,1771685063364000,3.6000001,1.8000001,14,0
1771685063388000,1771685063388000,3.6000001,1.8000001,14,0
1771685063404000,1771685063404000,3.6000001,1.8000001,14,0
1771685063428000,1771685063428000,3.6000001,1.8000001,14,0
1771685063444000,1771685063444000,3.6000001,1.8000001,14,0
1771685063468000,1771685063468000,3.6000001,1.8000001,14,0
1771685063484000,1771685063484000,3.6000001,1.8000001,14,0
1771685063508000,1771685063508000,3.6000001,1.8000001,14,0
1771685063524000,1771685063524000,3.6000001,1.8000001,14,0
1771685063548000,1771685063548000,3.6000001,1.8000001,14,0
1771685063564000,1771685063564000,3.6000001,1.8000001,14,0
1771685063588000,1771685063588000,3.6000001,1.8000001,14,0
1771685063604000,1771685063604000,3.6000001,1.8000001,14,0
1771685063628000,1771685063628000,3.6000001,1.8000001,14,0
1771685063644000,1771685063644000,3.6000001,1.8000001,14,0
1771685063668000,1771685063668000,3.6000001,1.8000001,14,0
1771685063684000,1771685063684000,3.6000001,1.8000001,14,0
1771685063708000,1771685063708000,3.6000001,1.8000001,14,0
1771685063724000,1771685063724000,3.6000001,1.8000001,14,0
1771685063748000,1771685063748000,3.6000001,1.8000001,14,0
1771685063764000,1771685063764000,3.6000001,1.8000001,14,0
1771685063788000,1771685063788000,3.6000001,1.8000001,14,0
1771685063804000,1771685063804000,3.6000001,1.8000001,14,0
1771685063828000,1771685063828000,3.6000001,1.8000001,14,0
1771685063844000,1771685063844000,3.6000001,1.8000001,14,0
1771685063868000,1771685063868000,3.6000001,1.8000001,14,0
1771685063884000,1771685063884000,3.6000001,1.8000001,14,0
1771685063908000,1771685063908000,3.6000001,1.8000001,14,0
1771685063924000,1771685063924000,3.6000001,1.8000001,14,0
1771685063948000,1771685063948000,3.6000001,1.8000001,14,0
1771685063964000,1771685063964000,3.6000001,1.8000001,14,0
1771685063988000,1771685063988000,3.6000001,1.8000001,14,0
1771685064004000,1771685064004000,3.6000001,1.8000001,14,0
1771685064028000,1771685064028000,3.6000001,1.8000001,14,0
1771685064044000,1771685064044000,3.6000001,1.8000001,14,0
1771685064068000,1771685064068000,3.6000001,1.8000001,14,0
1771685064084000,1771685064084000,3.6000001,1.8000001,14,0
1771685064108000,1771685064108000,3.6000001,1.8000001,14,0
1771685064124000,1771685064124000,3.6000001,1.8000001,14,0
1771685064148000,1771685064148000,3.6000001,1.8000001,14,0
1771685064164000,1771685064164000,3.6000001,1.8000001,14,0
1771685064188000,1771685064188000,3.6000001,1.8000001,14,0
1771685064204000,1771685064204000,3.6000001,1.8000001,14,0
1771685064228000,1771685064228000,3.6000001,1.8000001,14,0
1771685064244000,1771685064244000,3.6000001,1.8000001,14,0
1771685064268000,1771685064268000,3.6000001,1.8000001,14,0
1771685064284000,1771685064284000,3.6000001,1.8000001,14,0
1771685064308000,1771685064308000,3.6000001,1.8000001,14,0
1771685064324000,1771685064324000,3.6000001,1.8000001,14,0
1771685064348000,1771685064348000,3.6000001,1.8000001,14,0
1771685064364000,1771685064364000,3.6000001,1.8000001,14,0
1771685064388000,1771685064388000,3.6000001,1.8000001,14,0
1771685064404000,1771685064404000,3.6000001,1.8000001,14,0
1771685064428000,1771685064428000,3.6000001,1.8000001,14,0
1771685064444000,1771685064444000,3.6000001,1.8000001,14,0
1771685064468000,1771685064468000,3.6000001,1.8000001,14,0
1771685064484000,1771685064484000,3.6000001,1.8000001,14,0
1771685064508000,1771685064508000,3.6000001,1.8000001,14,0
1771685064524000,1771685064524000,3.6000001,1.8000001,14,0
1771685064548000,1771685064548000,3.6000001,1.8000001,14,0
1771685064564000,1771685064564000,3.6000001,1.8000001,14,0
1771685064588000,1771685064588000,3.6000001,1.8000001,14,0
1771685064604000,1771685064604000,3.6000001,1.8000001,14,0
1771685064628000,1771685064628000,3.6000001,1.8000001,14,0
1771685064644000,1771685064644000,3.6000001,1.8000001,14,0
1771685064668000,1771685064668000,3.6000001,1.8000001,14,0
1771685064684000,1771685064684000,3.6000001,1.8000001,14,0
1771685064708000,1771685064708000,3.6000001,1.8000001,14,0
1771685064724000,1771685064724000,3.6000001,1.8000001,14,0
1771685064748000,1771685064748000,3.6000001,1.8000001,14,0
1771685064764000,1771685064764000,3.6000001,1.8000001,14,0
1771685064788000,1771685064788000,3.6000001,1.8000001,14,0
1771685064804000,1771685064804000,3.6000001,1.8000001,14,0
1771685064828000,1771685064828000,3.6000001,1.8000001,14,0
1771685064844000,1771685064844000,3.6000001,1.8000001,14,0
1771685064868000,1771685064868000,3.6000001,1.8000001,14,0
1771685064884000,1771685064884000,3.6000001,1.8000001,14,0
1771685064908000,1771685064908000,3.6000001,1.8000001,14,0
1771685064924000,1771685064924000,3.6000001,1.8000001,14,0
1771685064948000,1771685064948000,3.6000001,1.8000001,14,0
1771685064964000,1771685064964000,3.6000001,1.8000001,14,0
1771685064988000,1771685064988000,3.6000001,1.8000001,14,0
1771685065004000,1771685065004000,3.6000001,1.8000001,14,0
1771685065028000,1771685065028000,3.6000001,1.8000001,14,0
1771685065044000,1771685065044000,3.6000001,1.8000001,14,0
1771685065068000,1771685065068000,3.6000001,1.8000001,14,0
1771685065084000,1771685065084000,3.6000001,1.8000001,14,0
1771685065108000,1771685065108000,3.6000001,1.8000001,14,0
1771685065124000,1771685065124000,3.6000001,1.8000001,14,0
1771685065148000,1771685065148000,3.6000001,1.8000001,14,0
1771685065164000,1771685065164000,3.6000001,1.8000001,14,0
1771685065188000,1771685065188000,3.6000001,1.8000001,14,0
1771685065204000,1771685065204000,3.6000001,1.8000001,14,0
1771685065228000,1771685065228000,3.6000001,1.8000001,14,0
1771685065244000,1771685065244000,3.6000001,1.8000001,14,0
1771685065268000,1771685065268000,3.6000001,1.8000001,14,0
1771685065284000,1771685065284000,3.6000001,1.8000001,14,0
1771685065308000,1771685065308000,3.6000001,1.8000001,14,0
1771685065324000,1771685065324000,3.6000001,1.8000001,14,0
1771685065348000,1771685065348000,3.6000001,1.8000001,14,0
1771685065364000,1771685065364000,3.6000001,1.8000001,14,0
1771685065388000,1771685065388000,3.6000001,1.8000001,14,0
1771685065404000,1771685065404000,3.6000001,1.8000001,14,0
1771685065428000,1771685065428000,3.6000001,1.8000001,14,0
1771685065444000,1771685065444000,3.6000001,1.8000001,14,0
1771685065468000,1771685065468000,3.6000001,1.8000001,14,0
1771685065484000,1771685065484000,3.6000001,1.8000001,14,0
1771685065508000,1771685065508000,3.6000001,1.8000001,14,0
1771685065524000,1771685065524000,3.6000001,1.8000001,14,0
1771685065548000,1771685065548000,3.6000001,1.8000001,14,0
1771685065564000,1771685065564000,3.6000001,1.8000001,14,0
1771685065588000,1771685065588000,3.6000001,1.8000001,14,0
1771685065604000,1771685065604000,3.6000001,1.8000001,14,0
1771685065628000,1771685065628000,3.6000001,1.8000001,14,0
1771685065644000,1771685065644000,3.6000001,1.8000001,14,0
1771685065668000,1771685065668000,3.6000001,1.8000001,14,0
1771685065684000,1771685065684000,3.6000001,1.8000001,14,0
1771685065708000,1771685065708000,3.6000001,1.8000001,14,0
1771685065724000,1771685065724000,3.6000001,1.8000001,14,0
1771685065748000,1771685065748000,3.6000001,1.8000001,14,0
1771685065764000,1771685065764000,3.6000001,1.8000001,14,0
1771685065788000,1771685065788000,3.6000001,1.8000001,14,0
1771685065804000,1771685065804000,3.6000001,1.8000001,14,0
1771685065828000,1771685065828000,3.6000001,1.8000001,14,0
1771685065844000,1771685065844000,3.6000001,1.8000001,14,0
1771685065868000,1771685065868000,3.6000001,1.8000001,14,0
1771685065884000,1771685065884000,3.6000001,1.8000001,14,0
1771685065908000,1771685065908000,3.6000001,1.8000001,14,0
1771685065924000,1771685065924000,3.6000001,1.8000001,14,0
1771685065948000,1771685065948000,3.6000001,1.8000001,14,0
1771685065964000,1771685065964000,3.6000001,1.8000001,14,0
1771685065988000,1771685065988000,3.6000001,1.8000001,14,0
1771685066004000,1771685066004000,3.6000001,1.8000001,14,0
1771685066028000,1771685066028000,3.6000001,1.8000001,14,0
1771685066044000,1771685066044000,3.6000001,1.8000001,14,0
1771685066068000,1771685066068000,3.6000001,1.8000001,14,0
1771685066084000,1771685066084000,3.6000001,1.8000001,14,0
1771685066108000,1771685066108000,3.6000001,1.8000001,14,0
1771685066124000,1771685066124000,3.6000001,1.8000001,14,0
1771685066148000,1771685066148000,3.6000001,1.8000001,14,0
1771685066164000,1771685066164000,3.6000001,1.8000001,14,0
1771685066188000,1771685066188000,3.6000001,1.8000001,14,0
1771685066204000,1771685066204000,3.6000001,1.8000001,14,0
1771685066228000,1771685066228000,3.6000001,1.8000001,14,0
1771685066244000,1771685066244000,3.6000001,1.8000001,14,0
1771685066268000,1771685066268000,3.6000001,1.8000001,14,0
1771685066284000,1771685066284000,3.6000001,1.8000001,14,0
1771685066308000,1771685066308000,3.6000001,1.8000001,14,0
1771685066324000,1771685066324000,3.6000001,1.8000001,14,0
1771685066348000,1771685066348000,3.6000001,1.8000001,14,0
1771685066364000,1771685066364000,3.6000001,1.8000001,14,0
1771685066388000,1771685066388000,3.6000001,1.8000001,14,0
1771685066404000,1771685066404000,3.6000001,1.8000001,14,0
1771685066428000,1771685066428000,3.6000001,1.8000001,14,0
1771685066444000,1771685066444000,3.6000001,1.8000001,14,0
1771685066468000,1771685066468000,3.6000001,1.8000001,14,0
1771685066484000,1771685066484000,3.6000001,1.8000001,14,0
1771685066508000,1771685066508000,3.6000001,1.8000001,14,0
1771685066524000,1771685066524000,3.6000001,1.8000001,14,0
1771685066548000,1771685066548000,3.6000001,1.8000001,14,0
1771685066564000,1771685066564000,3.6000001,1.8000001,14,0
1771685066588000,1771685066588000,3.6000001,1.8000001,14,0
1771685066604000,1771685066604000,3.6000001,1.8000001,14,0
1771685066628000,1771685066628000,3.6000001,1.8000001,14,0
1771685066644000,1771685066644000,3.6000001,1.8000001,14,0
1771685066668000,1771685066668000,3.6000001,1.8000001,14,0
1771685066684000,1771685066684000,3.6000001,1.8000001,14,0
1771685066708000,1771685066708000,3.6000001,1.8000001,14,0
1771685066724000,1771685066724000,3.6000001,1.8000001,14,0
1771685066748000,1771685066748000,3.6000001,1.8000001,14,0
1771685066764000,1771685066764000,3.6000001,1.8000001,14,0
1771685066788000,1771685066788000,3.6000001,1.8000001,14,0
1771685066804000,1771685066804000,3.6000001,1.8000001,14,0
1771685066828000,1771685066828000,3.6000001,1.8000001,14,0
1771685066844000,1771685066844000,3.6000001,1.8000001,14,0
1771685066868000,1771685066868000,3.6000001,1.8000001,14,0
1771685066884000,1771685066884000,3.6000001,1.8000001,14,0
1771685066908000,1771685066908000,3.6000001,1.8000001,14,0
1771685066924000,1771685066924000,3.6000001,1.8000001,14,0
1771685066948000,1771685066948000,3.6000001,1.8000001,14,0
1771685066964000,1771685066964000,3.6000001,1.8000001,14,0
1771685066988000,1771685066988000,3.6000001,1.8000001,14,0
1771685067004000,1771685067004000,3.6000001,1.8000001,14,0
1771685067028000,1771685067028000,3.6000001,1.8000001,14,0
1771685067044000,1771685067044000,3.6000001,1.8000001,14,0
1771685067068000,1771685067068000,3.6000001,1.8000001,14,0
1771685067084000,1771685067084000,3.6000001,1.8000001,14,0
1771685067108000,1771685067108000,3.6000001,1.8000001,14,0
1771685067124000,1771685067124000,3.6000001,1.8000001,14,0
1771685067148000,1771685067148000,3.6000001,1.8000001,14,0
1771685067164000,1771685067164000,3.6000001,1.8000001,14,0
1771685067188000,1771685067188000,3.6000001,1.8000001,14,0
1771685067204000,1771685067204000,3.6000001,1.8000001,14,0
1771685067228000,1771685067228000,3.6000001,1.8000001,14,0
1771685067244000,1771685067244000,3.6000001,1.8000001,14,0
1771685067268000,1771685067268000,3.6000001,1.8000001,14,0
1771685067284000,1771685067284000,3.6000001,1.8000001,14,0
1771685067308000,1771685067308000,3.6000001,1.8000001,14,0
1771685067324000,1771685067324000,3.6000001,1.8000001,14,0
1771685067348000,1771685067348000,3.6000001,1.8000001,14,0
1771685067364000,1771685067364000,3.6000001,1.8000001,14,0
1771685067388000,1771685067388000,3.6000001,1.8000001,14,0
1771685067404000,1771685067404000,3.6000001,1.8000001,14,0
1771685067428000,1771685067428000,3.6000001,1.8000001,14,0
1771685067444000,1771685067444000,3.6000001,1.8000001,14,0
1771685067468000,1771685067468000,3.6000001,1.8000001,14,0
1771685067484000,1771685067484000,3.6000001,1.8000001,14,0
1771685067508000,1771685067508000,3.6000001,1.8000001,14,0
1771685067524000,1771685067524000,3.6000001,1.8000001,14,0
1771685067548000,1771685067548000,3.6000001,1.8000001,14,0
1771685067564000,1771685067564000,3.6000001,1.8000001,14,0
1771685067588000,1771685067588000,3.6000001,1.8000001,14,0
1771685067604000,1771685067604000,3.6000001,1.8000001,14,0
1771685067628000,1771685067628000,3.6000001,1.8000001,14,0
1771685067644000,1771685067644000,3.6000001,1.8000001,14,0
1771685067668000,1771685067668000,3.6000001,1.8000001,14,0
1771685067684000,1771685067684000,3.6000001,1.8000001,14,0
1771685067708000,1771685067708000,3.6000001,1.8000001,14,0
1771685067724000,1771685067724000,3.6000001,1.8000001,14,0
1771685067748000,1771685067748000,3.6000001,1.8000001,14,0
1771685067764000,1771685067764000,3.6000001,1.8000001,14,0
1771685067788000,1771685067788000,3.6000001,1.8000001,14,0
1771685067804000,1771685067804000,3.6000001,1.8000001,14,0
1771685067828000,1771685067828000,3.6000001,1.8000001,14,0
1771685067844000,1771685067844000,3.6000001,1.8000001,14,0
1771685067868000,1771685067868000,3.6000001,1.8000001,14,0
1771685067884000,1771685067884000,3.6000001,1.8000001,14,0
1771685067908000,1771685067908000,3.6000001,1.8000001,14,0
1771685067924000,1771685067924000,3.6000001,1.8000001,14,0
1771685067948000,1771685067948000,3.6000001,1.8000001,14,0
1771685067964000,1771685067964000,3.6000001,1.8000001,14,0
1771685067988000,1771685067988000,3.6000001,1.8000001,14,0
1771685068004000,1771685068004000,3.6000001,1.8000001,14,0
1771685068028000,1771685068028000,3.6000001,1.8000001,14,0
1771685068044000,1771685068044000,3.6000001,1.8000001,14,0
1771685068068000,1771685068068000,3.6000001,1.8000001,14,0
1771685068084000,1771685068084000,3.6000001,1.8000001,14,0
1771685068108000,1771685068108000,3.6000001,1.8000001,14,0
1771685068124000,1771685068124000,3.6000001,1.8000001,14,0
1771685068148000,1771685068148000,3.6000001,1.8000001,14,0
1771685068164000,1771685068164000,3.6000001,1.8000001,14,0
1771685068188000,1771685068188000,3.6000001,1.8000001,14,0
1771685068204000,1771685068204000,3.6000001,1.8000001,14,0
1771685068228000,1771685068228000,3.6000001,1.8000001,14,0
1771685068244000,1771685068244000,3.6000001,1.8000001,14,0
1771685068268000,1771685068268000,3.6000001,1.8000001,14,0
1771685068284000,1771685068284000,3.6000001,1.8000001,14,0
1771685068308000,1771685068308000,3.6000001,1.8000001,14,0
1771685068324000,1771685068324000,3.6000001,1.8000001,14,0
1771685068348000,1771685068348000,3.6000001,1.8000001,14,0
1771685068364000,1771685068364000,3.6000001,1.8000001,14,0
1771685068388000,1771685068388000,3.6000001,1.8000001,14,0
1771685068404000,1771685068404000,3.6000001,1.8000001,14,0
1771685068428000,1771685068428000,3.6000001,1.8000001,14,0
1771685068444000,1771685068444000,3.6000001,1.8000001,14,0
1771685068468000,1771685068468000,3.6000001,1.8000001,14,0
1771685068484000,1771685068484000,3.6000001,1.8000001,14,0
1771685068508000,1771685068508000,3.6000001,1.8000001,14,0
1771685068524000,1771685068524000,3.6000001,1.8000001,14,0
1771685068548000,1771685068548000,3.6000001,1.8000001,14,0
1771685068564000,1771685068564000,3.6000001,1.8000001,14,0
1771685068588000,1771685068588000,3.6000001,1.8000001,14,0
1771685068604000,1771685068604000,3.6000001,1.8000001,14,0
1771685068628000,1771685068628000,3.6000001,1.8000001,14,0
1771685068644000,1771685068644000,3.6000001,1.8000001,14,0
1771685068668000,1771685068668000,3.6000001,1.8000001,14,0
1771685068684000,1771685068684000,3.6000001,1.8000001,14,0
1771685068708000,1771685068708000,3.6000001,1.8000001,14,0
1771685068724000,1771685068724000,3.6000001,1.8000001,14,0
1771685068748000,1771685068748000,3.6000001,1.8000001,14,0
1771685068764000,1771685068764000,3.6000001,1.8000001,14,0
1771685068788000,1771685068788000,3.6000001,1.8000001,14,0
1771685068804000,1771685068804000,3.6000001,1.8000001,14,0
1771685068828000,1771685068828000,3.6000001,1.8000001,14,0
1771685068844000,1771685068844000,3.6000001,1.8000001,14,0
1771685068868000,1771685068868000,3.6000001,1.8000001,14,0
1771685068884000,1771685068884000,3.6000001,1.8000001,14,0
1771685068908000,1771685068908000,3.6000001,1.8000001,14,0
1771685068924000,1771685068924000,3.6000001,1.8000001,14,0
1771685068948000,1771685068948000,3.6000001,1.8000001,14,0
1771685068964000,1771685068964000,3.6000001,1.8000001,14,0
1771685068988000,1771685068988000,3.6000001,1.8000001,14,0
1771685069004000,1771685069004000,3.6000001,1.8000001,14,0
1771685069028000,1771685069028000,3.6000001,1.8000001,14,0
1771685069044000,1771685069044000,3.6000001,1.8000001,14,0
1771685069068000,1771685069068000,3.6000001,1.8000001,14,0
1771685069084000,1771685069084000,3.6000001,1.8000001,14,0
1771685069108000,1771685069108000,3.6000001,1.8000001,14,0
1771685069124000,1771685069124000,3.6000001,1.8000001,14,0
1771685069148000,1771685069148000,3.6000001,1.8000001,14,0
1771685069164000,1771685069164000,3.6000001,1.8000001,14,0
1771685069188000,1771685069188000,3.6000001,1.8000001,14,0
1771685069204000,1771685069204000,3.6000001,1.8000001,14,0
1771685069228000,1771685069228000,3.6000001,1.8000001,14,0
1771685069244000,1771685069244000,3.6000001,1.8000001,14,0
1771685069268000,1771685069268000,3.6000001,1.8000001,14,0
1771685069284000,1771685069284000,3.6000001,1.8000001,14,0
1771685069308000,1771685069308000,3.6000001,1.8000001,14,0
1771685069324000,1771685069324000,3.6000001,1.8000001,14,0
1771685069348000,1771685069348000,3.6000001,1.8000001,14,0
1771685069364000,1771685069364000,3.6000001,1.8000001,14,0
1771685069388000,1771685069388000,3.6000001,1.8000001,14,0
1771685069404000,1771685069404000,3.6000001,1.8000001,14,0
1771685069428000,1771685069428000,3.6000001,1.8000001,14,0
1771685069444000,1771685069444000,3.6000001,1.8000001,14,0
1771685069468000,1771685069468000,3.6000001,1.8000001,14,0
1771685069484000,1771685069484000,3.6000001,1.8000001,14,0
1771685069508000,1771685069508000,3.6000001,1.8000001,14,0
1771685069524000,1771685069524000,3.6000001,1.8000001,14,0
1771685069548000,1771685069548000,3.6000001,1.8000001,14,0
1771685069564000,1771685069564000,3.6000001,1.8000001,14,0
1771685069588000,1771685069588000,3.6000001,1.8000001,14,0
1771685069604000,1771685069604000,3.6000001,1.8000001,14,0
1771685069628000,1771685069628000,3.6000001,1.8000001,14,0
1771685069644000,1771685069644000,3.6000001,1.8000001,14,0
1771685069668000,1771685069668000,3.6000001,1.8000001,14,0
1771685069684000,1771685069684000,3.6000001,1.8000001,14,0
1771685069708000,1771685069708000,3.6000001,1.8000001,14,0
1771685069724000,1771685069724000,3.6000001,1.8000001,14,0
1771685069748000,1771685069748000,3.6000001,1.8000001,14,0
1771685069764000,1771685069764000,3.6000001,1.8000001,14,0
1771685069788000,1771685069788000,3.6000001,1.8000001,14,0
1771685069804000,1771685069804000,3.6000001,1.8000001,14,0
1771685069828000,1771685069828000,3.6000001,1.8000001,14,0
1771685069844000,1771685069844000,3.6000001,1.8000001,14,0
1771685069868000,1771685069868000,3.6000001,1.8000001,14,0
1771685069884000,1771685069884000,3.6000001,1.8000001,14,0
1771685069908000,1771685069908000,3.6000001,1.8000001,14,0
1771685069924000,1771685069924000,3.6000001,1.8000001,14,0
1771685069948000,1771685069948000,3.6000001,1.8000001,14,0
1771685069964000,1771685069964000,3.6000001,1.8000001,14,0
1771685069988000,1771685069988000,3.6000001,1.8000001,14,0
1771685070004000,1771685070004000,3.6000001,1.8000001,14,0
1771685070028000,1771685070028000,3.6000001,1.8000001,14,0
1771685070044000,1771685070044000,3.6000001,1.8000001,14,0
1771685070068000,1771685070068000,3.6000001,1.8000001,14,0
1771685070084000,1771685070084000,3.6000001,1.8000001,14,0
1771685070108000,1771685070108000,3.6000001,1.8000001,14,0
1771685070124000,1771685070124000,3.6000001,1.8000001,14,0
1771685070148000,1771685070148000,3.6000001,1.8000001,14,0
1771685070164000,1771685070164000,3.6000001,1.8000001,14,0
1771685070188000,1771685070188000,3.6000001,1.8000001,14,0
1771685070204000,1771685070204000,3.6000001,1.8000001,14,0
1771685070228000,1771685070228000,3.6000001,1.8000001,14,0
1771685070244000,1771685070244000,3.6000001,1.8000001,14,0
1771685070268000,1771685070268000,3.6000001,1.8000001,14,0
1771685070284000,1771685070284000,3.6000001,1.8000001,14,0
1771685070308000,1771685070308000,3.6000001,1.8000001,14,0
1771685070324000,1771685070324000,3.6000001,1.8000001,14,0
1771685070348000,1771685070348000,3.6000001,1.8000001,14,0
1771685070364000,1771685070364000,3.6000001,1.8000001,14,0
1771685070388000,1771685070388000,3.6000001,1.8000001,14,0
1771685070404000,1771685070404000,3.6000001,1.8000001,14,0
1771685070428000,1771685070428000,3.6000001,1.8000001,14,0
1771685070444000,1771685070444000,3.6000001,1.8000001,14,0
1771685070468000,1771685070468000,3.6000001,1.8000001,14,0
1771685070484000,1771685070484000,3.6000001,1.8000001,14,0
1771685070508000,1771685070508000,3.6000001,1.8000001,14,0
1771685070524000,1771685070524000,3.6000001,1.8000001,14,0
1771685070548000,1771685070548000,3.6000001,1.8000001,14,0
1771685070564000,1771685070564000,3.6000001,1.8000001,14,0
1771685070588000,1771685070588000,3.6000001,1.8000001,14,0
1771685070604000,1771685070604000,3.6000001,1.8000001,14,0
1771685070628000,1771685070628000,3.6000001,1.8000001,14,0
1771685070644000,1771685070644000,3.6000001,1.8000001,14,0
1771685070668000,1771685070668000,3.6000001,1.8000001,14,0
1771685070684000,1771685070684000,3.6000001,1.8000001,14,0
1771685070708000,1771685070708000,3.6000001,1.8000001,14,0
1771685070724000,1771685070724000,3.6000001,1.8000001,14,0
1771685070748000,1771685070748000,3.6000001,1.8000001,14,0
1771685070764000,1771685070764000,3.6000001,1.8000001,14,0
1771685070788000,1771685070788000,3.6000001,1.8000001,14,0
1771685070804000,1771685070804000,3.6000001,1.8000001,14,0
1771685070828000,1771685070828000,3.6000001,1.8000001,14,0
1771685070844000,1771685070844000,3.6000001,1.8000001,14,0
1771685070868000,1771685070868000,3.6000001,1.8000001,14,0
1771685070884000,1771685070884000,3.6000001,1.8000001,14,0
1771685070908000,1771685070908000,3.6000001,1.8000001,14,0
1771685070924000,1771685070924000,3.6000001,1.8000001,14,0
1771685070948000,1771685070948000,3.6000001,1.8000001,14,0
1771685070964000,1771685070964000,3.6000001,1.8000001,14,0
1771685070988000,1771685070988000,3.6000001,1.8000001,14,0
1771685071004000,1771685071004000,3.6000001,1.8000001,14,0
1771685071028000,1771685071028000,3.6000001,1.8000001,14,0
1771685071044000,1771685071044000,3.6000001,1.8000001,14,0
1771685071068000,1771685071068000,3.6000001,1.8000001,14,0
1771685071084000,1771685071084000,3.6000001,1.8000001,14,0
1771685071108000,1771685071108000,3.6000001,1.8000001,14,0
1771685071124000,1771685071124000,3.6000001,1.8000001,14,0
1771685071148000,1771685071148000,3.6000001,1.8000001,14,0
1771685071164000,1771685071164000,3.6000001,1.8000001,14,0
1771685071188000,1771685071188000,3.6000001,1.8000001,14,0
1771685071204000,1771685071204000,3.6000001,1.8000001,14,0
1771685071228000,1771685071228000,3.6000001,1.8000001,14,0
1771685071244000,1771685071244000,3.6000001,1.8000001,14,0
1771685071268000,1771685071268000,3.6000001,1.8000001,14,0
1771685071284000,1771685071284000,3.6000001,1.8000001,14,0
1771685071308000,1771685071308000,3.6000001,1.8000001,14,0
1771685071324000,1771685071324000,3.6000001,1.8000001,14,0
1771685071348000,1771685071348000,3.6000001,1.8000001,14,0
1771685071364000,1771685071364000,3.6000001,1.8000001,14,0
1771685071388000,1771685071388000,3.6000001,1.8000001,14,0
1771685071404000,1771685071404000,3.6000001,1.8000001,14,0
1771685071428000,1771685071428000,3.6000001,1.8000001,14,0
1771685071444000,1771685071444000,3.6000001,1.8000001,14,0
1771685071468000,1771685071468000,3.6000001,1.8000001,14,0
1771685071484000,1771685071484000,3.6000001,1.8000001,14,0
1771685071508000,1771685071508000,3.6000001,1.8000001,14,0
1771685071524000,1771685071524000,3.6000001,1.8000001,14,0
1771685071548000,1771685071548000,3.6000001,1.8000001,14,0
1771685071564000,1771685071564000,3.6000001,1.8000001,14,0
1771685071588000,1771685071588000,3.6000001,1.8000001,14,0
1771685071604000,1771685071604000,3.6000001,1.8000001,14,0
1771685071628000,1771685071628000,3.6000001,1.8000001,14,0
1771685071644000,1771685071644000,3.6000001,1.8000001,14,0
1771685071668000,1771685071668000,3.6000001,1.8000001,14,0
1771685071684000,1771685071684000,3.6000001,1.8000001,14,0
1771685071708000,1771685071708000,3.6000001,1.8000001,14,0
1771685071724000,1771685071724000,3.6000001,1.8000001,14,0
1771685071748000,1771685071748000,3.6000001,1.8000001,14,0
1771685071764000,1771685071764000,3.6000001,1.8000001,14,0
1771685071788000,1771685071788000,3.6000001,1.8000001,14,0
1771685071804000,1771685071804000,3.6000001,1.8000001,14,0
1771685071828000,1771685071828000,3.6000001,1.8000001,14,0
1771685071844000,1771685071844000,3.6000001,1.8000001,14,0
1771685071868000,1771685071868000,3.6000001,1.8000001,14,0
1771685071884000,1771685071884000,3.6000001,1.8000001,14,0
1771685071908000,1771685071908000,3.6000001,1.8000001,14,0
1771685071924000,1771685071924000,3.6000001,1.8000001,14,0
1771685071948000,1771685071948000,3.6000001,1.8000001,14,0
1771685071964000,1771685071964000,3.6000001,1.8000001,14,0
1771685071988000,1771685071988000,3.6000001,1.8000001,14,0
1771685072004000,1771685072004000,3.6000001,1.8000001,14,0
1771685072028000,1771685072028000,3.6000001,1.8000001,14,0
1771685072044000,1771685072044000,3.6000001,1.8000001,14,0
1771685072068000,1771685072068000,3.6000001,1.8000001,14,0
1771685072084000,1771685072084000,3.6000001,1.8000001,14,0
1771685072108000,1771685072108000,3.6000001,1.8000001,14,0
1771685072124000,1771685072124000,3.6000001,1.8000001,14,0
1771685072148000,1771685072148000,3.6000001,1.8000001,14,0
1771685072164000,1771685072164000,3.6000001,1.8000001,14,0
1771685072188000,1771685072188000,3.6000001,1.8000001,14,0
1771685072204000,1771685072204000,3.6000001,1.8000001,14,0
1771685072228000,1771685072228000,3.6000001,1.8000001,14,0
1771685072244000,1771685072244000,3.6000001,1.8000001,14,0
1771685072268000,1771685072268000,3.6000001,1.8000001,14,0
1771685072284000,1771685072284000,3.6000001,1.8000001,14,0
1771685072308000,1771685072308000,3.6000001,1.8000001,14,0
1771685072324000,1771685072324000,3.6000001,1.8000001,14,0
1771685072348000,1771685072348000,3.6000001,1.8000001,14,0
1771685072364000,1771685072364000,3.6000001,1.8000001,14,0
1771685072388000,1771685072388000,3.6000001,1.8000001,14,0
1771685072404000,1771685072404000,3.6000001,1.8000001,14,0
1771685072428000,1771685072428000,3.6000001,1.8000001,14,0
1771685072444000,1771685072444000,3.6000001,1.8000001,14,0
1771685072468000,1771685072468000,3.6000001,1.8000001,14,0
1771685072484000,1771685072484000,3.6000001,1.8000001,14,0
1771685072508000,1771685072508000,3.6000001,1.8000001,14,0
1771685072524000,1771685072524000,3.6000001,1.8000001,14,0
1771685072548000,1771685072548000,3.6000001,1.8000001,14,0
1771685072564000,1771685072564000,3.6000001,1.8000001,14,0
1771685072588000,1771685072588000,3.6000001,1.8000001,14,0
1771685072604000,1771685072604000,3.6000001,1.8000001,14,0
1771685072628000,1771685072628000,3.6000001,1.8000001,14,0
1771685072644000,1771685072644000,3.6000001,1.8000001,14,0
1771685072668000,1771685072668000,3.6000001,1.8000001,14,0
1771685072684000,1771685072684000,3.6000001,1.8000001,14,0
1771685072708000,1771685072708000,3.6000001,1.8000001,14,0
1771685072724000,1771685072724000,3.6000001,1.8000001,14,0
1771685072748000,1771685072748000,3.6000001,1.8000001,14,0
1771685072764000,1771685072764000,3.6000001,1.8000001,14,0
1771685072788000,1771685072788000,3.6000001,1.8000001,14,0
1771685072804000,1771685072804000,3.6000001,1.8000001,14,0
1771685072828000,1771685072828000,3.6000001,1.8000001,14,0
1771685072844000,1771685072844000,3.6000001,1.8000001,14,0
1771685072868000,1771685072868000,3.6000001,1.8000001,14,0
1771685072884000,1771685072884000,3.6000001,1.8000001,14,0
1771685072908000,1771685072908000,3.6000001,1.8000001,14,0
1771685072924000,1771685072924000,3.6000001,1.8000001,14,0
1771685072948000,1771685072948000,3.6000001,1.8000001,14,0
1771685072964000,1771685072964000,3.6000001,1.8000001,14,0
1771685072988000,1771685072988000,3.6000001,1.8000001,14,0
1771685073004000,1771685073004000,3.6000001,1.8000001,14,0
1771685073028000,1771685073028000,3.6000001,1.8000001,14,0
1771685073044000,1771685073044000,3.6000001,1.8000001,14,0
1771685073068000,1771685073068000,3.6000001,1.8000001,14,0
1771685073084000,1771685073084000,3.6000001,1.8000001,14,0
1771685073108000,1771685073108000,3.6000001,1.8000001,14,0
1771685073124000,1771685073124000,3.6000001,1.8000001,14,0
1771685073148000,1771685073148000,3.6000001,1.8000001,14,0
1771685073164000,1771685073164000,3.6000001,1.8000001,14,0
1771685073188000,1771685073188000,3.6000001,1.8000001,14,0
1771685073204000,1771685073204000,3.6000001,1.8000001,14,0
1771685073228000,1771685073228000,3.6000001,1.8000001,14,0
1771685073244000,1771685073244000,3.6000001,1.8000001,14,0
1771685073268000,1771685073268000,3.6000001,1.8000001,14,0
1771685073284000,1771685073284000,3.6000001,1.8000001,14,0
1771685073308000,1771685073308000,3.6000001,1.8000001,14,0
1771685073324000,1771685073324000,3.6000001,1.8000001,14,0
1771685073348000,1771685073348000,3.6000001,1.8000001,14,0
1771685073364000,1771685073364000,3.6000001,1.8000001,14,0
1771685073388000,1771685073388000,3.6000001,1.8000001,14,0
1771685073404000,1771685073404000,3.6000001,1.8000001,14,0
1771685073428000,1771685073428000,3.6000001,1.8000001,14,0
1771685073444000,1771685073444000,3.6000001,1.8000001,14,0
1771685073468000,1771685073468000,3.6000001,1.8000001,14,0
1771685073484000,1771685073484000,3.6000001,1.8000001,14,0
1771685073508000,1771685073508000,3.6000001,1.8000001,14,0
1771685073524000,1771685073524000,3.6000001,1.8000001,14,0
1771685073548000,1771685073548000,3.6000001,1.8000001,14,0
1771685073564000,1771685073564000,3.6000001,1.8000001,14,0
1771685073588000,1771685073588000,3.6000001,1.8000001,14,0
1771685073604000,1771685073604000,3.6000001,1.8000001,14,0
1771685073628000,1771685073628000,3.6000001,1.8000001,14,0
1771685073644000,1771685073644000,3.6000001,1.8000001,14,0
1771685073668000,1771685073668000,3.6000001,1.8000001,14,0
1771685073684000,1771685073684000,3.6000001,1.8000001,14,0
1771685073708000,1771685073708000,3.6000001,1.8000001,14,0
1771685073724000,1771685073724000,3.6000001,1.8000001,14,0
1771685073748000,1771685073748000,3.6000001,1.8000001,14,0
1771685073764000,1771685073764000,3.6000001,1.8000001,14,0
1771685073788000,1771685073788000,3.6000001,1.8000001,14,0
1771685073804000,1771685073804000,3.6000001,1.8000001,14,0
1771685073828000,1771685073828000,3.6000001,1.8000001,14,0
1771685073844000,1771685073844000,3.6000001,1.8000001,14,0
1771685073868000,1771685073868000,3.6000001,1.8000001,14,0
1771685073884000,1771685073884000,3.6000001,1.8000001,14,0
1771685073908000,1771685073908000,3.6000001,1.8000001,14,0
1771685073924000,1771685073924000,3.6000001,1.8000001,14,0
1771685073948000,1771685073948000,3.6000001,1.8000001,14,0
1771685073964000,1771685073964000,3.6000001,1.8000001,14,0
1771685073988000,1771685073988000,3.6000001,1.8000001,14,0
1771685074004000,1771685074004000,3.6000001,1.8000001,14,0
1771685074028000,1771685074028000,3.6000001,1.8000001,14,0
1771685074044000,1771685074044000,3.6000001,1.8000001,14,0
1771685074068000,1771685074068000,3.6000001,1.8000001,14,0
1771685074084000,1771685074084000,3.6000001,1.8000001,14,0
1771685074108000,1771685074108000,3.6000001,1.8000001,14,0
1771685074124000,1771685074124000,3.6000001,1.8000001,14,0
1771685074148000,1771685074148000,3.6000001,1.8000001,14,0
1771685074164000,1771685074164000,3.6000001,1.8000001,14,0
1771685074188000,1771685074188000,3.6000001,1.8000001,14,0
1771685074204000,1771685074204000,3.6000001,1.8000001,14,0
1771685074228000,1771685074228000,3.6000001,1.8000001,14,0
1771685074244000,1771685074244000,3.6000001,1.8000001,14,0
1771685074268000,1771685074268000,3.6000001,1.8000001,14,0
1771685074284000,1771685074284000,3.6000001,1.8000001,14,0
1771685074308000,1771685074308000,3.6000001,1.8000001,14,0
1771685074324000,1771685074324000,3.6000001,1.8000001,14,0
1771685074348000,1771685074348000,3.6000001,1.8000001,14,0
1771685074364000,1771685074364000,3.6000001,1.8000001,14,0
1771685074388000,1771685074388000,3.6000001,1.8000001,14,0
1771685074404000,1771685074404000,3.6000001,1.8000001,14,0
1771685074428000,1771685074428000,3.6000001,1.8000001,14,0
1771685074444000,1771685074444000,3.6000001,1.8000001,14,0
1771685074468000,1771685074468000,3.6000001,1.8000001,14,0
1771685074484000,1771685074484000,3.6000001,1.8000001,14,0
1771685074508000,1771685074508000,3.6000001,1.8000001,14,0
1771685074524000,1771685074524000,3.6000001,1.8000001,14,0
1771685074548000,1771685074548000,3.6000001,1.8000001,14,0
1771685074564000,1771685074564000,3.6000001,1.8000001,14,0
1771685074588000,1771685074588000,3.6000001,1.8000001,14,0
1771685074604000,1771685074604000,3.6000001,1.8000001,14,0
1771685074628000,1771685074628000,3.6000001,1.8000001,14,0
1771685074644000,1771685074644000,3.6000001,1.8000001,14,0
1771685074668000,1771685074668000,3.6000001,1.8000001,14,0
1771685074684000,1771685074684000,3.6000001,1.8000001,14,0
1771685074708000,1771685074708000,3.6000001,1.8000001,14,0
1771685074724000,1771685074724000,3.6000001,1.8000001,14,0
1771685074748000,1771685074748000,3.6000001,1.8000001,14,0
1771685074764000,1771685074764000,3.6000001,1.8000001,14,0
1771685074788000,1771685074788000,3.6000001,1.8000001,14,0
1771685074804000,1771685074804000,3.6000001,1.8000001,14,0
1771685074828000,1771685074828000,3.6000001,1.8000001,14,0
1771685074844000,1771685074844000,3.6000001,1.8000001,14,0
1771685074868000,1771685074868000,3.6000001,1.8000001,14,0
1771685074884000,1771685074884000,3.6000001,1.8000001,14,0
1771685074908000,1771685074908000,3.6000001,1.8000001,14,0
1771685074924000,1771685074924000,3.6000001,1.8000001,14,0
1771685074948000,1771685074948000,3.6000001,1.8000001,14,0
1771685074964000,1771685074964000,3.6000001,1.8000001,14,0
1771685074988000,1771685074988000,3.6000001,1.8000001,14,0
1771685075004000,1771685075004000,3.6000001,1.8000001,14,0
1771685075028000,1771685075028000,3.6000001,1.8000001,14,0
1771685075044000,1771685075044000,3.6000001,1.8000001,14,0
1771685075068000,1771685075068000,3.6000001,1.8000001,14,0
1771685075084000,1771685075084000,3.6000001,1.8000001,14,0
1771685075108000,1771685075108000,3.6000001,1.8000001,14,0
1771685075124000,1771685075124000,3.6000001,1.8000001,14,0
1771685075148000,1771685075148000,3.6000001,1.8000001,14,0
1771685075164000,1771685075164000,3.6000001,1.8000001,14,0
1771685075188000,1771685075188000,3.6000001,1.8000001,14,0
1771685075204000,1771685075204000,3.6000001,1.8000001,14,0
1771685075228000,1771685075228000,3.6000001,1.8000001,14,0
1771685075244000,1771685075244000,3.6000001,1.8000001,14,0
1771685075268000,1771685075268000,3.6000001,1.8000001,14,0
1771685075284000,1771685075284000,3.6000001,1.8000001,14,0
1771685075308000,1771685075308000,3.6000001,1.8000001,14,0
1771685075324000,1771685075324000,3.6000001,1.8000001,14,0
1771685075348000,1771685075348000,3.6000001,1.8000001,14,0
1771685075364000,1771685075364000,3.6000001,1.8000001,14,0
1771685075388000,1771685075388000,3.6000001,1.8000001,14,0
1771685075404000,1771685075404000,3.6000001,1.8000001,14,0
1771685075428000,1771685075428000,3.6000001,1.8000001,14,0
1771685075444000,1771685075444000,3.6000001,1.8000001,14,0
1771685075468000,1771685075468000,3.6000001,1.8000001,14,0
1771685075484000,1771685075484000,3.6000001,1.8000001,14,0
1771685075508000,1771685075508000,3.6000001,1.8000001,14,0
1771685075524000,1771685075524000,3.6000001,1.8000001,14,0
1771685075548000,1771685075548000,3.6000001,1.8000001,14,0
1771685075564000,1771685075564000,3.6000001,1.8000001,14,0
1771685075588000,1771685075588000,3.6000001,1.8000001,14,0
1771685075604000,1771685075604000,3.6000001,1.8000001,14,0
1771685075628000,1771685075628000,3.6000001,1.8000001,14,0
1771685075644000,1771685075644000,3.6000001,1.8000001,14,0
1771685075668000,1771685075668000,3.6000001,1.8000001,14,0
1771685075684000,1771685075684000,3.6000001,1.8000001,14,0
1771685075708000,1771685075708000,3.6000001,1.8000001,14,0
1771685075724000,1771685075724000,3.6000001,1.8000001,14,0
1771685075748000,1771685075748000,3.6000001,1.8000001,14,0
1771685075764000,1771685075764000,3.6000001,1.8000001,14,0
1771685075788000,1771685075788000,3.6000001,1.8000001,14,0
1771685075804000,1771685075804000,3.6000001,1.8000001,14,0
1771685075828000,1771685075828000,3.6000001,1.8000001,14,0
1771685075844000,1771685075844000,3.6000001,1.8000001,14,0
1771685075868000,1771685075868000,3.6000001,1.8000001,14,0
1771685075884000,1771685075884000,3.6000001,1.8000001,14,0
1771685075908000,1771685075908000,3.6000001,1.8000001,14,0
1771685075924000,1771685075924000,3.6000001,1.8000001,14,0
1771685075948000,1771685075948000,3.6000001,1.8000001,14,0
1771685075964000,1771685075964000,3.6000001,1.8000001,14,0
1771685075988000,1771685075988000,3.6000001,1.8000001,14,0
1771685076004000,1771685076004000,3.6000001,1.8000001,14,0
1771685076028000,1771685076028000,3.6000001,1.8000001,14,0
1771685076044000,1771685076044000,3.6000001,1.8000001,14,0
1771685076068000,1771685076068000,3.6000001,1.8000001,14,0
1771685076084000,1771685076084000,3.6000001,1.8000001,14,0
1771685076108000,1771685076108000,3.6000001,1.8000001,14,0
1771685076124000,1771685076124000,3.6000001,1.8000001,14,0
1771685076148000,1771685076148000,3.6000001,1.8000001,14,0
1771685076164000,1771685076164000,3.6000001,1.8000001,14,0
1771685076188000,1771685076188000,3.6000001,1.8000001,14,0
1771685076204000,1771685076204000,3.6000001,1.8000001,14,0
1771685076228000,1771685076228000,3.6000001,1.8000001,14,0
1771685076244000,1771685076244000,3.6000001,1.8000001,14,0
1771685076268000,1771685076268000,3.6000001,1.8000001,14,0
1771685076284000,1771685076284000,3.6000001,1.8000001,14,0
1771685076308000,1771685076308000,3.6000001,1.8000001,14,0
1771685076324000,1771685076324000,3.6000001,1.8000001,14,0
1771685076348000,1771685076348000,3.6000001,1.8000001,14,0
1771685076364000,1771685076364000,3.6000001,1.8000001,14,0
1771685076388000,1771685076388000,3.6000001,1.8000001,14,0
1771685076404000,1771685076404000,3.6000001,1.8000001,14,0
1771685076428000,1771685076428000,3.6000001,1.8000001,14,0
1771685076444000,1771685076444000,3.6000001,1.8000001,14,0
1771685076468000,1771685076468000,3.6000001,1.8000001,14,0
1771685076484000,1771685076484000,3.6000001,1.8000001,14,0
1771685076508000,1771685076508000,3.6000001,1.8000001,14,0
1771685076524000,1771685076524000,3.6000001,1.8000001,14,0
1771685076548000,1771685076548000,3.6000001,1.8000001,14,0
1771685076564000,1771685076564000,3.6000001,1.8000001,14,0
1771685076588000,1771685076588000,3.6000001,1.8000001,14,0
1771685076604000,1771685076604000,3.6000001,1.8000001,14,0
1771685076628000,1771685076628000,3.6000001,1.8000001,14,0
1771685076644000,1771685076644000,3.6000001,1.8000001,14,0
1771685076668000,1771685076668000,3.6000001,1.8000001,14,0
1771685076684000,1771685076684000,3.6000001,1.8000001,14,0
1771685076708000,1771685076708000,3.6000001,1.8000001,14,0
1771685076724000,1771685076724000,3.6000001,1.8000001,14,0
1771685076748000,1771685076748000,3.6000001,1.8000001,14,0
1771685076764000,1771685076764000,3.6000001,1.8000001,14,0
1771685076788000,1771685076788000,3.6000001,1.8000001,14,0
1771685076804000,1771685076804000,3.6000001,1.8000001,14,0
1771685076828000,1771685076828000,3.6000001,1.8000001,14,0
1771685076844000,1771685076844000,3.6000001,1.8000001,14,0
1771685076868000,1771685076868000,3.6000001,1.8000001,14,0
1771685076884000,1771685076884000,3.6000001,1.8000001,14,0
1771685076908000,1771685076908000,3.6000001,1.8000001,14,0
1771685076924000,1771685076924000,3.6000001,1.8000001,14,0
1771685076948000,1771685076948000,3.6000001,1.8000001,14,0
1771685076964000,1771685076964000,3.6000001,1.8000001,14,0
1771685076988000,1771685076988000,3.6000001,1.8000001,14,0
1771685077004000,1771685077004000,3.6000001,1.8000001,14,0
1771685077028000,1771685077028000,3.6000001,1.8000001,14,0
1771685077044000,1771685077044000,3.6000001,1.8000001,14,0
1771685077068000,1771685077068000,3.6000001,1.8000001,14,0
1771685077084000,1771685077084000,3.6000001,1.8000001,14,0
1771685077108000,1771685077108000,3.6000001,1.8000001,14,0
1771685077124000,1771685077124000,3.6000001,1.8000001,14,0
1771685077148000,1771685077148000,3.6000001,1.8000001,14,0
1771685077164000,1771685077164000,3.6000001,1.8000001,14,0
1771685077188000,1771685077188000,3.6000001,1.8000001,14,0
1771685077204000,1771685077204000,3.6000001,1.8000001,14,0
1771685077228000,1771685077228000,3.6000001,1.8000001,14,0
1771685077244000,1771685077244000,3.6000001,1.8000001,14,0
1771685077268000,1771685077268000,3.6000001,1.8000001,14,0
1771685077284000,1771685077284000,3.6000001,1.8000001,14,0
1771685077308000,1771685077308000,3.6000001,1.8000001,14,0
1771685077324000,1771685077324000,3.6000001,1.8000001,14,0
1771685077348000,1771685077348000,3.6000001,1.8000001,14,0
1771685077364000,1771685077364000,3.6000001,1.8000001,14,0
1771685077388000,1771685077388000,3.6000001,1.8000001,14,0
1771685077404000,1771685077404000,3.6000001,1.8000001,14,0
1771685077428000,1771685077428000,3.6000001,1.8000001,14,0
1771685077444000,1771685077444000,3.6000001,1.8000001,14,0
1771685077468000,1771685077468000,3.6000001,1.8000001,14,0
1771685077484000,1771685077484000,3.6000001,1.8000001,14,0
1771685077508000,1771685077508000,3.6000001,1.8000001,14,0
1771685077524000,1771685077524000,3.6000001,1.8000001,14,0
1771685077548000,1771685077548000,3.6000001,1.8000001,14,0
1771685077564000,1771685077564000,3.6000001,1.8000001,14,0
1771685077588000,1771685077588000,3.6000001,1.8000001,14,0
1771685077604000,1771685077604000,3.6000001,1.8000001,14,0
1771685077628000,1771685077628000,3.6000001,1.8000001,14,0
1771685077644000,1771685077644000,3.6000001,1.8000001,14,0
1771685077668000,1771685077668000,3.6000001,1.8000001,14,0
1771685077684000,1771685077684000,3.6000001,1.8000001,14,0
1771685077708000,1771685077708000,3.6000001,1.8000001,14,0
1771685077724000,1771685077724000,3.6000001,1.8000001,14,0
1771685077748000,1771685077748000,3.6000001,1.8000001,14,0
1771685077764000,1771685077764000,3.6000001,1.8000001,14,0
1771685077788000,1771685077788000,3.6000001,1.8000001,14,0
1771685077804000,1771685077804000,3.6000001,1.8000001,14,0
1771685077828000,1771685077828000,3.6000001,1.8000001,14,0
1771685077844000,1771685077844000,3.6000001,1.8000001,14,0
1771685077868000,1771685077868000,3.6000001,1.8000001,14,0
1771685077884000,1771685077884000,3.6000001,1.8000001,14,0
1771685077908000,1771685077908000,3.6000001,1.8000001,14,0
1771685077924000,1771685077924000,3.6000001,1.8000001,14,0
1771685077948000,1771685077948000,3.6000001,1.8000001,14,0
1771685077964000,1771685077964000,3.6000001,1.8000001,14,0
1771685077988000,1771685077988000,3.6000001,1.8000001,14,0
1771685078004000,1771685078004000,3.6000001,1.8000001,14,0
1771685078028000,1771685078028000,3.6000001,1.8000001,14,0
1771685078044000,1771685078044000,3.6000001,1.8000001,14,0
1771685078068000,1771685078068000,3.6000001,1.8000001,14,0
1771685078084000,1771685078084000,3.6000001,1.8000001,14,0
1771685078108000,1771685078108000,3.6000001,1.8000001,14,0
1771685078124000,1771685078124000,3.6000001,1.8000001,14,0
1771685078148000,1771685078148000,3.6000001,1.8000001,14,0
1771685078164000,1771685078164000,3.6000001,1.8000001,14,0
1771685078188000,1771685078188000,3.6000001,1.8000001,14,0
1771685078204000,1771685078204000,3.6000001,1.8000001,14,0
1771685078228000,1771685078228000,3.6000001,1.8000001,14,0
1771685078244000,1771685078244000,3.6000001,1.8000001,14,0
1771685078268000,1771685078268000,3.6000001,1.8000001,14,0
1771685078284000,1771685078284000,3.6000001,1.8000001,14,0
1771685078308000,1771685078308000,3.6000001,1.8000001,14,0
1771685078324000,1771685078324000,3.6000001,1.8000001,14,0
1771685078348000,1771685078348000,3.6000001,1.8000001,14,0
1771685078364000,1771685078364000,3.6000001,1.8000001,14,0
1771685078388000,1771685078388000,3.6000001,1.8000001,14,0
1771685078404000,1771685078404000,3.6000001,1.8000001,14,0
1771685078428000,1771685078428000,3.6000001,1.8000001,14,0
1771685078444000,1771685078444000,3.6000001,1.8000001,14,0
1771685078468000,1771685078468000,3.6000001,1.8000001,14,0
1771685078484000,1771685078484000,3.6000001,1.8000001,14,0
1771685078508000,1771685078508000,3.6000001,1.8000001,14,0
1771685078524000,1771685078524000,3.6000001,1.8000001,14,0
1771685078548000,1771685078548000,3.6000001,1.8000001,14,0
1771685078564000,1771685078564000,3.6000001,1.8000001,14,0
1771685078588000,1771685078588000,3.6000001,1.8000001,14,0
1771685078604000,1771685078604000,3.6000001,1.8000001,14,0
1771685078628000,1771685078628000,3.6000001,1.8000001,14,0
1771685078644000,1771685078644000,3.6000001,1.8000001,14,0
1771685078668000,1771685078668000,3.6000001,1.8000001,14,0
1771685078684000,1771685078684000,3.6000001,1.8000001,14,0
1771685078708000,1771685078708000,3.6000001,1.8000001,14,0
1771685078724000,1771685078724000,3.6000001,1.8000001,14,0
1771685078748000,1771685078748000,3.6000001,1.8000001,14,0
1771685078764000,1771685078764000,3.6000001,1.8000001,14,0
1771685078788000,1771685078788000,3.6000001,1.8000001,14,0
1771685078804000,1771685078804000,3.6000001,1.8000001,14,0
1771685078828000,1771685078828000,3.6000001,1.8000001,14,0
1771685078844000,1771685078844000,3.6000001,1.8000001,14,0
1771685078868000,1771685078868000,3.6000001,1.8000001,14,0
1771685078884000,1771685078884000,3.6000001,1.8000001,14,0
1771685078908000,1771685078908000,3.6000001,1.8000001,14,0
1771685078924000,1771685078924000,3.6000001,1.8000001,14,0
1771685078948000,1771685078948000,3.6000001,1.8000001,14,0
1771685078964000,1771685078964000,3.6000001,1.8000001,14,0
1771685078988000,1771685078988000,3.6000001,1.8000001,14,0
1771685079004000,1771685079004000,3.6000001,1.8000001,14,0
1771685079028000,1771685079028000,3.6000001,1.8000001,14,0
1771685079044000,1771685079044000,3.6000001,1.8000001,14,0
1771685079068000,1771685079068000,3.6000001,1.8000001,14,0
1771685079084000,1771685079084000,3.6000001,1.8000001,14,0
1771685079108000,1771685079108000,3.6000001,1.8000001,14,0
1771685079124000,1771685079124000,3.6000001,1.8000001,14,0
1771685079148000,1771685079148000,3.6000001,1.8000001,14,0
1771685079164000,1771685079164000,3.6000001,1.8000001,14,0
1771685079188000,1771685079188000,3.6000001,1.8000001,14,0
1771685079204000,1771685079204000,3.6000001,1.8000001,14,0
1771685079228000,1771685079228000,3.6000001,1.8000001,14,0
1771685079244000,1771685079244000,3.6000001,1.8000001,14,0
1771685079268000,1771685079268000,3.6000001,1.8000001,14,0
1771685079284000,1771685079284000,3.6000001,1.8000001,14,0
1771685079308000,1771685079308000,3.6000001,1.8000001,14,0
1771685079324000,1771685079324000,3.6000001,1.8000001,14,0
1771685079348000,1771685079348000,3.6000001,1.8000001,14,0
1771685079364000,1771685079364000,3.6000001,1.8000001,14,0
1771685079388000,1771685079388000,3.6000001,1.8000001,14,0
1771685079404000,1771685079404000,3.6000001,1.8000001,14,0
1771685079428000,1771685079428000,3.6000001,1.8000001,14,0
1771685079444000,1771685079444000,3.6000001,1.8000001,14,0
1771685079468000,1771685079468000,3.6000001,1.8000001,14,0
1771685079484000,1771685079484000,3.6000001,1.8000001,14,0
1771685079508000,1771685079508000,3.6000001,1.8000001,14,0
1771685079524000,1771685079524000,3.6000001,1.8000001,14,0
1771685079548000,1771685079548000,3.6000001,1.8000001,14,0
1771685079564000,1771685079564000,3.6000001,1.8000001,14,0
1771685079588000,1771685079588000,3.6000001,1.8000001,14,0
1771685079604000,1771685079604000,3.6000001,1.8000001,14,0
1771685079628000,1771685079628000,3.6000001,1.8000001,14,0
1771685079644000,1771685079644000,3.6000001,1.8000001,14,0
1771685079668000,1771685079668000,3.6000001,1.8000001,14,0
1771685079684000,1771685079684000,3.6000001,1.8000001,14,0
1771685079708000,1771685079708000,3.6000001,1.8000001,14,0
1771685079724000,1771685079724000,3.6000001,1.8000001,14,0
1771685079748000,1771685079748000,3.6000001,1.8000001,14,0
1771685079764000,1771685079764000,3.6000001,1.8000001,14,0
1771685079788000,1771685079788000,3.6000001,1.8000001,14,0
1771685079804000,1771685079804000,3.6000001,1.8000001,14,0
1771685079828000,1771685079828000,3.6000001,1.8000001,14,0
1771685079844000,1771685079844000,3.6000001,1.8000001,14,0
1771685079868000,1771685079868000,3.6000001,1.8000001,14,0
1771685079884000,1771685079884000,3.6000001,1.8000001,14,0
1771685079908000,1771685079908000,3.6000001,1.8000001,14,0
1771685079924000,1771685079924000,3.6000001,1.8000001,14,0
1771685079948000,1771685079948000,3.6000001,1.8000001,14,0
1771685079964000,1771685079964000,3.6000001,1.8000001,14,0
1771685079988000,1771685079988000,3.6000001,1.8000001,14,0
1771685080004000,1771685080004000,3.6000001,1.8000001,14,0
1771685080028000,1771685080028000,3.6000001,1.8000001,14,0
1771685080044000,1771685080044000,3.6000001,1.8000001,14,0
1771685080068000,1771685080068000,3.6000001,1.8000001,14,0
1771685080084000,1771685080084000,3.6000001,1.8000001,14,0
1771685080108000,1771685080108000,3.6000001,1.8000001,14,0
1771685080124000,1771685080124000,3.6000001,1.8000001,14,0
1771685080148000,1771685080148000,3.6000001,1.8000001,14,0
1771685080164000,1771685080164000,3.6000001,1.8000001,14,0
1771685080188000,1771685080188000,3.6000001,1.8000001,14,0
1771685080204000,1771685080204000,3.6000001,1.8000001,14,0
1771685080228000,1771685080228000,3.6000001,1.8000001,14,0
1771685080244000,1771685080244000,3.6000001,1.8000001,14,0
1771685080268000,1771685080268000,3.6000001,1.8000001,14,0
1771685080284000,1771685080284000,3.6000001,1.8000001,14,0
1771685080308000,1771685080308000,3.6000001,1.8000001,14,0
1771685080324000,1771685080324000,3.6000001,1.8000001,14,0
1771685080348000,1771685080348000,3.6000001,1.8000001,14,0
1771685080364000,1771685080364000,3.6000001,1.8000001,14,0
1771685080388000,1771685080388000,3.6000001,1.8000001,14,0
1771685080404000,1771685080404000,3.6000001,1.8000001,14,0
1771685080428000,1771685080428000,3.6000001,1.8000001,14,0
1771685080444000,1771685080444000,3.6000001,1.8000001,14,0
1771685080468000,1771685080468000,3.6000001,1.8000001,14,0
1771685080484000,1771685080484000,3.6000001,1.8000001,14,0
1771685080508000,1771685080508000,3.6000001,1.8000001,14,0
1771685080524000,1771685080524000,3.6000001,1.8000001,14,0
1771685080548000,1771685080548000,3.6000001,1.8000001,14,0
1771685080564000,1771685080564000,3.6000001,1.8000001,14,0
1771685080588000,1771685080588000,3.6000001,1.8000001,14,0
1771685080604000,1771685080604000,3.6000001,1.8000001,14,0
1771685080628000,1771685080628000,3.6000001,1.8000001,14,0
1771685080644000,1771685080644000,3.6000001,1.8000001,14,0
1771685080668000,1771685080668000,3.6000001,1.8000001,14,0
1771685080684000,1771685080684000,3.6000001,1.8000001,14,0
1771685080708000,1771685080708000,3.6000001,1.8000001,14,0
1771685080724000,1771685080724000,3.6000001,1.8000001,14,0
1771685080748000,1771685080748000,3.6000001,1.8000001,14,0
1771685080764000,1771685080764000,3.6000001,1.8000001,14,0
1771685080788000,1771685080788000,3.6000001,1.8000001,14,0
1771685080804000,1771685080804000,3.6000001,1.8000001,14,0
1771685080828000,1771685080828000,3.6000001,1.8000001,14,0
1771685080844000,1771685080844000,3.6000001,1.8000001,14,0
1771685080868000,1771685080868000,3.6000001,1.8000001,14,0
1771685080884000,1771685080884000,3.6000001,1.8000001,14,0
1771685080908000,1771685080908000,3.6000001,1.8000001,14,0
1771685080924000,1771685080924000,3.6000001,1.8000001,14,0
1771685080948000,1771685080948000,3.6000001,1.8000001,14,0
1771685080964000,1771685080964000,3.6000001,1.8000001,14,0
1771685080988000,1771685080988000,3.6000001,1.8000001,14,0
1771685081004000,1771685081004000,3.6000001,1.8000001,14,0
1771685081028000,1771685081028000,3.6000001,1.8000001,14,0
1771685081044000,1771685081044000,3.6000001,1.8000001,14,0
1771685081068000,1771685081068000,3.6000001,1.8000001,14,0
1771685081084000,1771685081084000,3.6000001,1.8000001,14,0
1771685081108000,1771685081108000,3.6000001,1.8000001,14,0
1771685081124000,1771685081124000,3.6000001,1.8000001,14,0
1771685081148000,1771685081148000,3.6000001,1.8000001,14,0
1771685081164000,1771685081164000,3.6000001,1.8000001,14,0
1771685081188000,1771685081188000,3.6000001,1.8000001,14,0
1771685081204000,1771685081204000,3.6000001,1.8000001,14,0
1771685081228000,1771685081228000,3.6000001,1.8000001,14,0
1771685081244000,1771685081244000,3.6000001,1.8000001,14,0
1771685081268000,1771685081268000,3.6000001,1.8000001,14,0
1771685081284000,1771685081284000,3.6000001,1.8000001,14,0
1771685081308000,1771685081308000,3.6000001,1.8000001,14,0
1771685081324000,1771685081324000,3.6000001,1.8000001,14,0
1771685081348000,1771685081348000,3.6000001,1.8000001,14,0
1771685081364000,1771685081364000,3.6000001,1.8000001,14,0
1771685081388000,1771685081388000,3.6000001,1.8000001,14,0
1771685081404000,1771685081404000,3.6000001,1.8000001,14,0
1771685081428000,1771685081428000,3.6000001,1.8000001,14,0
1771685081444000,1771685081444000,3.6000001,1.8000001,14,0
1771685081468000,1771685081468000,3.6000001,1.8000001,14,0
1771685081484000,1771685081484000,3.6000001,1.8000001,14,0
1771685081508000,1771685081508000,3.6000001,1.8000001,14,0
1771685081524000,1771685081524000,3.6000001,1.8000001,14,0
1771685081548000,1771685081548000,3.6000001,1.8000001,14,0
1771685081564000,1771685081564000,3.6000001,1.8000001,14,0
1771685081588000,1771685081588000,3.6000001,1.8000001,14,0
1771685081604000,1771685081604000,3.6000001,1.8000001,14,0
1771685081628000,1771685081628000,3.6000001,1.8000001,14,0
1771685081644000,1771685081644000,3.6000001,1.8000001,14,0
1771685081668000,1771685081668000,3.6000001,1.8000001,14,0
1771685081684000,1771685081684000,3.6000001,1.8000001,14,0
1771685081708000,1771685081708000,3.6000001,1.8000001,14,0
1771685081724000,1771685081724000,3.6000001,1.8000001,14,0
1771685081748000,1771685081748000,3.6000001,1.8000001,14,0
1771685081764000,1771685081764000,3.6000001,1.8000001,14,0
1771685081788000,1771685081788000,3.6000001,1.8000001,14,0
1771685081804000,1771685081804000,3.6000001,1.8000001,14,0
1771685081828000,1771685081828000,3.6000001,1.8000001,14,0
1771685081844000,1771685081844000,3.6000001,1.8000001,14,0
1771685081868000,1771685081868000,3.6000001,1.8000001,14,0
1771685081884000,1771685081884000,3.6000001,1.8000001,14,0
1771685081908000,1771685081908000,3.6000001,1.8000001,14,0
1771685081924000,1771685081924000,3.6000001,1.8000001,14,0
1771685081948000,1771685081948000,3.6000001,1.8000001,14,0
1771685081964000,1771685081964000,3.6000001,1.8000001,14,0
1771685081988000,1771685081988000,3.6000001,1.8000001,14,0
1771685082004000,1771685082004000,3.6000001,1.8000001,14,0
1771685082028000,1771685082028000,3.6000001,1.8000001,14,0
1771685082044000,1771685082044000,3.6000001,1.8000001,14,0
1771685082068000,1771685082068000,3.6000001,1.8000001,14,0
1771685082084000,1771685082084000,3.6000001,1.8000001,14,0
1771685082108000,1771685082108000,3.6000001,1.8000001,14,0
1771685082124000,1771685082124000,3.6000001,1.8000001,14,0
1771685082148000,1771685082148000,3.6000001,1.8000001,14,0
1771685082164000,1771685082164000,3.6000001,1.8000001,14,0
1771685082188000,1771685082188000,3.6000001,1.8000001,14,0
1771685082204000,1771685082204000,3.6000001,1.8000001,14,0
1771685082228000,1771685082228000,3.6000001,1.8000001,14,0
1771685082244000,1771685082244000,3.6000001,1.8000001,14,0
1771685082268000,1771685082268000,3.6000001,1.8000001,14,0
1771685082284000,1771685082284000,3.6000001,1.8000001,14,0
1771685082308000,1771685082308000,3.6000001,1.8000001,14,0
1771685082324000,1771685082324000,3.6000001,1.8000001,14,0
1771685082348000,1771685082348000,3.6000001,1.8000001,14,0
1771685082364000,1771685082364000,3.6000001,1.8000001,14,0
1771685082388000,1771685082388000,3.6000001,1.8000001,14,0
1771685082404000,1771685082404000,3.6000001,1.8000001,14,0
1771685082428000,1771685082428000,3.6000001,1.8000001,14,0
1771685082444000,1771685082444000,3.6000001,1.8000001,14,0
1771685082468000,1771685082468000,3.6000001,1.8000001,14,0
1771685082484000,1771685082484000,3.6000001,1.8000001,14,0
1771685082508000,1771685082508000,3.6000001,1.8000001,14,0
1771685082524000,1771685082524000,3.6000001,1.8000001,14,0
1771685082548000,1771685082548000,3.6000001,1.8000001,14,0
1771685082564000,1771685082564000,3.6000001,1.8000001,14,0
1771685082588000,1771685082588000,3.6000001,1.8000001,14,0
1771685082604000,1771685082604000,3.6000001,1.8000001,14,0
1771685082628000,1771685082628000,3.6000001,1.8000001,14,0
1771685082644000,1771685082644000,3.6000001,1.8000001,14,0
1771685082668000,1771685082668000,3.6000001,1.8000001,14,0
1771685082684000,1771685082684000,3.6000001,1.8000001,14,0
1771685082708000,1771685082708000,3.6000001,1.8000001,14,0
1771685082724000,1771685082724000,3.6000001,1.8000001,14,0
1771685082748000,1771685082748000,3.6000001,1.8000001,14,0
1771685082764000,1771685082764000,3.6000001,1.8000001,14,0
1771685082788000,1771685082788000,3.6000001,1.8000001,14,0
1771685082804000,1771685082804000,3.6000001,1.8000001,14,0
1771685082828000,1771685082828000,3.6000001,1.8000001,14,0
1771685082844000,1771685082844000,3.6000001,1.8000001,14,0
1771685082868000,1771685082868000,3.6000001,1.8000001,14,0
1771685082884000,1771685082884000,3.6000001,1.8000001,14,0
1771685082908000,1771685082908000,3.6000001,1.8000001,14,0
1771685082924000,1771685082924000,3.6000001,1.8000001,14,0
1771685082948000,1771685082948000,3.6000001,1.8000001,14,0
1771685082964000,1771685082964000,3.6000001,1.8000001,14,0
1771685082988000,1771685082988000,3.6000001,1.8000001,14,0
1771685083004000,1771685083004000,3.6000001,1.8000001,14,0
1771685083028000,1771685083028000,3.6000001,1.8000001,14,0
1771685083044000,1771685083044000,3.6000001,1.8000001,14,0
1771685083068000,1771685083068000,3.6000001,1.8000001,14,0
1771685083084000,1771685083084000,3.6000001,1.8000001,14,0
1771685083108000,1771685083108000,3.6000001,1.8000001,14,0
1771685083124000,1771685083124000,3.6000001,1.8000001,14,0
1771685083148000,1771685083148000,3.6000001,1.8000001,14,0
1771685083164000,1771685083164000,3.6000001,1.8000001,14,0
1771685083188000,1771685083188000,3.6000001,1.8000001,14,0
1771685083204000,1771685083204000,3.6000001,1.8000001,14,0
1771685083228000,1771685083228000,3.6000001,1.8000001,14,0
1771685083244000,1771685083244000,3.6000001,1.8000001,14,0
1771685083268000,1771685083268000,3.6000001,1.8000001,14,0
1771685083284000,1771685083284000,3.6000001,1.8000001,14,0
1771685083308000,1771685083308000,3.6000001,1.8000001,14,0
1771685083324000,1771685083324000,3.6000001,1.8000001,14,0
1771685083348000,1771685083348000,3.6000001,1.8000001,14,0
1771685083364000,1771685083364000,3.6000001,1.8000001,14,0
1771685083388000,1771685083388000,3.6000001,1.8000001,14,0
1771685083404000,1771685083404000,3.6000001,1.8000001,14,0
1771685083428000,1771685083428000,3.6000001,1.8000001,14,0
1771685083444000,1771685083444000,3.6000001,1.8000001,14,0
1771685083468000,1771685083468000,3.6000001,1.8000001,14,0
1771685083484000,1771685083484000,3.6000001,1.8000001,14,0
1771685083508000,1771685083508000,3.6000001,1.8000001,14,0
1771685083524000,1771685083524000,3.6000001,1.8000001,14,0
1771685083548000,1771685083548000,3.6000001,1.8000001,14,0
1771685083564000,1771685083564000,3.6000001,1.8000001,14,0
1771685083588000,1771685083588000,3.6000001,1.8000001,14,0
1771685083604000,1771685083604000,3.6000001,1.8000001,14,0
1771685083628000,1771685083628000,3.6000001,1.8000001,14,0
1771685083644000,1771685083644000,3.6000001,1.8000001,14,0
1771685083668000,1771685083668000,3.6000001,1.8000001,14,0
1771685083684000,1771685083684000,3.6000001,1.8000001,14,0
1771685083708000,1771685083708000,3.6000001,1.8000001,14,0
1771685083724000,1771685083724000,3.6000001,1.8000001,14,0
1771685083748000,1771685083748000,3.6000001,1.8000001,14,0
1771685083764000,1771685083764000,3.6000001,1.8000001,14,0
1771685083788000,1771685083788000,3.6000001,1.8000001,14,0
1771685083804000,1771685083804000,3.6000001,1.8000001,14,0
1771685083828000,1771685083828000,3.6000001,1.8000001,14,0
1771685083844000,1771685083844000,3.6000001,1.8000001,14,0
1771685083868000,1771685083868000,3.6000001,1.8000001,14,0
1771685083884000,1771685083884000,3.6000001,1.8000001,14,0
1771685083908000,1771685083908000,3.6000001,1.8000001,14,0
1771685083924000,1771685083924000,3.6000001,1.8000001,14,0
1771685083948000,1771685083948000,3.6000001,1.8000001,14,0
1771685083964000,1771685083964000,3.6000001,1.8000001,14,0
1771685083988000,1771685083988000,3.6000001,1.8000001,14,0
1771685084004000,1771685084004000,3.6000001,1.8000001,14,0
1771685084028000,1771685084028000,3.6000001,1.8000001,14,0
1771685084044000,1771685084044000,3.6000001,1.8000001,14,0
1771685084068000,1771685084068000,3.6000001,1.8000001,14,0
1771685084084000,1771685084084000,3.6000001,1.8000001,14,0
1771685084108000,1771685084108000,3.6000001,1.8000001,14,0
1771685084124000,1771685084124000,3.6000001,1.8000001,14,0
1771685084148000,1771685084148000,3.6000001,1.8000001,14,0
1771685084164000,1771685084164000,3.6000001,1.8000001,14,0
1771685084188000,1771685084188000,3.6000001,1.8000001,14,0
1771685084204000,1771685084204000,3.6000001,1.8000001,14,0
1771685084228000,1771685084228000,3.6000001,1.8000001,14,0
1771685084244000,1771685084244000,3.6000001,1.8000001,14,0
1771685084268000,1771685084268000,3.6000001,1.8000001,14,0
1771685084284000,1771685084284000,3.6000001,1.8000001,14,0
1771685084308000,1771685084308000,3.6000001,1.8000001,14,0
1771685084324000,1771685084324000,3.6000001,1.8000001,14,0
1771685084348000,1771685084348000,3.6000001,1.8000001,14,0
1771685084364000,1771685084364000,3.6000001,1.8000001,14,0
1771685084388000,1771685084388000,3.6000001,1.8000001,14,0
1771685084404000,1771685084404000,3.6000001,1.8000001,14,0
1771685084428000,1771685084428000,3.6000001,1.8000001,14,0
1771685084444000,1771685084444000,3.6000001,1.8000001,14,0
1771685084468000,1771685084468000,3.6000001,1.8000001,14,0
1771685084484000,1771685084484000,3.6000001,1.8000001,14,0
1771685084508000,1771685084508000,3.6000001,1.8000001,14,0
1771685084524000,1771685084524000,3.6000001,1.8000001,14,0
1771685084548000,1771685084548000,3.6000001,1.8000001,14,0
1771685084564000,1771685084564000,3.6000001,1.8000001,14,0
1771685084588000,1771685084588000,3.6000001,1.8000001,14,0
1771685084604000,1771685084604000,3.6000001,1.8000001,14,0
1771685084628000,1771685084628000,3.6000001,1.8000001,14,0
1771685084644000,1771685084644000,3.6000001,1.8000001,14,0
1771685084668000,1771685084668000,3.6000001,1.8000001,14,0
1771685084684000,1771685084684000,3.6000001,1.8000001,14,0
1771685084708000,1771685084708000,3.6000001,1.8000001,14,0
1771685084724000,1771685084724000,3.6000001,1.8000001,14,0
1771685084748000,1771685084748000,3.6000001,1.8000001,14,0
1771685084764000,1771685084764000,3.6000001,1.8000001,14,0
1771685084788000,1771685084788000,3.6000001,1.8000001,14,0
1771685084804000,1771685084804000,3.6000001,1.8000001,14,0
1771685084828000,1771685084828000,3.6000001,1.8000001,14,0
1771685084844000,1771685084844000,3.6000001,1.8000001,14,0
1771685084868000,1771685084868000,3.6000001,1.8000001,14,0
1771685084884000,1771685084884000,3.6000001,1.8000001,14,0
1771685084908000,1771685084908000,3.6000001,1.8000001,14,0
1771685084924000,1771685084924000,3.6000001,1.8000001,14,0
1771685084948000,1771685084948000,3.6000001,1.8000001,14,0
1771685084964000,1771685084964000,3.6000001,1.8000001,14,0
1771685084988000,1771685084988000,3.6000001,1.8000001,14,0
1771685085004000,1771685085004000,3.6000001,1.8000001,14,0
1771685085028000,1771685085028000,3.6000001,1.8000001,14,0
1771685085044000,1771685085044000,3.6000001,1.8000001,14,0
1771685085068000,1771685085068000,3.6000001,1.8000001,14,0
1771685085084000,1771685085084000,3.6000001,1.8000001,14,0
1771685085108000,1771685085108000,3.6000001,1.8000001,14,0
1771685085124000,1771685085124000,3.6000001,1.8000001,14,0
1771685085148000,1771685085148000,3.6000001,1.8000001,14,0
1771685085164000,1771685085164000,3.6000001,1.8000001,14,0
1771685085188000,1771685085188000,3.6000001,1.8000001,14,0
1771685085204000,1771685085204000,3.6000001,1.8000001,14,0
1771685085228000,1771685085228000,3.6000001,1.8000001,14,0
1771685085244000,1771685085244000,3.6000001,1.8000001,14,0
1771685085268000,1771685085268000,3.6000001,1.8000001,14,0
1771685085284000,1771685085284000,3.6000001,1.8000001,14,0
1771685085308000,1771685085308000,3.6000001,1.8000001,14,0
1771685085324000,1771685085324000,3.6000001,1.8000001,14,0
1771685085348000,1771685085348000,3.6000001,1.8000001,14,0
1771685085364000,1771685085364000,3.6000001,1.8000001,14,0
1771685085388000,1771685085388000,3.6000001,1.8000001,14,0
1771685085404000,1771685085404000,3.6000001,1.8000001,14,0
1771685085428000,1771685085428000,3.6000001,1.8000001,14,0
1771685085444000,1771685085444000,3.6000001,1.8000001,14,0
1771685085468000,1771685085468000,3.6000001,1.8000001,14,0
1771685085484000,1771685085484000,3.6000001,1.8000001,14,0
1771685085508000,1771685085508000,3.6000001,1.8000001,14,0
1771685085524000,1771685085524000,3.6000001,1.8000001,14,0
1771685085548000,1771685085548000,3.6000001,1.8000001,14,0
1771685085564000,1771685085564000,3.6000001,1.8000001,14,0
1771685085588000,1771685085588000,3.6000001,1.8000001,14,0
1771685085604000,1771685085604000,3.6000001,1.8000001,14,0
1771685085628000,1771685085628000,3.6000001,1.8000001,14,0
1771685085644000,1771685085644000,3.6000001,1.8000001,14,0
1771685085668000,1771685085668000,3.6000001,1.8000001,14,0
1771685085684000,1771685085684000,3.6000001,1.8000001,14,0
1771685085708000,1771685085708000,3.6000001,1.8000001,14,0
1771685085724000,1771685085724000,3.6000001,1.8000001,14,0
1771685085748000,1771685085748000,3.6000001,1.8000001,14,0
1771685085764000,1771685085764000,3.6000001,1.8000001,14,0
1771685085788000,1771685085788000,3.6000001,1.8000001,14,0
1771685085804000,1771685085804000,3.6000001,1.8000001,14,0
1771685085828000,1771685085828000,3.6000001,1.8000001,14,0
1771685085844000,1771685085844000,3.6000001,1.8000001,14,0
1771685085868000,1771685085868000,3.6000001,1.8000001,14,0
1771685085884000,1771685085884000,3.6000001,1.8000001,14,0
1771685085908000,1771685085908000,3.6000001,1.8000001,14,0
1771685085924000,1771685085924000,3.6000001,1.8000001,14,0
1771685085948000,1771685085948000,3.6000001,1.8000001,14,0
1771685085964000,1771685085964000,3.6000001,1.8000001,14,0
1771685085988000,1771685085988000,3.6000001,1.8000001,14,0
1771685086004000,1771685086004000,3.6000001,1.8000001,14,0
1771685086028000,1771685086028000,3.6000001,1.8000001,14,0
1771685086044000,1771685086044000,3.6000001,1.8000001,14,0
1771685086068000,1771685086068000,3.6000001,1.8000001,14,0
1771685086084000,1771685086084000,3.6000001,1.8000001,14,0
1771685086108000,1771685086108000,3.6000001,1.8000001,14,0
1771685086124000,1771685086124000,3.6000001,1.8000001,14,0
1771685086148000,1771685086148000,3.6000001,1.8000001,14,0
1771685086164000,1771685086164000,3.6000001,1.8000001,14,0
1771685086188000,1771685086188000,3.6000001,1.8000001,14,0
1771685086204000,1771685086204000,3.6000001,1.8000001,14,0
1771685086228000,1771685086228000,3.6000001,1.8000001,14,0
1771685086244000,1771685086244000,3.6000001,1.8000001,14,0
1771685086268000,1771685086268000,3.6000001,1.8000001,14,0
1771685086284000,1771685086284000,3.6000001,1.8000001,14,0
1771685086308000,1771685086308000,3.6000001,1.8000001,14,0
1771685086324000,1771685086324000,3.6000001,1.8000001,14,0
1771685086348000,1771685086348000,3.6000001,1.8000001,14,0
1771685086364000,1771685086364000,3.6000001,1.8000001,14,0
1771685086388000,1771685086388000,3.6000001,1.8000001,14,0
1771685086404000,1771685086404000,3.6000001,1.8000001,14,0
1771685086428000,1771685086428000,3.6000001,1.8000001,14,0
1771685086444000,1771685086444000,3.6000001,1.8000001,14,0
1771685086468000,1771685086468000,3.6000001,1.8000001,14,0
1771685086484000,1771685086484000,3.6000001,1.8000001,14,0
1771685086508000,1771685086508000,3.6000001,1.8000001,14,0
1771685086524000,1771685086524000,3.6000001,1.8000001,14,0
1771685086548000,1771685086548000,3.6000001,1.8000001,14,0
1771685086564000,1771685086564000,3.6000001,1.8000001,14,0
1771685086588000,1771685086588000,3.6000001,1.8000001,14,0
1771685086604000,1771685086604000,3.6000001,1.8000001,14,0
1771685086628000,1771685086628000,3.6000001,1.8000001,14,0
1771685086644000,1771685086644000,3.6000001,1.8000001,14,0
1771685086668000,1771685086668000,3.6000001,1.8000001,14,0
1771685086684000,1771685086684000,3.6000001,1.8000001,14,0
1771685086708000,1771685086708000,3.6000001,1.8000001,14,0
1771685086724000,1771685086724000,3.6000001,1.8000001,14,0
1771685086748000,1771685086748000,3.6000001,1.8000001,14,0
1771685086764000,1771685086764000,3.6000001,1.8000001,14,0
1771685086788000,1771685086788000,3.6000001,1.8000001,14,0
1771685086804000,1771685086804000,3.6000001,1.8000001,14,0
1771685086828000,1771685086828000,3.6000001,1.8000001,14,0
1771685086844000,1771685086844000,3.6000001,1.8000001,14,0
1771685086868000,1771685086868000,3.6000001,1.8000001,14,0
1771685086884000,1771685086884000,3.6000001,1.8000001,14,0
1771685086908000,1771685086908000,3.6000001,1.8000001,14,0
1771685086924000,1771685086924000,3.6000001,1.8000001,14,0
1771685086948000,1771685086948000,3.6000001,1.8000001,14,0
1771685086964000,1771685086964000,3.6000001,1.8000001,14,0
1771685086988000,1771685086988000,3.6000001,1.8000001,14,0
1771685087004000,1771685087004000,3.6000001,1.8000001,14,0
1771685087028000,1771685087028000,3.6000001,1.8000001,14,0
1771685087044000,1771685087044000,3.6000001,1.8000001,14,0
1771685087068000,1771685087068000,3.6000001,1.8000001,14,0
1771685087084000,1771685087084000,3.6000001,1.8000001,14,0
1771685087108000,1771685087108000,3.6000001,1.8000001,14,0
1771685087124000,1771685087124000,3.6000001,1.8000001,14,0
1771685087148000,1771685087148000,3.6000001,1.8000001,14,0
1771685087164000,1771685087164000,3.6000001,1.8000001,14,0
1771685087188000,1771685087188000,3.6000001,1.8000001,14,0
1771685087204000,1771685087204000,3.6000001,1.8000001,14,0
1771685087228000,1771685087228000,3.6000001,1.8000001,14,0
1771685087244000,1771685087244000,3.6000001,1.8000001,14,0
1771685087268000,1771685087268000,3.6000001,1.8000001,14,0
1771685087284000,1771685087284000,3.6000001,1.8000001,14,0
1771685087308000,1771685087308000,3.6000001,1.8000001,14,0
1771685087324000,1771685087324000,3.6000001,1.8000001,14,0
1771685087348000,1771685087348000,3.6000001,1.8000001,14,0
1771685087364000,1771685087364000,3.6000001,1.8000001,14,0
1771685087388000,1771685087388000,3.6000001,1.8000001,14,0
1771685087404000,1771685087404000,3.6000001,1.8000001,14,0
1771685087428000,1771685087428000,3.6000001,1.8000001,14,0
1771685087444000,1771685087444000,3.6000001,1.8000001,14,0
1771685087468000,1771685087468000,3.6000001,1.8000001,14,0
1771685087484000,1771685087484000,3.6000001,1.8000001,14,0
1771685087508000,1771685087508000,3.6000001,1.8000001,14,0
1771685087524000,1771685087524000,3.6000001,1.8000001,14,0
1771685087548000,1771685087548000,3.6000001,1.8000001,14,0
1771685087564000,1771685087564000,3.6000001,1.8000001,14,0
1771685087588000,1771685087588000,3.6000001,1.8000001,14,0
1771685087604000,1771685087604000,3.6000001,1.8000001,14,0
1771685087628000,1771685087628000,3.6000001,1.8000001,14,0
1771685087644000,1771685087644000,3.6000001,1.8000001,14,0
1771685087668000,1771685087668000,3.6000001,1.8000001,14,0
1771685087684000,1771685087684000,3.6000001,1.8000001,14,0
1771685087708000,1771685087708000,3.6000001,1.8000001,14,0
1771685087724000,1771685087724000,3.6000001,1.8000001,14,0
1771685087748000,1771685087748000,3.6000001,1.8000001,14,0
1771685087764000,1771685087764000,3.6000001,1.8000001,14,0
1771685087788000,1771685087788000,3.6000001,1.8000001,14,0
1771685087804000,1771685087804000,3.6000001,1.8000001,14,0
1771685087828000,1771685087828000,3.6000001,1.8000001,14,0
1771685087844000,1771685087844000,3.6000001,1.8000001,14,0
1771685087868000,1771685087868000,3.6000001,1.8000001,14,0
1771685087884000,1771685087884000,3.6000001,1.8000001,14,0
1771685087908000,1771685087908000,3.6000001,1.8000001,14,0
1771685087924000,1771685087924000,3.6000001,1.8000001,14,0
1771685087948000,1771685087948000,3.6000001,1.8000001,14,0
1771685087964000,1771685087964000,3.6000001,1.8000001,14,0
1771685087988000,1771685087988000,3.6000001,1.8000001,14,0
1771685088004000,1771685088004000,3.6000001,1.8000001,14,0
1771685088028000,1771685088028000,3.6000001,1.8000001,14,0
1771685088044000,1771685088044000,3.6000001,1.8000001,14,0
1771685088068000,1771685088068000,3.6000001,1.8000001,14,0
1771685088084000,1771685088084000,3.6000001,1.8000001,14,0
1771685088108000,1771685088108000,3.6000001,1.8000001,14,0
1771685088124000,1771685088124000,3.6000001,1.8000001,14,0
1771685088148000,1771685088148000,3.6000001,1.8000001,14,0
1771685088164000,1771685088164000,3.6000001,1.8000001,14,0
1771685088188000,1771685088188000,3.6000001,1.8000001,14,0
1771685088204000,1771685088204000,3.6000001,1.8000001,14,0
1771685088228000,1771685088228000,3.6000001,1.8000001,14,0
1771685088244000,1771685088244000,3.6000001,1.8000001,14,0
1771685088268000,1771685088268000,3.6000001,1.8000001,14,0
1771685088284000,1771685088284000,3.6000001,1.8000001,14,0
1771685088308000,1771685088308000,3.6000001,1.8000001,14,0
1771685088324000,1771685088324000,3.6000001,1.8000001,14,0
1771685088348000,1771685088348000,3.6000001,1.8000001,14,0
1771685088364000,1771685088364000,3.6000001,1.8000001,14,0
1771685088388000,1771685088388000,3.6000001,1.8000001,14,0
1771685088404000,1771685088404000,3.6000001,1.8000001,14,0
1771685088428000,1771685088428000,3.6000001,1.8000001,14,0
1771685088444000,1771685088444000,3.6000001,1.8000001,14,0
1771685088468000,1771685088468000,3.6000001,1.8000001,14,0
1771685088484000,1771685088484000,3.6000001,1.8000001,14,0
1771685088508000,1771685088508000,3.6000001,1.8000001,14,0
1771685088524000,1771685088524000,3.6000001,1.8000001,14,0
1771685088548000,1771685088548000,3.6000001,1.8000001,14,0
1771685088564000,1771685088564000,3.6000001,1.8000001,14,0
1771685088588000,1771685088588000,3.6000001,1.8000001,14,0
1771685088604000,1771685088604000,3.6000001,1.8000001,14,0
1771685088628000,1771685088628000,3.6000001,1.8000001,14,0
1771685088644000,1771685088644000,3.6000001,1.8000001,14,0
1771685088668000,1771685088668000,3.6000001,1.8000001,14,0
1771685088684000,1771685088684000,3.6000001,1.8000001,14,0
1771685088708000,1771685088708000,3.6000001,1.8000001,14,0
1771685088724000,1771685088724000,3.6000001,1.8000001,14,0
1771685088748000,1771685088748000,3.6000001,1.8000001,14,0
1771685088764000,1771685088764000,3.6000001,1.8000001,14,0
1771685088788000,1771685088788000,3.6000001,1.8000001,14,0
1771685088804000,1771685088804000,3.6000001,1.8000001,14,0
1771685088828000,1771685088828000,3.6000001,1.8000001,14,0
1771685088844000,1771685088844000,3.6000001,1.8000001,14,0
1771685088868000,1771685088868000,3.6000001,1.8000001,14,0
1771685088884000,1771685088884000,3.6000001,1.8000001,14,0
1771685088908000,1771685088908000,3.6000001,1.8000001,14,0
1771685088924000,1771685088924000,3.6000001,1.8000001,14,0
1771685088948000,1771685088948000,3.6000001,1.8000001,14,0
1771685088964000,1771685088964000,3.6000001,1.8000001,14,0
1771685088988000,1771685088988000,3.6000001,1.8000001,14,0
1771685089004000,1771685089004000,3.6000001,1.8000001,14,0
1771685089028000,1771685089028000,3.6000001,1.8000001,14,0
1771685089044000,1771685089044000,3.6000001,1.8000001,14,0
1771685089068000,1771685089068000,3.6000001,1.8000001,14,0
1771685089084000,1771685089084000,3.6000001,1.8000001,14,0
1771685089108000,1771685089108000,3.6000001,1.8000001,14,0
1771685089124000,1771685089124000,3.6000001,1.8000001,14,0
1771685089148000,1771685089148000,3.6000001,1.8000001,14,0
1771685089164000,1771685089164000,3.6000001,1.8000001,14,0
1771685089188000,1771685089188000,3.6000001,1.8000001,14,0
1771685089204000,1771685089204000,3.6000001,1.8000001,14,0
1771685089228000,1771685089228000,3.6000001,1.8000001,14,0
1771685089244000,1771685089244000,3.6000001,1.8000001,14,0
1771685089268000,1771685089268000,3.6000001,1.8000001,14,0
1771685089284000,1771685089284000,3.6000001,1.8000001,14,0
1771685089308000,1771685089308000,3.6000001,1.8000001,14,0
1771685089324000,1771685089324000,3.6000001,1.8000001,14,0
1771685089348000,1771685089348000,3.6000001,1.8000001,14,0
1771685089364000,1771685089364000,3.6000001,1.8000001,14,0
1771685089388000,1771685089388000,3.6000001,1.8000001,14,0
1771685089404000,1771685089404000,3.6000001,1.8000001,14,0
1771685089428000,1771685089428000,3.6000001,1.8000001,14,0
1771685089444000,1771685089444000,3.6000001,1.8000001,14,0
1771685089468000,1771685089468000,3.6000001,1.8000001,14,0
1771685089484000,1771685089484000,3.6000001,1.8000001,14,0
1771685089508000,1771685089508000,3.6000001,1.8000001,14,0
1771685089524000,1771685089524000,3.6000001,1.8000001,14,0
1771685089548000,1771685089548000,3.6000001,1.8000001,14,0
1771685089564000,1771685089564000,3.6000001,1.8000001,14,0
1771685089588000,1771685089588000,3.6000001,1.8000001,14,0
1771685089604000,1771685089604000,3.6000001,1.8000001,14,0
1771685089628000,1771685089628000,3.6000001,1.8000001,14,0
1771685089644000,1771685089644000,3.6000001,1.8000001,14,0
1771685089668000,1771685089668000,3.6000001,1.8000001,14,0
1771685089684000,1771685089684000,3.6000001,1.8000001,14,0
1771685089708000,1771685089708000,3.6000001,1.8000001,14,0
1771685089724000,1771685089724000,3.6000001,1.8000001,14,0
1771685089748000,1771685089748000,3.6000001,1.8000001,14,0
1771685089764000,1771685089764000,3.6000001,1.8000001,14,0
1771685089788000,1771685089788000,3.6000001,1.8000001,14,0
1771685089804000,1771685089804000,3.6000001,1.8000001,14,0
1771685089828000,1771685089828000,3.6000001,1.8000001,14,0
1771685089844000,1771685089844000,3.6000001,1.8000001,14,0
1771685089868000,1771685089868000,3.6000001,1.8000001,14,0
1771685089884000,1771685089884000,3.6000001,1.8000001,14,0
1771685089908000,1771685089908000,3.6000001,1.8000001,14,0
1771685089924000,1771685089924000,3.6000001,1.8000001,14,0
1771685089948000,1771685089948000,3.6000001,1.8000001,14,0
1771685089964000,1771685089964000,3.6000001,1.8000001,14,0
1771685089988000,1771685089988000,3.6000001,1.8000001,14,0
1771685090004000,1771685090004000,3.6000001,1.8000001,14,0
1771685090028000,1771685090028000,3.6000001,1.8000001,14,0
1771685090044000,1771685090044000,3.6000001,1.8000001,14,0
1771685090068000,1771685090068000,3.6000001,1.8000001,14,0
1771685090084000,1771685090084000,3.6000001,1.8000001,14,0
1771685090108000,1771685090108000,3.6000001,1.8000001,14,0
1771685090124000,1771685090124000,3.6000001,1.8000001,14,0
1771685090148000,1771685090148000,3.6000001,1.8000001,14,0
1771685090164000,1771685090164000,3.6000001,1.8000001,14,0
1771685090188000,1771685090188000,3.6000001,1.8000001,14,0
1771685090204000,1771685090204000,3.6000001,1.8000001,14,0
1771685090228000,1771685090228000,3.6000001,1.8000001,14,0
1771685090244000,1771685090244000,3.6000001,1.8000001,14,0
1771685090268000,1771685090268000,3.6000001,1.8000001,14,0
1771685090284000,1771685090284000,3.6000001,1.8000001,14,0
1771685090308000,1771685090308000,3.6000001,1.8000001,14,0
1771685090324000,1771685090324000,3.6000001,1.8000001,14,0
1771685090348000,1771685090348000,3.6000001,1.8000001,14,0
1771685090364000,1771685090364000,3.6000001,1.8000001,14,0
1771685090388000,1771685090388000,3.6000001,1.8000001,14,0
1771685090404000,1771685090404000,3.6000001,1.8000001,14,0
1771685090428000,1771685090428000,3.6000001,1.8000001,14,0
1771685090444000,1771685090444000,3.6000001,1.8000001,14,0
1771685090468000,1771685090468000,3.6000001,1.8000001,14,0
1771685090484000,1771685090484000,3.6000001,1.8000001,14,0
1771685090508000,1771685090508000,3.6000001,1.8000001,14,0
1771685090524000,1771685090524000,3.6000001,1.8000001,14,0
1771685090548000,1771685090548000,3.6000001,1.8000001,14,0
1771685090564000,1771685090564000,3.6000001,1.8000001,14,0
1771685090588000,1771685090588000,3.6000001,1.8000001,14,0
1771685090604000,1771685090604000,3.6000001,1.8000001,14,0
1771685090628000,1771685090628000,3.6000001,1.8000001,14,0
1771685090644000,1771685090644000,3.6000001,1.8000001,14,0
1771685090668000,1771685090668000,3.6000001,1.8000001,14,0
1771685090684000,1771685090684000,3.6000001,1.8000001,14,0
1771685090708000,1771685090708000,3.6000001,1.8000001,14,0
1771685090724000,1771685090724000,3.6000001,1.8000001,14,0
1771685090748000,1771685090748000,3.6000001,1.8000001,14,0
1771685090764000,1771685090764000,3.6000001,1.8000001,14,0
1771685090788000,1771685090788000,3.6000001,1.8000001,14,0
1771685090804000,1771685090804000,3.6000001,1.8000001,14,0
1771685090828000,1771685090828000,3.6000001,1.8000001,14,0
1771685090844000,1771685090844000,3.6000001,1.8000001,14,0
1771685090868000,1771685090868000,3.6000001,1.8000001,14,0
1771685090884000,1771685090884000,3.6000001,1.8000001,14,0
1771685090908000,1771685090908000,3.6000001,1.8000001,14,0
1771685090924000,1771685090924000,3.6000001,1.8000001,14,0
1771685090948000,1771685090948000,3.6000001,1.8000001,14,0
1771685090964000,1771685090964000,3.6000001,1.8000001,14,0
1771685090988000,1771685090988000,3.6000001,1.8000001,14,0
1771685091004000,1771685091004000,3.6000001,1.8000001,14,0
1771685091028000,1771685091028000,3.6000001,1.8000001,14,0
1771685091044000,1771685091044000,3.6000001,1.8000001,14,0
1771685091068000,1771685091068000,3.6000001,1.8000001,14,0
1771685091084000,1771685091084000,3.6000001,1.8000001,14,0
1771685091108000,1771685091108000,3.6000001,1.8000001,14,0
1771685091124000,1771685091124000,3.6000001,1.8000001,14,0
1771685091148000,1771685091148000,3.6000001,1.8000001,14,0
1771685091164000,1771685091164000,3.6000001,1.8000001,14,0
1771685091188000,1771685091188000,3.6000001,1.8000001,14,0
1771685091204000,1771685091204000,3.6000001,1.8000001,14,0
1771685091228000,1771685091228000,3.6000001,1.8000001,14,0
1771685091244000,1771685091244000,3.6000001,1.8000001,14,0
1771685091268000,1771685091268000,3.6000001,1.8000001,14,0
1771685091284000,1771685091284000,3.6000001,1.8000001,14,0
1771685091308000,1771685091308000,3.6000001,1.8000001,14,0
1771685091324000,1771685091324000,3.6000001,1.8000001,14,0
1771685091348000,1771685091348000,3.6000001,1.8000001,14,0
1771685091364000,1771685091364000,3.6000001,1.8000001,14,0
1771685091388000,1771685091388000,3.6000001,1.8000001,14,0
1771685091404000,1771685091404000,3.6000001,1.8000001,14,0
1771685091428000,1771685091428000,3.6000001,1.8000001,14,0
1771685091444000,1771685091444000,3.6000001,1.8000001,14,0
1771685091468000,1771685091468000,3.6000001,1.8000001,14,0
1771685091484000,1771685091484000,3.6000001,1.8000001,14,0
1771685091508000,1771685091508000,3.6000001,1.8000001,14,0
1771685091524000,1771685091524000,3.6000001,1.8000001,14,0
1771685091548000,1771685091548000,3.6000001,1.8000001,14,0
1771685091564000,1771685091564000,3.6000001,1.8000001,14,0
1771685091588000,1771685091588000,3.6000001,1.8000001,14,0
1771685091604000,1771685091604000,3.6000001,1.8000001,14,0
1771685091628000,1771685091628000,3.6000001,1.8000001,14,0
1771685091644000,1771685091644000,3.6000001,1.8000001,14,0
1771685091668000,1771685091668000,3.6000001,1.8000001,14,0
1771685091684000,1771685091684000,3.6000001,1.8000001,14,0
1771685091708000,1771685091708000,3.6000001,1.8000001,14,0
1771685091724000,1771685091724000,3.6000001,1.8000001,14,0
1771685091748000,1771685091748000,3.6000001,1.8000001,14,0
1771685091764000,1771685091764000,3.6000001,1.8000001,14,0
1771685091788000,1771685091788000,3.6000001,1.8000001,14,0
1771685091804000,1771685091804000,3.6000001,1.8000001,14,0
1771685091828000,1771685091828000,3.6000001,1.8000001,14,0
1771685091844000,1771685091844000,3.6000001,1.8000001,14,0
1771685091868000,1771685091868000,3.6000001,1.8000001,14,0
1771685091884000,1771685091884000,3.6000001,1.8000001,14,0
1771685091908000,1771685091908000,3.6000001,1.8000001,14,0
1771685091924000,1771685091924000,3.6000001,1.8000001,14,0
1771685091948000,1771685091948000,3.6000001,1.8000001,14,0
1771685091964000,1771685091964000,3.6000001,1.8000001,14,0
1771685091988000,1771685091988000,3.6000001,1.8000001,14,0
1771685092004000,1771685092004000,3.6000001,1.8000001,14,0
1771685092028000,1771685092028000,3.6000001,1.8000001,14,0
1771685092044000,1771685092044000,3.6000001,1.8000001,14,0
1771685092068000,1771685092068000,3.6000001,1.8000001,14,0
1771685092084000,1771685092084000,3.6000001,1.8000001,14,0
1771685092108000,1771685092108000,3.6000001,1.8000001,14,0
1771685092124000,1771685092124000,3.6000001,1.8000001,14,0
1771685092148000,1771685092148000,3.6000001,1.8000001,14,0
1771685092164000,1771685092164000,3.6000001,1.8000001,14,0
1771685092188000,1771685092188000,3.6000001,1.8000001,14,0
1771685092204000,1771685092204000,3.6000001,1.8000001,14,0
1771685092228000,1771685092228000,3.6000001,1.8000001,14,0
1771685092244000,1771685092244000,3.6000001,1.8000001,14,0
1771685092268000,1771685092268000,3.6000001,1.8000001,14,0
1771685092284000,1771685092284000,3.6000001,1.8000001,14,0
1771685092308000,1771685092308000,3.6000001,1.8000001,14,0
1771685092324000,1771685092324000,3.6000001,1.8000001,14,0
1771685092348000,1771685092348000,3.6000001,1.8000001,14,0
1771685092364000,1771685092364000,3.6000001,1.8000001,14,0
1771685092388000,1771685092388000,3.6000001,1.8000001,14,0
1771685092404000,1771685092404000,3.6000001,1.8000001,14,0
1771685092428000,1771685092428000,3.6000001,1.8000001,14,0
1771685092444000,1771685092444000,3.6000001,1.8000001,14,0
1771685092468000,1771685092468000,3.6000001,1.8000001,14,0
1771685092484000,1771685092484000,3.6000001,1.8000001,14,0
1771685092508000,1771685092508000,3.6000001,1.8000001,14,0
1771685092524000,1771685092524000,3.6000001,1.8000001,14,0
1771685092548000,1771685092548000,3.6000001,1.8000001,14,0
1771685092564000,1771685092564000,3.6000001,1.8000001,14,0
1771685092588000,1771685092588000,3.6000001,1.8000001,14,0
1771685092604000,1771685092604000,3.6000001,1.8000001,14,0
1771685092628000,1771685092628000,3.6000001,1.8000001,14,0
1771685092644000,1771685092644000,3.6000001,1.8000001,14,0
1771685092668000,1771685092668000,3.6000001,1.8000001,14,0
1771685092684000,1771685092684000,3.6000001,1.8000001,14,0
1771685092708000,1771685092708000,3.6000001,1.8000001,14,0
1771685092724000,1771685092724000,3.6000001,1.8000001,14,0
1771685092748000,1771685092748000,3.6000001,1.8000001,14,0
1771685092764000,1771685092764000,3.6000001,1.8000001,14,0
1771685092788000,1771685092788000,3.6000001,1.8000001,14,0
1771685092804000,1771685092804000,3.6000001,1.8000001,14,0
1771685092828000,1771685092828000,3.6000001,1.8000001,14,0
1771685092844000,1771685092844000,3.6000001,1.8000001,14,0
1771685092868000,1771685092868000,3.6000001,1.8000001,14,0
1771685092884000,1771685092884000,3.6000001,1.8000001,14,0
1771685092908000,1771685092908000,3.6000001,1.8000001,14,0
1771685092924000,1771685092924000,3.6000001,1.8000001,14,0
1771685092948000,1771685092948000,3.6000001,1.8000001,14,0
1771685092964000,1771685092964000,3.6000001,1.8000001,14,0
1771685092988000,1771685092988000,3.6000001,1.8000001,14,0
1771685093004000,1771685093004000,3.6000001,1.8000001,14,0
1771685093028000,1771685093028000,3.6000001,1.8000001,14,0
1771685093044000,1771685093044000,3.6000001,1.8000001,14,0
1771685093068000,1771685093068000,3.6000001,1.8000001,14,0
1771685093084000,1771685093084000,3.6000001,1.8000001,14,0
1771685093108000,1771685093108000,3.6000001,1.8000001,14,0
1771685093124000,1771685093124000,3.6000001,1.8000001,14,0
1771685093148000,1771685093148000,3.6000001,1.8000001,14,0
1771685093164000,1771685093164000,3.6000001,1.8000001,14,0
1771685093188000,1771685093188000,3.6000001,1.8000001,14,0
1771685093204000,1771685093204000,3.6000001,1.8000001,14,0
1771685093228000,1771685093228000,3.6000001,1.8000001,14,0
1771685093244000,1771685093244000,3.6000001,1.8000001,14,0
1771685093268000,1771685093268000,3.6000001,1.8000001,14,0
1771685093284000,1771685093284000,3.6000001,1.8000001,14,0
1771685093308000,1771685093308000,3.6000001,1.8000001,14,0
1771685093324000,1771685093324000,3.6000001,1.8000001,14,0
1771685093348000,1771685093348000,3.6000001,1.8000001,14,0
1771685093364000,1771685093364000,3.6000001,1.8000001,14,0
1771685093388000,1771685093388000,3.6000001,1.8000001,14,0
1771685093404000,1771685093404000,3.6000001,1.8000001,14,0
1771685093428000,1771685093428000,3.6000001,1.8000001,14,0
1771685093444000,1771685093444000,3.6000001,1.8000001,14,0
1771685093468000,1771685093468000,3.6000001,1.8000001,14,0
1771685093484000,1771685093484000,3.6000001,1.8000001,14,0
1771685093508000,1771685093508000,3.6000001,1.8000001,14,0
1771685093524000,1771685093524000,3.6000001,1.8000001,14,0
1771685093548000,1771685093548000,3.6000001,1.8000001,14,0
1771685093564000,1771685093564000,3.6000001,1.8000001,14,0
1771685093588000,1771685093588000,3.6000001,1.8000001,14,0
1771685093604000,1771685093604000,3.6000001,1.8000001,14,0
1771685093628000,1771685093628000,3.6000001,1.8000001,14,0
1771685093644000,1771685093644000,3.6000001,1.8000001,14,0
1771685093668000,1771685093668000,3.6000001,1.8000001,14,0
1771685093684000,1771685093684000,3.6000001,1.8000001,14,0
1771685093708000,1771685093708000,3.6000001,1.8000001,14,0
1771685093724000,1771685093724000,3.6000001,1.8000001,14,0
1771685093748000,1771685093748000,3.6000001,1.8000001,14,0
1771685093764000,1771685093764000,3.6000001,1.8000001,14,0
1771685093788000,1771685093788000,3.6000001,1.8000001,14,0
1771685093804000,1771685093804000,3.6000001,1.8000001,14,0
1771685093828000,1771685093828000,3.6000001,1.8000001,14,0
1771685093844000,1771685093844000,3.6000001,1.8000001,14,0
1771685093868000,1771685093868000,3.6000001,1.8000001,14,0
1771685093884000,1771685093884000,3.6000001,1.8000001,14,0
1771685093908000,1771685093908000,3.6000001,1.8000001,14,0
1771685093924000,1771685093924000,3.6000001,1.8000001,14,0
1771685093948000,1771685093948000,3.6000001,1.8000001,14,0
1771685093964000,1771685093964000,3.6000001,1.8000001,14,0
1771685093988000,1771685093988000,3.6000001,1.8000001,14,0
1771685094004000,1771685094004000,3.6000001,1.8000001,14,0
1771685094028000,1771685094028000,3.6000001,1.8000001,14,0
1771685094044000,1771685094044000,3.6000001,1.8000001,14,0
1771685094068000,1771685094068000,3.6000001,1.8000001,14,0
1771685094084000,1771685094084000,3.6000001,1.8000001,14,0
1771685094108000,1771685094108000,3.6000001,1.8000001,14,0
1771685094124000,1771685094124000,3.6000001,1.8000001,14,0
1771685094148000,1771685094148000,3.6000001,1.8000001,14,0
1771685094164000,1771685094164000,3.6000001,1.8000001,14,0
1771685094188000,1771685094188000,3.6000001,1.8000001,14,0
1771685094204000,1771685094204000,3.6000001,1.8000001,14,0
1771685094228000,1771685094228000,3.6000001,1.8000001,14,0
1771685094244000,1771685094244000,3.6000001,1.8000001,14,0
1771685094268000,1771685094268000,3.6000001,1.8000001,14,0
1771685094284000,1771685094284000,3.6000001,1.8000001,14,0
1771685094308000,1771685094308000,3.6000001,1.8000001,14,0
1771685094324000,1771685094324000,3.6000001,1.8000001,14,0
1771685094348000,1771685094348000,3.6000001,1.8000001,14,0
1771685094364000,1771685094364000,3.6000001,1.8000001,14,0
1771685094388000,1771685094388000,3.6000001,1.8000001,14,0
1771685094404000,1771685094404000,3.6000001,1.8000001,14,0
1771685094428000,1771685094428000,3.6000001,1.8000001,14,0
1771685094444000,1771685094444000,3.6000001,1.8000001,14,0
1771685094468000,1771685094468000,3.6000001,1.8000001,14,0
1771685094484000,1771685094484000,3.6000001,1.8000001,14,0
1771685094508000,1771685094508000,3.6000001,1.8000001,14,0
1771685094524000,1771685094524000,3.6000001,1.8000001,14,0
1771685094548000,1771685094548000,3.6000001,1.8000001,14,0
1771685094564000,1771685094564000,3.6000001,1.8000001,14,0
1771685094588000,1771685094588000,3.6000001,1.8000001,14,0
1771685094604000,1771685094604000,3.6000001,1.8000001,14,0
1771685094628000,1771685094628000,3.6000001,1.8000001,14,0
1771685094644000,1771685094644000,3.6000001,1.8000001,14,0
1771685094668000,1771685094668000,3.6000001,1.8000001,14,0
1771685094684000,1771685094684000,3.6000001,1.8000001,14,0
1771685094708000,1771685094708000,3.6000001,1.8000001,14,0
1771685094724000,1771685094724000,3.6000001,1.8000001,14,0
1771685094748000,1771685094748000,3.6000001,1.8000001,14,0
1771685094764000,1771685094764000,3.6000001,1.8000001,14,0
1771685094788000,1771685094788000,3.6000001,1.8000001,14,0
1771685094804000,1771685094804000,3.6000001,1.8000001,14,0
1771685094828000,1771685094828000,3.6000001,1.8000001,14,0
1771685094844000,1771685094844000,3.6000001,1.8000001,14,0
1771685094868000,1771685094868000,3.6000001,1.8000001,14,0
1771685094884000,1771685094884000,3.6000001,1.8000001,14,0
1771685094908000,1771685094908000,3.6000001,1.8000001,14,0
1771685094924000,1771685094924000,3.6000001,1.8000001,14,0
1771685094948000,1771685094948000,3.6000001,1.8000001,14,0
1771685094964000,1771685094964000,3.6000001,1.8000001,14,0
1771685094988000,1771685094988000,3.6000001,1.8000001,14,0
1771685095004000,1771685095004000,3.6000001,1.8000001,14,0
1771685095028000,1771685095028000,3.6000001,1.8000001,14,0
1771685095044000,1771685095044000,3.6000001,1.8000001,14,0
1771685095068000,1771685095068000,3.6000001,1.8000001,14,0
1771685095084000,1771685095084000,3.6000001,1.8000001,14,0
1771685095108000,1771685095108000,3.6000001,1.8000001,14,0
1771685095124000,1771685095124000,3.6000001,1.8000001,14,0
1771685095148000,1771685095148000,3.6000001,1.8000001,14,0
1771685095164000,1771685095164000,3.6000001,1.8000001,14,0
1771685095188000,1771685095188000,3.6000001,1.8000001,14,0
1771685095204000,1771685095204000,3.6000001,1.8000001,14,0
1771685095228000,1771685095228000,3.6000001,1.8000001,14,0
1771685095244000,1771685095244000,3.6000001,1.8000001,14,0
1771685095268000,1771685095268000,3.6000001,1.8000001,14,0
1771685095284000,1771685095284000,3.6000001,1.8000001,14,0
1771685095308000,1771685095308000,3.6000001,1.8000001,14,0
1771685095324000,1771685095324000,3.6000001,1.8000001,14,0
1771685095348000,1771685095348000,3.6000001,1.8000001,14,0
1771685095364000,1771685095364000,3.6000001,1.8000001,14,0
1771685095388000,1771685095388000,3.6000001,1.8000001,14,0
1771685095404000,1771685095404000,3.6000001,1.8000001,14,0
1771685095428000,1771685095428000,3.6000001,1.8000001,14,0
1771685095444000,1771685095444000,3.6000001,1.8000001,14,0
1771685095468000,1771685095468000,3.6000001,1.8000001,14,0
1771685095484000,1771685095484000,3.6000001,1.8000001,14,0
1771685095508000,1771685095508000,3.6000001,1.8000001,14,0
1771685095524000,1771685095524000,3.6000001,1.8000001,14,0
1771685095548000,1771685095548000,3.6000001,1.8000001,14,0
1771685095564000,1771685095564000,3.6000001,1.8000001,14,0
1771685095588000,1771685095588000,3.6000001,1.8000001,14,0
1771685095604000,1771685095604000,3.6000001,1.8000001,14,0
1771685095628000,1771685095628000,3.6000001,1.8000001,14,0
1771685095644000,1771685095644000,3.6000001,1.8000001,14,0
1771685095668000,1771685095668000,3.6000001,1.8000001,14,0
1771685095684000,1771685095684000,3.6000001,1.8000001,14,0
1771685095708000,1771685095708000,3.6000001,1.8000001,14,0
1771685095724000,1771685095724000,3.6000001,1.8000001,14,0
1771685095748000,1771685095748000,3.6000001,1.8000001,14,0
1771685095764000,1771685095764000,3.6000001,1.8000001,14,0
1771685095788000,1771685095788000,3.6000001,1.8000001,14,0
1771685095804000,1771685095804000,3.6000001,1.8000001,14,0
1771685095828000,1771685095828000,3.6000001,1.8000001,14,0
1771685095844000,1771685095844000,3.6000001,1.8000001,14,0
1771685095868000,1771685095868000,3.6000001,1.8000001,14,0
1771685095884000,1771685095884000,3.6000001,1.8000001,14,0
1771685095908000,1771685095908000,3.6000001,1.8000001,14,0
1771685095924000,1771685095924000,3.6000001,1.8000001,14,0
1771685095948000,1771685095948000,3.6000001,1.8000001,14,0
1771685095964000,1771685095964000,3.6000001,1.8000001,14,0
1771685095988000,1771685095988000,3.6000001,1.8000001,14,0
1771685096004000,1771685096004000,3.6000001,1.8000001,14,0
1771685096028000,1771685096028000,3.6000001,1.8000001,14,0
1771685096044000,1771685096044000,3.6000001,1.8000001,14,0
1771685096068000,1771685096068000,3.6000001,1.8000001,14,0
1771685096084000,1771685096084000,3.6000001,1.8000001,14,0
1771685096108000,1771685096108000,3.6000001,1.8000001,14,0
1771685096124000,1771685096124000,3.6000001,1.8000001,14,0
1771685096148000,1771685096148000,3.6000001,1.8000001,14,0
1771685096164000,1771685096164000,3.6000001,1.8000001,14,0
1771685096188000,1771685096188000,3.6000001,1.8000001,14,0
1771685096204000,1771685096204000,3.6000001,1.8000001,14,0
1771685096228000,1771685096228000,3.6000001,1.8000001,14,0
1771685096244000,1771685096244000,3.6000001,1.8000001,14,0
1771685096268000,1771685096268000,3.6000001,1.8000001,14,0
1771685096284000,1771685096284000,3.6000001,1.8000001,14,0
1771685096308000,1771685096308000,3.6000001,1.8000001,14,0
1771685096324000,1771685096324000,3.6000001,1.8000001,14,0
1771685096348000,1771685096348000,3.6000001,1.8000001,14,0
1771685096364000,1771685096364000,3.6000001,1.8000001,14,0
1771685096388000,1771685096388000,3.6000001,1.8000001,14,0
1771685096404000,1771685096404000,3.6000001,1.8000001,14,0
1771685096428000,1771685096428000,3.6000001,1.8000001,14,0
1771685096444000,1771685096444000,3.6000001,1.8000001,14,0
1771685096468000,1771685096468000,3.6000001,1.8000001,14,0
1771685096484000,1771685096484000,3.6000001,1.8000001,14,0
1771685096508000,1771685096508000,3.6000001,1.8000001,14,0
1771685096524000,1771685096524000,3.6000001,1.8000001,14,0
1771685096548000,1771685096548000,3.6000001,1.8000001,14,0
1771685096564000,1771685096564000,3.6000001,1.8000001,14,0
1771685096588000,1771685096588000,3.6000001,1.8000001,14,0
1771685096604000,1771685096604000,3.6000001,1.8000001,14,0
1771685096628000,1771685096628000,3.6000001,1.8000001,14,0
1771685096644000,1771685096644000,3.6000001,1.8000001,14,0
1771685096668000,1771685096668000,3.6000001,1.8000001,14,0
1771685096684000,1771685096684000,3.6000001,1.8000001,14,0
1771685096708000,1771685096708000,3.6000001,1.8000001,14,0
1771685096724000,1771685096724000,3.6000001,1.8000001,14,0
1771685096748000,1771685096748000,3.6000001,1.8000001,14,0
1771685096764000,1771685096764000,3.6000001,1.8000001,14,0
1771685096788000,1771685096788000,3.6000001,1.8000001,14,0
1771685096804000,1771685096804000,3.6000001,1.8000001,14,0
1771685096828000,1771685096828000,3.6000001,1.8000001,14,0
1771685096844000,1771685096844000,3.6000001,1.8000001,14,0
1771685096868000,1771685096868000,3.6000001,1.8000001,14,0
1771685096884000,1771685096884000,3.6000001,1.8000001,14,0
1771685096908000,1771685096908000,3.6000001,1.8000001,14,0
1771685096924000,1771685096924000,3.6000001,1.8000001,14,0
1771685096948000,1771685096948000,3.6000001,1.8000001,14,0
1771685096964000,1771685096964000,3.6000001,1.8000001,14,0
1771685096988000,1771685096988000,3.6000001,1.8000001,14,0
1771685097004000,1771685097004000,3.6000001,1.8000001,14,0
1771685097028000,1771685097028000,3.6000001,1.8000001,14,0
1771685097044000,1771685097044000,3.6000001,1.8000001,14,0
1771685097068000,1771685097068000,3.6000001,1.8000001,14,0
1771685097084000,1771685097084000,3.6000001,1.8000001,14,0
1771685097108000,1771685097108000,3.6000001,1.8000001,14,0
1771685097124000,1771685097124000,3.6000001,1.8000001,14,0
1771685097148000,1771685097148000,3.6000001,1.8000001,14,0
1771685097164000,1771685097164000,3.6000001,1.8000001,14,0
1771685097188000,1771685097188000,3.6000001,1.8000001,14,0
1771685097204000,1771685097204000,3.6000001,1.8000001,14,0
1771685097228000,1771685097228000,3.6000001,1.8000001,14,0
1771685097244000,1771685097244000,3.6000001,1.8000001,14,0
1771685097268000,1771685097268000,3.6000001,1.8000001,14,0
1771685097284000,1771685097284000,3.6000001,1.8000001,14,0
1771685097308000,1771685097308000,3.6000001,1.8000001,14,0
1771685097324000,1771685097324000,3.6000001,1.8000001,14,0
1771685097348000,1771685097348000,3.6000001,1.8000001,14,0
1771685097364000,1771685097364000,3.6000001,1.8000001,14,0
1771685097388000,1771685097388000,3.6000001,1.8000001,14,0
1771685097404000,1771685097404000,3.6000001,1.8000001,14,0
1771685097428000,1771685097428000,3.6000001,1.8000001,14,0
1771685097444000,1771685097444000,3.6000001,1.8000001,14,0
1771685097468000,1771685097468000,3.6000001,1.8000001,14,0
1771685097484000,1771685097484000,3.6000001,1.8000001,14,0
1771685097508000,1771685097508000,3.6000001,1.8000001,14,0
1771685097524000,1771685097524000,3.6000001,1.8000001,14,0
1771685097548000,1771685097548000,3.6000001,1.8000001,14,0
1771685097564000,1771685097564000,3.6000001,1.8000001,14,0
1771685097588000,1771685097588000,3.6000001,1.8000001,14,0
1771685097604000,1771685097604000,3.6000001,1.8000001,14,0
1771685097628000,1771685097628000,3.6000001,1.8000001,14,0
1771685097644000,1771685097644000,3.6000001,1.8000001,14,0
1771685097668000,1771685097668000,3.6000001,1.8000001,14,0
1771685097684000,1771685097684000,3.6000001,1.8000001,14,0
1771685097708000,1771685097708000,3.6000001,1.8000001,14,0
1771685097724000,1771685097724000,3.6000001,1.8000001,14,0
1771685097748000,1771685097748000,3.6000001,1.8000001,14,0
1771685097764000,1771685097764000,3.6000001,1.8000001,14,0
1771685097788000,1771685097788000,3.6000001,1.8000001,14,0
1771685097804000,1771685097804000,3.6000001,1.8000001,14,0
1771685097828000,1771685097828000,3.6000001,1.8000001,14,0
1771685097844000,1771685097844000,3.6000001,1.8000001,14,0
1771685097868000,1771685097868000,3.6000001,1.8000001,14,0
1771685097884000,1771685097884000,3.6000001,1.8000001,14,0
1771685097908000,1771685097908000,3.6000001,1.8000001,14,0
1771685097924000,1771685097924000,3.6000001,1.8000001,14,0
1771685097948000,1771685097948000,3.6000001,1.8000001,14,0
1771685097964000,1771685097964000,3.6000001,1.8000001,14,0
1771685097988000,1771685097988000,3.6000001,1.8000001,14,0
1771685098004000,1771685098004000,3.6000001,1.8000001,14,0
1771685098028000,1771685098028000,3.6000001,1.8000001,14,0
1771685098044000,1771685098044000,3.6000001,1.8000001,14,0
1771685098068000,1771685098068000,3.6000001,1.8000001,14,0
1771685098084000,1771685098084000,3.6000001,1.8000001,14,0
1771685098108000,1771685098108000,3.6000001,1.8000001,14,0
1771685098124000,1771685098124000,3.6000001,1.8000001,14,0
1771685098148000,1771685098148000,3.6000001,1.8000001,14,0
1771685098164000,1771685098164000,3.6000001,1.8000001,14,0
1771685098188000,1771685098188000,3.6000001,1.8000001,14,0
1771685098204000,1771685098204000,3.6000001,1.8000001,14,0
1771685098228000,1771685098228000,3.6000001,1.8000001,14,0
1771685098244000,1771685098244000,3.6000001,1.8000001,14,0
1771685098268000,1771685098268000,3.6000001,1.8000001,14,0
1771685098284000,1771685098284000,3.6000001,1.8000001,14,0
1771685098308000,1771685098308000,3.6000001,1.8000001,14,0
1771685098324000,1771685098324000,3.6000001,1.8000001,14,0
1771685098348000,1771685098348000,3.6000001,1.8000001,14,0
1771685098364000,1771685098364000,3.6000001,1.8000001,14,0
1771685098388000,1771685098388000,3.6000001,1.8000001,14,0
1771685098404000,1771685098404000,3.6000001,1.8000001,14,0
1771685098428000,1771685098428000,3.6000001,1.8000001,14,0
1771685098444000,1771685098444000,3.6000001,1.8000001,14,0
1771685098468000,1771685098468000,3.6000001,1.8000001,14,0
1771685098484000,1771685098484000,3.6000001,1.8000001,14,0
1771685098508000,1771685098508000,3.6000001,1.8000001,14,0
1771685098524000,1771685098524000,3.6000001,1.8000001,14,0
1771685098548000,1771685098548000,3.6000001,1.8000001,14,0
1771685098564000,1771685098564000,3.6000001,1.8000001,14,0
1771685098588000,1771685098588000,3.6000001,1.8000001,14,0
1771685098604000,1771685098604000,3.6000001,1.8000001,14,0
1771685098628000,1771685098628000,3.6000001,1.8000001,14,0
1771685098644000,1771685098644000,3.6000001,1.8000001,14,0
1771685098668000,1771685098668000,3.6000001,1.8000001,14,0
1771685098684000,1771685098684000,3.6000001,1.8000001,14,0
1771685098708000,1771685098708000,3.6000001,1.8000001,14,0
1771685098724000,1771685098724000,3.6000001,1.8000001,14,0
1771685098748000,1771685098748000,3.6000001,1.8000001,14,0
1771685098764000,1771685098764000,3.6000001,1.8000001,14,0
1771685098788000,1771685098788000,3.6000001,1.8000001,14,0
1771685098804000,1771685098804000,3.6000001,1.8000001,14,0
1771685098828000,1771685098828000,3.6000001,1.8000001,14,0
1771685098844000,1771685098844000,3.6000001,1.8000001,14,0
1771685098868000,1771685098868000,3.6000001,1.8000001,14,0
1771685098884000,1771685098884000,3.6000001,1.8000001,14,0
1771685098908000,1771685098908000,3.6000001,1.8000001,14,0
1771685098924000,1771685098924000,3.6000001,1.8000001,14,0
1771685098948000,1771685098948000,3.6000001,1.8000001,14,0
1771685098964000,1771685098964000,3.6000001,1.8000001,14,0
1771685098988000,1771685098988000,3.6000001,1.8000001,14,0
1771685099004000,1771685099004000,3.6000001,1.8000001,14,0
1771685099028000,1771685099028000,3.6000001,1.8000001,14,0
1771685099044000,1771685099044000,3.6000001,1.8000001,14,0
1771685099068000,1771685099068000,3.6000001,1.8000001,14,0
1771685099084000,1771685099084000,3.6000001,1.8000001,14,0
1771685099108000,1771685099108000,3.6000001,1.8000001,14,0
1771685099124000,1771685099124000,3.6000001,1.8000001,14,0
1771685099148000,1771685099148000,3.6000001,1.8000001,14,0
1771685099164000,1771685099164000,3.6000001,1.8000001,14,0
1771685099188000,1771685099188000,3.6000001,1.8000001,14,0
1771685099204000,1771685099204000,3.6000001,1.8000001,14,0
1771685099228000,1771685099228000,3.6000001,1.8000001,14,0
1771685099244000,1771685099244000,3.6000001,1.8000001,14,0
1771685099268000,1771685099268000,3.6000001,1.8000001,14,0
1771685099284000,1771685099284000,3.6000001,1.8000001,14,0
1771685099308000,1771685099308000,3.6000001,1.8000001,14,0
1771685099324000,1771685099324000,3.6000001,1.8000001,14,0
1771685099348000,1771685099348000,3.6000001,1.8000001,14,0
1771685099364000,1771685099364000,3.6000001,1.8000001,14,0
1771685099388000,1771685099388000,3.6000001,1.8000001,14,0
1771685099404000,1771685099404000,3.6000001,1.8000001,14,0
1771685099428000,1771685099428000,3.6000001,1.8000001,14,0
1771685099444000,1771685099444000,3.6000001,1.8000001,14,0
1771685099468000,1771685099468000,3.6000001,1.8000001,14,0
1771685099484000,1771685099484000,3.6000001,1.8000001,14,0
1771685099508000,1771685099508000,3.6000001,1.8000001,14,0
1771685099524000,1771685099524000,3.6000001,1.8000001,14,0
1771685099548000,1771685099548000,3.6000001,1.8000001,14,0
1771685099564000,1771685099564000,3.6000001,1.8000001,14,0
1771685099588000,1771685099588000,3.6000001,1.8000001,14,0
1771685099604000,1771685099604000,3.6000001,1.8000001,14,0
1771685099628000,1771685099628000,3.6000001,1.8000001,14,0
1771685099644000,1771685099644000,3.6000001,1.8000001,14,0
1771685099668000,1771685099668000,3.6000001,1.8000001,14,0
1771685099684000,1771685099684000,3.6000001,1.8000001,14,0
1771685099708000,1771685099708000,3.6000001,1.8000001,14,0
1771685099724000,1771685099724000,3.6000001,1.8000001,14,0
1771685099748000,1771685099748000,3.6000001,1.8000001,14,0
1771685099764000,1771685099764000,3.6000001,1.8000001,14,0
1771685099788000,1771685099788000,3.6000001,1.8000001,14,0
1771685099804000,1771685099804000,3.6000001,1.8000001,14,0
1771685099828000,1771685099828000,3.6000001,1.8000001,14,0
1771685099844000,1771685099844000,3.6000001,1.8000001,14,0
1771685099868000,1771685099868000,3.6000001,1.8000001,14,0
1771685099884000,1771685099884000,3.6000001,1.8000001,14,0
1771685099908000,1771685099908000,3.6000001,1.8000001,14,0
1771685099924000,1771685099924000,3.6000001,1.8000001,14,0
1771685099948000,1771685099948000,3.6000001,1.8000001,14,0
1771685099964000,1771685099964000,3.6000001,1.8000001,14,0
1771685099988000,1771685099988000,3.6000001,1.8000001,14,0
1771685100004000,1771685100004000,3.6000001,1.8000001,14,0
1771685100028000,1771685100028000,3.6000001,1.8000001,14,0
1771685100044000,1771685100044000,3.6000001,1.8000001,14,0
1771685100068000,1771685100068000,3.6000001,1.8000001,14,0
1771685100084000,1771685100084000,3.6000001,1.8000001,14,0
1771685100108000,1771685100108000,3.6000001,1.8000001,14,0
1771685100124000,1771685100124000,3.6000001,1.8000001,14,0
1771685100148000,1771685100148000,3.6000001,1.8000001,14,0
1771685100164000,1771685100164000,3.6000001,1.8000001,14,0
1771685100188000,1771685100188000,3.6000001,1.8000001,14,0
1771685100204000,1771685100204000,3.6000001,1.8000001,14,0
1771685100228000,1771685100228000,3.6000001,1.8000001,14,0
1771685100244000,1771685100244000,3.6000001,1.8000001,14,0
1771685100268000,1771685100268000,3.6000001,1.8000001,14,0
1771685100284000,1771685100284000,3.6000001,1.8000001,14,0
1771685100308000,1771685100308000,3.6000001,1.8000001,14,0
1771685100324000,1771685100324000,3.6000001,1.8000001,14,0
1771685100348000,1771685100348000,3.6000001,1.8000001,14,0
1771685100364000,1771685100364000,3.6000001,1.8000001,14,0
1771685100388000,1771685100388000,3.6000001,1.8000001,14,0
1771685100404000,1771685100404000,3.6000001,1.8000001,14,0
1771685100428000,1771685100428000,3.6000001,1.8000001,14,0
1771685100444000,1771685100444000,3.6000001,1.8000001,14,0
1771685100468000,1771685100468000,3.6000001,1.8000001,14,0
1771685100484000,1771685100484000,3.6000001,1.8000001,14,0
1771685100508000,1771685100508000,3.6000001,1.8000001,14,0
1771685100524000,1771685100524000,3.6000001,1.8000001,14,0
1771685100548000,1771685100548000,3.6000001,1.8000001,14,0
1771685100564000,1771685100564000,3.6000001,1.8000001,14,0
1771685100588000,1771685100588000,3.6000001,1.8000001,14,0
1771685100604000,1771685100604000,3.6000001,1.8000001,14,0
1771685100628000,1771685100628000,3.6000001,1.8000001,14,0
1771685100644000,1771685100644000,3.6000001,1.8000001,14,0
1771685100668000,1771685100668000,3.6000001,1.8000001,14,0
1771685100684000,1771685100684000,3.6000001,1.8000001,14,0
1771685100708000,1771685100708000,3.6000001,1.8000001,14,0
1771685100724000,1771685100724000,3.6000001,1.8000001,14,0
1771685100748000,1771685100748000,3.6000001,1.8000001,14,0
1771685100764000,1771685100764000,3.6000001,1.8000001,14,0
1771685100788000,1771685100788000,3.6000001,1.8000001,14,0
1771685100804000,1771685100804000,3.6000001,1.8000001,14,0
1771685100828000,1771685100828000,3.6000001,1.8000001,14,0
1771685100844000,1771685100844000,3.6000001,1.8000001,14,0
1771685100868000,1771685100868000,3.6000001,1.8000001,14,0
1771685100884000,1771685100884000,3.6000001,1.8000001,14,0
1771685100908000,1771685100908000,3.6000001,1.8000001,14,0
1771685100924000,1771685100924000,3.6000001,1.8000001,14,0
1771685100948000,1771685100948000,3.6000001,1.8000001,14,0
1771685100964000,1771685100964000,3.6000001,1.8000001,14,0
1771685100988000,1771685100988000,3.6000001,1.8000001,14,0
1771685101004000,1771685101004000,3.6000001,1.8000001,14,0
1771685101028000,1771685101028000,3.6000001,1.8000001,14,0
1771685101044000,1771685101044000,3.6000001,1.8000001,14,0
1771685101068000,1771685101068000,3.6000001,1.8000001,14,0
1771685101084000,1771685101084000,3.6000001,1.8000001,14,0
1771685101108000,1771685101108000,3.6000001,1.8000001,14,0
1771685101124000,1771685101124000,3.6000001,1.8000001,14,0
1771685101148000,1771685101148000,3.6000001,1.8000001,14,0
1771685101164000,1771685101164000,3.6000001,1.8000001,14,0
1771685101188000,1771685101188000,3.6000001,1.8000001,14,0
1771685101204000,1771685101204000,3.6000001,1.8000001,14,0
1771685101228000,1771685101228000,3.6000001,1.8000001,14,0
1771685101244000,1771685101244000,3.6000001,1.8000001,14,0
1771685101268000,1771685101268000,3.6000001,1.8000001,14,0
1771685101284000,1771685101284000,3.6000001,1.8000001,14,0
1771685101308000,1771685101308000,3.6000001,1.8000001,14,0
1771685101324000,1771685101324000,3.6000001,1.8000001,14,0
1771685101348000,1771685101348000,3.6000001,1.8000001,14,0
1771685101364000,1771685101364000,3.6000001,1.8000001,14,0
1771685101388000,1771685101388000,3.6000001,1.8000001,14,0
1771685101404000,1771685101404000,3.6000001,1.8000001,14,0
1771685101428000,1771685101428000,3.6000001,1.8000001,14,0
1771685101444000,1771685101444000,3.6000001,1.8000001,14,0
1771685101468000,1771685101468000,3.6000001,1.8000001,14,0
1771685101484000,1771685101484000,3.6000001,1.8000001,14,0
1771685101508000,1771685101508000,3.6000001,1.8000001,14,0
1771685101524000,1771685101524000,3.6000001,1.8000001,14,0
1771685101548000,1771685101548000,3.6000001,1.8000001,14,0
1771685101564000,1771685101564000,3.6000001,1.8000001,14,0
1771685101588000,1771685101588000,3.6000001,1.8000001,14,0
1771685101604000,1771685101604000,3.6000001,1.8000001,14,0
1771685101628000,1771685101628000,3.6000001,1.8000001,14,0
1771685101644000,1771685101644000,3.6000001,1.8000001,14,0
1771685101668000,1771685101668000,3.6000001,1.8000001,14,0
1771685101684000,1771685101684000,3.6000001,1.8000001,14,0
1771685101708000,1771685101708000,3.6000001,1.8000001,14,0
1771685101724000,1771685101724000,3.6000001,1.8000001,14,0
1771685101748000,1771685101748000,3.6000001,1.8000001,14,0
1771685101764000,1771685101764000,3.6000001,1.8000001,14,0
1771685101788000,1771685101788000,3.6000001,1.8000001,14,0
1771685101804000,1771685101804000,3.6000001,1.8000001,14,0
1771685101828000,1771685101828000,3.6000001,1.8000001,14,0
1771685101844000,1771685101844000,3.6000001,1.8000001,14,0
1771685101868000,1771685101868000,3.6000001,1.8000001,14,0
1771685101884000,1771685101884000,3.6000001,1.8000001,14,0
1771685101908000,1771685101908000,3.6000001,1.8000001,14,0
1771685101924000,1771685101924000,3.6000001,1.8000001,14,0
1771685101948000,1771685101948000,3.6000001,1.8000001,14,0
1771685101964000,1771685101964000,3.6000001,1.8000001,14,0
1771685101988000,1771685101988000,3.6000001,1.8000001,14,0
1771685102004000,1771685102004000,3.6000001,1.8000001,14,0
1771685102028000,1771685102028000,3.6000001,1.8000001,14,0
1771685102044000,1771685102044000,3.6000001,1.8000001,14,0
1771685102068000,1771685102068000,3.6000001,1.8000001,14,0
1771685102084000,1771685102084000,3.6000001,1.8000001,14,0
1771685102108000,1771685102108000,3.6000001,1.8000001,14,0
1771685102124000,1771685102124000,3.6000001,1.8000001,14,0
1771685102148000,1771685102148000,3.6000001,1.8000001,14,0
1771685102164000,1771685102164000,3.6000001,1.8000001,14,0
1771685102188000,1771685102188000,3.6000001,1.8000001,14,0
1771685102204000,1771685102204000,3.6000001,1.8000001,14,0
1771685102228000,1771685102228000,3.6000001,1.8000001,14,0
1771685102244000,1771685102244000,3.6000001,1.8000001,14,0
1771685102268000,1771685102268000,3.6000001,1.8000001,14,0
1771685102284000,1771685102284000,3.6000001,1.8000001,14,0
1771685102308000,1771685102308000,3.6000001,1.8000001,14,0
1771685102324000,1771685102324000,3.6000001,1.8000001,14,0
1771685102348000,1771685102348000,3.6000001,1.8000001,14,0
1771685102364000,1771685102364000,3.6000001,1.8000001,14,0
1771685102388000,1771685102388000,3.6000001,1.8000001,14,0
1771685102404000,1771685102404000,3.6000001,1.8000001,14,0
1771685102428000,1771685102428000,3.6000001,1.8000001,14,0
1771685102444000,1771685102444000,3.6000001,1.8000001,14,0
1771685102468000,1771685102468000,3.6000001,1.8000001,14,0
1771685102484000,1771685102484000,3.6000001,1.8000001,14,0
1771685102508000,1771685102508000,3.6000001,1.8000001,14,0
1771685102524000,1771685102524000,3.6000001,1.8000001,14,0
1771685102548000,1771685102548000,3.6000001,1.8000001,14,0
1771685102564000,1771685102564000,3.6000001,1.8000001,14,0
1771685102588000,1771685102588000,3.6000001,1.8000001,14,0
1771685102604000,1771685102604000,3.6000001,1.8000001,14,0
1771685102628000,1771685102628000,3.6000001,1.8000001,14,0
1771685102644000,1771685102644000,3.6000001,1.8000001,14,0
1771685102668000,1771685102668000,3.6000001,1.8000001,14,0
1771685102684000,1771685102684000,3.6000001,1.8000001,14,0
1771685102708000,1771685102708000,3.6000001,1.8000001,14,0
1771685102724000,1771685102724000,3.6000001,1.8000001,14,0
1771685102748000,1771685102748000,3.6000001,1.8000001,14,0
1771685102764000,1771685102764000,3.6000001,1.8000001,14,0
1771685102788000,1771685102788000,3.6000001,1.8000001,14,0
1771685102804000,1771685102804000,3.6000001,1.8000001,14,0
1771685102828000,1771685102828000,3.6000001,1.8000001,14,0
1771685102844000,1771685102844000,3.6000001,1.8000001,14,0
1771685102868000,1771685102868000,3.6000001,1.8000001,14,0
1771685102884000,1771685102884000,3.6000001,1.8000001,14,0
1771685102908000,1771685102908000,3.6000001,1.8000001,14,0
1771685102924000,1771685102924000,3.6000001,1.8000001,14,0
1771685102948000,1771685102948000,3.6000001,1.8000001,14,0
1771685102964000,1771685102964000,3.6000001,1.8000001,14,0
1771685102988000,1771685102988000,3.6000001,1.8000001,14,0
1771685103004000,1771685103004000,3.6000001,1.8000001,14,0
1771685103028000,1771685103028000,3.6000001,1.8000001,14,0
1771685103044000,1771685103044000,3.6000001,1.8000001,14,0
1771685103068000,1771685103068000,3.6000001,1.8000001,14,0
1771685103084000,1771685103084000,3.6000001,1.8000001,14,0
1771685103108000,1771685103108000,3.6000001,1.8000001,14,0
1771685103124000,1771685103124000,3.6000001,1.8000001,14,0
1771685103148000,1771685103148000,3.6000001,1.8000001,14,0
1771685103164000,1771685103164000,3.6000001,1.8000001,14,0
1771685103188000,1771685103188000,3.6000001,1.8000001,14,0
1771685103204000,1771685103204000,3.6000001,1.8000001,14,0
1771685103228000,1771685103228000,3.6000001,1.8000001,14,0
1771685103244000,1771685103244000,3.6000001,1.8000001,14,0
1771685103268000,1771685103268000,3.6000001,1.8000001,14,0
1771685103284000,1771685103284000,3.6000001,1.8000001,14,0
1771685103308000,1771685103308000,3.6000001,1.8000001,14,0
1771685103324000,1771685103324000,3.6000001,1.8000001,14,0
1771685103348000,1771685103348000,3.6000001,1.8000001,14,0
1771685103364000,1771685103364000,3.6000001,1.8000001,14,0
1771685103388000,1771685103388000,3.6000001,1.8000001,14,0
1771685103404000,1771685103404000,3.6000001,1.8000001,14,0
1771685103428000,1771685103428000,3.6000001,1.8000001,14,0
1771685103444000,1771685103444000,3.6000001,1.8000001,14,0
1771685103468000,1771685103468000,3.6000001,1.8000001,14,0
1771685103484000,1771685103484000,3.6000001,1.8000001,14,0
1771685103508000,1771685103508000,3.6000001,1.8000001,14,0
1771685103524000,1771685103524000,3.6000001,1.8000001,14,0
1771685103548000,1771685103548000,3.6000001,1.8000001,14,0
1771685103564000,1771685103564000,3.6000001,1.8000001,14,0
1771685103588000,1771685103588000,3.6000001,1.8000001,14,0
1771685103604000,1771685103604000,3.6000001,1.8000001,14,0
1771685103628000,1771685103628000,3.6000001,1.8000001,14,0
1771685103644000,1771685103644000,3.6000001,1.8000001,14,0
1771685103668000,1771685103668000,3.6000001,1.8000001,14,0
1771685103684000,1771685103684000,3.6000001,1.8000001,14,0
1771685103708000,1771685103708000,3.6000001,1.8000001,14,0
1771685103724000,1771685103724000,3.6000001,1.8000001,14,0
1771685103748000,1771685103748000,3.6000001,1.8000001,14,0
1771685103764000,1771685103764000,3.6000001,1.8000001,14,0
1771685103788000,1771685103788000,3.6000001,1.8000001,14,0
1771685103804000,1771685103804000,3.6000001,1.8000001,14,0
1771685103828000,1771685103828000,3.6000001,1.8000001,14,0
1771685103844000,1771685103844000,3.6000001,1.8000001,14,0
1771685103868000,1771685103868000,3.6000001,1.8000001,14,0
1771685103884000,1771685103884000,3.6000001,1.8000001,14,0
1771685103908000,1771685103908000,3.6000001,1.8000001,14,0
1771685103924000,1771685103924000,3.6000001,1.8000001,14,0
1771685103948000,1771685103948000,3.6000001,1.8000001,14,0
1771685103964000,1771685103964000,3.6000001,1.8000001,14,0
1771685103988000,1771685103988000,3.6000001,1.8000001,14,0
1771685104004000,1771685104004000,3.6000001,1.8000001,14,0
1771685104028000,1771685104028000,3.6000001,1.8000001,14,0
1771685104044000,1771685104044000,3.6000001,1.8000001,14,0
1771685104068000,1771685104068000,3.6000001,1.8000001,14,0
1771685104084000,1771685104084000,3.6000001,1.8000001,14,0
1771685104108000,1771685104108000,3.6000001,1.8000001,14,0
1771685104124000,1771685104124000,3.6000001,1.8000001,14,0
1771685104148000,1771685104148000,3.6000001,1.8000001,14,0
1771685104164000,1771685104164000,3.6000001,1.8000001,14,0
1771685104188000,1771685104188000,3.6000001,1.8000001,14,0
1771685104204000,1771685104204000,3.6000001,1.8000001,14,0
1771685104228000,1771685104228000,3.6000001,1.8000001,14,0
1771685104244000,1771685104244000,3.6000001,1.8000001,14,0
1771685104268000,1771685104268000,3.6000001,1.8000001,14,0
1771685104284000,1771685104284000,3.6000001,1.8000001,14,0
1771685104308000,1771685104308000,3.6000001,1.8000001,14,0
1771685104324000,1771685104324000,3.6000001,1.8000001,14,0
1771685104348000,1771685104348000,3.6000001,1.8000001,14,0
1771685104364000,1771685104364000,3.6000001,1.8000001,14,0
1771685104388000,1771685104388000,3.6000001,1.8000001,14,0
1771685104404000,1771685104404000,3.6000001,1.8000001,14,0
1771685104428000,1771685104428000,3.6000001,1.8000001,14,0
1771685104444000,1771685104444000,3.6000001,1.8000001,14,0
1771685104468000,1771685104468000,3.6000001,1.8000001,14,0
1771685104484000,1771685104484000,3.6000001,1.8000001,14,0
1771685104508000,1771685104508000,3.6000001,1.8000001,14,0
1771685104524000,1771685104524000,3.6000001,1.8000001,14,0
1771685104548000,1771685104548000,3.6000001,1.8000001,14,0
1771685104564000,1771685104564000,3.6000001,1.8000001,14,0
1771685104588000,1771685104588000,3.6000001,1.8000001,14,0
1771685104604000,1771685104604000,3.6000001,1.8000001,14,0
1771685104628000,1771685104628000,3.6000001,1.8000001,14,0
1771685104644000,1771685104644000,3.6000001,1.8000001,14,0
1771685104668000,1771685104668000,3.6000001,1.8000001,14,0
1771685104684000,1771685104684000,3.6000001,1.8000001,14,0
1771685104708000,1771685104708000,3.6000001,1.8000001,14,0
1771685104724000,1771685104724000,3.6000001,1.8000001,14,0
1771685104748000,1771685104748000,3.6000001,1.8000001,14,0
1771685104764000,1771685104764000,3.6000001,1.8000001,14,0
1771685104788000,1771685104788000,3.6000001,1.8000001,14,0
1771685104804000,1771685104804000,3.6000001,1.8000001,14,0
1771685104828000,1771685104828000,3.6000001,1.8000001,14,0
1771685104844000,1771685104844000,3.6000001,1.8000001,14,0
1771685104868000,1771685104868000,3.6000001,1.8000001,14,0
1771685104884000,1771685104884000,3.6000001,1.8000001,14,0
1771685104908000,1771685104908000,3.6000001,1.8000001,14,0
1771685104924000,1771685104924000,3.6000001,1.8000001,14,0
1771685104948000,1771685104948000,3.6000001,1.8000001,14,0
1771685104964000,1771685104964000,3.6000001,1.8000001,14,0
1771685104988000,1771685104988000,3.6000001,1.8000001,14,0
1771685105004000,1771685105004000,3.6000001,1.8000001,14,0
1771685105028000,1771685105028000,3.6000001,1.8000001,14,0
1771685105044000,1771685105044000,3.6000001,1.8000001,14,0
1771685105068000,1771685105068000,3.6000001,1.8000001,14,0
1771685105084000,1771685105084000,3.6000001,1.8000001,14,0
1771685105108000,1771685105108000,3.6000001,1.8000001,14,0
1771685105124000,1771685105124000,3.6000001,1.8000001,14,0
1771685105148000,1771685105148000,3.6000001,1.8000001,14,0
1771685105164000,1771685105164000,3.6000001,1.8000001,14,0
1771685105188000,1771685105188000,3.6000001,1.8000001,14,0
1771685105204000,1771685105204000,3.6000001,1.8000001,14,0
1771685105228000,1771685105228000,3.6000001,1.8000001,14,0
1771685105244000,1771685105244000,3.6000001,1.8000001,14,0
1771685105268000,1771685105268000,3.6000001,1.8000001,14,0
1771685105284000,1771685105284000,3.6000001,1.8000001,14,0
1771685105308000,1771685105308000,3.6000001,1.8000001,14,0
1771685105324000,1771685105324000,3.6000001,1.8000001,14,0
1771685105348000,1771685105348000,3.6000001,1.8000001,14,0
1771685105364000,1771685105364000,3.6000001,1.8000001,14,0
1771685105388000,1771685105388000,3.6000001,1.8000001,14,0
1771685105404000,1771685105404000,3.6000001,1.8000001,14,0
1771685105428000,1771685105428000,3.6000001,1.8000001,14,0
1771685105444000,1771685105444000,3.6000001,1.8000001,14,0
1771685105468000,1771685105468000,3.6000001,1.8000001,14,0
1771685105484000,1771685105484000,3.6000001,1.8000001,14,0
1771685105508000,1771685105508000,3.6000001,1.8000001,14,0
1771685105524000,1771685105524000,3.6000001,1.8000001,14,0
1771685105548000,1771685105548000,3.6000001,1.8000001,14,0
1771685105564000,1771685105564000,3.6000001,1.8000001,14,0
1771685105588000,1771685105588000,3.6000001,1.8000001,14,0
1771685105604000,1771685105604000,3.6000001,1.8000001,14,0
1771685105628000,1771685105628000,3.6000001,1.8000001,14,0
1771685105644000,1771685105644000,3.6000001,1.8000001,14,0
1771685105668000,1771685105668000,3.6000001,1.8000001,14,0
1771685105684000,1771685105684000,3.6000001,1.8000001,14,0
1771685105708000,1771685105708000,3.6000001,1.8000001,14,0
1771685105724000,1771685105724000,3.6000001,1.8000001,14,0
1771685105748000,1771685105748000,3.6000001,1.8000001,14,0
1771685105764000,1771685105764000,3.6000001,1.8000001,14,0
1771685105788000,1771685105788000,3.6000001,1.8000001,14,0
1771685105804000,1771685105804000,3.6000001,1.8000001,14,0
1771685105828000,1771685105828000,3.6000001,1.8000001,14,0
1771685105844000,1771685105844000,3.6000001,1.8000001,14,0
1771685105868000,1771685105868000,3.6000001,1.8000001,14,0
1771685105884000,1771685105884000,3.6000001,1.8000001,14,0
1771685105908000,1771685105908000,3.6000001,1.8000001,14,0
1771685105924000,1771685105924000,3.6000001,1.8000001,14,0
1771685105948000,1771685105948000,3.6000001,1.8000001,14,0
1771685105964000,1771685105964000,3.6000001,1.8000001,14,0
1771685105988000,1771685105988000,3.6000001,1.8000001,14,0
1771685106004000,1771685106004000,3.6000001,1.8000001,14,0
1771685106028000,1771685106028000,3.6000001,1.8000001,14,0
1771685106044000,1771685106044000,3.6000001,1.8000001,14,0
1771685106068000,1771685106068000,3.6000001,1.8000001,14,0
1771685106084000,1771685106084000,3.6000001,1.8000001,14,0
1771685106108000,1771685106108000,3.6000001,1.8000001,14,0
1771685106124000,1771685106124000,3.6000001,1.8000001,14,0
1771685106148000,1771685106148000,3.6000001,1.8000001,14,0
1771685106164000,1771685106164000,3.6000001,1.8000001,14,0
1771685106188000,1771685106188000,3.6000001,1.8000001,14,0
1771685106204000,1771685106204000,3.6000001,1.8000001,14,0
1771685106228000,1771685106228000,3.6000001,1.8000001,14,0
1771685106244000,1771685106244000,3.6000001,1.8000001,14,0
1771685106268000,1771685106268000,3.6000001,1.8000001,14,0
1771685106284000,1771685106284000,3.6000001,1.8000001,14,0
1771685106308000,1771685106308000,3.6000001,1.8000001,14,0
1771685106324000,1771685106324000,3.6000001,1.8000001,14,0
1771685106348000,1771685106348000,3.6000001,1.8000001,14,0
1771685106364000,1771685106364000,3.6000001,1.8000001,14,0
1771685106388000,1771685106388000,3.6000001,1.8000001,14,0
1771685106404000,1771685106404000,3.6000001,1.8000001,14,0
1771685106428000,1771685106428000,3.6000001,1.8000001,14,0
1771685106444000,1771685106444000,3.6000001,1.8000001,14,0
1771685106468000,1771685106468000,3.6000001,1.8000001,14,0
1771685106484000,1771685106484000,3.6000001,1.8000001,14,0
1771685106508000,1771685106508000,3.6000001,1.8000001,14,0
1771685106524000,1771685106524000,3.6000001,1.8000001,14,0
1771685106548000,1771685106548000,3.6000001,1.8000001,14,0
1771685106564000,1771685106564000,3.6000001,1.8000001,14,0
1771685106588000,1771685106588000,3.6000001,1.8000001,14,0
1771685106604000,1771685106604000,3.6000001,1.8000001,14,0
1771685106628000,1771685106628000,3.6000001,1.8000001,14,0
1771685106644000,1771685106644000,3.6000001,1.8000001,14,0
1771685106668000,1771685106668000,3.6000001,1.8000001,14,0
1771685106684000,1771685106684000,3.6000001,1.8000001,14,0
1771685106708000,1771685106708000,3.6000001,1.8000001,14,0
1771685106724000,1771685106724000,3.6000001,1.8000001,14,0
1771685106748000,1771685106748000,3.6000001,1.8000001,14,0
1771685106764000,1771685106764000,3.6000001,1.8000001,14,0
1771685106788000,1771685106788000,3.6000001,1.8000001,14,0
1771685106804000,1771685106804000,3.6000001,1.8000001,14,0
1771685106828000,1771685106828000,3.6000001,1.8000001,14,0
1771685106844000,1771685106844000,3.6000001,1.8000001,14,0
1771685106868000,1771685106868000,3.6000001,1.8000001,14,0
1771685106884000,1771685106884000,3.6000001,1.8000001,14,0
1771685106908000,1771685106908000,3.6000001,1.8000001,14,0
1771685106924000,1771685106924000,3.6000001,1.8000001,14,0
1771685106948000,1771685106948000,3.6000001,1.8000001,14,0
1771685106964000,1771685106964000,3.6000001,1.8000001,14,0
1771685106988000,1771685106988000,3.6000001,1.8000001,14,0
1771685107004000,1771685107004000,3.6000001,1.8000001,14,0
1771685107028000,1771685107028000,3.6000001,1.8000001,14,0
1771685107044000,1771685107044000,3.6000001,1.8000001,14,0
1771685107068000,1771685107068000,3.6000001,1.8000001,14,0
1771685107084000,1771685107084000,3.6000001,1.8000001,14,0
1771685107108000,1771685107108000,3.6000001,1.8000001,14,0
1771685107124000,1771685107124000,3.6000001,1.8000001,14,0
1771685107148000,1771685107148000,3.6000001,1.8000001,14,0
1771685107164000,1771685107164000,3.6000001,1.8000001,14,0
1771685107188000,1771685107188000,3.6000001,1.8000001,14,0
1771685107204000,1771685107204000,3.6000001,1.8000001,14,0
1771685107228000,1771685107228000,3.6000001,1.8000001,14,0
1771685107244000,1771685107244000,3.6000001,1.8000001,14,0
1771685107268000,1771685107268000,3.6000001,1.8000001,14,0
1771685107284000,1771685107284000,3.6000001,1.8000001,14,0
1771685107308000,1771685107308000,3.6000001,1.8000001,14,0
1771685107324000,1771685107324000,3.6000001,1.8000001,14,0
1771685107348000,1771685107348000,3.6000001,1.8000001,14,0
1771685107364000,1771685107364000,3.6000001,1.8000001,14,0
1771685107388000,1771685107388000,3.6000001,1.8000001,14,0
1771685107404000,1771685107404000,3.6000001,1.8000001,14,0
1771685107428000,1771685107428000,3.6000001,1.8000001,14,0
1771685107444000,1771685107444000,3.6000001,1.8000001,14,0
1771685107468000,1771685107468000,3.6000001,1.8000001,14,0
1771685107484000,1771685107484000,3.6000001,1.8000001,14,0
1771685107508000,1771685107508000,3.6000001,1.8000001,14,0
1771685107524000,1771685107524000,3.6000001,1.8000001,14,0
1771685107548000,1771685107548000,3.6000001,1.8000001,14,0
1771685107564000,1771685107564000,3.6000001,1.8000001,14,0
1771685107588000,1771685107588000,3.6000001,1.8000001,14,0
1771685107604000,1771685107604000,3.6000001,1.8000001,14,0
1771685107628000,1771685107628000,3.6000001,1.8000001,14,0
1771685107644000,1771685107644000,3.6000001,1.8000001,14,0
1771685107668000,1771685107668000,3.6000001,1.8000001,14,0
1771685107684000,1771685107684000,3.6000001,1.8000001,14,0
1771685107708000,1771685107708000,3.6000001,1.8000001,14,0
1771685107724000,1771685107724000,3.6000001,1.8000001,14,0
1771685107748000,1771685107748000,3.6000001,1.8000001,14,0
1771685107764000,1771685107764000,3.6000001,1.8000001,14,0
1771685107788000,1771685107788000,3.6000001,1.8000001,14,0
1771685107804000,1771685107804000,3.6000001,1.8000001,14,0
1771685107828000,1771685107828000,3.6000001,1.8000001,14,0
1771685107844000,1771685107844000,3.6000001,1.8000001,14,0
1771685107868000,1771685107868000,3.6000001,1.8000001,14,0
1771685107884000,1771685107884000,3.6000001,1.8000001,14,0
1771685107908000,1771685107908000,3.6000001,1.8000001,14,0
1771685107924000,1771685107924000,3.6000001,1.8000001,14,0
1771685107948000,1771685107948000,3.6000001,1.8000001,14,0
1771685107964000,1771685107964000,3.6000001,1.8000001,14,0
1771685107988000,1771685107988000,3.6000001,1.8000001,14,0
1771685108004000,1771685108004000,3.6000001,1.8000001,14,0
1771685108028000,1771685108028000,3.6000001,1.8000001,14,0
1771685108044000,1771685108044000,3.6000001,1.8000001,14,0
1771685108068000,1771685108068000,3.6000001,1.8000001,14,0
1771685108084000,1771685108084000,3.6000001,1.8000001,14,0
1771685108108000,1771685108108000,3.6000001,1.8000001,14,0
1771685108124000,1771685108124000,3.6000001,1.8000001,14,0
1771685108148000,1771685108148000,3.6000001,1.8000001,14,0
1771685108164000,1771685108164000,3.6000001,1.8000001,14,0
1771685108188000,1771685108188000,3.6000001,1.8000001,14,0
1771685108204000,1771685108204000,3.6000001,1.8000001,14,0
1771685108228000,1771685108228000,3.6000001,1.8000001,14,0
1771685108244000,1771685108244000,3.6000001,1.8000001,14,0
1771685108268000,1771685108268000,3.6000001,1.8000001,14,0
1771685108284000,1771685108284000,3.6000001,1.8000001,14,0
1771685108308000,1771685108308000,3.6000001,1.8000001,14,0
1771685108324000,1771685108324000,3.6000001,1.8000001,14,0
1771685108348000,1771685108348000,3.6000001,1.8000001,14,0
1771685108364000,1771685108364000,3.6000001,1.8000001,14,0
1771685108388000,1771685108388000,3.6000001,1.8000001,14,0
1771685108404000,1771685108404000,3.6000001,1.8000001,14,0
1771685108428000,1771685108428000,3.6000001,1.8000001,14,0
1771685108444000,1771685108444000,3.6000001,1.8000001,14,0
1771685108468000,1771685108468000,3.6000001,1.8000001,14,0
1771685108484000,1771685108484000,3.6000001,1.8000001,14,0
1771685108508000,1771685108508000,3.6000001,1.8000001,14,0
1771685108524000,1771685108524000,3.6000001,1.8000001,14,0
1771685108548000,1771685108548000,3.6000001,1.8000001,14,0
1771685108564000,1771685108564000,3.6000001,1.8000001,14,0
1771685108588000,1771685108588000,3.6000001,1.8000001,14,0
1771685108604000,1771685108604000,3.6000001,1.8000001,14,0
1771685108628000,1771685108628000,3.6000001,1.8000001,14,0
1771685108644000,1771685108644000,3.6000001,1.8000001,14,0
1771685108668000,1771685108668000,3.6000001,1.8000001,14,0
1771685108684000,1771685108684000,3.6000001,1.8000001,14,0
1771685108708000,1771685108708000,3.6000001,1.8000001,14,0
1771685108724000,1771685108724000,3.6000001,1.8000001,14,0
1771685108748000,1771685108748000,3.6000001,1.8000001,14,0
1771685108764000,1771685108764000,3.6000001,1.8000001,14,0
1771685108788000,1771685108788000,3.6000001,1.8000001,14,0
1771685108804000,1771685108804000,3.6000001,1.8000001,14,0
1771685108828000,1771685108828000,3.6000001,1.8000001,14,0
1771685108844000,1771685108844000,3.6000001,1.8000001,14,0
1771685108868000,1771685108868000,3.6000001,1.8000001,14,0
1771685108884000,1771685108884000,3.6000001,1.8000001,14,0
1771685108908000,1771685108908000,3.6000001,1.8000001,14,0
1771685108924000,1771685108924000,3.6000001,1.8000001,14,0
1771685108948000,1771685108948000,3.6000001,1.8000001,14,0
1771685108964000,1771685108964000,3.6000001,1.8000001,14,0
1771685108988000,1771685108988000,3.6000001,1.8000001,14,0
1771685109004000,1771685109004000,3.6000001,1.8000001,14,0
1771685109028000,1771685109028000,3.6000001,1.8000001,14,0
1771685109044000,1771685109044000,3.6000001,1.8000001,14,0
1771685109068000,1771685109068000,3.6000001,1.8000001,14,0
1771685109084000,1771685109084000,3.6000001,1.8000001,14,0
1771685109108000,1771685109108000,3.6000001,1.8000001,14,0
1771685109124000,1771685109124000,3.6000001,1.8000001,14,0
1771685109148000,1771685109148000,3.6000001,1.8000001,14,0
1771685109164000,1771685109164000,3.6000001,1.8000001,14,0
1771685109188000,1771685109188000,3.6000001,1.8000001,14,0
1771685109204000,1771685109204000,3.6000001,1.8000001,14,0
1771685109228000,1771685109228000,3.6000001,1.8000001,14,0
1771685109244000,1771685109244000,3.6000001,1.8000001,14,0
1771685109268000,1771685109268000,3.6000001,1.8000001,14,0
1771685109284000,1771685109284000,3.6000001,1.8000001,14,0
1771685109308000,1771685109308000,3.6000001,1.8000001,14,0
1771685109324000,1771685109324000,3.6000001,1.8000001,14,0
1771685109348000,1771685109348000,3.6000001,1.8000001,14,0
1771685109364000,1771685109364000,3.6000001,1.8000001,14,0
1771685109388000,1771685109388000,3.6000001,1.8000001,14,0
1771685109404000,1771685109404000,3.6000001,1.8000001,14,0
1771685109428000,1771685109428000,3.6000001,1.8000001,14,0
1771685109444000,1771685109444000,3.6000001,1.8000001,14,0
1771685109468000,1771685109468000,3.6000001,1.8000001,14,0
1771685109484000,1771685109484000,3.6000001,1.8000001,14,0
1771685109508000,1771685109508000,3.6000001,1.8000001,14,0
1771685109524000,1771685109524000,3.6000001,1.8000001,14,0
1771685109548000,1771685109548000,3.6000001,1.8000001,14,0
1771685109564000,1771685109564000,3.6000001,1.8000001,14,0
1771685109588000,1771685109588000,3.6000001,1.8000001,14,0
1771685109604000,1771685109604000,3.6000001,1.8000001,14,0
1771685109628000,1771685109628000,3.6000001,1.8000001,14,0
1771685109644000,1771685109644000,3.6000001,1.8000001,14,0
1771685109668000,1771685109668000,3.6000001,1.8000001,14,0
1771685109684000,1771685109684000,3.6000001,1.8000001,14,0
1771685109708000,1771685109708000,3.6000001,1.8000001,14,0
1771685109724000,1771685109724000,3.6000001,1.8000001,14,0
1771685109748000,1771685109748000,3.6000001,1.8000001,14,0
1771685109764000,1771685109764000,3.6000001,1.8000001,14,0
1771685109788000,1771685109788000,3.6000001,1.8000001,14,0
1771685109804000,1771685109804000,3.6000001,1.8000001,14,0
1771685109828000,1771685109828000,3.6000001,1.8000001,14,0
1771685109844000,1771685109844000,3.6000001,1.8000001,14,0
1771685109868000,1771685109868000,3.6000001,1.8000001,14,0
1771685109884000,1771685109884000,3.6000001,1.8000001,14,0
1771685109908000,1771685109908000,3.6000001,1.8000001,14,0
1771685109924000,1771685109924000,3.6000001,1.8000001,14,0
1771685109948000,1771685109948000,3.6000001,1.8000001,14,0
1771685109964000,1771685109964000,3.6000001,1.8000001,14,0
1771685109988000,1771685109988000,3.6000001,1.8000001,14,0
1771685110004000,1771685110004000,3.6000001,1.8000001,14,0
1771685110028000,1771685110028000,3.6000001,1.8000001,14,0
1771685110044000,1771685110044000,3.6000001,1.8000001,14,0
1771685110068000,1771685110068000,3.6000001,1.8000001,14,0
1771685110084000,1771685110084000,3.6000001,1.8000001,14,0
1771685110108000,1771685110108000,3.6000001,1.8000001,14,0
1771685110124000,1771685110124000,3.6000001,1.8000001,14,0
1771685110148000,1771685110148000,3.6000001,1.8000001,14,0
1771685110164000,1771685110164000,3.6000001,1.8000001,14,0
1771685110188000,1771685110188000,3.6000001,1.8000001,14,0
1771685110204000,1771685110204000,3.6000001,1.8000001,14,0
1771685110228000,1771685110228000,3.6000001,1.8000001,14,0
1771685110244000,1771685110244000,3.6000001,1.8000001,14,0
1771685110268000,1771685110268000,3.6000001,1.8000001,14,0
1771685110284000,1771685110284000,3.6000001,1.8000001,14,0
1771685110308000,1771685110308000,3.6000001,1.8000001,14,0
1771685110324000,1771685110324000,3.6000001,1.8000001,14,0
1771685110348000,1771685110348000,3.6000001,1.8000001,14,0
1771685110364000,1771685110364000,3.6000001,1.8000001,14,0
1771685110388000,1771685110388000,3.6000001,1.8000001,14,0
1771685110404000,1771685110404000,3.6000001,1.8000001,14,0
1771685110428000,1771685110428000,3.6000001,1.8000001,14,0
1771685110444000,1771685110444000,3.6000001,1.8000001,14,0
1771685110468000,1771685110468000,3.6000001,1.8000001,14,0
1771685110484000,1771685110484000,3.6000001,1.8000001,14,0
1771685110508000,1771685110508000,3.6000001,1.8000001,14,0
1771685110524000,1771685110524000,3.6000001,1.8000001,14,0
1771685110548000,1771685110548000,3.6000001,1.8000001,14,0
1771685110564000,1771685110564000,3.6000001,1.8000001,14,0
1771685110588000,1771685110588000,3.6000001,1.8000001,14,0
1771685110604000,1771685110604000,3.6000001,1.8000001,14,0
1771685110628000,1771685110628000,3.6000001,1.8000001,14,0
1771685110644000,1771685110644000,3.6000001,1.8000001,14,0
1771685110668000,1771685110668000,3.6000001,1.8000001,14,0
1771685110684000,1771685110684000,3.6000001,1.8000001,14,0
1771685110708000,1771685110708000,3.6000001,1.8000001,14,0
1771685110724000,1771685110724000,3.6000001,1.8000001,14,0
1771685110748000,1771685110748000,3.6000001,1.8000001,14,0
1771685110764000,1771685110764000,3.6000001,1.8000001,14,0
1771685110788000,1771685110788000,3.6000001,1.8000001,14,0
1771685110804000,1771685110804000,3.6000001,1.8000001,14,0
1771685110828000,1771685110828000,3.6000001,1.8000001,14,0
1771685110844000,1771685110844000,3.6000001,1.8000001,14,0
1771685110868000,1771685110868000,3.6000001,1.8000001,14,0
1771685110884000,1771685110884000,3.6000001,1.8000001,14,0
1771685110908000,1771685110908000,3.6000001,1.8000001,14,0
1771685110924000,1771685110924000,3.6000001,1.8000001,14,0
1771685110948000,1771685110948000,3.6000001,1.8000001,14,0
1771685110964000,1771685110964000,3.6000001,1.8000001,14,0
1771685110988000,1771685110988000,3.6000001,1.8000001,14,0
1771685111004000,1771685111004000,3.6000001,1.8000001,14,0
1771685111028000,1771685111028000,3.6000001,1.8000001,14,0
1771685111044000,1771685111044000,3.6000001,1.8000001,14,0
1771685111068000,1771685111068000,3.6000001,1.8000001,14,0
1771685111084000,1771685111084000,3.6000001,1.8000001,14,0
1771685111108000,1771685111108000,3.6000001,1.8000001,14,0
1771685111124000,1771685111124000,3.6000001,1.8000001,14,0
1771685111148000,1771685111148000,3.6000001,1.8000001,14,0
1771685111164000,1771685111164000,3.6000001,1.8000001,14,0
1771685111188000,1771685111188000,3.6000001,1.8000001,14,0
1771685111204000,1771685111204000,3.6000001,1.8000001,14,0
1771685111228000,1771685111228000,3.6000001,1.8000001,14,0
1771685111244000,1771685111244000,3.6000001,1.8000001,14,0
1771685111268000,1771685111268000,3.6000001,1.8000001,14,0
1771685111284000,1771685111284000,3.6000001,1.8000001,14,0
1771685111308000,1771685111308000,3.6000001,1.8000001,14,0
1771685111324000,1771685111324000,3.6000001,1.8000001,14,0
1771685111348000,1771685111348000,3.6000001,1.8000001,14,0
1771685111364000,1771685111364000,3.6000001,1.8000001,14,0
1771685111388000,1771685111388000,3.6000001,1.8000001,14,0
1771685111404000,1771685111404000,3.6000001,1.8000001,14,0
1771685111428000,1771685111428000,3.6000001,1.8000001,14,0
1771685111444000,1771685111444000,3.6000001,1.8000001,14,0
1771685111468000,1771685111468000,3.6000001,1.8000001,14,0
1771685111484000,1771685111484000,3.6000001,1.8000001,14,0
1771685111508000,1771685111508000,3.6000001,1.8000001,14,0
1771685111524000,1771685111524000,3.6000001,1.8000001,14,0
1771685111548000,1771685111548000,3.6000001,1.8000001,14,0
1771685111564000,1771685111564000,3.6000001,1.8000001,14,0
1771685111588000,1771685111588000,3.6000001,1.8000001,14,0
1771685111604000,1771685111604000,3.6000001,1.8000001,14,0
1771685111628000,1771685111628000,3.6000001,1.8000001,14,0
1771685111644000,1771685111644000,3.6000001,1.8000001,14,0
1771685111668000,1771685111668000,3.6000001,1.8000001,14,0
1771685111684000,1771685111684000,3.6000001,1.8000001,14,0
1771685111708000,1771685111708000,3.6000001,1.8000001,14,0
1771685111724000,1771685111724000,3.6000001,1.8000001,14,0
1771685111748000,1771685111748000,3.6000001,1.8000001,14,0
1771685111764000,1771685111764000,3.6000001,1.8000001,14,0
1771685111788000,1771685111788000,3.6000001,1.8000001,14,0
1771685111804000,1771685111804000,3.6000001,1.8000001,14,0
1771685111828000,1771685111828000,3.6000001,1.8000001,14,0
1771685111844000,1771685111844000,3.6000001,1.8000001,14,0
1771685111868000,1771685111868000,3.6000001,1.8000001,14,0
1771685111884000,1771685111884000,3.6000001,1.8000001,14,0
1771685111908000,1771685111908000,3.6000001,1.8000001,14,0
1771685111924000,1771685111924000,3.6000001,1.8000001,14,0
1771685111948000,1771685111948000,3.6000001,1.8000001,14,0
1771685111964000,1771685111964000,3.6000001,1.8000001,14,0
1771685111988000,1771685111988000,3.6000001,1.8000001,14,0
1771685112004000,1771685112004000,3.6000001,1.8000001,14,0
1771685112028000,1771685112028000,3.6000001,1.8000001,14,0
1771685112044000,1771685112044000,3.6000001,1.8000001,14,0
1771685112068000,1771685112068000,3.6000001,1.8000001,14,0
1771685112084000,1771685112084000,3.6000001,1.8000001,14,0
1771685112108000,1771685112108000,3.6000001,1.8000001,14,0
1771685112124000,1771685112124000,3.6000001,1.8000001,14,0
1771685112148000,1771685112148000,3.6000001,1.8000001,14,0
1771685112164000,1771685112164000,3.6000001,1.8000001,14,0
1771685112188000,1771685112188000,3.6000001,1.8000001,14,0
1771685112204000,1771685112204000,3.6000001,1.8000001,14,0
1771685112228000,1771685112228000,3.6000001,1.8000001,14,0
1771685112244000,1771685112244000,3.6000001,1.8000001,14,0
1771685112268000,1771685112268000,3.6000001,1.8000001,14,0
1771685112284000,1771685112284000,3.6000001,1.8000001,14,0
1771685112308000,1771685112308000,3.6000001,1.8000001,14,0
1771685112324000,1771685112324000,3.6000001,1.8000001,14,0
1771685112348000,1771685112348000,3.6000001,1.8000001,14,0
1771685112364000,1771685112364000,3.6000001,1.8000001,14,0
1771685112388000,1771685112388000,3.6000001,1.8000001,14,0
1771685112404000,1771685112404000,3.6000001,1.8000001,14,0
1771685112428000,1771685112428000,3.6000001,1.8000001,14,0
1771685112444000,1771685112444000,3.6000001,1.8000001,14,0
1771685112468000,1771685112468000,3.6000001,1.8000001,14,0
1771685112484000,1771685112484000,3.6000001,1.8000001,14,0
1771685112508000,1771685112508000,3.6000001,1.8000001,14,0
1771685112524000,1771685112524000,3.6000001,1.8000001,14,0
1771685112548000,1771685112548000,3.6000001,1.8000001,14,0
1771685112564000,1771685112564000,3.6000001,1.8000001,14,0
1771685112588000,1771685112588000,3.6000001,1.8000001,14,0
1771685112604000,1771685112604000,3.6000001,1.8000001,14,0
1771685112628000,1771685112628000,3.6000001,1.8000001,14,0
1771685112644000,1771685112644000,3.6000001,1.8000001,14,0
1771685112668000,1771685112668000,3.6000001,1.8000001,14,0
1771685112684000,1771685112684000,3.6000001,1.8000001,14,0
1771685112708000,1771685112708000,3.6000001,1.8000001,14,0
1771685112724000,1771685112724000,3.6000001,1.8000001,14,0
1771685112748000,1771685112748000,3.6000001,1.8000001,14,0
1771685112764000,1771685112764000,3.6000001,1.8000001,14,0
1771685112788000,1771685112788000,3.6000001,1.8000001,14,0
1771685112804000,1771685112804000,3.6000001,1.8000001,14,0
1771685112828000,1771685112828000,3.6000001,1.8000001,14,0
1771685112844000,1771685112844000,3.6000001,1.8000001,14,0
1771685112868000,1771685112868000,3.6000001,1.8000001,14,0
1771685112884000,1771685112884000,3.6000001,1.8000001,14,0
1771685112908000,1771685112908000,3.6000001,1.8000001,14,0
1771685112924000,1771685112924000,3.6000001,1.8000001,14,0
1771685112948000,1771685112948000,3.6000001,1.8000001,14,0
1771685112964000,1771685112964000,3.6000001,1.8000001,14,0
1771685112988000,1771685112988000,3.6000001,1.8000001,14,0
1771685113004000,1771685113004000,3.6000001,1.8000001,14,0
1771685113028000,1771685113028000,3.6000001,1.8000001,14,0
1771685113044000,1771685113044000,3.6000001,1.8000001,14,0
1771685113068000,1771685113068000,3.6000001,1.8000001,14,0
1771685113084000,1771685113084000,3.6000001,1.8000001,14,0
1771685113108000,1771685113108000,3.6000001,1.8000001,14,0
1771685113124000,1771685113124000,3.6000001,1.8000001,14,0
1771685113148000,1771685113148000,3.6000001,1.8000001,14,0
1771685113164000,1771685113164000,3.6000001,1.8000001,14,0
1771685113188000,1771685113188000,3.6000001,1.8000001,14,0
1771685113204000,1771685113204000,3.6000001,1.8000001,14,0
1771685113228000,1771685113228000,3.6000001,1.8000001,14,0
1771685113244000,1771685113244000,3.6000001,1.8000001,14,0
1771685113268000,1771685113268000,3.6000001,1.8000001,14,0
1771685113284000,1771685113284000,3.6000001,1.8000001,14,0
1771685113308000,1771685113308000,3.6000001,1.8000001,14,0
1771685113324000,1771685113324000,3.6000001,1.8000001,14,0
1771685113348000,1771685113348000,3.6000001,1.8000001,14,0
1771685113364000,1771685113364000,3.6000001,1.8000001,14,0
1771685113388000,1771685113388000,3.6000001,1.8000001,14,0
1771685113404000,1771685113404000,3.6000001,1.8000001,14,0
1771685113428000,1771685113428000,3.6000001,1.8000001,14,0
1771685113444000,1771685113444000,3.6000001,1.8000001,14,0
1771685113468000,1771685113468000,3.6000001,1.8000001,14,0
1771685113484000,1771685113484000,3.6000001,1.8000001,14,0
1771685113508000,1771685113508000,3.6000001,1.8000001,14,0
1771685113524000,1771685113524000,3.6000001,1.8000001,14,0
1771685113548000,1771685113548000,3.6000001,1.8000001,14,0
1771685113564000,1771685113564000,3.6000001,1.8000001,14,0
1771685113588000,1771685113588000,3.6000001,1.8000001,14,0
1771685113604000,1771685113604000,3.6000001,1.8000001,14,0
1771685113628000,1771685113628000,3.6000001,1.8000001,14,0
1771685113644000,1771685113644000,3.6000001,1.8000001,14,0
1771685113668000,1771685113668000,3.6000001,1.8000001,14,0
1771685113684000,1771685113684000,3.6000001,1.8000001,14,0
1771685113708000,1771685113708000,3.6000001,1.8000001,14,0
1771685113724000,1771685113724000,3.6000001,1.8000001,14,0
1771685113748000,1771685113748000,3.6000001,1.8000001,14,0
1771685113764000,1771685113764000,3.6000001,1.8000001,14,0
1771685113788000,1771685113788000,3.6000001,1.8000001,14,0
1771685113804000,1771685113804000,3.6000001,1.8000001,14,0
1771685113828000,1771685113828000,3.6000001,1.8000001,14,0
1771685113844000,1771685113844000,3.6000001,1.8000001,14,0
1771685113868000,1771685113868000,3.6000001,1.8000001,14,0
1771685113884000,1771685113884000,3.6000001,1.8000001,14,0
1771685113908000,1771685113908000,3.6000001,1.8000001,14,0
1771685113924000,1771685113924000,3.6000001,1.8000001,14,0
1771685113948000,1771685113948000,3.6000001,1.8000001,14,0
1771685113964000,1771685113964000,3.6000001,1.8000001,14,0
1771685113988000,1771685113988000,3.6000001,1.8000001,14,0
1771685114004000,1771685114004000,3.6000001,1.8000001,14,0
1771685114028000,1771685114028000,3.6000001,1.8000001,14,0
1771685114044000,1771685114044000,3.6000001,1.8000001,14,0
1771685114068000,1771685114068000,3.6000001,1.8000001,14,0
1771685114084000,1771685114084000,3.6000001,1.8000001,14,0
1771685114108000,1771685114108000,3.6000001,1.8000001,14,0
1771685114124000,1771685114124000,3.6000001,1.8000001,14,0
1771685114148000,1771685114148000,3.6000001,1.8000001,14,0
1771685114164000,1771685114164000,3.6000001,1.8000001,14,0
1771685114188000,1771685114188000,3.6000001,1.8000001,14,0
1771685114204000,1771685114204000,3.6000001,1.8000001,14,0
1771685114228000,1771685114228000,3.6000001,1.8000001,14,0
1771685114244000,1771685114244000,3.6000001,1.8000001,14,0
1771685114268000,1771685114268000,3.6000001,1.8000001,14,0
1771685114284000,1771685114284000,3.6000001,1.8000001,14,0
1771685114308000,1771685114308000,3.6000001,1.8000001,14,0
1771685114324000,1771685114324000,3.6000001,1.8000001,14,0
1771685114348000,1771685114348000,3.6000001,1.8000001,14,0
1771685114364000,1771685114364000,3.6000001,1.8000001,14,0
1771685114388000,1771685114388000,3.6000001,1.8000001,14,0
1771685114404000,1771685114404000,3.6000001,1.8000001,14,0
1771685114428000,1771685114428000,3.6000001,1.8000001,14,0
1771685114444000,1771685114444000,3.6000001,1.8000001,14,0
1771685114468000,1771685114468000,3.6000001,1.8000001,14,0
1771685114484000,1771685114484000,3.6000001,1.8000001,14,0
1771685114508000,1771685114508000,3.6000001,1.8000001,14,0
1771685114524000,1771685114524000,3.6000001,1.8000001,14,0
1771685114548000,1771685114548000,3.6000001,1.8000001,14,0
1771685114564000,1771685114564000,3.6000001,1.8000001,14,0
1771685114588000,1771685114588000,3.6000001,1.8000001,14,0
1771685114604000,1771685114604000,3.6000001,1.8000001,14,0
1771685114628000,1771685114628000,3.6000001,1.8000001,14,0
1771685114644000,1771685114644000,3.6000001,1.8000001,14,0
1771685114668000,1771685114668000,3.6000001,1.8000001,14,0
1771685114684000,1771685114684000,3.6000001,1.8000001,14,0
1771685114708000,1771685114708000,3.6000001,1.8000001,14,0
1771685114724000,1771685114724000,3.6000001,1.8000001,14,0
1771685114748000,1771685114748000,3.6000001,1.8000001,14,0
1771685114764000,1771685114764000,3.6000001,1.8000001,14,0
1771685114788000,1771685114788000,3.6000001,1.8000001,14,0
1771685114804000,1771685114804000,3.6000001,1.8000001,14,0
1771685114828000,1771685114828000,3.6000001,1.8000001,14,0
1771685114844000,1771685114844000,3.6000001,1.8000001,14,0
1771685114868000,1771685114868000,3.6000001,1.8000001,14,0
1771685114884000,1771685114884000,3.6000001,1.8000001,14,0
1771685114908000,1771685114908000,3.6000001,1.8000001,14,0
1771685114924000,1771685114924000,3.6000001,1.8000001,14,0
1771685114948000,1771685114948000,3.6000001,1.8000001,14,0
1771685114964000,1771685114964000,3.6000001,1.8000001,14,0
1771685114988000,1771685114988000,3.6000001,1.8000001,14,0
1771685115004000,1771685115004000,3.6000001,1.8000001,14,0
1771685115028000,1771685115028000,3.6000001,1.8000001,14,0
1771685115044000,1771685115044000,3.6000001,1.8000001,14,0
1771685115068000,1771685115068000,3.6000001,1.8000001,14,0
1771685115084000,1771685115084000,3.6000001,1.8000001,14,0
1771685115108000,1771685115108000,3.6000001,1.8000001,14,0
1771685115124000,1771685115124000,3.6000001,1.8000001,14,0
1771685115148000,1771685115148000,3.6000001,1.8000001,14,0
1771685115164000,1771685115164000,3.6000001,1.8000001,14,0
1771685115188000,1771685115188000,3.6000001,1.8000001,14,0
1771685115204000,1771685115204000,3.6000001,1.8000001,14,0
1771685115228000,1771685115228000,3.6000001,1.8000001,14,0
1771685115244000,1771685115244000,3.6000001,1.8000001,14,0
1771685115268000,1771685115268000,3.6000001,1.8000001,14,0
1771685115284000,1771685115284000,3.6000001,1.8000001,14,0
1771685115308000,1771685115308000,3.6000001,1.8000001,14,0
1771685115324000,1771685115324000,3.6000001,1.8000001,14,0
1771685115348000,1771685115348000,3.6000001,1.8000001,14,0
1771685115364000,1771685115364000,3.6000001,1.8000001,14,0
1771685115388000,1771685115388000,3.6000001,1.8000001,14,0
1771685115404000,1771685115404000,3.6000001,1.8000001,14,0
1771685115428000,1771685115428000,3.6000001,1.8000001,14,0
1771685115444000,1771685115444000,3.6000001,1.8000001,14,0
1771685115468000,1771685115468000,3.6000001,1.8000001,14,0
1771685115484000,1771685115484000,3.6000001,1.8000001,14,0
1771685115508000,1771685115508000,3.6000001,1.8000001,14,0
1771685115524000,1771685115524000,3.6000001,1.8000001,14,0
1771685115548000,1771685115548000,3.6000001,1.8000001,14,0
1771685115564000,1771685115564000,3.6000001,1.8000001,14,0
1771685115588000,1771685115588000,3.6000001,1.8000001,14,0
1771685115604000,1771685115604000,3.6000001,1.8000001,14,0
1771685115628000,1771685115628000,3.6000001,1.8000001,14,0
1771685115644000,1771685115644000,3.6000001,1.8000001,14,0
1771685115668000,1771685115668000,3.6000001,1.8000001,14,0
1771685115684000,1771685115684000,3.6000001,1.8000001,14,0
1771685115708000,1771685115708000,3.6000001,1.8000001,14,0
1771685115724000,1771685115724000,3.6000001,1.8000001,14,0
1771685115748000,1771685115748000,3.6000001,1.8000001,14,0
1771685115764000,1771685115764000,3.6000001,1.8000001,14,0
1771685115788000,1771685115788000,3.6000001,1.8000001,14,0
1771685115804000,1771685115804000,3.6000001,1.8000001,14,0
1771685115828000,1771685115828000,3.6000001,1.8000001,14,0
1771685115844000,1771685115844000,3.6000001,1.8000001,14,0
1771685115868000,1771685115868000,3.6000001,1.8000001,14,0
1771685115884000,1771685115884000,3.6000001,1.8000001,14,0
1771685115908000,1771685115908000,3.6000001,1.8000001,14,0
1771685115924000,1771685115924000,3.6000001,1.8000001,14,0
1771685115948000,1771685115948000,3.6000001,1.8000001,14,0
1771685115964000,1771685115964000,3.6000001,1.8000001,14,0
1771685115988000,1771685115988000,3.6000001,1.8000001,14,0
1771685116004000,1771685116004000,3.6000001,1.8000001,14,0
1771685116028000,1771685116028000,3.6000001,1.8000001,14,0
1771685116044000,1771685116044000,3.6000001,1.8000001,14,0
1771685116068000,1771685116068000,3.6000001,1.8000001,14,0
1771685116084000,1771685116084000,3.6000001,1.8000001,14,0
1771685116108000,1771685116108000,3.6000001,1.8000001,14,0
1771685116124000,1771685116124000,3.6000001,1.8000001,14,0
1771685116148000,1771685116148000,3.6000001,1.8000001,14,0
1771685116164000,1771685116164000,3.6000001,1.8000001,14,0
1771685116188000,1771685116188000,3.6000001,1.8000001,14,0
1771685116204000,1771685116204000,3.6000001,1.8000001,14,0
1771685116228000,1771685116228000,3.6000001,1.8000001,14,0
1771685116244000,1771685116244000,3.6000001,1.8000001,14,0
1771685116268000,1771685116268000,3.6000001,1.8000001,14,0
1771685116284000,1771685116284000,3.6000001,1.8000001,14,0
1771685116308000,1771685116308000,3.6000001,1.8000001,14,0
1771685116324000,1771685116324000,3.6000001,1.8000001,14,0
1771685116348000,1771685116348000,3.6000001,1.8000001,14,0
1771685116364000,1771685116364000,3.6000001,1.8000001,14,0
1771685116388000,1771685116388000,3.6000001,1.8000001,14,0
1771685116404000,1771685116404000,3.6000001,1.8000001,14,0
1771685116428000,1771685116428000,3.6000001,1.8000001,14,0
1771685116444000,1771685116444000,3.6000001,1.8000001,14,0
1771685116468000,1771685116468000,3.6000001,1.8000001,14,0
1771685116484000,1771685116484000,3.6000001,1.8000001,14,0
1771685116508000,1771685116508000,3.6000001,1.8000001,14,0
1771685116524000,1771685116524000,3.6000001,1.8000001,14,0
1771685116548000,1771685116548000,3.6000001,1.8000001,14,0
1771685116564000,1771685116564000,3.6000001,1.8000001,14,0
1771685116588000,1771685116588000,3.6000001,1.8000001,14,0
1771685116604000,1771685116604000,3.6000001,1.8000001,14,0
1771685116628000,1771685116628000,3.6000001,1.8000001,14,0
1771685116644000,1771685116644000,3.6000001,1.8000001,14,0
1771685116668000,1771685116668000,3.6000001,1.8000001,14,0
1771685116684000,1771685116684000,3.6000001,1.8000001,14,0
1771685116708000,1771685116708000,3.6000001,1.8000001,14,0
1771685116724000,1771685116724000,3.6000001,1.8000001,14,0
1771685116748000,1771685116748000,3.6000001,1.8000001,14,0
1771685116764000,1771685116764000,3.6000001,1.8000001,14,0
1771685116788000,1771685116788000,3.6000001,1.8000001,14,0
1771685116804000,1771685116804000,3.6000001,1.8000001,14,0
1771685116828000,1771685116828000,3.6000001,1.8000001,14,0
1771685116844000,1771685116844000,3.6000001,1.8000001,14,0
1771685116868000,1771685116868000,3.6000001,1.8000001,14,0
1771685116884000,1771685116884000,3.6000001,1.8000001,14,0
1771685116908000,1771685116908000,3.6000001,1.8000001,14,0
1771685116924000,1771685116924000,3.6000001,1.8000001,14,0
1771685116948000,1771685116948000,3.6000001,1.8000001,14,0
1771685116964000,1771685116964000,3.6000001,1.8000001,14,0
1771685116988000,1771685116988000,3.6000001,1.8000001,14,0
1771685117004000,1771685117004000,3.6000001,1.8000001,14,0
1771685117028000,1771685117028000,3.6000001,1.8000001,14,0
1771685117044000,1771685117044000,3.6000001,1.8000001,14,0
1771685117068000,1771685117068000,3.6000001,1.8000001,14,0
1771685117084000,1771685117084000,3.6000001,1.8000001,14,0
1771685117108000,1771685117108000,3.6000001,1.8000001,14,0
1771685117124000,1771685117124000,3.6000001,1.8000001,14,0
1771685117148000,1771685117148000,3.6000001,1.8000001,14,0
1771685117164000,1771685117164000,3.6000001,1.8000001,14,0
1771685117188000,1771685117188000,3.6000001,1.8000001,14,0
1771685117204000,1771685117204000,3.6000001,1.8000001,14,0
1771685117228000,1771685117228000,3.6000001,1.8000001,14,0
1771685117244000,1771685117244000,3.6000001,1.8000001,14,0
1771685117268000,1771685117268000,3.6000001,1.8000001,14,0
1771685117284000,1771685117284000,3.6000001,1.8000001,14,0
1771685117308000,1771685117308000,3.6000001,1.8000001,14,0
1771685117324000,1771685117324000,3.6000001,1.8000001,14,0
1771685117348000,1771685117348000,3.6000001,1.8000001,14,0
1771685117364000,1771685117364000,3.6000001,1.8000001,14,0
1771685117388000,1771685117388000,3.6000001,1.8000001,14,0
1771685117404000,1771685117404000,3.6000001,1.8000001,14,0
1771685117428000,1771685117428000,3.6000001,1.8000001,14,0
1771685117444000,1771685117444000,3.6000001,1.8000001,14,0
1771685117468000,1771685117468000,3.6000001,1.8000001,14,0
1771685117484000,1771685117484000,3.6000001,1.8000001,14,0
1771685117508000,1771685117508000,3.6000001,1.8000001,14,0
1771685117524000,1771685117524000,3.6000001,1.8000001,14,0
1771685117548000,1771685117548000,3.6000001,1.8000001,14,0
1771685117564000,1771685117564000,3.6000001,1.8000001,14,0
1771685117588000,1771685117588000,3.6000001,1.8000001,14,0
1771685117604000,1771685117604000,3.6000001,1.8000001,14,0
1771685117628000,1771685117628000,3.6000001,1.8000001,14,0
1771685117644000,1771685117644000,3.6000001,1.8000001,14,0
1771685117668000,1771685117668000,3.6000001,1.8000001,14,0
1771685117684000,1771685117684000,3.6000001,1.8000001,14,0
1771685117708000,1771685117708000,3.6000001,1.8000001,14,0
1771685117724000,1771685117724000,3.6000001,1.8000001,14,0
1771685117748000,1771685117748000,3.6000001,1.8000001,14,0
1771685117764000,1771685117764000,3.6000001,1.8000001,14,0
1771685117788000,1771685117788000,3.6000001,1.8000001,14,0
1771685117804000,1771685117804000,3.6000001,1.8000001,14,0
1771685117828000,1771685117828000,3.6000001,1.8000001,14,0
1771685117844000,1771685117844000,3.6000001,1.8000001,14,0
1771685117868000,1771685117868000,3.6000001,1.8000001,14,0
1771685117884000,1771685117884000,3.6000001,1.8000001,14,0
1771685117908000,1771685117908000,3.6000001,1.8000001,14,0
1771685117924000,1771685117924000,3.6000001,1.8000001,14,0
1771685117948000,1771685117948000,3.6000001,1.8000001,14,0
1771685117964000,1771685117964000,3.6000001,1.8000001,14,0
1771685117988000,1771685117988000,3.6000001,1.8000001,14,0
1771685118004000,1771685118004000,3.6000001,1.8000001,14,0
1771685118028000,1771685118028000,3.6000001,1.8000001,14,0
1771685118044000,1771685118044000,3.6000001,1.8000001,14,0
1771685118068000,1771685118068000,3.6000001,1.8000001,14,0
1771685118084000,1771685118084000,3.6000001,1.8000001,14,0
1771685118108000,1771685118108000,3.6000001,1.8000001,14,0
1771685118124000,1771685118124000,3.6000001,1.8000001,14,0
1771685118148000,1771685118148000,3.6000001,1.8000001,14,0
1771685118164000,1771685118164000,3.6000001,1.8000001,14,0
1771685118188000,1771685118188000,3.6000001,1.8000001,14,0
1771685118204000,1771685118204000,3.6000001,1.8000001,14,0
1771685118228000,1771685118228000,3.6000001,1.8000001,14,0
1771685118244000,1771685118244000,3.6000001,1.8000001,14,0
1771685118268000,1771685118268000,3.6000001,1.8000001,14,0
1771685118284000,1771685118284000,3.6000001,1.8000001,14,0
1771685118308000,1771685118308000,3.6000001,1.8000001,14,0
1771685118324000,1771685118324000,3.6000001,1.8000001,14,0
1771685118348000,1771685118348000,3.6000001,1.8000001,14,0
1771685118364000,1771685118364000,3.6000001,1.8000001,14,0
1771685118388000,1771685118388000,3.6000001,1.8000001,14,0
1771685118404000,1771685118404000,3.6000001,1.8000001,14,0
1771685118428000,1771685118428000,3.6000001,1.8000001,14,0
1771685118444000,1771685118444000,3.6000001,1.8000001,14,0
1771685118468000,1771685118468000,3.6000001,1.8000001,14,0
1771685118484000,1771685118484000,3.6000001,1.8000001,14,0
1771685118508000,1771685118508000,3.6000001,1.8000001,14,0
1771685118524000,1771685118524000,3.6000001,1.8000001,14,0
1771685118548000,1771685118548000,3.6000001,1.8000001,14,0
1771685118564000,1771685118564000,3.6000001,1.8000001,14,0
1771685118588000,1771685118588000,3.6000001,1.8000001,14,0
1771685118604000,1771685118604000,3.6000001,1.8000001,14,0
1771685118628000,1771685118628000,3.6000001,1.8000001,14,0
1771685118644000,1771685118644000,3.6000001,1.8000001,14,0
1771685118668000,1771685118668000,3.6000001,1.8000001,14,0
1771685118684000,1771685118684000,3.6000001,1.8000001,14,0
1771685118708000,1771685118708000,3.6000001,1.8000001,14,0
1771685118724000,1771685118724000,3.6000001,1.8000001,14,0
1771685118748000,1771685118748000,3.6000001,1.8000001,14,0
1771685118764000,1771685118764000,3.6000001,1.8000001,14,0
1771685118788000,1771685118788000,3.6000001,1.8000001,14,0
1771685118804000,1771685118804000,3.6000001,1.8000001,14,0
1771685118828000,1771685118828000,3.6000001,1.8000001,14,0
1771685118844000,1771685118844000,3.6000001,1.8000001,14,0
1771685118868000,1771685118868000,3.6000001,1.8000001,14,0
1771685118884000,1771685118884000,3.6000001,1.8000001,14,0
1771685118908000,1771685118908000,3.6000001,1.8000001,14,0
1771685118924000,1771685118924000,3.6000001,1.8000001,14,0
1771685118948000,1771685118948000,3.6000001,1.8000001,14,0
1771685118964000,1771685118964000,3.6000001,1.8000001,14,0
1771685118988000,1771685118988000,3.6000001,1.8000001,14,0
1771685119004000,1771685119004000,3.6000001,1.8000001,14,0
1771685119028000,1771685119028000,3.6000001,1.8000001,14,0
1771685119044000,1771685119044000,3.6000001,1.8000001,14,0
1771685119068000,1771685119068000,3.6000001,1.8000001,14,0
1771685119084000,1771685119084000,3.6000001,1.8000001,14,0
1771685119108000,1771685119108000,3.6000001,1.8000001,14,0
1771685119124000,1771685119124000,3.6000001,1.8000001,14,0
1771685119148000,1771685119148000,3.6000001,1.8000001,14,0
1771685119164000,1771685119164000,3.6000001,1.8000001,14,0
1771685119188000,1771685119188000,3.6000001,1.8000001,14,0
1771685119204000,1771685119204000,3.6000001,1.8000001,14,0
1771685119228000,1771685119228000,3.6000001,1.8000001,14,0
1771685119244000,1771685119244000,3.6000001,1.8000001,14,0
1771685119268000,1771685119268000,3.6000001,1.8000001,14,0
1771685119284000,1771685119284000,3.6000001,1.8000001,14,0
1771685119308000,1771685119308000,3.6000001,1.8000001,14,0
1771685119324000,1771685119324000,3.6000001,1.8000001,14,0
1771685119348000,1771685119348000,3.6000001,1.8000001,14,0
1771685119364000,1771685119364000,3.6000001,1.8000001,14,0
1771685119388000,1771685119388000,3.6000001,1.8000001,14,0
1771685119404000,1771685119404000,3.6000001,1.8000001,14,0
1771685119428000,1771685119428000,3.6000001,1.8000001,14,0
1771685119444000,1771685119444000,3.6000001,1.8000001,14,0
1771685119468000,1771685119468000,3.6000001,1.8000001,14,0
1771685119484000,1771685119484000,3.6000001,1.8000001,14,0
1771685119508000,1771685119508000,3.6000001,1.8000001,14,0
1771685119524000,1771685119524000,3.6000001,1.8000001,14,0
1771685119548000,1771685119548000,3.6000001,1.8000001,14,0
1771685119564000,1771685119564000,3.6000001,1.8000001,14,0
1771685119588000,1771685119588000,3.6000001,1.8000001,14,0
1771685119604000,1771685119604000,3.6000001,1.8000001,14,0
1771685119628000,1771685119628000,3.6000001,1.8000001,14,0
1771685119644000,1771685119644000,3.6000001,1.8000001,14,0
1771685119668000,1771685119668000,3.6000001,1.8000001,14,0
1771685119684000,1771685119684000,3.6000001,1.8000001,14,0
1771685119708000,1771685119708000,3.6000001,1.8000001,14,0
1771685119724000,1771685119724000,3.6000001,1.8000001,14,0
1771685119748000,1771685119748000,3.6000001,1.8000001,14,0
