timestamp,pub_timestamp,timestamp_sample,device_id,magnetometer_ga[0],magnetometer_ga[1],magnetometer_ga[2],publisher_id,calibration_count
1771684924668000,1771684924668000,1771684924668000,197388,0.2159191,0.022691311,0.4312026,126,0
1771684924800000,1771684924800000,1771684924736000,197388,0.21396783,0.0091611,0.4291968,126,0
1771684924804000,1771684924804000,1771684924804000,197388,0.2146514,0.006533909,0.4236259,126,0
1771684924936000,1771684924936000,1771684924872000,197388,0.21618976,0.008728365,0.42892593,126,0
1771684924940000,1771684924940000,1771684924940000,197388,0.20892332,0.01182907,0.43354478,126,0
1771684925072000,1771684925072000,1771684925008000,197388,0.21606977,0.010729275,0.42982408,126,0
1771684925076000,1771684925076000,1771684925076000,197388,0.2179735,0.011082968,0.42214614,126,0
1771684925208000,1771684925208000,1771684925144000,197388,0.21317078,0.009339575,0.43056905,126,0
1771684925212000,1771684925212000,1771684925212000,197388,0.21717545,0.010535339,0.42650914,126,0
1771684925344000,1771684925344000,1771684925280000,197388,0.21761538,0.009982301,0.42975253,126,0
1771684925348000,1771684925348000,1771684925348000,197388,0.21407238,0.0070372596,0.43802625,126,0
1771684925480000,1771684925480000,1771684925416000,197388,0.21432623,0.009308908,0.42973542,126,0
1771684925484000,1771684925484000,1771684925484000,197388,0.21154797,0.01093519,0.43361434,126,0
1771684925616000,1771684925616000,1771684925552000,197388,0.21578068,0.010117041,0.43033725,126,0
1771684925620000,1771684925620000,1771684925620000,197388,0.21411231,0.007461501,0.42584735,126,0
1771684925752000,1771684925752000,1771684925688000,197388,0.2156899,0.011144315,0.4282434,126,0
1771684925756000,1771684925756000,1771684925756000,197388,0.21544284,0.021523118,0.4300855,126,0
1771684925888000,1771684925888000,1771684925824000,197388,0.21463022,0.010550144,0.43061963,126,0
1771684925892000,1771684925892000,1771684925892000,197388,0.21309888,-0.00028594295,0.4319395,126,0
1771684926024000,1771684926024000,1771684925960000,197388,0.21616955,0.008394765,0.43081236,126,0
1771684926028000,1771684926028000,1771684926028000,197388,0.21586739,0.011586069,0.4350522,126,0
1771684926160000,1771684926160000,1771684926096000,197388,0.21601559,0.011944317,0.43015817,126,0
1771684926164000,1771684926164000,1771684926164000,197388,0.21236968,0.008595833,0.42652604,126,0
1771684926296000,1771684926296000,1771684926232000,197388,0.21478342,0.010091156,0.4302112,126,0
1771684926300000,1771684926300000,1771684926300000,197388,0.21568786,0.0052311723,0.4273901,126,0
1771684926432000,1771684926432000,1771684926368000,197388,0.21454705,0.009192824,0.42966428,126,0
1771684926436000,1771684926436000,1771684926436000,197388,0.22099844,0.00016921115,0.43237287,126,0
1771684926568000,1771684926568000,1771684926504000,197388,0.21441552,0.010273646,0.42925996,126,0
1771684926572000,1771684926572000,1771684926572000,197388,0.20631121,0.0064945016,0.42109442,126,0
1771684926704000,1771684926704000,1771684926640000,197388,0.2152424,0.009900236,0.4308138,126,0
1771684926708000,1771684926708000,1771684926708000,197388,0.22049114,0.010691645,0.42633945,126,0
1771684926840000,1771684926840000,1771684926776000,197388,0.21360478,0.009923874,0.42876714,126,0
1771684926844000,1771684926844000,1771684926844000,197388,0.22101068,0.0048376694,0.43745282,126,0
1771684926976000,1771684926976000,1771684926912000,197388,0.2146876,0.010178907,0.4294275,126,0
1771684926980000,1771684926980000,1771684926980000,197388,0.2134921,0.017743703,0.43591225,126,0
1771684927112000,1771684927112000,1771684927048000,197388,0.21420556,0.010892105,0.42975065,126,0
1771684927116000,1771684927116000,1771684927116000,197388,0.22481006,0.006153454,0.43158868,126,0
1771684927248000,1771684927248000,1771684927184000,197388,0.21453041,0.009262127,0.42919314,126,0
1771684927252000,1771684927252000,1771684927252000,197388,0.22185984,0.016693983,0.42545685,126,0
1771684927384000,1771684927384000,1771684927320000,197388,0.2160102,0.010212926,0.42948252,126,0
1771684927388000,1771684927388000,1771684927388000,197388,0.20258445,0.010286931,0.42342332,126,0
1771684927520000,1771684927520000,1771684927456000,197388,0.21536903,0.009912635,0.4288222,126,0
1771684927524000,1771684927524000,1771684927524000,197388,0.21454088,0.008871791,0.42900738,126,0
1771684927656000,1771684927656000,1771684927592000,197388,0.21605116,0.010861032,0.42940453,126,0
1771684927660000,1771684927660000,1771684927660000,197388,0.2133815,0.011948538,0.42796144,126,0
1771684927792000,1771684927792000,1771684927728000,197388,0.21484943,0.007666651,0.42946973,126,0
1771684927796000,1771684927796000,1771684927796000,197388,0.21822925,0.008030246,0.43191633,126,0
1771684927928000,1771684927928000,1771684927864000,197388,0.21340008,0.010133974,0.42905647,126,0
1771684927932000,1771684927932000,1771684927932000,197388,0.2140782,0.015475335,0.42461908,126,0
1771684928064000,1771684928064000,1771684928000000,197388,0.2146003,0.009541917,0.42954484,126,0
1771684928068000,1771684928068000,1771684928068000,197388,0.21426377,0.0062972424,0.4218818,126,0
1771684928200000,1771684928200000,1771684928136000,197388,0.21426305,0.0095907105,0.42927164,126,0
1771684928204000,1771684928204000,1771684928204000,197388,0.2177344,0.014294672,0.4232102,126,0
1771684928336000,1771684928336000,1771684928272000,197388,0.21334559,0.010382764,0.42950678,126,0
1771684928340000,1771684928340000,1771684928340000,197388,0.22501655,0.0014242807,0.4383763,126,0
1771684928472000,1771684928472000,1771684928408000,197388,0.2155546,0.011022974,0.42924425,126,0
1771684928476000,1771684928476000,1771684928476000,197388,0.21033224,0.011118392,0.42777836,126,0
1771684928608000,1771684928608000,1771684928544000,197388,0.215487,0.009373331,0.42905325,126,0
1771684928612000,1771684928612000,1771684928612000,197388,0.20976073,0.006355929,0.44076267,126,0
1771684928744000,1771684928744000,1771684928680000,197388,0.21579555,0.010030771,0.42877898,126,0
1771684928748000,1771684928748000,1771684928748000,197388,0.22198719,0.0048028436,0.42880407,126,0
1771684928880000,1771684928880000,1771684928816000,197388,0.21483906,0.01002369,0.4308379,126,0
1771684928884000,1771684928884000,1771684928884000,197388,0.2133565,0.009096171,0.4316299,126,0
1771684929016000,1771684929016000,1771684928952000,197388,0.21588078,0.012096434,0.42950553,126,0
1771684929020000,1771684929020000,1771684929020000,197388,0.21622168,0.016845267,0.43497384,126,0
1771684929152000,1771684929152000,1771684929088000,197388,0.21382177,0.009044385,0.4295919,126,0
1771684929156000,1771684929156000,1771684929156000,197388,0.21698003,0.014638456,0.42959246,126,0
1771684929288000,1771684929288000,1771684929224000,197388,0.21478848,0.009705171,0.4300068,126,0
1771684929292000,1771684929292000,1771684929292000,197388,0.21761116,0.011971735,0.43467486,126,0
1771684929424000,1771684929424000,1771684929360000,197388,0.21551342,0.009534484,0.42990676,126,0
1771684929428000,1771684929428000,1771684929428000,197388,0.22619142,0.010533124,0.4359521,126,0
1771684929560000,1771684929560000,1771684929496000,197388,0.2153718,0.011388475,0.42833364,126,0
1771684929564000,1771684929564000,1771684929564000,197388,0.22709644,0.012561106,0.42741576,126,0
1771684929696000,1771684929696000,1771684929632000,197388,0.21480888,0.011270211,0.4310024,126,0
1771684929700000,1771684929700000,1771684929700000,197388,0.21110533,0.0137723265,0.43339357,126,0
1771684929832000,1771684929832000,1771684929768000,197388,0.2161679,0.00994036,0.4291751,126,0
1771684929836000,1771684929836000,1771684929836000,197388,0.21648091,0.009549881,0.42881873,126,0
1771684929968000,1771684929968000,1771684929904000,197388,0.2164643,0.01032069,0.42926177,126,0
1771684929972000,1771684929972000,1771684929972000,197388,0.21159287,0.015248016,0.4281902,126,0
1771684930104000,1771684930104000,1771684930040000,197388,0.21539229,0.00994287,0.42832237,126,0
1771684930108000,1771684930108000,1771684930108000,197388,0.21123491,0.010167053,0.4283565,126,0
1771684930240000,1771684930240000,1771684930176000,197388,0.21248864,0.008625892,0.4318274,126,0
1771684930244000,1771684930244000,1771684930244000,197388,0.21173286,0.0049413075,0.42370287,126,0
1771684930376000,1771684930376000,1771684930312000,197388,0.2152788,0.009370423,0.4301128,126,0
1771684930380000,1771684930380000,1771684930380000,197388,0.22421494,0.01883753,0.43086922,126,0
1771684930512000,1771684930512000,1771684930448000,197388,0.2146489,0.011092542,0.42982325,126,0
1771684930516000,1771684930516000,1771684930516000,197388,0.21895085,0.0066386196,0.43113208,126,0
1771684930648000,1771684930648000,1771684930584000,197388,0.21466872,0.009295845,0.4307743,126,0
1771684930652000,1771684930652000,1771684930652000,197388,0.22171606,0.0055044717,0.42420954,126,0
1771684930784000,1771684930784000,1771684930720000,197388,0.21466349,0.0113171,0.4311567,126,0
1771684930788000,1771684930788000,1771684930788000,197388,0.21494047,0.018358514,0.43402493,126,0
1771684930920000,1771684930920000,1771684930856000,197388,0.21598575,0.010685671,0.42919865,126,0
1771684930924000,1771684930924000,1771684930924000,197388,0.2184736,0.013214087,0.43477935,126,0
1771684931056000,1771684931056000,1771684930992000,197388,0.2149644,0.009869409,0.43002734,126,0
1771684931060000,1771684931060000,1771684931060000,197388,0.20755383,0.010933535,0.428116,126,0
1771684931192000,1771684931192000,1771684931128000,197388,0.21508765,0.009417356,0.4302595,126,0
1771684931196000,1771684931196000,1771684931196000,197388,0.2180042,0.012070284,0.43694848,126,0
1771684931328000,1771684931328000,1771684931264000,197388,0.21683802,0.011918657,0.43072453,126,0
1771684931332000,1771684931332000,1771684931332000,197388,0.20813109,0.006499027,0.424767,126,0
1771684931464000,1771684931464000,1771684931400000,197388,0.21363857,0.010586741,0.4300595,126,0
1771684931468000,1771684931468000,1771684931468000,197388,0.20529838,0.009902393,0.43435153,126,0
1771684931600000,1771684931600000,1771684931536000,197388,0.21561535,0.009710231,0.42768177,126,0
1771684931604000,1771684931604000,1771684931604000,197388,0.21724588,0.0076187253,0.4305695,126,0
1771684931736000,1771684931736000,1771684931672000,197388,0.21531232,0.010605062,0.42875057,126,0
1771684931740000,1771684931740000,1771684931740000,197388,0.21503572,0.0063839206,0.4280103,126,0
1771684931872000,1771684931872000,1771684931808000,197388,0.21521065,0.010241938,0.43173158,126,0
1771684931876000,1771684931876000,1771684931876000,197388,0.2261417,0.01680815,0.4290239,126,0
1771684932008000,1771684932008000,1771684931944000,197388,0.21552204,0.009759467,0.4305222,126,0
1771684932012000,1771684932012000,1771684932012000,197388,0.21790758,0.011931755,0.42828375,126,0
1771684932144000,1771684932144000,1771684932080000,197388,0.21545313,0.011665616,0.4300578,126,0
1771684932148000,1771684932148000,1771684932148000,197388,0.21636716,0.01436191,0.43481013,126,0
1771684932280000,1771684932280000,1771684932216000,197388,0.21563375,0.008906173,0.4292192,126,0
1771684932284000,1771684932284000,1771684932284000,197388,0.20523012,0.009832964,0.43055668,126,0
1771684932416000,1771684932416000,1771684932352000,197388,0.21447742,0.0094207525,0.4315866,126,0
1771684932420000,1771684932420000,1771684932420000,197388,0.20933591,0.010810646,0.42369193,126,0
1771684932552000,1771684932552000,1771684932488000,197388,0.21553801,0.008783208,0.43043512,126,0
1771684932556000,1771684932556000,1771684932556000,197388,0.21805356,0.0044682203,0.4382745,126,0
1771684932688000,1771684932688000,1771684932624000,197388,0.21484956,0.009272973,0.4310431,126,0
1771684932692000,1771684932692000,1771684932692000,197388,0.21974635,0.008479834,0.42349985,126,0
1771684932824000,1771684932824000,1771684932760000,197388,0.21465264,0.010912842,0.42985344,126,0
1771684932828000,1771684932828000,1771684932828000,197388,0.21625192,0.01593992,0.42476702,126,0
1771684932960000,1771684932960000,1771684932896000,197388,0.21533191,0.010306688,0.4292168,126,0
1771684932964000,1771684932964000,1771684932964000,197388,0.21132939,0.009502563,0.4337169,126,0
1771684933096000,1771684933096000,1771684933032000,197388,0.21481135,0.011126248,0.42905435,126,0
1771684933100000,1771684933100000,1771684933100000,197388,0.2137954,0.002956457,0.43369108,126,0
1771684933232000,1771684933232000,1771684933168000,197388,0.21440408,0.010447785,0.43050304,126,0
1771684933236000,1771684933236000,1771684933236000,197388,0.20495874,0.02186872,0.4302867,126,0
1771684933368000,1771684933368000,1771684933304000,197388,0.21268065,0.008976478,0.4314829,126,0
1771684933372000,1771684933372000,1771684933372000,197388,0.21967122,0.0111439405,0.4361937,126,0
1771684933504000,1771684933504000,1771684933440000,197388,0.21437162,0.010374757,0.42940453,126,0
1771684933508000,1771684933508000,1771684933508000,197388,0.21067862,0.0011269909,0.43335396,126,0
1771684933640000,1771684933640000,1771684933576000,197388,0.21593423,0.011279575,0.42832914,126,0
1771684933644000,1771684933644000,1771684933644000,197388,0.21156102,0.01349693,0.4278545,126,0
1771684933776000,1771684933776000,1771684933712000,197388,0.21482018,0.009957049,0.43184453,126,0
1771684933780000,1771684933780000,1771684933780000,197388,0.21550834,0.009695773,0.43353865,126,0
1771684933912000,1771684933912000,1771684933848000,197388,0.21402097,0.01103338,0.42920488,126,0
1771684933916000,1771684933916000,1771684933916000,197388,0.21541241,0.017833432,0.43417913,126,0
1771684934048000,1771684934048000,1771684933984000,197388,0.21578547,0.011681017,0.43060207,126,0
1771684934052000,1771684934052000,1771684934052000,197388,0.21611957,0.012740346,0.42778924,126,0
1771684934184000,1771684934184000,1771684934120000,197388,0.2139224,0.011062678,0.42999685,126,0
1771684934188000,1771684934188000,1771684934188000,197388,0.21628144,0.016668811,0.43034744,126,0
1771684934320000,1771684934320000,1771684934256000,197388,0.21445368,0.010623384,0.42999986,126,0
1771684934324000,1771684934324000,1771684934324000,197388,0.21459132,0.019073838,0.42422208,126,0
1771684934456000,1771684934456000,1771684934392000,197388,0.2142456,0.01011191,0.4294233,126,0
1771684934460000,1771684934460000,1771684934460000,197388,0.2103193,0.0028468356,0.42621994,126,0
1771684934592000,1771684934592000,1771684934528000,197388,0.21391642,0.011254139,0.43030098,126,0
1771684934596000,1771684934596000,1771684934596000,197388,0.21679156,0.005752254,0.42673296,126,0
1771684934728000,1771684934728000,1771684934664000,197388,0.21539216,0.0102393115,0.4299219,126,0
1771684934732000,1771684934732000,1771684934732000,197388,0.22342187,0.011942073,0.4257697,126,0
1771684934864000,1771684934864000,1771684934800000,197388,0.21578531,0.009633624,0.42995712,126,0
1771684934868000,1771684934868000,1771684934868000,197388,0.21143855,0.006649024,0.42675406,126,0
1771684935000000,1771684935000000,1771684934936000,197388,0.2142964,0.010002214,0.4303573,126,0
1771684935004000,1771684935004000,1771684935004000,197388,0.20812725,0.012416922,0.4272025,126,0
1771684935136000,1771684935136000,1771684935072000,197388,0.2159692,0.011287264,0.43063176,126,0
1771684935140000,1771684935140000,1771684935140000,197388,0.21801288,0.012609553,0.42548996,126,0
1771684935272000,1771684935272000,1771684935208000,197388,0.21634331,0.011194018,0.4296496,126,0
1771684935276000,1771684935276000,1771684935276000,197388,0.21185291,0.017775537,0.42279208,126,0
1771684935408000,1771684935408000,1771684935344000,197388,0.21459848,0.0094704665,0.42914414,126,0
1771684935412000,1771684935412000,1771684935412000,197388,0.21835847,0.008755579,0.4185555,126,0
1771684935544000,1771684935544000,1771684935480000,197388,0.21617924,0.010313006,0.42931372,126,0
1771684935548000,1771684935548000,1771684935548000,197388,0.21993145,0.012388133,0.43101403,126,0
1771684935680000,1771684935680000,1771684935616000,197388,0.21378951,0.009645463,0.4298296,126,0
1771684935684000,1771684935684000,1771684935684000,197388,0.21647017,0.010824784,0.42793307,126,0
1771684935816000,1771684935816000,1771684935752000,197388,0.21395436,0.010304065,0.43006343,126,0
1771684935820000,1771684935820000,1771684935820000,197388,0.2196072,0.0073878267,0.43324035,126,0
1771684935952000,1771684935952000,1771684935888000,197388,0.21668908,0.010258208,0.43068942,126,0
1771684935956000,1771684935956000,1771684935956000,197388,0.2217711,0.01987435,0.42859882,126,0
1771684936088000,1771684936088000,1771684936024000,197388,0.21496317,0.010189604,0.43040186,126,0
1771684936092000,1771684936092000,1771684936092000,197388,0.21871336,0.00905245,0.42997712,126,0
1771684936224000,1771684936224000,1771684936160000,197388,0.2154604,0.009759722,0.42962715,126,0
1771684936228000,1771684936228000,1771684936228000,197388,0.2152893,0.014734804,0.42955652,126,0
1771684936360000,1771684936360000,1771684936296000,197388,0.21658367,0.011242226,0.42960167,126,0
1771684936364000,1771684936364000,1771684936364000,197388,0.2194947,0.011504641,0.43030635,126,0
1771684936496000,1771684936496000,1771684936432000,197388,0.21716306,0.010585723,0.4296622,126,0
1771684936500000,1771684936500000,1771684936500000,197388,0.21093604,0.005818546,0.4371209,126,0
1771684936632000,1771684936632000,1771684936568000,197388,0.21596672,0.009893433,0.4299433,126,0
1771684936636000,1771684936636000,1771684936636000,197388,0.21630579,0.012785572,0.42718115,126,0
1771684936768000,1771684936768000,1771684936704000,197388,0.21419433,0.010386551,0.42857248,126,0
1771684936772000,1771684936772000,1771684936772000,197388,0.21487194,0.0041412795,0.432318,126,0
1771684936904000,1771684936904000,1771684936840000,197388,0.21406649,0.011260678,0.4311179,126,0
1771684936908000,1771684936908000,1771684936908000,197388,0.21360618,0.016080638,0.43532634,126,0
1771684937040000,1771684937040000,1771684936976000,197388,0.21482866,0.009158263,0.42924836,126,0
1771684937044000,1771684937044000,1771684937044000,197388,0.2114865,0.012009459,0.43302187,126,0
1771684937176000,1771684937176000,1771684937112000,197388,0.21478616,0.010660052,0.43020523,126,0
1771684937180000,1771684937180000,1771684937180000,197388,0.2163067,0.01172139,0.43678305,126,0
1771684937312000,1771684937312000,1771684937248000,197388,0.21486086,0.0109317815,0.43074858,126,0
1771684937316000,1771684937316000,1771684937316000,197388,0.20890605,0.011366187,0.42270544,126,0
1771684937448000,1771684937448000,1771684937384000,197388,0.21490212,0.009465694,0.42946717,126,0
1771684937452000,1771684937452000,1771684937452000,197388,0.2148137,0.01428433,0.43104914,126,0
1771684937584000,1771684937584000,1771684937520000,197388,0.2144382,0.010965978,0.43140647,126,0
1771684937588000,1771684937588000,1771684937588000,197388,0.21110383,0.0011527003,0.42489493,126,0
1771684937720000,1771684937720000,1771684937656000,197388,0.21621421,0.010270711,0.4292433,126,0
1771684937724000,1771684937724000,1771684937724000,197388,0.21667066,0.016005898,0.43563253,126,0
1771684937856000,1771684937856000,1771684937792000,197388,0.21397513,0.010986707,0.42956817,126,0
1771684937860000,1771684937860000,1771684937860000,197388,0.22018382,0.016605416,0.42963853,126,0
1771684937992000,1771684937992000,1771684937928000,197388,0.21377717,0.009675383,0.42880604,126,0
1771684937996000,1771684937996000,1771684937996000,197388,0.22021939,0.0199868,0.42051366,126,0
1771684938128000,1771684938128000,1771684938064000,197388,0.21528326,0.011850462,0.42925963,126,0
1771684938132000,1771684938132000,1771684938132000,197388,0.22605003,0.0072817127,0.42690307,126,0
1771684938264000,1771684938264000,1771684938200000,197388,0.21693185,0.010697833,0.4301966,126,0
1771684938268000,1771684938268000,1771684938268000,197388,0.20806909,0.012612558,0.43139088,126,0
1771684938400000,1771684938400000,1771684938336000,197388,0.21542904,0.010284769,0.4304427,126,0
1771684938404000,1771684938404000,1771684938404000,197388,0.22583415,0.018500362,0.434041,126,0
1771684938536000,1771684938536000,1771684938472000,197388,0.21502312,0.009110676,0.43163484,126,0
1771684938540000,1771684938540000,1771684938540000,197388,0.22249694,0.01175124,0.42870554,126,0
1771684938672000,1771684938672000,1771684938608000,197388,0.2148568,0.011585036,0.4297273,126,0
1771684938676000,1771684938676000,1771684938676000,197388,0.2196525,0.0136648705,0.436669,126,0
1771684938808000,1771684938808000,1771684938744000,197388,0.2148432,0.009456261,0.43052864,126,0
1771684938812000,1771684938812000,1771684938812000,197388,0.21783115,0.023234,0.43322617,126,0
1771684938944000,1771684938944000,1771684938880000,197388,0.21588418,0.010673202,0.43082127,126,0
1771684938948000,1771684938948000,1771684938948000,197388,0.2194724,0.010829959,0.43737045,126,0
1771684939080000,1771684939080000,1771684939016000,197388,0.21457039,0.009965558,0.43201637,126,0
1771684939084000,1771684939084000,1771684939084000,197388,0.21038954,0.008733252,0.4230528,126,0
1771684939216000,1771684939216000,1771684939152000,197388,0.21478419,0.010627347,0.43067995,126,0
1771684939220000,1771684939220000,1771684939220000,197388,0.21640036,0.0026846256,0.42845598,126,0
1771684939352000,1771684939352000,1771684939288000,197388,0.21583873,0.009539141,0.43003076,126,0
1771684939356000,1771684939356000,1771684939356000,197388,0.20336765,0.012558504,0.42346197,126,0
1771684939488000,1771684939488000,1771684939424000,197388,0.21580045,0.011381153,0.4306896,126,0
1771684939492000,1771684939492000,1771684939492000,197388,0.22130623,0.0009877017,0.42716837,126,0
1771684939624000,1771684939624000,1771684939560000,197388,0.2151469,0.007934719,0.4301134,126,0
1771684939628000,1771684939628000,1771684939628000,197388,0.21241431,0.005044798,0.43344367,126,0
1771684939760000,1771684939760000,1771684939696000,197388,0.21482827,0.011079493,0.4294679,126,0
1771684939764000,1771684939764000,1771684939764000,197388,0.2259803,0.016737387,0.42916185,126,0
1771684939896000,1771684939896000,1771684939832000,197388,0.2146409,0.0114073865,0.4301345,126,0
1771684939900000,1771684939900000,1771684939900000,197388,0.2164008,0.0033069933,0.43436044,126,0
1771684940032000,1771684940032000,1771684939968000,197388,0.21603796,0.010475449,0.4303948,126,0
1771684940036000,1771684940036000,1771684940036000,197388,0.22187181,0.008188864,0.43029296,126,0
1771684940168000,1771684940168000,1771684940104000,197388,0.2142072,0.011138437,0.4310125,126,0
1771684940172000,1771684940172000,1771684940172000,197388,0.21693389,0.008283382,0.4341163,126,0
1771684940304000,1771684940304000,1771684940240000,197388,0.21492529,0.008888626,0.43030792,126,0
1771684940308000,1771684940308000,1771684940308000,197388,0.21776651,0.012354905,0.43566093,126,0
1771684940440000,1771684940440000,1771684940376000,197388,0.21215832,0.010789516,0.43111807,126,0
1771684940444000,1771684940444000,1771684940444000,197388,0.20299485,0.017898075,0.4357531,126,0
1771684940576000,1771684940576000,1771684940512000,197388,0.21354306,0.010723824,0.4304298,126,0
1771684940580000,1771684940580000,1771684940580000,197388,0.21780904,0.014657896,0.4290988,126,0
1771684940712000,1771684940712000,1771684940648000,197388,0.21266562,0.011974229,0.430654,126,0
1771684940716000,1771684940716000,1771684940716000,197388,0.22136179,0.010955808,0.43892753,126,0
1771684940848000,1771684940848000,1771684940784000,197388,0.21324266,0.009450212,0.42943186,126,0
1771684940852000,1771684940852000,1771684940852000,197388,0.20895281,0.011001538,0.43177783,126,0
1771684940984000,1771684940984000,1771684940920000,197388,0.21633406,0.010515197,0.42862844,126,0
1771684940988000,1771684940988000,1771684940988000,197388,0.2042969,0.0012004285,0.42605716,126,0
1771684941120000,1771684941120000,1771684941056000,197388,0.21564533,0.0081955455,0.4298863,126,0
1771684941124000,1771684941124000,1771684941124000,197388,0.21188062,0.009960285,0.42877066,126,0
1771684941256000,1771684941256000,1771684941192000,197388,0.21547721,0.009736982,0.42933416,126,0
1771684941260000,1771684941260000,1771684941260000,197388,0.21447152,-0.0026441396,0.42078668,126,0
1771684941392000,1771684941392000,1771684941328000,197388,0.21652739,0.008976152,0.42919728,126,0
1771684941396000,1771684941396000,1771684941396000,197388,0.20627008,0.010207939,0.43570468,126,0
1771684941528000,1771684941528000,1771684941464000,197388,0.21737139,0.008145459,0.42856702,126,0
1771684941532000,1771684941532000,1771684941532000,197388,0.21870801,0.010042963,0.42814818,126,0
1771684941664000,1771684941664000,1771684941600000,197388,0.21687602,0.009359322,0.43043196,126,0
1771684941668000,1771684941668000,1771684941668000,197388,0.21901901,0.010045607,0.43319488,126,0
1771684941800000,1771684941800000,1771684941736000,197388,0.21717513,0.008184895,0.42872006,126,0
1771684941804000,1771684941804000,1771684941804000,197388,0.21203578,0.0010047659,0.43397203,126,0
1771684941936000,1771684941936000,1771684941872000,197388,0.21700865,0.00804861,0.42720264,126,0
1771684941940000,1771684941940000,1771684941940000,197388,0.21851093,0.0069853347,0.42501828,126,0
1771684942072000,1771684942072000,1771684942008000,197388,0.2173572,0.00900137,0.42971966,126,0
1771684942076000,1771684942076000,1771684942076000,197388,0.21892552,0.0049253074,0.42659673,126,0
1771684942208000,1771684942208000,1771684942144000,197388,0.21692906,0.008476374,0.428122,126,0
1771684942212000,1771684942212000,1771684942212000,197388,0.20587893,0.011887098,0.42156512,126,0
1771684942344000,1771684942344000,1771684942280000,197388,0.21681394,0.008126013,0.4284064,126,0
1771684942348000,1771684942348000,1771684942348000,197388,0.20855117,0.008770855,0.4296245,126,0
1771684942480000,1771684942480000,1771684942416000,197388,0.21657047,0.008846518,0.42870998,126,0
1771684942484000,1771684942484000,1771684942484000,197388,0.21533106,0.0047788927,0.42568475,126,0
1771684942616000,1771684942616000,1771684942552000,197388,0.21547252,0.009617925,0.42922962,126,0
1771684942620000,1771684942620000,1771684942620000,197388,0.2151942,0.008854185,0.43203172,126,0
1771684942752000,1771684942752000,1771684942688000,197388,0.21527994,0.01005913,0.43024617,126,0
1771684942756000,1771684942756000,1771684942756000,197388,0.21267195,0.0085844295,0.43472883,126,0
1771684942888000,1771684942888000,1771684942824000,197388,0.21739908,0.010516968,0.42960578,126,0
1771684942892000,1771684942892000,1771684942892000,197388,0.21130276,0.011623521,0.43054548,126,0
1771684943024000,1771684943024000,1771684942960000,197388,0.21783917,0.011729922,0.43073633,126,0
1771684943028000,1771684943028000,1771684943028000,197388,0.21171023,0.006761161,0.42894238,126,0
1771684943160000,1771684943160000,1771684943096000,197388,0.2167653,0.010143009,0.4283556,126,0
1771684943164000,1771684943164000,1771684943164000,197388,0.20870239,0.012849393,0.42987448,126,0
1771684943296000,1771684943296000,1771684943232000,197388,0.21517117,0.01028781,0.42930016,126,0
1771684943300000,1771684943300000,1771684943300000,197388,0.21394235,0.013992121,0.43508682,126,0
1771684943432000,1771684943432000,1771684943368000,197388,0.21508592,0.010960854,0.4307974,126,0
1771684943436000,1771684943436000,1771684943436000,197388,0.22207603,0.01690133,0.42468098,126,0
1771684943568000,1771684943568000,1771684943504000,197388,0.2155691,0.011763253,0.42971364,126,0
1771684943572000,1771684943572000,1771684943572000,197388,0.22071356,0.006191532,0.4230495,126,0
1771684943704000,1771684943704000,1771684943640000,197388,0.2142619,0.0122984005,0.42993715,126,0
1771684943708000,1771684943708000,1771684943708000,197388,0.21778975,0.012144067,0.42400795,126,0
1771684943840000,1771684943840000,1771684943776000,197388,0.21561973,0.012271071,0.42894125,126,0
1771684943844000,1771684943844000,1771684943844000,197388,0.21621911,0.017611658,0.41873357,126,0
1771684943976000,1771684943976000,1771684943912000,197388,0.21506189,0.012607142,0.43015894,126,0
1771684943980000,1771684943980000,1771684943980000,197388,0.22203109,0.016933212,0.427944,126,0
1771684944112000,1771684944112000,1771684944048000,197388,0.2150518,0.0117267305,0.43020123,126,0
1771684944116000,1771684944116000,1771684944116000,197388,0.21510178,0.015418889,0.43597564,126,0
1771684944248000,1771684944248000,1771684944184000,197388,0.21545042,0.013324097,0.42915496,126,0
1771684944252000,1771684944252000,1771684944252000,197388,0.21538208,0.016017903,0.4280589,126,0
1771684944384000,1771684944384000,1771684944320000,197388,0.21461548,0.013444569,0.43021578,126,0
1771684944388000,1771684944388000,1771684944388000,197388,0.21723883,0.011498309,0.4413199,126,0
1771684944520000,1771684944520000,1771684944456000,197388,0.21269989,0.012503843,0.43210772,126,0
1771684944524000,1771684944524000,1771684944524000,197388,0.2138435,0.015226801,0.42866004,126,0
1771684944656000,1771684944656000,1771684944592000,197388,0.21329045,0.013254706,0.43041375,126,0
1771684944660000,1771684944660000,1771684944660000,197388,0.21657279,0.015515319,0.42914835,126,0
1771684944792000,1771684944792000,1771684944728000,197388,0.21521693,0.012771067,0.43087408,126,0
1771684944796000,1771684944796000,1771684944796000,197388,0.21440183,0.010883665,0.43068683,126,0
1771684944928000,1771684944928000,1771684944864000,197388,0.21393181,0.009681025,0.43033624,126,0
1771684944932000,1771684944932000,1771684944932000,197388,0.21274456,0.015195959,0.4215677,126,0
1771684945064000,1771684945064000,1771684945000000,197388,0.21297906,0.010178004,0.43045488,126,0
1771684945068000,1771684945068000,1771684945068000,197388,0.21524023,0.005313634,0.43286198,126,0
1771684945200000,1771684945200000,1771684945136000,197388,0.21618687,0.010290884,0.42983538,126,0
1771684945204000,1771684945204000,1771684945204000,197388,0.21539311,0.0061997813,0.43722495,126,0
1771684945336000,1771684945336000,1771684945272000,197388,0.2144706,0.010532219,0.43129602,126,0
1771684945340000,1771684945340000,1771684945340000,197388,0.21311086,0.009803504,0.44215563,126,0
1771684945472000,1771684945472000,1771684945408000,197388,0.21334738,0.009843064,0.42982858,126,0
1771684945476000,1771684945476000,1771684945476000,197388,0.22137262,0.0041932687,0.43007046,126,0
1771684945608000,1771684945608000,1771684945544000,197388,0.21436688,0.008946887,0.4298309,126,0
1771684945612000,1771684945612000,1771684945612000,197388,0.21584165,0.002971966,0.43395594,126,0
1771684945744000,1771684945744000,1771684945680000,197388,0.21586177,0.009147964,0.43104717,126,0
1771684945748000,1771684945748000,1771684945748000,197388,0.21681817,0.0007107596,0.4299867,126,0
1771684945880000,1771684945880000,1771684945816000,197388,0.215359,0.009096198,0.43034318,126,0
1771684945884000,1771684945884000,1771684945884000,197388,0.21920551,0.012161265,0.42288002,126,0
1771684946016000,1771684946016000,1771684945952000,197388,0.21531172,0.0074509443,0.4289846,126,0
1771684946020000,1771684946020000,1771684946020000,197388,0.21280713,0.0080692535,0.4346345,126,0
1771684946152000,1771684946152000,1771684946088000,197388,0.21603008,0.0079436395,0.42917788,126,0
1771684946156000,1771684946156000,1771684946156000,197388,0.2211116,0.0063734814,0.427943,126,0
1771684946288000,1771684946288000,1771684946224000,197388,0.21694641,0.008867533,0.42969212,126,0
1771684946292000,1771684946292000,1771684946292000,197388,0.21916829,0.016745478,0.4335907,126,0
1771684946424000,1771684946424000,1771684946360000,197388,0.21620615,0.00871767,0.42949706,126,0
1771684946428000,1771684946428000,1771684946428000,197388,0.22356185,0.010084762,0.44173026,126,0
1771684946560000,1771684946560000,1771684946496000,197388,0.2154299,0.008746817,0.43032557,126,0
1771684946564000,1771684946564000,1771684946564000,197388,0.21383168,0.0057177986,0.42776418,126,0
1771684946696000,1771684946696000,1771684946632000,197388,0.21623704,0.008720293,0.42940593,126,0
1771684946700000,1771684946700000,1771684946700000,197388,0.21240218,0.0062481454,0.43632028,126,0
1771684946832000,1771684946832000,1771684946768000,197388,0.2168807,0.009437127,0.42911893,126,0
1771684946836000,1771684946836000,1771684946836000,197388,0.21949413,0.01739653,0.4361212,126,0
1771684946968000,1771684946968000,1771684946904000,197388,0.21482815,0.008704827,0.4303643,126,0
1771684946972000,1771684946972000,1771684946972000,197388,0.2151432,0.010337769,0.4240084,126,0
1771684947104000,1771684947104000,1771684947040000,197388,0.2144116,0.009162312,0.42987987,126,0
1771684947108000,1771684947108000,1771684947108000,197388,0.2117415,0.01062682,0.4262947,126,0
1771684947240000,1771684947240000,1771684947176000,197388,0.2144858,0.009908812,0.43131658,126,0
1771684947244000,1771684947244000,1771684947244000,197388,0.21904176,0.0081407465,0.4270507,126,0
1771684947376000,1771684947376000,1771684947312000,197388,0.21582639,0.008085223,0.4303187,126,0
1771684947380000,1771684947380000,1771684947380000,197388,0.2137203,0.022081172,0.42942885,126,0
1771684947512000,1771684947512000,1771684947448000,197388,0.21470356,0.010084894,0.42809206,126,0
1771684947516000,1771684947516000,1771684947516000,197388,0.21188879,0.0077796117,0.43459824,126,0
1771684947648000,1771684947648000,1771684947584000,197388,0.21392696,0.009254591,0.42980754,126,0
1771684947652000,1771684947652000,1771684947652000,197388,0.21714367,0.010886833,0.42426276,126,0
1771684947784000,1771684947784000,1771684947720000,197388,0.21528247,0.010573472,0.430312,126,0
1771684947788000,1771684947788000,1771684947788000,197388,0.21523514,0.0190696,0.43579173,126,0
1771684947920000,1771684947920000,1771684947856000,197388,0.21552873,0.01183903,0.4305734,126,0
1771684947924000,1771684947924000,1771684947924000,197388,0.21439739,0.0044021853,0.42210418,126,0
1771684948056000,1771684948056000,1771684947992000,197388,0.2141299,0.009891358,0.43025646,126,0
1771684948060000,1771684948060000,1771684948060000,197388,0.21908195,0.011455949,0.42321447,126,0
1771684948192000,1771684948192000,1771684948128000,197388,0.21553294,0.010148873,0.4305049,126,0
1771684948196000,1771684948196000,1771684948196000,197388,0.21069303,0.010957166,0.4282465,126,0
1771684948328000,1771684948328000,1771684948264000,197388,0.21618634,0.010565284,0.43070075,126,0
1771684948332000,1771684948332000,1771684948332000,197388,0.20351817,0.018742671,0.44223583,126,0
1771684948464000,1771684948464000,1771684948400000,197388,0.21407665,0.010637819,0.43082917,126,0
1771684948468000,1771684948468000,1771684948468000,197388,0.21707377,0.008895325,0.43299007,126,0
1771684948600000,1771684948600000,1771684948536000,197388,0.21493769,0.0120575605,0.42964834,126,0
1771684948604000,1771684948604000,1771684948604000,197388,0.21444938,0.010999127,0.4284647,126,0
1771684948736000,1771684948736000,1771684948672000,197388,0.21388614,0.010789008,0.4289347,126,0
1771684948740000,1771684948740000,1771684948740000,197388,0.21600203,0.0077950736,0.42981747,126,0
1771684948872000,1771684948872000,1771684948808000,197388,0.21528716,0.011244561,0.42789117,126,0
1771684948876000,1771684948876000,1771684948876000,197388,0.21161608,0.016881496,0.42783216,126,0
1771684949008000,1771684949008000,1771684948944000,197388,0.21520443,0.009718282,0.42912307,126,0
1771684949012000,1771684949012000,1771684949012000,197388,0.21393585,0.0022753265,0.4302092,126,0
1771684949144000,1771684949144000,1771684949080000,197388,0.21597236,0.010963393,0.4290341,126,0
1771684949148000,1771684949148000,1771684949148000,197388,0.21808429,0.017454123,0.43054315,126,0
1771684949280000,1771684949280000,1771684949216000,197388,0.21467614,0.0106511265,0.43109983,126,0
1771684949284000,1771684949284000,1771684949284000,197388,0.21985894,0.0077777393,0.4347588,126,0
1771684949416000,1771684949416000,1771684949352000,197388,0.21735042,0.011633432,0.42850146,126,0
1771684949420000,1771684949420000,1771684949420000,197388,0.21378787,0.013910874,0.43341303,126,0
1771684949552000,1771684949552000,1771684949488000,197388,0.2153213,0.010921456,0.43100548,126,0
1771684949556000,1771684949556000,1771684949556000,197388,0.20814276,0.0041926284,0.42001018,126,0
1771684949688000,1771684949688000,1771684949624000,197388,0.21528146,0.010796306,0.42944846,126,0
1771684949692000,1771684949692000,1771684949692000,197388,0.21909314,0.012921344,0.42825028,126,0
1771684949824000,1771684949824000,1771684949760000,197388,0.2169193,0.012226541,0.42877033,126,0
1771684949828000,1771684949828000,1771684949828000,197388,0.21224602,0.013583389,0.42191142,126,0
1771684949960000,1771684949960000,1771684949896000,197388,0.21567613,0.0119961705,0.42999217,126,0
1771684949964000,1771684949964000,1771684949964000,197388,0.21851327,0.006493158,0.42307872,126,0
1771684950096000,1771684950096000,1771684950032000,197388,0.2169058,0.011214126,0.42900077,126,0
1771684950100000,1771684950100000,1771684950100000,197388,0.20920475,0.009301921,0.42933416,126,0
1771684950232000,1771684950232000,1771684950168000,197388,0.21596533,0.012475503,0.4296207,126,0
1771684950236000,1771684950236000,1771684950236000,197388,0.22297642,0.018039295,0.4252076,126,0
1771684950368000,1771684950368000,1771684950304000,197388,0.21470504,0.011283038,0.4304239,126,0
1771684950372000,1771684950372000,1771684950372000,197388,0.2036573,0.011736752,0.4318571,126,0
1771684950504000,1771684950504000,1771684950440000,197388,0.21610732,0.011839944,0.42934343,126,0
1771684950508000,1771684950508000,1771684950508000,197388,0.22240101,0.010162966,0.42554843,126,0
1771684950640000,1771684950640000,1771684950576000,197388,0.21436435,0.01079353,0.42939788,126,0
1771684950644000,1771684950644000,1771684950644000,197388,0.22058386,0.0049513658,0.42762977,126,0
1771684950776000,1771684950776000,1771684950712000,197388,0.21509103,0.009827008,0.4301704,126,0
1771684950780000,1771684950780000,1771684950780000,197388,0.22303043,0.028740257,0.4245827,126,0
1771684950912000,1771684950912000,1771684950848000,197388,0.21518146,0.011237458,0.43050855,126,0
1771684950916000,1771684950916000,1771684950916000,197388,0.21671034,0.008566334,0.43108815,126,0
1771684951048000,1771684951048000,1771684950984000,197388,0.2135867,0.0110846525,0.4287979,126,0
1771684951052000,1771684951052000,1771684951052000,197388,0.21826181,0.0079349205,0.42798233,126,0
1771684951184000,1771684951184000,1771684951120000,197388,0.21373174,0.009642901,0.43070954,126,0
1771684951188000,1771684951188000,1771684951188000,197388,0.20848061,0.018445322,0.42654917,126,0
1771684951320000,1771684951320000,1771684951256000,197388,0.2160383,0.010955146,0.4298286,126,0
1771684951324000,1771684951324000,1771684951324000,197388,0.2189213,0.015488459,0.4221494,126,0
1771684951456000,1771684951456000,1771684951392000,197388,0.21334532,0.007926257,0.4310617,126,0
1771684951460000,1771684951460000,1771684951460000,197388,0.2130306,0.011718027,0.4328174,126,0
1771684951592000,1771684951592000,1771684951528000,197388,0.21573968,0.00902949,0.4314632,126,0
1771684951596000,1771684951596000,1771684951596000,197388,0.20957918,0.006562689,0.43171614,126,0
1771684951728000,1771684951728000,1771684951664000,197388,0.21471421,0.008090052,0.4305343,126,0
1771684951732000,1771684951732000,1771684951732000,197388,0.20552401,0.012913217,0.42518994,126,0
1771684951864000,1771684951864000,1771684951800000,197388,0.21534638,0.007719277,0.42934692,126,0
1771684951868000,1771684951868000,1771684951868000,197388,0.22368129,0.010617616,0.42890018,126,0
1771684952000000,1771684952000000,1771684951936000,197388,0.21504931,0.008505717,0.43112135,126,0
1771684952004000,1771684952004000,1771684952004000,197388,0.21673997,0.01580328,0.42022732,126,0
1771684952136000,1771684952136000,1771684952072000,197388,0.21639705,0.008716926,0.42919344,126,0
1771684952140000,1771684952140000,1771684952140000,197388,0.21302295,0.010784986,0.43408868,126,0
1771684952272000,1771684952272000,1771684952208000,197388,0.21561062,0.007517435,0.42781729,126,0
1771684952276000,1771684952276000,1771684952276000,197388,0.21680541,0.015591393,0.44597894,126,0
1771684952408000,1771684952408000,1771684952344000,197388,0.21661843,0.008677496,0.42895296,126,0
1771684952412000,1771684952412000,1771684952412000,197388,0.20766094,0.010420911,0.42329013,126,0
1771684952544000,1771684952544000,1771684952480000,197388,0.21541965,0.0085009895,0.42917073,126,0
1771684952548000,1771684952548000,1771684952548000,197388,0.21247791,0.01597115,0.4303709,126,0
1771684952680000,1771684952680000,1771684952616000,197388,0.2154153,0.007500753,0.43064323,126,0
1771684952684000,1771684952684000,1771684952684000,197388,0.21918043,0.015992863,0.44222128,126,0
1771684952816000,1771684952816000,1771684952752000,197388,0.21632859,0.009375213,0.42881462,126,0
1771684952820000,1771684952820000,1771684952820000,197388,0.22003603,0.0050903093,0.43079814,126,0
1771684952952000,1771684952952000,1771684952888000,197388,0.21624881,0.009246705,0.42795774,126,0
1771684952956000,1771684952956000,1771684952956000,197388,0.2199602,0.0026091964,0.43302783,126,0
1771684953088000,1771684953088000,1771684953024000,197388,0.21576437,0.0085845,0.4303654,126,0
1771684953092000,1771684953092000,1771684953092000,197388,0.21462211,0.013826054,0.4227049,126,0
1771684953224000,1771684953224000,1771684953160000,197388,0.21718332,0.0077426652,0.4277381,126,0
1771684953228000,1771684953228000,1771684953228000,197388,0.20923264,0.004494032,0.4260211,126,0
1771684953360000,1771684953360000,1771684953296000,197388,0.21646206,0.007488067,0.42912325,126,0
1771684953364000,1771684953364000,1771684953364000,197388,0.22171019,0.0031211344,0.42909575,126,0
1771684953496000,1771684953496000,1771684953432000,197388,0.21811168,0.009659255,0.4294728,126,0
1771684953500000,1771684953500000,1771684953500000,197388,0.20994769,0.013134135,0.43082505,126,0
1771684953632000,1771684953632000,1771684953568000,197388,0.21644731,0.008871071,0.42895588,126,0
1771684953636000,1771684953636000,1771684953636000,197388,0.20919935,0.013861365,0.43046236,126,0
1771684953768000,1771684953768000,1771684953704000,197388,0.21745,0.0090410225,0.42992485,126,0
1771684953772000,1771684953772000,1771684953772000,197388,0.22016351,0.009582907,0.42714214,126,0
1771684953904000,1771684953904000,1771684953840000,197388,0.21569745,0.007628535,0.42842758,126,0
1771684953908000,1771684953908000,1771684953908000,197388,0.2180412,0.01059336,0.42681766,126,0
1771684954040000,1771684954040000,1771684953976000,197388,0.21572873,0.008243285,0.42951703,126,0
1771684954044000,1771684954044000,1771684954044000,197388,0.21429457,0.009451507,0.43469495,126,0
1771684954176000,1771684954176000,1771684954112000,197388,0.21611968,0.00951536,0.4296959,126,0
1771684954180000,1771684954180000,1771684954180000,197388,0.2114741,0.0025011238,0.42584708,126,0
1771684954312000,1771684954312000,1771684954248000,197388,0.21411672,0.009155178,0.43083823,126,0
1771684954316000,1771684954316000,1771684954316000,197388,0.22660285,0.012201164,0.4226722,126,0
1771684954448000,1771684954448000,1771684954384000,197388,0.21448982,0.0079919165,0.4304387,126,0
1771684954452000,1771684954452000,1771684954452000,197388,0.21882655,0.012763281,0.43391624,126,0
1771684954584000,1771684954584000,1771684954520000,197388,0.21483898,0.008122853,0.42877224,126,0
1771684954588000,1771684954588000,1771684954588000,197388,0.21300806,0.017442215,0.4332441,126,0
1771684954720000,1771684954720000,1771684954656000,197388,0.21338977,0.009337989,0.4291658,126,0
1771684954724000,1771684954724000,1771684954724000,197388,0.21231157,0.008288726,0.42758963,126,0
1771684954856000,1771684954856000,1771684954792000,197388,0.21329056,0.007712218,0.43024355,126,0
1771684954860000,1771684954860000,1771684954860000,197388,0.22072285,0.0031226417,0.43351877,126,0
1771684954992000,1771684954992000,1771684954928000,197388,0.21457413,0.0089474665,0.43039554,126,0
1771684954996000,1771684954996000,1771684954996000,197388,0.21734938,0.016829146,0.43576586,126,0
1771684955128000,1771684955128000,1771684955064000,197388,0.21518494,0.008446335,0.42984557,126,0
1771684955132000,1771684955132000,1771684955132000,197388,0.21325661,0.008086324,0.4403812,126,0
1771684955264000,1771684955264000,1771684955200000,197388,0.21533829,0.006586652,0.43168837,126,0
1771684955268000,1771684955268000,1771684955268000,197388,0.21833733,0.01169852,0.44078743,126,0
1771684955400000,1771684955400000,1771684955336000,197388,0.21372472,0.0071815387,0.4301271,126,0
1771684955404000,1771684955404000,1771684955404000,197388,0.20500104,0.011289172,0.43506417,126,0
1771684955536000,1771684955536000,1771684955472000,197388,0.21340159,0.008517314,0.4298646,126,0
1771684955540000,1771684955540000,1771684955540000,197388,0.2173983,0.0049612946,0.43033037,126,0
1771684955672000,1771684955672000,1771684955608000,197388,0.21472341,0.007981542,0.42939284,126,0
1771684955676000,1771684955676000,1771684955676000,197388,0.21579108,0.00916323,0.4362277,126,0
1771684955808000,1771684955808000,1771684955744000,197388,0.21397904,0.0058027753,0.43114445,126,0
1771684955812000,1771684955812000,1771684955812000,197388,0.21783967,0.005900673,0.42567828,126,0
1771684955944000,1771684955944000,1771684955880000,197388,0.21375692,0.00827516,0.42992118,126,0
1771684955948000,1771684955948000,1771684955948000,197388,0.21398088,-0.0003365539,0.4330691,126,0
1771684956080000,1771684956080000,1771684956016000,197388,0.21481468,0.007225778,0.42882103,126,0
1771684956084000,1771684956084000,1771684956084000,197388,0.21755123,0.0023663745,0.4299708,126,0
1771684956216000,1771684956216000,1771684956152000,197388,0.2145067,0.008165307,0.42963874,126,0
1771684956220000,1771684956220000,1771684956220000,197388,0.20906225,0.008388983,0.43112803,126,0
1771684956352000,1771684956352000,1771684956288000,197388,0.21587324,0.008236501,0.42993656,126,0
1771684956356000,1771684956356000,1771684956356000,197388,0.21301682,0.008635061,0.4342307,126,0
1771684956488000,1771684956488000,1771684956424000,197388,0.21494906,0.0075445203,0.43157265,126,0
1771684956492000,1771684956492000,1771684956492000,197388,0.20818289,0.0070975157,0.43582356,126,0
1771684956624000,1771684956624000,1771684956560000,197388,0.21510485,0.009629299,0.42727613,126,0
1771684956628000,1771684956628000,1771684956628000,197388,0.21932477,-0.006379346,0.42568693,126,0
1771684956760000,1771684956760000,1771684956696000,197388,0.21327889,0.00977425,0.43029764,126,0
1771684956764000,1771684956764000,1771684956764000,197388,0.21739314,0.0014449435,0.42067385,126,0
1771684956896000,1771684956896000,1771684956832000,197388,0.21434207,0.007931702,0.42895037,126,0
1771684956900000,1771684956900000,1771684956900000,197388,0.21907249,0.0043302528,0.43119553,126,0
1771684957032000,1771684957032000,1771684956968000,197388,0.2145331,0.008907835,0.42876464,126,0
1771684957036000,1771684957036000,1771684957036000,197388,0.22214657,0.0028934276,0.43505186,126,0
1771684957168000,1771684957168000,1771684957104000,197388,0.2166205,0.009155294,0.42855433,126,0
1771684957172000,1771684957172000,1771684957172000,197388,0.21511288,0.008852464,0.4305468,126,0
1771684957304000,1771684957304000,1771684957240000,197388,0.21628511,0.007032879,0.4305353,126,0
1771684957308000,1771684957308000,1771684957308000,197388,0.21494992,0.008191898,0.43124935,126,0
1771684957440000,1771684957440000,1771684957376000,197388,0.2155192,0.008740707,0.42997733,126,0
1771684957444000,1771684957444000,1771684957444000,197388,0.21939638,0.0038403368,0.42861882,126,0
1771684957576000,1771684957576000,1771684957512000,197388,0.21560714,0.008771868,0.42807478,126,0
1771684957580000,1771684957580000,1771684957580000,197388,0.21701346,0.008707034,0.43857673,126,0
1771684957712000,1771684957712000,1771684957648000,197388,0.21577966,0.0070376215,0.43054625,126,0
1771684957716000,1771684957716000,1771684957716000,197388,0.22001858,0.017398693,0.43085536,126,0
1771684957848000,1771684957848000,1771684957784000,197388,0.21612734,0.008637792,0.430362,126,0
1771684957852000,1771684957852000,1771684957852000,197388,0.2210787,0.014469794,0.4280989,126,0
1771684957984000,1771684957984000,1771684957920000,197388,0.21623945,0.009665601,0.42811438,126,0
1771684957988000,1771684957988000,1771684957988000,197388,0.21305376,0.012115754,0.42617127,126,0
1771684958120000,1771684958120000,1771684958056000,197388,0.21495251,0.008100477,0.4297252,126,0
1771684958124000,1771684958124000,1771684958124000,197388,0.20835903,0.015153385,0.41890347,126,0
1771684958256000,1771684958256000,1771684958192000,197388,0.21575527,0.008699579,0.42972514,126,0
1771684958260000,1771684958260000,1771684958260000,197388,0.21964227,0.004493245,0.43350926,126,0
1771684958392000,1771684958392000,1771684958328000,197388,0.21534906,0.008613279,0.42931277,126,0
1771684958396000,1771684958396000,1771684958396000,197388,0.22299555,-0.0042367233,0.4238952,126,0
1771684958528000,1771684958528000,1771684958464000,197388,0.21700642,0.010243787,0.42912185,126,0
1771684958532000,1771684958532000,1771684958532000,197388,0.21380222,0.008594733,0.43696055,126,0
1771684958664000,1771684958664000,1771684958600000,197388,0.21576959,0.0078082085,0.42968497,126,0
1771684958668000,1771684958668000,1771684958668000,197388,0.21419437,0.007818036,0.4391454,126,0
1771684958800000,1771684958800000,1771684958736000,197388,0.21569355,0.006184004,0.42925882,126,0
1771684958804000,1771684958804000,1771684958804000,197388,0.21521604,0.0048302785,0.4269608,126,0
1771684958936000,1771684958936000,1771684958872000,197388,0.21469322,0.0104917195,0.42843664,126,0
1771684958940000,1771684958940000,1771684958940000,197388,0.22150053,0.009979921,0.42703816,126,0
1771684959072000,1771684959072000,1771684959008000,197388,0.21649136,0.007162565,0.4292107,126,0
1771684959076000,1771684959076000,1771684959076000,197388,0.21803105,0.006246444,0.43067393,126,0
1771684959208000,1771684959208000,1771684959144000,197388,0.21550816,0.0065618325,0.429635,126,0
1771684959212000,1771684959212000,1771684959212000,197388,0.2122141,0.0033741123,0.41769952,126,0
1771684959344000,1771684959344000,1771684959280000,197388,0.2165427,0.0075289514,0.429406,126,0
1771684959348000,1771684959348000,1771684959348000,197388,0.21608302,0.013605033,0.4325857,126,0
1771684959480000,1771684959480000,1771684959416000,197388,0.21710849,0.008604643,0.42904124,126,0
1771684959484000,1771684959484000,1771684959484000,197388,0.2150283,0.013893563,0.42757133,126,0
1771684959616000,1771684959616000,1771684959552000,197388,0.21555701,0.008680642,0.42957735,126,0
1771684959620000,1771684959620000,1771684959620000,197388,0.2216155,-0.0028754813,0.4236618,126,0
1771684959752000,1771684959752000,1771684959688000,197388,0.21506408,0.0078025735,0.42857283,126,0
1771684959756000,1771684959756000,1771684959756000,197388,0.21284142,0.014766761,0.43079832,126,0
1771684959888000,1771684959888000,1771684959824000,197388,0.21710075,0.007874856,0.43025792,126,0
1771684959892000,1771684959892000,1771684959892000,197388,0.21681602,0.005322668,0.42596105,126,0
1771684960024000,1771684960024000,1771684959960000,197388,0.21670805,0.0071433065,0.4299661,126,0
1771684960028000,1771684960028000,1771684960028000,197388,0.21930541,0.0045844167,0.43516576,126,0
1771684960160000,1771684960160000,1771684960096000,197388,0.2147866,0.008327284,0.42980164,126,0
1771684960164000,1771684960164000,1771684960164000,197388,0.21889554,0.013416425,0.43454787,126,0
1771684960296000,1771684960296000,1771684960232000,197388,0.21399729,0.009971638,0.42918405,126,0
1771684960300000,1771684960300000,1771684960300000,197388,0.20420974,0.006989288,0.4165108,126,0
1771684960432000,1771684960432000,1771684960368000,197388,0.21419612,0.00805453,0.42891365,126,0
1771684960436000,1771684960436000,1771684960436000,197388,0.2155482,-0.0012415613,0.43411848,126,0
1771684960568000,1771684960568000,1771684960504000,197388,0.2136145,0.008112999,0.42942548,126,0
1771684960572000,1771684960572000,1771684960572000,197388,0.21514899,0.0041754674,0.42623156,126,0
1771684960704000,1771684960704000,1771684960640000,197388,0.2138597,0.008731489,0.42940956,126,0
1771684960708000,1771684960708000,1771684960708000,197388,0.22614452,0.009851805,0.43109813,126,0
1771684960840000,1771684960840000,1771684960776000,197388,0.21395391,0.00967903,0.4297511,126,0
1771684960844000,1771684960844000,1771684960844000,197388,0.21947674,0.014492751,0.42849162,126,0
1771684960976000,1771684960976000,1771684960912000,197388,0.21623316,0.008157817,0.4283369,126,0
1771684960980000,1771684960980000,1771684960980000,197388,0.21752842,0.013484888,0.41928616,126,0
1771684961112000,1771684961112000,1771684961048000,197388,0.21506934,0.009468322,0.42796868,126,0
1771684961116000,1771684961116000,1771684961116000,197388,0.22084871,-0.0005591467,0.43072563,126,0
1771684961248000,1771684961248000,1771684961184000,197388,0.21512535,0.00756291,0.4295733,126,0
1771684961252000,1771684961252000,1771684961252000,197388,0.21869583,0.014521932,0.42674425,126,0
1771684961384000,1771684961384000,1771684961320000,197388,0.21428514,0.009052823,0.4298387,126,0
1771684961388000,1771684961388000,1771684961388000,197388,0.21015953,0.012301044,0.42758462,126,0
1771684961520000,1771684961520000,1771684961456000,197388,0.21536885,0.009144531,0.42980734,126,0
1771684961524000,1771684961524000,1771684961524000,197388,0.21010841,0.013050931,0.42998686,126,0
1771684961656000,1771684961656000,1771684961592000,197388,0.21502772,0.008323129,0.42931867,126,0
1771684961660000,1771684961660000,1771684961660000,197388,0.21469589,0.009424888,0.4309745,126,0
1771684961792000,1771684961792000,1771684961728000,197388,0.21488062,0.0070865643,0.42919773,126,0
1771684961796000,1771684961796000,1771684961796000,197388,0.21698308,0.01300879,0.43133742,126,0
1771684961928000,1771684961928000,1771684961864000,197388,0.21567187,0.009324198,0.4301284,126,0
1771684961932000,1771684961932000,1771684961932000,197388,0.21707152,0.012010729,0.43629307,126,0
1771684962064000,1771684962064000,1771684962000000,197388,0.21558273,0.009088233,0.42970818,126,0
1771684962068000,1771684962068000,1771684962068000,197388,0.21440561,0.013004711,0.42608598,126,0
1771684962200000,1771684962200000,1771684962136000,197388,0.2147453,0.007123887,0.42949468,126,0
1771684962204000,1771684962204000,1771684962204000,197388,0.21082601,0.0049900156,0.4350181,126,0
1771684962336000,1771684962336000,1771684962272000,197388,0.21519928,0.009243931,0.42814827,126,0
1771684962340000,1771684962340000,1771684962340000,197388,0.21656822,0.0052497815,0.43402836,126,0
1771684962472000,1771684962472000,1771684962408000,197388,0.21600482,0.008957051,0.43039954,126,0
1771684962476000,1771684962476000,1771684962476000,197388,0.21403599,0.014472657,0.42597613,126,0
1771684962608000,1771684962608000,1771684962544000,197388,0.21563384,0.008211596,0.4284489,126,0
1771684962612000,1771684962612000,1771684962612000,197388,0.21629693,0.004484904,0.43259254,126,0
1771684962744000,1771684962744000,1771684962680000,197388,0.21514378,0.008988985,0.43006364,126,0
1771684962748000,1771684962748000,1771684962748000,197388,0.21497498,0.018484907,0.4314193,126,0
1771684962880000,1771684962880000,1771684962816000,197388,0.21514355,0.006753033,0.42994007,126,0
1771684962884000,1771684962884000,1771684962884000,197388,0.22085226,0.009638609,0.423297,126,0
1771684963016000,1771684963016000,1771684962952000,197388,0.21432742,0.01029504,0.43032575,126,0
1771684963020000,1771684963020000,1771684963020000,197388,0.21740091,0.006853338,0.42780462,126,0
1771684963152000,1771684963152000,1771684963088000,197388,0.21555644,0.007107151,0.42999578,126,0
1771684963156000,1771684963156000,1771684963156000,197388,0.22069438,0.011878902,0.42369485,126,0
1771684963288000,1771684963288000,1771684963224000,197388,0.21383029,0.008998565,0.43006074,126,0
1771684963292000,1771684963292000,1771684963292000,197388,0.2131379,0.00965029,0.43225557,126,0
1771684963424000,1771684963424000,1771684963360000,197388,0.21582006,0.00762037,0.4281283,126,0
1771684963428000,1771684963428000,1771684963428000,197388,0.21246488,0.0021028288,0.43290102,126,0
1771684963560000,1771684963560000,1771684963496000,197388,0.21527654,0.008016549,0.42978147,126,0
1771684963564000,1771684963564000,1771684963564000,197388,0.21257067,0.016716165,0.42654753,126,0
1771684963696000,1771684963696000,1771684963632000,197388,0.21486557,0.009561204,0.4302294,126,0
1771684963700000,1771684963700000,1771684963700000,197388,0.20713235,0.0107022235,0.43755218,126,0
1771684963832000,1771684963832000,1771684963768000,197388,0.21398409,0.008067224,0.43140775,126,0
1771684963836000,1771684963836000,1771684963836000,197388,0.21671304,0.012121065,0.42683548,126,0
1771684963968000,1771684963968000,1771684963904000,197388,0.21250854,0.007821744,0.42983127,126,0
1771684963972000,1771684963972000,1771684963972000,197388,0.2221933,0.0124156745,0.4261812,126,0
1771684964104000,1771684964104000,1771684964040000,197388,0.21189602,0.0073482883,0.43284217,126,0
1771684964108000,1771684964108000,1771684964108000,197388,0.2152975,0.011478931,0.43781352,126,0
1771684964240000,1771684964240000,1771684964176000,197388,0.21303816,0.0060666525,0.43043473,126,0
1771684964244000,1771684964244000,1771684964244000,197388,0.22191861,-0.0016556939,0.4342938,126,0
1771684964376000,1771684964376000,1771684964312000,197388,0.21325725,0.0062108096,0.43044665,126,0
1771684964380000,1771684964380000,1771684964380000,197388,0.211708,0.005861266,0.43438876,126,0
1771684964512000,1771684964512000,1771684964448000,197388,0.21378101,0.0060264496,0.42973113,126,0
1771684964516000,1771684964516000,1771684964516000,197388,0.21157442,0.0051668845,0.43362927,126,0
1771684964648000,1771684964648000,1771684964584000,197388,0.21255776,0.009214299,0.430849,126,0
1771684964652000,1771684964652000,1771684964652000,197388,0.20268136,0.0021408077,0.4405699,126,0
1771684964784000,1771684964784000,1771684964720000,197388,0.21264818,0.007664903,0.43055478,126,0
1771684964788000,1771684964788000,1771684964788000,197388,0.21113145,0.0022176052,0.4298751,126,0
1771684964920000,1771684964920000,1771684964856000,197388,0.21162243,0.008665923,0.43130684,126,0
1771684964924000,1771684964924000,1771684964924000,197388,0.21005559,0.011698252,0.43032667,126,0
1771684965056000,1771684965056000,1771684964992000,197388,0.21450408,0.008099802,0.43017256,126,0
1771684965060000,1771684965060000,1771684965060000,197388,0.2184637,0.006580932,0.43560034,126,0
1771684965192000,1771684965192000,1771684965128000,197388,0.21316673,0.008904802,0.42926523,126,0
1771684965196000,1771684965196000,1771684965196000,197388,0.20821738,-0.00043894703,0.42473137,126,0
1771684965328000,1771684965328000,1771684965264000,197388,0.21597347,0.007698855,0.43103564,126,0
1771684965332000,1771684965332000,1771684965332000,197388,0.20963857,0.00091008225,0.42808896,126,0
1771684965464000,1771684965464000,1771684965400000,197388,0.21431457,0.008798054,0.4303732,126,0
1771684965468000,1771684965468000,1771684965468000,197388,0.21160904,0.015358649,0.43017086,126,0
1771684965600000,1771684965600000,1771684965536000,197388,0.213541,0.008830403,0.43245283,126,0
1771684965604000,1771684965604000,1771684965604000,197388,0.20780109,0.01016777,0.4305528,126,0
1771684965736000,1771684965736000,1771684965672000,197388,0.21360265,0.0062337155,0.43200123,126,0
1771684965740000,1771684965740000,1771684965740000,197388,0.21812437,0.010508946,0.42703927,126,0
1771684965872000,1771684965872000,1771684965808000,197388,0.21312597,0.006968903,0.43192974,126,0
1771684965876000,1771684965876000,1771684965876000,197388,0.19927506,0.011711236,0.43259826,126,0
1771684966008000,1771684966008000,1771684965944000,197388,0.2130743,0.008306565,0.4319861,126,0
1771684966012000,1771684966012000,1771684966012000,197388,0.21158776,0.006578812,0.43598726,126,0
1771684966144000,1771684966144000,1771684966080000,197388,0.2145594,0.0069052544,0.43016586,126,0
1771684966148000,1771684966148000,1771684966148000,197388,0.20903373,0.012190082,0.44073668,126,0
1771684966280000,1771684966280000,1771684966216000,197388,0.21289009,0.007811395,0.4310957,126,0
1771684966284000,1771684966284000,1771684966284000,197388,0.21517847,0.0046733636,0.430825,126,0
1771684966416000,1771684966416000,1771684966352000,197388,0.21349265,0.0071395966,0.4298547,126,0
1771684966420000,1771684966420000,1771684966420000,197388,0.22096997,0.004557535,0.43949378,126,0
1771684966552000,1771684966552000,1771684966488000,197388,0.21325831,0.0074774525,0.4291569,126,0
1771684966556000,1771684966556000,1771684966556000,197388,0.21051152,0.00259135,0.4333491,126,0
1771684966688000,1771684966688000,1771684966624000,197388,0.21393964,0.0069472464,0.43112022,126,0
1771684966692000,1771684966692000,1771684966692000,197388,0.21525705,0.010209812,0.4312478,126,0
1771684966824000,1771684966824000,1771684966760000,197388,0.21446154,0.005890183,0.42974666,126,0
1771684966828000,1771684966828000,1771684966828000,197388,0.20452982,0.00710291,0.42209104,126,0
1771684966960000,1771684966960000,1771684966896000,197388,0.21390383,0.008331287,0.4307294,126,0
1771684966964000,1771684966964000,1771684966964000,197388,0.20636249,0.0033724988,0.4305177,126,0
1771684967096000,1771684967096000,1771684967032000,197388,0.21491668,0.007265955,0.43025884,126,0
1771684967100000,1771684967100000,1771684967100000,197388,0.2227191,0.016591482,0.42669135,126,0
1771684967232000,1771684967232000,1771684967168000,197388,0.21423756,0.0072366204,0.4292631,126,0
1771684967236000,1771684967236000,1771684967236000,197388,0.22215435,0.010998209,0.43414304,126,0
1771684967368000,1771684967368000,1771684967304000,197388,0.21477374,0.00750047,0.43036702,126,0
1771684967372000,1771684967372000,1771684967372000,197388,0.21405645,0.006163462,0.43545493,126,0
1771684967504000,1771684967504000,1771684967440000,197388,0.21505386,0.0070950114,0.43096668,126,0
1771684967508000,1771684967508000,1771684967508000,197388,0.21201697,0.011669325,0.4363778,126,0
1771684967640000,1771684967640000,1771684967576000,197388,0.21492225,0.006837271,0.42858654,126,0
1771684967644000,1771684967644000,1771684967644000,197388,0.20493348,0.0041250885,0.4314973,126,0
1771684967776000,1771684967776000,1771684967712000,197388,0.2150091,0.0081303455,0.43003434,126,0
1771684967780000,1771684967780000,1771684967780000,197388,0.21862292,0.00997221,0.43236968,126,0
1771684967912000,1771684967912000,1771684967848000,197388,0.21535966,0.008723082,0.43147254,126,0
1771684967916000,1771684967916000,1771684967916000,197388,0.20862713,0.0037918314,0.42742687,126,0
1771684968048000,1771684968048000,1771684967984000,197388,0.21630725,0.006880085,0.4300403,126,0
1771684968052000,1771684968052000,1771684968052000,197388,0.22554225,-0.00012356405,0.43423173,126,0
1771684968184000,1771684968184000,1771684968120000,197388,0.21496235,0.006893343,0.42908314,126,0
1771684968188000,1771684968188000,1771684968188000,197388,0.22160175,0.013694751,0.43336472,126,0
1771684968320000,1771684968320000,1771684968256000,197388,0.21543144,0.0074025155,0.42901284,126,0
1771684968324000,1771684968324000,1771684968324000,197388,0.20934254,0.012154712,0.42966878,126,0
1771684968456000,1771684968456000,1771684968392000,197388,0.21638997,0.006234354,0.42884576,126,0
1771684968460000,1771684968460000,1771684968460000,197388,0.20797528,0.010111904,0.42675352,126,0
1771684968592000,1771684968592000,1771684968528000,197388,0.21641612,0.0060247057,0.42890516,126,0
1771684968596000,1771684968596000,1771684968596000,197388,0.22211322,0.012076663,0.42544943,126,0
1771684968728000,1771684968728000,1771684968664000,197388,0.21697284,0.006283724,0.42795557,126,0
1771684968732000,1771684968732000,1771684968732000,197388,0.20880309,0.0031379268,0.42642844,126,0
1771684968864000,1771684968864000,1771684968800000,197388,0.21729116,0.005481217,0.4286919,126,0
1771684968868000,1771684968868000,1771684968868000,197388,0.22069064,0.0086326115,0.42111093,126,0
1771684969000000,1771684969000000,1771684968936000,197388,0.2159738,0.006609115,0.4290432,126,0
1771684969004000,1771684969004000,1771684969004000,197388,0.21735618,0.005279301,0.43606636,126,0
1771684969136000,1771684969136000,1771684969072000,197388,0.2181537,0.0072703967,0.4294576,126,0
1771684969140000,1771684969140000,1771684969140000,197388,0.2220361,0.007008907,0.43286008,126,0
1771684969272000,1771684969272000,1771684969208000,197388,0.21558198,0.0076274667,0.42945874,126,0
1771684969276000,1771684969276000,1771684969276000,197388,0.21086486,0.0051338207,0.43408534,126,0
1771684969408000,1771684969408000,1771684969344000,197388,0.21603857,0.007383952,0.4289798,126,0
1771684969412000,1771684969412000,1771684969412000,197388,0.21685025,0.0043024584,0.4264806,126,0
1771684969544000,1771684969544000,1771684969480000,197388,0.216315,0.007225102,0.42930418,126,0
1771684969548000,1771684969548000,1771684969548000,197388,0.20769158,0.0060434076,0.4216721,126,0
1771684969680000,1771684969680000,1771684969616000,197388,0.21606554,0.007264905,0.42739668,126,0
1771684969684000,1771684969684000,1771684969684000,197388,0.21157393,0.009278018,0.43800518,126,0
1771684969816000,1771684969816000,1771684969752000,197388,0.2149844,0.0071813655,0.42912573,126,0
1771684969820000,1771684969820000,1771684969820000,197388,0.21280909,0.004651409,0.4248031,126,0
1771684969952000,1771684969952000,1771684969888000,197388,0.2159694,0.008085479,0.42970085,126,0
1771684969956000,1771684969956000,1771684969956000,197388,0.218656,0.0017284288,0.42245337,126,0
1771684970088000,1771684970088000,1771684970024000,197388,0.21559656,0.008218194,0.427906,126,0
1771684970092000,1771684970092000,1771684970092000,197388,0.21108067,0.0058608754,0.42537576,126,0
1771684970224000,1771684970224000,1771684970160000,197388,0.21594979,0.0076301587,0.4293014,126,0
1771684970228000,1771684970228000,1771684970228000,197388,0.21803747,0.01119493,0.42548606,126,0
1771684970360000,1771684970360000,1771684970296000,197388,0.21481837,0.009503936,0.4282933,126,0
1771684970364000,1771684970364000,1771684970364000,197388,0.22024053,0.018801212,0.42343858,126,0
1771684970496000,1771684970496000,1771684970432000,197388,0.21441732,0.008824629,0.42955846,126,0
1771684970500000,1771684970500000,1771684970500000,197388,0.2171338,0.009905685,0.42801285,126,0
1771684970632000,1771684970632000,1771684970568000,197388,0.21418273,0.009225452,0.428286,126,0
1771684970636000,1771684970636000,1771684970636000,197388,0.2082454,0.010432457,0.43560493,126,0
1771684970768000,1771684970768000,1771684970704000,197388,0.21509476,0.0068388823,0.4292788,126,0
1771684970772000,1771684970772000,1771684970772000,197388,0.21442361,0.0028199737,0.43183857,126,0
1771684970904000,1771684970904000,1771684970840000,197388,0.21603692,0.0075919307,0.43027058,126,0
1771684970908000,1771684970908000,1771684970908000,197388,0.21241532,0.002697552,0.4289549,126,0
1771684971040000,1771684971040000,1771684970976000,197388,0.21383551,0.0080653075,0.43097773,126,0
1771684971044000,1771684971044000,1771684971044000,197388,0.20770289,0.009071972,0.43138397,126,0
1771684971176000,1771684971176000,1771684971112000,197388,0.2126815,0.00679459,0.42936695,126,0
1771684971180000,1771684971180000,1771684971180000,197388,0.2135355,-0.0010022729,0.4267993,126,0
1771684971312000,1771684971312000,1771684971248000,197388,0.20791489,0.0038987969,0.43272927,126,0
1771684971316000,1771684971316000,1771684971316000,197388,0.19984233,-0.0054097148,0.43710506,126,0
1771684971448000,1771684971448000,1771684971384000,197388,0.19337714,-0.013635521,0.44007084,126,0
1771684971452000,1771684971452000,1771684971452000,197388,0.18307082,-0.028138146,0.4409645,126,0
1771684971584000,1771684971584000,1771684971520000,197388,0.17277277,-0.03265436,0.44688427,126,0
1771684971588000,1771684971588000,1771684971588000,197388,0.16639444,-0.043323528,0.441974,126,0
1771684971720000,1771684971720000,1771684971656000,197388,0.15873128,-0.056731336,0.45126033,126,0
1771684971724000,1771684971724000,1771684971724000,197388,0.15401767,-0.06901577,0.45080066,126,0
1771684971856000,1771684971856000,1771684971792000,197388,0.15105051,-0.07690744,0.45058703,126,0
1771684971860000,1771684971860000,1771684971860000,197388,0.13941307,-0.09348564,0.44327503,126,0
1771684971992000,1771684971992000,1771684971928000,197388,0.15158747,-0.09661948,0.44410792,126,0
1771684971996000,1771684971996000,1771684971996000,197388,0.16050048,-0.103499405,0.44149348,126,0
1771684972128000,1771684972128000,1771684972064000,197388,0.15372278,-0.10817598,0.4427855,126,0
1771684972132000,1771684972132000,1771684972132000,197388,0.16764884,-0.1076989,0.43520445,126,0
1771684972264000,1771684972264000,1771684972200000,197388,0.15931462,-0.1065622,0.4411978,126,0
1771684972268000,1771684972268000,1771684972268000,197388,0.16848014,-0.10399591,0.44359344,126,0
1771684972400000,1771684972400000,1771684972336000,197388,0.1684347,-0.09528963,0.4410648,126,0
1771684972404000,1771684972404000,1771684972404000,197388,0.17111601,-0.091872685,0.4433743,126,0
1771684972536000,1771684972536000,1771684972472000,197388,0.1755995,-0.08449099,0.4403839,126,0
1771684972540000,1771684972540000,1771684972540000,197388,0.17555313,-0.079092525,0.44602478,126,0
1771684972672000,1771684972672000,1771684972608000,197388,0.18496561,-0.06794441,0.4385507,126,0
1771684972676000,1771684972676000,1771684972676000,197388,0.19118023,-0.06535464,0.44126594,126,0
1771684972808000,1771684972808000,1771684972744000,197388,0.19145559,-0.05170881,0.4376807,126,0
1771684972812000,1771684972812000,1771684972812000,197388,0.18881199,-0.044721086,0.4367607,126,0
1771684972944000,1771684972944000,1771684972880000,197388,0.19516751,-0.027454564,0.43969738,126,0
1771684972948000,1771684972948000,1771684972948000,197388,0.18711397,-0.020530827,0.43728018,126,0
1771684973080000,1771684973080000,1771684973016000,197388,0.18946977,0.0038843446,0.44302073,126,0
1771684973084000,1771684973084000,1771684973084000,197388,0.1960729,0.022887966,0.443057,126,0
1771684973216000,1771684973216000,1771684973152000,197388,0.1772031,0.040438678,0.44522536,126,0
1771684973220000,1771684973220000,1771684973220000,197388,0.16869739,0.056493774,0.45339707,126,0
1771684973352000,1771684973352000,1771684973288000,197388,0.15997164,0.07527181,0.44715905,126,0
1771684973356000,1771684973356000,1771684973356000,197388,0.15386996,0.099143304,0.4474468,126,0
1771684973488000,1771684973488000,1771684973424000,197388,0.13767365,0.11794642,0.44347417,126,0
1771684973492000,1771684973492000,1771684973492000,197388,0.12823623,0.14488336,0.44193733,126,0
1771684973624000,1771684973624000,1771684973560000,197388,0.116446845,0.15963615,0.4375149,126,0
1771684973628000,1771684973628000,1771684973628000,197388,0.09983718,0.18405207,0.43601224,126,0
1771684973760000,1771684973760000,1771684973696000,197388,0.08891117,0.20106436,0.42854998,126,0
1771684973764000,1771684973764000,1771684973764000,197388,0.07208113,0.21868742,0.42669138,126,0
1771684973896000,1771684973896000,1771684973832000,197388,0.05661971,0.22390303,0.42270285,126,0
1771684973900000,1771684973900000,1771684973900000,197388,0.03365329,0.22972313,0.41477206,126,0
1771684974032000,1771684974032000,1771684973968000,197388,0.025593126,0.23388381,0.41830236,126,0
1771684974036000,1771684974036000,1771684974036000,197388,0.010221978,0.2482112,0.41400784,126,0
1771684974168000,1771684974168000,1771684974104000,197388,-0.0056510544,0.2376098,0.4163744,126,0
1771684974172000,1771684974172000,1771684974172000,197388,-0.02867299,0.24221584,0.4197494,126,0
1771684974304000,1771684974304000,1771684974240000,197388,-0.0337563,0.2382391,0.41222268,126,0
1771684974308000,1771684974308000,1771684974308000,197388,-0.045319982,0.2404411,0.41498134,126,0
1771684974440000,1771684974440000,1771684974376000,197388,-0.056665372,0.23614319,0.41479725,126,0
1771684974444000,1771684974444000,1771684974444000,197388,-0.063675396,0.23789136,0.4157541,126,0
1771684974576000,1771684974576000,1771684974512000,197388,-0.07545804,0.23032288,0.41396183,126,0
1771684974580000,1771684974580000,1771684974580000,197388,-0.08393542,0.22870144,0.4253674,126,0
1771684974712000,1771684974712000,1771684974648000,197388,-0.09027285,0.22347896,0.41512525,126,0
1771684974716000,1771684974716000,1771684974716000,197388,-0.098119676,0.22291894,0.41780636,126,0
1771684974848000,1771684974848000,1771684974784000,197388,-0.10210352,0.2136549,0.4183734,126,0
1771684974852000,1771684974852000,1771684974852000,197388,-0.109389715,0.19950195,0.42308083,126,0
1771684974984000,1771684974984000,1771684974920000,197388,-0.10983044,0.20445405,0.42116594,126,0
1771684974988000,1771684974988000,1771684974988000,197388,-0.10473445,0.19916527,0.42183605,126,0
1771684975120000,1771684975120000,1771684975056000,197388,-0.11455858,0.19561909,0.42432502,126,0
1771684975124000,1771684975124000,1771684975124000,197388,-0.10661988,0.19158664,0.4263915,126,0
1771684975256000,1771684975256000,1771684975192000,197388,-0.115686506,0.18665214,0.42593676,126,0
1771684975260000,1771684975260000,1771684975260000,197388,-0.11728793,0.18679251,0.4169092,126,0
1771684975392000,1771684975392000,1771684975328000,197388,-0.11822614,0.17923714,0.4313456,126,0
1771684975396000,1771684975396000,1771684975396000,197388,-0.116856135,0.18143447,0.42887312,126,0
1771684975528000,1771684975528000,1771684975464000,197388,-0.11416638,0.17487441,0.43193942,126,0
1771684975532000,1771684975532000,1771684975532000,197388,-0.12110405,0.16893478,0.43051153,126,0
1771684975664000,1771684975664000,1771684975600000,197388,-0.1100654,0.17168291,0.4371742,126,0
1771684975668000,1771684975668000,1771684975668000,197388,-0.09821095,0.17191882,0.43335447,126,0
1771684975800000,1771684975800000,1771684975736000,197388,-0.102907576,0.16780923,0.4379036,126,0
1771684975804000,1771684975804000,1771684975804000,197388,-0.110684805,0.17106816,0.44093773,126,0
1771684975936000,1771684975936000,1771684975872000,197388,-0.09767589,0.1645604,0.44091317,126,0
1771684975940000,1771684975940000,1771684975940000,197388,-0.09556576,0.1640385,0.4427581,126,0
1771684976072000,1771684976072000,1771684976008000,197388,-0.09145654,0.16708308,0.44163626,126,0
1771684976076000,1771684976076000,1771684976076000,197388,-0.08951296,0.16898689,0.44015995,126,0
1771684976208000,1771684976208000,1771684976144000,197388,-0.08466081,0.16629043,0.443187,126,0
1771684976212000,1771684976212000,1771684976212000,197388,-0.086370155,0.16230579,0.44338617,126,0
1771684976344000,1771684976344000,1771684976280000,197388,-0.08085589,0.1684287,0.4424058,126,0
1771684976348000,1771684976348000,1771684976348000,197388,-0.07346678,0.16853513,0.44335243,126,0
1771684976480000,1771684976480000,1771684976416000,197388,-0.07665895,0.17127194,0.4417851,126,0
1771684976484000,1771684976484000,1771684976484000,197388,-0.08362384,0.17163725,0.44272265,126,0
1771684976616000,1771684976616000,1771684976552000,197388,-0.07929034,0.17273912,0.4429556,126,0
1771684976620000,1771684976620000,1771684976620000,197388,-0.08253091,0.16565606,0.4486796,126,0
1771684976752000,1771684976752000,1771684976688000,197388,-0.07907998,0.17122723,0.4404183,126,0
1771684976756000,1771684976756000,1771684976756000,197388,-0.084886864,0.17834468,0.43963408,126,0
1771684976888000,1771684976888000,1771684976824000,197388,-0.08094806,0.17678915,0.44068807,126,0
1771684976892000,1771684976892000,1771684976892000,197388,-0.08552805,0.18548353,0.43535817,126,0
1771684977024000,1771684977024000,1771684976960000,197388,-0.084795915,0.17821497,0.4374235,126,0
1771684977028000,1771684977028000,1771684977028000,197388,-0.081515856,0.18610269,0.43905056,126,0
1771684977160000,1771684977160000,1771684977096000,197388,-0.086571045,0.17990065,0.4361993,126,0
1771684977164000,1771684977164000,1771684977164000,197388,-0.08879879,0.18820697,0.43455604,126,0
1771684977296000,1771684977296000,1771684977232000,197388,-0.090129815,0.18505688,0.43499264,126,0
1771684977300000,1771684977300000,1771684977300000,197388,-0.08841928,0.18573087,0.43733525,126,0
1771684977432000,1771684977432000,1771684977368000,197388,-0.08980632,0.18723212,0.4338417,126,0
1771684977436000,1771684977436000,1771684977436000,197388,-0.098638676,0.19012164,0.4365739,126,0
1771684977568000,1771684977568000,1771684977504000,197388,-0.09006697,0.18922989,0.43207556,126,0
1771684977572000,1771684977572000,1771684977572000,197388,-0.09755725,0.18973371,0.4328082,126,0
1771684977704000,1771684977704000,1771684977640000,197388,-0.092882134,0.18877752,0.43157125,126,0
1771684977708000,1771684977708000,1771684977708000,197388,-0.10241897,0.19231884,0.43092835,126,0
1771684977840000,1771684977840000,1771684977776000,197388,-0.092455596,0.1880754,0.4308831,126,0
1771684977844000,1771684977844000,1771684977844000,197388,-0.09361494,0.19026251,0.43275782,126,0
1771684977976000,1771684977976000,1771684977912000,197388,-0.09214317,0.19030552,0.43087396,126,0
1771684977980000,1771684977980000,1771684977980000,197388,-0.09132645,0.18885194,0.4293378,126,0
1771684978112000,1771684978112000,1771684978048000,197388,-0.09380008,0.19250305,0.43095377,126,0
1771684978116000,1771684978116000,1771684978116000,197388,-0.08566079,0.18928595,0.4349386,126,0
1771684978248000,1771684978248000,1771684978184000,197388,-0.09181964,0.19052786,0.43080643,126,0
1771684978252000,1771684978252000,1771684978252000,197388,-0.09228695,0.19101667,0.42739013,126,0
1771684978384000,1771684978384000,1771684978320000,197388,-0.09315776,0.19229238,0.43039477,126,0
1771684978388000,1771684978388000,1771684978388000,197388,-0.09125412,0.18526001,0.4277417,126,0
1771684978520000,1771684978520000,1771684978456000,197388,-0.093679376,0.19101536,0.43058386,126,0
1771684978524000,1771684978524000,1771684978524000,197388,-0.09381963,0.19894977,0.418887,126,0
1771684978656000,1771684978656000,1771684978592000,197388,-0.09602059,0.19384924,0.42912188,126,0
1771684978660000,1771684978660000,1771684978660000,197388,-0.10394571,0.18912658,0.43187705,126,0
1771684978792000,1771684978792000,1771684978728000,197388,-0.09694796,0.19240955,0.42927456,126,0
1771684978796000,1771684978796000,1771684978796000,197388,-0.0938768,0.19605199,0.43024877,126,0
1771684978928000,1771684978928000,1771684978864000,197388,-0.09916535,0.19063067,0.4297522,126,0
1771684978932000,1771684978932000,1771684978932000,197388,-0.101006456,0.20008944,0.4308145,126,0
1771684979064000,1771684979064000,1771684979000000,197388,-0.09898135,0.18974157,0.4277226,126,0
1771684979068000,1771684979068000,1771684979068000,197388,-0.10028387,0.18798539,0.43393356,126,0
1771684979200000,1771684979200000,1771684979136000,197388,-0.100657746,0.18990608,0.43110046,126,0
1771684979204000,1771684979204000,1771684979204000,197388,-0.10640026,0.18221596,0.42461586,126,0
1771684979336000,1771684979336000,1771684979272000,197388,-0.101051785,0.18859361,0.42992058,126,0
1771684979340000,1771684979340000,1771684979340000,197388,-0.103972755,0.19154695,0.42716575,126,0
1771684979472000,1771684979472000,1771684979408000,197388,-0.102432735,0.18581454,0.43058473,126,0
1771684979476000,1771684979476000,1771684979476000,197388,-0.10618917,0.1837375,0.43294016,126,0
1771684979608000,1771684979608000,1771684979544000,197388,-0.1021937,0.18575001,0.43093613,126,0
1771684979612000,1771684979612000,1771684979612000,197388,-0.10024749,0.18558985,0.43186122,126,0
1771684979744000,1771684979744000,1771684979680000,197388,-0.101500265,0.1845973,0.43056893,126,0
1771684979748000,1771684979748000,1771684979748000,197388,-0.10410739,0.17973502,0.43382418,126,0
1771684979880000,1771684979880000,1771684979816000,197388,-0.104835965,0.18419258,0.430791,126,0
1771684979884000,1771684979884000,1771684979884000,197388,-0.10562206,0.18852739,0.4193358,126,0
1771684980016000,1771684980016000,1771684979952000,197388,-0.10362404,0.1832273,0.43303123,126,0
1771684980020000,1771684980020000,1771684980020000,197388,-0.10555178,0.18437614,0.435597,126,0
1771684980152000,1771684980152000,1771684980088000,197388,-0.10323676,0.1832536,0.43210053,126,0
1771684980156000,1771684980156000,1771684980156000,197388,-0.09680481,0.17958358,0.43270406,126,0
1771684980288000,1771684980288000,1771684980224000,197388,-0.10255858,0.18263485,0.43190238,126,0
1771684980292000,1771684980292000,1771684980292000,197388,-0.10474014,0.18296573,0.42432863,126,0
1771684980424000,1771684980424000,1771684980360000,197388,-0.10391171,0.18151198,0.4320316,126,0
1771684980428000,1771684980428000,1771684980428000,197388,-0.09975763,0.18677881,0.43911773,126,0
1771684980560000,1771684980560000,1771684980496000,197388,-0.10285943,0.17994303,0.43213078,126,0
1771684980564000,1771684980564000,1771684980564000,197388,-0.097363114,0.18665755,0.43744206,126,0
1771684980696000,1771684980696000,1771684980632000,197388,-0.10082849,0.18056987,0.43404937,126,0
1771684980700000,1771684980700000,1771684980700000,197388,-0.09890409,0.17757551,0.4369772,126,0
1771684980832000,1771684980832000,1771684980768000,197388,-0.101751156,0.18293606,0.43387315,126,0
1771684980836000,1771684980836000,1771684980836000,197388,-0.09327009,0.17601772,0.42922866,126,0
1771684980968000,1771684980968000,1771684980904000,197388,-0.10158131,0.17984875,0.43447846,126,0
1771684980972000,1771684980972000,1771684980972000,197388,-0.09943976,0.18581259,0.4317157,126,0
1771684981104000,1771684981104000,1771684981040000,197388,-0.1010302,0.18105781,0.43497932,126,0
1771684981108000,1771684981108000,1771684981108000,197388,-0.10492536,0.18143886,0.43505943,126,0
1771684981240000,1771684981240000,1771684981176000,197388,-0.09853044,0.18091415,0.43468407,126,0
1771684981244000,1771684981244000,1771684981244000,197388,-0.09921962,0.18350165,0.42968532,126,0
1771684981376000,1771684981376000,1771684981312000,197388,-0.099314205,0.18070485,0.43353978,126,0
1771684981380000,1771684981380000,1771684981380000,197388,-0.098782234,0.1853047,0.42780593,126,0
1771684981512000,1771684981512000,1771684981448000,197388,-0.10010887,0.18139985,0.43496457,126,0
1771684981516000,1771684981516000,1771684981516000,197388,-0.10060857,0.1821622,0.4329668,126,0
1771684981648000,1771684981648000,1771684981584000,197388,-0.09899289,0.18207711,0.4334778,126,0
1771684981652000,1771684981652000,1771684981652000,197388,-0.10322768,0.17801784,0.43055806,126,0
1771684981784000,1771684981784000,1771684981720000,197388,-0.09835967,0.18317157,0.43429697,126,0
1771684981788000,1771684981788000,1771684981788000,197388,-0.102747805,0.18780762,0.42922097,126,0
1771684981920000,1771684981920000,1771684981856000,197388,-0.098656334,0.18237966,0.43250042,126,0
1771684981924000,1771684981924000,1771684981924000,197388,-0.09367054,0.18512784,0.43458885,126,0
1771684982056000,1771684982056000,1771684981992000,197388,-0.09735555,0.18361533,0.43174663,126,0
1771684982060000,1771684982060000,1771684982060000,197388,-0.09476758,0.18472183,0.4420058,126,0
1771684982192000,1771684982192000,1771684982128000,197388,-0.09723118,0.18381111,0.434726,126,0
1771684982196000,1771684982196000,1771684982196000,197388,-0.09653589,0.17933694,0.43654254,126,0
1771684982328000,1771684982328000,1771684982264000,197388,-0.097617276,0.18360543,0.4340054,126,0
1771684982332000,1771684982332000,1771684982332000,197388,-0.09323699,0.18574604,0.4366079,126,0
1771684982464000,1771684982464000,1771684982400000,197388,-0.0972235,0.18454655,0.4336694,126,0
1771684982468000,1771684982468000,1771684982468000,197388,-0.094061166,0.17610075,0.43442038,126,0
1771684982600000,1771684982600000,1771684982536000,197388,-0.095270365,0.18626569,0.43303594,126,0
1771684982604000,1771684982604000,1771684982604000,197388,-0.09240164,0.18799286,0.43777233,126,0
1771684982736000,1771684982736000,1771684982672000,197388,-0.09772536,0.18547419,0.43363902,126,0
1771684982740000,1771684982740000,1771684982740000,197388,-0.10022579,0.18705091,0.4445173,126,0
1771684982872000,1771684982872000,1771684982808000,197388,-0.0942183,0.18600847,0.43252826,126,0
1771684982876000,1771684982876000,1771684982876000,197388,-0.09364939,0.18253754,0.43273455,126,0
1771684983008000,1771684983008000,1771684982944000,197388,-0.09463124,0.18624991,0.43177763,126,0
1771684983012000,1771684983012000,1771684983012000,197388,-0.09198155,0.19074394,0.42957723,126,0
1771684983144000,1771684983144000,1771684983080000,197388,-0.09617842,0.18634467,0.43160915,126,0
1771684983148000,1771684983148000,1771684983148000,197388,-0.09370854,0.18383615,0.43323225,126,0
1771684983280000,1771684983280000,1771684983216000,197388,-0.098492265,0.18656023,0.43242875,126,0
1771684983284000,1771684983284000,1771684983284000,197388,-0.09693473,0.18216445,0.42875713,126,0
1771684983416000,1771684983416000,1771684983352000,197388,-0.09621487,0.18686242,0.43357816,126,0
1771684983420000,1771684983420000,1771684983420000,197388,-0.09133419,0.18938436,0.43625852,126,0
1771684983552000,1771684983552000,1771684983488000,197388,-0.09822773,0.18659095,0.433141,126,0
1771684983556000,1771684983556000,1771684983556000,197388,-0.0993648,0.17899834,0.43363625,126,0
1771684983688000,1771684983688000,1771684983624000,197388,-0.09677529,0.18620613,0.43289408,126,0
1771684983692000,1771684983692000,1771684983692000,197388,-0.08751311,0.18063931,0.43527672,126,0
1771684983824000,1771684983824000,1771684983760000,197388,-0.099421464,0.18621947,0.43248934,126,0
1771684983828000,1771684983828000,1771684983828000,197388,-0.09741284,0.18368438,0.4297151,126,0
1771684983960000,1771684983960000,1771684983896000,197388,-0.09787796,0.18612972,0.43201324,126,0
1771684983964000,1771684983964000,1771684983964000,197388,-0.096426144,0.18562913,0.4322178,126,0
1771684984096000,1771684984096000,1771684984032000,197388,-0.098091364,0.18416223,0.43201512,126,0
1771684984100000,1771684984100000,1771684984100000,197388,-0.09306338,0.18094483,0.43048263,126,0
1771684984232000,1771684984232000,1771684984168000,197388,-0.097745426,0.18642047,0.43215555,126,0
1771684984236000,1771684984236000,1771684984236000,197388,-0.10272282,0.18434887,0.43795833,126,0
1771684984368000,1771684984368000,1771684984304000,197388,-0.097568795,0.18609779,0.43229845,126,0
1771684984372000,1771684984372000,1771684984372000,197388,-0.09219702,0.18671487,0.4342708,126,0
1771684984504000,1771684984504000,1771684984440000,197388,-0.0979858,0.1834453,0.4305479,126,0
1771684984508000,1771684984508000,1771684984508000,197388,-0.10269912,0.18577644,0.43516654,126,0
1771684984640000,1771684984640000,1771684984576000,197388,-0.098663375,0.18476577,0.43267155,126,0
1771684984644000,1771684984644000,1771684984644000,197388,-0.10270212,0.18259315,0.42207095,126,0
1771684984776000,1771684984776000,1771684984712000,197388,-0.097981736,0.18294992,0.43140313,126,0
1771684984780000,1771684984780000,1771684984780000,197388,-0.10110514,0.17904043,0.43368974,126,0
1771684984912000,1771684984912000,1771684984848000,197388,-0.09794179,0.1823048,0.4348906,126,0
1771684984916000,1771684984916000,1771684984916000,197388,-0.08963957,0.175606,0.43542388,126,0
1771684985048000,1771684985048000,1771684984984000,197388,-0.098158054,0.18333718,0.43260095,126,0
1771684985052000,1771684985052000,1771684985052000,197388,-0.091867484,0.1839067,0.42311707,126,0
1771684985184000,1771684985184000,1771684985120000,197388,-0.097498536,0.18252796,0.43430197,126,0
1771684985188000,1771684985188000,1771684985188000,197388,-0.095767386,0.1814224,0.44353387,126,0
1771684985320000,1771684985320000,1771684985256000,197388,-0.096990466,0.18066365,0.43394274,126,0
1771684985324000,1771684985324000,1771684985324000,197388,-0.09158478,0.18823211,0.43359601,126,0
1771684985456000,1771684985456000,1771684985392000,197388,-0.095935196,0.18347582,0.43436158,126,0
1771684985460000,1771684985460000,1771684985460000,197388,-0.10077049,0.18192591,0.43465596,126,0
1771684985592000,1771684985592000,1771684985528000,197388,-0.09559256,0.18127482,0.43503067,126,0
1771684985596000,1771684985596000,1771684985596000,197388,-0.09394245,0.18971922,0.43498516,126,0
1771684985728000,1771684985728000,1771684985664000,197388,-0.09549502,0.1805915,0.43499443,126,0
1771684985732000,1771684985732000,1771684985732000,197388,-0.0945913,0.18197861,0.43739742,126,0
1771684985864000,1771684985864000,1771684985800000,197388,-0.09671688,0.18302362,0.4341838,126,0
1771684985868000,1771684985868000,1771684985868000,197388,-0.0956187,0.19323228,0.43439943,126,0
1771684986000000,1771684986000000,1771684985936000,197388,-0.09790008,0.18111405,0.43411767,126,0
1771684986004000,1771684986004000,1771684986004000,197388,-0.09497899,0.18311757,0.43266407,126,0
1771684986136000,1771684986136000,1771684986072000,197388,-0.100272626,0.18253851,0.43512413,126,0
1771684986140000,1771684986140000,1771684986140000,197388,-0.09679774,0.18950233,0.43262768,126,0
1771684986272000,1771684986272000,1771684986208000,197388,-0.098486446,0.181997,0.43402368,126,0
1771684986276000,1771684986276000,1771684986276000,197388,-0.095750004,0.18541628,0.4340054,126,0
1771684986408000,1771684986408000,1771684986344000,197388,-0.10183077,0.18220085,0.43391398,126,0
1771684986412000,1771684986412000,1771684986412000,197388,-0.10008522,0.18090847,0.43756497,126,0
1771684986544000,1771684986544000,1771684986480000,197388,-0.1025666,0.18228474,0.43276736,126,0
1771684986548000,1771684986548000,1771684986548000,197388,-0.10207251,0.17826998,0.42775476,126,0
1771684986680000,1771684986680000,1771684986616000,197388,-0.10118777,0.18427916,0.43405145,126,0
1771684986684000,1771684986684000,1771684986684000,197388,-0.101459496,0.18918169,0.43087247,126,0
1771684986816000,1771684986816000,1771684986752000,197388,-0.10165338,0.18377784,0.43034643,126,0
1771684986820000,1771684986820000,1771684986820000,197388,-0.09818337,0.18412885,0.42805716,126,0
1771684986952000,1771684986952000,1771684986888000,197388,-0.103867516,0.18337812,0.43129143,126,0
1771684986956000,1771684986956000,1771684986956000,197388,-0.111648,0.18968563,0.42934254,126,0
1771684987088000,1771684987088000,1771684987024000,197388,-0.106076285,0.18357605,0.43191355,126,0
1771684987092000,1771684987092000,1771684987092000,197388,-0.10564994,0.18523367,0.42491984,126,0
1771684987224000,1771684987224000,1771684987160000,197388,-0.10635201,0.18492565,0.43103275,126,0
1771684987228000,1771684987228000,1771684987228000,197388,-0.107852794,0.19328742,0.4312981,126,0
1771684987360000,1771684987360000,1771684987296000,197388,-0.10590445,0.18406467,0.42941034,126,0
1771684987364000,1771684987364000,1771684987364000,197388,-0.10203901,0.1912288,0.4330897,126,0
1771684987496000,1771684987496000,1771684987432000,197388,-0.10721021,0.18479711,0.43011194,126,0
1771684987500000,1771684987500000,1771684987500000,197388,-0.10022461,0.18586467,0.4261628,126,0
1771684987632000,1771684987632000,1771684987568000,197388,-0.10736449,0.18621482,0.43064162,126,0
1771684987636000,1771684987636000,1771684987636000,197388,-0.11495917,0.18100016,0.43463147,126,0
1771684987768000,1771684987768000,1771684987704000,197388,-0.1052892,0.186377,0.43058372,126,0
1771684987772000,1771684987772000,1771684987772000,197388,-0.10278665,0.18820974,0.4378214,126,0
1771684987904000,1771684987904000,1771684987840000,197388,-0.10662079,0.1855053,0.43012577,126,0
1771684987908000,1771684987908000,1771684987908000,197388,-0.11100824,0.18251783,0.43177262,126,0
1771684988040000,1771684988040000,1771684987976000,197388,-0.106132254,0.18570676,0.43178555,126,0
1771684988044000,1771684988044000,1771684988044000,197388,-0.11251645,0.18861403,0.43635976,126,0
1771684988176000,1771684988176000,1771684988112000,197388,-0.104703315,0.18407704,0.43176967,126,0
1771684988180000,1771684988180000,1771684988180000,197388,-0.10369831,0.18486713,0.42878076,126,0
1771684988312000,1771684988312000,1771684988248000,197388,-0.105453715,0.18565194,0.43192065,126,0
1771684988316000,1771684988316000,1771684988316000,197388,-0.09785748,0.1913933,0.43396232,126,0
1771684988448000,1771684988448000,1771684988384000,197388,-0.103133574,0.18463758,0.43081367,126,0
1771684988452000,1771684988452000,1771684988452000,197388,-0.1122292,0.18632507,0.43603912,126,0
1771684988584000,1771684988584000,1771684988520000,197388,-0.10523193,0.18385425,0.4308912,126,0
1771684988588000,1771684988588000,1771684988588000,197388,-0.10010785,0.17982195,0.43894592,126,0
1771684988720000,1771684988720000,1771684988656000,197388,-0.103836045,0.18415555,0.43276304,126,0
1771684988724000,1771684988724000,1771684988724000,197388,-0.111827284,0.17969584,0.4375242,126,0
1771684988856000,1771684988856000,1771684988792000,197388,-0.10153832,0.1852496,0.432272,126,0
1771684988860000,1771684988860000,1771684988860000,197388,-0.10058712,0.19197899,0.4269853,126,0
1771684988992000,1771684988992000,1771684988928000,197388,-0.10147934,0.18446034,0.4326889,126,0
1771684988996000,1771684988996000,1771684988996000,197388,-0.10273736,0.1819225,0.43546912,126,0
1771684989128000,1771684989128000,1771684989064000,197388,-0.10143856,0.18476984,0.43262628,126,0
1771684989132000,1771684989132000,1771684989132000,197388,-0.09511279,0.1861633,0.43090525,126,0
1771684989264000,1771684989264000,1771684989200000,197388,-0.09915217,0.18436529,0.43283662,126,0
1771684989268000,1771684989268000,1771684989268000,197388,-0.1022166,0.18430845,0.42578456,126,0
1771684989400000,1771684989400000,1771684989336000,197388,-0.09991529,0.18391289,0.4322885,126,0
1771684989404000,1771684989404000,1771684989404000,197388,-0.0970074,0.18779537,0.4313608,126,0
1771684989536000,1771684989536000,1771684989472000,197388,-0.09941195,0.18476997,0.43286285,126,0
1771684989540000,1771684989540000,1771684989540000,197388,-0.11084055,0.19386244,0.44208992,126,0
1771684989672000,1771684989672000,1771684989608000,197388,-0.1000087,0.183703,0.43300125,126,0
1771684989676000,1771684989676000,1771684989676000,197388,-0.09254645,0.18701588,0.42749846,126,0
1771684989808000,1771684989808000,1771684989744000,197388,-0.09902795,0.18296565,0.43347204,126,0
1771684989812000,1771684989812000,1771684989812000,197388,-0.10088959,0.17823826,0.44079387,126,0
1771684989944000,1771684989944000,1771684989880000,197388,-0.09783931,0.18207638,0.4339724,126,0
1771684989948000,1771684989948000,1771684989948000,197388,-0.095789015,0.17703311,0.43685493,126,0
1771684990080000,1771684990080000,1771684990016000,197388,-0.09935877,0.18364969,0.43322638,126,0
1771684990084000,1771684990084000,1771684990084000,197388,-0.085670054,0.17913003,0.42764202,126,0
1771684990216000,1771684990216000,1771684990152000,197388,-0.09713071,0.18264264,0.43366003,126,0
1771684990220000,1771684990220000,1771684990220000,197388,-0.10115162,0.18324505,0.44203258,126,0
1771684990352000,1771684990352000,1771684990288000,197388,-0.095844835,0.18169603,0.43367562,126,0
1771684990356000,1771684990356000,1771684990356000,197388,-0.095513836,0.18307418,0.4370461,126,0
1771684990488000,1771684990488000,1771684990424000,197388,-0.095355004,0.18427068,0.43388388,126,0
1771684990492000,1771684990492000,1771684990492000,197388,-0.101658486,0.18084219,0.43801853,126,0
1771684990624000,1771684990624000,1771684990560000,197388,-0.09364602,0.18222445,0.43660107,126,0
1771684990628000,1771684990628000,1771684990628000,197388,-0.093310915,0.18769482,0.4389625,126,0
1771684990760000,1771684990760000,1771684990696000,197388,-0.09281879,0.18222813,0.43441358,126,0
1771684990764000,1771684990764000,1771684990764000,197388,-0.09644104,0.17819466,0.43581554,126,0
1771684990896000,1771684990896000,1771684990832000,197388,-0.094304055,0.18318447,0.435409,126,0
1771684990900000,1771684990900000,1771684990900000,197388,-0.100114085,0.19048901,0.43278742,126,0
1771684991032000,1771684991032000,1771684990968000,197388,-0.09279985,0.18297216,0.43490788,126,0
1771684991036000,1771684991036000,1771684991036000,197388,-0.090551764,0.1877153,0.4365651,126,0
1771684991168000,1771684991168000,1771684991104000,197388,-0.09532352,0.18262616,0.43569672,126,0
1771684991172000,1771684991172000,1771684991172000,197388,-0.09600851,0.17075104,0.43161902,126,0
1771684991304000,1771684991304000,1771684991240000,197388,-0.09298086,0.18153347,0.43474734,126,0
1771684991308000,1771684991308000,1771684991308000,197388,-0.09803679,0.19376777,0.4404624,126,0
1771684991440000,1771684991440000,1771684991376000,197388,-0.09567344,0.18324351,0.43361744,126,0
1771684991444000,1771684991444000,1771684991444000,197388,-0.10114672,0.18370119,0.43730342,126,0
1771684991576000,1771684991576000,1771684991512000,197388,-0.09525869,0.18224652,0.4349113,126,0
1771684991580000,1771684991580000,1771684991580000,197388,-0.08712788,0.17463939,0.43471828,126,0
1771684991712000,1771684991712000,1771684991648000,197388,-0.09692347,0.18281019,0.43467888,126,0
1771684991716000,1771684991716000,1771684991716000,197388,-0.09372049,0.18453334,0.4324721,126,0
1771684991848000,1771684991848000,1771684991784000,197388,-0.0967861,0.18214275,0.4345379,126,0
1771684991852000,1771684991852000,1771684991852000,197388,-0.09212875,0.1842202,0.4226916,126,0
1771684991984000,1771684991984000,1771684991920000,197388,-0.09634466,0.18272562,0.4353015,126,0
1771684991988000,1771684991988000,1771684991988000,197388,-0.10057426,0.184296,0.42874163,126,0
1771684992120000,1771684992120000,1771684992056000,197388,-0.09743047,0.18399592,0.4338715,126,0
1771684992124000,1771684992124000,1771684992124000,197388,-0.10350188,0.18168914,0.43345064,126,0
1771684992256000,1771684992256000,1771684992192000,197388,-0.09698669,0.183338,0.4353249,126,0
1771684992260000,1771684992260000,1771684992260000,197388,-0.102097094,0.19128631,0.4419582,126,0
1771684992392000,1771684992392000,1771684992328000,197388,-0.09871969,0.18332957,0.43472546,126,0
1771684992396000,1771684992396000,1771684992396000,197388,-0.095532686,0.17649564,0.43177053,126,0
1771684992528000,1771684992528000,1771684992464000,197388,-0.09885213,0.18102601,0.43254295,126,0
1771684992532000,1771684992532000,1771684992532000,197388,-0.100612074,0.18144837,0.43361092,126,0
1771684992664000,1771684992664000,1771684992600000,197388,-0.10009428,0.18308905,0.43302557,126,0
1771684992668000,1771684992668000,1771684992668000,197388,-0.10272932,0.18712007,0.43297428,126,0
1771684992800000,1771684992800000,1771684992736000,197388,-0.09889937,0.18454726,0.4333244,126,0
1771684992804000,1771684992804000,1771684992804000,197388,-0.09342755,0.18198594,0.43627748,126,0
1771684992936000,1771684992936000,1771684992872000,197388,-0.09902938,0.18537575,0.4339101,126,0
1771684992940000,1771684992940000,1771684992940000,197388,-0.094935395,0.17291965,0.43201584,126,0
1771684993072000,1771684993072000,1771684993008000,197388,-0.098773494,0.18575321,0.43326053,126,0
1771684993076000,1771684993076000,1771684993076000,197388,-0.10038471,0.17700845,0.4328041,126,0
1771684993208000,1771684993208000,1771684993144000,197388,-0.09732693,0.18481612,0.43238837,126,0
1771684993212000,1771684993212000,1771684993212000,197388,-0.09426912,0.18089585,0.43124402,126,0
1771684993344000,1771684993344000,1771684993280000,197388,-0.09961616,0.18456772,0.4326491,126,0
1771684993348000,1771684993348000,1771684993348000,197388,-0.09718649,0.1812886,0.42858478,126,0
1771684993480000,1771684993480000,1771684993416000,197388,-0.09786675,0.18580584,0.43273592,126,0
1771684993484000,1771684993484000,1771684993484000,197388,-0.102610625,0.18893346,0.43483073,126,0
1771684993616000,1771684993616000,1771684993552000,197388,-0.10076465,0.1854787,0.43311608,126,0
1771684993620000,1771684993620000,1771684993620000,197388,-0.09734107,0.19540378,0.42901063,126,0
1771684993752000,1771684993752000,1771684993688000,197388,-0.0995641,0.1853747,0.43224308,126,0
1771684993756000,1771684993756000,1771684993756000,197388,-0.09818228,0.18573506,0.44164824,126,0
1771684993888000,1771684993888000,1771684993824000,197388,-0.1013716,0.18544355,0.43204182,126,0
1771684993892000,1771684993892000,1771684993892000,197388,-0.094841965,0.18057336,0.43128404,126,0
1771684994024000,1771684994024000,1771684993960000,197388,-0.09941149,0.18230923,0.43075332,126,0
1771684994028000,1771684994028000,1771684994028000,197388,-0.1023812,0.18571678,0.43497652,126,0
1771684994160000,1771684994160000,1771684994096000,197388,-0.09737838,0.18421951,0.4320854,126,0
1771684994164000,1771684994164000,1771684994164000,197388,-0.10273397,0.17964646,0.43867958,126,0
1771684994296000,1771684994296000,1771684994232000,197388,-0.09899865,0.18383281,0.43140647,126,0
1771684994300000,1771684994300000,1771684994300000,197388,-0.106879964,0.18630043,0.42016712,126,0
1771684994432000,1771684994432000,1771684994368000,197388,-0.09765312,0.18459721,0.43346554,126,0
1771684994436000,1771684994436000,1771684994436000,197388,-0.10711581,0.18312228,0.43180388,126,0
1771684994568000,1771684994568000,1771684994504000,197388,-0.09820229,0.18271583,0.43356735,126,0
1771684994572000,1771684994572000,1771684994572000,197388,-0.10005363,0.18367894,0.4363354,126,0
1771684994704000,1771684994704000,1771684994640000,197388,-0.0985445,0.1851651,0.43263528,126,0
1771684994708000,1771684994708000,1771684994708000,197388,-0.099667676,0.18233721,0.43745354,126,0
1771684994840000,1771684994840000,1771684994776000,197388,-0.0965569,0.18179685,0.4328598,126,0
1771684994844000,1771684994844000,1771684994844000,197388,-0.09606767,0.18726118,0.43422067,126,0
1771684994976000,1771684994976000,1771684994912000,197388,-0.09617167,0.18364093,0.43462485,126,0
1771684994980000,1771684994980000,1771684994980000,197388,-0.09294484,0.18133947,0.435492,126,0
1771684995112000,1771684995112000,1771684995048000,197388,-0.096841685,0.181128,0.4339971,126,0
1771684995116000,1771684995116000,1771684995116000,197388,-0.10001187,0.18053325,0.43777773,126,0
1771684995248000,1771684995248000,1771684995184000,197388,-0.09699678,0.1828707,0.43489134,126,0
1771684995252000,1771684995252000,1771684995252000,197388,-0.09450897,0.18312155,0.43647555,126,0
1771684995384000,1771684995384000,1771684995320000,197388,-0.096672155,0.18088569,0.43454498,126,0
1771684995388000,1771684995388000,1771684995388000,197388,-0.09769148,0.1847966,0.4336766,126,0
1771684995520000,1771684995520000,1771684995456000,197388,-0.098478556,0.18399997,0.4336124,126,0
1771684995524000,1771684995524000,1771684995524000,197388,-0.09333003,0.17427623,0.44171795,126,0
1771684995656000,1771684995656000,1771684995592000,197388,-0.09936732,0.18199877,0.43362734,126,0
1771684995660000,1771684995660000,1771684995660000,197388,-0.094385386,0.18596195,0.43911982,126,0
1771684995792000,1771684995792000,1771684995728000,197388,-0.09814439,0.18201227,0.43358567,126,0
1771684995796000,1771684995796000,1771684995796000,197388,-0.1008007,0.18614016,0.44081086,126,0
1771684995928000,1771684995928000,1771684995864000,197388,-0.097881086,0.18324684,0.43326047,126,0
1771684995932000,1771684995932000,1771684995932000,197388,-0.10291235,0.1762531,0.4251998,126,0
1771684996064000,1771684996064000,1771684996000000,197388,-0.10066616,0.18283513,0.43415,126,0
1771684996068000,1771684996068000,1771684996068000,197388,-0.105521426,0.18687393,0.41811192,126,0
1771684996200000,1771684996200000,1771684996136000,197388,-0.10091585,0.18236363,0.43407035,126,0
1771684996204000,1771684996204000,1771684996204000,197388,-0.10887226,0.17597543,0.4365974,126,0
1771684996336000,1771684996336000,1771684996272000,197388,-0.102561824,0.18221869,0.43322277,126,0
1771684996340000,1771684996340000,1771684996340000,197388,-0.0984132,0.19719534,0.4352359,126,0
1771684996472000,1771684996472000,1771684996408000,197388,-0.099341996,0.18203253,0.43377885,126,0
1771684996476000,1771684996476000,1771684996476000,197388,-0.09026169,0.17690338,0.43425253,126,0
1771684996608000,1771684996608000,1771684996544000,197388,-0.102867514,0.18143699,0.4355081,126,0
1771684996612000,1771684996612000,1771684996612000,197388,-0.10843747,0.179935,0.4318196,126,0
1771684996744000,1771684996744000,1771684996680000,197388,-0.09967117,0.18221577,0.4342665,126,0
1771684996748000,1771684996748000,1771684996748000,197388,-0.10069807,0.17917709,0.43893057,126,0
1771684996880000,1771684996880000,1771684996816000,197388,-0.100411385,0.18218292,0.43283272,126,0
1771684996884000,1771684996884000,1771684996884000,197388,-0.103204586,0.17909622,0.43847403,126,0
1771684997016000,1771684997016000,1771684996952000,197388,-0.10287534,0.18253537,0.43269885,126,0
1771684997020000,1771684997020000,1771684997020000,197388,-0.10304667,0.19413647,0.42768058,126,0
1771684997152000,1771684997152000,1771684997088000,197388,-0.10278845,0.18362005,0.43333766,126,0
1771684997156000,1771684997156000,1771684997156000,197388,-0.102128014,0.18489794,0.4344317,126,0
1771684997288000,1771684997288000,1771684997224000,197388,-0.10235423,0.18285502,0.4320152,126,0
1771684997292000,1771684997292000,1771684997292000,197388,-0.10682673,0.18886812,0.43288806,126,0
1771684997424000,1771684997424000,1771684997360000,197388,-0.10423339,0.18290271,0.4327765,126,0
1771684997428000,1771684997428000,1771684997428000,197388,-0.10540685,0.17461973,0.43268546,126,0
1771684997560000,1771684997560000,1771684997496000,197388,-0.10283043,0.18320116,0.43253353,126,0
1771684997564000,1771684997564000,1771684997564000,197388,-0.10543627,0.18949537,0.4301079,126,0
1771684997696000,1771684997696000,1771684997632000,197388,-0.103605226,0.18204471,0.4323429,126,0
1771684997700000,1771684997700000,1771684997700000,197388,-0.10515319,0.17591439,0.43816653,126,0
1771684997832000,1771684997832000,1771684997768000,197388,-0.10407208,0.18405093,0.43402773,126,0
1771684997836000,1771684997836000,1771684997836000,197388,-0.10431276,0.18431897,0.43152636,126,0
1771684997968000,1771684997968000,1771684997904000,197388,-0.10276828,0.18419312,0.43158662,126,0
1771684997972000,1771684997972000,1771684997972000,197388,-0.08860811,0.19425628,0.4380883,126,0
1771684998104000,1771684998104000,1771684998040000,197388,-0.10311457,0.18317892,0.4323547,126,0
1771684998108000,1771684998108000,1771684998108000,197388,-0.10664074,0.1844428,0.42901686,126,0
1771684998240000,1771684998240000,1771684998176000,197388,-0.103944845,0.18472715,0.43205494,126,0
1771684998244000,1771684998244000,1771684998244000,197388,-0.094801255,0.19008653,0.4349521,126,0
1771684998376000,1771684998376000,1771684998312000,197388,-0.103706874,0.18536294,0.43178707,126,0
1771684998380000,1771684998380000,1771684998380000,197388,-0.10358619,0.1848342,0.4372963,126,0
1771684998512000,1771684998512000,1771684998448000,197388,-0.105342895,0.18458095,0.4305262,126,0
1771684998516000,1771684998516000,1771684998516000,197388,-0.1015386,0.18718308,0.43095452,126,0
1771684998648000,1771684998648000,1771684998584000,197388,-0.101742975,0.18647407,0.43163678,126,0
1771684998652000,1771684998652000,1771684998652000,197388,-0.099487476,0.18383846,0.42275405,126,0
1771684998784000,1771684998784000,1771684998720000,197388,-0.10367702,0.18447068,0.4304815,126,0
1771684998788000,1771684998788000,1771684998788000,197388,-0.10337323,0.19111678,0.43904835,126,0
1771684998920000,1771684998920000,1771684998856000,197388,-0.10110528,0.18477671,0.4331392,126,0
1771684998924000,1771684998924000,1771684998924000,197388,-0.1005685,0.17898156,0.43088645,126,0
1771684999056000,1771684999056000,1771684998992000,197388,-0.10248765,0.18541348,0.43335822,126,0
1771684999060000,1771684999060000,1771684999060000,197388,-0.10015404,0.1765483,0.4350464,126,0
1771684999192000,1771684999192000,1771684999128000,197388,-0.10503273,0.18522361,0.43277505,126,0
1771684999196000,1771684999196000,1771684999196000,197388,-0.10186267,0.17656755,0.42571995,126,0
1771684999328000,1771684999328000,1771684999264000,197388,-0.10263722,0.18448175,0.4325313,126,0
1771684999332000,1771684999332000,1771684999332000,197388,-0.10724329,0.18990406,0.43885487,126,0
1771684999464000,1771684999464000,1771684999400000,197388,-0.10137143,0.18547535,0.43074995,126,0
1771684999468000,1771684999468000,1771684999468000,197388,-0.10020725,0.18259645,0.43502808,126,0
1771684999600000,1771684999600000,1771684999536000,197388,-0.10079096,0.18352926,0.4338626,126,0
1771684999604000,1771684999604000,1771684999604000,197388,-0.099487804,0.19204906,0.43761924,126,0
1771684999736000,1771684999736000,1771684999672000,197388,-0.098486915,0.18398938,0.43153659,126,0
1771684999740000,1771684999740000,1771684999740000,197388,-0.097293876,0.17995006,0.4230633,126,0
1771684999872000,1771684999872000,1771684999808000,197388,-0.098891206,0.18499073,0.4348033,126,0
1771684999876000,1771684999876000,1771684999876000,197388,-0.092995286,0.18151015,0.4405432,126,0
1771685000008000,1771685000008000,1771684999944000,197388,-0.09726173,0.18349245,0.43218794,126,0
1771685000012000,1771685000012000,1771685000012000,197388,-0.09646742,0.18448526,0.43809432,126,0
1771685000144000,1771685000144000,1771685000080000,197388,-0.09581429,0.18458007,0.43302065,126,0
1771685000148000,1771685000148000,1771685000148000,197388,-0.09136637,0.20243189,0.4431009,126,0
1771685000280000,1771685000280000,1771685000216000,197388,-0.09580356,0.18411824,0.4347521,126,0
1771685000284000,1771685000284000,1771685000284000,197388,-0.09450068,0.18382321,0.4314647,126,0
1771685000416000,1771685000416000,1771685000352000,197388,-0.09566192,0.18222149,0.4320523,126,0
1771685000420000,1771685000420000,1771685000420000,197388,-0.09007503,0.18814747,0.4316941,126,0
1771685000552000,1771685000552000,1771685000488000,197388,-0.095962554,0.18259874,0.43381628,126,0
1771685000556000,1771685000556000,1771685000556000,197388,-0.10235858,0.18270266,0.43895507,126,0
1771685000688000,1771685000688000,1771685000624000,197388,-0.09685683,0.18285507,0.43490124,126,0
1771685000692000,1771685000692000,1771685000692000,197388,-0.09802208,0.18694872,0.42296273,126,0
1771685000824000,1771685000824000,1771685000760000,197388,-0.096082285,0.18375246,0.43371773,126,0
1771685000828000,1771685000828000,1771685000828000,197388,-0.10179098,0.18480991,0.43167114,126,0
1771685000960000,1771685000960000,1771685000896000,197388,-0.09654718,0.18176441,0.4330541,126,0
1771685000964000,1771685000964000,1771685000964000,197388,-0.09210701,0.18807426,0.42935714,126,0
1771685001096000,1771685001096000,1771685001032000,197388,-0.09646166,0.18350635,0.43441334,126,0
1771685001100000,1771685001100000,1771685001100000,197388,-0.10580745,0.17379375,0.43537128,126,0
1771685001232000,1771685001232000,1771685001168000,197388,-0.10015421,0.18229534,0.4332198,126,0
1771685001236000,1771685001236000,1771685001236000,197388,-0.10218334,0.18585566,0.43806708,126,0
1771685001368000,1771685001368000,1771685001304000,197388,-0.11564088,0.18350334,0.42939407,126,0
1771685001372000,1771685001372000,1771685001372000,197388,-0.12966795,0.18002586,0.42597646,126,0
1771685001504000,1771685001504000,1771685001440000,197388,-0.13680282,0.18026936,0.42278284,126,0
1771685001508000,1771685001508000,1771685001508000,197388,-0.13889848,0.17648661,0.4155454,126,0
1771685001640000,1771685001640000,1771685001576000,197388,-0.15772182,0.17764045,0.4175829,126,0
1771685001644000,1771685001644000,1771685001644000,197388,-0.16338713,0.17734237,0.4116798,126,0
1771685001776000,1771685001776000,1771685001712000,197388,-0.16927887,0.18091612,0.41167158,126,0
1771685001780000,1771685001780000,1771685001780000,197388,-0.17832753,0.17913224,0.4180708,126,0
1771685001912000,1771685001912000,1771685001848000,197388,-0.17887294,0.18191059,0.40631086,126,0
1771685001916000,1771685001916000,1771685001916000,197388,-0.18464367,0.18209463,0.40934098,126,0
1771685002048000,1771685002048000,1771685001984000,197388,-0.18437181,0.18490165,0.40511897,126,0
1771685002052000,1771685002052000,1771685002052000,197388,-0.1728046,0.18963906,0.39810875,126,0
1771685002184000,1771685002184000,1771685002120000,197388,-0.18629454,0.18595022,0.4023396,126,0
1771685002188000,1771685002188000,1771685002188000,197388,-0.18889311,0.18450996,0.40355217,126,0
1771685002320000,1771685002320000,1771685002256000,197388,-0.18825905,0.18577696,0.40076044,126,0
1771685002324000,1771685002324000,1771685002324000,197388,-0.19671407,0.19377898,0.40364045,126,0
1771685002456000,1771685002456000,1771685002392000,197388,-0.18935238,0.18764892,0.39893803,126,0
1771685002460000,1771685002460000,1771685002460000,197388,-0.1891192,0.19169752,0.39960718,126,0
1771685002592000,1771685002592000,1771685002528000,197388,-0.18820967,0.18897471,0.39880094,126,0
1771685002596000,1771685002596000,1771685002596000,197388,-0.19421865,0.18806055,0.39217347,126,0
1771685002728000,1771685002728000,1771685002664000,197388,-0.18726213,0.19079341,0.39775673,126,0
1771685002732000,1771685002732000,1771685002732000,197388,-0.18544012,0.1922498,0.39787236,126,0
1771685002864000,1771685002864000,1771685002800000,197388,-0.1871738,0.19220753,0.3985731,126,0
1771685002868000,1771685002868000,1771685002868000,197388,-0.19209562,0.19466496,0.3958601,126,0
1771685003000000,1771685003000000,1771685002936000,197388,-0.18402815,0.19519758,0.39853755,126,0
1771685003004000,1771685003004000,1771685003004000,197388,-0.17950419,0.20207256,0.3973911,126,0
1771685003136000,1771685003136000,1771685003072000,197388,-0.17985307,0.19303471,0.4023094,126,0
1771685003140000,1771685003140000,1771685003140000,197388,-0.17714451,0.19356905,0.41186804,126,0
1771685003272000,1771685003272000,1771685003208000,197388,-0.17601344,0.19168197,0.40525118,126,0
1771685003276000,1771685003276000,1771685003276000,197388,-0.17185931,0.19129108,0.4079277,126,0
1771685003408000,1771685003408000,1771685003344000,197388,-0.16877198,0.19014262,0.40759555,126,0
1771685003412000,1771685003412000,1771685003412000,197388,-0.17127816,0.18056118,0.40642628,126,0
1771685003544000,1771685003544000,1771685003480000,197388,-0.1617455,0.18614705,0.4130663,126,0
1771685003548000,1771685003548000,1771685003548000,197388,-0.160622,0.1826279,0.41021925,126,0
1771685003680000,1771685003680000,1771685003616000,197388,-0.15761505,0.1886936,0.41399375,126,0
1771685003684000,1771685003684000,1771685003684000,197388,-0.15501256,0.19570045,0.41049576,126,0
1771685003816000,1771685003816000,1771685003752000,197388,-0.15091851,0.18696092,0.4172724,126,0
1771685003820000,1771685003820000,1771685003820000,197388,-0.14730728,0.18301004,0.42019826,126,0
1771685003952000,1771685003952000,1771685003888000,197388,-0.14823501,0.18471181,0.41836333,126,0
1771685003956000,1771685003956000,1771685003956000,197388,-0.14682527,0.18289031,0.40898165,126,0
1771685004088000,1771685004088000,1771685004024000,197388,-0.14882942,0.19228864,0.4141457,126,0
1771685004092000,1771685004092000,1771685004092000,197388,-0.15556653,0.2028592,0.4123869,126,0
1771685004224000,1771685004224000,1771685004160000,197388,-0.153125,0.2108185,0.40363917,126,0
1771685004228000,1771685004228000,1771685004228000,197388,-0.16558231,0.21609235,0.40436772,126,0
1771685004360000,1771685004360000,1771685004296000,197388,-0.15554903,0.23161627,0.38910288,126,0
1771685004364000,1771685004364000,1771685004364000,197388,-0.16919291,0.24738929,0.37738115,126,0
1771685004496000,1771685004496000,1771685004432000,197388,-0.16078489,0.25681162,0.372657,126,0
1771685004500000,1771685004500000,1771685004500000,197388,-0.16038612,0.2576389,0.35853344,126,0
1771685004632000,1771685004632000,1771685004568000,197388,-0.16134723,0.27705574,0.3596172,126,0
1771685004636000,1771685004636000,1771685004636000,197388,-0.15751962,0.28443915,0.3554999,126,0
1771685004768000,1771685004768000,1771685004704000,197388,-0.1487564,0.28502658,0.3559557,126,0
1771685004772000,1771685004772000,1771685004772000,197388,-0.14703692,0.28557092,0.36151814,126,0
1771685004904000,1771685004904000,1771685004840000,197388,-0.13017488,0.28158203,0.36730677,126,0
1771685004908000,1771685004908000,1771685004908000,197388,-0.11634256,0.27438444,0.36713606,126,0
1771685005040000,1771685005040000,1771685004976000,197388,-0.097027965,0.27370766,0.38173094,126,0
1771685005044000,1771685005044000,1771685005044000,197388,-0.08451505,0.2712662,0.38783303,126,0
1771685005176000,1771685005176000,1771685005112000,197388,-0.06555892,0.2640826,0.3969614,126,0
1771685005180000,1771685005180000,1771685005180000,197388,-0.04817447,0.2545462,0.40968373,126,0
1771685005312000,1771685005312000,1771685005248000,197388,-0.03438707,0.24666035,0.4114804,126,0
1771685005316000,1771685005316000,1771685005316000,197388,-0.0237892,0.23793711,0.42216447,126,0
1771685005448000,1771685005448000,1771685005384000,197388,-0.005892745,0.23360394,0.42015073,126,0
1771685005452000,1771685005452000,1771685005452000,197388,0.0097220875,0.2252891,0.42621848,126,0
1771685005584000,1771685005584000,1771685005520000,197388,0.023680225,0.23315929,0.41969946,126,0
1771685005588000,1771685005588000,1771685005588000,197388,0.040257793,0.22668639,0.41519633,126,0
1771685005720000,1771685005720000,1771685005656000,197388,0.049984496,0.24381295,0.41141015,126,0
1771685005724000,1771685005724000,1771685005724000,197388,0.06121878,0.25194317,0.41200116,126,0
1771685005856000,1771685005856000,1771685005792000,197388,0.07379675,0.25458208,0.4016549,126,0
1771685005860000,1771685005860000,1771685005860000,197388,0.078046575,0.26290038,0.38288215,126,0
1771685005992000,1771685005992000,1771685005928000,197388,0.10362477,0.267667,0.38613778,126,0
1771685005996000,1771685005996000,1771685005996000,197388,0.11592189,0.27338788,0.36969653,126,0
1771685006128000,1771685006128000,1771685006064000,197388,0.13515803,0.27457303,0.37021106,126,0
1771685006132000,1771685006132000,1771685006132000,197388,0.14150952,0.27257368,0.3730026,126,0
1771685006264000,1771685006264000,1771685006200000,197388,0.16839008,0.2734525,0.35727528,126,0
1771685006268000,1771685006268000,1771685006268000,197388,0.18063179,0.25929937,0.3587303,126,0
1771685006400000,1771685006400000,1771685006336000,197388,0.2011587,0.2590077,0.35103697,126,0
1771685006404000,1771685006404000,1771685006404000,197388,0.223189,0.23940688,0.35457128,126,0
1771685006536000,1771685006536000,1771685006472000,197388,0.2344348,0.2353015,0.34665108,126,0
1771685006540000,1771685006540000,1771685006540000,197388,0.239583,0.2165024,0.34960666,126,0
1771685006672000,1771685006672000,1771685006608000,197388,0.25559855,0.20664097,0.34952995,126,0
1771685006676000,1771685006676000,1771685006676000,197388,0.27112013,0.1870367,0.3538401,126,0
1771685006808000,1771685006808000,1771685006744000,197388,0.2678048,0.17527117,0.35694107,126,0
1771685006812000,1771685006812000,1771685006812000,197388,0.26967463,0.15572916,0.3636796,126,0
1771685006944000,1771685006944000,1771685006880000,197388,0.26882327,0.1483195,0.36942878,126,0
1771685006948000,1771685006948000,1771685006948000,197388,0.26557866,0.13392812,0.37083372,126,0
1771685007080000,1771685007080000,1771685007016000,197388,0.2616979,0.12377286,0.38340315,126,0
1771685007084000,1771685007084000,1771685007084000,197388,0.2587643,0.11207499,0.38857952,126,0
1771685007216000,1771685007216000,1771685007152000,197388,0.24995145,0.10377047,0.39794105,126,0
1771685007220000,1771685007220000,1771685007220000,197388,0.24090226,0.09328058,0.39750072,126,0
1771685007352000,1771685007352000,1771685007288000,197388,0.23121645,0.087959796,0.41119334,126,0
1771685007356000,1771685007356000,1771685007356000,197388,0.22005267,0.08306204,0.4133956,126,0
1771685007488000,1771685007488000,1771685007424000,197388,0.21853292,0.07987972,0.4216504,126,0
1771685007492000,1771685007492000,1771685007492000,197388,0.2141379,0.0747735,0.41437092,126,0
1771685007624000,1771685007624000,1771685007560000,197388,0.20971173,0.07484428,0.42624077,126,0
1771685007628000,1771685007628000,1771685007628000,197388,0.20364681,0.06543169,0.42656335,126,0
1771685007760000,1771685007760000,1771685007696000,197388,0.20763826,0.06941321,0.42885238,126,0
1771685007764000,1771685007764000,1771685007764000,197388,0.20724316,0.064422496,0.4323882,126,0
1771685007896000,1771685007896000,1771685007832000,197388,0.20642556,0.063457996,0.4290878,126,0
1771685007900000,1771685007900000,1771685007900000,197388,0.20305024,0.064075336,0.43013212,126,0
1771685008032000,1771685008032000,1771685007968000,197388,0.20537114,0.06377145,0.42819956,126,0
1771685008036000,1771685008036000,1771685008036000,197388,0.20936231,0.06471073,0.43630525,126,0
1771685008168000,1771685008168000,1771685008104000,197388,0.20492822,0.063167915,0.42862645,126,0
1771685008172000,1771685008172000,1771685008172000,197388,0.19897194,0.06860997,0.434916,126,0
1771685008304000,1771685008304000,1771685008240000,197388,0.20480898,0.060971342,0.42943695,126,0
1771685008308000,1771685008308000,1771685008308000,197388,0.19895321,0.07066007,0.43171096,126,0
1771685008440000,1771685008440000,1771685008376000,197388,0.2034843,0.06291101,0.4294056,126,0
1771685008444000,1771685008444000,1771685008444000,197388,0.19814858,0.06500838,0.43697253,126,0
1771685008576000,1771685008576000,1771685008512000,197388,0.2044029,0.06568857,0.4297429,126,0
1771685008580000,1771685008580000,1771685008580000,197388,0.20370533,0.06990019,0.42749843,126,0
1771685008712000,1771685008712000,1771685008648000,197388,0.20410094,0.07022652,0.42997164,126,0
1771685008716000,1771685008716000,1771685008716000,197388,0.2060022,0.0729221,0.43160954,126,0
1771685008848000,1771685008848000,1771685008784000,197388,0.2047681,0.07389977,0.4301988,126,0
1771685008852000,1771685008852000,1771685008852000,197388,0.20791666,0.07269155,0.4293398,126,0
1771685008984000,1771685008984000,1771685008920000,197388,0.20508416,0.07807217,0.4287717,126,0
1771685008988000,1771685008988000,1771685008988000,197388,0.20643613,0.08245983,0.42303246,126,0
1771685009120000,1771685009120000,1771685009056000,197388,0.20564392,0.07820924,0.42630088,126,0
1771685009124000,1771685009124000,1771685009124000,197388,0.2055471,0.08136929,0.4289449,126,0
1771685009256000,1771685009256000,1771685009192000,197388,0.20664139,0.077576295,0.42393798,126,0
1771685009260000,1771685009260000,1771685009260000,197388,0.21704671,0.074073665,0.42793524,126,0
1771685009392000,1771685009392000,1771685009328000,197388,0.21076581,0.07590429,0.4258255,126,0
1771685009396000,1771685009396000,1771685009396000,197388,0.21317874,0.07085456,0.42680305,126,0
1771685009528000,1771685009528000,1771685009464000,197388,0.21255791,0.07378788,0.42366046,126,0
1771685009532000,1771685009532000,1771685009532000,197388,0.21094586,0.07083672,0.4230402,126,0
1771685009664000,1771685009664000,1771685009600000,197388,0.21709163,0.06881322,0.42285213,126,0
1771685009668000,1771685009668000,1771685009668000,197388,0.22489807,0.07392339,0.42570916,126,0
1771685009800000,1771685009800000,1771685009736000,197388,0.21801424,0.06608501,0.42304182,126,0
1771685009804000,1771685009804000,1771685009804000,197388,0.21832776,0.07935035,0.43147972,126,0
1771685009936000,1771685009936000,1771685009872000,197388,0.22023751,0.06557943,0.42318985,126,0
1771685009940000,1771685009940000,1771685009940000,197388,0.2145054,0.057048246,0.4101736,126,0
1771685010072000,1771685010072000,1771685010008000,197388,0.22126386,0.06512927,0.42377982,126,0
1771685010076000,1771685010076000,1771685010076000,197388,0.22510526,0.055511888,0.4245631,126,0
1771685010208000,1771685010208000,1771685010144000,197388,0.22186261,0.06057085,0.419963,126,0
1771685010212000,1771685010212000,1771685010212000,197388,0.22254795,0.060903486,0.42305145,126,0
1771685010344000,1771685010344000,1771685010280000,197388,0.22359662,0.059724037,0.4203808,126,0
1771685010348000,1771685010348000,1771685010348000,197388,0.23267451,0.052482154,0.40860966,126,0
1771685010480000,1771685010480000,1771685010416000,197388,0.22500601,0.05921062,0.41992778,126,0
1771685010484000,1771685010484000,1771685010484000,197388,0.22210148,0.056842014,0.41674602,126,0
1771685010616000,1771685010616000,1771685010552000,197388,0.22449772,0.05969976,0.42078975,126,0
1771685010620000,1771685010620000,1771685010620000,197388,0.22638966,0.060691632,0.42140153,126,0
1771685010752000,1771685010752000,1771685010688000,197388,0.22433014,0.056832056,0.42086276,126,0
1771685010756000,1771685010756000,1771685010756000,197388,0.22847293,0.05971615,0.41598547,126,0
1771685010888000,1771685010888000,1771685010824000,197388,0.22548841,0.056095235,0.42152822,126,0
1771685010892000,1771685010892000,1771685010892000,197388,0.23624027,0.0526993,0.41699052,126,0
1771685011024000,1771685011024000,1771685010960000,197388,0.22354695,0.055779826,0.4220723,126,0
1771685011028000,1771685011028000,1771685011028000,197388,0.23114891,0.050059106,0.4247237,126,0
1771685011160000,1771685011160000,1771685011096000,197388,0.22574732,0.05632147,0.42137578,126,0
1771685011164000,1771685011164000,1771685011164000,197388,0.21874629,0.06222177,0.4291292,126,0
1771685011296000,1771685011296000,1771685011232000,197388,0.22468664,0.054997407,0.42285082,126,0
1771685011300000,1771685011300000,1771685011300000,197388,0.23078637,0.050326526,0.42202526,126,0
1771685011432000,1771685011432000,1771685011368000,197388,0.22489642,0.053990107,0.41969937,126,0
1771685011436000,1771685011436000,1771685011436000,197388,0.22020338,0.05761134,0.41456327,126,0
1771685011568000,1771685011568000,1771685011504000,197388,0.2217965,0.05527078,0.4217336,126,0
1771685011572000,1771685011572000,1771685011572000,197388,0.22632325,0.062602915,0.41816646,126,0
1771685011704000,1771685011704000,1771685011640000,197388,0.22387926,0.055863976,0.42134103,126,0
1771685011708000,1771685011708000,1771685011708000,197388,0.21912655,0.053272508,0.42071605,126,0
1771685011840000,1771685011840000,1771685011776000,197388,0.22336394,0.055315148,0.42243814,126,0
1771685011844000,1771685011844000,1771685011844000,197388,0.22198647,0.054042865,0.42675254,126,0
1771685011976000,1771685011976000,1771685011912000,197388,0.22206369,0.055139452,0.42332202,126,0
1771685011980000,1771685011980000,1771685011980000,197388,0.22450075,0.056661908,0.4293761,126,0
1771685012112000,1771685012112000,1771685012048000,197388,0.22364563,0.056330338,0.4212288,126,0
1771685012116000,1771685012116000,1771685012116000,197388,0.22335264,0.059525747,0.42791337,126,0
1771685012248000,1771685012248000,1771685012184000,197388,0.2213917,0.05684221,0.42263985,126,0
1771685012252000,1771685012252000,1771685012252000,197388,0.22655736,0.05033458,0.4211095,126,0
1771685012384000,1771685012384000,1771685012320000,197388,0.22186983,0.05776384,0.42133743,126,0
1771685012388000,1771685012388000,1771685012388000,197388,0.22608815,0.06203935,0.43320203,126,0
1771685012520000,1771685012520000,1771685012456000,197388,0.22123276,0.057321735,0.42285806,126,0
1771685012524000,1771685012524000,1771685012524000,197388,0.22223163,0.06065677,0.4270738,126,0
1771685012656000,1771685012656000,1771685012592000,197388,0.22143506,0.059194848,0.42246035,126,0
1771685012660000,1771685012660000,1771685012660000,197388,0.2226973,0.067970514,0.43009734,126,0
1771685012792000,1771685012792000,1771685012728000,197388,0.2198242,0.05997795,0.42149553,126,0
1771685012796000,1771685012796000,1771685012796000,197388,0.21894418,0.049301732,0.4193967,126,0
1771685012928000,1771685012928000,1771685012864000,197388,0.223859,0.05973797,0.42100424,126,0
1771685012932000,1771685012932000,1771685012932000,197388,0.22182533,0.057305187,0.42173076,126,0
1771685013064000,1771685013064000,1771685013000000,197388,0.22264467,0.061734837,0.42187437,126,0
1771685013068000,1771685013068000,1771685013068000,197388,0.2292421,0.06246812,0.42009798,126,0
1771685013200000,1771685013200000,1771685013136000,197388,0.2203622,0.06301101,0.42266142,126,0
1771685013204000,1771685013204000,1771685013204000,197388,0.21466444,0.063575655,0.4167705,126,0
1771685013336000,1771685013336000,1771685013272000,197388,0.220448,0.06377939,0.42281455,126,0
1771685013340000,1771685013340000,1771685013340000,197388,0.21864045,0.05276086,0.41789258,126,0
1771685013472000,1771685013472000,1771685013408000,197388,0.22248064,0.061759163,0.42051074,126,0
1771685013476000,1771685013476000,1771685013476000,197388,0.21137221,0.06285192,0.42252684,126,0
1771685013608000,1771685013608000,1771685013544000,197388,0.22210476,0.062765226,0.42252555,126,0
1771685013612000,1771685013612000,1771685013612000,197388,0.22649993,0.07055113,0.41982156,126,0
1771685013744000,1771685013744000,1771685013680000,197388,0.22016329,0.06215347,0.42273948,126,0
1771685013748000,1771685013748000,1771685013748000,197388,0.21037942,0.070427075,0.41808963,126,0
1771685013880000,1771685013880000,1771685013816000,197388,0.21951003,0.06294624,0.42259818,126,0
1771685013884000,1771685013884000,1771685013884000,197388,0.21160643,0.058519267,0.42247674,126,0
1771685014016000,1771685014016000,1771685013952000,197388,0.21867894,0.0609587,0.4241748,126,0
1771685014020000,1771685014020000,1771685014020000,197388,0.22929561,0.063879184,0.41763887,126,0
1771685014152000,1771685014152000,1771685014088000,197388,0.22075605,0.06155476,0.42276624,126,0
1771685014156000,1771685014156000,1771685014156000,197388,0.21739511,0.06560473,0.42959857,126,0
1771685014288000,1771685014288000,1771685014224000,197388,0.21922693,0.059503034,0.42480084,126,0
1771685014292000,1771685014292000,1771685014292000,197388,0.2113877,0.06621674,0.42164424,126,0
1771685014424000,1771685014424000,1771685014360000,197388,0.21935871,0.058133256,0.4222946,126,0
1771685014428000,1771685014428000,1771685014428000,197388,0.22121285,0.057577245,0.4062612,126,0
1771685014560000,1771685014560000,1771685014496000,197388,0.21935925,0.06021169,0.42423385,126,0
1771685014564000,1771685014564000,1771685014564000,197388,0.21893549,0.06170251,0.42287728,126,0
1771685014696000,1771685014696000,1771685014632000,197388,0.21878387,0.0594118,0.42334107,126,0
1771685014700000,1771685014700000,1771685014700000,197388,0.21098785,0.064107485,0.42301303,126,0
1771685014832000,1771685014832000,1771685014768000,197388,0.21897134,0.058936633,0.4253259,126,0
1771685014836000,1771685014836000,1771685014836000,197388,0.22341746,0.062425856,0.4278862,126,0
1771685014968000,1771685014968000,1771685014904000,197388,0.21952158,0.0571574,0.42540354,126,0
1771685014972000,1771685014972000,1771685014972000,197388,0.22332111,0.058513287,0.41672397,126,0
1771685015104000,1771685015104000,1771685015040000,197388,0.22033748,0.058787268,0.42615923,126,0
1771685015108000,1771685015108000,1771685015108000,197388,0.21701957,0.05385359,0.4296312,126,0
1771685015240000,1771685015240000,1771685015176000,197388,0.21827248,0.058705825,0.4261321,126,0
1771685015244000,1771685015244000,1771685015244000,197388,0.21829657,0.055491462,0.41482514,126,0
1771685015376000,1771685015376000,1771685015312000,197388,0.2190448,0.05759721,0.42561516,126,0
1771685015380000,1771685015380000,1771685015380000,197388,0.21876065,0.05320981,0.42388555,126,0
1771685015512000,1771685015512000,1771685015448000,197388,0.21863286,0.059083052,0.42562097,126,0
1771685015516000,1771685015516000,1771685015516000,197388,0.22332995,0.05288413,0.4250234,126,0
1771685015648000,1771685015648000,1771685015584000,197388,0.21696398,0.056018475,0.42564425,126,0
1771685015652000,1771685015652000,1771685015652000,197388,0.2226092,0.06858888,0.41917515,126,0
1771685015784000,1771685015784000,1771685015720000,197388,0.2187463,0.056902025,0.42282978,126,0
1771685015788000,1771685015788000,1771685015788000,197388,0.2171369,0.0533173,0.41736197,126,0
1771685015920000,1771685015920000,1771685015856000,197388,0.21812464,0.05659744,0.42383027,126,0
1771685015924000,1771685015924000,1771685015924000,197388,0.21602578,0.05907204,0.41710046,126,0
1771685016056000,1771685016056000,1771685015992000,197388,0.21640253,0.057747003,0.42517838,126,0
1771685016060000,1771685016060000,1771685016060000,197388,0.20809242,0.057485253,0.4275583,126,0
1771685016192000,1771685016192000,1771685016128000,197388,0.21768941,0.05701691,0.42614818,126,0
1771685016196000,1771685016196000,1771685016196000,197388,0.21860975,0.059043363,0.4225229,126,0
1771685016328000,1771685016328000,1771685016264000,197388,0.21840525,0.05693464,0.42363057,126,0
1771685016332000,1771685016332000,1771685016332000,197388,0.22121628,0.05560412,0.41919115,126,0
1771685016464000,1771685016464000,1771685016400000,197388,0.21917367,0.05665651,0.42458984,126,0
1771685016468000,1771685016468000,1771685016468000,197388,0.21908586,0.052521687,0.42808083,126,0
1771685016600000,1771685016600000,1771685016536000,197388,0.2179462,0.057150546,0.42506966,126,0
1771685016604000,1771685016604000,1771685016604000,197388,0.21372463,0.06212007,0.4332418,126,0
1771685016736000,1771685016736000,1771685016672000,197388,0.2181594,0.057884056,0.4254791,126,0
1771685016740000,1771685016740000,1771685016740000,197388,0.21272218,0.053507775,0.41991696,126,0
1771685016872000,1771685016872000,1771685016808000,197388,0.21883203,0.057372063,0.4232706,126,0
1771685016876000,1771685016876000,1771685016876000,197388,0.21998821,0.06490297,0.4304845,126,0
1771685017008000,1771685017008000,1771685016944000,197388,0.2193324,0.05769245,0.42558286,126,0
1771685017012000,1771685017012000,1771685017012000,197388,0.2207703,0.04956449,0.42247015,126,0
1771685017144000,1771685017144000,1771685017080000,197388,0.21988222,0.05798759,0.42192048,126,0
1771685017148000,1771685017148000,1771685017148000,197388,0.21309589,0.057800047,0.41150743,126,0
1771685017280000,1771685017280000,1771685017216000,197388,0.21981354,0.058006413,0.42368224,126,0
1771685017284000,1771685017284000,1771685017284000,197388,0.21993183,0.0485189,0.4261853,126,0
1771685017416000,1771685017416000,1771685017352000,197388,0.21990336,0.057560068,0.42405048,126,0
1771685017420000,1771685017420000,1771685017420000,197388,0.22192581,0.06782913,0.42739207,126,0
1771685017552000,1771685017552000,1771685017488000,197388,0.22132017,0.05842211,0.4213046,126,0
1771685017556000,1771685017556000,1771685017556000,197388,0.22061309,0.059468843,0.4174371,126,0
1771685017688000,1771685017688000,1771685017624000,197388,0.22134514,0.05826035,0.42293572,126,0
1771685017692000,1771685017692000,1771685017692000,197388,0.22680129,0.05565578,0.42294,126,0
1771685017824000,1771685017824000,1771685017760000,197388,0.22268009,0.0584045,0.42300537,126,0
1771685017828000,1771685017828000,1771685017828000,197388,0.21929023,0.06382335,0.4177104,126,0
1771685017960000,1771685017960000,1771685017896000,197388,0.22120236,0.057939645,0.42341843,126,0
1771685017964000,1771685017964000,1771685017964000,197388,0.21989875,0.0476582,0.41895536,126,0
1771685018096000,1771685018096000,1771685018032000,197388,0.22135633,0.056975473,0.42113164,126,0
1771685018100000,1771685018100000,1771685018100000,197388,0.22193709,0.054904524,0.4273137,126,0
1771685018232000,1771685018232000,1771685018168000,197388,0.22082205,0.059066866,0.42235985,126,0
1771685018236000,1771685018236000,1771685018236000,197388,0.21589838,0.062700875,0.4159714,126,0
1771685018368000,1771685018368000,1771685018304000,197388,0.2222268,0.058898244,0.42200327,126,0
1771685018372000,1771685018372000,1771685018372000,197388,0.22163524,0.054499164,0.42862266,126,0
1771685018504000,1771685018504000,1771685018440000,197388,0.22061302,0.057569474,0.42298245,126,0
1771685018508000,1771685018508000,1771685018508000,197388,0.22467731,0.06799948,0.42486495,126,0
1771685018640000,1771685018640000,1771685018576000,197388,0.2209856,0.05988366,0.4208506,126,0
1771685018644000,1771685018644000,1771685018644000,197388,0.2162688,0.054091197,0.4186191,126,0
1771685018776000,1771685018776000,1771685018712000,197388,0.22188683,0.05990476,0.42153373,126,0
1771685018780000,1771685018780000,1771685018780000,197388,0.22922102,0.05687153,0.4268177,126,0
1771685018912000,1771685018912000,1771685018848000,197388,0.22123359,0.06008294,0.42321458,126,0
1771685018916000,1771685018916000,1771685018916000,197388,0.22373617,0.05918156,0.42143926,126,0
1771685019048000,1771685019048000,1771685018984000,197388,0.22134039,0.060022585,0.42298567,126,0
1771685019052000,1771685019052000,1771685019052000,197388,0.23296462,0.0597727,0.4243442,126,0
1771685019184000,1771685019184000,1771685019120000,197388,0.22144718,0.062476657,0.4232998,126,0
1771685019188000,1771685019188000,1771685019188000,197388,0.22135563,0.056556646,0.4249599,126,0
1771685019320000,1771685019320000,1771685019256000,197388,0.22098076,0.06139972,0.4223204,126,0
1771685019324000,1771685019324000,1771685019324000,197388,0.20986792,0.05800245,0.42586696,126,0
1771685019456000,1771685019456000,1771685019392000,197388,0.22264546,0.062271114,0.4228707,126,0
1771685019460000,1771685019460000,1771685019460000,197388,0.22415459,0.06362532,0.42726028,126,0
1771685019592000,1771685019592000,1771685019528000,197388,0.22144097,0.06075501,0.42047048,126,0
1771685019596000,1771685019596000,1771685019596000,197388,0.22475298,0.061480958,0.4247111,126,0
1771685019728000,1771685019728000,1771685019664000,197388,0.2206916,0.061881904,0.4211076,126,0
1771685019732000,1771685019732000,1771685019732000,197388,0.22930443,0.060129043,0.41980943,126,0
1771685019864000,1771685019864000,1771685019800000,197388,0.22237332,0.062371176,0.4220535,126,0
1771685019868000,1771685019868000,1771685019868000,197388,0.21691564,0.06684188,0.42946342,126,0
1771685020000000,1771685020000000,1771685019936000,197388,0.22194418,0.06253004,0.42249843,126,0
1771685020004000,1771685020004000,1771685020004000,197388,0.21964623,0.06692387,0.41881755,126,0
1771685020136000,1771685020136000,1771685020072000,197388,0.22069763,0.059956156,0.4228775,126,0
1771685020140000,1771685020140000,1771685020140000,197388,0.22064836,0.074829504,0.42915687,126,0
1771685020272000,1771685020272000,1771685020208000,197388,0.2203972,0.06097116,0.42241564,126,0
1771685020276000,1771685020276000,1771685020276000,197388,0.21518849,0.057607617,0.42396137,126,0
1771685020408000,1771685020408000,1771685020344000,197388,0.22256312,0.059560623,0.4224905,126,0
1771685020412000,1771685020412000,1771685020412000,197388,0.22567494,0.057013012,0.42014903,126,0
1771685020544000,1771685020544000,1771685020480000,197388,0.22289988,0.06157451,0.42223692,126,0
1771685020548000,1771685020548000,1771685020548000,197388,0.22488862,0.06318457,0.41713881,126,0
1771685020680000,1771685020680000,1771685020616000,197388,0.22219856,0.05970682,0.4222961,126,0
1771685020684000,1771685020684000,1771685020684000,197388,0.22383043,0.05589165,0.42283407,126,0
1771685020816000,1771685020816000,1771685020752000,197388,0.22199385,0.05990115,0.42234275,126,0
1771685020820000,1771685020820000,1771685020820000,197388,0.21377854,0.060074337,0.42254844,126,0
1771685020952000,1771685020952000,1771685020888000,197388,0.22009382,0.060728587,0.42239165,126,0
1771685020956000,1771685020956000,1771685020956000,197388,0.23665841,0.059150107,0.42988747,126,0
1771685021088000,1771685021088000,1771685021024000,197388,0.22070788,0.06033403,0.42084402,126,0
1771685021092000,1771685021092000,1771685021092000,197388,0.2195133,0.06331544,0.42103907,126,0
1771685021224000,1771685021224000,1771685021160000,197388,0.22256126,0.061103866,0.42269304,126,0
1771685021228000,1771685021228000,1771685021228000,197388,0.22442971,0.0588987,0.42100036,126,0
1771685021360000,1771685021360000,1771685021296000,197388,0.22062021,0.06289322,0.42259568,126,0
1771685021364000,1771685021364000,1771685021364000,197388,0.22255236,0.060736697,0.42361674,126,0
1771685021496000,1771685021496000,1771685021432000,197388,0.22082275,0.061483618,0.42148712,126,0
1771685021500000,1771685021500000,1771685021500000,197388,0.22917354,0.06260739,0.42043105,126,0
1771685021632000,1771685021632000,1771685021568000,197388,0.22102188,0.062472727,0.4229555,126,0
1771685021636000,1771685021636000,1771685021636000,197388,0.21807688,0.0592128,0.43175915,126,0
1771685021768000,1771685021768000,1771685021704000,197388,0.2217878,0.06276482,0.42211774,126,0
1771685021772000,1771685021772000,1771685021772000,197388,0.22036527,0.06886159,0.41826332,126,0
1771685021904000,1771685021904000,1771685021840000,197388,0.22160494,0.0632709,0.42142487,126,0
1771685021908000,1771685021908000,1771685021908000,197388,0.21602322,0.06512154,0.42470914,126,0
1771685022040000,1771685022040000,1771685021976000,197388,0.22099786,0.06250484,0.4216286,126,0
1771685022044000,1771685022044000,1771685022044000,197388,0.2199216,0.06163371,0.41773653,126,0
1771685022176000,1771685022176000,1771685022112000,197388,0.2223763,0.06572851,0.42288306,126,0
1771685022180000,1771685022180000,1771685022180000,197388,0.21923028,0.05619041,0.42825493,126,0
1771685022312000,1771685022312000,1771685022248000,197388,0.22300966,0.061994635,0.42282432,126,0
1771685022316000,1771685022316000,1771685022316000,197388,0.22477664,0.060826693,0.42621118,126,0
1771685022448000,1771685022448000,1771685022384000,197388,0.22249977,0.0630177,0.42166337,126,0
1771685022452000,1771685022452000,1771685022452000,197388,0.22170784,0.05332872,0.42040297,126,0
1771685022584000,1771685022584000,1771685022520000,197388,0.22293153,0.06315159,0.42218474,126,0
1771685022588000,1771685022588000,1771685022588000,197388,0.21722005,0.064250946,0.42508224,126,0
1771685022720000,1771685022720000,1771685022656000,197388,0.22251044,0.06145335,0.42016104,126,0
1771685022724000,1771685022724000,1771685022724000,197388,0.22196124,0.0630665,0.4086106,126,0
1771685022856000,1771685022856000,1771685022792000,197388,0.2223899,0.06152579,0.42270535,126,0
1771685022860000,1771685022860000,1771685022860000,197388,0.21911734,0.06448874,0.4176097,126,0
1771685022992000,1771685022992000,1771685022928000,197388,0.22201447,0.061040524,0.42341736,126,0
1771685022996000,1771685022996000,1771685022996000,197388,0.22405393,0.06521971,0.42588142,126,0
1771685023128000,1771685023128000,1771685023064000,197388,0.22101796,0.0614142,0.4232855,126,0
1771685023132000,1771685023132000,1771685023132000,197388,0.22203207,0.064703465,0.42345652,126,0
1771685023264000,1771685023264000,1771685023200000,197388,0.2133475,0.06018616,0.4262638,126,0
1771685023268000,1771685023268000,1771685023268000,197388,0.19906127,0.06394779,0.43022403,126,0
1771685023400000,1771685023400000,1771685023336000,197388,0.19620205,0.0592528,0.43303108,126,0
1771685023404000,1771685023404000,1771685023404000,197388,0.18271834,0.060646866,0.4384466,126,0
1771685023536000,1771685023536000,1771685023472000,197388,0.17194124,0.056376092,0.4451397,126,0
1771685023540000,1771685023540000,1771685023540000,197388,0.16141611,0.054963864,0.44415224,126,0
1771685023672000,1771685023672000,1771685023608000,197388,0.15328102,0.057628494,0.45279315,126,0
1771685023676000,1771685023676000,1771685023676000,197388,0.14045984,0.05617426,0.45158884,126,0
1771685023808000,1771685023808000,1771685023744000,197388,0.14156972,0.056782167,0.45580938,126,0
1771685023812000,1771685023812000,1771685023812000,197388,0.14114885,0.05757247,0.45367047,126,0
1771685023944000,1771685023944000,1771685023880000,197388,0.1360814,0.058733016,0.45521578,126,0
1771685023948000,1771685023948000,1771685023948000,197388,0.12798233,0.059663914,0.4558801,126,0
1771685024080000,1771685024080000,1771685024016000,197388,0.13193846,0.059167285,0.45814025,126,0
1771685024084000,1771685024084000,1771685024084000,197388,0.12077291,0.057477802,0.45976433,126,0
1771685024216000,1771685024216000,1771685024152000,197388,0.13151467,0.058775425,0.45885247,126,0
1771685024220000,1771685024220000,1771685024220000,197388,0.12704913,0.057560552,0.46044442,126,0
1771685024352000,1771685024352000,1771685024288000,197388,0.13094874,0.06045371,0.45703965,126,0
1771685024356000,1771685024356000,1771685024356000,197388,0.13307868,0.059684176,0.460305,126,0
1771685024488000,1771685024488000,1771685024424000,197388,0.12817134,0.060019635,0.45868376,126,0
1771685024492000,1771685024492000,1771685024492000,197388,0.13334379,0.0637323,0.46245685,126,0
1771685024624000,1771685024624000,1771685024560000,197388,0.12971221,0.060451683,0.4593102,126,0
1771685024628000,1771685024628000,1771685024628000,197388,0.12840202,0.0596831,0.46568334,126,0
1771685024760000,1771685024760000,1771685024696000,197388,0.13129169,0.0608833,0.45746708,126,0
1771685024764000,1771685024764000,1771685024764000,197388,0.13261238,0.05334245,0.45478913,126,0
1771685024896000,1771685024896000,1771685024832000,197388,0.13401072,0.062098738,0.4577671,126,0
1771685024900000,1771685024900000,1771685024900000,197388,0.13611928,0.064559,0.46627724,126,0
1771685025032000,1771685025032000,1771685024968000,197388,0.13636613,0.061156332,0.4563623,126,0
1771685025036000,1771685025036000,1771685025036000,197388,0.14213794,0.062492758,0.45632458,126,0
1771685025168000,1771685025168000,1771685025104000,197388,0.14100249,0.061846893,0.4559368,126,0
1771685025172000,1771685025172000,1771685025172000,197388,0.14563878,0.07055624,0.4521797,126,0
1771685025304000,1771685025304000,1771685025240000,197388,0.14445971,0.06243287,0.45345348,126,0
1771685025308000,1771685025308000,1771685025308000,197388,0.1410509,0.05864188,0.44966194,126,0
1771685025440000,1771685025440000,1771685025376000,197388,0.14917348,0.062923245,0.45150217,126,0
1771685025444000,1771685025444000,1771685025444000,197388,0.15541872,0.055502918,0.4593313,126,0
1771685025576000,1771685025576000,1771685025512000,197388,0.15272738,0.061479498,0.45158643,126,0
1771685025580000,1771685025580000,1771685025580000,197388,0.15832226,0.05082892,0.45269263,126,0
1771685025712000,1771685025712000,1771685025648000,197388,0.16018994,0.061018318,0.44923285,126,0
1771685025716000,1771685025716000,1771685025716000,197388,0.15267766,0.05850959,0.44668737,126,0
1771685025848000,1771685025848000,1771685025784000,197388,0.1642838,0.057030268,0.44848797,126,0
1771685025852000,1771685025852000,1771685025852000,197388,0.1614407,0.059371687,0.44597936,126,0
1771685025984000,1771685025984000,1771685025920000,197388,0.17242357,0.055554632,0.4457321,126,0
1771685025988000,1771685025988000,1771685025988000,197388,0.17759582,0.055991877,0.43997833,126,0
1771685026120000,1771685026120000,1771685026056000,197388,0.17593189,0.054483067,0.44450068,126,0
1771685026124000,1771685026124000,1771685026124000,197388,0.18485802,0.06187243,0.44375876,126,0
1771685026256000,1771685026256000,1771685026192000,197388,0.1791135,0.057154957,0.44203502,126,0
1771685026260000,1771685026260000,1771685026260000,197388,0.18142016,0.057222873,0.44538185,126,0
1771685026392000,1771685026392000,1771685026328000,197388,0.17138866,0.06297326,0.44369218,126,0
1771685026396000,1771685026396000,1771685026396000,197388,0.15919119,0.058978327,0.44794422,126,0
1771685026528000,1771685026528000,1771685026464000,197388,0.15338483,0.06344991,0.45092493,126,0
1771685026532000,1771685026532000,1771685026532000,197388,0.13356555,0.0556981,0.46173972,126,0
1771685026664000,1771685026664000,1771685026600000,197388,0.13351005,0.058586508,0.4565994,126,0
1771685026668000,1771685026668000,1771685026668000,197388,0.1329816,0.055260327,0.46030053,126,0
1771685026800000,1771685026800000,1771685026736000,197388,0.12984098,0.053801052,0.45886132,126,0
1771685026804000,1771685026804000,1771685026804000,197388,0.1310161,0.05265778,0.4703466,126,0
1771685026936000,1771685026936000,1771685026872000,197388,0.14035453,0.04965633,0.45785326,126,0
1771685026940000,1771685026940000,1771685026940000,197388,0.14130414,0.048082653,0.446485,126,0
1771685027072000,1771685027072000,1771685027008000,197388,0.15264772,0.054527316,0.4519867,126,0
1771685027076000,1771685027076000,1771685027076000,197388,0.15649357,0.052677274,0.4519158,126,0
1771685027208000,1771685027208000,1771685027144000,197388,0.1581213,0.06736021,0.4493311,126,0
1771685027212000,1771685027212000,1771685027212000,197388,0.16207458,0.06644987,0.44500875,126,0
1771685027344000,1771685027344000,1771685027280000,197388,0.16297658,0.08127915,0.44528702,126,0
1771685027348000,1771685027348000,1771685027348000,197388,0.16730407,0.08748328,0.4457882,126,0
1771685027480000,1771685027480000,1771685027416000,197388,0.1684274,0.09680789,0.44035485,126,0
1771685027484000,1771685027484000,1771685027484000,197388,0.17857866,0.101039685,0.4434536,126,0
1771685027616000,1771685027616000,1771685027552000,197388,0.18652211,0.11148817,0.42736056,126,0
1771685027620000,1771685027620000,1771685027620000,197388,0.1931085,0.115716755,0.4192006,126,0
1771685027752000,1771685027752000,1771685027688000,197388,0.21099505,0.10898317,0.41670206,126,0
1771685027756000,1771685027756000,1771685027756000,197388,0.22589684,0.11412821,0.40691215,126,0
1771685027888000,1771685027888000,1771685027824000,197388,0.23481956,0.097669266,0.40599442,126,0
1771685027892000,1771685027892000,1771685027892000,197388,0.24664992,0.0834002,0.4016801,126,0
1771685028024000,1771685028024000,1771685027960000,197388,0.25309527,0.07429157,0.4008894,126,0
1771685028028000,1771685028028000,1771685028028000,197388,0.255072,0.0637108,0.3975308,126,0
1771685028160000,1771685028160000,1771685028096000,197388,0.26475096,0.04374179,0.39809656,126,0
1771685028164000,1771685028164000,1771685028164000,197388,0.27513298,0.032061923,0.39861774,126,0
1771685028296000,1771685028296000,1771685028232000,197388,0.27209687,0.00993403,0.39634332,126,0
1771685028300000,1771685028300000,1771685028300000,197388,0.2691075,-0.013372184,0.4069561,126,0
1771685028432000,1771685028432000,1771685028368000,197388,0.2720661,-0.023334915,0.39486897,126,0
1771685028436000,1771685028436000,1771685028436000,197388,0.27781156,-0.039626416,0.39749864,126,0
1771685028568000,1771685028568000,1771685028504000,197388,0.26597255,-0.06164913,0.3955461,126,0
1771685028572000,1771685028572000,1771685028572000,197388,0.25868303,-0.0768662,0.39338964,126,0
1771685028704000,1771685028704000,1771685028640000,197388,0.25291908,-0.09925469,0.395851,126,0
1771685028708000,1771685028708000,1771685028708000,197388,0.23532963,-0.1168083,0.4018922,126,0
1771685028840000,1771685028840000,1771685028776000,197388,0.23237352,-0.13648827,0.4000087,126,0
1771685028844000,1771685028844000,1771685028844000,197388,0.21480945,-0.16911447,0.40236437,126,0
1771685028976000,1771685028976000,1771685028912000,197388,0.20438905,-0.17182112,0.39807653,126,0
1771685028980000,1771685028980000,1771685028980000,197388,0.18505996,-0.18810214,0.40631637,126,0
1771685029112000,1771685029112000,1771685029048000,197388,0.17295136,-0.19960397,0.40279222,126,0
1771685029116000,1771685029116000,1771685029116000,197388,0.1536431,-0.21556854,0.40300488,126,0
1771685029248000,1771685029248000,1771685029184000,197388,0.13654491,-0.21901259,0.40841198,126,0
1771685029252000,1771685029252000,1771685029252000,197388,0.11194614,-0.22726771,0.4142051,126,0
1771685029384000,1771685029384000,1771685029320000,197388,0.098604426,-0.22955771,0.41089916,126,0
1771685029388000,1771685029388000,1771685029388000,197388,0.0819259,-0.22778933,0.41754013,126,0
1771685029520000,1771685029520000,1771685029456000,197388,0.06497347,-0.23419043,0.415295,126,0
1771685029524000,1771685029524000,1771685029524000,197388,0.056527372,-0.24406339,0.41346473,126,0
1771685029656000,1771685029656000,1771685029592000,197388,0.040937185,-0.23158485,0.4190111,126,0
1771685029660000,1771685029660000,1771685029660000,197388,0.027590092,-0.23090406,0.4199188,126,0
1771685029792000,1771685029792000,1771685029728000,197388,0.022639697,-0.22933526,0.42021373,126,0
1771685029796000,1771685029796000,1771685029796000,197388,0.015663726,-0.21745789,0.4262924,126,0
1771685029928000,1771685029928000,1771685029864000,197388,0.010176314,-0.22375777,0.4242734,126,0
1771685029932000,1771685029932000,1771685029932000,197388,-0.00048602227,-0.21329206,0.42975977,126,0
1771685030064000,1771685030064000,1771685030000000,197388,-2.2646153e-05,-0.21674483,0.42679626,126,0
1771685030068000,1771685030068000,1771685030068000,197388,0.00073615904,-0.21168585,0.42782182,126,0
1771685030200000,1771685030200000,1771685030136000,197388,-0.008861058,-0.21067443,0.430783,126,0
1771685030204000,1771685030204000,1771685030204000,197388,-0.006866242,-0.19723108,0.42821786,126,0
1771685030336000,1771685030336000,1771685030272000,197388,-0.014393178,-0.20557313,0.43588224,126,0
1771685030340000,1771685030340000,1771685030340000,197388,-0.0037677581,-0.20016743,0.43888238,126,0
1771685030472000,1771685030472000,1771685030408000,197388,-0.01786603,-0.20162606,0.4360262,126,0
1771685030476000,1771685030476000,1771685030476000,197388,-0.02217613,-0.19634148,0.44861984,126,0
1771685030608000,1771685030608000,1771685030544000,197388,-0.018684044,-0.1970805,0.43741024,126,0
1771685030612000,1771685030612000,1771685030612000,197388,-0.01758112,-0.19294843,0.4431067,126,0
1771685030744000,1771685030744000,1771685030680000,197388,-0.018130863,-0.19419251,0.4396332,126,0
1771685030748000,1771685030748000,1771685030748000,197388,-0.0069476673,-0.19291718,0.44126973,126,0
1771685030880000,1771685030880000,1771685030816000,197388,-0.014665233,-0.19231665,0.4396769,126,0
1771685030884000,1771685030884000,1771685030884000,197388,-0.018010365,-0.18796141,0.45102775,126,0
1771685031016000,1771685031016000,1771685030952000,197388,-0.011630227,-0.19218506,0.4406099,126,0
1771685031020000,1771685031020000,1771685031020000,197388,-0.00268486,-0.18570967,0.43953466,126,0
1771685031152000,1771685031152000,1771685031088000,197388,-0.0061607338,-0.19111727,0.44164434,126,0
1771685031156000,1771685031156000,1771685031156000,197388,-0.008967556,-0.19356953,0.44119063,126,0
1771685031288000,1771685031288000,1771685031224000,197388,-0.002620098,-0.18943466,0.4429404,126,0
1771685031292000,1771685031292000,1771685031292000,197388,-0.0017975343,-0.19082515,0.43572834,126,0
1771685031424000,1771685031424000,1771685031360000,197388,0.0006112244,-0.19051932,0.43940315,126,0
1771685031428000,1771685031428000,1771685031428000,197388,0.005740461,-0.18907683,0.44287023,126,0
1771685031560000,1771685031560000,1771685031496000,197388,0.006864184,-0.19084077,0.44022983,126,0
1771685031564000,1771685031564000,1771685031564000,197388,0.007946497,-0.18434966,0.44122937,126,0
1771685031696000,1771685031696000,1771685031632000,197388,0.008595008,-0.19478238,0.43842646,126,0
1771685031700000,1771685031700000,1771685031700000,197388,0.005249,-0.1992618,0.43861738,126,0
1771685031832000,1771685031832000,1771685031768000,197388,0.012202404,-0.1980929,0.43844423,126,0
1771685031836000,1771685031836000,1771685031836000,197388,0.004828794,-0.20234224,0.4322932,126,0
1771685031968000,1771685031968000,1771685031904000,197388,0.012243575,-0.20065828,0.43493566,126,0
1771685031972000,1771685031972000,1771685031972000,197388,0.010176642,-0.20709334,0.43209514,126,0
1771685032104000,1771685032104000,1771685032040000,197388,0.014998027,-0.20458867,0.43577424,126,0
1771685032108000,1771685032108000,1771685032108000,197388,0.009506118,-0.21210906,0.43648443,126,0
1771685032240000,1771685032240000,1771685032176000,197388,0.015082159,-0.20903663,0.4336761,126,0
1771685032244000,1771685032244000,1771685032244000,197388,0.013446879,-0.21660164,0.43200427,126,0
1771685032376000,1771685032376000,1771685032312000,197388,0.0120647205,-0.21165936,0.43123174,126,0
1771685032380000,1771685032380000,1771685032380000,197388,0.023167178,-0.21236013,0.43250152,126,0
1771685032512000,1771685032512000,1771685032448000,197388,0.010856358,-0.21519655,0.4312283,126,0
1771685032516000,1771685032516000,1771685032516000,197388,0.0058648656,-0.2218086,0.42941752,126,0
1771685032648000,1771685032648000,1771685032584000,197388,0.012043311,-0.21488205,0.4294675,126,0
1771685032652000,1771685032652000,1771685032652000,197388,0.012786689,-0.21428238,0.4293295,126,0
1771685032784000,1771685032784000,1771685032720000,197388,0.010433589,-0.21831511,0.42938212,126,0
1771685032788000,1771685032788000,1771685032788000,197388,0.017618794,-0.22495921,0.42863882,126,0
1771685032920000,1771685032920000,1771685032856000,197388,0.0088747535,-0.21982199,0.4271696,126,0
1771685032924000,1771685032924000,1771685032924000,197388,0.015763842,-0.21494853,0.42292187,126,0
1771685033056000,1771685033056000,1771685032992000,197388,0.009698974,-0.220479,0.42652562,126,0
1771685033060000,1771685033060000,1771685033060000,197388,0.0134610385,-0.21666814,0.42060038,126,0
1771685033192000,1771685033192000,1771685033128000,197388,0.008728304,-0.22325331,0.42775813,126,0
1771685033196000,1771685033196000,1771685033196000,197388,0.0103225345,-0.22636385,0.42565584,126,0
1771685033328000,1771685033328000,1771685033264000,197388,0.008524838,-0.22271053,0.4258549,126,0
1771685033332000,1771685033332000,1771685033332000,197388,0.014009887,-0.21010971,0.42237008,126,0
1771685033464000,1771685033464000,1771685033400000,197388,0.010356477,-0.22257225,0.42595792,126,0
1771685033468000,1771685033468000,1771685033468000,197388,0.011556137,-0.21541585,0.42511997,126,0
1771685033600000,1771685033600000,1771685033536000,197388,0.009794016,-0.22200875,0.42553186,126,0
1771685033604000,1771685033604000,1771685033604000,197388,0.0146782,-0.22591296,0.41940933,126,0
1771685033736000,1771685033736000,1771685033672000,197388,0.009278093,-0.2233129,0.4254582,126,0
1771685033740000,1771685033740000,1771685033740000,197388,0.0025899068,-0.22220464,0.4223709,126,0
1771685033872000,1771685033872000,1771685033808000,197388,0.006557228,-0.22304493,0.42543814,126,0
1771685033876000,1771685033876000,1771685033876000,197388,0.007474613,-0.22471161,0.42637345,126,0
1771685034008000,1771685034008000,1771685033944000,197388,0.008209567,-0.22164501,0.42662188,126,0
1771685034012000,1771685034012000,1771685034012000,197388,0.009584747,-0.21660773,0.42534268,126,0
1771685034144000,1771685034144000,1771685034080000,197388,0.008004066,-0.22121021,0.42687818,126,0
1771685034148000,1771685034148000,1771685034148000,197388,0.003849083,-0.21932617,0.42446965,126,0
1771685034280000,1771685034280000,1771685034216000,197388,0.006838841,-0.22037849,0.42720556,126,0
1771685034284000,1771685034284000,1771685034284000,197388,0.004129085,-0.22141457,0.43051097,126,0
1771685034416000,1771685034416000,1771685034352000,197388,0.0061118365,-0.21776427,0.42734477,126,0
1771685034420000,1771685034420000,1771685034420000,197388,0.014317797,-0.21999337,0.4330048,126,0
1771685034552000,1771685034552000,1771685034488000,197388,0.0062922374,-0.2175544,0.4287662,126,0
1771685034556000,1771685034556000,1771685034556000,197388,0.00635536,-0.21410468,0.43038505,126,0
1771685034688000,1771685034688000,1771685034624000,197388,0.0052544707,-0.21690667,0.42887118,126,0
1771685034692000,1771685034692000,1771685034692000,197388,0.0038093997,-0.21703348,0.43242666,126,0
1771685034824000,1771685034824000,1771685034760000,197388,0.004275166,-0.21527854,0.43094844,126,0
1771685034828000,1771685034828000,1771685034828000,197388,0.004430004,-0.21595553,0.4311942,126,0
1771685034960000,1771685034960000,1771685034896000,197388,0.0047347913,-0.21633956,0.43120962,126,0
1771685034964000,1771685034964000,1771685034964000,197388,0.0029216048,-0.22337809,0.42390287,126,0
1771685035096000,1771685035096000,1771685035032000,197388,0.0040654996,-0.21416637,0.42960718,126,0
1771685035100000,1771685035100000,1771685035100000,197388,-0.0013209666,-0.21969526,0.43085948,126,0
1771685035232000,1771685035232000,1771685035168000,197388,0.0039481143,-0.21376632,0.43249786,126,0
1771685035236000,1771685035236000,1771685035236000,197388,0.008683355,-0.21372934,0.4334804,126,0
1771685035368000,1771685035368000,1771685035304000,197388,0.0044695153,-0.21351583,0.4309048,126,0
1771685035372000,1771685035372000,1771685035372000,197388,0.018780027,-0.21642882,0.43362647,126,0
1771685035504000,1771685035504000,1771685035440000,197388,0.004104907,-0.21254998,0.43103397,126,0
1771685035508000,1771685035508000,1771685035508000,197388,0.0015699601,-0.20472476,0.44811034,126,0
1771685035640000,1771685035640000,1771685035576000,197388,0.006245161,-0.21196245,0.43176982,126,0
1771685035644000,1771685035644000,1771685035644000,197388,0.0047644875,-0.21117377,0.43290532,126,0
1771685035776000,1771685035776000,1771685035712000,197388,0.0032957024,-0.21162929,0.43263677,126,0
1771685035780000,1771685035780000,1771685035780000,197388,0.0064146933,-0.21822742,0.43267974,126,0
1771685035912000,1771685035912000,1771685035848000,197388,0.0045495424,-0.2117059,0.43216157,126,0
1771685035916000,1771685035916000,1771685035916000,197388,0.0069435765,-0.20737419,0.42884836,126,0
1771685036048000,1771685036048000,1771685035984000,197388,0.006491784,-0.21166976,0.43229723,126,0
1771685036052000,1771685036052000,1771685036052000,197388,0.0063910666,-0.2169558,0.4339234,126,0
1771685036184000,1771685036184000,1771685036120000,197388,0.0047740554,-0.2110088,0.43272904,126,0
1771685036188000,1771685036188000,1771685036188000,197388,0.002361444,-0.20356168,0.43702558,126,0
1771685036320000,1771685036320000,1771685036256000,197388,0.006195876,-0.21334879,0.4303203,126,0
1771685036324000,1771685036324000,1771685036324000,197388,0.005879465,-0.21322957,0.43574324,126,0
1771685036456000,1771685036456000,1771685036392000,197388,0.0055089486,-0.21352455,0.43238088,126,0
1771685036460000,1771685036460000,1771685036460000,197388,0.010721364,-0.21207368,0.42860356,126,0
1771685036592000,1771685036592000,1771685036528000,197388,0.0071174367,-0.21128114,0.4302531,126,0
1771685036596000,1771685036596000,1771685036596000,197388,0.014278086,-0.2179564,0.4371259,126,0
1771685036728000,1771685036728000,1771685036664000,197388,0.006891064,-0.21412112,0.43191388,126,0
1771685036732000,1771685036732000,1771685036732000,197388,0.019557744,-0.20309094,0.42402586,126,0
1771685036864000,1771685036864000,1771685036800000,197388,0.008024212,-0.21328011,0.43239677,126,0
1771685036868000,1771685036868000,1771685036868000,197388,0.021694627,-0.21299927,0.4372037,126,0
1771685037000000,1771685037000000,1771685036936000,197388,0.0077141817,-0.2136191,0.43012485,126,0
1771685037004000,1771685037004000,1771685037004000,197388,0.0075595398,-0.21164784,0.4288279,126,0
1771685037136000,1771685037136000,1771685037072000,197388,0.00819526,-0.21578293,0.43023795,126,0
1771685037140000,1771685037140000,1771685037140000,197388,0.004185778,-0.22119099,0.4408136,126,0
1771685037272000,1771685037272000,1771685037208000,197388,0.008634793,-0.21570227,0.4299341,126,0
1771685037276000,1771685037276000,1771685037276000,197388,0.010057806,-0.21214977,0.42934653,126,0
1771685037408000,1771685037408000,1771685037344000,197388,0.007328614,-0.21753599,0.4295489,126,0
1771685037412000,1771685037412000,1771685037412000,197388,0.008713123,-0.20785514,0.42660552,126,0
1771685037544000,1771685037544000,1771685037480000,197388,0.0070308372,-0.21522002,0.42972228,126,0
1771685037548000,1771685037548000,1771685037548000,197388,0.006134759,-0.21700883,0.42544734,126,0
1771685037680000,1771685037680000,1771685037616000,197388,0.005804996,-0.21495292,0.4300763,126,0
1771685037684000,1771685037684000,1771685037684000,197388,0.006184256,-0.21171138,0.42480195,126,0
1771685037816000,1771685037816000,1771685037752000,197388,0.00676224,-0.21462128,0.42947203,126,0
1771685037820000,1771685037820000,1771685037820000,197388,0.010221731,-0.21297005,0.43333843,126,0
1771685037952000,1771685037952000,1771685037888000,197388,0.0043217205,-0.21524626,0.43085203,126,0
1771685037956000,1771685037956000,1771685037956000,197388,0.0013802653,-0.21333906,0.432932,126,0
1771685038088000,1771685038088000,1771685038024000,197388,0.00506987,-0.21452469,0.4282846,126,0
1771685038092000,1771685038092000,1771685038092000,197388,0.01140507,-0.21319874,0.42504707,126,0
1771685038224000,1771685038224000,1771685038160000,197388,0.0035235381,-0.21452951,0.4301289,126,0
1771685038228000,1771685038228000,1771685038228000,197388,-0.008871914,-0.21548335,0.4323472,126,0
1771685038360000,1771685038360000,1771685038296000,197388,0.0017574923,-0.21478513,0.43036336,126,0
1771685038364000,1771685038364000,1771685038364000,197388,-0.004589304,-0.21042477,0.42775416,126,0
1771685038496000,1771685038496000,1771685038432000,197388,0.0022552225,-0.21474291,0.4288399,126,0
1771685038500000,1771685038500000,1771685038500000,197388,0.0077651828,-0.21761245,0.42849448,126,0
1771685038632000,1771685038632000,1771685038568000,197388,0.0014170201,-0.21414302,0.43034482,126,0
1771685038636000,1771685038636000,1771685038636000,197388,0.010299946,-0.21235909,0.42791322,126,0
1771685038768000,1771685038768000,1771685038704000,197388,0.0014452598,-0.21451531,0.42955863,126,0
1771685038772000,1771685038772000,1771685038772000,197388,0.002094086,-0.20920545,0.42925644,126,0
1771685038904000,1771685038904000,1771685038840000,197388,0.0023837779,-0.2160472,0.42979148,126,0
1771685038908000,1771685038908000,1771685038908000,197388,0.00059642165,-0.21363802,0.4311013,126,0
1771685039040000,1771685039040000,1771685038976000,197388,0.00381711,-0.21347544,0.42913422,126,0
1771685039044000,1771685039044000,1771685039044000,197388,0.018702826,-0.22749576,0.43447977,126,0
1771685039176000,1771685039176000,1771685039112000,197388,0.0014143891,-0.21464883,0.42929357,126,0
1771685039180000,1771685039180000,1771685039180000,197388,0.0057191704,-0.21971966,0.43392712,126,0
1771685039312000,1771685039312000,1771685039248000,197388,0.004537943,-0.21440858,0.4305931,126,0
1771685039316000,1771685039316000,1771685039316000,197388,0.005020726,-0.21302927,0.4258961,126,0
1771685039448000,1771685039448000,1771685039384000,197388,0.003620189,-0.2149178,0.43084136,126,0
1771685039452000,1771685039452000,1771685039452000,197388,0.0066411262,-0.21345043,0.42801273,126,0
1771685039584000,1771685039584000,1771685039520000,197388,0.003758954,-0.21511784,0.4297501,126,0
1771685039588000,1771685039588000,1771685039588000,197388,0.004715877,-0.21601038,0.42769417,126,0
1771685039720000,1771685039720000,1771685039656000,197388,0.0045566172,-0.2161443,0.4303121,126,0
1771685039724000,1771685039724000,1771685039724000,197388,0.0030114802,-0.22292879,0.4248316,126,0
1771685039856000,1771685039856000,1771685039792000,197388,0.004572749,-0.21345575,0.42947477,126,0
1771685039860000,1771685039860000,1771685039860000,197388,0.0028230085,-0.21420021,0.43415815,126,0
1771685039992000,1771685039992000,1771685039928000,197388,0.0050997674,-0.21529518,0.42961425,126,0
1771685039996000,1771685039996000,1771685039996000,197388,0.00740954,-0.21839704,0.43341652,126,0
1771685040128000,1771685040128000,1771685040064000,197388,0.0038488202,-0.21306732,0.4315963,126,0
1771685040132000,1771685040132000,1771685040132000,197388,0.0070427605,-0.2194888,0.42670137,126,0
1771685040264000,1771685040264000,1771685040200000,197388,0.0036333431,-0.21427023,0.42893466,126,0
1771685040268000,1771685040268000,1771685040268000,197388,0.01354574,-0.21676,0.42334113,126,0
1771685040400000,1771685040400000,1771685040336000,197388,0.0042925575,-0.2145573,0.42987043,126,0
1771685040404000,1771685040404000,1771685040404000,197388,-0.0030495338,-0.21547514,0.43829834,126,0
1771685040536000,1771685040536000,1771685040472000,197388,0.0060983296,-0.2127733,0.43028066,126,0
1771685040540000,1771685040540000,1771685040540000,197388,0.016158862,-0.22202708,0.43247062,126,0
1771685040672000,1771685040672000,1771685040608000,197388,0.005341597,-0.21439254,0.43121925,126,0
1771685040676000,1771685040676000,1771685040676000,197388,-0.00016369278,-0.2074794,0.43182752,126,0
1771685040808000,1771685040808000,1771685040744000,197388,0.006205319,-0.21310395,0.43149987,126,0
1771685040812000,1771685040812000,1771685040812000,197388,0.006972594,-0.2190211,0.43196577,126,0
1771685040944000,1771685040944000,1771685040880000,197388,0.004607016,-0.21383734,0.430087,126,0
1771685040948000,1771685040948000,1771685040948000,197388,0.009754607,-0.2075445,0.4350712,126,0
1771685041080000,1771685041080000,1771685041016000,197388,0.005621525,-0.21241134,0.4285601,126,0
1771685041084000,1771685041084000,1771685041084000,197388,-0.005737523,-0.21297182,0.4340418,126,0
1771685041216000,1771685041216000,1771685041152000,197388,0.0073076766,-0.2130767,0.42951673,126,0
1771685041220000,1771685041220000,1771685041220000,197388,0.002963024,-0.21653312,0.43442696,126,0
1771685041352000,1771685041352000,1771685041288000,197388,0.005446558,-0.21427277,0.42959964,126,0
1771685041356000,1771685041356000,1771685041356000,197388,-0.00045360034,-0.20585002,0.43615916,126,0
1771685041488000,1771685041488000,1771685041424000,197388,0.007112573,-0.21660559,0.4297487,126,0
1771685041492000,1771685041492000,1771685041492000,197388,0.012631005,-0.21960899,0.42769086,126,0
1771685041624000,1771685041624000,1771685041560000,197388,0.006908048,-0.21515784,0.4286489,126,0
1771685041628000,1771685041628000,1771685041628000,197388,0.013265243,-0.20717691,0.43123767,126,0
1771685041760000,1771685041760000,1771685041696000,197388,0.009414873,-0.21684656,0.4293732,126,0
1771685041764000,1771685041764000,1771685041764000,197388,0.0016750619,-0.21159633,0.43005413,126,0
1771685041896000,1771685041896000,1771685041832000,197388,0.009741127,-0.21712919,0.4300426,126,0
1771685041900000,1771685041900000,1771685041900000,197388,0.016594136,-0.21421443,0.42562822,126,0
1771685042032000,1771685042032000,1771685041968000,197388,0.010652028,-0.21824634,0.43000546,126,0
1771685042036000,1771685042036000,1771685042036000,197388,0.012745157,-0.21364371,0.43166456,126,0
1771685042168000,1771685042168000,1771685042104000,197388,0.011922265,-0.21695736,0.42904967,126,0
1771685042172000,1771685042172000,1771685042172000,197388,0.009194458,-0.21479152,0.4312621,126,0
1771685042304000,1771685042304000,1771685042240000,197388,0.011125326,-0.21947642,0.42925158,126,0
1771685042308000,1771685042308000,1771685042308000,197388,0.0081229415,-0.21445656,0.43549484,126,0
1771685042440000,1771685042440000,1771685042376000,197388,0.011166456,-0.21874869,0.42911872,126,0
1771685042444000,1771685042444000,1771685042444000,197388,0.022002965,-0.23227862,0.43205455,126,0
1771685042576000,1771685042576000,1771685042512000,197388,0.009889505,-0.21902564,0.42745215,126,0
1771685042580000,1771685042580000,1771685042580000,197388,0.007152664,-0.21885507,0.42920142,126,0
1771685042712000,1771685042712000,1771685042648000,197388,0.009744225,-0.21876213,0.4291578,126,0
1771685042716000,1771685042716000,1771685042716000,197388,0.0073387595,-0.211186,0.43044925,126,0
1771685042848000,1771685042848000,1771685042784000,197388,0.009055284,-0.21946737,0.4277862,126,0
1771685042852000,1771685042852000,1771685042852000,197388,0.0041671204,-0.22513136,0.43167338,126,0
1771685042984000,1771685042984000,1771685042920000,197388,0.008947691,-0.2195132,0.42914683,126,0
1771685042988000,1771685042988000,1771685042988000,197388,-0.001173229,-0.22196883,0.4307527,126,0
1771685043120000,1771685043120000,1771685043056000,197388,0.011314054,-0.21702912,0.42647868,126,0
1771685043124000,1771685043124000,1771685043124000,197388,0.01368814,-0.2177619,0.42267177,126,0
1771685043256000,1771685043256000,1771685043192000,197388,0.010852853,-0.21849674,0.42739308,126,0
1771685043260000,1771685043260000,1771685043260000,197388,0.008592971,-0.21528159,0.42514384,126,0
1771685043392000,1771685043392000,1771685043328000,197388,0.0113977445,-0.21949048,0.42766157,126,0
1771685043396000,1771685043396000,1771685043396000,197388,0.0057208356,-0.20876235,0.424272,126,0
1771685043528000,1771685043528000,1771685043464000,197388,0.011288132,-0.21800897,0.42953837,126,0
1771685043532000,1771685043532000,1771685043532000,197388,0.0066591334,-0.22338216,0.42547467,126,0
1771685043664000,1771685043664000,1771685043600000,197388,0.009896758,-0.21712607,0.428803,126,0
1771685043668000,1771685043668000,1771685043668000,197388,0.011158154,-0.21693797,0.43596065,126,0
1771685043800000,1771685043800000,1771685043736000,197388,0.00746414,-0.2164319,0.4286295,126,0
1771685043804000,1771685043804000,1771685043804000,197388,0.0100674685,-0.21266483,0.42207864,126,0
1771685043936000,1771685043936000,1771685043872000,197388,0.009576225,-0.21551172,0.43045756,126,0
1771685043940000,1771685043940000,1771685043940000,197388,0.004307968,-0.21970361,0.42632854,126,0
1771685044072000,1771685044072000,1771685044008000,197388,0.006203188,-0.2143861,0.42917022,126,0
1771685044076000,1771685044076000,1771685044076000,197388,0.008320489,-0.21087427,0.43616444,126,0
1771685044208000,1771685044208000,1771685044144000,197388,0.005407229,-0.21426478,0.42878404,126,0
1771685044212000,1771685044212000,1771685044212000,197388,0.00299573,-0.2173642,0.430847,126,0
1771685044344000,1771685044344000,1771685044280000,197388,0.0044805794,-0.21482238,0.42835143,126,0
1771685044348000,1771685044348000,1771685044348000,197388,0.006641449,-0.21072946,0.4296172,126,0
1771685044480000,1771685044480000,1771685044416000,197388,0.003730533,-0.21274872,0.4283298,126,0
1771685044484000,1771685044484000,1771685044484000,197388,-0.0005573453,-0.21291338,0.4243391,126,0
1771685044616000,1771685044616000,1771685044552000,197388,0.0018556714,-0.21118084,0.43278155,126,0
1771685044620000,1771685044620000,1771685044620000,197388,-0.0023240943,-0.21013758,0.42527315,126,0
1771685044752000,1771685044752000,1771685044688000,197388,0.0010758592,-0.2128908,0.42998567,126,0
1771685044756000,1771685044756000,1771685044756000,197388,0.0018892719,-0.22434597,0.4263243,126,0
1771685044888000,1771685044888000,1771685044824000,197388,0.0014516164,-0.21063438,0.43228394,126,0
1771685044892000,1771685044892000,1771685044892000,197388,0.0050031613,-0.20627305,0.43603843,126,0
1771685045024000,1771685045024000,1771685044960000,197388,0.0010026434,-0.21129112,0.43108302,126,0
1771685045028000,1771685045028000,1771685045028000,197388,0.0012163407,-0.212167,0.43197027,126,0
1771685045160000,1771685045160000,1771685045096000,197388,0.00019221449,-0.2100669,0.43006715,126,0
1771685045164000,1771685045164000,1771685045164000,197388,0.00091941847,-0.20845635,0.43694994,126,0
1771685045296000,1771685045296000,1771685045232000,197388,0.0016686148,-0.21150668,0.43301424,126,0
1771685045300000,1771685045300000,1771685045300000,197388,0.001064749,-0.21691266,0.4220722,126,0
1771685045432000,1771685045432000,1771685045368000,197388,0.0009066077,-0.21297957,0.431603,126,0
1771685045436000,1771685045436000,1771685045436000,197388,-0.0010413298,-0.2084185,0.4254281,126,0
1771685045568000,1771685045568000,1771685045504000,197388,0.0029185382,-0.2127288,0.4332052,126,0
1771685045572000,1771685045572000,1771685045572000,197388,0.004703855,-0.20902202,0.43196872,126,0
1771685045704000,1771685045704000,1771685045640000,197388,0.002759145,-0.21183859,0.4304111,126,0
1771685045708000,1771685045708000,1771685045708000,197388,0.0055677714,-0.20849563,0.42783782,126,0
1771685045840000,1771685045840000,1771685045776000,197388,0.0038982916,-0.21189673,0.43188345,126,0
1771685045844000,1771685045844000,1771685045844000,197388,-0.0052777436,-0.20908931,0.44132936,126,0
1771685045976000,1771685045976000,1771685045912000,197388,0.0019089021,-0.21296158,0.42949656,126,0
1771685045980000,1771685045980000,1771685045980000,197388,0.004627339,-0.20260017,0.42253652,126,0
1771685046112000,1771685046112000,1771685046048000,197388,0.001682162,-0.21209854,0.43057135,126,0
1771685046116000,1771685046116000,1771685046116000,197388,-0.007658197,-0.209644,0.42512244,126,0
1771685046248000,1771685046248000,1771685046184000,197388,0.0023185734,-0.21391265,0.4317336,126,0
1771685046252000,1771685046252000,1771685046252000,197388,0.0052720127,-0.20411888,0.43112755,126,0
1771685046384000,1771685046384000,1771685046320000,197388,0.005102614,-0.21366599,0.43115282,126,0
1771685046388000,1771685046388000,1771685046388000,197388,-0.0016432861,-0.21178961,0.42689475,126,0
1771685046520000,1771685046520000,1771685046456000,197388,0.0035305854,-0.21368246,0.42986232,126,0
1771685046524000,1771685046524000,1771685046524000,197388,-0.000986929,-0.21606894,0.42612723,126,0
1771685046656000,1771685046656000,1771685046592000,197388,0.0052137705,-0.21540825,0.42865503,126,0
1771685046660000,1771685046660000,1771685046660000,197388,0.0035202536,-0.21690172,0.4341646,126,0
1771685046792000,1771685046792000,1771685046728000,197388,0.0054849,-0.21733879,0.4297811,126,0
1771685046796000,1771685046796000,1771685046796000,197388,0.0054598767,-0.22072291,0.43054605,126,0
1771685046928000,1771685046928000,1771685046864000,197388,0.005156278,-0.21378307,0.43030822,126,0
1771685046932000,1771685046932000,1771685046932000,197388,0.0049495497,-0.21626575,0.43094492,126,0
1771685047064000,1771685047064000,1771685047000000,197388,0.004099047,-0.21584679,0.42912364,126,0
1771685047068000,1771685047068000,1771685047068000,197388,0.0054520094,-0.2117816,0.4253874,126,0
1771685047200000,1771685047200000,1771685047136000,197388,0.004497255,-0.21519728,0.43045577,126,0
1771685047204000,1771685047204000,1771685047204000,197388,0.006001488,-0.21410273,0.42997777,126,0
1771685047336000,1771685047336000,1771685047272000,197388,0.004831756,-0.2171007,0.43118837,126,0
1771685047340000,1771685047340000,1771685047340000,197388,0.0045374795,-0.22575061,0.42536396,126,0
1771685047472000,1771685047472000,1771685047408000,197388,0.007160649,-0.21545367,0.42917332,126,0
1771685047476000,1771685047476000,1771685047476000,197388,0.012236938,-0.21603966,0.43002132,126,0
1771685047608000,1771685047608000,1771685047544000,197388,0.0061394763,-0.21325086,0.42949322,126,0
1771685047612000,1771685047612000,1771685047612000,197388,0.008808236,-0.21449172,0.43230948,126,0
1771685047744000,1771685047744000,1771685047680000,197388,0.0064072995,-0.21609586,0.43195152,126,0
1771685047748000,1771685047748000,1771685047748000,197388,0.0077344365,-0.20903124,0.44003507,126,0
1771685047880000,1771685047880000,1771685047816000,197388,0.0055824723,-0.21597056,0.42912057,126,0
1771685047884000,1771685047884000,1771685047884000,197388,0.0038183585,-0.21551156,0.42845577,126,0
1771685048016000,1771685048016000,1771685047952000,197388,0.0056694937,-0.21527702,0.4293886,126,0
1771685048020000,1771685048020000,1771685048020000,197388,0.013623624,-0.2053492,0.42637816,126,0
1771685048152000,1771685048152000,1771685048088000,197388,0.0054868963,-0.21554197,0.4295937,126,0
1771685048156000,1771685048156000,1771685048156000,197388,0.0042134523,-0.21553032,0.4254034,126,0
1771685048288000,1771685048288000,1771685048224000,197388,0.005829557,-0.2166584,0.43087414,126,0
1771685048292000,1771685048292000,1771685048292000,197388,0.0019507683,-0.22582117,0.43556803,126,0
1771685048424000,1771685048424000,1771685048360000,197388,0.0062656184,-0.21599449,0.42984086,126,0
1771685048428000,1771685048428000,1771685048428000,197388,0.015048817,-0.2137757,0.43327478,126,0
1771685048560000,1771685048560000,1771685048496000,197388,0.0053138467,-0.21665825,0.42889592,126,0
1771685048564000,1771685048564000,1771685048564000,197388,-0.0006584438,-0.20904095,0.42398995,126,0
1771685048696000,1771685048696000,1771685048632000,197388,0.0034977559,-0.21662258,0.43028772,126,0
1771685048700000,1771685048700000,1771685048700000,197388,0.009537715,-0.2145185,0.43693194,126,0
1771685048832000,1771685048832000,1771685048768000,197388,0.002161673,-0.21378736,0.42984563,126,0
1771685048836000,1771685048836000,1771685048836000,197388,0.008729679,-0.213239,0.4401904,126,0
1771685048968000,1771685048968000,1771685048904000,197388,0.0040744105,-0.21668597,0.4297343,126,0
1771685048972000,1771685048972000,1771685048972000,197388,0.0016242365,-0.21675365,0.43320414,126,0
1771685049104000,1771685049104000,1771685049040000,197388,0.003482924,-0.21497717,0.42989153,126,0
1771685049108000,1771685049108000,1771685049108000,197388,0.0012604031,-0.22237688,0.43191352,126,0
1771685049240000,1771685049240000,1771685049176000,197388,0.0041291593,-0.21451584,0.42992404,126,0
1771685049244000,1771685049244000,1771685049244000,197388,0.009958843,-0.20908432,0.43333933,126,0
1771685049376000,1771685049376000,1771685049312000,197388,0.0058814534,-0.21472128,0.43036833,126,0
1771685049380000,1771685049380000,1771685049380000,197388,-0.00021939451,-0.21719816,0.42510122,126,0
1771685049512000,1771685049512000,1771685049448000,197388,0.004990727,-0.21543081,0.43032628,126,0
1771685049516000,1771685049516000,1771685049516000,197388,0.007224311,-0.2082532,0.43348613,126,0
1771685049648000,1771685049648000,1771685049584000,197388,0.0058982866,-0.21656993,0.42961174,126,0
1771685049652000,1771685049652000,1771685049652000,197388,0.0032818639,-0.21880049,0.42075643,126,0
1771685049784000,1771685049784000,1771685049720000,197388,0.004771457,-0.21677631,0.43151355,126,0
1771685049788000,1771685049788000,1771685049788000,197388,0.015142526,-0.22757949,0.4345097,126,0
1771685049920000,1771685049920000,1771685049856000,197388,0.0058004376,-0.21675098,0.42912054,126,0
1771685049924000,1771685049924000,1771685049924000,197388,0.004733921,-0.21921505,0.42900875,126,0
1771685050056000,1771685050056000,1771685049992000,197388,0.0050319117,-0.21690518,0.4282572,126,0
1771685050060000,1771685050060000,1771685050060000,197388,0.0028503696,-0.21531983,0.421761,126,0
1771685050192000,1771685050192000,1771685050128000,197388,0.005012068,-0.2135538,0.4286398,126,0
1771685050196000,1771685050196000,1771685050196000,197388,-0.0032412447,-0.21619822,0.4328878,126,0
1771685050328000,1771685050328000,1771685050264000,197388,0.0055128676,-0.21582349,0.43085685,126,0
1771685050332000,1771685050332000,1771685050332000,197388,-0.0019927353,-0.20875019,0.43135232,126,0
1771685050464000,1771685050464000,1771685050400000,197388,0.0054872446,-0.21311145,0.4307401,126,0
1771685050468000,1771685050468000,1771685050468000,197388,0.0119476495,-0.20957957,0.43062803,126,0
1771685050600000,1771685050600000,1771685050536000,197388,0.0056735543,-0.21494621,0.4302973,126,0
1771685050604000,1771685050604000,1771685050604000,197388,0.008088284,-0.21697843,0.4253265,126,0
1771685050736000,1771685050736000,1771685050672000,197388,0.007125234,-0.21557245,0.42884138,126,0
1771685050740000,1771685050740000,1771685050740000,197388,0.007872969,-0.21229841,0.43769825,126,0
1771685050872000,1771685050872000,1771685050808000,197388,0.005597917,-0.21484388,0.4292248,126,0
1771685050876000,1771685050876000,1771685050876000,197388,0.010646959,-0.22055557,0.42766824,126,0
1771685051008000,1771685051008000,1771685050944000,197388,0.005857987,-0.21427235,0.43055302,126,0
1771685051012000,1771685051012000,1771685051012000,197388,-0.0005425657,-0.2108775,0.4272827,126,0
1771685051144000,1771685051144000,1771685051080000,197388,0.0059902943,-0.2150158,0.42960364,126,0
1771685051148000,1771685051148000,1771685051148000,197388,0.0063657514,-0.20707518,0.42942676,126,0
1771685051280000,1771685051280000,1771685051216000,197388,0.0068093357,-0.21532589,0.4289106,126,0
1771685051284000,1771685051284000,1771685051284000,197388,0.010598908,-0.21869774,0.42647192,126,0
1771685051416000,1771685051416000,1771685051352000,197388,0.006386295,-0.21315157,0.43151855,126,0
1771685051420000,1771685051420000,1771685051420000,197388,0.005943968,-0.21541189,0.42941898,126,0
1771685051552000,1771685051552000,1771685051488000,197388,0.006999411,-0.21424492,0.42782035,126,0
1771685051556000,1771685051556000,1771685051556000,197388,0.011125452,-0.21033879,0.431097,126,0
1771685051688000,1771685051688000,1771685051624000,197388,0.0075915586,-0.21608004,0.4299084,126,0
1771685051692000,1771685051692000,1771685051692000,197388,0.0063913744,-0.20547007,0.4367854,126,0
1771685051824000,1771685051824000,1771685051760000,197388,0.0066497736,-0.21493883,0.42878795,126,0
1771685051828000,1771685051828000,1771685051828000,197388,0.008250861,-0.22705726,0.43777966,126,0
1771685051960000,1771685051960000,1771685051896000,197388,0.0060014213,-0.21360219,0.43012372,126,0
1771685051964000,1771685051964000,1771685051964000,197388,0.0048625367,-0.21032342,0.441467,126,0
1771685052096000,1771685052096000,1771685052032000,197388,0.005746832,-0.21330665,0.43023908,126,0
1771685052100000,1771685052100000,1771685052100000,197388,0.006323266,-0.218381,0.42835385,126,0
1771685052232000,1771685052232000,1771685052168000,197388,0.0045426255,-0.21484461,0.43057635,126,0
1771685052236000,1771685052236000,1771685052236000,197388,0.019196745,-0.21470343,0.43417904,126,0
1771685052368000,1771685052368000,1771685052304000,197388,0.0063245776,-0.21385859,0.4318292,126,0
1771685052372000,1771685052372000,1771685052372000,197388,0.006353121,-0.2160961,0.44199756,126,0
1771685052504000,1771685052504000,1771685052440000,197388,0.0059644226,-0.21439137,0.43116006,126,0
1771685052508000,1771685052508000,1771685052508000,197388,0.004322002,-0.2197162,0.42879748,126,0
1771685052640000,1771685052640000,1771685052576000,197388,0.0039465325,-0.21338664,0.4302828,126,0
1771685052644000,1771685052644000,1771685052644000,197388,0.0041609816,-0.21723059,0.4245937,126,0
1771685052776000,1771685052776000,1771685052712000,197388,0.004186791,-0.21586707,0.43200037,126,0
1771685052780000,1771685052780000,1771685052780000,197388,0.007174084,-0.22301202,0.4319466,126,0
1771685052912000,1771685052912000,1771685052848000,197388,0.0051288446,-0.215376,0.4308192,126,0
1771685052916000,1771685052916000,1771685052916000,197388,0.0012843157,-0.21472237,0.42719257,126,0
1771685053048000,1771685053048000,1771685052984000,197388,0.004608227,-0.215166,0.4291529,126,0
1771685053052000,1771685053052000,1771685053052000,197388,0.0009192303,-0.22026916,0.4301772,126,0
1771685053184000,1771685053184000,1771685053120000,197388,0.0059759817,-0.21529141,0.4297962,126,0
1771685053188000,1771685053188000,1771685053188000,197388,0.0054003187,-0.21655418,0.42967495,126,0
1771685053320000,1771685053320000,1771685053256000,197388,0.005548739,-0.21573497,0.4293821,126,0
1771685053324000,1771685053324000,1771685053324000,197388,0.005475494,-0.21298368,0.43067965,126,0
1771685053456000,1771685053456000,1771685053392000,197388,0.003446418,-0.21512479,0.42988557,126,0
1771685053460000,1771685053460000,1771685053460000,197388,0.005156741,-0.21731852,0.43084818,126,0
1771685053592000,1771685053592000,1771685053528000,197388,0.004125209,-0.21522744,0.42975977,126,0
1771685053596000,1771685053596000,1771685053596000,197388,0.006831968,-0.21888912,0.42984235,126,0
1771685053728000,1771685053728000,1771685053664000,197388,0.0025550982,-0.21489377,0.42864648,126,0
1771685053732000,1771685053732000,1771685053732000,197388,0.0041284226,-0.20810793,0.423913,126,0
1771685053864000,1771685053864000,1771685053800000,197388,0.0025965504,-0.21503776,0.43008164,126,0
1771685053868000,1771685053868000,1771685053868000,197388,-0.0009175918,-0.2131366,0.4283845,126,0
1771685054000000,1771685054000000,1771685053936000,197388,0.001076608,-0.21425992,0.43019179,126,0
1771685054004000,1771685054004000,1771685054004000,197388,-0.0027710816,-0.20959829,0.42391706,126,0
1771685054136000,1771685054136000,1771685054072000,197388,0.002097615,-0.21345422,0.4289739,126,0
1771685054140000,1771685054140000,1771685054140000,197388,0.0026622536,-0.2089208,0.43342033,126,0
1771685054272000,1771685054272000,1771685054208000,197388,0.0017148479,-0.21339387,0.43122312,126,0
1771685054276000,1771685054276000,1771685054276000,197388,0.0044008396,-0.21451207,0.423947,126,0
1771685054408000,1771685054408000,1771685054344000,197388,0.0026208395,-0.21448606,0.43196762,126,0
1771685054412000,1771685054412000,1771685054412000,197388,1.1589355e-05,-0.22315747,0.4274119,126,0
1771685054544000,1771685054544000,1771685054480000,197388,0.0019696113,-0.21298175,0.4306941,126,0
1771685054548000,1771685054548000,1771685054548000,197388,0.0020570587,-0.21404424,0.43256176,126,0
1771685054680000,1771685054680000,1771685054616000,197388,0.0022840982,-0.21368946,0.4293172,126,0
1771685054684000,1771685054684000,1771685054684000,197388,0.007436681,-0.21900477,0.4412275,126,0
1771685054816000,1771685054816000,1771685054752000,197388,0.00124983,-0.21471249,0.4306523,126,0
1771685054820000,1771685054820000,1771685054820000,197388,0.008768667,-0.20858876,0.43283358,126,0
1771685054952000,1771685054952000,1771685054888000,197388,0.002178121,-0.21317929,0.43147695,126,0
1771685054956000,1771685054956000,1771685054956000,197388,0.017404,-0.21979697,0.42686883,126,0
1771685055088000,1771685055088000,1771685055024000,197388,0.0011023491,-0.21388179,0.42975318,126,0
1771685055092000,1771685055092000,1771685055092000,197388,0.00575025,-0.21816207,0.4383231,126,0
1771685055224000,1771685055224000,1771685055160000,197388,0.002734415,-0.2126417,0.43008512,126,0
1771685055228000,1771685055228000,1771685055228000,197388,0.006609647,-0.20755166,0.4351935,126,0
1771685055360000,1771685055360000,1771685055296000,197388,0.0017928015,-0.21362586,0.42997056,126,0
1771685055364000,1771685055364000,1771685055364000,197388,0.0045953924,-0.21036817,0.4320972,126,0
1771685055496000,1771685055496000,1771685055432000,197388,0.0018652177,-0.21397246,0.4317637,126,0
1771685055500000,1771685055500000,1771685055500000,197388,0.0028635883,-0.21237864,0.43361986,126,0
1771685055632000,1771685055632000,1771685055568000,197388,0.0031909603,-0.21349572,0.43151936,126,0
1771685055636000,1771685055636000,1771685055636000,197388,0.0024986197,-0.21164657,0.4313342,126,0
1771685055768000,1771685055768000,1771685055704000,197388,0.003836015,-0.21209012,0.432208,126,0
1771685055772000,1771685055772000,1771685055772000,197388,0.004434117,-0.21580185,0.43634984,126,0
1771685055904000,1771685055904000,1771685055840000,197388,0.0025119074,-0.21322967,0.43068665,126,0
1771685055908000,1771685055908000,1771685055908000,197388,-0.001705351,-0.21551748,0.4339988,126,0
1771685056040000,1771685056040000,1771685055976000,197388,0.0059194537,-0.21237968,0.43088552,126,0
1771685056044000,1771685056044000,1771685056044000,197388,0.0056606713,-0.21650942,0.4272374,126,0
1771685056176000,1771685056176000,1771685056112000,197388,0.005799973,-0.21296157,0.43048546,126,0
1771685056180000,1771685056180000,1771685056180000,197388,0.010583822,-0.21554789,0.42200702,126,0
1771685056312000,1771685056312000,1771685056248000,197388,0.006764545,-0.21426418,0.4302378,126,0
1771685056316000,1771685056316000,1771685056316000,197388,0.005180169,-0.22136515,0.42993292,126,0
1771685056448000,1771685056448000,1771685056384000,197388,0.0060716486,-0.21560407,0.43067354,126,0
1771685056452000,1771685056452000,1771685056452000,197388,0.011233316,-0.21503393,0.43237293,126,0
1771685056584000,1771685056584000,1771685056520000,197388,0.0059728874,-0.21361215,0.43136576,126,0
1771685056588000,1771685056588000,1771685056588000,197388,0.012442046,-0.22206698,0.4249663,126,0
1771685056720000,1771685056720000,1771685056656000,197388,0.006870201,-0.21486405,0.42954376,126,0
1771685056724000,1771685056724000,1771685056724000,197388,0.004914361,-0.20701425,0.42283672,126,0
1771685056856000,1771685056856000,1771685056792000,197388,0.005497441,-0.21564737,0.4287562,126,0
1771685056860000,1771685056860000,1771685056860000,197388,0.00794399,-0.21520977,0.4274918,126,0
1771685056992000,1771685056992000,1771685056928000,197388,0.006190481,-0.21649352,0.42954248,126,0
1771685056996000,1771685056996000,1771685056996000,197388,0.005932571,-0.21812089,0.43004107,126,0
1771685057128000,1771685057128000,1771685057064000,197388,0.004407212,-0.21614246,0.43129027,126,0
1771685057132000,1771685057132000,1771685057132000,197388,-0.0065434184,-0.21983638,0.42657024,126,0
1771685057264000,1771685057264000,1771685057200000,197388,-0.00538756,-0.21712716,0.4279877,126,0
1771685057268000,1771685057268000,1771685057268000,197388,-0.016548311,-0.21032788,0.42579925,126,0
1771685057400000,1771685057400000,1771685057336000,197388,-0.026766445,-0.2155621,0.42904627,126,0
1771685057404000,1771685057404000,1771685057404000,197388,-0.035980158,-0.21055248,0.4301022,126,0
1771685057536000,1771685057536000,1771685057472000,197388,-0.0479886,-0.21364123,0.4267664,126,0
1771685057540000,1771685057540000,1771685057540000,197388,-0.06341027,-0.20648353,0.42513654,126,0
1771685057672000,1771685057672000,1771685057608000,197388,-0.064947076,-0.21567875,0.42519963,126,0
1771685057676000,1771685057676000,1771685057676000,197388,-0.075347625,-0.21054536,0.4309111,126,0
1771685057808000,1771685057808000,1771685057744000,197388,-0.073733166,-0.2150567,0.4239857,126,0
1771685057812000,1771685057812000,1771685057812000,197388,-0.07750402,-0.21404576,0.4328557,126,0
1771685057944000,1771685057944000,1771685057880000,197388,-0.07852746,-0.2162191,0.42402846,126,0
1771685057948000,1771685057948000,1771685057948000,197388,-0.06965018,-0.2066868,0.42727077,126,0
1771685058080000,1771685058080000,1771685058016000,197388,-0.079742156,-0.21526588,0.42125595,126,0
1771685058084000,1771685058084000,1771685058084000,197388,-0.07625278,-0.2089512,0.42311502,126,0
1771685058216000,1771685058216000,1771685058152000,197388,-0.081857175,-0.21544167,0.42271385,126,0
1771685058220000,1771685058220000,1771685058220000,197388,-0.094669804,-0.2151806,0.42125428,126,0
1771685058352000,1771685058352000,1771685058288000,197388,-0.082665265,-0.21591343,0.41888273,126,0
1771685058356000,1771685058356000,1771685058356000,197388,-0.07082067,-0.21253012,0.415805,126,0
1771685058488000,1771685058488000,1771685058424000,197388,-0.08343177,-0.21709551,0.42128098,126,0
1771685058492000,1771685058492000,1771685058492000,197388,-0.07936635,-0.20934503,0.42276815,126,0
1771685058624000,1771685058624000,1771685058560000,197388,-0.0823346,-0.2179089,0.42116112,126,0
1771685058628000,1771685058628000,1771685058628000,197388,-0.07728455,-0.21705662,0.43011278,126,0
1771685058760000,1771685058760000,1771685058696000,197388,-0.07976652,-0.21698251,0.42171064,126,0
1771685058764000,1771685058764000,1771685058764000,197388,-0.0738775,-0.21072981,0.4265502,126,0
1771685058896000,1771685058896000,1771685058832000,197388,-0.07756801,-0.2181053,0.42167336,126,0
1771685058900000,1771685058900000,1771685058900000,197388,-0.07538867,-0.22062881,0.42105603,126,0
1771685059032000,1771685059032000,1771685058968000,197388,-0.074572735,-0.21850368,0.41992658,126,0
1771685059036000,1771685059036000,1771685059036000,197388,-0.07154219,-0.21865848,0.41867164,126,0
1771685059168000,1771685059168000,1771685059104000,197388,-0.07070378,-0.22104804,0.42120737,126,0
1771685059172000,1771685059172000,1771685059172000,197388,-0.06739718,-0.22056468,0.4167771,126,0
1771685059304000,1771685059304000,1771685059240000,197388,-0.06496944,-0.2217781,0.42058423,126,0
1771685059308000,1771685059308000,1771685059308000,197388,-0.06325821,-0.22854847,0.41900134,126,0
1771685059440000,1771685059440000,1771685059376000,197388,-0.058184948,-0.22178267,0.421402,126,0
1771685059444000,1771685059444000,1771685059444000,197388,-0.053792745,-0.22383453,0.4210846,126,0
1771685059576000,1771685059576000,1771685059512000,197388,-0.054442935,-0.22325446,0.42275676,126,0
1771685059580000,1771685059580000,1771685059580000,197388,-0.04278367,-0.21700335,0.42907712,126,0
1771685059712000,1771685059712000,1771685059648000,197388,-0.048299108,-0.22215997,0.4229895,126,0
1771685059716000,1771685059716000,1771685059716000,197388,-0.051107936,-0.21535899,0.42796916,126,0
1771685059848000,1771685059848000,1771685059784000,197388,-0.040748905,-0.22027867,0.42463186,126,0
1771685059852000,1771685059852000,1771685059852000,197388,-0.038674608,-0.21836567,0.43614417,126,0
1771685059984000,1771685059984000,1771685059920000,197388,-0.037632428,-0.22060847,0.4254436,126,0
1771685059988000,1771685059988000,1771685059988000,197388,-0.019036056,-0.21957727,0.43152958,126,0
1771685060120000,1771685060120000,1771685060056000,197388,-0.029715342,-0.21883394,0.42633185,126,0
1771685060124000,1771685060124000,1771685060124000,197388,-0.022863958,-0.22329542,0.4242033,126,0
1771685060256000,1771685060256000,1771685060192000,197388,-0.023951976,-0.21814683,0.4254311,126,0
1771685060260000,1771685060260000,1771685060260000,197388,-0.02578162,-0.22086208,0.42376408,126,0
1771685060392000,1771685060392000,1771685060328000,197388,-0.0175611,-0.22171696,0.42696574,126,0
1771685060396000,1771685060396000,1771685060396000,197388,-0.016928762,-0.21948268,0.41961607,126,0
1771685060528000,1771685060528000,1771685060464000,197388,-0.012538397,-0.22366695,0.4264233,126,0
1771685060532000,1771685060532000,1771685060532000,197388,-0.017261853,-0.22964364,0.41686767,126,0
1771685060664000,1771685060664000,1771685060600000,197388,-0.0025121875,-0.22245847,0.42561713,126,0
1771685060668000,1771685060668000,1771685060668000,197388,0.0116161285,-0.21330959,0.4252731,126,0
1771685060800000,1771685060800000,1771685060736000,197388,0.0072782612,-0.22064665,0.42711228,126,0
1771685060804000,1771685060804000,1771685060804000,197388,0.009453239,-0.21267566,0.4253792,126,0
1771685060936000,1771685060936000,1771685060872000,197388,0.02044255,-0.21865827,0.42752993,126,0
1771685060940000,1771685060940000,1771685060940000,197388,0.033688392,-0.22057655,0.43444136,126,0
1771685061072000,1771685061072000,1771685061008000,197388,0.033228654,-0.2169047,0.428394,126,0
1771685061076000,1771685061076000,1771685061076000,197388,0.04006524,-0.21894985,0.42609474,126,0
1771685061208000,1771685061208000,1771685061144000,197388,0.050346956,-0.2123598,0.42959538,126,0
1771685061212000,1771685061212000,1771685061212000,197388,0.0574142,-0.21340859,0.42281672,126,0
1771685061344000,1771685061344000,1771685061280000,197388,0.06303213,-0.20721921,0.42965588,126,0
1771685061348000,1771685061348000,1771685061348000,197388,0.075312294,-0.19845636,0.42555273,126,0
1771685061480000,1771685061480000,1771685061416000,197388,0.08085671,-0.1986352,0.42943525,126,0
1771685061484000,1771685061484000,1771685061484000,197388,0.088782966,-0.19366977,0.431585,126,0
1771685061616000,1771685061616000,1771685061552000,197388,0.098019205,-0.19313219,0.43112668,126,0
1771685061620000,1771685061620000,1771685061620000,197388,0.108913876,-0.18736653,0.4336118,126,0
1771685061752000,1771685061752000,1771685061688000,197388,0.11136341,-0.18232982,0.43022126,126,0
1771685061756000,1771685061756000,1771685061756000,197388,0.12097629,-0.18187049,0.43020996,126,0
1771685061888000,1771685061888000,1771685061824000,197388,0.13072258,-0.16996148,0.4298782,126,0
1771685061892000,1771685061892000,1771685061892000,197388,0.13091032,-0.16078885,0.43007317,126,0
1771685062024000,1771685062024000,1771685061960000,197388,0.14308049,-0.15811387,0.429494,126,0
1771685062028000,1771685062028000,1771685062028000,197388,0.15177098,-0.14917591,0.4346466,126,0
1771685062160000,1771685062160000,1771685062096000,197388,0.16099833,-0.14404532,0.43022618,126,0
1771685062164000,1771685062164000,1771685062164000,197388,0.16936076,-0.13279639,0.42802685,126,0
1771685062296000,1771685062296000,1771685062232000,197388,0.17365654,-0.12316039,0.43152827,126,0
1771685062300000,1771685062300000,1771685062300000,197388,0.18695024,-0.11705482,0.4269157,126,0
1771685062432000,1771685062432000,1771685062368000,197388,0.18602659,-0.10419406,0.4306554,126,0
1771685062436000,1771685062436000,1771685062436000,197388,0.19160795,-0.095294915,0.4273152,126,0
1771685062568000,1771685062568000,1771685062504000,197388,0.19517046,-0.083544634,0.4307537,126,0
1771685062572000,1771685062572000,1771685062572000,197388,0.19536564,-0.07633701,0.43043494,126,0
1771685062704000,1771685062704000,1771685062640000,197388,0.20089659,-0.06472428,0.43188775,126,0
1771685062708000,1771685062708000,1771685062708000,197388,0.20121297,-0.047745474,0.42610064,126,0
1771685062840000,1771685062840000,1771685062776000,197388,0.20727088,-0.04987639,0.43069354,126,0
1771685062844000,1771685062844000,1771685062844000,197388,0.2104623,-0.04200659,0.43664074,126,0
1771685062976000,1771685062976000,1771685062912000,197388,0.21019992,-0.03931568,0.43040055,126,0
1771685062980000,1771685062980000,1771685062980000,197388,0.21783783,-0.029806541,0.41992307,126,0
1771685063112000,1771685063112000,1771685063048000,197388,0.21222472,-0.029999485,0.4303077,126,0
1771685063116000,1771685063116000,1771685063116000,197388,0.20493278,-0.026327208,0.4321654,126,0
1771685063248000,1771685063248000,1771685063184000,197388,0.21324489,-0.0236314,0.4291446,126,0
1771685063252000,1771685063252000,1771685063252000,197388,0.2244904,-0.021189947,0.43115392,126,0
1771685063384000,1771685063384000,1771685063320000,197388,0.21562213,-0.01842685,0.43084148,126,0
1771685063388000,1771685063388000,1771685063388000,197388,0.22118174,-0.01683738,0.4316089,126,0
1771685063520000,1771685063520000,1771685063456000,197388,0.21479085,-0.0117956335,0.42981583,126,0
1771685063524000,1771685063524000,1771685063524000,197388,0.21054098,-0.011498345,0.4340087,126,0
1771685063656000,1771685063656000,1771685063592000,197388,0.21495485,-0.0057683294,0.4289395,126,0
1771685063660000,1771685063660000,1771685063660000,197388,0.22455218,0.00833512,0.42223838,126,0
1771685063792000,1771685063792000,1771685063728000,197388,0.21556558,-0.0019938904,0.4281646,126,0
1771685063796000,1771685063796000,1771685063796000,197388,0.21192782,-0.0014579115,0.429766,126,0
1771685063928000,1771685063928000,1771685063864000,197388,0.21514659,0.002503595,0.42972443,126,0
1771685063932000,1771685063932000,1771685063932000,197388,0.2171385,0.0024840052,0.43667585,126,0
1771685064064000,1771685064064000,1771685064000000,197388,0.21598499,0.00696902,0.42866954,126,0
1771685064068000,1771685064068000,1771685064068000,197388,0.21474177,0.011494754,0.43171564,126,0
1771685064200000,1771685064200000,1771685064136000,197388,0.21633404,0.009642461,0.42943805,126,0
1771685064204000,1771685064204000,1771685064204000,197388,0.21817045,0.014742483,0.42782894,126,0
1771685064336000,1771685064336000,1771685064272000,197388,0.21705283,0.010494194,0.42904618,126,0
1771685064340000,1771685064340000,1771685064340000,197388,0.22032808,0.0130570205,0.42225015,126,0
1771685064472000,1771685064472000,1771685064408000,197388,0.21522649,0.009262395,0.42924744,126,0
1771685064476000,1771685064476000,1771685064476000,197388,0.21457575,0.010952084,0.42450142,126,0
1771685064608000,1771685064608000,1771685064544000,197388,0.21674915,0.008492487,0.43023705,126,0
1771685064612000,1771685064612000,1771685064612000,197388,0.21930636,0.0050019226,0.43085477,126,0
1771685064744000,1771685064744000,1771685064680000,197388,0.21743916,0.005256893,0.42996663,126,0
1771685064748000,1771685064748000,1771685064748000,197388,0.22040522,0.0061442163,0.4318582,126,0
1771685064880000,1771685064880000,1771685064816000,197388,0.21617134,0.0039190925,0.42898318,126,0
1771685064884000,1771685064884000,1771685064884000,197388,0.20707944,0.002352098,0.42454764,126,0
1771685065016000,1771685065016000,1771685064952000,197388,0.21652944,0.005225536,0.43030572,126,0
1771685065020000,1771685065020000,1771685065020000,197388,0.2186004,-0.0018934037,0.42213786,126,0
1771685065152000,1771685065152000,1771685065088000,197388,0.21765272,0.005520197,0.429217,126,0
1771685065156000,1771685065156000,1771685065156000,197388,0.223628,0.015887165,0.4283565,126,0
1771685065288000,1771685065288000,1771685065224000,197388,0.21710373,0.00728343,0.4292154,126,0
1771685065292000,1771685065292000,1771685065292000,197388,0.21313441,-0.00054519257,0.43007016,126,0
1771685065424000,1771685065424000,1771685065360000,197388,0.21766552,0.008876014,0.42913526,126,0
1771685065428000,1771685065428000,1771685065428000,197388,0.21364453,0.006762663,0.42475912,126,0
1771685065560000,1771685065560000,1771685065496000,197388,0.21684015,0.012484528,0.42865333,126,0
1771685065564000,1771685065564000,1771685065564000,197388,0.20748311,0.01833769,0.44050783,126,0
1771685065696000,1771685065696000,1771685065632000,197388,0.21532573,0.013356166,0.4292154,126,0
1771685065700000,1771685065700000,1771685065700000,197388,0.21962227,0.015540347,0.43308663,126,0
1771685065832000,1771685065832000,1771685065768000,197388,0.2157786,0.014714268,0.42991427,126,0
1771685065836000,1771685065836000,1771685065836000,197388,0.21335031,0.017258754,0.4319703,126,0
1771685065968000,1771685065968000,1771685065904000,197388,0.21633513,0.014357358,0.43019873,126,0
1771685065972000,1771685065972000,1771685065972000,197388,0.21372297,0.005857035,0.425163,126,0
1771685066104000,1771685066104000,1771685066040000,197388,0.21552928,0.013762258,0.43000525,126,0
1771685066108000,1771685066108000,1771685066108000,197388,0.2175238,0.011796131,0.4231051,126,0
1771685066240000,1771685066240000,1771685066176000,197388,0.2148233,0.013527218,0.42990252,126,0
1771685066244000,1771685066244000,1771685066244000,197388,0.21117206,0.021270445,0.41869578,126,0
1771685066376000,1771685066376000,1771685066312000,197388,0.21506922,0.013528234,0.42933124,126,0
1771685066380000,1771685066380000,1771685066380000,197388,0.22211848,0.0151870875,0.43757468,126,0
1771685066512000,1771685066512000,1771685066448000,197388,0.21662822,0.0140494695,0.42953244,126,0
1771685066516000,1771685066516000,1771685066516000,197388,0.20900266,0.021615956,0.42525983,126,0
1771685066648000,1771685066648000,1771685066584000,197388,0.21606892,0.012609194,0.42871553,126,0
1771685066652000,1771685066652000,1771685066652000,197388,0.21856152,0.02037289,0.42149055,126,0
1771685066784000,1771685066784000,1771685066720000,197388,0.21596546,0.016379071,0.4301751,126,0
1771685066788000,1771685066788000,1771685066788000,197388,0.21695608,0.01480439,0.43362138,126,0
1771685066920000,1771685066920000,1771685066856000,197388,0.2143485,0.014814866,0.42937353,126,0
1771685066924000,1771685066924000,1771685066924000,197388,0.2127753,0.016084602,0.43635753,126,0
1771685067056000,1771685067056000,1771685066992000,197388,0.21698615,0.01596244,0.42972907,126,0
1771685067060000,1771685067060000,1771685067060000,197388,0.21516497,0.010681615,0.43511686,126,0
1771685067192000,1771685067192000,1771685067128000,197388,0.2145479,0.012708093,0.42926133,126,0
1771685067196000,1771685067196000,1771685067196000,197388,0.2059856,0.009562703,0.42635322,126,0
1771685067328000,1771685067328000,1771685067264000,197388,0.21392171,0.014760661,0.42828393,126,0
1771685067332000,1771685067332000,1771685067332000,197388,0.21806937,0.020148376,0.42646003,126,0
1771685067464000,1771685067464000,1771685067400000,197388,0.21493106,0.013122755,0.42914286,126,0
1771685067468000,1771685067468000,1771685067468000,197388,0.21826261,0.001805549,0.4295541,126,0
1771685067600000,1771685067600000,1771685067536000,197388,0.21448845,0.011764978,0.43051568,126,0
1771685067604000,1771685067604000,1771685067604000,197388,0.2148355,0.014870539,0.42970785,126,0
1771685067736000,1771685067736000,1771685067672000,197388,0.21559547,0.013192592,0.42929396,126,0
1771685067740000,1771685067740000,1771685067740000,197388,0.21007918,0.021861762,0.42982557,126,0
1771685067872000,1771685067872000,1771685067808000,197388,0.2177466,0.013769154,0.4284934,126,0
1771685067876000,1771685067876000,1771685067876000,197388,0.20976296,0.015029907,0.42533302,126,0
1771685068008000,1771685068008000,1771685067944000,197388,0.2154956,0.011982165,0.430499,126,0
1771685068012000,1771685068012000,1771685068012000,197388,0.21362913,0.015919762,0.42787474,126,0
1771685068144000,1771685068144000,1771685068080000,197388,0.2155988,0.012268275,0.4295689,126,0
1771685068148000,1771685068148000,1771685068148000,197388,0.2113143,0.012180413,0.42536438,126,0
1771685068280000,1771685068280000,1771685068216000,197388,0.21683767,0.013908518,0.43041667,126,0
1771685068284000,1771685068284000,1771685068284000,197388,0.21059988,0.018619565,0.42217824,126,0
1771685068416000,1771685068416000,1771685068352000,197388,0.21571371,0.0130262105,0.4298036,126,0
1771685068420000,1771685068420000,1771685068420000,197388,0.2028917,0.004861394,0.4348319,126,0
1771685068552000,1771685068552000,1771685068488000,197388,0.2147182,0.011747448,0.42969796,126,0
1771685068556000,1771685068556000,1771685068556000,197388,0.21861778,0.013819891,0.43251282,126,0
1771685068688000,1771685068688000,1771685068624000,197388,0.21470146,0.0126171615,0.43061766,126,0
1771685068692000,1771685068692000,1771685068692000,197388,0.22293231,0.0098656975,0.43231675,126,0
1771685068824000,1771685068824000,1771685068760000,197388,0.21569483,0.013015213,0.43018746,126,0
1771685068828000,1771685068828000,1771685068828000,197388,0.21459942,0.00915665,0.43753868,126,0
1771685068960000,1771685068960000,1771685068896000,197388,0.21566585,0.012763981,0.43055597,126,0
1771685068964000,1771685068964000,1771685068964000,197388,0.21797144,0.012086449,0.43227297,126,0
1771685069096000,1771685069096000,1771685069032000,197388,0.2164551,0.012924896,0.42826775,126,0
1771685069100000,1771685069100000,1771685069100000,197388,0.21548496,0.020922827,0.43010047,126,0
1771685069232000,1771685069232000,1771685069168000,197388,0.21660647,0.013625569,0.42842633,126,0
1771685069236000,1771685069236000,1771685069236000,197388,0.2160141,0.0147632975,0.42383632,126,0
1771685069368000,1771685069368000,1771685069304000,197388,0.21665809,0.01409752,0.4302845,126,0
1771685069372000,1771685069372000,1771685069372000,197388,0.21782124,0.013830854,0.43054935,126,0
1771685069504000,1771685069504000,1771685069440000,197388,0.2151787,0.012430569,0.42922664,126,0
1771685069508000,1771685069508000,1771685069508000,197388,0.226918,0.0154660735,0.42425272,126,0
1771685069640000,1771685069640000,1771685069576000,197388,0.2174213,0.012659435,0.42925426,126,0
1771685069644000,1771685069644000,1771685069644000,197388,0.21399838,0.0026769356,0.42335626,126,0
1771685069776000,1771685069776000,1771685069712000,197388,0.21558096,0.014150459,0.42954287,126,0
1771685069780000,1771685069780000,1771685069780000,197388,0.21688268,0.010145097,0.43876168,126,0
1771685069912000,1771685069912000,1771685069848000,197388,0.21528076,0.01301097,0.42893696,126,0
1771685069916000,1771685069916000,1771685069916000,197388,0.21042633,0.014117458,0.42083803,126,0
1771685070048000,1771685070048000,1771685069984000,197388,0.21618113,0.014985751,0.4286377,126,0
1771685070052000,1771685070052000,1771685070052000,197388,0.21581876,0.014114428,0.42967293,126,0
1771685070184000,1771685070184000,1771685070120000,197388,0.21485373,0.014158854,0.42901695,126,0
1771685070188000,1771685070188000,1771685070188000,197388,0.22235753,0.015723372,0.42719173,126,0
1771685070320000,1771685070320000,1771685070256000,197388,0.21453354,0.013044822,0.42948774,126,0
1771685070324000,1771685070324000,1771685070324000,197388,0.20868783,0.025409298,0.42701343,126,0
1771685070456000,1771685070456000,1771685070392000,197388,0.2151188,0.014318655,0.43078005,126,0
1771685070460000,1771685070460000,1771685070460000,197388,0.21122436,0.0070331646,0.4299871,126,0
1771685070592000,1771685070592000,1771685070528000,197388,0.21378724,0.013865126,0.42861718,126,0
1771685070596000,1771685070596000,1771685070596000,197388,0.21449769,0.007961149,0.42821625,126,0
1771685070728000,1771685070728000,1771685070664000,197388,0.21387492,0.013183135,0.43010473,126,0
1771685070732000,1771685070732000,1771685070732000,197388,0.21539102,0.014607229,0.42832735,126,0
1771685070864000,1771685070864000,1771685070800000,197388,0.2155799,0.012701572,0.4295715,126,0
1771685070868000,1771685070868000,1771685070868000,197388,0.21186917,0.008337091,0.4303464,126,0
1771685071000000,1771685071000000,1771685070936000,197388,0.21522467,0.014559504,0.42901096,126,0
1771685071004000,1771685071004000,1771685071004000,197388,0.21057655,0.016379505,0.43416703,126,0
1771685071136000,1771685071136000,1771685071072000,197388,0.21486424,0.014049135,0.4302215,126,0
1771685071140000,1771685071140000,1771685071140000,197388,0.21670271,0.012310997,0.42355743,126,0
1771685071272000,1771685071272000,1771685071208000,197388,0.2156168,0.01445,0.42979538,126,0
1771685071276000,1771685071276000,1771685071276000,197388,0.21495716,0.011656343,0.43040425,126,0
1771685071408000,1771685071408000,1771685071344000,197388,0.21388796,0.013734456,0.42930967,126,0
1771685071412000,1771685071412000,1771685071412000,197388,0.2174258,0.009449121,0.43107414,126,0
1771685071544000,1771685071544000,1771685071480000,197388,0.21587767,0.0158812,0.42993188,126,0
1771685071548000,1771685071548000,1771685071548000,197388,0.2234586,0.014652917,0.43152806,126,0
1771685071680000,1771685071680000,1771685071616000,197388,0.2169006,0.013129086,0.4293379,126,0
1771685071684000,1771685071684000,1771685071684000,197388,0.21027002,0.009885825,0.43176422,126,0
1771685071816000,1771685071816000,1771685071752000,197388,0.21470505,0.013611053,0.42983449,126,0
1771685071820000,1771685071820000,1771685071820000,197388,0.2178852,0.022478534,0.4249628,126,0
1771685071952000,1771685071952000,1771685071888000,197388,0.21466461,0.014003705,0.4288387,126,0
1771685071956000,1771685071956000,1771685071956000,197388,0.22054341,0.01148623,0.42365706,126,0
1771685072088000,1771685072088000,1771685072024000,197388,0.21407686,0.014841301,0.43006068,126,0
1771685072092000,1771685072092000,1771685072092000,197388,0.2148409,0.008923379,0.42670625,126,0
1771685072224000,1771685072224000,1771685072160000,197388,0.21564701,0.0143856425,0.42860237,126,0
1771685072228000,1771685072228000,1771685072228000,197388,0.22091386,0.009390106,0.43279025,126,0
1771685072360000,1771685072360000,1771685072296000,197388,0.21588962,0.013960123,0.4304663,126,0
1771685072364000,1771685072364000,1771685072364000,197388,0.20761524,0.018478945,0.4314986,126,0
1771685072496000,1771685072496000,1771685072432000,197388,0.21554236,0.01553419,0.4307466,126,0
1771685072500000,1771685072500000,1771685072500000,197388,0.21565762,0.016855288,0.4257958,126,0
1771685072632000,1771685072632000,1771685072568000,197388,0.21532388,0.01481354,0.4305533,126,0
1771685072636000,1771685072636000,1771685072636000,197388,0.21892959,0.011971359,0.42685312,126,0
1771685072768000,1771685072768000,1771685072704000,197388,0.2154046,0.014835568,0.4289102,126,0
1771685072772000,1771685072772000,1771685072772000,197388,0.21731502,0.022470664,0.4151987,126,0
1771685072904000,1771685072904000,1771685072840000,197388,0.21446332,0.014364332,0.42894065,126,0
1771685072908000,1771685072908000,1771685072908000,197388,0.21790515,0.013552231,0.4345556,126,0
1771685073040000,1771685073040000,1771685072976000,197388,0.2144686,0.014288467,0.43060842,126,0
1771685073044000,1771685073044000,1771685073044000,197388,0.22001137,0.010406991,0.4319344,126,0
1771685073176000,1771685073176000,1771685073112000,197388,0.21597897,0.01739015,0.43050158,126,0
1771685073180000,1771685073180000,1771685073180000,197388,0.2094119,0.025381489,0.4272068,126,0
1771685073312000,1771685073312000,1771685073248000,197388,0.215137,0.016373103,0.43069932,126,0
1771685073316000,1771685073316000,1771685073316000,197388,0.21787116,0.02394742,0.4254337,126,0
1771685073448000,1771685073448000,1771685073384000,197388,0.21383278,0.016011227,0.42836756,126,0
1771685073452000,1771685073452000,1771685073452000,197388,0.20224302,0.018609656,0.43084353,126,0
1771685073584000,1771685073584000,1771685073520000,197388,0.21356393,0.014876574,0.4294082,126,0
1771685073588000,1771685073588000,1771685073588000,197388,0.21619192,0.0103053665,0.41226003,126,0
1771685073720000,1771685073720000,1771685073656000,197388,0.2143389,0.014193667,0.42998216,126,0
1771685073724000,1771685073724000,1771685073724000,197388,0.21552327,0.020626277,0.43117097,126,0
1771685073856000,1771685073856000,1771685073792000,197388,0.2147295,0.014251684,0.42860267,126,0
1771685073860000,1771685073860000,1771685073860000,197388,0.21877356,0.012547066,0.43362418,126,0
1771685073992000,1771685073992000,1771685073928000,197388,0.21381335,0.012783236,0.43158412,126,0
1771685073996000,1771685073996000,1771685073996000,197388,0.2201961,0.027590636,0.42718342,126,0
1771685074128000,1771685074128000,1771685074064000,197388,0.21459079,0.01296637,0.4305508,126,0
1771685074132000,1771685074132000,1771685074132000,197388,0.21817595,0.0103211375,0.42316008,126,0
1771685074264000,1771685074264000,1771685074200000,197388,0.21524775,0.014210868,0.4283477,126,0
1771685074268000,1771685074268000,1771685074268000,197388,0.21379365,0.026344426,0.43076244,126,0
1771685074400000,1771685074400000,1771685074336000,197388,0.2162194,0.014711013,0.4295177,126,0
1771685074404000,1771685074404000,1771685074404000,197388,0.21214928,0.011982694,0.4243029,126,0
1771685074536000,1771685074536000,1771685074472000,197388,0.21611983,0.013369655,0.4297555,126,0
1771685074540000,1771685074540000,1771685074540000,197388,0.21868642,0.012836839,0.425492,126,0
1771685074672000,1771685074672000,1771685074608000,197388,0.21607348,0.015119544,0.4296473,126,0
1771685074676000,1771685074676000,1771685074676000,197388,0.21694265,0.010564078,0.42853954,126,0
1771685074808000,1771685074808000,1771685074744000,197388,0.21728402,0.014712321,0.42923427,126,0
1771685074812000,1771685074812000,1771685074812000,197388,0.20961939,0.016103819,0.42247295,126,0
1771685074944000,1771685074944000,1771685074880000,197388,0.21600497,0.014489326,0.42815387,126,0
1771685074948000,1771685074948000,1771685074948000,197388,0.21625167,0.000110934496,0.4262125,126,0
1771685075080000,1771685075080000,1771685075016000,197388,0.21582395,0.016061774,0.42834932,126,0
1771685075084000,1771685075084000,1771685075084000,197388,0.20982291,0.016671933,0.4336254,126,0
1771685075216000,1771685075216000,1771685075152000,197388,0.21732324,0.01371725,0.42936143,126,0
1771685075220000,1771685075220000,1771685075220000,197388,0.20636174,0.017195027,0.43223965,126,0
1771685075352000,1771685075352000,1771685075288000,197388,0.216531,0.015336151,0.4285543,126,0
1771685075356000,1771685075356000,1771685075356000,197388,0.2154176,0.013625936,0.41880512,126,0
1771685075488000,1771685075488000,1771685075424000,197388,0.21444781,0.012874761,0.43024585,126,0
1771685075492000,1771685075492000,1771685075492000,197388,0.21722183,0.019072907,0.4326917,126,0
1771685075624000,1771685075624000,1771685075560000,197388,0.21674028,0.012099291,0.42764392,126,0
1771685075628000,1771685075628000,1771685075628000,197388,0.21848895,0.0066939043,0.4281071,126,0
1771685075760000,1771685075760000,1771685075696000,197388,0.21509501,0.014077799,0.42779872,126,0
1771685075764000,1771685075764000,1771685075764000,197388,0.21357872,0.018849377,0.43429935,126,0
1771685075896000,1771685075896000,1771685075832000,197388,0.21704723,0.015344387,0.4295616,126,0
1771685075900000,1771685075900000,1771685075900000,197388,0.21273708,0.013605908,0.43083614,126,0
1771685076032000,1771685076032000,1771685075968000,197388,0.21494307,0.015022097,0.4280523,126,0
1771685076036000,1771685076036000,1771685076036000,197388,0.20915458,0.0123039745,0.42051885,126,0
1771685076168000,1771685076168000,1771685076104000,197388,0.21486062,0.01527388,0.43016526,126,0
1771685076172000,1771685076172000,1771685076172000,197388,0.20696212,0.015126226,0.42191157,126,0
1771685076304000,1771685076304000,1771685076240000,197388,0.21523102,0.014475046,0.4293934,126,0
1771685076308000,1771685076308000,1771685076308000,197388,0.22530721,0.01314714,0.42962593,126,0
1771685076440000,1771685076440000,1771685076376000,197388,0.216147,0.015058067,0.42997673,126,0
1771685076444000,1771685076444000,1771685076444000,197388,0.22520229,0.012457398,0.42713198,126,0
1771685076576000,1771685076576000,1771685076512000,197388,0.2163664,0.015403582,0.43023792,126,0
1771685076580000,1771685076580000,1771685076580000,197388,0.21453829,0.015749253,0.4256351,126,0
1771685076712000,1771685076712000,1771685076648000,197388,0.21543767,0.013608358,0.42867208,126,0
1771685076716000,1771685076716000,1771685076716000,197388,0.22004825,0.006151657,0.43060255,126,0
1771685076848000,1771685076848000,1771685076784000,197388,0.21494472,0.011426432,0.42971826,126,0
1771685076852000,1771685076852000,1771685076852000,197388,0.2142032,0.009568341,0.43372804,126,0
1771685076984000,1771685076984000,1771685076920000,197388,0.21388324,0.011280057,0.42979097,126,0
1771685076988000,1771685076988000,1771685076988000,197388,0.22100665,0.004564277,0.43840128,126,0
1771685077120000,1771685077120000,1771685077056000,197388,0.21581025,0.013326298,0.43011835,126,0
1771685077124000,1771685077124000,1771685077124000,197388,0.20780323,0.0074104285,0.43318316,126,0
1771685077256000,1771685077256000,1771685077192000,197388,0.21558352,0.012157931,0.42860785,126,0
1771685077260000,1771685077260000,1771685077260000,197388,0.21604209,0.017866867,0.41929826,126,0
1771685077392000,1771685077392000,1771685077328000,197388,0.21444598,0.0105813015,0.42972317,126,0
1771685077396000,1771685077396000,1771685077396000,197388,0.21699497,0.02395666,0.4261648,126,0
1771685077528000,1771685077528000,1771685077464000,197388,0.21268922,0.01049831,0.42880872,126,0
1771685077532000,1771685077532000,1771685077532000,197388,0.21474832,0.0064417347,0.42821956,126,0
1771685077664000,1771685077664000,1771685077600000,197388,0.21271387,0.011334756,0.4306125,126,0
1771685077668000,1771685077668000,1771685077668000,197388,0.21528228,0.00967151,0.4301393,126,0
1771685077800000,1771685077800000,1771685077736000,197388,0.2163359,0.012158626,0.4307588,126,0
1771685077804000,1771685077804000,1771685077804000,197388,0.21252932,0.012228169,0.41632104,126,0
1771685077936000,1771685077936000,1771685077872000,197388,0.21475826,0.011042435,0.43004206,126,0
1771685077940000,1771685077940000,1771685077940000,197388,0.20759918,0.012049489,0.4307719,126,0
1771685078072000,1771685078072000,1771685078008000,197388,0.21461989,0.011337277,0.43059054,126,0
1771685078076000,1771685078076000,1771685078076000,197388,0.21613969,0.008329162,0.42436746,126,0
1771685078208000,1771685078208000,1771685078144000,197388,0.21602033,0.010404078,0.43070087,126,0
1771685078212000,1771685078212000,1771685078212000,197388,0.21636537,0.0026909413,0.42544144,126,0
1771685078344000,1771685078344000,1771685078280000,197388,0.21240279,0.011819419,0.4306736,126,0
1771685078348000,1771685078348000,1771685078348000,197388,0.22205175,0.011196377,0.43540153,126,0
1771685078480000,1771685078480000,1771685078416000,197388,0.21307935,0.011284429,0.4316301,126,0
1771685078484000,1771685078484000,1771685078484000,197388,0.2098682,0.006567802,0.44005957,126,0
1771685078616000,1771685078616000,1771685078552000,197388,0.21407402,0.010129748,0.4301837,126,0
1771685078620000,1771685078620000,1771685078620000,197388,0.20943311,0.012224934,0.42455792,126,0
1771685078752000,1771685078752000,1771685078688000,197388,0.21448466,0.011922649,0.43193197,126,0
1771685078756000,1771685078756000,1771685078756000,197388,0.21482156,0.008024825,0.42163873,126,0
1771685078888000,1771685078888000,1771685078824000,197388,0.2140354,0.01031682,0.42975426,126,0
1771685078892000,1771685078892000,1771685078892000,197388,0.21776979,0.00974534,0.42490083,126,0
1771685079024000,1771685079024000,1771685078960000,197388,0.21289822,0.010749537,0.43128535,126,0
1771685079028000,1771685079028000,1771685079028000,197388,0.21234325,0.015377164,0.42225903,126,0
1771685079160000,1771685079160000,1771685079096000,197388,0.21428275,0.008909852,0.431129,126,0
1771685079164000,1771685079164000,1771685079164000,197388,0.20986949,0.0028606907,0.43484005,126,0
1771685079296000,1771685079296000,1771685079232000,197388,0.21308789,0.012516377,0.42998457,126,0
1771685079300000,1771685079300000,1771685079300000,197388,0.21051478,0.0016675274,0.43113652,126,0
1771685079432000,1771685079432000,1771685079368000,197388,0.21561527,0.011202653,0.4310498,126,0
1771685079436000,1771685079436000,1771685079436000,197388,0.21289633,0.008659324,0.433433,126,0
1771685079568000,1771685079568000,1771685079504000,197388,0.2130168,0.011434997,0.43157372,126,0
1771685079572000,1771685079572000,1771685079572000,197388,0.22093606,0.024521736,0.42916209,126,0
1771685079704000,1771685079704000,1771685079640000,197388,0.21267487,0.014890974,0.43087518,126,0
1771685079708000,1771685079708000,1771685079708000,197388,0.21755363,0.0018272729,0.43026865,126,0
1771685079840000,1771685079840000,1771685079776000,197388,0.21543482,0.013643713,0.43015534,126,0
1771685079844000,1771685079844000,1771685079844000,197388,0.22138345,0.0129156895,0.42988372,126,0
1771685079976000,1771685079976000,1771685079912000,197388,0.21459495,0.013086884,0.42886335,126,0
1771685079980000,1771685079980000,1771685079980000,197388,0.21122183,0.014754841,0.44067594,126,0
1771685080112000,1771685080112000,1771685080048000,197388,0.2152298,0.012061085,0.4308711,126,0
1771685080116000,1771685080116000,1771685080116000,197388,0.21398252,0.020696325,0.41995803,126,0
1771685080248000,1771685080248000,1771685080184000,197388,0.21470574,0.015287548,0.43125477,126,0
1771685080252000,1771685080252000,1771685080252000,197388,0.2084585,0.012041563,0.4306089,126,0
1771685080384000,1771685080384000,1771685080320000,197388,0.21445589,0.014826435,0.43005696,126,0
1771685080388000,1771685080388000,1771685080388000,197388,0.20953944,0.0080049075,0.43265972,126,0
1771685080520000,1771685080520000,1771685080456000,197388,0.21555084,0.013607787,0.4290631,126,0
1771685080524000,1771685080524000,1771685080524000,197388,0.21585093,0.010252628,0.4281083,126,0
1771685080656000,1771685080656000,1771685080592000,197388,0.21570477,0.013292474,0.42914858,126,0
1771685080660000,1771685080660000,1771685080660000,197388,0.20985183,0.010510206,0.42984974,126,0
1771685080792000,1771685080792000,1771685080728000,197388,0.21463668,0.015316722,0.42909902,126,0
1771685080796000,1771685080796000,1771685080796000,197388,0.21039598,0.015404701,0.4278222,126,0
1771685080928000,1771685080928000,1771685080864000,197388,0.21827327,0.015803503,0.4289037,126,0
1771685080932000,1771685080932000,1771685080932000,197388,0.2126428,0.01887864,0.4327719,126,0
1771685081064000,1771685081064000,1771685081000000,197388,0.21741769,0.014583344,0.428081,126,0
1771685081068000,1771685081068000,1771685081068000,197388,0.22090857,0.010221005,0.42675218,126,0
1771685081200000,1771685081200000,1771685081136000,197388,0.21668963,0.015621668,0.42910367,126,0
1771685081204000,1771685081204000,1771685081204000,197388,0.22007737,0.014899344,0.42935324,126,0
1771685081336000,1771685081336000,1771685081272000,197388,0.21837766,0.0144956475,0.42934856,126,0
1771685081340000,1771685081340000,1771685081340000,197388,0.21367595,0.01207311,0.42725617,126,0
1771685081472000,1771685081472000,1771685081408000,197388,0.21619841,0.014793663,0.4295638,126,0
1771685081476000,1771685081476000,1771685081476000,197388,0.21466446,0.018611904,0.4333721,126,0
1771685081608000,1771685081608000,1771685081544000,197388,0.21720052,0.014344338,0.42779428,126,0
1771685081612000,1771685081612000,1771685081612000,197388,0.2203551,0.004458271,0.42022052,126,0
1771685081744000,1771685081744000,1771685081680000,197388,0.21648876,0.01613195,0.4297714,126,0
1771685081748000,1771685081748000,1771685081748000,197388,0.21331558,0.016595682,0.4336533,126,0
1771685081880000,1771685081880000,1771685081816000,197388,0.21519797,0.015385241,0.42869672,126,0
1771685081884000,1771685081884000,1771685081884000,197388,0.21546909,0.011810469,0.4282498,126,0
1771685082016000,1771685082016000,1771685081952000,197388,0.2161191,0.015522005,0.43027315,126,0
1771685082020000,1771685082020000,1771685082020000,197388,0.21062475,0.010690521,0.42559704,126,0
1771685082152000,1771685082152000,1771685082088000,197388,0.21662776,0.013511494,0.42897102,126,0
1771685082156000,1771685082156000,1771685082156000,197388,0.21698569,0.010751361,0.43346897,126,0
1771685082288000,1771685082288000,1771685082224000,197388,0.21506959,0.014498382,0.42911226,126,0
1771685082292000,1771685082292000,1771685082292000,197388,0.2170556,0.0134991845,0.4301564,126,0
1771685082424000,1771685082424000,1771685082360000,197388,0.21632995,0.014663382,0.42961606,126,0
1771685082428000,1771685082428000,1771685082428000,197388,0.21347825,0.024063153,0.43160662,126,0
1771685082560000,1771685082560000,1771685082496000,197388,0.21589658,0.013042862,0.42943105,126,0
1771685082564000,1771685082564000,1771685082564000,197388,0.20897467,0.013268694,0.4265174,126,0
1771685082696000,1771685082696000,1771685082632000,197388,0.21518649,0.013563398,0.43044484,126,0
1771685082700000,1771685082700000,1771685082700000,197388,0.20553444,0.010936139,0.42589045,126,0
1771685082832000,1771685082832000,1771685082768000,197388,0.21592572,0.01409514,0.42952332,126,0
1771685082836000,1771685082836000,1771685082836000,197388,0.2119662,0.017996643,0.43078688,126,0
1771685082968000,1771685082968000,1771685082904000,197388,0.21321483,0.012146059,0.4301699,126,0
1771685082972000,1771685082972000,1771685082972000,197388,0.21668376,0.009445425,0.4213403,126,0
1771685083104000,1771685083104000,1771685083040000,197388,0.21329285,0.012809569,0.43009835,126,0
1771685083108000,1771685083108000,1771685083108000,197388,0.21334629,0.016046237,0.434244,126,0
1771685083240000,1771685083240000,1771685083176000,197388,0.21522017,0.012005796,0.43138927,126,0
1771685083244000,1771685083244000,1771685083244000,197388,0.21935834,0.0036640198,0.4352099,126,0
1771685083376000,1771685083376000,1771685083312000,197388,0.21401945,0.011409637,0.43071082,126,0
1771685083380000,1771685083380000,1771685083380000,197388,0.21155542,0.010330719,0.4256173,126,0
1771685083512000,1771685083512000,1771685083448000,197388,0.21476823,0.014191694,0.43016714,126,0
1771685083516000,1771685083516000,1771685083516000,197388,0.21161808,0.0062795063,0.43517965,126,0
1771685083648000,1771685083648000,1771685083584000,197388,0.213898,0.010558816,0.431116,126,0
1771685083652000,1771685083652000,1771685083652000,197388,0.22677493,0.009678798,0.42433754,126,0
1771685083784000,1771685083784000,1771685083720000,197388,0.2141279,0.012916719,0.43124628,126,0
1771685083788000,1771685083788000,1771685083788000,197388,0.21878253,0.014887245,0.44361508,126,0
1771685083920000,1771685083920000,1771685083856000,197388,0.21245718,0.011978251,0.430727,126,0
1771685083924000,1771685083924000,1771685083924000,197388,0.21692231,0.021577165,0.43219534,126,0
1771685084056000,1771685084056000,1771685083992000,197388,0.21597998,0.01225713,0.4305006,126,0
1771685084060000,1771685084060000,1771685084060000,197388,0.21844222,0.008907634,0.4297314,126,0
1771685084192000,1771685084192000,1771685084128000,197388,0.21322669,0.012085704,0.43087432,126,0
1771685084196000,1771685084196000,1771685084196000,197388,0.21187405,0.012502158,0.42360765,126,0
1771685084328000,1771685084328000,1771685084264000,197388,0.21418743,0.011181784,0.42985886,126,0
1771685084332000,1771685084332000,1771685084332000,197388,0.20677175,0.009973748,0.43114835,126,0
1771685084464000,1771685084464000,1771685084400000,197388,0.2137463,0.011173273,0.43164116,126,0
1771685084468000,1771685084468000,1771685084468000,197388,0.21812469,0.0083452,0.42454898,126,0
1771685084600000,1771685084600000,1771685084536000,197388,0.21437038,0.013380042,0.42929873,126,0
1771685084604000,1771685084604000,1771685084604000,197388,0.2197633,0.006942999,0.4259892,126,0
1771685084736000,1771685084736000,1771685084672000,197388,0.21264774,0.012065232,0.42856255,126,0
1771685084740000,1771685084740000,1771685084740000,197388,0.21911614,0.010561815,0.43160754,126,0
1771685084872000,1771685084872000,1771685084808000,197388,0.21386583,0.013187397,0.42990866,126,0
1771685084876000,1771685084876000,1771685084876000,197388,0.21024106,0.013420291,0.43059638,126,0
1771685085008000,1771685085008000,1771685084944000,197388,0.21258396,0.010964124,0.4297919,126,0
1771685085012000,1771685085012000,1771685085012000,197388,0.21628971,0.008187062,0.42818072,126,0
1771685085144000,1771685085144000,1771685085080000,197388,0.21484947,0.0126211215,0.42927846,126,0
1771685085148000,1771685085148000,1771685085148000,197388,0.21247868,0.015602362,0.42299947,126,0
1771685085280000,1771685085280000,1771685085216000,197388,0.2148557,0.009890947,0.43106344,126,0
1771685085284000,1771685085284000,1771685085284000,197388,0.21617174,0.012480134,0.4301733,126,0
1771685085416000,1771685085416000,1771685085352000,197388,0.21386467,0.012708964,0.42864636,126,0
1771685085420000,1771685085420000,1771685085420000,197388,0.22316757,0.02163543,0.42801696,126,0
1771685085552000,1771685085552000,1771685085488000,197388,0.215775,0.011301026,0.43115133,126,0
1771685085556000,1771685085556000,1771685085556000,197388,0.2192026,0.018762918,0.42611858,126,0
1771685085688000,1771685085688000,1771685085624000,197388,0.21466927,0.012361803,0.4313575,126,0
1771685085692000,1771685085692000,1771685085692000,197388,0.22270647,0.0077152965,0.4298119,126,0
1771685085824000,1771685085824000,1771685085760000,197388,0.21647926,0.010488142,0.4290378,126,0
1771685085828000,1771685085828000,1771685085828000,197388,0.20875984,0.00921494,0.42864776,126,0
1771685085960000,1771685085960000,1771685085896000,197388,0.2151259,0.012306818,0.43101606,126,0
1771685085964000,1771685085964000,1771685085964000,197388,0.21877651,0.013673109,0.43521228,126,0
1771685086096000,1771685086096000,1771685086032000,197388,0.21571162,0.01182066,0.42945847,126,0
1771685086100000,1771685086100000,1771685086100000,197388,0.21839684,0.013640419,0.42821348,126,0
1771685086232000,1771685086232000,1771685086168000,197388,0.213762,0.011330397,0.43019435,126,0
1771685086236000,1771685086236000,1771685086236000,197388,0.22261146,0.009396055,0.4297874,126,0
1771685086368000,1771685086368000,1771685086304000,197388,0.21681906,0.0126506025,0.4304925,126,0
1771685086372000,1771685086372000,1771685086372000,197388,0.2063845,0.009931995,0.43509275,126,0
1771685086504000,1771685086504000,1771685086440000,197388,0.21612841,0.012186495,0.42758784,126,0
1771685086508000,1771685086508000,1771685086508000,197388,0.21869579,0.01036498,0.42710534,126,0
1771685086640000,1771685086640000,1771685086576000,197388,0.21666664,0.011223442,0.42873067,126,0
1771685086644000,1771685086644000,1771685086644000,197388,0.22117989,0.015058801,0.43317696,126,0
1771685086776000,1771685086776000,1771685086712000,197388,0.21547575,0.012680332,0.43039182,126,0
1771685086780000,1771685086780000,1771685086780000,197388,0.21520951,0.011885343,0.4270555,126,0
1771685086912000,1771685086912000,1771685086848000,197388,0.21485414,0.012520856,0.42833635,126,0
1771685086916000,1771685086916000,1771685086916000,197388,0.21411225,0.008834239,0.42654705,126,0
1771685087048000,1771685087048000,1771685086984000,197388,0.21575148,0.0119894715,0.42990476,126,0
1771685087052000,1771685087052000,1771685087052000,197388,0.22080362,0.018307062,0.42474374,126,0
1771685087184000,1771685087184000,1771685087120000,197388,0.21572326,0.013642423,0.42960373,126,0
1771685087188000,1771685087188000,1771685087188000,197388,0.21259435,0.017684713,0.432917,126,0
1771685087320000,1771685087320000,1771685087256000,197388,0.21592934,0.011522176,0.4289112,126,0
1771685087324000,1771685087324000,1771685087324000,197388,0.2115403,0.020117726,0.43101963,126,0
1771685087456000,1771685087456000,1771685087392000,197388,0.21688344,0.01408908,0.427584,126,0
1771685087460000,1771685087460000,1771685087460000,197388,0.21347055,0.012547071,0.42306188,126,0
1771685087592000,1771685087592000,1771685087528000,197388,0.21401942,0.013172429,0.42934734,126,0
1771685087596000,1771685087596000,1771685087596000,197388,0.21765845,0.006028023,0.43101442,126,0
1771685087728000,1771685087728000,1771685087664000,197388,0.21565387,0.013657776,0.4303281,126,0
1771685087732000,1771685087732000,1771685087732000,197388,0.21399745,0.017970046,0.43161276,126,0
1771685087864000,1771685087864000,1771685087800000,197388,0.21756831,0.01341729,0.42907694,126,0
1771685087868000,1771685087868000,1771685087868000,197388,0.2105894,0.007898762,0.43582144,126,0
1771685088000000,1771685088000000,1771685087936000,197388,0.21451116,0.014438638,0.42827797,126,0
1771685088004000,1771685088004000,1771685088004000,197388,0.21909726,0.01452037,0.4238012,126,0
1771685088136000,1771685088136000,1771685088072000,197388,0.21673872,0.01533765,0.4294348,126,0
1771685088140000,1771685088140000,1771685088140000,197388,0.20698632,0.016658435,0.4334252,126,0
1771685088272000,1771685088272000,1771685088208000,197388,0.21576595,0.0139981415,0.4298587,126,0
1771685088276000,1771685088276000,1771685088276000,197388,0.21599565,0.011702452,0.42620534,126,0
1771685088408000,1771685088408000,1771685088344000,197388,0.2172212,0.01388384,0.42884478,126,0
1771685088412000,1771685088412000,1771685088412000,197388,0.21778095,0.02035383,0.43143103,126,0
1771685088544000,1771685088544000,1771685088480000,197388,0.2140874,0.014296149,0.43025762,126,0
1771685088548000,1771685088548000,1771685088548000,197388,0.21326701,0.017689422,0.43456033,126,0
1771685088680000,1771685088680000,1771685088616000,197388,0.2157893,0.013188283,0.42865878,126,0
1771685088684000,1771685088684000,1771685088684000,197388,0.22605717,0.0076628635,0.43146217,126,0
1771685088816000,1771685088816000,1771685088752000,197388,0.21530628,0.014791049,0.429561,126,0
1771685088820000,1771685088820000,1771685088820000,197388,0.22146207,0.014749943,0.42669925,126,0
1771685088952000,1771685088952000,1771685088888000,197388,0.21526937,0.013843416,0.42841387,126,0
1771685088956000,1771685088956000,1771685088956000,197388,0.20950016,0.012244825,0.4309301,126,0
1771685089088000,1771685089088000,1771685089024000,197388,0.21492925,0.013904734,0.4295626,126,0
1771685089092000,1771685089092000,1771685089092000,197388,0.21843973,0.015327537,0.42207718,126,0
1771685089224000,1771685089224000,1771685089160000,197388,0.21404198,0.01160056,0.4282129,126,0
1771685089228000,1771685089228000,1771685089228000,197388,0.21605055,0.009932595,0.44173327,126,0
1771685089360000,1771685089360000,1771685089296000,197388,0.2158012,0.014490092,0.42886963,126,0
1771685089364000,1771685089364000,1771685089364000,197388,0.21232021,0.009708075,0.43118495,126,0
1771685089496000,1771685089496000,1771685089432000,197388,0.21434204,0.014480739,0.43135744,126,0
1771685089500000,1771685089500000,1771685089500000,197388,0.20835489,0.013504566,0.4255045,126,0
1771685089632000,1771685089632000,1771685089568000,197388,0.21310775,0.013826837,0.43194172,126,0
1771685089636000,1771685089636000,1771685089636000,197388,0.20870791,0.0125083,0.4354968,126,0
1771685089768000,1771685089768000,1771685089704000,197388,0.21357009,0.013874334,0.42900053,126,0
1771685089772000,1771685089772000,1771685089772000,197388,0.20893413,0.0061424784,0.4305455,126,0
1771685089904000,1771685089904000,1771685089840000,197388,0.21323447,0.012649735,0.42971328,126,0
1771685089908000,1771685089908000,1771685089908000,197388,0.210703,0.010557283,0.43755266,126,0
1771685090040000,1771685090040000,1771685089976000,197388,0.21332125,0.013401177,0.43084115,126,0
1771685090044000,1771685090044000,1771685090044000,197388,0.21819271,0.012872953,0.43322805,126,0
1771685090176000,1771685090176000,1771685090112000,197388,0.21393381,0.012365729,0.431864,126,0
1771685090180000,1771685090180000,1771685090180000,197388,0.21142702,0.005073777,0.4320425,126,0
1771685090312000,1771685090312000,1771685090248000,197388,0.21110272,0.011870515,0.43066972,126,0
1771685090316000,1771685090316000,1771685090316000,197388,0.2139228,0.015814018,0.43765262,126,0
1771685090448000,1771685090448000,1771685090384000,197388,0.21220137,0.013143687,0.43126115,126,0
1771685090452000,1771685090452000,1771685090452000,197388,0.2095705,0.019038923,0.42666423,126,0
1771685090584000,1771685090584000,1771685090520000,197388,0.21448511,0.013388731,0.43151566,126,0
1771685090588000,1771685090588000,1771685090588000,197388,0.21194553,0.0058793924,0.43193418,126,0
1771685090720000,1771685090720000,1771685090656000,197388,0.21287027,0.010688742,0.43023005,126,0
1771685090724000,1771685090724000,1771685090724000,197388,0.21531914,0.015372798,0.43430156,126,0
1771685090856000,1771685090856000,1771685090792000,197388,0.21319288,0.011383192,0.4287674,126,0
1771685090860000,1771685090860000,1771685090860000,197388,0.21016516,0.006042477,0.42160714,126,0
1771685090992000,1771685090992000,1771685090928000,197388,0.21272786,0.011543874,0.43062395,126,0
1771685090996000,1771685090996000,1771685090996000,197388,0.21463795,0.014063871,0.43146256,126,0
1771685091128000,1771685091128000,1771685091064000,197388,0.21342881,0.012024191,0.43069196,126,0
1771685091132000,1771685091132000,1771685091132000,197388,0.209126,0.015190633,0.4299077,126,0
1771685091264000,1771685091264000,1771685091200000,197388,0.21233732,0.010901253,0.43053126,126,0
1771685091268000,1771685091268000,1771685091268000,197388,0.21490061,0.0053043175,0.43227798,126,0
1771685091400000,1771685091400000,1771685091336000,197388,0.21285701,0.012304078,0.43078953,126,0
1771685091404000,1771685091404000,1771685091404000,197388,0.22558263,0.0049476796,0.43032,126,0
1771685091536000,1771685091536000,1771685091472000,197388,0.21471204,0.011867854,0.42996454,126,0
1771685091540000,1771685091540000,1771685091540000,197388,0.20693047,0.012043687,0.43542507,126,0
1771685091672000,1771685091672000,1771685091608000,197388,0.21494783,0.012069732,0.432389,126,0
1771685091676000,1771685091676000,1771685091676000,197388,0.22223264,0.011650051,0.43402037,126,0
1771685091808000,1771685091808000,1771685091744000,197388,0.21463972,0.010540872,0.42907387,126,0
1771685091812000,1771685091812000,1771685091812000,197388,0.2199354,0.018690323,0.42984244,126,0
1771685091944000,1771685091944000,1771685091880000,197388,0.21375868,0.0098348195,0.42953303,126,0
1771685091948000,1771685091948000,1771685091948000,197388,0.22250614,0.022434065,0.42868438,126,0
1771685092080000,1771685092080000,1771685092016000,197388,0.21413532,0.01126592,0.43128476,126,0
1771685092084000,1771685092084000,1771685092084000,197388,0.2201775,0.0050972635,0.43567762,126,0
1771685092216000,1771685092216000,1771685092152000,197388,0.21294574,0.010687905,0.42949986,126,0
1771685092220000,1771685092220000,1771685092220000,197388,0.20931129,0.0036126103,0.43188414,126,0
1771685092352000,1771685092352000,1771685092288000,197388,0.21566346,0.0106060635,0.4313178,126,0
1771685092356000,1771685092356000,1771685092356000,197388,0.21400177,0.013322829,0.43803367,126,0
1771685092488000,1771685092488000,1771685092424000,197388,0.2140774,0.011210092,0.4306699,126,0
1771685092492000,1771685092492000,1771685092492000,197388,0.22003096,0.011873999,0.42755896,126,0
1771685092624000,1771685092624000,1771685092560000,197388,0.21538034,0.008888044,0.42777267,126,0
1771685092628000,1771685092628000,1771685092628000,197388,0.21730304,0.01309363,0.43149996,126,0
1771685092760000,1771685092760000,1771685092696000,197388,0.21359842,0.011491286,0.43005344,126,0
1771685092764000,1771685092764000,1771685092764000,197388,0.21934307,0.012359806,0.42845184,126,0
1771685092896000,1771685092896000,1771685092832000,197388,0.21339369,0.011171201,0.42984575,126,0
1771685092900000,1771685092900000,1771685092900000,197388,0.21583803,0.012753148,0.4365236,126,0
1771685093032000,1771685093032000,1771685092968000,197388,0.21362354,0.011610703,0.42982143,126,0
1771685093036000,1771685093036000,1771685093036000,197388,0.21021749,0.0061844513,0.4246403,126,0
1771685093168000,1771685093168000,1771685093104000,197388,0.21519636,0.012438362,0.42852387,126,0
1771685093172000,1771685093172000,1771685093172000,197388,0.2244272,0.006348609,0.42917782,126,0
1771685093304000,1771685093304000,1771685093240000,197388,0.21476758,0.012652961,0.43043083,126,0
1771685093308000,1771685093308000,1771685093308000,197388,0.2103625,0.0050439914,0.43422958,126,0
1771685093440000,1771685093440000,1771685093376000,197388,0.21525271,0.012083307,0.42944294,126,0
1771685093444000,1771685093444000,1771685093444000,197388,0.21732938,0.010812402,0.42817765,126,0
1771685093576000,1771685093576000,1771685093512000,197388,0.21606377,0.012226083,0.429539,126,0
1771685093580000,1771685093580000,1771685093580000,197388,0.2114072,-7.772938e-06,0.4325774,126,0
1771685093712000,1771685093712000,1771685093648000,197388,0.2136095,0.011976136,0.42956507,126,0
1771685093716000,1771685093716000,1771685093716000,197388,0.21161136,0.014412771,0.43342367,126,0
1771685093848000,1771685093848000,1771685093784000,197388,0.2156981,0.01115722,0.43008953,126,0
1771685093852000,1771685093852000,1771685093852000,197388,0.21069588,0.015832456,0.4306774,126,0
1771685093984000,1771685093984000,1771685093920000,197388,0.21590884,0.013489702,0.4297124,126,0
1771685093988000,1771685093988000,1771685093988000,197388,0.21111101,0.012516802,0.42037347,126,0
1771685094120000,1771685094120000,1771685094056000,197388,0.21546745,0.013322636,0.4299106,126,0
1771685094124000,1771685094124000,1771685094124000,197388,0.21923324,0.019800724,0.42696598,126,0
1771685094256000,1771685094256000,1771685094192000,197388,0.21734554,0.013756601,0.43031716,126,0
1771685094260000,1771685094260000,1771685094260000,197388,0.22469105,0.005817441,0.4398542,126,0
1771685094392000,1771685094392000,1771685094328000,197388,0.21511917,0.014097007,0.43060595,126,0
1771685094396000,1771685094396000,1771685094396000,197388,0.22162244,0.022265976,0.42918733,126,0
1771685094528000,1771685094528000,1771685094464000,197388,0.21483567,0.013314656,0.42944497,126,0
1771685094532000,1771685094532000,1771685094532000,197388,0.21306519,0.022158455,0.42844513,126,0
1771685094664000,1771685094664000,1771685094600000,197388,0.21568692,0.01500692,0.42945975,126,0
1771685094668000,1771685094668000,1771685094668000,197388,0.22340372,0.01638287,0.4347607,126,0
1771685094800000,1771685094800000,1771685094736000,197388,0.21320948,0.013209849,0.4288653,126,0
1771685094804000,1771685094804000,1771685094804000,197388,0.22053365,0.012370062,0.44144315,126,0
1771685094936000,1771685094936000,1771685094872000,197388,0.2144502,0.014868916,0.42979008,126,0
1771685094940000,1771685094940000,1771685094940000,197388,0.21454369,0.017270934,0.42091668,126,0
1771685095072000,1771685095072000,1771685095008000,197388,0.21583652,0.01310429,0.43043092,126,0
1771685095076000,1771685095076000,1771685095076000,197388,0.21184154,0.0222794,0.4335454,126,0
1771685095208000,1771685095208000,1771685095144000,197388,0.21474406,0.013346772,0.4295852,126,0
1771685095212000,1771685095212000,1771685095212000,197388,0.22382626,0.013748017,0.420533,126,0
1771685095344000,1771685095344000,1771685095280000,197388,0.21644497,0.014247003,0.42962036,126,0
1771685095348000,1771685095348000,1771685095348000,197388,0.22317916,0.01136076,0.4274202,126,0
1771685095480000,1771685095480000,1771685095416000,197388,0.21403809,0.014036109,0.42943814,126,0
1771685095484000,1771685095484000,1771685095484000,197388,0.22574833,0.015964197,0.43445322,126,0
1771685095616000,1771685095616000,1771685095552000,197388,0.21749616,0.014099019,0.42933336,126,0
1771685095620000,1771685095620000,1771685095620000,197388,0.21201564,0.025332332,0.430508,126,0
1771685095752000,1771685095752000,1771685095688000,197388,0.21753359,0.0145249395,0.42848843,126,0
1771685095756000,1771685095756000,1771685095756000,197388,0.21419872,0.013212748,0.43127158,126,0
1771685095888000,1771685095888000,1771685095824000,197388,0.21302678,0.01484489,0.42838404,126,0
1771685095892000,1771685095892000,1771685095892000,197388,0.21434823,0.019795246,0.4350896,126,0
1771685096024000,1771685096024000,1771685095960000,197388,0.21418332,0.014920299,0.4291403,126,0
1771685096028000,1771685096028000,1771685096028000,197388,0.21790868,0.02038121,0.42866862,126,0
1771685096160000,1771685096160000,1771685096096000,197388,0.21566045,0.01273873,0.42953965,126,0
1771685096164000,1771685096164000,1771685096164000,197388,0.21377727,0.010942059,0.42405158,126,0
1771685096296000,1771685096296000,1771685096232000,197388,0.21614344,0.012532713,0.4298121,126,0
1771685096300000,1771685096300000,1771685096300000,197388,0.21311922,0.013015297,0.42183092,126,0
1771685096432000,1771685096432000,1771685096368000,197388,0.2160223,0.0138119925,0.42795292,126,0
1771685096436000,1771685096436000,1771685096436000,197388,0.21445766,0.0069918735,0.4256131,126,0
1771685096568000,1771685096568000,1771685096504000,197388,0.21622096,0.012909369,0.43167737,126,0
1771685096572000,1771685096572000,1771685096572000,197388,0.21757512,0.015914353,0.4351663,126,0
1771685096704000,1771685096704000,1771685096640000,197388,0.2154946,0.013148628,0.42900756,126,0
1771685096708000,1771685096708000,1771685096708000,197388,0.21412435,0.00999069,0.43322575,126,0
1771685096840000,1771685096840000,1771685096776000,197388,0.214766,0.012895028,0.42715937,126,0
1771685096844000,1771685096844000,1771685096844000,197388,0.22121507,0.011737453,0.4358813,126,0
1771685096976000,1771685096976000,1771685096912000,197388,0.21527493,0.013466032,0.43043524,126,0
1771685096980000,1771685096980000,1771685096980000,197388,0.2131344,0.011090427,0.42914805,126,0
1771685097112000,1771685097112000,1771685097048000,197388,0.21554455,0.013563621,0.42973536,126,0
1771685097116000,1771685097116000,1771685097116000,197388,0.21621661,0.00562111,0.4246773,126,0
1771685097248000,1771685097248000,1771685097184000,197388,0.2146021,0.013147501,0.4294784,126,0
1771685097252000,1771685097252000,1771685097252000,197388,0.21640827,0.013387886,0.4313769,126,0
1771685097384000,1771685097384000,1771685097320000,197388,0.21455556,0.014007697,0.43137637,126,0
1771685097388000,1771685097388000,1771685097388000,197388,0.20275714,0.0082571,0.43557057,126,0
1771685097520000,1771685097520000,1771685097456000,197388,0.21426797,0.012430116,0.42917088,126,0
1771685097524000,1771685097524000,1771685097524000,197388,0.20692876,0.017794052,0.43109295,126,0
1771685097656000,1771685097656000,1771685097592000,197388,0.21615082,0.013778563,0.4300573,126,0
1771685097660000,1771685097660000,1771685097660000,197388,0.21304436,0.020418828,0.42893237,126,0
1771685097792000,1771685097792000,1771685097728000,197388,0.21423638,0.012203005,0.42817718,126,0
1771685097796000,1771685097796000,1771685097796000,197388,0.21269093,0.018344717,0.42670634,126,0
1771685097928000,1771685097928000,1771685097864000,197388,0.21638148,0.012431229,0.43063638,126,0
1771685097932000,1771685097932000,1771685097932000,197388,0.21745844,0.012763488,0.43696374,126,0
1771685098064000,1771685098064000,1771685098000000,197388,0.21544173,0.011245489,0.42939132,126,0
1771685098068000,1771685098068000,1771685098068000,197388,0.21350163,-0.00026138916,0.4245496,126,0
1771685098200000,1771685098200000,1771685098136000,197388,0.21558604,0.012458343,0.43041605,126,0
1771685098204000,1771685098204000,1771685098204000,197388,0.21184921,0.01116,0.42207822,126,0
1771685098336000,1771685098336000,1771685098272000,197388,0.21578912,0.013332451,0.42949665,126,0
1771685098340000,1771685098340000,1771685098340000,197388,0.21448739,0.0191771,0.4386876,126,0
1771685098472000,1771685098472000,1771685098408000,197388,0.21627009,0.01120341,0.43059155,126,0
1771685098476000,1771685098476000,1771685098476000,197388,0.22034173,0.015349664,0.4273494,126,0
1771685098608000,1771685098608000,1771685098544000,197388,0.21493386,0.011685752,0.43054298,126,0
1771685098612000,1771685098612000,1771685098612000,197388,0.21552028,0.017277112,0.42355815,126,0
1771685098744000,1771685098744000,1771685098680000,197388,0.21443632,0.011869889,0.42967436,126,0
1771685098748000,1771685098748000,1771685098748000,197388,0.22355899,0.01435687,0.42338243,126,0
1771685098880000,1771685098880000,1771685098816000,197388,0.21546057,0.011274638,0.42888504,126,0
1771685098884000,1771685098884000,1771685098884000,197388,0.20787348,0.010987356,0.42698747,126,0
1771685099016000,1771685099016000,1771685098952000,197388,0.21564154,0.012462165,0.42935285,126,0
1771685099020000,1771685099020000,1771685099020000,197388,0.207104,0.009921398,0.4265944,126,0
1771685099152000,1771685099152000,1771685099088000,197388,0.21379466,0.012546871,0.42856362,126,0
1771685099156000,1771685099156000,1771685099156000,197388,0.21366102,0.008686033,0.43157566,126,0
1771685099288000,1771685099288000,1771685099224000,197388,0.21564265,0.009999473,0.43015486,126,0
1771685099292000,1771685099292000,1771685099292000,197388,0.22132288,0.014232102,0.43047407,126,0
1771685099424000,1771685099424000,1771685099360000,197388,0.21370195,0.011254858,0.42991674,126,0
1771685099428000,1771685099428000,1771685099428000,197388,0.21034867,0.015809694,0.42074272,126,0
1771685099560000,1771685099560000,1771685099496000,197388,0.21423396,0.011931113,0.43094593,126,0
1771685099564000,1771685099564000,1771685099564000,197388,0.21791542,0.016807681,0.42629075,126,0
1771685099696000,1771685099696000,1771685099632000,197388,0.21212167,0.011829161,0.43020967,126,0
1771685099700000,1771685099700000,1771685099700000,197388,0.20757116,0.010237499,0.43333235,126,0
1771685099832000,1771685099832000,1771685099768000,197388,0.2153428,0.011514258,0.43065035,126,0
1771685099836000,1771685099836000,1771685099836000,197388,0.21835847,0.01576475,0.43128893,126,0
1771685099968000,1771685099968000,1771685099904000,197388,0.21438695,0.012580843,0.43066224,126,0
1771685099972000,1771685099972000,1771685099972000,197388,0.22329342,0.004494201,0.43276304,126,0
1771685100104000,1771685100104000,1771685100040000,197388,0.21420184,0.011713368,0.42928404,126,0
1771685100108000,1771685100108000,1771685100108000,197388,0.20574535,0.0129240705,0.42557243,126,0
1771685100240000,1771685100240000,1771685100176000,197388,0.21403958,0.012182858,0.43144628,126,0
1771685100244000,1771685100244000,1771685100244000,197388,0.21177442,0.00978366,0.43410224,126,0
1771685100376000,1771685100376000,1771685100312000,197388,0.21431781,0.011512485,0.43111414,126,0
1771685100380000,1771685100380000,1771685100380000,197388,0.21763378,0.009172933,0.43525943,126,0
1771685100512000,1771685100512000,1771685100448000,197388,0.21312949,0.010256651,0.42941773,126,0
1771685100516000,1771685100516000,1771685100516000,197388,0.21378843,0.008483069,0.42142922,126,0
1771685100648000,1771685100648000,1771685100584000,197388,0.21228214,0.010907443,0.42954463,126,0
1771685100652000,1771685100652000,1771685100652000,197388,0.21230891,0.017190212,0.43123716,126,0
1771685100784000,1771685100784000,1771685100720000,197388,0.21426076,0.011000612,0.43067923,126,0
1771685100788000,1771685100788000,1771685100788000,197388,0.2194294,0.014533136,0.43102056,126,0
1771685100920000,1771685100920000,1771685100856000,197388,0.21369883,0.013037815,0.43097216,126,0
1771685100924000,1771685100924000,1771685100924000,197388,0.21308032,0.012237823,0.43135527,126,0
1771685101056000,1771685101056000,1771685100992000,197388,0.21281588,0.011388673,0.43158644,126,0
1771685101060000,1771685101060000,1771685101060000,197388,0.2069952,0.011426472,0.43276542,126,0
1771685101192000,1771685101192000,1771685101128000,197388,0.21438357,0.011598395,0.42952594,126,0
1771685101196000,1771685101196000,1771685101196000,197388,0.20164776,0.009978019,0.4297903,126,0
1771685101328000,1771685101328000,1771685101264000,197388,0.21386285,0.011657123,0.4313776,126,0
1771685101332000,1771685101332000,1771685101332000,197388,0.22305924,0.009071823,0.430592,126,0
1771685101464000,1771685101464000,1771685101400000,197388,0.21241967,0.012650595,0.430052,126,0
1771685101468000,1771685101468000,1771685101468000,197388,0.21431665,0.0037835836,0.43382785,126,0
1771685101600000,1771685101600000,1771685101536000,197388,0.2133314,0.011169814,0.42992604,126,0
1771685101604000,1771685101604000,1771685101604000,197388,0.21845618,0.005951646,0.42968616,126,0
1771685101736000,1771685101736000,1771685101672000,197388,0.21612927,0.011956995,0.43039688,126,0
1771685101740000,1771685101740000,1771685101740000,197388,0.21524884,0.018680561,0.42661458,126,0
1771685101872000,1771685101872000,1771685101808000,197388,0.21511541,0.0125984745,0.42970246,126,0
1771685101876000,1771685101876000,1771685101876000,197388,0.21108566,0.01529188,0.4407419,126,0
1771685102008000,1771685102008000,1771685101944000,197388,0.21593478,0.011461649,0.42879105,126,0
1771685102012000,1771685102012000,1771685102012000,197388,0.20728704,0.014414987,0.4340328,126,0
1771685102144000,1771685102144000,1771685102080000,197388,0.21495518,0.011655003,0.42912453,126,0
1771685102148000,1771685102148000,1771685102148000,197388,0.21513185,0.008507595,0.426124,126,0
1771685102280000,1771685102280000,1771685102216000,197388,0.21483538,0.011515689,0.4300867,126,0
1771685102284000,1771685102284000,1771685102284000,197388,0.22534738,0.006844856,0.42781922,126,0
1771685102416000,1771685102416000,1771685102352000,197388,0.21522902,0.013390768,0.42888921,126,0
1771685102420000,1771685102420000,1771685102420000,197388,0.2151032,0.0071743657,0.42111287,126,0
1771685102552000,1771685102552000,1771685102488000,197388,0.21728939,0.013230729,0.43094057,126,0
1771685102556000,1771685102556000,1771685102556000,197388,0.21571985,0.007964499,0.4280405,126,0
1771685102688000,1771685102688000,1771685102624000,197388,0.21425365,0.012602854,0.4294381,126,0
1771685102692000,1771685102692000,1771685102692000,197388,0.21000987,0.0052988813,0.4290448,126,0
1771685102824000,1771685102824000,1771685102760000,197388,0.2148655,0.0122306235,0.42984194,126,0
1771685102828000,1771685102828000,1771685102828000,197388,0.21876857,0.0067705195,0.4255867,126,0
1771685102960000,1771685102960000,1771685102896000,197388,0.21558586,0.011571464,0.42986873,126,0
1771685102964000,1771685102964000,1771685102964000,197388,0.22044918,0.012687426,0.4249924,126,0
1771685103096000,1771685103096000,1771685103032000,197388,0.21468925,0.013019449,0.4301064,126,0
1771685103100000,1771685103100000,1771685103100000,197388,0.22459407,0.01822556,0.42697173,126,0
1771685103232000,1771685103232000,1771685103168000,197388,0.2155511,0.011665717,0.42919558,126,0
1771685103236000,1771685103236000,1771685103236000,197388,0.21790235,0.015607503,0.43142584,126,0
1771685103368000,1771685103368000,1771685103304000,197388,0.21486017,0.011852839,0.42972544,126,0
1771685103372000,1771685103372000,1771685103372000,197388,0.21681957,0.013643901,0.4343671,126,0
1771685103504000,1771685103504000,1771685103440000,197388,0.21554992,0.01394648,0.42960188,126,0
1771685103508000,1771685103508000,1771685103508000,197388,0.21655281,0.009339343,0.42439708,126,0
1771685103640000,1771685103640000,1771685103576000,197388,0.21765473,0.012075821,0.4289746,126,0
1771685103644000,1771685103644000,1771685103644000,197388,0.21938331,0.010692579,0.43162963,126,0
1771685103776000,1771685103776000,1771685103712000,197388,0.21717066,0.010785447,0.42894897,126,0
1771685103780000,1771685103780000,1771685103780000,197388,0.20972687,0.010477975,0.43111318,126,0
1771685103912000,1771685103912000,1771685103848000,197388,0.21668068,0.012699692,0.42915377,126,0
1771685103916000,1771685103916000,1771685103916000,197388,0.22287157,0.015644573,0.43202066,126,0
1771685104048000,1771685104048000,1771685103984000,197388,0.21510443,0.0109111825,0.42896593,126,0
1771685104052000,1771685104052000,1771685104052000,197388,0.21011299,0.0061742244,0.42659202,126,0
1771685104184000,1771685104184000,1771685104120000,197388,0.2172403,0.012129344,0.4300735,126,0
1771685104188000,1771685104188000,1771685104188000,197388,0.21606931,0.015018772,0.4305079,126,0
1771685104320000,1771685104320000,1771685104256000,197388,0.215378,0.010819728,0.42906508,126,0
1771685104324000,1771685104324000,1771685104324000,197388,0.20108089,0.0040409896,0.42726532,126,0
1771685104456000,1771685104456000,1771685104392000,197388,0.21501851,0.011673021,0.42821193,126,0
1771685104460000,1771685104460000,1771685104460000,197388,0.2144146,0.011831479,0.4230679,126,0
1771685104592000,1771685104592000,1771685104528000,197388,0.21603306,0.010511843,0.4307437,126,0
1771685104596000,1771685104596000,1771685104596000,197388,0.21331479,0.022987843,0.42686033,126,0
1771685104728000,1771685104728000,1771685104664000,197388,0.2170301,0.010446299,0.4286117,126,0
1771685104732000,1771685104732000,1771685104732000,197388,0.22356966,0.015052973,0.420246,126,0
1771685104864000,1771685104864000,1771685104800000,197388,0.21393745,0.012052474,0.42970428,126,0
1771685104868000,1771685104868000,1771685104868000,197388,0.21273844,0.018696247,0.43411893,126,0
1771685105000000,1771685105000000,1771685104936000,197388,0.2160444,0.01362033,0.42938006,126,0
1771685105004000,1771685105004000,1771685105004000,197388,0.21058172,0.01956336,0.4300538,126,0
1771685105136000,1771685105136000,1771685105072000,197388,0.21500048,0.010100226,0.429813,126,0
1771685105140000,1771685105140000,1771685105140000,197388,0.20768432,0.013731544,0.42348075,126,0
1771685105272000,1771685105272000,1771685105208000,197388,0.21471147,0.011725239,0.4301105,126,0
1771685105276000,1771685105276000,1771685105276000,197388,0.22097345,0.0038467166,0.42668614,126,0
1771685105408000,1771685105408000,1771685105344000,197388,0.21579874,0.011254467,0.42875683,126,0
1771685105412000,1771685105412000,1771685105412000,197388,0.21611576,0.010887723,0.433055,126,0
1771685105544000,1771685105544000,1771685105480000,197388,0.21554963,0.011952368,0.42960435,126,0
1771685105548000,1771685105548000,1771685105548000,197388,0.22102529,0.011804778,0.42147145,126,0
1771685105680000,1771685105680000,1771685105616000,197388,0.21556057,0.010147153,0.4284456,126,0
1771685105684000,1771685105684000,1771685105684000,197388,0.21777867,0.0118244225,0.434498,126,0
1771685105816000,1771685105816000,1771685105752000,197388,0.21660814,0.011686532,0.4292903,126,0
1771685105820000,1771685105820000,1771685105820000,197388,0.21574582,0.011254421,0.41990975,126,0
1771685105952000,1771685105952000,1771685105888000,197388,0.2138174,0.010260189,0.43066233,126,0
1771685105956000,1771685105956000,1771685105956000,197388,0.21548924,0.009375693,0.43187067,126,0
1771685106088000,1771685106088000,1771685106024000,197388,0.21480612,0.009689709,0.429915,126,0
1771685106092000,1771685106092000,1771685106092000,197388,0.21418656,0.013799891,0.43456426,126,0
1771685106224000,1771685106224000,1771685106160000,197388,0.21353395,0.01295313,0.43049878,126,0
1771685106228000,1771685106228000,1771685106228000,197388,0.21387663,0.0016633788,0.44219932,126,0
1771685106360000,1771685106360000,1771685106296000,197388,0.21450424,0.0112904925,0.42986462,126,0
1771685106364000,1771685106364000,1771685106364000,197388,0.22013769,0.019728744,0.42441517,126,0
1771685106496000,1771685106496000,1771685106432000,197388,0.21273077,0.0118210325,0.42919463,126,0
1771685106500000,1771685106500000,1771685106500000,197388,0.21178885,0.00545564,0.4247058,126,0
1771685106632000,1771685106632000,1771685106568000,197388,0.21373019,0.012578204,0.42832604,126,0
1771685106636000,1771685106636000,1771685106636000,197388,0.21845344,0.011730912,0.4330059,126,0
1771685106768000,1771685106768000,1771685106704000,197388,0.2132398,0.013863487,0.43096158,126,0
1771685106772000,1771685106772000,1771685106772000,197388,0.22194067,0.0027276764,0.43139315,126,0
1771685106904000,1771685106904000,1771685106840000,197388,0.2135393,0.013418722,0.4284872,126,0
1771685106908000,1771685106908000,1771685106908000,197388,0.2141342,0.019359756,0.4361085,126,0
1771685107040000,1771685107040000,1771685106976000,197388,0.21522057,0.01445967,0.4302772,126,0
1771685107044000,1771685107044000,1771685107044000,197388,0.21086638,0.020849831,0.44275695,126,0
1771685107176000,1771685107176000,1771685107112000,197388,0.21545628,0.015006803,0.43102667,126,0
1771685107180000,1771685107180000,1771685107180000,197388,0.2184261,0.009904856,0.433943,126,0
1771685107312000,1771685107312000,1771685107248000,197388,0.21628845,0.014981488,0.4291704,126,0
1771685107316000,1771685107316000,1771685107316000,197388,0.20947903,0.025049753,0.43295532,126,0
1771685107448000,1771685107448000,1771685107384000,197388,0.21467108,0.013874441,0.4293337,126,0
1771685107452000,1771685107452000,1771685107452000,197388,0.21247122,0.007447611,0.43049982,126,0
1771685107584000,1771685107584000,1771685107520000,197388,0.21557836,0.015116008,0.43031183,126,0
1771685107588000,1771685107588000,1771685107588000,197388,0.21820204,0.01707094,0.42275235,126,0
1771685107720000,1771685107720000,1771685107656000,197388,0.21399352,0.013842177,0.4293449,126,0
1771685107724000,1771685107724000,1771685107724000,197388,0.21309602,0.017352298,0.4382983,126,0
1771685107856000,1771685107856000,1771685107792000,197388,0.21352135,0.0145557625,0.42941174,126,0
1771685107860000,1771685107860000,1771685107860000,197388,0.21909314,0.0100768125,0.4322071,126,0
1771685107992000,1771685107992000,1771685107928000,197388,0.21383756,0.016545052,0.43057048,126,0
1771685107996000,1771685107996000,1771685107996000,197388,0.21546184,0.01142724,0.4221834,126,0
1771685108128000,1771685108128000,1771685108064000,197388,0.2147324,0.014840258,0.42977464,126,0
1771685108132000,1771685108132000,1771685108132000,197388,0.21360223,0.010912776,0.42677137,126,0
1771685108264000,1771685108264000,1771685108200000,197388,0.2144567,0.014144919,0.42947102,126,0
1771685108268000,1771685108268000,1771685108268000,197388,0.20697574,0.015630376,0.43007055,126,0
1771685108400000,1771685108400000,1771685108336000,197388,0.21354167,0.013040496,0.43004006,126,0
1771685108404000,1771685108404000,1771685108404000,197388,0.21503574,0.011577505,0.42553967,126,0
1771685108536000,1771685108536000,1771685108472000,197388,0.214173,0.014151932,0.43004245,126,0
1771685108540000,1771685108540000,1771685108540000,197388,0.21956344,0.021234082,0.4291138,126,0
1771685108672000,1771685108672000,1771685108608000,197388,0.21421583,0.012567279,0.42914286,126,0
1771685108676000,1771685108676000,1771685108676000,197388,0.2181997,0.018263647,0.43219003,126,0
1771685108808000,1771685108808000,1771685108744000,197388,0.21412857,0.0136050135,0.4295749,126,0
1771685108812000,1771685108812000,1771685108812000,197388,0.21470645,0.009933816,0.4409709,126,0
1771685108944000,1771685108944000,1771685108880000,197388,0.21309583,0.012720618,0.43028736,126,0
1771685108948000,1771685108948000,1771685108948000,197388,0.21683569,0.014835023,0.42732856,126,0
1771685109080000,1771685109080000,1771685109016000,197388,0.2149197,0.012948719,0.43023276,126,0
1771685109084000,1771685109084000,1771685109084000,197388,0.21516669,0.015078464,0.43017814,126,0
1771685109216000,1771685109216000,1771685109152000,197388,0.21413843,0.0127385,0.43129602,126,0
1771685109220000,1771685109220000,1771685109220000,197388,0.21879469,0.010721735,0.42681414,126,0
1771685109352000,1771685109352000,1771685109288000,197388,0.21269314,0.012225975,0.42957044,126,0
1771685109356000,1771685109356000,1771685109356000,197388,0.20755029,0.0129951835,0.43081298,126,0
1771685109488000,1771685109488000,1771685109424000,197388,0.21546505,0.013188443,0.4294524,126,0
1771685109492000,1771685109492000,1771685109492000,197388,0.22131683,0.009701678,0.4316899,126,0
1771685109624000,1771685109624000,1771685109560000,197388,0.21373048,0.010814423,0.4291697,126,0
1771685109628000,1771685109628000,1771685109628000,197388,0.21425979,0.01926467,0.442022,126,0
1771685109760000,1771685109760000,1771685109696000,197388,0.21437638,0.010554734,0.43060654,126,0
1771685109764000,1771685109764000,1771685109764000,197388,0.21688195,0.011466566,0.42739242,126,0
1771685109896000,1771685109896000,1771685109832000,197388,0.21334329,0.011330735,0.4310344,126,0
1771685109900000,1771685109900000,1771685109900000,197388,0.21138163,0.013887536,0.43874064,126,0
1771685110032000,1771685110032000,1771685109968000,197388,0.21315163,0.010753587,0.42946804,126,0
1771685110036000,1771685110036000,1771685110036000,197388,0.2055915,0.010421581,0.4328428,126,0
1771685110168000,1771685110168000,1771685110104000,197388,0.2141596,0.011583436,0.43001932,126,0
1771685110172000,1771685110172000,1771685110172000,197388,0.208029,0.008262272,0.43369368,126,0
1771685110304000,1771685110304000,1771685110240000,197388,0.2153149,0.009770076,0.43077773,126,0
1771685110308000,1771685110308000,1771685110308000,197388,0.21307229,0.013683659,0.4251292,126,0
1771685110440000,1771685110440000,1771685110376000,197388,0.21365906,0.009601136,0.4292152,126,0
1771685110444000,1771685110444000,1771685110444000,197388,0.21310137,0.01041814,0.43027714,126,0
1771685110576000,1771685110576000,1771685110512000,197388,0.21560638,0.011303831,0.43047723,126,0
1771685110580000,1771685110580000,1771685110580000,197388,0.21096766,0.011323122,0.43588763,126,0
1771685110712000,1771685110712000,1771685110648000,197388,0.21508262,0.0109339915,0.42953226,126,0
1771685110716000,1771685110716000,1771685110716000,197388,0.22237341,0.018384073,0.4258852,126,0
1771685110848000,1771685110848000,1771685110784000,197388,0.21463248,0.01100502,0.43008336,126,0
1771685110852000,1771685110852000,1771685110852000,197388,0.20916279,0.012711703,0.42802683,126,0
1771685110984000,1771685110984000,1771685110920000,197388,0.21423419,0.0121474955,0.43046302,126,0
1771685110988000,1771685110988000,1771685110988000,197388,0.20763542,0.019180624,0.42855754,126,0
1771685111120000,1771685111120000,1771685111056000,197388,0.21310659,0.01150772,0.42974624,126,0
1771685111124000,1771685111124000,1771685111124000,197388,0.2073537,0.008284435,0.4253459,126,0
1771685111256000,1771685111256000,1771685111192000,197388,0.21349022,0.010575352,0.43093038,126,0
1771685111260000,1771685111260000,1771685111260000,197388,0.20920737,0.013865899,0.4322688,126,0
1771685111392000,1771685111392000,1771685111328000,197388,0.2139511,0.012179816,0.42901942,126,0
1771685111396000,1771685111396000,1771685111396000,197388,0.2122844,0.011744547,0.43287024,126,0
1771685111528000,1771685111528000,1771685111464000,197388,0.21589896,0.010361533,0.4284981,126,0
1771685111532000,1771685111532000,1771685111532000,197388,0.2042018,0.0187432,0.4282676,126,0
1771685111664000,1771685111664000,1771685111600000,197388,0.2171584,0.011917452,0.43057945,126,0
1771685111668000,1771685111668000,1771685111668000,197388,0.21266478,0.016045362,0.43277615,126,0
1771685111800000,1771685111800000,1771685111736000,197388,0.21615972,0.010025222,0.4300768,126,0
1771685111804000,1771685111804000,1771685111804000,197388,0.21638352,0.013759165,0.4210247,126,0
1771685111936000,1771685111936000,1771685111872000,197388,0.2157499,0.012518414,0.4296969,126,0
1771685111940000,1771685111940000,1771685111940000,197388,0.20842606,0.014480226,0.4393881,126,0
1771685112072000,1771685112072000,1771685112008000,197388,0.21606138,0.012273849,0.42893144,126,0
1771685112076000,1771685112076000,1771685112076000,197388,0.22562757,0.012538511,0.432522,126,0
1771685112208000,1771685112208000,1771685112144000,197388,0.21541779,0.011854351,0.43044242,126,0
1771685112212000,1771685112212000,1771685112212000,197388,0.21225233,0.014249511,0.43586028,126,0
1771685112344000,1771685112344000,1771685112280000,197388,0.21585242,0.011763621,0.42772612,126,0
1771685112348000,1771685112348000,1771685112348000,197388,0.2163262,0.015551446,0.42122176,126,0
1771685112480000,1771685112480000,1771685112416000,197388,0.2165234,0.012613338,0.42876476,126,0
1771685112484000,1771685112484000,1771685112484000,197388,0.21813707,0.02036064,0.43296152,126,0
1771685112616000,1771685112616000,1771685112552000,197388,0.2159467,0.012629276,0.42966214,126,0
1771685112620000,1771685112620000,1771685112620000,197388,0.20547736,0.0155220255,0.4250827,126,0
1771685112752000,1771685112752000,1771685112688000,197388,0.21538626,0.011825292,0.42927262,126,0
1771685112756000,1771685112756000,1771685112756000,197388,0.22365287,0.0072936285,0.41930953,126,0
1771685112888000,1771685112888000,1771685112824000,197388,0.21523798,0.013912546,0.42912745,126,0
1771685112892000,1771685112892000,1771685112892000,197388,0.21261238,0.004036067,0.43596318,126,0
1771685113024000,1771685113024000,1771685112960000,197388,0.21762197,0.011806593,0.4305583,126,0
1771685113028000,1771685113028000,1771685113028000,197388,0.21935369,0.016297866,0.42934203,126,0
1771685113160000,1771685113160000,1771685113096000,197388,0.2167095,0.013076725,0.42873096,126,0
1771685113164000,1771685113164000,1771685113164000,197388,0.22279884,0.014761345,0.43278715,126,0
1771685113296000,1771685113296000,1771685113232000,197388,0.21618567,0.013481901,0.43001854,126,0
1771685113300000,1771685113300000,1771685113300000,197388,0.21251367,0.016616473,0.42807055,126,0
1771685113432000,1771685113432000,1771685113368000,197388,0.21557102,0.012773968,0.4283036,126,0
1771685113436000,1771685113436000,1771685113436000,197388,0.21334445,0.011635694,0.42768854,126,0
1771685113568000,1771685113568000,1771685113504000,197388,0.21497074,0.013838255,0.43014097,126,0
1771685113572000,1771685113572000,1771685113572000,197388,0.21888703,0.015250072,0.43052912,126,0
1771685113704000,1771685113704000,1771685113640000,197388,0.21347995,0.012663253,0.4299619,126,0
1771685113708000,1771685113708000,1771685113708000,197388,0.22116399,0.011161637,0.43442214,126,0
1771685113840000,1771685113840000,1771685113776000,197388,0.21424313,0.012783722,0.42940685,126,0
1771685113844000,1771685113844000,1771685113844000,197388,0.21805988,0.010068433,0.43102995,126,0
1771685113976000,1771685113976000,1771685113912000,197388,0.21512066,0.015953233,0.42994362,126,0
1771685113980000,1771685113980000,1771685113980000,197388,0.21373916,0.015668899,0.42828542,126,0
1771685114112000,1771685114112000,1771685114048000,197388,0.2141452,0.013372973,0.43074712,126,0
1771685114116000,1771685114116000,1771685114116000,197388,0.21008945,0.016470153,0.43640098,126,0
1771685114248000,1771685114248000,1771685114184000,197388,0.21485321,0.014349928,0.42872214,126,0
1771685114252000,1771685114252000,1771685114252000,197388,0.21821223,0.014013415,0.4340718,126,0
1771685114384000,1771685114384000,1771685114320000,197388,0.21573018,0.013299627,0.43010312,126,0
1771685114388000,1771685114388000,1771685114388000,197388,0.2192897,0.013163946,0.4327806,126,0
1771685114520000,1771685114520000,1771685114456000,197388,0.21400301,0.014275787,0.4276704,126,0
1771685114524000,1771685114524000,1771685114524000,197388,0.2148496,0.01359432,0.4296747,126,0
1771685114656000,1771685114656000,1771685114592000,197388,0.21492586,0.014015359,0.43023616,126,0
1771685114660000,1771685114660000,1771685114660000,197388,0.209657,0.015838284,0.42581505,126,0
1771685114792000,1771685114792000,1771685114728000,197388,0.21386185,0.013320837,0.42872497,126,0
1771685114796000,1771685114796000,1771685114796000,197388,0.21426983,0.009058121,0.42315188,126,0
1771685114928000,1771685114928000,1771685114864000,197388,0.21523954,0.013068824,0.4292946,126,0
1771685114932000,1771685114932000,1771685114932000,197388,0.21258917,0.014637489,0.42967084,126,0
1771685115064000,1771685115064000,1771685115000000,197388,0.21621875,0.013646867,0.42920607,126,0
1771685115068000,1771685115068000,1771685115068000,197388,0.2171902,0.011309937,0.43054304,126,0
1771685115200000,1771685115200000,1771685115136000,197388,0.21509713,0.012523676,0.4293887,126,0
1771685115204000,1771685115204000,1771685115204000,197388,0.20688523,0.018542275,0.4267494,126,0
1771685115336000,1771685115336000,1771685115272000,197388,0.21516448,0.013317381,0.42787063,126,0
1771685115340000,1771685115340000,1771685115340000,197388,0.21520361,0.016832246,0.43799573,126,0
1771685115472000,1771685115472000,1771685115408000,197388,0.21635053,0.012845252,0.42847666,126,0
1771685115476000,1771685115476000,1771685115476000,197388,0.20857482,0.015507582,0.41611585,126,0
1771685115608000,1771685115608000,1771685115544000,197388,0.21551543,0.011476973,0.43019503,126,0
1771685115612000,1771685115612000,1771685115612000,197388,0.21752802,0.023268046,0.4303857,126,0
1771685115744000,1771685115744000,1771685115680000,197388,0.21589684,0.015142934,0.42743948,126,0
1771685115748000,1771685115748000,1771685115748000,197388,0.21576312,0.02073055,0.4277303,126,0
1771685115880000,1771685115880000,1771685115816000,197388,0.21419567,0.014298521,0.42929268,126,0
1771685115884000,1771685115884000,1771685115884000,197388,0.21324942,0.01582989,0.42285085,126,0
1771685116016000,1771685116016000,1771685115952000,197388,0.21625952,0.014305703,0.42860308,126,0
1771685116020000,1771685116020000,1771685116020000,197388,0.21240641,0.016347522,0.4364482,126,0
1771685116152000,1771685116152000,1771685116088000,197388,0.21593657,0.014256423,0.42918295,126,0
1771685116156000,1771685116156000,1771685116156000,197388,0.20501016,0.012745116,0.42248115,126,0
1771685116288000,1771685116288000,1771685116224000,197388,0.21633875,0.014185013,0.42834532,126,0
1771685116292000,1771685116292000,1771685116292000,197388,0.215017,0.01866624,0.42118558,126,0
1771685116424000,1771685116424000,1771685116360000,197388,0.21634886,0.013573857,0.42990682,126,0
1771685116428000,1771685116428000,1771685116428000,197388,0.20866773,0.010999574,0.423276,126,0
1771685116560000,1771685116560000,1771685116496000,197388,0.21299565,0.01372449,0.43098223,126,0
1771685116564000,1771685116564000,1771685116564000,197388,0.21558098,0.010131756,0.432475,126,0
1771685116696000,1771685116696000,1771685116632000,197388,0.21626669,0.013080691,0.42879054,126,0
1771685116700000,1771685116700000,1771685116700000,197388,0.22282855,0.006049929,0.43292037,126,0
1771685116832000,1771685116832000,1771685116768000,197388,0.21566626,0.011730823,0.429889,126,0
1771685116836000,1771685116836000,1771685116836000,197388,0.21838072,0.013170219,0.4426705,126,0
1771685116968000,1771685116968000,1771685116904000,197388,0.21518072,0.0128663005,0.42894027,126,0
1771685116972000,1771685116972000,1771685116972000,197388,0.20928809,0.011812106,0.4329359,126,0
1771685117104000,1771685117104000,1771685117040000,197388,0.21491815,0.01295605,0.42849773,126,0
1771685117108000,1771685117108000,1771685117108000,197388,0.20742093,0.0075012944,0.43068525,126,0
1771685117240000,1771685117240000,1771685117176000,197388,0.21590038,0.013226369,0.42950207,126,0
1771685117244000,1771685117244000,1771685117244000,197388,0.21304698,0.0127517935,0.43138775,126,0
1771685117376000,1771685117376000,1771685117312000,197388,0.21663237,0.015631324,0.43001306,126,0
1771685117380000,1771685117380000,1771685117380000,197388,0.22592336,0.009924605,0.4313436,126,0
1771685117512000,1771685117512000,1771685117448000,197388,0.21463999,0.013419251,0.42893973,126,0
1771685117516000,1771685117516000,1771685117516000,197388,0.21958865,0.015878772,0.4232985,126,0
1771685117648000,1771685117648000,1771685117584000,197388,0.21488585,0.013553163,0.43035376,126,0
1771685117652000,1771685117652000,1771685117652000,197388,0.21312724,0.017814346,0.43658668,126,0
1771685117784000,1771685117784000,1771685117720000,197388,0.21567626,0.013593425,0.43154627,126,0
1771685117788000,1771685117788000,1771685117788000,197388,0.21802726,0.008507537,0.42874464,126,0
1771685117920000,1771685117920000,1771685117856000,197388,0.2158059,0.013475301,0.42751828,126,0
1771685117924000,1771685117924000,1771685117924000,197388,0.21831681,0.011157155,0.43133086,126,0
1771685118056000,1771685118056000,1771685117992000,197388,0.21597442,0.01432763,0.4283307,126,0
1771685118060000,1771685118060000,1771685118060000,197388,0.21483798,0.011983272,0.4314317,126,0
1771685118192000,1771685118192000,1771685118128000,197388,0.2147844,0.012743071,0.4285938,126,0
1771685118196000,1771685118196000,1771685118196000,197388,0.20896512,0.012185038,0.43392172,126,0
1771685118328000,1771685118328000,1771685118264000,197388,0.2148586,0.011753291,0.4299008,126,0
1771685118332000,1771685118332000,1771685118332000,197388,0.21075961,0.015450548,0.4279428,126,0
1771685118464000,1771685118464000,1771685118400000,197388,0.2158148,0.013721582,0.42765963,126,0
1771685118468000,1771685118468000,1771685118468000,197388,0.21305123,0.014473704,0.432308,126,0
1771685118600000,1771685118600000,1771685118536000,197388,0.21473654,0.012339946,0.4297658,126,0
1771685118604000,1771685118604000,1771685118604000,197388,0.21653299,0.018013056,0.42640176,126,0
1771685118736000,1771685118736000,1771685118672000,197388,0.21527573,0.013358673,0.42856884,126,0
1771685118740000,1771685118740000,1771685118740000,197388,0.21441434,0.007341171,0.41924873,126,0
1771685118872000,1771685118872000,1771685118808000,197388,0.2151812,0.012090306,0.42862839,126,0
1771685118876000,1771685118876000,1771685118876000,197388,0.21428344,0.01220904,0.4301454,126,0
1771685119008000,1771685119008000,1771685118944000,197388,0.21619031,0.013424843,0.42916095,126,0
1771685119012000,1771685119012000,1771685119012000,197388,0.2235943,0.0024086584,0.42902967,126,0
1771685119144000,1771685119144000,1771685119080000,197388,0.21591967,0.013861876,0.4294442,126,0
1771685119148000,1771685119148000,1771685119148000,197388,0.20933942,0.016662331,0.4279062,126,0
1771685119280000,1771685119280000,1771685119216000,197388,0.21589181,0.013341411,0.4288502,126,0
1771685119284000,1771685119284000,1771685119284000,197388,0.20702137,0.0217821,0.43178228,126,0
1771685119416000,1771685119416000,1771685119352000,197388,0.21433733,0.014123483,0.43051225,126,0
1771685119420000,1771685119420000,1771685119420000,197388,0.21545666,0.0149220815,0.4337803,126,0
1771685119552000,1771685119552000,1771685119488000,197388,0.21559426,0.012862442,0.43170434,126,0
1771685119556000,1771685119556000,1771685119556000,197388,0.21928114,0.017936558,0.43242297,126,0
1771685119688000,1771685119688000,1771685119624000,197388,0.21509126,0.013975932,0.43105692,126,0
1771685119692000,1771685119692000,1771685119692000,197388,0.2194799,0.01632383,0.43054783,126,0
