timestamp,pub_timestamp,timestamp_sample,baro_device_id,baro_alt_meter,baro_pressure_pa,ambient_temperature,rho,publisher_id,temperature_source,calibration_count
1771685326400000,1771685326400000,1771685326376000,6620172,487.96664,95599.55,15.0,1.1555907,126,0,1
1771685326452000,1771685326452000,1771685326428000,6620172,487.9338,95599.92,15.0,1.1555952,126,0,1
1771685326504000,1771685326504000,1771685326480000,6620172,487.9103,95600.21,15.0,1.1555986,126,0,1
1771685326556000,1771685326556000,1771685326532000,6620172,487.95258,95599.76,15.0,1.1555932,126,0,1
1771685326608000,1771685326608000,1771685326584000,6620172,488.0136,95599.03,15.0,1.1555843,126,0,1
1771685326660000,1771685326660000,1771685326636000,6620172,488.0089,95599.09,15.0,1.1555852,126,0,1
1771685326712000,1771685326712000,1771685326688000,6620172,488.0136,95599.03,15.0,1.1555843,126,0,1
1771685326764000,1771685326764000,1771685326740000,6620172,487.99014,95599.33,15.0,1.1555879,126,0,1
1771685326816000,1771685326816000,1771685326792000,6620172,488.0183,95599.0,15.0,1.155584,126,0,1
1771685326868000,1771685326868000,1771685326844000,6620172,487.94318,95599.86,15.0,1.1555943,126,0,1
1771685326920000,1771685326920000,1771685326896000,6620172,487.97134,95599.5,15.0,1.15559,126,0,1
1771685326972000,1771685326972000,1771685326948000,6620172,487.97134,95599.516,15.0,1.1555903,126,0,1
1771685327024000,1771685327024000,1771685327000000,6620172,487.95728,95599.67,15.0,1.1555921,126,0,1
1771685327076000,1771685327076000,1771685327052000,6620172,487.94788,95599.805,15.0,1.1555938,126,0,1
1771685327128000,1771685327128000,1771685327104000,6620172,487.98544,95599.375,15.0,1.1555885,126,0,1
1771685327180000,1771685327180000,1771685327156000,6620172,487.97134,95599.51,15.0,1.1555902,126,0,1
1771685327232000,1771685327232000,1771685327208000,6620172,487.98544,95599.336,15.0,1.155588,126,0,1
1771685327284000,1771685327284000,1771685327260000,6620172,487.99014,95599.32,15.0,1.1555879,126,0,1
1771685327336000,1771685327336000,1771685327312000,6620172,487.9338,95599.95,15.0,1.1555955,126,0,1
1771685327388000,1771685327388000,1771685327364000,6620172,487.99014,95599.28,15.0,1.1555874,126,0,1
1771685327440000,1771685327440000,1771685327416000,6620172,487.97134,95599.53,15.0,1.1555904,126,0,1
1771685327492000,1771685327492000,1771685327468000,6620172,487.95728,95599.695,15.0,1.1555924,126,0,1
1771685327544000,1771685327544000,1771685327520000,6620172,487.94788,95599.805,15.0,1.1555938,126,0,1
1771685327596000,1771685327596000,1771685327572000,6620172,487.96198,95599.664,15.0,1.1555921,126,0,1
1771685327648000,1771685327648000,1771685327624000,6620172,487.9197,95600.11,15.0,1.1555974,126,0,1
1771685327700000,1771685327700000,1771685327676000,6620172,488.0136,95599.055,15.0,1.1555847,126,0,1
1771685327752000,1771685327752000,1771685327728000,6620172,487.96664,95599.57,15.0,1.1555909,126,0,1
1771685327804000,1771685327804000,1771685327780000,6620172,487.96198,95599.64,15.0,1.1555917,126,0,1
1771685327856000,1771685327856000,1771685327832000,6620172,487.9995,95599.195,15.0,1.1555864,126,0,1
1771685327908000,1771685327908000,1771685327884000,6620172,488.0183,95599.0,15.0,1.155584,126,0,1
1771685327960000,1771685327960000,1771685327936000,6620172,487.95258,95599.76,15.0,1.1555932,126,0,1
1771685328012000,1771685328012000,1771685327988000,6620172,487.98544,95599.38,15.0,1.1555886,126,0,1
1771685328064000,1771685328064000,1771685328040000,6620172,487.97134,95599.53,15.0,1.1555904,126,0,1
1771685328116000,1771685328116000,1771685328092000,6620172,488.0089,95599.086,15.0,1.155585,126,0,1
1771685328168000,1771685328168000,1771685328144000,6620172,488.0042,95599.14,15.0,1.1555856,126,0,1
1771685328220000,1771685328220000,1771685328196000,6620172,488.0089,95599.07,15.0,1.1555848,126,0,1
1771685328272000,1771685328272000,1771685328248000,6620172,487.98074,95599.42,15.0,1.1555891,126,0,1
1771685328324000,1771685328324000,1771685328300000,6620172,488.0183,95598.984,15.0,1.1555839,126,0,1
1771685328376000,1771685328376000,1771685328352000,6620172,487.97134,95599.54,15.0,1.1555905,126,0,1
1771685328428000,1771685328428000,1771685328404000,6620172,487.95258,95599.734,15.0,1.1555929,126,0,1
1771685328480000,1771685328480000,1771685328456000,6620172,487.97604,95599.484,15.0,1.1555898,126,0,1
1771685328532000,1771685328532000,1771685328508000,6620172,488.0136,95599.055,15.0,1.1555847,126,0,1
1771685328584000,1771685328584000,1771685328560000,6620172,488.023,95598.914,15.0,1.155583,126,0,1
1771685328636000,1771685328636000,1771685328612000,6620172,487.94788,95599.805,15.0,1.1555938,126,0,1
1771685328688000,1771685328688000,1771685328664000,6620172,487.95258,95599.71,15.0,1.1555926,126,0,1
1771685328740000,1771685328740000,1771685328716000,6620172,487.94318,95599.84,15.0,1.1555942,126,0,1
1771685328792000,1771685328792000,1771685328768000,6620172,487.94788,95599.78,15.0,1.1555934,126,0,1
1771685328844000,1771685328844000,1771685328820000,6620172,487.97604,95599.46,15.0,1.1555896,126,0,1
1771685328896000,1771685328896000,1771685328872000,6620172,487.96664,95599.555,15.0,1.1555907,126,0,1
1771685328948000,1771685328948000,1771685328924000,6620172,487.94788,95599.79,15.0,1.1555935,126,0,1
1771685329000000,1771685329000000,1771685328976000,6620172,487.97134,95599.49,15.0,1.1555899,126,0,1
1771685329052000,1771685329052000,1771685329028000,6620172,487.96198,95599.64,15.0,1.1555917,126,0,1
1771685329104000,1771685329104000,1771685329080000,6620172,487.97134,95599.49,15.0,1.1555899,126,0,1
1771685329156000,1771685329156000,1771685329132000,6620172,488.0089,95599.11,15.0,1.1555853,126,0,1
1771685329208000,1771685329208000,1771685329184000,6620172,487.95258,95599.75,15.0,1.155593,126,0,1
1771685329260000,1771685329260000,1771685329236000,6620172,488.0042,95599.13,15.0,1.1555856,126,0,1
1771685329312000,1771685329312000,1771685329288000,6620172,487.95258,95599.734,15.0,1.1555929,126,0,1
1771685329364000,1771685329364000,1771685329340000,6620172,487.99014,95599.29,15.0,1.1555876,126,0,1
1771685329416000,1771685329416000,1771685329392000,6620172,488.0042,95599.18,15.0,1.1555861,126,0,1
1771685329468000,1771685329468000,1771685329444000,6620172,488.0042,95599.17,15.0,1.1555861,126,0,1
1771685329520000,1771685329520000,1771685329496000,6620172,487.98074,95599.42,15.0,1.1555891,126,0,1
1771685329572000,1771685329572000,1771685329548000,6620172,488.0089,95599.09,15.0,1.1555852,126,0,1
1771685329624000,1771685329624000,1771685329600000,6620172,487.97134,95599.54,15.0,1.1555905,126,0,1
1771685329676000,1771685329676000,1771685329652000,6620172,487.96198,95599.62,15.0,1.1555915,126,0,1
1771685329728000,1771685329728000,1771685329704000,6620172,487.97604,95599.445,15.0,1.1555893,126,0,1
1771685329780000,1771685329780000,1771685329756000,6620172,487.96664,95599.555,15.0,1.1555907,126,0,1
1771685329832000,1771685329832000,1771685329808000,6620172,487.95258,95599.734,15.0,1.1555929,126,0,1
1771685329884000,1771685329884000,1771685329860000,6620172,487.98074,95599.414,15.0,1.155589,126,0,1
1771685329936000,1771685329936000,1771685329912000,6620172,488.0042,95599.125,15.0,1.1555855,126,0,1
1771685329988000,1771685329988000,1771685329964000,6620172,487.99484,95599.266,15.0,1.1555872,126,0,1
1771685330040000,1771685330040000,1771685330016000,6620172,488.03708,95598.79,15.0,1.1555815,126,0,1
1771685330092000,1771685330092000,1771685330068000,6620172,487.95728,95599.695,15.0,1.1555924,126,0,1
1771685330144000,1771685330144000,1771685330120000,6620172,487.9995,95599.195,15.0,1.1555864,126,0,1
1771685330196000,1771685330196000,1771685330172000,6620172,487.99014,95599.305,15.0,1.1555877,126,0,1
1771685330248000,1771685330248000,1771685330224000,6620172,488.02768,95598.88,15.0,1.1555825,126,0,1
1771685330300000,1771685330300000,1771685330276000,6620172,487.9995,95599.195,15.0,1.1555864,126,0,1
1771685330352000,1771685330352000,1771685330328000,6620172,487.94318,95599.83,15.0,1.155594,126,0,1
1771685330404000,1771685330404000,1771685330380000,6620172,487.99484,95599.25,15.0,1.1555871,126,0,1
1771685330456000,1771685330456000,1771685330432000,6620172,488.0136,95599.04,15.0,1.1555845,126,0,1
1771685330508000,1771685330508000,1771685330484000,6620172,488.0136,95599.016,15.0,1.1555842,126,0,1
1771685330560000,1771685330560000,1771685330536000,6620172,488.0042,95599.17,15.0,1.1555861,126,0,1
1771685330612000,1771685330612000,1771685330588000,6620172,487.98544,95599.34,15.0,1.1555882,126,0,1
1771685330664000,1771685330664000,1771685330640000,6620172,488.07935,95598.25,15.0,1.1555749,126,0,1
1771685330716000,1771685330716000,1771685330692000,6620172,488.06055,95598.51,15.0,1.155578,126,0,1
1771685330768000,1771685330768000,1771685330744000,6620172,488.06055,95598.47,15.0,1.1555775,126,0,1
1771685330820000,1771685330820000,1771685330796000,6620172,488.07465,95598.33,15.0,1.1555759,126,0,1
1771685330872000,1771685330872000,1771685330848000,6620172,488.13098,95597.7,15.0,1.1555684,126,0,1
1771685330924000,1771685330924000,1771685330900000,6620172,488.14038,95597.58,15.0,1.1555668,126,0,1
1771685330976000,1771685330976000,1771685330952000,6620172,488.16385,95597.305,15.0,1.1555635,126,0,1
1771685331028000,1771685331028000,1771685331004000,6620172,488.19202,95597.0,15.0,1.1555598,126,0,1
1771685331080000,1771685331080000,1771685331056000,6620172,488.20142,95596.91,15.0,1.1555587,126,0,1
1771685331132000,1771685331132000,1771685331108000,6620172,488.22958,95596.58,15.0,1.1555548,126,0,1
1771685331184000,1771685331184000,1771685331160000,6620172,488.28592,95595.914,15.0,1.1555467,126,0,1
1771685331236000,1771685331236000,1771685331212000,6620172,488.28592,95595.88,15.0,1.1555463,126,0,1
1771685331288000,1771685331288000,1771685331264000,6620172,488.34695,95595.22,15.0,1.1555383,126,0,1
1771685331340000,1771685331340000,1771685331316000,6620172,488.45493,95593.95,15.0,1.155523,126,0,1
1771685331392000,1771685331392000,1771685331368000,6620172,488.4972,95593.49,15.0,1.1555175,126,0,1
1771685331444000,1771685331444000,1771685331420000,6620172,488.53476,95593.04,15.0,1.155512,126,0,1
1771685331496000,1771685331496000,1771685331472000,6620172,488.57233,95592.64,15.0,1.1555071,126,0,1
1771685331548000,1771685331548000,1771685331524000,6620172,488.63803,95591.91,15.0,1.1554983,126,0,1
1771685331600000,1771685331600000,1771685331576000,6620172,488.685,95591.37,15.0,1.1554917,126,0,1
1771685331652000,1771685331652000,1771685331628000,6620172,488.74133,95590.68,15.0,1.1554835,126,0,1
1771685331704000,1771685331704000,1771685331680000,6620172,488.7695,95590.36,15.0,1.1554796,126,0,1
1771685331756000,1771685331756000,1771685331732000,6620172,488.8728,95589.22,15.0,1.1554657,126,0,1
1771685331808000,1771685331808000,1771685331784000,6620172,488.8728,95589.195,15.0,1.1554655,126,0,1
1771685331860000,1771685331860000,1771685331836000,6620172,488.93854,95588.46,15.0,1.1554567,126,0,1
1771685331912000,1771685331912000,1771685331888000,6620172,489.0512,95587.16,15.0,1.1554408,126,0,1
1771685331964000,1771685331964000,1771685331940000,6620172,489.1545,95585.96,15.0,1.1554264,126,0,1
1771685332016000,1771685332016000,1771685331992000,6620172,489.2202,95585.2,15.0,1.1554172,126,0,1
1771685332068000,1771685332068000,1771685332044000,6620172,489.27658,95584.586,15.0,1.1554098,126,0,1
1771685332120000,1771685332120000,1771685332096000,6620172,489.29535,95584.375,15.0,1.1554072,126,0,1
1771685332172000,1771685332172000,1771685332148000,6620172,489.33292,95583.93,15.0,1.1554018,126,0,1
1771685332224000,1771685332224000,1771685332200000,6620172,489.4456,95582.62,15.0,1.155386,126,0,1
1771685332276000,1771685332276000,1771685332252000,6620172,489.56766,95581.25,15.0,1.1553694,126,0,1
1771685332328000,1771685332328000,1771685332304000,6620172,489.624,95580.625,15.0,1.1553619,126,0,1
1771685332380000,1771685332380000,1771685332356000,6620172,489.65216,95580.26,15.0,1.1553575,126,0,1
1771685332432000,1771685332432000,1771685332408000,6620172,489.70383,95579.68,15.0,1.1553504,126,0,1
1771685332484000,1771685332484000,1771685332460000,6620172,489.8165,95578.39,15.0,1.1553348,126,0,1
1771685332536000,1771685332536000,1771685332512000,6620172,489.92447,95577.13,15.0,1.1553197,126,0,1
1771685332588000,1771685332588000,1771685332564000,6620172,489.92447,95577.16,15.0,1.1553199,126,0,1
1771685332640000,1771685332640000,1771685332616000,6620172,490.02307,95576.04,15.0,1.1553065,126,0,1
1771685332692000,1771685332692000,1771685332668000,6620172,490.05124,95575.695,15.0,1.1553023,126,0,1
1771685332744000,1771685332744000,1771685332720000,6620172,490.1733,95574.3,15.0,1.1552854,126,0,1
1771685332796000,1771685332796000,1771685332772000,6620172,490.23904,95573.53,15.0,1.1552762,126,0,1
1771685332848000,1771685332848000,1771685332824000,6620172,490.31885,95572.62,15.0,1.1552651,126,0,1
1771685332900000,1771685332900000,1771685332876000,6620172,490.3517,95572.25,15.0,1.1552607,126,0,1
1771685332952000,1771685332952000,1771685332928000,6620172,490.37988,95571.92,15.0,1.1552566,126,0,1
1771685333004000,1771685333004000,1771685332980000,6620172,490.49728,95570.555,15.0,1.1552402,126,0,1
1771685333056000,1771685333056000,1771685333032000,6620172,490.52075,95570.3,15.0,1.1552371,126,0,1
1771685333108000,1771685333108000,1771685333084000,6620172,490.63342,95569.01,15.0,1.1552215,126,0,1
1771685333160000,1771685333160000,1771685333136000,6620172,490.73672,95567.836,15.0,1.1552073,126,0,1
1771685333212000,1771685333212000,1771685333188000,6620172,490.7649,95567.51,15.0,1.1552033,126,0,1
1771685333264000,1771685333264000,1771685333240000,6620172,490.89166,95566.08,15.0,1.155186,126,0,1
1771685333316000,1771685333316000,1771685333292000,6620172,490.88696,95566.13,15.0,1.1551867,126,0,1
1771685333368000,1771685333368000,1771685333344000,6620172,491.0184,95564.59,15.0,1.155168,126,0,1
1771685333420000,1771685333420000,1771685333396000,6620172,491.05597,95564.195,15.0,1.1551633,126,0,1
1771685333472000,1771685333472000,1771685333448000,6620172,491.2015,95562.5,15.0,1.1551428,126,0,1
1771685333524000,1771685333524000,1771685333500000,6620172,491.25317,95561.92,15.0,1.1551358,126,0,1
1771685333576000,1771685333576000,1771685333552000,6620172,491.3142,95561.22,15.0,1.1551273,126,0,1
1771685333628000,1771685333628000,1771685333604000,6620172,491.4034,95560.18,15.0,1.1551148,126,0,1
1771685333680000,1771685333680000,1771685333656000,6620172,491.4879,95559.2,15.0,1.155103,126,0,1
1771685333732000,1771685333732000,1771685333708000,6620172,491.48322,95559.3,15.0,1.155104,126,0,1
1771685333784000,1771685333784000,1771685333760000,6620172,491.58652,95558.13,15.0,1.15509,126,0,1
1771685333836000,1771685333836000,1771685333812000,6620172,491.6945,95556.875,15.0,1.1550748,126,0,1
1771685333888000,1771685333888000,1771685333864000,6620172,491.7978,95555.7,15.0,1.1550606,126,0,1
1771685333940000,1771685333940000,1771685333916000,6620172,491.83536,95555.25,15.0,1.1550552,126,0,1
1771685333992000,1771685333992000,1771685333968000,6620172,491.8823,95554.7,15.0,1.1550486,126,0,1
1771685334044000,1771685334044000,1771685334020000,6620172,491.9903,95553.445,15.0,1.1550333,126,0,1
1771685334096000,1771685334096000,1771685334072000,6620172,492.12173,95551.984,15.0,1.1550157,126,0,1
1771685334148000,1771685334148000,1771685334124000,6620172,492.14053,95551.76,15.0,1.155013,126,0,1
1771685334200000,1771685334200000,1771685334176000,6620172,492.22034,95550.836,15.0,1.1550018,126,0,1
1771685334252000,1771685334252000,1771685334228000,6620172,492.30954,95549.82,15.0,1.1549895,126,0,1
1771685334304000,1771685334304000,1771685334280000,6620172,492.37527,95549.086,15.0,1.1549807,126,0,1
1771685334356000,1771685334356000,1771685334332000,6620172,492.4269,95548.47,15.0,1.1549731,126,0,1
1771685334408000,1771685334408000,1771685334384000,6620172,492.5349,95547.26,15.0,1.1549586,126,0,1
1771685334460000,1771685334460000,1771685334436000,6620172,492.59125,95546.59,15.0,1.1549505,126,0,1
1771685334512000,1771685334512000,1771685334488000,6620172,492.70862,95545.21,15.0,1.1549338,126,0,1
1771685334564000,1771685334564000,1771685334540000,6620172,492.7462,95544.836,15.0,1.1549293,126,0,1
1771685334616000,1771685334616000,1771685334592000,6620172,492.826,95543.89,15.0,1.1549178,126,0,1
1771685334668000,1771685334668000,1771685334644000,6620172,492.90112,95543.04,15.0,1.1549076,126,0,1
1771685334720000,1771685334720000,1771685334696000,6620172,492.99033,95542.04,15.0,1.1548954,126,0,1
1771685334772000,1771685334772000,1771685334748000,6620172,493.06543,95541.13,15.0,1.1548845,126,0,1
1771685334824000,1771685334824000,1771685334800000,6620172,493.16873,95540.0,15.0,1.1548709,126,0,1
1771685334876000,1771685334876000,1771685334852000,6620172,493.2767,95538.766,15.0,1.1548558,126,0,1
1771685334928000,1771685334928000,1771685334904000,6620172,493.2908,95538.59,15.0,1.1548538,126,0,1
1771685334980000,1771685334980000,1771685334956000,6620172,493.40347,95537.29,15.0,1.1548381,126,0,1
1771685335032000,1771685335032000,1771685335008000,6620172,493.4739,95536.5,15.0,1.1548285,126,0,1
1771685335084000,1771685335084000,1771685335060000,6620172,493.51147,95536.055,15.0,1.1548232,126,0,1
1771685335136000,1771685335136000,1771685335112000,6620172,493.5631,95535.47,15.0,1.154816,126,0,1
1771685335188000,1771685335188000,1771685335164000,6620172,493.69928,95533.87,15.0,1.1547967,126,0,1
1771685335240000,1771685335240000,1771685335216000,6620172,493.72745,95533.586,15.0,1.1547933,126,0,1
1771685335292000,1771685335292000,1771685335268000,6620172,493.80725,95532.68,15.0,1.1547823,126,0,1
1771685335344000,1771685335344000,1771685335320000,6620172,493.91525,95531.414,15.0,1.154767,126,0,1
1771685335396000,1771685335396000,1771685335372000,6620172,493.98566,95530.64,15.0,1.1547577,126,0,1
1771685335448000,1771685335448000,1771685335424000,6620172,494.09836,95529.336,15.0,1.1547419,126,0,1
1771685335500000,1771685335500000,1771685335476000,6620172,494.1359,95528.93,15.0,1.154737,126,0,1
1771685335552000,1771685335552000,1771685335528000,6620172,494.25327,95527.57,15.0,1.1547205,126,0,1
1771685335604000,1771685335604000,1771685335580000,6620172,494.3143,95526.86,15.0,1.154712,126,0,1
1771685335656000,1771685335656000,1771685335632000,6620172,494.34717,95526.47,15.0,1.1547073,126,0,1
1771685335708000,1771685335708000,1771685335684000,6620172,494.44107,95525.39,15.0,1.1546942,126,0,1
1771685335760000,1771685335760000,1771685335736000,6620172,494.54437,95524.21,15.0,1.15468,126,0,1
1771685335812000,1771685335812000,1771685335788000,6620172,494.63358,95523.195,15.0,1.1546677,126,0,1
1771685335864000,1771685335864000,1771685335840000,6620172,494.71808,95522.266,15.0,1.1546564,126,0,1
1771685335916000,1771685335916000,1771685335892000,6620172,494.72748,95522.12,15.0,1.1546546,126,0,1
1771685335968000,1771685335968000,1771685335944000,6620172,494.86832,95520.5,15.0,1.1546351,126,0,1
1771685336020000,1771685336020000,1771685335996000,6620172,494.93875,95519.695,15.0,1.1546254,126,0,1
1771685336072000,1771685336072000,1771685336048000,6620172,495.0045,95518.96,15.0,1.1546165,126,0,1
1771685336124000,1771685336124000,1771685336100000,6620172,495.05142,95518.414,15.0,1.1546099,126,0,1
1771685336176000,1771685336176000,1771685336152000,6620172,495.15002,95517.305,15.0,1.1545964,126,0,1
1771685336228000,1771685336228000,1771685336204000,6620172,495.22983,95516.39,15.0,1.1545855,126,0,1
1771685336280000,1771685336280000,1771685336256000,6620172,495.31436,95515.38,15.0,1.1545732,126,0,1
1771685336332000,1771685336332000,1771685336308000,6620172,495.43643,95513.99,15.0,1.1545564,126,0,1
1771685336384000,1771685336384000,1771685336360000,6620172,495.43643,95514.01,15.0,1.1545566,126,0,1
1771685336436000,1771685336436000,1771685336412000,6620172,495.6336,95511.75,15.0,1.1545293,126,0,1
1771685336488000,1771685336488000,1771685336464000,6620172,495.6289,95511.83,15.0,1.1545303,126,0,1
1771685336540000,1771685336540000,1771685336516000,6620172,495.70874,95510.91,15.0,1.1545192,126,0,1
1771685336592000,1771685336592000,1771685336568000,6620172,495.78854,95509.97,15.0,1.1545078,126,0,1
1771685336644000,1771685336644000,1771685336620000,6620172,495.9059,95508.61,15.0,1.1544914,126,0,1
1771685336696000,1771685336696000,1771685336672000,6620172,495.89185,95508.78,15.0,1.1544935,126,0,1
1771685336748000,1771685336748000,1771685336724000,6620172,496.04208,95507.11,15.0,1.1544733,126,0,1
1771685336800000,1771685336800000,1771685336776000,6620172,496.08432,95506.586,15.0,1.1544669,126,0,1
1771685336852000,1771685336852000,1771685336828000,6620172,496.19232,95505.336,15.0,1.1544518,126,0,1
1771685336904000,1771685336904000,1771685336880000,6620172,496.28622,95504.305,15.0,1.1544393,126,0,1
1771685336956000,1771685336956000,1771685336932000,6620172,496.32846,95503.78,15.0,1.154433,126,0,1
1771685337008000,1771685337008000,1771685336984000,6620172,496.4083,95502.87,15.0,1.1544219,126,0,1
1771685337060000,1771685337060000,1771685337036000,6620172,496.4928,95501.93,15.0,1.1544106,126,0,1
1771685337112000,1771685337112000,1771685337088000,6620172,496.5961,95500.71,15.0,1.1543959,126,0,1
1771685337164000,1771685337164000,1771685337140000,6620172,496.6806,95499.766,15.0,1.1543845,126,0,1
1771685337216000,1771685337216000,1771685337192000,6620172,496.74164,95499.08,15.0,1.1543761,126,0,1
1771685337268000,1771685337268000,1771685337244000,6620172,496.83084,95498.016,15.0,1.1543633,126,0,1
1771685337320000,1771685337320000,1771685337296000,6620172,496.90128,95497.25,15.0,1.1543541,126,0,1
1771685337372000,1771685337372000,1771685337348000,6620172,496.89658,95497.28,15.0,1.1543545,126,0,1
1771685337424000,1771685337424000,1771685337400000,6620172,497.02335,95495.805,15.0,1.1543366,126,0,1
1771685337476000,1771685337476000,1771685337452000,6620172,497.19235,95493.89,15.0,1.1543134,126,0,1
1771685337528000,1771685337528000,1771685337504000,6620172,497.23932,95493.375,15.0,1.1543072,126,0,1
1771685337580000,1771685337580000,1771685337556000,6620172,497.22992,95493.46,15.0,1.1543083,126,0,1
1771685337632000,1771685337632000,1771685337608000,6620172,497.31912,95492.47,15.0,1.1542963,126,0,1
1771685337684000,1771685337684000,1771685337660000,6620172,497.41772,95491.336,15.0,1.1542826,126,0,1
1771685337736000,1771685337736000,1771685337712000,6620172,497.45996,95490.82,15.0,1.1542764,126,0,1
1771685337788000,1771685337788000,1771685337764000,6620172,497.56326,95489.67,15.0,1.1542624,126,0,1
1771685337840000,1771685337840000,1771685337816000,6620172,497.66187,95488.55,15.0,1.1542488,126,0,1
1771685337892000,1771685337892000,1771685337868000,6620172,497.77454,95487.234,15.0,1.154233,126,0,1
1771685337944000,1771685337944000,1771685337920000,6620172,497.86374,95486.2,15.0,1.1542206,126,0,1
1771685337996000,1771685337996000,1771685337972000,6620172,497.9107,95485.695,15.0,1.1542144,126,0,1
1771685338048000,1771685338048000,1771685338024000,6620172,498.0046,95484.625,15.0,1.1542015,126,0,1
1771685338100000,1771685338100000,1771685338076000,6620172,498.04684,95484.125,15.0,1.1541954,126,0,1
1771685338152000,1771685338152000,1771685338128000,6620172,498.1642,95482.766,15.0,1.154179,126,0,1
1771685338204000,1771685338204000,1771685338180000,6620172,498.21588,95482.17,15.0,1.1541718,126,0,1
1771685338256000,1771685338256000,1771685338232000,6620172,498.2816,95481.41,15.0,1.1541625,126,0,1
1771685338308000,1771685338308000,1771685338284000,6620172,498.35672,95480.58,15.0,1.1541525,126,0,1
1771685338360000,1771685338360000,1771685338336000,6620172,498.41776,95479.87,15.0,1.1541439,126,0,1
1771685338412000,1771685338412000,1771685338388000,6620172,498.5633,95478.2,15.0,1.1541238,126,0,1
1771685338464000,1771685338464000,1771685338440000,6620172,498.61496,95477.625,15.0,1.1541169,126,0,1
1771685338516000,1771685338516000,1771685338492000,6620172,498.72763,95476.34,15.0,1.1541014,126,0,1
1771685338568000,1771685338568000,1771685338544000,6620172,498.82623,95475.195,15.0,1.1540874,126,0,1
1771685338620000,1771685338620000,1771685338596000,6620172,498.95297,95473.766,15.0,1.1540701,126,0,1
1771685338672000,1771685338672000,1771685338648000,6620172,499.04688,95472.67,15.0,1.154057,126,0,1
1771685338724000,1771685338724000,1771685338700000,6620172,499.1126,95471.93,15.0,1.154048,126,0,1
1771685338776000,1771685338776000,1771685338752000,6620172,499.14078,95471.61,15.0,1.1540442,126,0,1
1771685338828000,1771685338828000,1771685338804000,6620172,499.29102,95469.91,15.0,1.1540235,126,0,1
1771685338880000,1771685338880000,1771685338856000,6620172,499.44595,95468.09,15.0,1.1540016,126,0,1
1771685338932000,1771685338932000,1771685338908000,6620172,499.58682,95466.5,15.0,1.1539824,126,0,1
1771685338984000,1771685338984000,1771685338960000,6620172,499.72766,95464.87,15.0,1.1539626,126,0,1
1771685339036000,1771685339036000,1771685339012000,6620172,499.8685,95463.266,15.0,1.1539433,126,0,1
1771685339088000,1771685339088000,1771685339064000,6620172,499.99057,95461.88,15.0,1.1539266,126,0,1
1771685339140000,1771685339140000,1771685339116000,6620172,500.13144,95460.266,15.0,1.1539071,126,0,1
1771685339192000,1771685339192000,1771685339168000,6620172,500.338,95457.93,15.0,1.1538788,126,0,1
1771685339244000,1771685339244000,1771685339220000,6620172,500.46008,95456.5,15.0,1.1538615,126,0,1
1771685339296000,1771685339296000,1771685339272000,6620172,500.61972,95454.695,15.0,1.1538397,126,0,1
1771685339348000,1771685339348000,1771685339324000,6620172,500.80283,95452.58,15.0,1.1538141,126,0,1
1771685339400000,1771685339400000,1771685339376000,6620172,500.97183,95450.664,15.0,1.153791,126,0,1
1771685339452000,1771685339452000,1771685339428000,6620172,501.08453,95449.336,15.0,1.1537749,126,0,1
1771685339504000,1771685339504000,1771685339480000,6620172,501.23947,95447.58,15.0,1.1537536,126,0,1
1771685339556000,1771685339556000,1771685339532000,6620172,501.3897,95445.86,15.0,1.1537329,126,0,1
1771685339608000,1771685339608000,1771685339584000,6620172,501.53055,95444.266,15.0,1.1537136,126,0,1
1771685339660000,1771685339660000,1771685339636000,6620172,501.71365,95442.12,15.0,1.1536876,126,0,1
1771685339712000,1771685339712000,1771685339688000,6620172,501.83572,95440.74,15.0,1.153671,126,0,1
1771685339764000,1771685339764000,1771685339740000,6620172,502.0376,95438.484,15.0,1.1536437,126,0,1
1771685339816000,1771685339816000,1771685339792000,6620172,502.18784,95436.766,15.0,1.153623,126,0,1
1771685339868000,1771685339868000,1771685339844000,6620172,502.3287,95435.13,15.0,1.1536032,126,0,1
1771685339920000,1771685339920000,1771685339896000,6620172,502.54468,95432.664,15.0,1.1535734,126,0,1
1771685339972000,1771685339972000,1771685339948000,6620172,502.65735,95431.34,15.0,1.1535574,126,0,1
1771685340024000,1771685340024000,1771685340000000,6620172,502.77002,95430.08,15.0,1.1535422,126,0,1
1771685340076000,1771685340076000,1771685340052000,6620172,502.96252,95427.87,15.0,1.1535153,126,0,1
1771685340128000,1771685340128000,1771685340104000,6620172,503.1644,95425.54,15.0,1.1534872,126,0,1
1771685340180000,1771685340180000,1771685340156000,6620172,503.25363,95424.54,15.0,1.1534752,126,0,1
1771685340232000,1771685340232000,1771685340208000,6620172,503.4508,95422.3,15.0,1.1534481,126,0,1
1771685340284000,1771685340284000,1771685340260000,6620172,503.54,95421.266,15.0,1.1534356,126,0,1
1771685340336000,1771685340336000,1771685340312000,6620172,503.7325,95419.05,15.0,1.1534088,126,0,1
1771685340388000,1771685340388000,1771685340364000,6620172,503.82642,95417.984,15.0,1.1533959,126,0,1
1771685340440000,1771685340440000,1771685340416000,6620172,504.0424,95415.5,15.0,1.1533659,126,0,1
1771685340492000,1771685340492000,1771685340468000,6620172,504.2255,95413.45,15.0,1.1533412,126,0,1
1771685340544000,1771685340544000,1771685340520000,6620172,504.34286,95412.086,15.0,1.1533246,126,0,1
1771685340596000,1771685340596000,1771685340572000,6620172,504.50717,95410.17,15.0,1.1533015,126,0,1
1771685340648000,1771685340648000,1771685340624000,6620172,504.64334,95408.625,15.0,1.1532828,126,0,1
1771685340700000,1771685340700000,1771685340676000,6620172,504.79358,95406.92,15.0,1.1532621,126,0,1
1771685340752000,1771685340752000,1771685340728000,6620172,504.9673,95404.95,15.0,1.1532384,126,0,1
1771685340804000,1771685340804000,1771685340780000,6620172,505.11752,95403.195,15.0,1.1532172,126,0,1
1771685340856000,1771685340856000,1771685340832000,6620172,505.31943,95400.89,15.0,1.1531893,126,0,1
1771685340908000,1771685340908000,1771685340884000,6620172,505.4227,95399.72,15.0,1.1531751,126,0,1
1771685340960000,1771685340960000,1771685340936000,6620172,505.59644,95397.766,15.0,1.1531515,126,0,1
1771685341012000,1771685341012000,1771685340988000,6620172,505.74197,95396.09,15.0,1.1531314,126,0,1
1771685341064000,1771685341064000,1771685341040000,6620172,505.92038,95394.055,15.0,1.1531067,126,0,1
1771685341116000,1771685341116000,1771685341092000,6620172,506.1082,95391.86,15.0,1.1530801,126,0,1
1771685341168000,1771685341168000,1771685341144000,6620172,506.23495,95390.45,15.0,1.1530632,126,0,1
1771685341220000,1771685341220000,1771685341196000,6620172,506.3805,95388.766,15.0,1.1530427,126,0,1
1771685341272000,1771685341272000,1771685341248000,6620172,506.4838,95387.61,15.0,1.1530287,126,0,1
1771685341324000,1771685341324000,1771685341300000,6620172,506.6622,95385.54,15.0,1.1530037,126,0,1
1771685341376000,1771685341376000,1771685341352000,6620172,506.85938,95383.3,15.0,1.1529766,126,0,1
1771685341428000,1771685341428000,1771685341404000,6620172,507.0096,95381.555,15.0,1.1529555,126,0,1
1771685341480000,1771685341480000,1771685341456000,6620172,507.16455,95379.805,15.0,1.1529344,126,0,1
1771685341532000,1771685341532000,1771685341508000,6620172,507.29132,95378.34,15.0,1.1529168,126,0,1
1771685341584000,1771685341584000,1771685341560000,6620172,507.4228,95376.83,15.0,1.1528984,126,0,1
1771685341636000,1771685341636000,1771685341612000,6620172,507.61996,95374.61,15.0,1.1528716,126,0,1
1771685341688000,1771685341688000,1771685341664000,6620172,507.76553,95372.95,15.0,1.1528516,126,0,1
1771685341740000,1771685341740000,1771685341716000,6620172,507.93454,95371.0,15.0,1.152828,126,0,1
1771685341792000,1771685341792000,1771685341768000,6620172,508.11765,95368.88,15.0,1.1528023,126,0,1
1771685341844000,1771685341844000,1771685341820000,6620172,508.23032,95367.59,15.0,1.1527869,126,0,1
1771685341896000,1771685341896000,1771685341872000,6620172,508.39935,95365.7,15.0,1.152764,126,0,1
1771685341948000,1771685341948000,1771685341924000,6620172,508.58716,95363.51,15.0,1.1527374,126,0,1
1771685342000000,1771685342000000,1771685341976000,6620172,508.69983,95362.22,15.0,1.1527219,126,0,1
1771685342052000,1771685342052000,1771685342028000,6620172,508.85477,95360.49,15.0,1.152701,126,0,1
1771685342104000,1771685342104000,1771685342080000,6620172,509.05194,95358.195,15.0,1.1526732,126,0,1
1771685342156000,1771685342156000,1771685342132000,6620172,509.14584,95357.13,15.0,1.1526604,126,0,1
1771685342208000,1771685342208000,1771685342184000,6620172,509.32428,95355.086,15.0,1.1526356,126,0,1
1771685342260000,1771685342260000,1771685342236000,6620172,509.5074,95353.016,15.0,1.1526105,126,0,1
1771685342312000,1771685342312000,1771685342288000,6620172,509.5825,95352.12,15.0,1.1525997,126,0,1
1771685342364000,1771685342364000,1771685342340000,6620172,509.78436,95349.87,15.0,1.1525725,126,0,1
1771685342416000,1771685342416000,1771685342392000,6620172,509.9487,95347.97,15.0,1.1525496,126,0,1
1771685342468000,1771685342468000,1771685342444000,6620172,510.09424,95346.305,15.0,1.1525295,126,0,1
1771685342520000,1771685342520000,1771685342496000,6620172,510.24918,95344.5,15.0,1.1525077,126,0,1
1771685342572000,1771685342572000,1771685342548000,6620172,510.3947,95342.836,15.0,1.1524875,126,0,1
1771685342624000,1771685342624000,1771685342600000,6620172,510.57315,95340.83,15.0,1.1524633,126,0,1
1771685342676000,1771685342676000,1771685342652000,6620172,510.75626,95338.74,15.0,1.152438,126,0,1
1771685342728000,1771685342728000,1771685342704000,6620172,510.86423,95337.49,15.0,1.1524229,126,0,1
1771685342780000,1771685342780000,1771685342756000,6620172,511.00977,95335.8,15.0,1.1524024,126,0,1
1771685342832000,1771685342832000,1771685342808000,6620172,511.19287,95333.734,15.0,1.1523775,126,0,1
1771685342884000,1771685342884000,1771685342860000,6620172,511.31494,95332.37,15.0,1.152361,126,0,1
1771685342936000,1771685342936000,1771685342912000,6620172,511.47928,95330.45,15.0,1.1523379,126,0,1
1771685342988000,1771685342988000,1771685342964000,6620172,511.65768,95328.43,15.0,1.1523134,126,0,1
1771685343040000,1771685343040000,1771685343016000,6620172,511.82202,95326.58,15.0,1.152291,126,0,1
1771685343092000,1771685343092000,1771685343068000,6620172,511.97696,95324.74,15.0,1.1522688,126,0,1
1771685343144000,1771685343144000,1771685343120000,6620172,512.06146,95323.8,15.0,1.1522574,126,0,1
1771685343196000,1771685343196000,1771685343172000,6620172,512.25397,95321.61,15.0,1.152231,126,0,1
1771685343248000,1771685343248000,1771685343224000,6620172,512.4558,95319.32,15.0,1.1522033,126,0,1
1771685343300000,1771685343300000,1771685343276000,6620172,512.5779,95317.89,15.0,1.152186,126,0,1
1771685343352000,1771685343352000,1771685343328000,6620172,512.74695,95315.95,15.0,1.1521626,126,0,1
1771685343404000,1771685343404000,1771685343380000,6620172,512.92065,95313.99,15.0,1.1521388,126,0,1
1771685343456000,1771685343456000,1771685343432000,6620172,513.0568,95312.42,15.0,1.1521199,126,0,1
1771685343508000,1771685343508000,1771685343484000,6620172,513.21643,95310.61,15.0,1.152098,126,0,1
1771685343560000,1771685343560000,1771685343536000,6620172,513.3479,95309.086,15.0,1.1520796,126,0,1
1771685343612000,1771685343612000,1771685343588000,6620172,513.5357,95306.96,15.0,1.1520538,126,0,1
1771685343664000,1771685343664000,1771685343640000,6620172,513.6437,95305.7,15.0,1.1520387,126,0,1
1771685343716000,1771685343716000,1771685343692000,6620172,513.808,95303.87,15.0,1.1520165,126,0,1
1771685343768000,1771685343768000,1771685343744000,6620172,514.0099,95301.516,15.0,1.151988,126,0,1
1771685343820000,1771685343820000,1771685343796000,6620172,514.1977,95299.414,15.0,1.1519626,126,0,1
1771685343872000,1771685343872000,1771685343848000,6620172,514.2681,95298.61,15.0,1.151953,126,0,1
1771685343924000,1771685343924000,1771685343900000,6620172,514.42773,95296.766,15.0,1.1519307,126,0,1
1771685343976000,1771685343976000,1771685343952000,6620172,514.62024,95294.555,15.0,1.1519039,126,0,1
1771685344028000,1771685344028000,1771685344004000,6620172,514.77515,95292.79,15.0,1.1518825,126,0,1
1771685344080000,1771685344080000,1771685344056000,6620172,514.8691,95291.72,15.0,1.1518697,126,0,1
1771685344132000,1771685344132000,1771685344108000,6620172,515.1085,95289.01,15.0,1.1518369,126,0,1
1771685344184000,1771685344184000,1771685344160000,6620172,515.2588,95287.266,15.0,1.1518158,126,0,1
1771685344236000,1771685344236000,1771685344212000,6620172,515.37616,95285.92,15.0,1.1517996,126,0,1
1771685344288000,1771685344288000,1771685344264000,6620172,515.4982,95284.53,15.0,1.1517828,126,0,1
1771685344340000,1771685344340000,1771685344316000,6620172,515.6203,95283.12,15.0,1.1517657,126,0,1
1771685344392000,1771685344392000,1771685344368000,6620172,515.81744,95280.86,15.0,1.1517384,126,0,1
1771685344444000,1771685344444000,1771685344420000,6620172,516.05225,95278.2,15.0,1.1517062,126,0,1
1771685344496000,1771685344496000,1771685344472000,6620172,516.1273,95277.33,15.0,1.1516957,126,0,1
1771685344548000,1771685344548000,1771685344524000,6620172,516.2964,95275.375,15.0,1.1516721,126,0,1
1771685344600000,1771685344600000,1771685344576000,6620172,516.4372,95273.805,15.0,1.151653,126,0,1
1771685344652000,1771685344652000,1771685344628000,6620172,516.58276,95272.16,15.0,1.1516331,126,0,1
1771685344704000,1771685344704000,1771685344680000,6620172,516.7377,95270.36,15.0,1.1516114,126,0,1
1771685344756000,1771685344756000,1771685344732000,6620172,516.86914,95268.86,15.0,1.1515933,126,0,1
1771685344808000,1771685344808000,1771685344784000,6620172,517.1274,95265.92,15.0,1.1515578,126,0,1
1771685344860000,1771685344860000,1771685344836000,6620172,517.3058,95263.88,15.0,1.1515331,126,0,1
1771685344912000,1771685344912000,1771685344888000,6620172,517.40906,95262.664,15.0,1.1515185,126,0,1
1771685344964000,1771685344964000,1771685344940000,6620172,517.59216,95260.586,15.0,1.1514933,126,0,1
1771685345016000,1771685345016000,1771685344992000,6620172,517.7612,95258.66,15.0,1.15147,126,0,1
1771685345068000,1771685345068000,1771685345044000,6620172,517.8457,95257.67,15.0,1.1514581,126,0,1
1771685345120000,1771685345120000,1771685345096000,6620172,518.01,95255.82,15.0,1.1514357,126,0,1
1771685345172000,1771685345172000,1771685345148000,6620172,518.1838,95253.836,15.0,1.1514118,126,0,1
1771685345224000,1771685345224000,1771685345200000,6620172,518.3246,95252.21,15.0,1.1513921,126,0,1
1771685345276000,1771685345276000,1771685345252000,6620172,518.5124,95250.11,15.0,1.1513667,126,0,1
1771685345328000,1771685345328000,1771685345304000,6620172,518.6814,95248.18,15.0,1.1513433,126,0,1
1771685345380000,1771685345380000,1771685345356000,6620172,518.7988,95246.805,15.0,1.1513268,126,0,1
1771685345432000,1771685345432000,1771685345408000,6620172,518.95844,95245.0,15.0,1.151305,126,0,1
1771685345484000,1771685345484000,1771685345460000,6620172,519.0993,95243.37,15.0,1.1512852,126,0,1
1771685345536000,1771685345536000,1771685345512000,6620172,519.2307,95241.88,15.0,1.1512673,126,0,1
1771685345588000,1771685345588000,1771685345564000,6620172,519.4185,95239.734,15.0,1.1512413,126,0,1
1771685345640000,1771685345640000,1771685345616000,6620172,519.52185,95238.55,15.0,1.1512269,126,0,1
1771685345692000,1771685345692000,1771685345668000,6620172,519.7378,95236.08,15.0,1.1511971,126,0,1
1771685345744000,1771685345744000,1771685345720000,6620172,519.9068,95234.13,15.0,1.1511736,126,0,1
1771685345796000,1771685345796000,1771685345772000,6620172,520.05707,95232.41,15.0,1.1511527,126,0,1
1771685345848000,1771685345848000,1771685345824000,6620172,520.18384,95230.97,15.0,1.1511353,126,0,1
1771685345900000,1771685345900000,1771685345876000,6620172,520.37634,95228.805,15.0,1.1511091,126,0,1
1771685345952000,1771685345952000,1771685345928000,6620172,520.52185,95227.12,15.0,1.1510887,126,0,1
1771685346004000,1771685346004000,1771685345980000,6620172,520.6627,95225.49,15.0,1.1510692,126,0,1
1771685346056000,1771685346056000,1771685346032000,6620172,520.7942,95224.03,15.0,1.1510514,126,0,1
1771685346108000,1771685346108000,1771685346084000,6620172,520.982,95221.84,15.0,1.151025,126,0,1
1771685346160000,1771685346160000,1771685346136000,6620172,521.1416,95220.04,15.0,1.1510032,126,0,1
1771685346212000,1771685346212000,1771685346188000,6620172,521.259,95218.72,15.0,1.1509873,126,0,1
1771685346264000,1771685346264000,1771685346240000,6620172,521.4468,95216.55,15.0,1.1509609,126,0,1
1771685346316000,1771685346316000,1771685346292000,6620172,521.5172,95215.766,15.0,1.1509515,126,0,1
1771685346368000,1771685346368000,1771685346344000,6620172,521.7003,95213.66,15.0,1.150926,126,0,1
1771685346420000,1771685346420000,1771685346396000,6620172,521.8928,95211.484,15.0,1.1508998,126,0,1
1771685346472000,1771685346472000,1771685346448000,6620172,522.0055,95210.18,15.0,1.150884,126,0,1
1771685346524000,1771685346524000,1771685346500000,6620172,522.2027,95207.93,15.0,1.1508569,126,0,1
1771685346576000,1771685346576000,1771685346552000,6620172,522.3764,95205.96,15.0,1.150833,126,0,1
1771685346628000,1771685346628000,1771685346604000,6620172,522.5032,95204.46,15.0,1.1508149,126,0,1
1771685346680000,1771685346680000,1771685346656000,6620172,522.6863,95202.43,15.0,1.1507903,126,0,1
1771685346732000,1771685346732000,1771685346708000,6620172,522.8412,95200.63,15.0,1.1507686,126,0,1
1771685346784000,1771685346784000,1771685346760000,6620172,523.00085,95198.83,15.0,1.1507468,126,0,1
1771685346836000,1771685346836000,1771685346812000,6620172,523.1135,95197.5,15.0,1.1507307,126,0,1
1771685346888000,1771685346888000,1771685346864000,6620172,523.26373,95195.8,15.0,1.1507101,126,0,1
1771685346940000,1771685346940000,1771685346916000,6620172,523.4234,95193.96,15.0,1.1506879,126,0,1
1771685346992000,1771685346992000,1771685346968000,6620172,523.6065,95191.92,15.0,1.1506633,126,0,1
1771685347044000,1771685347044000,1771685347020000,6620172,523.738,95190.37,15.0,1.1506445,126,0,1
1771685347096000,1771685347096000,1771685347072000,6620172,523.9774,95187.66,15.0,1.1506118,126,0,1
1771685347148000,1771685347148000,1771685347124000,6620172,524.04315,95186.91,15.0,1.1506027,126,0,1
1771685347200000,1771685347200000,1771685347176000,6620172,524.1558,95185.66,15.0,1.1505876,126,0,1
1771685347252000,1771685347252000,1771685347228000,6620172,524.3342,95183.58,15.0,1.1505624,126,0,1
1771685347304000,1771685347304000,1771685347280000,6620172,524.50793,95181.61,15.0,1.1505387,126,0,1
1771685347356000,1771685347356000,1771685347332000,6620172,524.6159,95180.36,15.0,1.1505235,126,0,1
1771685347408000,1771685347408000,1771685347384000,6620172,524.8037,95178.25,15.0,1.150498,126,0,1
1771685347460000,1771685347460000,1771685347436000,6620172,524.9493,95176.586,15.0,1.1504779,126,0,1
1771685347512000,1771685347512000,1771685347488000,6620172,525.08545,95174.984,15.0,1.1504586,126,0,1
1771685347564000,1771685347564000,1771685347540000,6620172,525.22626,95173.42,15.0,1.1504397,126,0,1
1771685347616000,1771685347616000,1771685347592000,6620172,525.42346,95171.17,15.0,1.1504124,126,0,1
1771685347668000,1771685347668000,1771685347644000,6620172,525.5127,95170.13,15.0,1.1503999,126,0,1
1771685347720000,1771685347720000,1771685347696000,6620172,525.61597,95168.97,15.0,1.1503859,126,0,1
1771685347772000,1771685347772000,1771685347748000,6620172,525.7756,95167.14,15.0,1.1503638,126,0,1
1771685347824000,1771685347824000,1771685347800000,6620172,525.88354,95165.91,15.0,1.1503489,126,0,1
1771685347876000,1771685347876000,1771685347852000,6620172,526.06665,95163.82,15.0,1.1503236,126,0,1
1771685347928000,1771685347928000,1771685347904000,6620172,526.1465,95162.89,15.0,1.1503124,126,0,1
1771685347980000,1771685347980000,1771685347956000,6620172,526.29675,95161.2,15.0,1.150292,126,0,1
1771685348032000,1771685348032000,1771685348008000,6620172,526.3765,95160.266,15.0,1.1502807,126,0,1
1771685348084000,1771685348084000,1771685348060000,6620172,526.55963,95158.18,15.0,1.1502554,126,0,1
1771685348136000,1771685348136000,1771685348112000,6620172,526.5737,95158.016,15.0,1.1502534,126,0,1
1771685348188000,1771685348188000,1771685348164000,6620172,526.78503,95155.625,15.0,1.1502246,126,0,1
1771685348240000,1771685348240000,1771685348216000,6620172,526.8695,95154.64,15.0,1.1502126,126,0,1
1771685348292000,1771685348292000,1771685348268000,6620172,526.97284,95153.445,15.0,1.1501982,126,0,1
1771685348344000,1771685348344000,1771685348320000,6620172,527.0855,95152.17,15.0,1.1501828,126,0,1
1771685348396000,1771685348396000,1771685348372000,6620172,527.15125,95151.41,15.0,1.1501735,126,0,1
1771685348448000,1771685348448000,1771685348424000,6620172,527.217,95150.67,15.0,1.1501647,126,0,1
1771685348500000,1771685348500000,1771685348476000,6620172,527.3625,95149.0,15.0,1.1501445,126,0,1
1771685348552000,1771685348552000,1771685348528000,6620172,527.47516,95147.71,15.0,1.1501288,126,0,1
1771685348604000,1771685348604000,1771685348580000,6620172,527.50336,95147.42,15.0,1.1501254,126,0,1
1771685348656000,1771685348656000,1771685348632000,6620172,527.6348,95145.89,15.0,1.1501069,126,0,1
1771685348708000,1771685348708000,1771685348684000,6620172,527.724,95144.88,15.0,1.1500947,126,0,1
1771685348760000,1771685348760000,1771685348736000,6620172,527.8367,95143.625,15.0,1.1500795,126,0,1
1771685348812000,1771685348812000,1771685348788000,6620172,527.8367,95143.58,15.0,1.1500789,126,0,1
1771685348864000,1771685348864000,1771685348840000,6620172,527.94,95142.41,15.0,1.1500648,126,0,1
1771685348916000,1771685348916000,1771685348892000,6620172,528.0292,95141.42,15.0,1.1500529,126,0,1
1771685348968000,1771685348968000,1771685348944000,6620172,528.109,95140.5,15.0,1.1500417,126,0,1
1771685349020000,1771685349020000,1771685348996000,6620172,528.2264,95139.16,15.0,1.1500255,126,0,1
1771685349072000,1771685349072000,1771685349048000,6620172,528.2686,95138.67,15.0,1.1500196,126,0,1
1771685349124000,1771685349124000,1771685349100000,6620172,528.34845,95137.76,15.0,1.1500086,126,0,1
1771685349176000,1771685349176000,1771685349152000,6620172,528.3907,95137.28,15.0,1.1500028,126,0,1
1771685349228000,1771685349228000,1771685349204000,6620172,528.4611,95136.484,15.0,1.1499932,126,0,1
1771685349280000,1771685349280000,1771685349256000,6620172,528.52686,95135.71,15.0,1.1499839,126,0,1
1771685349332000,1771685349332000,1771685349308000,6620172,528.5926,95134.984,15.0,1.1499751,126,0,1
1771685349384000,1771685349384000,1771685349360000,6620172,528.6489,95134.34,15.0,1.1499673,126,0,1
1771685349436000,1771685349436000,1771685349412000,6620172,528.6724,95134.055,15.0,1.1499639,126,0,1
1771685349488000,1771685349488000,1771685349464000,6620172,528.74756,95133.22,15.0,1.1499537,126,0,1
1771685349540000,1771685349540000,1771685349516000,6620172,528.8039,95132.555,15.0,1.1499457,126,0,1
1771685349592000,1771685349592000,1771685349568000,6620172,528.91187,95131.305,15.0,1.1499306,126,0,1
1771685349644000,1771685349644000,1771685349620000,6620172,528.9447,95130.97,15.0,1.1499265,126,0,1
1771685349696000,1771685349696000,1771685349672000,6620172,528.9494,95130.91,15.0,1.1499258,126,0,1
1771685349748000,1771685349748000,1771685349724000,6620172,529.01984,95130.11,15.0,1.1499162,126,0,1
1771685349800000,1771685349800000,1771685349776000,6620172,529.0997,95129.17,15.0,1.1499048,126,0,1
1771685349852000,1771685349852000,1771685349828000,6620172,529.1325,95128.805,15.0,1.1499003,126,0,1
1771685349904000,1771685349904000,1771685349880000,6620172,529.1513,95128.58,15.0,1.1498976,126,0,1
1771685349956000,1771685349956000,1771685349932000,6620172,529.2734,95127.22,15.0,1.1498812,126,0,1
1771685350008000,1771685350008000,1771685349984000,6620172,529.3203,95126.68,15.0,1.1498747,126,0,1
1771685350060000,1771685350060000,1771685350036000,6620172,529.2875,95127.05,15.0,1.1498791,126,0,1
1771685350112000,1771685350112000,1771685350088000,6620172,529.3391,95126.42,15.0,1.1498716,126,0,1
1771685350164000,1771685350164000,1771685350140000,6620172,529.4236,95125.51,15.0,1.1498605,126,0,1
1771685350216000,1771685350216000,1771685350192000,6620172,529.4377,95125.34,15.0,1.1498585,126,0,1
1771685350268000,1771685350268000,1771685350244000,6620172,529.5222,95124.39,15.0,1.149847,126,0,1
1771685350320000,1771685350320000,1771685350296000,6620172,529.55035,95124.05,15.0,1.1498429,126,0,1
1771685350372000,1771685350372000,1771685350348000,6620172,529.58795,95123.62,15.0,1.1498376,126,0,1
1771685350424000,1771685350424000,1771685350400000,6620172,529.54565,95124.08,15.0,1.1498432,126,0,1
1771685350476000,1771685350476000,1771685350452000,6620172,529.6677,95122.72,15.0,1.1498268,126,0,1
1771685350528000,1771685350528000,1771685350504000,6620172,529.6443,95122.96,15.0,1.1498297,126,0,1
1771685350580000,1771685350580000,1771685350556000,6620172,529.7053,95122.266,15.0,1.1498213,126,0,1
1771685350632000,1771685350632000,1771685350608000,6620172,529.72876,95121.99,15.0,1.1498181,126,0,1
1771685350684000,1771685350684000,1771685350660000,6620172,529.73346,95121.97,15.0,1.1498177,126,0,1
1771685350736000,1771685350736000,1771685350712000,6620172,529.72876,95122.016,15.0,1.1498183,126,0,1
1771685350788000,1771685350788000,1771685350764000,6620172,529.78046,95121.39,15.0,1.1498108,126,0,1
1771685350840000,1771685350840000,1771685350816000,6620172,529.8649,95120.47,15.0,1.1497996,126,0,1
1771685350892000,1771685350892000,1771685350868000,6620172,529.8978,95120.09,15.0,1.149795,126,0,1
1771685350944000,1771685350944000,1771685350920000,6620172,529.8837,95120.22,15.0,1.1497966,126,0,1
1771685350996000,1771685350996000,1771685350972000,6620172,529.91656,95119.86,15.0,1.1497922,126,0,1
1771685351048000,1771685351048000,1771685351024000,6620172,530.0058,95118.836,15.0,1.1497799,126,0,1
1771685351100000,1771685351100000,1771685351076000,6620172,530.0011,95118.93,15.0,1.149781,126,0,1
1771685351152000,1771685351152000,1771685351128000,6620172,529.987,95119.03,15.0,1.1497822,126,0,1
1771685351204000,1771685351204000,1771685351180000,6620172,530.06213,95118.21,15.0,1.1497723,126,0,1
1771685351256000,1771685351256000,1771685351232000,6620172,530.08093,95118.0,15.0,1.1497698,126,0,1
1771685351308000,1771685351308000,1771685351284000,6620172,530.08563,95117.92,15.0,1.1497688,126,0,1
1771685351360000,1771685351360000,1771685351336000,6620172,530.12787,95117.445,15.0,1.1497631,126,0,1
1771685351412000,1771685351412000,1771685351388000,6620172,530.1044,95117.75,15.0,1.1497667,126,0,1
1771685351464000,1771685351464000,1771685351440000,6620172,530.156,95117.13,15.0,1.1497593,126,0,1
1771685351516000,1771685351516000,1771685351492000,6620172,530.13257,95117.414,15.0,1.1497626,126,0,1
1771685351568000,1771685351568000,1771685351544000,6620172,530.1889,95116.78,15.0,1.149755,126,0,1
1771685351620000,1771685351620000,1771685351596000,6620172,530.1936,95116.71,15.0,1.1497542,126,0,1
1771685351672000,1771685351672000,1771685351648000,6620172,530.23114,95116.266,15.0,1.1497488,126,0,1
1771685351724000,1771685351724000,1771685351700000,6620172,530.23114,95116.26,15.0,1.1497487,126,0,1
1771685351776000,1771685351776000,1771685351752000,6620172,530.1889,95116.75,15.0,1.1497546,126,0,1
1771685351828000,1771685351828000,1771685351804000,6620172,530.3016,95115.484,15.0,1.1497394,126,0,1
1771685351880000,1771685351880000,1771685351856000,6620172,530.3251,95115.21,15.0,1.149736,126,0,1
1771685351932000,1771685351932000,1771685351908000,6620172,530.3298,95115.16,15.0,1.1497353,126,0,1
1771685351984000,1771685351984000,1771685351960000,6620172,530.3204,95115.24,15.0,1.1497364,126,0,1
1771685352036000,1771685352036000,1771685352012000,6620172,530.3673,95114.7,15.0,1.14973,126,0,1
1771685352088000,1771685352088000,1771685352064000,6620172,530.3063,95115.39,15.0,1.1497382,126,0,1
1771685352140000,1771685352140000,1771685352116000,6620172,530.3063,95115.414,15.0,1.1497386,126,0,1
1771685352192000,1771685352192000,1771685352168000,6620172,530.3532,95114.87,15.0,1.1497319,126,0,1
1771685352244000,1771685352244000,1771685352220000,6620172,530.40015,95114.336,15.0,1.1497254,126,0,1
1771685352296000,1771685352296000,1771685352272000,6620172,530.3814,95114.57,15.0,1.1497283,126,0,1
1771685352348000,1771685352348000,1771685352324000,6620172,530.42365,95114.086,15.0,1.1497225,126,0,1
1771685352400000,1771685352400000,1771685352376000,6620172,530.44244,95113.86,15.0,1.1497197,126,0,1
1771685352452000,1771685352452000,1771685352428000,6620172,530.45184,95113.734,15.0,1.1497182,126,0,1
1771685352504000,1771685352504000,1771685352480000,6620172,530.4988,95113.21,15.0,1.1497118,126,0,1
1771685352556000,1771685352556000,1771685352532000,6620172,530.5035,95113.2,15.0,1.1497117,126,0,1
1771685352608000,1771685352608000,1771685352584000,6620172,530.4941,95113.25,15.0,1.1497123,126,0,1
1771685352660000,1771685352660000,1771685352636000,6620172,530.5316,95112.83,15.0,1.1497072,126,0,1
1771685352712000,1771685352712000,1771685352688000,6620172,530.5739,95112.34,15.0,1.1497014,126,0,1
1771685352764000,1771685352764000,1771685352740000,6620172,530.5457,95112.7,15.0,1.1497058,126,0,1
1771685352816000,1771685352816000,1771685352792000,6620172,530.5739,95112.39,15.0,1.149702,126,0,1
1771685352868000,1771685352868000,1771685352844000,6620172,530.6819,95111.11,15.0,1.1496865,126,0,1
1771685352920000,1771685352920000,1771685352896000,6620172,530.5645,95112.46,15.0,1.1497028,126,0,1
1771685352972000,1771685352972000,1771685352948000,6620172,530.61615,95111.87,15.0,1.1496956,126,0,1
1771685353024000,1771685353024000,1771685353000000,6620172,530.5551,95112.555,15.0,1.149704,126,0,1
1771685353076000,1771685353076000,1771685353052000,6620172,530.6584,95111.375,15.0,1.1496897,126,0,1
1771685353128000,1771685353128000,1771685353104000,6620172,530.63965,95111.59,15.0,1.1496923,126,0,1
1771685353180000,1771685353180000,1771685353156000,6620172,530.62555,95111.79,15.0,1.1496947,126,0,1
1771685353232000,1771685353232000,1771685353208000,6620172,530.6537,95111.445,15.0,1.1496905,126,0,1
1771685353284000,1771685353284000,1771685353260000,6620172,530.62085,95111.82,15.0,1.149695,126,0,1
1771685353336000,1771685353336000,1771685353312000,6620172,530.6443,95111.555,15.0,1.1496918,126,0,1
1771685353388000,1771685353388000,1771685353364000,6620172,530.6584,95111.41,15.0,1.14969,126,0,1
1771685353440000,1771685353440000,1771685353416000,6620172,530.61145,95111.945,15.0,1.1496966,126,0,1
1771685353492000,1771685353492000,1771685353468000,6620172,530.6631,95111.32,15.0,1.149689,126,0,1
1771685353544000,1771685353544000,1771685353520000,6620172,530.7147,95110.76,15.0,1.1496822,126,0,1
1771685353596000,1771685353596000,1771685353572000,6620172,530.7288,95110.62,15.0,1.1496805,126,0,1
1771685353648000,1771685353648000,1771685353624000,6620172,530.7147,95110.766,15.0,1.1496823,126,0,1
1771685353700000,1771685353700000,1771685353676000,6620172,530.6537,95111.445,15.0,1.1496905,126,0,1
1771685353752000,1771685353752000,1771685353728000,6620172,530.6584,95111.375,15.0,1.1496897,126,0,1
1771685353804000,1771685353804000,1771685353780000,6620172,530.6678,95111.3,15.0,1.1496887,126,0,1
1771685353856000,1771685353856000,1771685353832000,6620172,530.649,95111.516,15.0,1.1496913,126,0,1
1771685353908000,1771685353908000,1771685353884000,6620172,530.696,95110.99,15.0,1.149685,126,0,1
1771685353960000,1771685353960000,1771685353936000,6620172,530.71,95110.82,15.0,1.149683,126,0,1
1771685354012000,1771685354012000,1771685353988000,6620172,530.6631,95111.33,15.0,1.1496891,126,0,1
1771685354064000,1771685354064000,1771685354040000,6620172,530.6537,95111.47,15.0,1.1496909,126,0,1
1771685354116000,1771685354116000,1771685354092000,6620172,530.6772,95111.21,15.0,1.1496876,126,0,1
1771685354168000,1771685354168000,1771685354144000,6620172,530.6584,95111.39,15.0,1.1496899,126,0,1
1771685354220000,1771685354220000,1771685354196000,6620172,530.6584,95111.41,15.0,1.14969,126,0,1
1771685354272000,1771685354272000,1771685354248000,6620172,530.7007,95110.92,15.0,1.1496842,126,0,1
1771685354324000,1771685354324000,1771685354300000,6620172,530.61145,95111.93,15.0,1.1496964,126,0,1
1771685354376000,1771685354376000,1771685354352000,6620172,530.6631,95111.32,15.0,1.149689,126,0,1
1771685354428000,1771685354428000,1771685354404000,6620172,530.63495,95111.66,15.0,1.1496931,126,0,1
1771685354480000,1771685354480000,1771685354456000,6620172,530.6819,95111.125,15.0,1.1496867,126,0,1
1771685354532000,1771685354532000,1771685354508000,6620172,530.649,95111.516,15.0,1.1496913,126,0,1
1771685354584000,1771685354584000,1771685354560000,6620172,530.63025,95111.734,15.0,1.149694,126,0,1
1771685354636000,1771685354636000,1771685354612000,6620172,530.59735,95112.07,15.0,1.1496981,126,0,1
1771685354688000,1771685354688000,1771685354664000,6620172,530.63025,95111.75,15.0,1.1496942,126,0,1
1771685354740000,1771685354740000,1771685354716000,6620172,530.63025,95111.734,15.0,1.149694,126,0,1
1771685354792000,1771685354792000,1771685354768000,6620172,530.60675,95112.0,15.0,1.1496972,126,0,1
1771685354844000,1771685354844000,1771685354820000,6620172,530.60205,95112.016,15.0,1.1496974,126,0,1
1771685354896000,1771685354896000,1771685354872000,6620172,530.61615,95111.87,15.0,1.1496956,126,0,1
1771685354948000,1771685354948000,1771685354924000,6620172,530.63025,95111.734,15.0,1.149694,126,0,1
1771685355000000,1771685355000000,1771685354976000,6620172,530.62085,95111.8,15.0,1.1496948,126,0,1
1771685355052000,1771685355052000,1771685355028000,6620172,530.6584,95111.41,15.0,1.14969,126,0,1
1771685355104000,1771685355104000,1771685355080000,6620172,530.6772,95111.195,15.0,1.1496875,126,0,1
1771685355156000,1771685355156000,1771685355132000,6620172,530.63025,95111.72,15.0,1.1496938,126,0,1
1771685355208000,1771685355208000,1771685355184000,6620172,530.6725,95111.25,15.0,1.1496881,126,0,1
1771685355260000,1771685355260000,1771685355236000,6620172,530.62555,95111.79,15.0,1.1496947,126,0,1
1771685355312000,1771685355312000,1771685355288000,6620172,530.63965,95111.586,15.0,1.1496922,126,0,1
1771685355364000,1771685355364000,1771685355340000,6620172,530.63965,95111.61,15.0,1.1496925,126,0,1
1771685355416000,1771685355416000,1771685355392000,6620172,530.6819,95111.14,15.0,1.1496868,126,0,1
1771685355468000,1771685355468000,1771685355444000,6620172,530.61615,95111.87,15.0,1.1496956,126,0,1
1771685355520000,1771685355520000,1771685355496000,6620172,530.63495,95111.64,15.0,1.1496929,126,0,1
1771685355572000,1771685355572000,1771685355548000,6620172,530.6772,95111.18,15.0,1.1496873,126,0,1
1771685355624000,1771685355624000,1771685355600000,6620172,530.6913,95111.016,15.0,1.1496854,126,0,1
1771685355676000,1771685355676000,1771685355652000,6620172,530.63965,95111.62,15.0,1.1496927,126,0,1
1771685355728000,1771685355728000,1771685355704000,6620172,530.61615,95111.87,15.0,1.1496956,126,0,1
1771685355780000,1771685355780000,1771685355756000,6620172,530.63025,95111.734,15.0,1.149694,126,0,1
1771685355832000,1771685355832000,1771685355808000,6620172,530.6537,95111.45,15.0,1.1496906,126,0,1
1771685355884000,1771685355884000,1771685355860000,6620172,530.62085,95111.83,15.0,1.1496952,126,0,1
1771685355936000,1771685355936000,1771685355912000,6620172,530.63965,95111.586,15.0,1.1496922,126,0,1
1771685355988000,1771685355988000,1771685355964000,6620172,530.6866,95111.08,15.0,1.1496861,126,0,1
1771685356040000,1771685356040000,1771685356016000,6620172,530.649,95111.51,15.0,1.1496912,126,0,1
1771685356092000,1771685356092000,1771685356068000,6620172,530.6725,95111.25,15.0,1.1496881,126,0,1
1771685356144000,1771685356144000,1771685356120000,6620172,530.7053,95110.836,15.0,1.1496831,126,0,1
1771685356196000,1771685356196000,1771685356172000,6620172,530.696,95110.984,15.0,1.1496849,126,0,1
1771685356248000,1771685356248000,1771685356224000,6620172,530.7335,95110.53,15.0,1.1496794,126,0,1
1771685356300000,1771685356300000,1771685356276000,6620172,530.7053,95110.88,15.0,1.1496837,126,0,1
1771685356352000,1771685356352000,1771685356328000,6620172,530.60205,95112.016,15.0,1.1496974,126,0,1
1771685356404000,1771685356404000,1771685356380000,6620172,530.60675,95111.99,15.0,1.1496972,126,0,1
1771685356456000,1771685356456000,1771685356432000,6620172,530.7053,95110.84,15.0,1.1496832,126,0,1
1771685356508000,1771685356508000,1771685356484000,6620172,530.7241,95110.664,15.0,1.1496811,126,0,1
1771685356560000,1771685356560000,1771685356536000,6620172,530.7382,95110.484,15.0,1.149679,126,0,1
1771685356612000,1771685356612000,1771685356588000,6620172,530.6537,95111.484,15.0,1.149691,126,0,1
1771685356664000,1771685356664000,1771685356640000,6620172,530.6678,95111.3,15.0,1.1496887,126,0,1
1771685356716000,1771685356716000,1771685356692000,6620172,530.6819,95111.13,15.0,1.1496867,126,0,1
1771685356768000,1771685356768000,1771685356744000,6620172,530.7241,95110.63,15.0,1.1496807,126,0,1
1771685356820000,1771685356820000,1771685356796000,6620172,530.696,95110.945,15.0,1.1496844,126,0,1
1771685356872000,1771685356872000,1771685356848000,6620172,530.7147,95110.78,15.0,1.1496825,126,0,1
1771685356924000,1771685356924000,1771685356900000,6620172,530.7288,95110.61,15.0,1.1496804,126,0,1
1771685356976000,1771685356976000,1771685356952000,6620172,530.6725,95111.24,15.0,1.1496881,126,0,1
1771685357028000,1771685357028000,1771685357004000,6620172,530.7147,95110.734,15.0,1.1496819,126,0,1
1771685357080000,1771685357080000,1771685357056000,6620172,530.7476,95110.36,15.0,1.1496774,126,0,1
1771685357132000,1771685357132000,1771685357108000,6620172,530.6678,95111.305,15.0,1.1496888,126,0,1
1771685357184000,1771685357184000,1771685357160000,6620172,530.71,95110.82,15.0,1.149683,126,0,1
1771685357236000,1771685357236000,1771685357212000,6620172,530.7241,95110.63,15.0,1.1496807,126,0,1
1771685357288000,1771685357288000,1771685357264000,6620172,530.696,95110.984,15.0,1.1496849,126,0,1
1771685357340000,1771685357340000,1771685357316000,6620172,530.7007,95110.91,15.0,1.1496841,126,0,1
1771685357392000,1771685357392000,1771685357368000,6620172,530.649,95111.5,15.0,1.1496912,126,0,1
1771685357444000,1771685357444000,1771685357420000,6620172,530.7617,95110.25,15.0,1.1496761,126,0,1
1771685357496000,1771685357496000,1771685357472000,6620172,530.757,95110.28,15.0,1.1496764,126,0,1
1771685357548000,1771685357548000,1771685357524000,6620172,530.6819,95111.13,15.0,1.1496867,126,0,1
1771685357600000,1771685357600000,1771685357576000,6620172,530.76636,95110.18,15.0,1.1496753,126,0,1
1771685357652000,1771685357652000,1771685357628000,6620172,530.7476,95110.375,15.0,1.1496776,126,0,1
1771685357704000,1771685357704000,1771685357680000,6620172,530.7617,95110.195,15.0,1.1496754,126,0,1
1771685357756000,1771685357756000,1771685357732000,6620172,530.7382,95110.5,15.0,1.1496791,126,0,1
1771685357808000,1771685357808000,1771685357784000,6620172,530.71,95110.82,15.0,1.149683,126,0,1
1771685357860000,1771685357860000,1771685357836000,6620172,530.77106,95110.125,15.0,1.1496745,126,0,1
1771685357912000,1771685357912000,1771685357888000,6620172,530.7147,95110.74,15.0,1.149682,126,0,1
1771685357964000,1771685357964000,1771685357940000,6620172,530.7147,95110.734,15.0,1.1496819,126,0,1
1771685358016000,1771685358016000,1771685357992000,6620172,530.7053,95110.86,15.0,1.1496835,126,0,1
1771685358068000,1771685358068000,1771685358044000,6620172,530.7382,95110.516,15.0,1.1496793,126,0,1
1771685358120000,1771685358120000,1771685358096000,6620172,530.6443,95111.555,15.0,1.1496918,126,0,1
1771685358172000,1771685358172000,1771685358148000,6620172,530.7476,95110.41,15.0,1.149678,126,0,1
1771685358224000,1771685358224000,1771685358200000,6620172,530.7053,95110.83,15.0,1.1496831,126,0,1
1771685358276000,1771685358276000,1771685358252000,6620172,530.7241,95110.67,15.0,1.1496812,126,0,1
1771685358328000,1771685358328000,1771685358304000,6620172,530.76636,95110.16,15.0,1.1496749,126,0,1
1771685358380000,1771685358380000,1771685358356000,6620172,530.7241,95110.625,15.0,1.1496806,126,0,1
1771685358432000,1771685358432000,1771685358408000,6620172,530.7007,95110.91,15.0,1.1496841,126,0,1
1771685358484000,1771685358484000,1771685358460000,6620172,530.7288,95110.586,15.0,1.1496801,126,0,1
1771685358536000,1771685358536000,1771685358512000,6620172,530.757,95110.26,15.0,1.1496762,126,0,1
1771685358588000,1771685358588000,1771685358564000,6620172,530.7335,95110.54,15.0,1.1496795,126,0,1
1771685358640000,1771685358640000,1771685358616000,6620172,530.757,95110.3,15.0,1.1496767,126,0,1
1771685358692000,1771685358692000,1771685358668000,6620172,530.77106,95110.08,15.0,1.149674,126,0,1
1771685358744000,1771685358744000,1771685358720000,6620172,530.7617,95110.234,15.0,1.1496758,126,0,1
1771685358796000,1771685358796000,1771685358772000,6620172,530.7476,95110.39,15.0,1.1496778,126,0,1
1771685358848000,1771685358848000,1771685358824000,6620172,530.7382,95110.484,15.0,1.149679,126,0,1
1771685358900000,1771685358900000,1771685358876000,6620172,530.7147,95110.75,15.0,1.1496822,126,0,1
1771685358952000,1771685358952000,1771685358928000,6620172,530.7476,95110.36,15.0,1.1496774,126,0,1
1771685359004000,1771685359004000,1771685358980000,6620172,530.7382,95110.51,15.0,1.1496792,126,0,1
1771685359056000,1771685359056000,1771685359032000,6620172,530.7007,95110.89,15.0,1.1496838,126,0,1
1771685359108000,1771685359108000,1771685359084000,6620172,530.7147,95110.79,15.0,1.1496826,126,0,1
1771685359160000,1771685359160000,1771685359136000,6620172,530.7241,95110.66,15.0,1.149681,126,0,1
1771685359212000,1771685359212000,1771685359188000,6620172,530.7194,95110.7,15.0,1.1496816,126,0,1
1771685359264000,1771685359264000,1771685359240000,6620172,530.7523,95110.336,15.0,1.1496772,126,0,1
1771685359316000,1771685359316000,1771685359292000,6620172,530.79456,95109.86,15.0,1.1496713,126,0,1
1771685359368000,1771685359368000,1771685359344000,6620172,530.77106,95110.09,15.0,1.1496742,126,0,1
1771685359420000,1771685359420000,1771685359396000,6620172,530.77106,95110.11,15.0,1.1496744,126,0,1
1771685359472000,1771685359472000,1771685359448000,6620172,530.7147,95110.74,15.0,1.149682,126,0,1
1771685359524000,1771685359524000,1771685359500000,6620172,530.7476,95110.375,15.0,1.1496776,126,0,1
1771685359576000,1771685359576000,1771685359552000,6620172,530.6913,95111.016,15.0,1.1496854,126,0,1
1771685359628000,1771685359628000,1771685359604000,6620172,530.7194,95110.72,15.0,1.1496817,126,0,1
1771685359680000,1771685359680000,1771685359656000,6620172,530.77106,95110.08,15.0,1.149674,126,0,1
1771685359732000,1771685359732000,1771685359708000,6620172,530.7523,95110.336,15.0,1.1496772,126,0,1
1771685359784000,1771685359784000,1771685359760000,6620172,530.7617,95110.21,15.0,1.1496756,126,0,1
1771685359836000,1771685359836000,1771685359812000,6620172,530.77576,95110.055,15.0,1.1496737,126,0,1
1771685359888000,1771685359888000,1771685359864000,6620172,530.7382,95110.5,15.0,1.1496791,126,0,1
1771685359940000,1771685359940000,1771685359916000,6620172,530.7476,95110.38,15.0,1.1496776,126,0,1
1771685359992000,1771685359992000,1771685359968000,6620172,530.7007,95110.914,15.0,1.1496841,126,0,1
1771685360044000,1771685360044000,1771685360020000,6620172,530.80396,95109.75,15.0,1.14967,126,0,1
1771685360096000,1771685360096000,1771685360072000,6620172,530.757,95110.3,15.0,1.1496767,126,0,1
1771685360148000,1771685360148000,1771685360124000,6620172,530.78986,95109.92,15.0,1.1496722,126,0,1
1771685360200000,1771685360200000,1771685360176000,6620172,530.78046,95109.99,15.0,1.149673,126,0,1
1771685360252000,1771685360252000,1771685360228000,6620172,530.7147,95110.75,15.0,1.1496822,126,0,1
1771685360304000,1771685360304000,1771685360280000,6620172,530.77106,95110.125,15.0,1.1496745,126,0,1
1771685360356000,1771685360356000,1771685360332000,6620172,530.7382,95110.484,15.0,1.149679,126,0,1
1771685360408000,1771685360408000,1771685360384000,6620172,530.78986,95109.88,15.0,1.1496717,126,0,1
1771685360460000,1771685360460000,1771685360436000,6620172,530.78046,95109.984,15.0,1.1496729,126,0,1
1771685360512000,1771685360512000,1771685360488000,6620172,530.7147,95110.734,15.0,1.1496819,126,0,1
1771685360564000,1771685360564000,1771685360540000,6620172,530.76636,95110.18,15.0,1.1496753,126,0,1
1771685360616000,1771685360616000,1771685360592000,6620172,530.757,95110.305,15.0,1.1496768,126,0,1
1771685360668000,1771685360668000,1771685360644000,6620172,530.78046,95110.04,15.0,1.1496736,126,0,1
1771685360720000,1771685360720000,1771685360696000,6620172,530.7335,95110.53,15.0,1.1496794,126,0,1
1771685360772000,1771685360772000,1771685360748000,6620172,530.77106,95110.09,15.0,1.1496742,126,0,1
1771685360824000,1771685360824000,1771685360800000,6620172,530.7617,95110.24,15.0,1.149676,126,0,1
1771685360876000,1771685360876000,1771685360852000,6620172,530.7429,95110.414,15.0,1.1496781,126,0,1
1771685360928000,1771685360928000,1771685360904000,6620172,530.7382,95110.484,15.0,1.149679,126,0,1
1771685360980000,1771685360980000,1771685360956000,6620172,530.757,95110.3,15.0,1.1496767,126,0,1
1771685361032000,1771685361032000,1771685361008000,6620172,530.757,95110.29,15.0,1.1496766,126,0,1
1771685361084000,1771685361084000,1771685361060000,6620172,530.7523,95110.32,15.0,1.1496769,126,0,1
1771685361136000,1771685361136000,1771685361112000,6620172,530.7476,95110.38,15.0,1.1496776,126,0,1
1771685361188000,1771685361188000,1771685361164000,6620172,530.78516,95109.945,15.0,1.1496724,126,0,1
1771685361240000,1771685361240000,1771685361216000,6620172,530.7382,95110.51,15.0,1.1496792,126,0,1
1771685361292000,1771685361292000,1771685361268000,6620172,530.7617,95110.195,15.0,1.1496754,126,0,1
1771685361344000,1771685361344000,1771685361320000,6620172,530.80396,95109.76,15.0,1.1496701,126,0,1
1771685361396000,1771685361396000,1771685361372000,6620172,530.7288,95110.59,15.0,1.1496803,126,0,1
1771685361448000,1771685361448000,1771685361424000,6620172,530.77576,95110.05,15.0,1.1496736,126,0,1
1771685361500000,1771685361500000,1771685361476000,6620172,530.77576,95110.05,15.0,1.1496736,126,0,1
1771685361552000,1771685361552000,1771685361528000,6620172,530.78986,95109.91,15.0,1.1496719,126,0,1
1771685361604000,1771685361604000,1771685361580000,6620172,530.7335,95110.555,15.0,1.1496798,126,0,1
1771685361656000,1771685361656000,1771685361632000,6620172,530.78046,95110.0,15.0,1.1496731,126,0,1
1771685361708000,1771685361708000,1771685361684000,6620172,530.80396,95109.766,15.0,1.1496702,126,0,1
1771685361760000,1771685361760000,1771685361736000,6620172,530.7241,95110.64,15.0,1.1496809,126,0,1
1771685361812000,1771685361812000,1771685361788000,6620172,530.7241,95110.625,15.0,1.1496806,126,0,1
1771685361864000,1771685361864000,1771685361840000,6620172,530.7382,95110.5,15.0,1.1496791,126,0,1
1771685361916000,1771685361916000,1771685361892000,6620172,530.757,95110.3,15.0,1.1496767,126,0,1
1771685361968000,1771685361968000,1771685361944000,6620172,530.71,95110.805,15.0,1.1496828,126,0,1
1771685362020000,1771685362020000,1771685361996000,6620172,530.78046,95109.984,15.0,1.1496729,126,0,1
1771685362072000,1771685362072000,1771685362048000,6620172,530.78046,95110.0,15.0,1.1496731,126,0,1
1771685362124000,1771685362124000,1771685362100000,6620172,530.78516,95109.945,15.0,1.1496724,126,0,1
1771685362176000,1771685362176000,1771685362152000,6620172,530.78516,95109.945,15.0,1.1496724,126,0,1
1771685362228000,1771685362228000,1771685362204000,6620172,530.76636,95110.16,15.0,1.1496749,126,0,1
1771685362280000,1771685362280000,1771685362256000,6620172,530.7382,95110.47,15.0,1.1496787,126,0,1
1771685362332000,1771685362332000,1771685362308000,6620172,530.7476,95110.41,15.0,1.149678,126,0,1
1771685362384000,1771685362384000,1771685362360000,6620172,530.7382,95110.516,15.0,1.1496793,126,0,1
1771685362436000,1771685362436000,1771685362412000,6620172,530.757,95110.26,15.0,1.1496762,126,0,1
1771685362488000,1771685362488000,1771685362464000,6620172,530.7335,95110.555,15.0,1.1496798,126,0,1
1771685362540000,1771685362540000,1771685362516000,6620172,530.7617,95110.2,15.0,1.1496755,126,0,1
1771685362592000,1771685362592000,1771685362568000,6620172,530.80396,95109.72,15.0,1.1496696,126,0,1
1771685362644000,1771685362644000,1771685362620000,6620172,530.77106,95110.13,15.0,1.1496747,126,0,1
1771685362696000,1771685362696000,1771685362672000,6620172,530.76636,95110.17,15.0,1.1496751,126,0,1
1771685362748000,1771685362748000,1771685362724000,6620172,530.78986,95109.87,15.0,1.1496714,126,0,1
1771685362800000,1771685362800000,1771685362776000,6620172,530.78046,95109.99,15.0,1.149673,126,0,1
1771685362852000,1771685362852000,1771685362828000,6620172,530.76636,95110.18,15.0,1.1496753,126,0,1
1771685362904000,1771685362904000,1771685362880000,6620172,530.77106,95110.086,15.0,1.149674,126,0,1
1771685362956000,1771685362956000,1771685362932000,6620172,530.7429,95110.43,15.0,1.1496782,126,0,1
1771685363008000,1771685363008000,1771685362984000,6620172,530.78046,95110.016,15.0,1.1496732,126,0,1
1771685363060000,1771685363060000,1771685363036000,6620172,530.77106,95110.125,15.0,1.1496745,126,0,1
1771685363112000,1771685363112000,1771685363088000,6620172,530.77576,95110.05,15.0,1.1496736,126,0,1
1771685363164000,1771685363164000,1771685363140000,6620172,530.81805,95109.58,15.0,1.149668,126,0,1
1771685363216000,1771685363216000,1771685363192000,6620172,530.7476,95110.375,15.0,1.1496776,126,0,1
1771685363268000,1771685363268000,1771685363244000,6620172,530.7429,95110.45,15.0,1.1496786,126,0,1
1771685363320000,1771685363320000,1771685363296000,6620172,530.7335,95110.54,15.0,1.1496795,126,0,1
1771685363372000,1771685363372000,1771685363348000,6620172,530.7476,95110.37,15.0,1.1496775,126,0,1
1771685363424000,1771685363424000,1771685363400000,6620172,530.757,95110.28,15.0,1.1496764,126,0,1
1771685363476000,1771685363476000,1771685363452000,6620172,530.7476,95110.41,15.0,1.149678,126,0,1
1771685363528000,1771685363528000,1771685363504000,6620172,530.7335,95110.54,15.0,1.1496795,126,0,1
1771685363580000,1771685363580000,1771685363556000,6620172,530.77106,95110.08,15.0,1.149674,126,0,1
1771685363632000,1771685363632000,1771685363608000,6620172,530.78046,95110.016,15.0,1.1496732,126,0,1
1771685363684000,1771685363684000,1771685363660000,6620172,530.78046,95109.984,15.0,1.1496729,126,0,1
1771685363736000,1771685363736000,1771685363712000,6620172,530.79926,95109.805,15.0,1.1496707,126,0,1
1771685363788000,1771685363788000,1771685363764000,6620172,530.77106,95110.12,15.0,1.1496744,126,0,1
1771685363840000,1771685363840000,1771685363816000,6620172,530.78046,95110.03,15.0,1.1496735,126,0,1
1771685363892000,1771685363892000,1771685363868000,6620172,530.7617,95110.24,15.0,1.149676,126,0,1
1771685363944000,1771685363944000,1771685363920000,6620172,530.7617,95110.22,15.0,1.1496757,126,0,1
1771685363996000,1771685363996000,1771685363972000,6620172,530.757,95110.266,15.0,1.1496763,126,0,1
1771685364048000,1771685364048000,1771685364024000,6620172,530.79926,95109.83,15.0,1.149671,126,0,1
1771685364100000,1771685364100000,1771685364076000,6620172,530.7241,95110.63,15.0,1.1496807,126,0,1
1771685364152000,1771685364152000,1771685364128000,6620172,530.7335,95110.555,15.0,1.1496798,126,0,1
1771685364204000,1771685364204000,1771685364180000,6620172,530.7288,95110.59,15.0,1.1496803,126,0,1
1771685364256000,1771685364256000,1771685364232000,6620172,530.7617,95110.21,15.0,1.1496756,126,0,1
1771685364308000,1771685364308000,1771685364284000,6620172,530.79926,95109.82,15.0,1.1496708,126,0,1
1771685364360000,1771685364360000,1771685364336000,6620172,530.80865,95109.68,15.0,1.1496692,126,0,1
1771685364412000,1771685364412000,1771685364388000,6620172,530.757,95110.29,15.0,1.1496766,126,0,1
1771685364464000,1771685364464000,1771685364440000,6620172,530.80865,95109.664,15.0,1.149669,126,0,1
1771685364516000,1771685364516000,1771685364492000,6620172,530.78516,95109.97,15.0,1.1496726,126,0,1
1771685364568000,1771685364568000,1771685364544000,6620172,530.757,95110.28,15.0,1.1496764,126,0,1
1771685364620000,1771685364620000,1771685364596000,6620172,530.7288,95110.62,15.0,1.1496805,126,0,1
1771685364672000,1771685364672000,1771685364648000,6620172,530.77106,95110.086,15.0,1.149674,126,0,1
1771685364724000,1771685364724000,1771685364700000,6620172,530.80396,95109.75,15.0,1.14967,126,0,1
1771685364776000,1771685364776000,1771685364752000,6620172,530.79926,95109.805,15.0,1.1496707,126,0,1
1771685364828000,1771685364828000,1771685364804000,6620172,530.77106,95110.08,15.0,1.149674,126,0,1
1771685364880000,1771685364880000,1771685364856000,6620172,530.79456,95109.84,15.0,1.1496712,126,0,1
1771685364932000,1771685364932000,1771685364908000,6620172,530.79456,95109.84,15.0,1.1496712,126,0,1
1771685364984000,1771685364984000,1771685364960000,6620172,530.76636,95110.16,15.0,1.1496749,126,0,1
1771685365036000,1771685365036000,1771685365012000,6620172,530.80396,95109.76,15.0,1.1496701,126,0,1
1771685365088000,1771685365088000,1771685365064000,6620172,530.77106,95110.086,15.0,1.149674,126,0,1
1771685365140000,1771685365140000,1771685365116000,6620172,530.8321,95109.414,15.0,1.149666,126,0,1
1771685365192000,1771685365192000,1771685365168000,6620172,530.7617,95110.24,15.0,1.149676,126,0,1
1771685365244000,1771685365244000,1771685365220000,6620172,530.7523,95110.33,15.0,1.149677,126,0,1
1771685365296000,1771685365296000,1771685365272000,6620172,530.8274,95109.5,15.0,1.149667,126,0,1
1771685365348000,1771685365348000,1771685365324000,6620172,530.8274,95109.5,15.0,1.149667,126,0,1
1771685365400000,1771685365400000,1771685365376000,6620172,530.81805,95109.57,15.0,1.1496679,126,0,1
1771685365452000,1771685365452000,1771685365428000,6620172,530.79456,95109.836,15.0,1.1496711,126,0,1
1771685365504000,1771685365504000,1771685365480000,6620172,530.78516,95109.95,15.0,1.1496725,126,0,1
1771685365556000,1771685365556000,1771685365532000,6620172,530.80396,95109.72,15.0,1.1496696,126,0,1
1771685365608000,1771685365608000,1771685365584000,6620172,530.77106,95110.125,15.0,1.1496745,126,0,1
1771685365660000,1771685365660000,1771685365636000,6620172,530.78986,95109.92,15.0,1.1496722,126,0,1
1771685365712000,1771685365712000,1771685365688000,6620172,530.80865,95109.7,15.0,1.1496695,126,0,1
1771685365764000,1771685365764000,1771685365740000,6620172,530.8274,95109.484,15.0,1.1496668,126,0,1
1771685365816000,1771685365816000,1771685365792000,6620172,530.80396,95109.72,15.0,1.1496696,126,0,1
1771685365868000,1771685365868000,1771685365844000,6620172,530.79456,95109.84,15.0,1.1496712,126,0,1
1771685365920000,1771685365920000,1771685365896000,6620172,530.79926,95109.82,15.0,1.1496708,126,0,1
1771685365972000,1771685365972000,1771685365948000,6620172,530.7617,95110.22,15.0,1.1496757,126,0,1
1771685366024000,1771685366024000,1771685366000000,6620172,530.79926,95109.79,15.0,1.1496705,126,0,1
1771685366076000,1771685366076000,1771685366052000,6620172,530.78046,95110.04,15.0,1.1496736,126,0,1
1771685366128000,1771685366128000,1771685366104000,6620172,530.78046,95110.01,15.0,1.1496731,126,0,1
1771685366180000,1771685366180000,1771685366156000,6620172,530.8274,95109.47,15.0,1.1496667,126,0,1
1771685366232000,1771685366232000,1771685366208000,6620172,530.79456,95109.836,15.0,1.1496711,126,0,1
1771685366284000,1771685366284000,1771685366260000,6620172,530.8415,95109.33,15.0,1.1496649,126,0,1
1771685366336000,1771685366336000,1771685366312000,6620172,530.7382,95110.5,15.0,1.1496791,126,0,1
1771685366388000,1771685366388000,1771685366364000,6620172,530.77106,95110.12,15.0,1.1496744,126,0,1
1771685366440000,1771685366440000,1771685366416000,6620172,530.8462,95109.25,15.0,1.149664,126,0,1
1771685366492000,1771685366492000,1771685366468000,6620172,530.78986,95109.89,15.0,1.1496718,126,0,1
1771685366544000,1771685366544000,1771685366520000,6620172,530.79926,95109.8,15.0,1.1496706,126,0,1
1771685366596000,1771685366596000,1771685366572000,6620172,530.80865,95109.71,15.0,1.1496695,126,0,1
1771685366648000,1771685366648000,1771685366624000,6620172,530.78516,95109.97,15.0,1.1496726,126,0,1
1771685366700000,1771685366700000,1771685366676000,6620172,530.80396,95109.75,15.0,1.14967,126,0,1
1771685366752000,1771685366752000,1771685366728000,6620172,530.78986,95109.88,15.0,1.1496717,126,0,1
1771685366804000,1771685366804000,1771685366780000,6620172,530.80396,95109.76,15.0,1.1496701,126,0,1
1771685366856000,1771685366856000,1771685366832000,6620172,530.80396,95109.76,15.0,1.1496701,126,0,1
1771685366908000,1771685366908000,1771685366884000,6620172,530.77106,95110.08,15.0,1.149674,126,0,1
1771685366960000,1771685366960000,1771685366936000,6620172,530.76636,95110.18,15.0,1.1496753,126,0,1
1771685367012000,1771685367012000,1771685366988000,6620172,530.8791,95108.88,15.0,1.1496595,126,0,1
1771685367064000,1771685367064000,1771685367040000,6620172,530.81335,95109.59,15.0,1.1496681,126,0,1
1771685367116000,1771685367116000,1771685367092000,6620172,530.76636,95110.164,15.0,1.149675,126,0,1
1771685367168000,1771685367168000,1771685367144000,6620172,530.8321,95109.43,15.0,1.1496662,126,0,1
1771685367220000,1771685367220000,1771685367196000,6620172,530.80396,95109.734,15.0,1.1496699,126,0,1
1771685367272000,1771685367272000,1771685367248000,6620172,530.81805,95109.57,15.0,1.1496679,126,0,1
1771685367324000,1771685367324000,1771685367300000,6620172,530.79456,95109.84,15.0,1.1496712,126,0,1
1771685367376000,1771685367376000,1771685367352000,6620172,530.8274,95109.47,15.0,1.1496667,126,0,1
1771685367428000,1771685367428000,1771685367404000,6620172,530.77576,95110.07,15.0,1.1496739,126,0,1
1771685367480000,1771685367480000,1771685367456000,6620172,530.81805,95109.57,15.0,1.1496679,126,0,1
1771685367532000,1771685367532000,1771685367508000,6620172,530.77106,95110.11,15.0,1.1496744,126,0,1
1771685367584000,1771685367584000,1771685367560000,6620172,530.77576,95110.055,15.0,1.1496737,126,0,1
1771685367636000,1771685367636000,1771685367612000,6620172,530.82275,95109.516,15.0,1.1496671,126,0,1
1771685367688000,1771685367688000,1771685367664000,6620172,530.77106,95110.09,15.0,1.1496742,126,0,1
1771685367740000,1771685367740000,1771685367716000,6620172,530.77106,95110.12,15.0,1.1496744,126,0,1
1771685367792000,1771685367792000,1771685367768000,6620172,530.80865,95109.7,15.0,1.1496695,126,0,1
1771685367844000,1771685367844000,1771685367820000,6620172,530.80865,95109.71,15.0,1.1496695,126,0,1
1771685367896000,1771685367896000,1771685367872000,6620172,530.78516,95109.96,15.0,1.1496726,126,0,1
1771685367948000,1771685367948000,1771685367924000,6620172,530.7617,95110.24,15.0,1.149676,126,0,1
1771685368000000,1771685368000000,1771685367976000,6620172,530.78516,95109.97,15.0,1.1496726,126,0,1
1771685368052000,1771685368052000,1771685368028000,6620172,530.82275,95109.54,15.0,1.1496675,126,0,1
1771685368104000,1771685368104000,1771685368080000,6620172,530.80865,95109.66,15.0,1.1496689,126,0,1
1771685368156000,1771685368156000,1771685368132000,6620172,530.7476,95110.375,15.0,1.1496776,126,0,1
1771685368208000,1771685368208000,1771685368184000,6620172,530.78046,95109.99,15.0,1.149673,126,0,1
1771685368260000,1771685368260000,1771685368236000,6620172,530.81805,95109.57,15.0,1.1496679,126,0,1
1771685368312000,1771685368312000,1771685368288000,6620172,530.7476,95110.37,15.0,1.1496775,126,0,1
1771685368364000,1771685368364000,1771685368340000,6620172,530.77576,95110.055,15.0,1.1496737,126,0,1
1771685368416000,1771685368416000,1771685368392000,6620172,530.7382,95110.516,15.0,1.1496793,126,0,1
1771685368468000,1771685368468000,1771685368444000,6620172,530.80396,95109.734,15.0,1.1496699,126,0,1
1771685368520000,1771685368520000,1771685368496000,6620172,530.79926,95109.78,15.0,1.1496704,126,0,1
1771685368572000,1771685368572000,1771685368548000,6620172,530.7194,95110.695,15.0,1.1496814,126,0,1
1771685368624000,1771685368624000,1771685368600000,6620172,530.77106,95110.125,15.0,1.1496745,126,0,1
1771685368676000,1771685368676000,1771685368652000,6620172,530.77106,95110.12,15.0,1.1496744,126,0,1
1771685368728000,1771685368728000,1771685368704000,6620172,530.7617,95110.195,15.0,1.1496754,126,0,1
1771685368780000,1771685368780000,1771685368756000,6620172,530.80865,95109.7,15.0,1.1496695,126,0,1
1771685368832000,1771685368832000,1771685368808000,6620172,530.79926,95109.82,15.0,1.1496708,126,0,1
1771685368884000,1771685368884000,1771685368860000,6620172,530.82275,95109.53,15.0,1.1496674,126,0,1
1771685368936000,1771685368936000,1771685368912000,6620172,530.78046,95110.04,15.0,1.1496736,126,0,1
1771685368988000,1771685368988000,1771685368964000,6620172,530.81805,95109.58,15.0,1.149668,126,0,1
1771685369040000,1771685369040000,1771685369016000,6620172,530.78986,95109.914,15.0,1.149672,126,0,1
1771685369092000,1771685369092000,1771685369068000,6620172,530.8274,95109.445,15.0,1.1496663,126,0,1
1771685369144000,1771685369144000,1771685369120000,6620172,530.8462,95109.24,15.0,1.1496639,126,0,1
1771685369196000,1771685369196000,1771685369172000,6620172,530.78986,95109.88,15.0,1.1496717,126,0,1
1771685369248000,1771685369248000,1771685369224000,6620172,530.78046,95109.99,15.0,1.149673,126,0,1
1771685369300000,1771685369300000,1771685369276000,6620172,530.7617,95110.234,15.0,1.1496758,126,0,1
1771685369352000,1771685369352000,1771685369328000,6620172,530.82275,95109.555,15.0,1.1496676,126,0,1
1771685369404000,1771685369404000,1771685369380000,6620172,530.7523,95110.32,15.0,1.1496769,126,0,1
1771685369456000,1771685369456000,1771685369432000,6620172,530.79926,95109.83,15.0,1.149671,126,0,1
1771685369508000,1771685369508000,1771685369484000,6620172,530.7617,95110.21,15.0,1.1496756,126,0,1
1771685369560000,1771685369560000,1771685369536000,6620172,530.80865,95109.7,15.0,1.1496695,126,0,1
1771685369612000,1771685369612000,1771685369588000,6620172,530.79926,95109.79,15.0,1.1496705,126,0,1
1771685369664000,1771685369664000,1771685369640000,6620172,530.8462,95109.29,15.0,1.1496645,126,0,1
1771685369716000,1771685369716000,1771685369692000,6620172,530.7476,95110.36,15.0,1.1496774,126,0,1
1771685369768000,1771685369768000,1771685369744000,6620172,530.78046,95109.99,15.0,1.149673,126,0,1
1771685369820000,1771685369820000,1771685369796000,6620172,530.78046,95109.99,15.0,1.149673,126,0,1
1771685369872000,1771685369872000,1771685369848000,6620172,530.81335,95109.62,15.0,1.1496685,126,0,1
1771685369924000,1771685369924000,1771685369900000,6620172,530.77106,95110.13,15.0,1.1496747,126,0,1
1771685369976000,1771685369976000,1771685369952000,6620172,530.8321,95109.38,15.0,1.1496656,126,0,1
1771685370028000,1771685370028000,1771685370004000,6620172,530.80396,95109.734,15.0,1.1496699,126,0,1
1771685370080000,1771685370080000,1771685370056000,6620172,530.81335,95109.62,15.0,1.1496685,126,0,1
1771685370132000,1771685370132000,1771685370108000,6620172,530.8321,95109.414,15.0,1.149666,126,0,1
1771685370184000,1771685370184000,1771685370160000,6620172,530.8462,95109.28,15.0,1.1496644,126,0,1
1771685370236000,1771685370236000,1771685370212000,6620172,530.80396,95109.766,15.0,1.1496702,126,0,1
1771685370288000,1771685370288000,1771685370264000,6620172,530.8368,95109.37,15.0,1.1496654,126,0,1
1771685370340000,1771685370340000,1771685370316000,6620172,530.77106,95110.12,15.0,1.1496744,126,0,1
1771685370392000,1771685370392000,1771685370368000,6620172,530.8462,95109.24,15.0,1.1496639,126,0,1
1771685370444000,1771685370444000,1771685370420000,6620172,530.7382,95110.484,15.0,1.149679,126,0,1
1771685370496000,1771685370496000,1771685370472000,6620172,530.81805,95109.58,15.0,1.149668,126,0,1
1771685370548000,1771685370548000,1771685370524000,6620172,530.79926,95109.78,15.0,1.1496704,126,0,1
1771685370600000,1771685370600000,1771685370576000,6620172,530.81335,95109.625,15.0,1.1496686,126,0,1
1771685370652000,1771685370652000,1771685370628000,6620172,530.80396,95109.75,15.0,1.14967,126,0,1
1771685370704000,1771685370704000,1771685370680000,6620172,530.78046,95109.99,15.0,1.149673,126,0,1
1771685370756000,1771685370756000,1771685370732000,6620172,530.81335,95109.64,15.0,1.1496687,126,0,1
1771685370808000,1771685370808000,1771685370784000,6620172,530.80865,95109.71,15.0,1.1496695,126,0,1
1771685370860000,1771685370860000,1771685370836000,6620172,530.78046,95109.984,15.0,1.1496729,126,0,1
1771685370912000,1771685370912000,1771685370888000,6620172,530.9072,95108.58,15.0,1.1496558,126,0,1
1771685370964000,1771685370964000,1771685370940000,6620172,530.78516,95109.945,15.0,1.1496724,126,0,1
1771685371016000,1771685371016000,1771685370992000,6620172,530.8415,95109.32,15.0,1.1496649,126,0,1
1771685371068000,1771685371068000,1771685371044000,6620172,530.8274,95109.46,15.0,1.1496665,126,0,1
1771685371120000,1771685371120000,1771685371096000,6620172,530.8509,95109.195,15.0,1.1496633,126,0,1
1771685371172000,1771685371172000,1771685371148000,6620172,530.78986,95109.875,15.0,1.1496716,126,0,1
1771685371224000,1771685371224000,1771685371200000,6620172,530.81335,95109.625,15.0,1.1496686,126,0,1
1771685371276000,1771685371276000,1771685371252000,6620172,530.78046,95109.99,15.0,1.149673,126,0,1
1771685371328000,1771685371328000,1771685371304000,6620172,530.8415,95109.34,15.0,1.1496651,126,0,1
1771685371380000,1771685371380000,1771685371356000,6620172,530.757,95110.266,15.0,1.1496763,126,0,1
1771685371432000,1771685371432000,1771685371408000,6620172,530.8321,95109.42,15.0,1.1496661,126,0,1
1771685371484000,1771685371484000,1771685371460000,6620172,530.79926,95109.83,15.0,1.149671,126,0,1
1771685371536000,1771685371536000,1771685371512000,6620172,530.81335,95109.62,15.0,1.1496685,126,0,1
1771685371588000,1771685371588000,1771685371564000,6620172,530.8509,95109.17,15.0,1.1496631,126,0,1
1771685371640000,1771685371640000,1771685371616000,6620172,530.8415,95109.3,15.0,1.1496645,126,0,1
1771685371692000,1771685371692000,1771685371668000,6620172,530.8415,95109.34,15.0,1.1496651,126,0,1
1771685371744000,1771685371744000,1771685371720000,6620172,530.8321,95109.41,15.0,1.1496658,126,0,1
1771685371796000,1771685371796000,1771685371772000,6620172,530.8368,95109.36,15.0,1.1496654,126,0,1
1771685371848000,1771685371848000,1771685371824000,6620172,530.8274,95109.484,15.0,1.1496668,126,0,1
1771685371900000,1771685371900000,1771685371876000,6620172,530.8556,95109.14,15.0,1.1496626,126,0,1
1771685371952000,1771685371952000,1771685371928000,6620172,530.80865,95109.664,15.0,1.149669,126,0,1
1771685372004000,1771685372004000,1771685371980000,6620172,530.8321,95109.41,15.0,1.1496658,126,0,1
1771685372056000,1771685372056000,1771685372032000,6620172,530.8744,95108.92,15.0,1.14966,126,0,1
1771685372108000,1771685372108000,1771685372084000,6620172,530.81805,95109.57,15.0,1.1496679,126,0,1
1771685372160000,1771685372160000,1771685372136000,6620172,530.8791,95108.88,15.0,1.1496595,126,0,1
1771685372212000,1771685372212000,1771685372188000,6620172,530.8744,95108.91,15.0,1.1496599,126,0,1
1771685372264000,1771685372264000,1771685372240000,6620172,530.8415,95109.32,15.0,1.1496649,126,0,1
1771685372316000,1771685372316000,1771685372292000,6620172,530.78986,95109.88,15.0,1.1496717,126,0,1
1771685372368000,1771685372368000,1771685372344000,6620172,530.8556,95109.16,15.0,1.1496629,126,0,1
1771685372420000,1771685372420000,1771685372396000,6620172,530.8556,95109.14,15.0,1.1496626,126,0,1
1771685372472000,1771685372472000,1771685372448000,6620172,530.8462,95109.266,15.0,1.1496642,126,0,1
1771685372524000,1771685372524000,1771685372500000,6620172,530.8415,95109.305,15.0,1.1496646,126,0,1
1771685372576000,1771685372576000,1771685372552000,6620172,530.8321,95109.42,15.0,1.1496661,126,0,1
1771685372628000,1771685372628000,1771685372604000,6620172,530.82275,95109.55,15.0,1.1496676,126,0,1
1771685372680000,1771685372680000,1771685372656000,6620172,530.78516,95109.96,15.0,1.1496726,126,0,1
1771685372732000,1771685372732000,1771685372708000,6620172,530.8603,95109.086,15.0,1.149662,126,0,1
1771685372784000,1771685372784000,1771685372760000,6620172,530.8744,95108.945,15.0,1.1496603,126,0,1
1771685372836000,1771685372836000,1771685372812000,6620172,530.8274,95109.484,15.0,1.1496668,126,0,1
1771685372888000,1771685372888000,1771685372864000,6620172,530.8697,95109.0,15.0,1.149661,126,0,1
1771685372940000,1771685372940000,1771685372916000,6620172,530.81805,95109.57,15.0,1.1496679,126,0,1
1771685372992000,1771685372992000,1771685372968000,6620172,530.78046,95109.99,15.0,1.149673,126,0,1
1771685373044000,1771685373044000,1771685373020000,6620172,530.8462,95109.29,15.0,1.1496645,126,0,1
1771685373096000,1771685373096000,1771685373072000,6620172,530.82275,95109.51,15.0,1.1496671,126,0,1
1771685373148000,1771685373148000,1771685373124000,6620172,530.8415,95109.33,15.0,1.1496649,126,0,1
1771685373200000,1771685373200000,1771685373176000,6620172,530.8556,95109.16,15.0,1.1496629,126,0,1
1771685373252000,1771685373252000,1771685373228000,6620172,530.757,95110.29,15.0,1.1496766,126,0,1
1771685373304000,1771685373304000,1771685373280000,6620172,530.82275,95109.555,15.0,1.1496676,126,0,1
1771685373356000,1771685373356000,1771685373332000,6620172,530.8321,95109.41,15.0,1.1496658,126,0,1
1771685373408000,1771685373408000,1771685373384000,6620172,530.8415,95109.305,15.0,1.1496646,126,0,1
1771685373460000,1771685373460000,1771685373436000,6620172,530.78046,95110.016,15.0,1.1496732,126,0,1
1771685373512000,1771685373512000,1771685373488000,6620172,530.865,95109.07,15.0,1.1496618,126,0,1
1771685373564000,1771685373564000,1771685373540000,6620172,530.8415,95109.3,15.0,1.1496645,126,0,1
1771685373616000,1771685373616000,1771685373592000,6620172,530.81805,95109.57,15.0,1.1496679,126,0,1
1771685373668000,1771685373668000,1771685373644000,6620172,530.8603,95109.08,15.0,1.1496619,126,0,1
1771685373720000,1771685373720000,1771685373696000,6620172,530.81335,95109.64,15.0,1.1496687,126,0,1
1771685373772000,1771685373772000,1771685373748000,6620172,530.8884,95108.766,15.0,1.1496581,126,0,1
1771685373824000,1771685373824000,1771685373800000,6620172,530.78046,95110.01,15.0,1.1496731,126,0,1
1771685373876000,1771685373876000,1771685373852000,6620172,530.865,95109.03,15.0,1.1496613,126,0,1
1771685373928000,1771685373928000,1771685373904000,6620172,530.8462,95109.28,15.0,1.1496644,126,0,1
1771685373980000,1771685373980000,1771685373956000,6620172,530.8415,95109.305,15.0,1.1496646,126,0,1
1771685374032000,1771685374032000,1771685374008000,6620172,530.8509,95109.21,15.0,1.1496636,126,0,1
1771685374084000,1771685374084000,1771685374060000,6620172,530.8321,95109.41,15.0,1.1496658,126,0,1
1771685374136000,1771685374136000,1771685374112000,6620172,530.8838,95108.83,15.0,1.1496589,126,0,1
1771685374188000,1771685374188000,1771685374164000,6620172,530.8884,95108.76,15.0,1.1496581,126,0,1
1771685374240000,1771685374240000,1771685374216000,6620172,530.8509,95109.2,15.0,1.1496634,126,0,1
1771685374292000,1771685374292000,1771685374268000,6620172,530.8603,95109.086,15.0,1.149662,126,0,1
1771685374344000,1771685374344000,1771685374320000,6620172,530.8509,95109.195,15.0,1.1496633,126,0,1
1771685374396000,1771685374396000,1771685374372000,6620172,530.8744,95108.92,15.0,1.14966,126,0,1
1771685374448000,1771685374448000,1771685374424000,6620172,530.8931,95108.72,15.0,1.1496576,126,0,1
1771685374500000,1771685374500000,1771685374476000,6620172,530.8603,95109.08,15.0,1.1496619,126,0,1
1771685374552000,1771685374552000,1771685374528000,6620172,530.82275,95109.53,15.0,1.1496674,126,0,1
1771685374604000,1771685374604000,1771685374580000,6620172,530.8462,95109.25,15.0,1.149664,126,0,1
1771685374656000,1771685374656000,1771685374632000,6620172,530.8321,95109.38,15.0,1.1496656,126,0,1
1771685374708000,1771685374708000,1771685374684000,6620172,530.81335,95109.59,15.0,1.1496681,126,0,1
1771685374760000,1771685374760000,1771685374736000,6620172,530.8791,95108.87,15.0,1.1496594,126,0,1
1771685374812000,1771685374812000,1771685374788000,6620172,530.8415,95109.33,15.0,1.1496649,126,0,1
1771685374864000,1771685374864000,1771685374840000,6620172,530.8791,95108.87,15.0,1.1496594,126,0,1
1771685374916000,1771685374916000,1771685374892000,6620172,530.8274,95109.47,15.0,1.1496667,126,0,1
1771685374968000,1771685374968000,1771685374944000,6620172,530.81805,95109.58,15.0,1.149668,126,0,1
1771685375020000,1771685375020000,1771685374996000,6620172,530.79926,95109.78,15.0,1.1496704,126,0,1
1771685375072000,1771685375072000,1771685375048000,6620172,530.8509,95109.2,15.0,1.1496634,126,0,1
1771685375124000,1771685375124000,1771685375100000,6620172,530.8509,95109.18,15.0,1.1496631,126,0,1
1771685375176000,1771685375176000,1771685375152000,6620172,530.8509,95109.195,15.0,1.1496633,126,0,1
1771685375228000,1771685375228000,1771685375204000,6620172,530.8697,95108.97,15.0,1.1496606,126,0,1
1771685375280000,1771685375280000,1771685375256000,6620172,530.8415,95109.336,15.0,1.149665,126,0,1
1771685375332000,1771685375332000,1771685375308000,6620172,530.8791,95108.87,15.0,1.1496594,126,0,1
1771685375384000,1771685375384000,1771685375360000,6620172,530.8321,95109.42,15.0,1.1496661,126,0,1
1771685375436000,1771685375436000,1771685375412000,6620172,530.82275,95109.555,15.0,1.1496676,126,0,1
1771685375488000,1771685375488000,1771685375464000,6620172,530.8368,95109.37,15.0,1.1496654,126,0,1
1771685375540000,1771685375540000,1771685375516000,6620172,530.8274,95109.46,15.0,1.1496665,126,0,1
1771685375592000,1771685375592000,1771685375568000,6620172,530.8462,95109.25,15.0,1.149664,126,0,1
1771685375644000,1771685375644000,1771685375620000,6620172,530.8697,95108.99,15.0,1.1496608,126,0,1
1771685375696000,1771685375696000,1771685375672000,6620172,530.82275,95109.51,15.0,1.1496671,126,0,1
1771685375748000,1771685375748000,1771685375724000,6620172,530.81335,95109.61,15.0,1.1496683,126,0,1
1771685375800000,1771685375800000,1771685375776000,6620172,530.8462,95109.29,15.0,1.1496645,126,0,1
1771685375852000,1771685375852000,1771685375828000,6620172,530.8838,95108.84,15.0,1.149659,126,0,1
1771685375904000,1771685375904000,1771685375880000,6620172,530.8744,95108.93,15.0,1.1496601,126,0,1
1771685375956000,1771685375956000,1771685375932000,6620172,530.8978,95108.64,15.0,1.1496567,126,0,1
1771685376008000,1771685376008000,1771685375984000,6620172,530.8321,95109.38,15.0,1.1496656,126,0,1
1771685376060000,1771685376060000,1771685376036000,6620172,530.8697,95108.97,15.0,1.1496606,126,0,1
1771685376112000,1771685376112000,1771685376088000,6620172,530.8321,95109.38,15.0,1.1496656,126,0,1
1771685376164000,1771685376164000,1771685376140000,6620172,530.8415,95109.33,15.0,1.1496649,126,0,1
1771685376216000,1771685376216000,1771685376192000,6620172,530.8415,95109.3,15.0,1.1496645,126,0,1
1771685376268000,1771685376268000,1771685376244000,6620172,530.8884,95108.8,15.0,1.1496586,126,0,1
1771685376320000,1771685376320000,1771685376296000,6620172,530.8462,95109.28,15.0,1.1496644,126,0,1
1771685376372000,1771685376372000,1771685376348000,6620172,530.8744,95108.92,15.0,1.14966,126,0,1
1771685376424000,1771685376424000,1771685376400000,6620172,530.8556,95109.16,15.0,1.1496629,126,0,1
1771685376476000,1771685376476000,1771685376452000,6620172,530.8978,95108.64,15.0,1.1496567,126,0,1
1771685376528000,1771685376528000,1771685376504000,6620172,530.8509,95109.21,15.0,1.1496636,126,0,1
1771685376580000,1771685376580000,1771685376556000,6620172,530.8838,95108.83,15.0,1.1496589,126,0,1
1771685376632000,1771685376632000,1771685376608000,6620172,530.81805,95109.57,15.0,1.1496679,126,0,1
1771685376684000,1771685376684000,1771685376660000,6620172,530.9072,95108.555,15.0,1.1496556,126,0,1
1771685376736000,1771685376736000,1771685376712000,6620172,530.8791,95108.87,15.0,1.1496594,126,0,1
1771685376788000,1771685376788000,1771685376764000,6620172,530.865,95109.07,15.0,1.1496618,126,0,1
1771685376840000,1771685376840000,1771685376816000,6620172,530.8274,95109.5,15.0,1.149667,126,0,1
1771685376892000,1771685376892000,1771685376868000,6620172,530.82275,95109.54,15.0,1.1496675,126,0,1
1771685376944000,1771685376944000,1771685376920000,6620172,530.8978,95108.63,15.0,1.1496565,126,0,1
1771685376996000,1771685376996000,1771685376972000,6620172,530.8462,95109.25,15.0,1.149664,126,0,1
1771685377048000,1771685377048000,1771685377024000,6620172,530.8462,95109.266,15.0,1.1496642,126,0,1
1771685377100000,1771685377100000,1771685377076000,6620172,530.8556,95109.125,15.0,1.1496625,126,0,1
1771685377152000,1771685377152000,1771685377128000,6620172,530.8838,95108.84,15.0,1.149659,126,0,1
1771685377204000,1771685377204000,1771685377180000,6620172,530.80865,95109.66,15.0,1.1496689,126,0,1
1771685377256000,1771685377256000,1771685377232000,6620172,530.8697,95108.984,15.0,1.1496608,126,0,1
1771685377308000,1771685377308000,1771685377284000,6620172,530.8744,95108.92,15.0,1.14966,126,0,1
1771685377360000,1771685377360000,1771685377336000,6620172,530.8462,95109.29,15.0,1.1496645,126,0,1
1771685377412000,1771685377412000,1771685377388000,6620172,530.8556,95109.12,15.0,1.1496624,126,0,1
1771685377464000,1771685377464000,1771685377440000,6620172,530.8556,95109.14,15.0,1.1496626,126,0,1
1771685377516000,1771685377516000,1771685377492000,6620172,530.8509,95109.18,15.0,1.1496631,126,0,1
1771685377568000,1771685377568000,1771685377544000,6620172,530.9119,95108.53,15.0,1.1496553,126,0,1
1771685377620000,1771685377620000,1771685377596000,6620172,530.78986,95109.87,15.0,1.1496714,126,0,1
1771685377672000,1771685377672000,1771685377648000,6620172,530.81805,95109.57,15.0,1.1496679,126,0,1
1771685377724000,1771685377724000,1771685377700000,6620172,530.8462,95109.266,15.0,1.1496642,126,0,1
1771685377776000,1771685377776000,1771685377752000,6620172,530.8321,95109.38,15.0,1.1496656,126,0,1
1771685377828000,1771685377828000,1771685377804000,6620172,530.80865,95109.7,15.0,1.1496695,126,0,1
1771685377880000,1771685377880000,1771685377856000,6620172,530.8556,95109.164,15.0,1.149663,126,0,1
1771685377932000,1771685377932000,1771685377908000,6620172,530.8321,95109.42,15.0,1.1496661,126,0,1
1771685377984000,1771685377984000,1771685377960000,6620172,530.8368,95109.37,15.0,1.1496654,126,0,1
1771685378036000,1771685378036000,1771685378012000,6620172,530.8603,95109.08,15.0,1.1496619,126,0,1
1771685378088000,1771685378088000,1771685378064000,6620172,530.865,95109.03,15.0,1.1496613,126,0,1
1771685378140000,1771685378140000,1771685378116000,6620172,530.78046,95110.016,15.0,1.1496732,126,0,1
1771685378192000,1771685378192000,1771685378168000,6620172,530.8274,95109.445,15.0,1.1496663,126,0,1
1771685378244000,1771685378244000,1771685378220000,6620172,530.8791,95108.89,15.0,1.1496596,126,0,1
1771685378296000,1771685378296000,1771685378272000,6620172,530.8556,95109.125,15.0,1.1496625,126,0,1
1771685378348000,1771685378348000,1771685378324000,6620172,530.81805,95109.57,15.0,1.1496679,126,0,1
1771685378400000,1771685378400000,1771685378376000,6620172,530.865,95109.03,15.0,1.1496613,126,0,1
1771685378452000,1771685378452000,1771685378428000,6620172,530.8556,95109.14,15.0,1.1496626,126,0,1
1771685378504000,1771685378504000,1771685378480000,6620172,530.8415,95109.305,15.0,1.1496646,126,0,1
1771685378556000,1771685378556000,1771685378532000,6620172,530.9072,95108.55,15.0,1.1496555,126,0,1
1771685378608000,1771685378608000,1771685378584000,6620172,530.8791,95108.87,15.0,1.1496594,126,0,1
1771685378660000,1771685378660000,1771685378636000,6620172,530.81335,95109.61,15.0,1.1496683,126,0,1
1771685378712000,1771685378712000,1771685378688000,6620172,530.8509,95109.18,15.0,1.1496631,126,0,1
1771685378764000,1771685378764000,1771685378740000,6620172,530.8884,95108.76,15.0,1.1496581,126,0,1
1771685378816000,1771685378816000,1771685378792000,6620172,530.8321,95109.414,15.0,1.149666,126,0,1
1771685378868000,1771685378868000,1771685378844000,6620172,530.8368,95109.36,15.0,1.1496654,126,0,1
1771685378920000,1771685378920000,1771685378896000,6620172,530.8744,95108.92,15.0,1.14966,126,0,1
1771685378972000,1771685378972000,1771685378948000,6620172,530.8556,95109.12,15.0,1.1496624,126,0,1
1771685379024000,1771685379024000,1771685379000000,6620172,530.8462,95109.29,15.0,1.1496645,126,0,1
1771685379076000,1771685379076000,1771685379052000,6620172,530.8884,95108.75,15.0,1.149658,126,0,1
1771685379128000,1771685379128000,1771685379104000,6620172,530.8321,95109.38,15.0,1.1496656,126,0,1
1771685379180000,1771685379180000,1771685379156000,6620172,530.80865,95109.66,15.0,1.1496689,126,0,1
1771685379232000,1771685379232000,1771685379208000,6620172,530.8884,95108.75,15.0,1.149658,126,0,1
1771685379284000,1771685379284000,1771685379260000,6620172,530.82275,95109.516,15.0,1.1496671,126,0,1
1771685379336000,1771685379336000,1771685379312000,6620172,530.8415,95109.305,15.0,1.1496646,126,0,1
1771685379388000,1771685379388000,1771685379364000,6620172,530.926,95108.38,15.0,1.1496536,126,0,1
1771685379440000,1771685379440000,1771685379416000,6620172,530.8697,95108.984,15.0,1.1496608,126,0,1
1771685379492000,1771685379492000,1771685379468000,6620172,530.9119,95108.484,15.0,1.1496547,126,0,1
1771685379544000,1771685379544000,1771685379520000,6620172,530.9072,95108.59,15.0,1.149656,126,0,1
1771685379596000,1771685379596000,1771685379572000,6620172,530.8744,95108.92,15.0,1.14966,126,0,1
1771685379648000,1771685379648000,1771685379624000,6620172,530.8791,95108.88,15.0,1.1496595,126,0,1
1771685379700000,1771685379700000,1771685379676000,6620172,530.865,95109.055,15.0,1.1496617,126,0,1
1771685379752000,1771685379752000,1771685379728000,6620172,530.8697,95109.0,15.0,1.149661,126,0,1
1771685379804000,1771685379804000,1771685379780000,6620172,530.8462,95109.28,15.0,1.1496644,126,0,1
1771685379856000,1771685379856000,1771685379832000,6620172,530.8274,95109.49,15.0,1.1496669,126,0,1
1771685379908000,1771685379908000,1771685379884000,6620172,530.8462,95109.25,15.0,1.149664,126,0,1
1771685379960000,1771685379960000,1771685379936000,6620172,530.8978,95108.63,15.0,1.1496565,126,0,1
1771685380012000,1771685380012000,1771685379988000,6620172,530.8274,95109.46,15.0,1.1496665,126,0,1
1771685380064000,1771685380064000,1771685380040000,6620172,530.865,95109.04,15.0,1.1496614,126,0,1
1771685380116000,1771685380116000,1771685380092000,6620172,530.9119,95108.484,15.0,1.1496547,126,0,1
1771685380168000,1771685380168000,1771685380144000,6620172,530.8884,95108.766,15.0,1.1496581,126,0,1
1771685380220000,1771685380220000,1771685380196000,6620172,530.8744,95108.95,15.0,1.1496603,126,0,1
1771685380272000,1771685380272000,1771685380248000,6620172,530.8697,95109.0,15.0,1.149661,126,0,1
1771685380324000,1771685380324000,1771685380300000,6620172,530.8744,95108.945,15.0,1.1496603,126,0,1
1771685380376000,1771685380376000,1771685380352000,6620172,530.8556,95109.16,15.0,1.1496629,126,0,1
1771685380428000,1771685380428000,1771685380404000,6620172,530.8697,95109.016,15.0,1.1496612,126,0,1
1771685380480000,1771685380480000,1771685380456000,6620172,530.8415,95109.336,15.0,1.149665,126,0,1
1771685380532000,1771685380532000,1771685380508000,6620172,530.8697,95108.97,15.0,1.1496606,126,0,1
1771685380584000,1771685380584000,1771685380560000,6620172,530.80396,95109.74,15.0,1.1496699,126,0,1
1771685380636000,1771685380636000,1771685380612000,6620172,530.8603,95109.08,15.0,1.1496619,126,0,1
1771685380688000,1771685380688000,1771685380664000,6620172,530.8884,95108.79,15.0,1.1496584,126,0,1
1771685380740000,1771685380740000,1771685380716000,6620172,530.8415,95109.34,15.0,1.1496651,126,0,1
1771685380792000,1771685380792000,1771685380768000,6620172,530.8556,95109.11,15.0,1.1496623,126,0,1
1771685380844000,1771685380844000,1771685380820000,6620172,530.8368,95109.37,15.0,1.1496654,126,0,1
1771685380896000,1771685380896000,1771685380872000,6620172,530.8274,95109.5,15.0,1.149667,126,0,1
1771685380948000,1771685380948000,1771685380924000,6620172,530.8556,95109.13,15.0,1.1496626,126,0,1
1771685381000000,1771685381000000,1771685380976000,6620172,530.9072,95108.55,15.0,1.1496555,126,0,1
1771685381052000,1771685381052000,1771685381028000,6620172,530.8697,95109.01,15.0,1.1496611,126,0,1
1771685381104000,1771685381104000,1771685381080000,6620172,530.8415,95109.33,15.0,1.1496649,126,0,1
1771685381156000,1771685381156000,1771685381132000,6620172,530.8509,95109.2,15.0,1.1496634,126,0,1
1771685381208000,1771685381208000,1771685381184000,6620172,530.8744,95108.93,15.0,1.1496601,126,0,1
1771685381260000,1771685381260000,1771685381236000,6620172,530.8556,95109.16,15.0,1.1496629,126,0,1
1771685381312000,1771685381312000,1771685381288000,6620172,530.82275,95109.555,15.0,1.1496676,126,0,1
1771685381364000,1771685381364000,1771685381340000,6620172,530.8556,95109.12,15.0,1.1496624,126,0,1
1771685381416000,1771685381416000,1771685381392000,6620172,530.8697,95108.984,15.0,1.1496608,126,0,1
1771685381468000,1771685381468000,1771685381444000,6620172,530.8368,95109.37,15.0,1.1496654,126,0,1
1771685381520000,1771685381520000,1771685381496000,6620172,530.8744,95108.95,15.0,1.1496603,126,0,1
1771685381572000,1771685381572000,1771685381548000,6620172,530.8744,95108.945,15.0,1.1496603,126,0,1
1771685381624000,1771685381624000,1771685381600000,6620172,530.81335,95109.625,15.0,1.1496686,126,0,1
1771685381676000,1771685381676000,1771685381652000,6620172,530.8603,95109.09,15.0,1.1496621,126,0,1
1771685381728000,1771685381728000,1771685381704000,6620172,530.8462,95109.26,15.0,1.149664,126,0,1
1771685381780000,1771685381780000,1771685381756000,6620172,530.865,95109.04,15.0,1.1496614,126,0,1
1771685381832000,1771685381832000,1771685381808000,6620172,530.8462,95109.24,15.0,1.1496639,126,0,1
1771685381884000,1771685381884000,1771685381860000,6620172,530.8697,95108.97,15.0,1.1496606,126,0,1
1771685381936000,1771685381936000,1771685381912000,6620172,530.8462,95109.24,15.0,1.1496639,126,0,1
1771685381988000,1771685381988000,1771685381964000,6620172,530.8838,95108.84,15.0,1.149659,126,0,1
1771685382040000,1771685382040000,1771685382016000,6620172,530.8697,95108.97,15.0,1.1496606,126,0,1
1771685382092000,1771685382092000,1771685382068000,6620172,530.8415,95109.34,15.0,1.1496651,126,0,1
1771685382144000,1771685382144000,1771685382120000,6620172,530.8415,95109.32,15.0,1.1496649,126,0,1
1771685382196000,1771685382196000,1771685382172000,6620172,530.8462,95109.234,15.0,1.1496638,126,0,1
1771685382248000,1771685382248000,1771685382224000,6620172,530.81335,95109.62,15.0,1.1496685,126,0,1
1771685382300000,1771685382300000,1771685382276000,6620172,530.81335,95109.59,15.0,1.1496681,126,0,1
1771685382352000,1771685382352000,1771685382328000,6620172,530.82275,95109.516,15.0,1.1496671,126,0,1
1771685382404000,1771685382404000,1771685382380000,6620172,530.8321,95109.41,15.0,1.1496658,126,0,1
1771685382456000,1771685382456000,1771685382432000,6620172,530.8462,95109.234,15.0,1.1496638,126,0,1
1771685382508000,1771685382508000,1771685382484000,6620172,530.9307,95108.305,15.0,1.1496526,126,0,1
1771685382560000,1771685382560000,1771685382536000,6620172,530.8556,95109.11,15.0,1.1496623,126,0,1
1771685382612000,1771685382612000,1771685382588000,6620172,530.8603,95109.086,15.0,1.149662,126,0,1
1771685382664000,1771685382664000,1771685382640000,6620172,530.8697,95108.99,15.0,1.1496608,126,0,1
1771685382716000,1771685382716000,1771685382692000,6620172,530.8697,95108.984,15.0,1.1496608,126,0,1
1771685382768000,1771685382768000,1771685382744000,6620172,530.8697,95108.96,15.0,1.1496605,126,0,1
1771685382820000,1771685382820000,1771685382796000,6620172,530.9166,95108.47,15.0,1.1496545,126,0,1
1771685382872000,1771685382872000,1771685382848000,6620172,530.8978,95108.66,15.0,1.1496568,126,0,1
1771685382924000,1771685382924000,1771685382900000,6620172,530.8556,95109.14,15.0,1.1496626,126,0,1
1771685382976000,1771685382976000,1771685382952000,6620172,530.8603,95109.08,15.0,1.1496619,126,0,1
1771685383028000,1771685383028000,1771685383004000,6620172,530.8603,95109.086,15.0,1.149662,126,0,1
1771685383080000,1771685383080000,1771685383056000,6620172,530.9213,95108.39,15.0,1.1496536,126,0,1
1771685383132000,1771685383132000,1771685383108000,6620172,530.9072,95108.555,15.0,1.1496556,126,0,1
1771685383184000,1771685383184000,1771685383160000,6620172,530.8978,95108.67,15.0,1.149657,126,0,1
1771685383236000,1771685383236000,1771685383212000,6620172,530.8697,95108.97,15.0,1.1496606,126,0,1
1771685383288000,1771685383288000,1771685383264000,6620172,530.8791,95108.875,15.0,1.1496595,126,0,1
1771685383340000,1771685383340000,1771685383316000,6620172,530.8556,95109.16,15.0,1.1496629,126,0,1
1771685383392000,1771685383392000,1771685383368000,6620172,530.8556,95109.125,15.0,1.1496625,126,0,1
1771685383444000,1771685383444000,1771685383420000,6620172,530.9072,95108.54,15.0,1.1496553,126,0,1
1771685383496000,1771685383496000,1771685383472000,6620172,530.8931,95108.71,15.0,1.1496575,126,0,1
1771685383548000,1771685383548000,1771685383524000,6620172,530.926,95108.37,15.0,1.1496533,126,0,1
1771685383600000,1771685383600000,1771685383576000,6620172,530.9354,95108.25,15.0,1.1496519,126,0,1
1771685383652000,1771685383652000,1771685383628000,6620172,530.9166,95108.42,15.0,1.149654,126,0,1
1771685383704000,1771685383704000,1771685383680000,6620172,530.8603,95109.08,15.0,1.1496619,126,0,1
1771685383756000,1771685383756000,1771685383732000,6620172,530.8697,95109.01,15.0,1.1496611,126,0,1
1771685383808000,1771685383808000,1771685383784000,6620172,530.9119,95108.5,15.0,1.149655,126,0,1
1771685383860000,1771685383860000,1771685383836000,6620172,530.8556,95109.12,15.0,1.1496624,126,0,1
1771685383912000,1771685383912000,1771685383888000,6620172,530.8556,95109.11,15.0,1.1496623,126,0,1
1771685383964000,1771685383964000,1771685383940000,6620172,530.8884,95108.78,15.0,1.1496583,126,0,1
1771685384016000,1771685384016000,1771685383992000,6620172,530.8556,95109.164,15.0,1.149663,126,0,1
1771685384068000,1771685384068000,1771685384044000,6620172,530.9307,95108.29,15.0,1.1496524,126,0,1
1771685384120000,1771685384120000,1771685384096000,6620172,530.865,95109.07,15.0,1.1496618,126,0,1
1771685384172000,1771685384172000,1771685384148000,6620172,530.81805,95109.57,15.0,1.1496679,126,0,1
1771685384224000,1771685384224000,1771685384200000,6620172,530.8838,95108.83,15.0,1.1496589,126,0,1
1771685384276000,1771685384276000,1771685384252000,6620172,530.865,95109.03,15.0,1.1496613,126,0,1
1771685384328000,1771685384328000,1771685384304000,6620172,530.8791,95108.89,15.0,1.1496596,126,0,1
1771685384380000,1771685384380000,1771685384356000,6620172,530.8884,95108.805,15.0,1.1496586,126,0,1
1771685384432000,1771685384432000,1771685384408000,6620172,530.8603,95109.086,15.0,1.149662,126,0,1
1771685384484000,1771685384484000,1771685384460000,6620172,530.80865,95109.71,15.0,1.1496695,126,0,1
1771685384536000,1771685384536000,1771685384512000,6620172,530.8791,95108.88,15.0,1.1496595,126,0,1
1771685384588000,1771685384588000,1771685384564000,6620172,530.9166,95108.414,15.0,1.1496539,126,0,1
1771685384640000,1771685384640000,1771685384616000,6620172,530.9072,95108.586,15.0,1.1496559,126,0,1
1771685384692000,1771685384692000,1771685384668000,6620172,530.8978,95108.66,15.0,1.1496568,126,0,1
1771685384744000,1771685384744000,1771685384720000,6620172,530.9119,95108.51,15.0,1.149655,126,0,1
1771685384796000,1771685384796000,1771685384772000,6620172,530.8838,95108.836,15.0,1.149659,126,0,1
1771685384848000,1771685384848000,1771685384824000,6620172,530.8838,95108.83,15.0,1.1496589,126,0,1
1771685384900000,1771685384900000,1771685384876000,6620172,530.8697,95109.016,15.0,1.1496612,126,0,1
1771685384952000,1771685384952000,1771685384928000,6620172,530.9354,95108.22,15.0,1.1496515,126,0,1
1771685385004000,1771685385004000,1771685384980000,6620172,530.926,95108.375,15.0,1.1496534,126,0,1
1771685385056000,1771685385056000,1771685385032000,6620172,530.8744,95108.95,15.0,1.1496603,126,0,1
1771685385108000,1771685385108000,1771685385084000,6620172,530.9072,95108.58,15.0,1.1496558,126,0,1
1771685385160000,1771685385160000,1771685385136000,6620172,530.8415,95109.34,15.0,1.1496651,126,0,1
1771685385212000,1771685385212000,1771685385188000,6620172,530.9072,95108.57,15.0,1.1496558,126,0,1
1771685385264000,1771685385264000,1771685385240000,6620172,530.8838,95108.83,15.0,1.1496589,126,0,1
1771685385316000,1771685385316000,1771685385292000,6620172,530.8978,95108.664,15.0,1.1496569,126,0,1
1771685385368000,1771685385368000,1771685385344000,6620172,530.926,95108.37,15.0,1.1496533,126,0,1
1771685385420000,1771685385420000,1771685385396000,6620172,530.9166,95108.45,15.0,1.1496544,126,0,1
1771685385472000,1771685385472000,1771685385448000,6620172,530.8274,95109.46,15.0,1.1496665,126,0,1
1771685385524000,1771685385524000,1771685385500000,6620172,530.8791,95108.87,15.0,1.1496594,126,0,1
1771685385576000,1771685385576000,1771685385552000,6620172,530.8978,95108.68,15.0,1.1496571,126,0,1
1771685385628000,1771685385628000,1771685385604000,6620172,530.8884,95108.78,15.0,1.1496583,126,0,1
1771685385680000,1771685385680000,1771685385656000,6620172,530.926,95108.336,15.0,1.149653,126,0,1
1771685385732000,1771685385732000,1771685385708000,6620172,530.8931,95108.72,15.0,1.1496576,126,0,1
1771685385784000,1771685385784000,1771685385760000,6620172,530.9072,95108.58,15.0,1.1496558,126,0,1
1771685385836000,1771685385836000,1771685385812000,6620172,530.9025,95108.62,15.0,1.1496563,126,0,1
1771685385888000,1771685385888000,1771685385864000,6620172,530.8978,95108.625,15.0,1.1496564,126,0,1
1771685385940000,1771685385940000,1771685385916000,6620172,530.8321,95109.41,15.0,1.1496658,126,0,1
1771685385992000,1771685385992000,1771685385968000,6620172,530.8931,95108.734,15.0,1.1496577,126,0,1
1771685386044000,1771685386044000,1771685386020000,6620172,530.865,95109.05,15.0,1.1496615,126,0,1
1771685386096000,1771685386096000,1771685386072000,6620172,530.8509,95109.22,15.0,1.1496636,126,0,1
1771685386148000,1771685386148000,1771685386124000,6620172,530.9401,95108.164,15.0,1.1496508,126,0,1
1771685386200000,1771685386200000,1771685386176000,6620172,530.8415,95109.34,15.0,1.1496651,126,0,1
1771685386252000,1771685386252000,1771685386228000,6620172,530.8838,95108.86,15.0,1.1496593,126,0,1
1771685386304000,1771685386304000,1771685386280000,6620172,530.8931,95108.72,15.0,1.1496576,126,0,1
1771685386356000,1771685386356000,1771685386332000,6620172,530.8791,95108.87,15.0,1.1496594,126,0,1
1771685386408000,1771685386408000,1771685386384000,6620172,530.9119,95108.53,15.0,1.1496553,126,0,1
1771685386460000,1771685386460000,1771685386436000,6620172,530.8744,95108.914,15.0,1.1496599,126,0,1
1771685386512000,1771685386512000,1771685386488000,6620172,530.8884,95108.76,15.0,1.1496581,126,0,1
1771685386564000,1771685386564000,1771685386540000,6620172,530.9072,95108.59,15.0,1.149656,126,0,1
1771685386616000,1771685386616000,1771685386592000,6620172,530.926,95108.336,15.0,1.149653,126,0,1
1771685386668000,1771685386668000,1771685386644000,6620172,530.95416,95108.04,15.0,1.1496494,126,0,1
1771685386720000,1771685386720000,1771685386696000,6620172,530.8556,95109.16,15.0,1.1496629,126,0,1
1771685386772000,1771685386772000,1771685386748000,6620172,530.8931,95108.734,15.0,1.1496577,126,0,1
1771685386824000,1771685386824000,1771685386800000,6620172,530.8884,95108.75,15.0,1.149658,126,0,1
1771685386876000,1771685386876000,1771685386852000,6620172,530.8838,95108.84,15.0,1.149659,126,0,1
1771685386928000,1771685386928000,1771685386904000,6620172,530.9354,95108.22,15.0,1.1496515,126,0,1
1771685386980000,1771685386980000,1771685386956000,6620172,530.926,95108.34,15.0,1.1496531,126,0,1
1771685387032000,1771685387032000,1771685387008000,6620172,530.9072,95108.55,15.0,1.1496555,126,0,1
1771685387084000,1771685387084000,1771685387060000,6620172,530.8697,95109.0,15.0,1.149661,126,0,1
1771685387136000,1771685387136000,1771685387112000,6620172,530.8744,95108.92,15.0,1.14966,126,0,1
1771685387188000,1771685387188000,1771685387164000,6620172,530.9354,95108.234,15.0,1.1496518,126,0,1
1771685387240000,1771685387240000,1771685387216000,6620172,530.9119,95108.51,15.0,1.149655,126,0,1
1771685387292000,1771685387292000,1771685387268000,6620172,530.8978,95108.67,15.0,1.149657,126,0,1
1771685387344000,1771685387344000,1771685387320000,6620172,530.9448,95108.13,15.0,1.1496505,126,0,1
1771685387396000,1771685387396000,1771685387372000,6620172,530.95886,95107.97,15.0,1.1496485,126,0,1
1771685387448000,1771685387448000,1771685387424000,6620172,530.9354,95108.21,15.0,1.1496514,126,0,1
1771685387500000,1771685387500000,1771685387476000,6620172,530.8978,95108.63,15.0,1.1496565,126,0,1
1771685387552000,1771685387552000,1771685387528000,6620172,530.8931,95108.71,15.0,1.1496575,126,0,1
1771685387604000,1771685387604000,1771685387580000,6620172,530.8556,95109.16,15.0,1.1496629,126,0,1
1771685387656000,1771685387656000,1771685387632000,6620172,530.9307,95108.32,15.0,1.1496527,126,0,1
1771685387708000,1771685387708000,1771685387684000,6620172,530.865,95109.055,15.0,1.1496617,126,0,1
1771685387760000,1771685387760000,1771685387736000,6620172,530.8931,95108.72,15.0,1.1496576,126,0,1
1771685387812000,1771685387812000,1771685387788000,6620172,530.8884,95108.76,15.0,1.1496581,126,0,1
1771685387864000,1771685387864000,1771685387840000,6620172,530.9354,95108.234,15.0,1.1496518,126,0,1
1771685387916000,1771685387916000,1771685387892000,6620172,530.8978,95108.67,15.0,1.149657,126,0,1
1771685387968000,1771685387968000,1771685387944000,6620172,530.926,95108.336,15.0,1.149653,126,0,1
1771685388020000,1771685388020000,1771685387996000,6620172,530.8931,95108.71,15.0,1.1496575,126,0,1
1771685388072000,1771685388072000,1771685388048000,6620172,530.9401,95108.195,15.0,1.1496513,126,0,1
1771685388124000,1771685388124000,1771685388100000,6620172,530.9072,95108.555,15.0,1.1496556,126,0,1
1771685388176000,1771685388176000,1771685388152000,6620172,530.95886,95107.984,15.0,1.1496487,126,0,1
1771685388228000,1771685388228000,1771685388204000,6620172,530.926,95108.37,15.0,1.1496533,126,0,1
1771685388280000,1771685388280000,1771685388256000,6620172,530.9166,95108.46,15.0,1.1496545,126,0,1
1771685388332000,1771685388332000,1771685388308000,6620172,530.926,95108.336,15.0,1.149653,126,0,1
1771685388384000,1771685388384000,1771685388360000,6620172,530.9354,95108.22,15.0,1.1496515,126,0,1
1771685388436000,1771685388436000,1771685388412000,6620172,530.926,95108.375,15.0,1.1496534,126,0,1
1771685388488000,1771685388488000,1771685388464000,6620172,530.96356,95107.92,15.0,1.149648,126,0,1
1771685388540000,1771685388540000,1771685388516000,6620172,530.8931,95108.72,15.0,1.1496576,126,0,1
1771685388592000,1771685388592000,1771685388568000,6620172,530.8697,95108.97,15.0,1.1496606,126,0,1
1771685388644000,1771685388644000,1771685388620000,6620172,530.9166,95108.45,15.0,1.1496544,126,0,1
1771685388696000,1771685388696000,1771685388672000,6620172,530.9119,95108.5,15.0,1.149655,126,0,1
1771685388748000,1771685388748000,1771685388724000,6620172,530.9448,95108.14,15.0,1.1496506,126,0,1
1771685388800000,1771685388800000,1771685388776000,6620172,530.96826,95107.88,15.0,1.1496475,126,0,1
1771685388852000,1771685388852000,1771685388828000,6620172,530.9401,95108.164,15.0,1.1496508,126,0,1
1771685388904000,1771685388904000,1771685388880000,6620172,530.9166,95108.414,15.0,1.1496539,126,0,1
1771685388956000,1771685388956000,1771685388932000,6620172,530.926,95108.336,15.0,1.149653,126,0,1
1771685389008000,1771685389008000,1771685388984000,6620172,530.9025,95108.61,15.0,1.1496563,126,0,1
1771685389060000,1771685389060000,1771685389036000,6620172,530.9119,95108.484,15.0,1.1496547,126,0,1
1771685389112000,1771685389112000,1771685389088000,6620172,530.9119,95108.516,15.0,1.1496551,126,0,1
1771685389164000,1771685389164000,1771685389140000,6620172,530.9072,95108.55,15.0,1.1496555,126,0,1
1771685389216000,1771685389216000,1771685389192000,6620172,530.9166,95108.43,15.0,1.149654,126,0,1
1771685389268000,1771685389268000,1771685389244000,6620172,530.97296,95107.836,15.0,1.1496469,126,0,1
1771685389320000,1771685389320000,1771685389296000,6620172,530.9401,95108.17,15.0,1.1496509,126,0,1
1771685389372000,1771685389372000,1771685389348000,6620172,530.926,95108.37,15.0,1.1496533,126,0,1
1771685389424000,1771685389424000,1771685389400000,6620172,530.926,95108.38,15.0,1.1496536,126,0,1
1771685389476000,1771685389476000,1771685389452000,6620172,530.9166,95108.445,15.0,1.1496543,126,0,1
1771685389528000,1771685389528000,1771685389504000,6620172,530.9119,95108.5,15.0,1.149655,126,0,1
1771685389580000,1771685389580000,1771685389556000,6620172,530.8744,95108.95,15.0,1.1496603,126,0,1
1771685389632000,1771685389632000,1771685389608000,6620172,530.9307,95108.32,15.0,1.1496527,126,0,1
1771685389684000,1771685389684000,1771685389660000,6620172,530.8931,95108.734,15.0,1.1496577,126,0,1
1771685389736000,1771685389736000,1771685389712000,6620172,530.9166,95108.46,15.0,1.1496545,126,0,1
1771685389788000,1771685389788000,1771685389764000,6620172,530.8884,95108.75,15.0,1.149658,126,0,1
1771685389840000,1771685389840000,1771685389816000,6620172,530.9119,95108.49,15.0,1.1496549,126,0,1
1771685389892000,1771685389892000,1771685389868000,6620172,530.94946,95108.086,15.0,1.14965,126,0,1
1771685389944000,1771685389944000,1771685389920000,6620172,530.95416,95107.99,15.0,1.1496488,126,0,1
1771685389996000,1771685389996000,1771685389972000,6620172,530.926,95108.36,15.0,1.1496532,126,0,1
1771685390048000,1771685390048000,1771685390024000,6620172,530.8838,95108.83,15.0,1.1496589,126,0,1
1771685390100000,1771685390100000,1771685390076000,6620172,530.926,95108.34,15.0,1.1496531,126,0,1
1771685390152000,1771685390152000,1771685390128000,6620172,530.95416,95108.0,15.0,1.1496489,126,0,1
1771685390204000,1771685390204000,1771685390180000,6620172,530.9072,95108.58,15.0,1.1496558,126,0,1
1771685390256000,1771685390256000,1771685390232000,6620172,530.9072,95108.54,15.0,1.1496553,126,0,1
1771685390308000,1771685390308000,1771685390284000,6620172,530.8978,95108.66,15.0,1.1496568,126,0,1
1771685390360000,1771685390360000,1771685390336000,6620172,530.95886,95107.984,15.0,1.1496487,126,0,1
1771685390412000,1771685390412000,1771685390388000,6620172,530.9307,95108.266,15.0,1.1496521,126,0,1
1771685390464000,1771685390464000,1771685390440000,6620172,530.96826,95107.89,15.0,1.1496476,126,0,1
1771685390516000,1771685390516000,1771685390492000,6620172,530.9401,95108.164,15.0,1.1496508,126,0,1
1771685390568000,1771685390568000,1771685390544000,6620172,530.8978,95108.664,15.0,1.1496569,126,0,1
1771685390620000,1771685390620000,1771685390596000,6620172,530.95886,95107.96,15.0,1.1496484,126,0,1
1771685390672000,1771685390672000,1771685390648000,6620172,530.8978,95108.664,15.0,1.1496569,126,0,1
1771685390724000,1771685390724000,1771685390700000,6620172,530.9119,95108.49,15.0,1.1496549,126,0,1
1771685390776000,1771685390776000,1771685390752000,6620172,530.8838,95108.83,15.0,1.1496589,126,0,1
1771685390828000,1771685390828000,1771685390804000,6620172,530.9072,95108.54,15.0,1.1496553,126,0,1
1771685390880000,1771685390880000,1771685390856000,6620172,530.926,95108.36,15.0,1.1496532,126,0,1
1771685390932000,1771685390932000,1771685390908000,6620172,530.8744,95108.91,15.0,1.1496599,126,0,1
1771685390984000,1771685390984000,1771685390960000,6620172,530.9166,95108.445,15.0,1.1496543,126,0,1
1771685391036000,1771685391036000,1771685391012000,6620172,530.9166,95108.46,15.0,1.1496545,126,0,1
1771685391088000,1771685391088000,1771685391064000,6620172,530.9166,95108.445,15.0,1.1496543,126,0,1
1771685391140000,1771685391140000,1771685391116000,6620172,530.97296,95107.8,15.0,1.1496464,126,0,1
1771685391192000,1771685391192000,1771685391168000,6620172,530.9166,95108.445,15.0,1.1496543,126,0,1
1771685391244000,1771685391244000,1771685391220000,6620172,530.9213,95108.39,15.0,1.1496536,126,0,1
1771685391296000,1771685391296000,1771685391272000,6620172,530.8931,95108.734,15.0,1.1496577,126,0,1
1771685391348000,1771685391348000,1771685391324000,6620172,530.8791,95108.88,15.0,1.1496595,126,0,1
1771685391400000,1771685391400000,1771685391376000,6620172,530.96826,95107.84,15.0,1.149647,126,0,1
1771685391452000,1771685391452000,1771685391428000,6620172,530.8509,95109.195,15.0,1.1496633,126,0,1
1771685391504000,1771685391504000,1771685391480000,6620172,530.9166,95108.46,15.0,1.1496545,126,0,1
1771685391556000,1771685391556000,1771685391532000,6620172,530.9354,95108.24,15.0,1.1496518,126,0,1
1771685391608000,1771685391608000,1771685391584000,6620172,530.9166,95108.414,15.0,1.1496539,126,0,1
1771685391660000,1771685391660000,1771685391636000,6620172,530.8978,95108.63,15.0,1.1496565,126,0,1
1771685391712000,1771685391712000,1771685391688000,6620172,530.8884,95108.78,15.0,1.1496583,126,0,1
1771685391764000,1771685391764000,1771685391740000,6620172,530.8931,95108.734,15.0,1.1496577,126,0,1
1771685391816000,1771685391816000,1771685391792000,6620172,530.8884,95108.78,15.0,1.1496583,126,0,1
1771685391868000,1771685391868000,1771685391844000,6620172,530.9354,95108.25,15.0,1.1496519,126,0,1
1771685391920000,1771685391920000,1771685391896000,6620172,530.865,95109.05,15.0,1.1496615,126,0,1
1771685391972000,1771685391972000,1771685391948000,6620172,530.9166,95108.45,15.0,1.1496544,126,0,1
1771685392024000,1771685392024000,1771685392000000,6620172,530.9072,95108.59,15.0,1.149656,126,0,1
1771685392076000,1771685392076000,1771685392052000,6620172,530.95416,95108.0,15.0,1.1496489,126,0,1
1771685392128000,1771685392128000,1771685392104000,6620172,530.8603,95109.09,15.0,1.1496621,126,0,1
1771685392180000,1771685392180000,1771685392156000,6620172,530.97766,95107.75,15.0,1.1496458,126,0,1
1771685392232000,1771685392232000,1771685392208000,6620172,530.9166,95108.414,15.0,1.1496539,126,0,1
1771685392284000,1771685392284000,1771685392260000,6620172,530.8931,95108.695,15.0,1.1496572,126,0,1
1771685392336000,1771685392336000,1771685392312000,6620172,530.9401,95108.16,15.0,1.1496508,126,0,1
1771685392388000,1771685392388000,1771685392364000,6620172,530.8884,95108.766,15.0,1.1496581,126,0,1
1771685392440000,1771685392440000,1771685392416000,6620172,530.9401,95108.17,15.0,1.1496509,126,0,1
1771685392492000,1771685392492000,1771685392468000,6620172,530.95886,95107.984,15.0,1.1496487,126,0,1
1771685392544000,1771685392544000,1771685392520000,6620172,530.8884,95108.78,15.0,1.1496583,126,0,1
1771685392596000,1771685392596000,1771685392572000,6620172,530.9307,95108.305,15.0,1.1496526,126,0,1
1771685392648000,1771685392648000,1771685392624000,6620172,530.9166,95108.445,15.0,1.1496543,126,0,1
1771685392700000,1771685392700000,1771685392676000,6620172,530.8931,95108.734,15.0,1.1496577,126,0,1
1771685392752000,1771685392752000,1771685392728000,6620172,530.9166,95108.46,15.0,1.1496545,126,0,1
1771685392804000,1771685392804000,1771685392780000,6620172,530.9166,95108.45,15.0,1.1496544,126,0,1
1771685392856000,1771685392856000,1771685392832000,6620172,530.9213,95108.41,15.0,1.1496538,126,0,1
1771685392908000,1771685392908000,1771685392884000,6620172,530.9354,95108.2,15.0,1.1496513,126,0,1
1771685392960000,1771685392960000,1771685392936000,6620172,530.8978,95108.68,15.0,1.1496571,126,0,1
1771685393012000,1771685393012000,1771685392988000,6620172,530.94946,95108.07,15.0,1.1496497,126,0,1
1771685393064000,1771685393064000,1771685393040000,6620172,530.9307,95108.29,15.0,1.1496524,126,0,1
1771685393116000,1771685393116000,1771685393092000,6620172,530.9401,95108.18,15.0,1.149651,126,0,1
1771685393168000,1771685393168000,1771685393144000,6620172,530.9166,95108.47,15.0,1.1496545,126,0,1
1771685393220000,1771685393220000,1771685393196000,6620172,530.94946,95108.09,15.0,1.14965,126,0,1
1771685393272000,1771685393272000,1771685393248000,6620172,530.9072,95108.57,15.0,1.1496558,126,0,1
1771685393324000,1771685393324000,1771685393300000,6620172,530.9213,95108.41,15.0,1.1496538,126,0,1
1771685393376000,1771685393376000,1771685393352000,6620172,530.9072,95108.54,15.0,1.1496553,126,0,1
1771685393428000,1771685393428000,1771685393404000,6620172,530.9072,95108.58,15.0,1.1496558,126,0,1
1771685393480000,1771685393480000,1771685393456000,6620172,530.96826,95107.87,15.0,1.1496472,126,0,1
1771685393532000,1771685393532000,1771685393508000,6620172,530.96356,95107.92,15.0,1.149648,126,0,1
1771685393584000,1771685393584000,1771685393560000,6620172,530.926,95108.36,15.0,1.1496532,126,0,1
1771685393636000,1771685393636000,1771685393612000,6620172,530.97296,95107.8,15.0,1.1496464,126,0,1
1771685393688000,1771685393688000,1771685393664000,6620172,530.926,95108.38,15.0,1.1496536,126,0,1
1771685393740000,1771685393740000,1771685393716000,6620172,530.97296,95107.82,15.0,1.1496468,126,0,1
1771685393792000,1771685393792000,1771685393768000,6620172,530.9354,95108.22,15.0,1.1496515,126,0,1
1771685393844000,1771685393844000,1771685393820000,6620172,530.9307,95108.3,15.0,1.1496525,126,0,1
1771685393896000,1771685393896000,1771685393872000,6620172,530.9072,95108.58,15.0,1.1496558,126,0,1
1771685393948000,1771685393948000,1771685393924000,6620172,530.9307,95108.32,15.0,1.1496527,126,0,1
1771685394000000,1771685394000000,1771685393976000,6620172,530.9307,95108.3,15.0,1.1496525,126,0,1
1771685394052000,1771685394052000,1771685394028000,6620172,530.9166,95108.42,15.0,1.149654,126,0,1
1771685394104000,1771685394104000,1771685394080000,6620172,530.9448,95108.14,15.0,1.1496506,126,0,1
1771685394156000,1771685394156000,1771685394132000,6620172,530.9448,95108.125,15.0,1.1496503,126,0,1
1771685394208000,1771685394208000,1771685394184000,6620172,530.94946,95108.07,15.0,1.1496497,126,0,1
1771685394260000,1771685394260000,1771685394236000,6620172,530.97766,95107.734,15.0,1.1496457,126,0,1
1771685394312000,1771685394312000,1771685394288000,6620172,530.926,95108.336,15.0,1.149653,126,0,1
1771685394364000,1771685394364000,1771685394340000,6620172,530.9166,95108.445,15.0,1.1496543,126,0,1
1771685394416000,1771685394416000,1771685394392000,6620172,530.97296,95107.8,15.0,1.1496464,126,0,1
1771685394468000,1771685394468000,1771685394444000,6620172,530.865,95109.03,15.0,1.1496613,126,0,1
1771685394520000,1771685394520000,1771685394496000,6620172,530.97296,95107.83,15.0,1.1496468,126,0,1
1771685394572000,1771685394572000,1771685394548000,6620172,530.98236,95107.7,15.0,1.1496453,126,0,1
1771685394624000,1771685394624000,1771685394600000,6620172,530.96826,95107.87,15.0,1.1496472,126,0,1
1771685394676000,1771685394676000,1771685394652000,6620172,530.9401,95108.17,15.0,1.1496509,126,0,1
1771685394728000,1771685394728000,1771685394704000,6620172,530.95416,95108.0,15.0,1.1496489,126,0,1
1771685394780000,1771685394780000,1771685394756000,6620172,530.97296,95107.78,15.0,1.1496463,126,0,1
1771685394832000,1771685394832000,1771685394808000,6620172,530.97766,95107.75,15.0,1.1496458,126,0,1
1771685394884000,1771685394884000,1771685394860000,6620172,530.8697,95109.01,15.0,1.1496611,126,0,1
1771685394936000,1771685394936000,1771685394912000,6620172,530.9166,95108.414,15.0,1.1496539,126,0,1
1771685394988000,1771685394988000,1771685394964000,6620172,530.9213,95108.39,15.0,1.1496536,126,0,1
1771685395040000,1771685395040000,1771685395016000,6620172,530.9307,95108.305,15.0,1.1496526,126,0,1
1771685395092000,1771685395092000,1771685395068000,6620172,530.9166,95108.47,15.0,1.1496545,126,0,1
1771685395144000,1771685395144000,1771685395120000,6620172,530.94946,95108.055,15.0,1.1496495,126,0,1
1771685395196000,1771685395196000,1771685395172000,6620172,530.8978,95108.66,15.0,1.1496568,126,0,1
1771685395248000,1771685395248000,1771685395224000,6620172,530.8931,95108.74,15.0,1.1496578,126,0,1
1771685395300000,1771685395300000,1771685395276000,6620172,530.9307,95108.32,15.0,1.1496527,126,0,1
1771685395352000,1771685395352000,1771685395328000,6620172,530.8978,95108.67,15.0,1.149657,126,0,1
1771685395404000,1771685395404000,1771685395380000,6620172,530.9307,95108.3,15.0,1.1496525,126,0,1
1771685395456000,1771685395456000,1771685395432000,6620172,530.98236,95107.68,15.0,1.149645,126,0,1
1771685395508000,1771685395508000,1771685395484000,6620172,530.95416,95108.01,15.0,1.149649,126,0,1
1771685395560000,1771685395560000,1771685395536000,6620172,530.9119,95108.51,15.0,1.149655,126,0,1
1771685395612000,1771685395612000,1771685395588000,6620172,530.8931,95108.74,15.0,1.1496578,126,0,1
1771685395664000,1771685395664000,1771685395640000,6620172,530.95416,95107.99,15.0,1.1496488,126,0,1
1771685395716000,1771685395716000,1771685395692000,6620172,530.8978,95108.67,15.0,1.149657,126,0,1
1771685395768000,1771685395768000,1771685395744000,6620172,530.9072,95108.57,15.0,1.1496558,126,0,1
1771685395820000,1771685395820000,1771685395796000,6620172,530.9354,95108.234,15.0,1.1496518,126,0,1
1771685395872000,1771685395872000,1771685395848000,6620172,530.926,95108.375,15.0,1.1496534,126,0,1
1771685395924000,1771685395924000,1771685395900000,6620172,530.9448,95108.125,15.0,1.1496503,126,0,1
1771685395976000,1771685395976000,1771685395952000,6620172,530.9354,95108.234,15.0,1.1496518,126,0,1
1771685396028000,1771685396028000,1771685396004000,6620172,530.94946,95108.11,15.0,1.1496502,126,0,1
1771685396080000,1771685396080000,1771685396056000,6620172,530.94946,95108.055,15.0,1.1496495,126,0,1
1771685396132000,1771685396132000,1771685396108000,6620172,531.00116,95107.484,15.0,1.1496427,126,0,1
1771685396184000,1771685396184000,1771685396160000,6620172,530.9025,95108.61,15.0,1.1496563,126,0,1
1771685396236000,1771685396236000,1771685396212000,6620172,530.9072,95108.555,15.0,1.1496556,126,0,1
1771685396288000,1771685396288000,1771685396264000,6620172,530.97296,95107.8,15.0,1.1496464,126,0,1
1771685396340000,1771685396340000,1771685396316000,6620172,530.9072,95108.555,15.0,1.1496556,126,0,1
1771685396392000,1771685396392000,1771685396368000,6620172,530.95886,95107.945,15.0,1.1496482,126,0,1
1771685396444000,1771685396444000,1771685396420000,6620172,530.95416,95108.016,15.0,1.149649,126,0,1
1771685396496000,1771685396496000,1771685396472000,6620172,530.9354,95108.21,15.0,1.1496514,126,0,1
1771685396548000,1771685396548000,1771685396524000,6620172,530.9307,95108.305,15.0,1.1496526,126,0,1
1771685396600000,1771685396600000,1771685396576000,6620172,530.8884,95108.75,15.0,1.149658,126,0,1
1771685396652000,1771685396652000,1771685396628000,6620172,530.98236,95107.68,15.0,1.149645,126,0,1
1771685396704000,1771685396704000,1771685396680000,6620172,530.95886,95107.984,15.0,1.1496487,126,0,1
1771685396756000,1771685396756000,1771685396732000,6620172,530.8744,95108.945,15.0,1.1496603,126,0,1
1771685396808000,1771685396808000,1771685396784000,6620172,530.9072,95108.57,15.0,1.1496558,126,0,1
1771685396860000,1771685396860000,1771685396836000,6620172,530.9401,95108.17,15.0,1.1496509,126,0,1
1771685396912000,1771685396912000,1771685396888000,6620172,530.94946,95108.08,15.0,1.1496499,126,0,1
1771685396964000,1771685396964000,1771685396940000,6620172,530.926,95108.37,15.0,1.1496533,126,0,1
1771685397016000,1771685397016000,1771685396992000,6620172,530.9166,95108.47,15.0,1.1496545,126,0,1
1771685397068000,1771685397068000,1771685397044000,6620172,530.98236,95107.7,15.0,1.1496453,126,0,1
1771685397120000,1771685397120000,1771685397096000,6620172,530.9354,95108.24,15.0,1.1496518,126,0,1
1771685397172000,1771685397172000,1771685397148000,6620172,530.9354,95108.22,15.0,1.1496515,126,0,1
1771685397224000,1771685397224000,1771685397200000,6620172,530.9072,95108.59,15.0,1.149656,126,0,1
1771685397276000,1771685397276000,1771685397252000,6620172,530.9307,95108.3,15.0,1.1496525,126,0,1
1771685397328000,1771685397328000,1771685397304000,6620172,530.94946,95108.086,15.0,1.14965,126,0,1
1771685397380000,1771685397380000,1771685397356000,6620172,530.98236,95107.71,15.0,1.1496453,126,0,1
1771685397432000,1771685397432000,1771685397408000,6620172,530.9354,95108.21,15.0,1.1496514,126,0,1
1771685397484000,1771685397484000,1771685397460000,6620172,530.99176,95107.58,15.0,1.1496438,126,0,1
1771685397536000,1771685397536000,1771685397512000,6620172,530.96356,95107.914,15.0,1.1496478,126,0,1
1771685397588000,1771685397588000,1771685397564000,6620172,530.9354,95108.2,15.0,1.1496513,126,0,1
1771685397640000,1771685397640000,1771685397616000,6620172,530.9307,95108.266,15.0,1.1496521,126,0,1
1771685397692000,1771685397692000,1771685397668000,6620172,530.9401,95108.16,15.0,1.1496508,126,0,1
1771685397744000,1771685397744000,1771685397720000,6620172,530.9166,95108.43,15.0,1.149654,126,0,1
1771685397796000,1771685397796000,1771685397772000,6620172,530.94946,95108.086,15.0,1.14965,126,0,1
1771685397848000,1771685397848000,1771685397824000,6620172,530.9401,95108.164,15.0,1.1496508,126,0,1
1771685397900000,1771685397900000,1771685397876000,6620172,530.98236,95107.67,15.0,1.149645,126,0,1
1771685397952000,1771685397952000,1771685397928000,6620172,530.9072,95108.555,15.0,1.1496556,126,0,1
1771685398004000,1771685398004000,1771685397980000,6620172,530.98236,95107.68,15.0,1.149645,126,0,1
1771685398056000,1771685398056000,1771685398032000,6620172,530.95416,95107.99,15.0,1.1496488,126,0,1
1771685398108000,1771685398108000,1771685398084000,6620172,530.9166,95108.43,15.0,1.149654,126,0,1
1771685398160000,1771685398160000,1771685398136000,6620172,530.99646,95107.54,15.0,1.1496433,126,0,1
1771685398212000,1771685398212000,1771685398188000,6620172,530.97296,95107.82,15.0,1.1496468,126,0,1
1771685398264000,1771685398264000,1771685398240000,6620172,530.95886,95107.97,15.0,1.1496485,126,0,1
1771685398316000,1771685398316000,1771685398292000,6620172,530.9354,95108.234,15.0,1.1496518,126,0,1
1771685398368000,1771685398368000,1771685398344000,6620172,530.98236,95107.68,15.0,1.149645,126,0,1
1771685398420000,1771685398420000,1771685398396000,6620172,530.9213,95108.41,15.0,1.1496538,126,0,1
1771685398472000,1771685398472000,1771685398448000,6620172,530.9166,95108.42,15.0,1.149654,126,0,1
1771685398524000,1771685398524000,1771685398500000,6620172,530.98706,95107.63,15.0,1.1496445,126,0,1
1771685398576000,1771685398576000,1771685398552000,6620172,530.96356,95107.914,15.0,1.1496478,126,0,1
1771685398628000,1771685398628000,1771685398604000,6620172,531.0199,95107.25,15.0,1.1496398,126,0,1
1771685398680000,1771685398680000,1771685398656000,6620172,530.97296,95107.8,15.0,1.1496464,126,0,1
1771685398732000,1771685398732000,1771685398708000,6620172,530.98706,95107.66,15.0,1.1496447,126,0,1
1771685398784000,1771685398784000,1771685398760000,6620172,530.99176,95107.59,15.0,1.149644,126,0,1
1771685398836000,1771685398836000,1771685398812000,6620172,530.95886,95107.97,15.0,1.1496485,126,0,1
1771685398888000,1771685398888000,1771685398864000,6620172,530.95886,95107.95,15.0,1.1496483,126,0,1
1771685398940000,1771685398940000,1771685398916000,6620172,530.9401,95108.16,15.0,1.1496508,126,0,1
1771685398992000,1771685398992000,1771685398968000,6620172,530.96826,95107.875,15.0,1.1496474,126,0,1
1771685399044000,1771685399044000,1771685399020000,6620172,530.95416,95107.99,15.0,1.1496488,126,0,1
1771685399096000,1771685399096000,1771685399072000,6620172,530.97296,95107.83,15.0,1.1496468,126,0,1
1771685399148000,1771685399148000,1771685399124000,6620172,530.96826,95107.86,15.0,1.1496472,126,0,1
1771685399200000,1771685399200000,1771685399176000,6620172,530.97296,95107.82,15.0,1.1496468,126,0,1
1771685399252000,1771685399252000,1771685399228000,6620172,530.97296,95107.805,15.0,1.1496465,126,0,1
1771685399304000,1771685399304000,1771685399280000,6620172,531.00116,95107.49,15.0,1.1496427,126,0,1
1771685399356000,1771685399356000,1771685399332000,6620172,530.96356,95107.91,15.0,1.1496477,126,0,1
1771685399408000,1771685399408000,1771685399384000,6620172,530.95416,95108.03,15.0,1.1496493,126,0,1
1771685399460000,1771685399460000,1771685399436000,6620172,530.95416,95108.0,15.0,1.1496489,126,0,1
1771685399512000,1771685399512000,1771685399488000,6620172,530.96356,95107.91,15.0,1.1496477,126,0,1
1771685399564000,1771685399564000,1771685399540000,6620172,531.0105,95107.41,15.0,1.1496418,126,0,1
1771685399616000,1771685399616000,1771685399592000,6620172,531.0199,95107.266,15.0,1.14964,126,0,1
1771685399668000,1771685399668000,1771685399644000,6620172,530.8884,95108.8,15.0,1.1496586,126,0,1
1771685399720000,1771685399720000,1771685399696000,6620172,530.97766,95107.74,15.0,1.1496458,126,0,1
1771685399772000,1771685399772000,1771685399748000,6620172,530.98236,95107.664,15.0,1.1496449,126,0,1
1771685399824000,1771685399824000,1771685399800000,6620172,530.94946,95108.086,15.0,1.14965,126,0,1
1771685399876000,1771685399876000,1771685399852000,6620172,530.96826,95107.89,15.0,1.1496476,126,0,1
1771685399928000,1771685399928000,1771685399904000,6620172,530.98236,95107.7,15.0,1.1496453,126,0,1
1771685399980000,1771685399980000,1771685399956000,6620172,530.98236,95107.695,15.0,1.1496452,126,0,1
1771685400032000,1771685400032000,1771685400008000,6620172,530.99646,95107.555,15.0,1.1496435,126,0,1
1771685400084000,1771685400084000,1771685400060000,6620172,530.96826,95107.87,15.0,1.1496472,126,0,1
1771685400136000,1771685400136000,1771685400112000,6620172,531.034,95107.09,15.0,1.1496379,126,0,1
1771685400188000,1771685400188000,1771685400164000,6620172,531.034,95107.09,15.0,1.1496379,126,0,1
1771685400240000,1771685400240000,1771685400216000,6620172,531.034,95107.12,15.0,1.1496382,126,0,1
1771685400292000,1771685400292000,1771685400268000,6620172,530.97766,95107.766,15.0,1.149646,126,0,1
1771685400344000,1771685400344000,1771685400320000,6620172,530.96356,95107.92,15.0,1.149648,126,0,1
1771685400396000,1771685400396000,1771685400372000,6620172,531.0293,95107.2,15.0,1.1496392,126,0,1
1771685400448000,1771685400448000,1771685400424000,6620172,530.96356,95107.92,15.0,1.149648,126,0,1
1771685400500000,1771685400500000,1771685400476000,6620172,531.0105,95107.39,15.0,1.1496415,126,0,1
1771685400552000,1771685400552000,1771685400528000,6620172,531.0387,95107.08,15.0,1.1496377,126,0,1
1771685400604000,1771685400604000,1771685400580000,6620172,531.034,95107.09,15.0,1.1496379,126,0,1
1771685400656000,1771685400656000,1771685400632000,6620172,531.0246,95107.21,15.0,1.1496394,126,0,1
1771685400708000,1771685400708000,1771685400684000,6620172,530.926,95108.37,15.0,1.1496533,126,0,1
1771685400760000,1771685400760000,1771685400736000,6620172,531.0105,95107.39,15.0,1.1496415,126,0,1
1771685400812000,1771685400812000,1771685400788000,6620172,531.0152,95107.34,15.0,1.1496409,126,0,1
1771685400864000,1771685400864000,1771685400840000,6620172,530.99176,95107.61,15.0,1.1496441,126,0,1
1771685400916000,1771685400916000,1771685400892000,6620172,530.99176,95107.586,15.0,1.1496439,126,0,1
1771685400968000,1771685400968000,1771685400944000,6620172,530.95886,95107.96,15.0,1.1496484,126,0,1
1771685401020000,1771685401020000,1771685400996000,6620172,530.9401,95108.17,15.0,1.1496509,126,0,1
1771685401072000,1771685401072000,1771685401048000,6620172,530.94946,95108.086,15.0,1.14965,126,0,1
1771685401124000,1771685401124000,1771685401100000,6620172,530.97296,95107.836,15.0,1.1496469,126,0,1
1771685401176000,1771685401176000,1771685401152000,6620172,530.95416,95108.03,15.0,1.1496493,126,0,1
1771685401228000,1771685401228000,1771685401204000,6620172,531.0434,95106.97,15.0,1.1496364,126,0,1
1771685401280000,1771685401280000,1771685401256000,6620172,530.98236,95107.68,15.0,1.149645,126,0,1
1771685401332000,1771685401332000,1771685401308000,6620172,530.926,95108.36,15.0,1.1496532,126,0,1
1771685401384000,1771685401384000,1771685401360000,6620172,530.98236,95107.72,15.0,1.1496454,126,0,1
1771685401436000,1771685401436000,1771685401412000,6620172,530.96356,95107.91,15.0,1.1496477,126,0,1
1771685401488000,1771685401488000,1771685401464000,6620172,530.98706,95107.64,15.0,1.1496445,126,0,1
1771685401540000,1771685401540000,1771685401516000,6620172,530.94946,95108.07,15.0,1.1496497,126,0,1
1771685401592000,1771685401592000,1771685401568000,6620172,530.96826,95107.88,15.0,1.1496475,126,0,1
1771685401644000,1771685401644000,1771685401620000,6620172,530.9307,95108.28,15.0,1.1496522,126,0,1
1771685401696000,1771685401696000,1771685401672000,6620172,530.95886,95107.96,15.0,1.1496484,126,0,1
1771685401748000,1771685401748000,1771685401724000,6620172,530.96356,95107.92,15.0,1.149648,126,0,1
1771685401800000,1771685401800000,1771685401776000,6620172,530.95886,95107.95,15.0,1.1496483,126,0,1
1771685401852000,1771685401852000,1771685401828000,6620172,530.9166,95108.45,15.0,1.1496544,126,0,1
1771685401904000,1771685401904000,1771685401880000,6620172,530.98236,95107.695,15.0,1.1496452,126,0,1
1771685401956000,1771685401956000,1771685401932000,6620172,530.9213,95108.39,15.0,1.1496536,126,0,1
1771685402008000,1771685402008000,1771685401984000,6620172,530.95416,95108.016,15.0,1.149649,126,0,1
1771685402060000,1771685402060000,1771685402036000,6620172,530.94946,95108.07,15.0,1.1496497,126,0,1
1771685402112000,1771685402112000,1771685402088000,6620172,530.97296,95107.805,15.0,1.1496465,126,0,1
1771685402164000,1771685402164000,1771685402140000,6620172,530.94946,95108.09,15.0,1.14965,126,0,1
1771685402216000,1771685402216000,1771685402192000,6620172,530.9072,95108.55,15.0,1.1496555,126,0,1
1771685402268000,1771685402268000,1771685402244000,6620172,531.00116,95107.484,15.0,1.1496427,126,0,1
1771685402320000,1771685402320000,1771685402296000,6620172,530.94946,95108.11,15.0,1.1496502,126,0,1
1771685402372000,1771685402372000,1771685402348000,6620172,530.97296,95107.79,15.0,1.1496463,126,0,1
1771685402424000,1771685402424000,1771685402400000,6620172,530.99176,95107.62,15.0,1.1496443,126,0,1
1771685402476000,1771685402476000,1771685402452000,6620172,530.926,95108.37,15.0,1.1496533,126,0,1
1771685402528000,1771685402528000,1771685402504000,6620172,530.97296,95107.8,15.0,1.1496464,126,0,1
1771685402580000,1771685402580000,1771685402556000,6620172,530.95886,95107.97,15.0,1.1496485,126,0,1
1771685402632000,1771685402632000,1771685402608000,6620172,530.9401,95108.195,15.0,1.1496513,126,0,1
1771685402684000,1771685402684000,1771685402660000,6620172,530.9354,95108.21,15.0,1.1496514,126,0,1
1771685402736000,1771685402736000,1771685402712000,6620172,530.94946,95108.086,15.0,1.14965,126,0,1
1771685402788000,1771685402788000,1771685402764000,6620172,530.9448,95108.13,15.0,1.1496505,126,0,1
1771685402840000,1771685402840000,1771685402816000,6620172,530.97296,95107.78,15.0,1.1496463,126,0,1
1771685402892000,1771685402892000,1771685402868000,6620172,530.97766,95107.76,15.0,1.1496459,126,0,1
1771685402944000,1771685402944000,1771685402920000,6620172,530.95416,95108.05,15.0,1.1496495,126,0,1
1771685402996000,1771685402996000,1771685402972000,6620172,530.9401,95108.17,15.0,1.1496509,126,0,1
1771685403048000,1771685403048000,1771685403024000,6620172,530.8931,95108.71,15.0,1.1496575,126,0,1
1771685403100000,1771685403100000,1771685403076000,6620172,530.9354,95108.25,15.0,1.1496519,126,0,1
1771685403152000,1771685403152000,1771685403128000,6620172,530.9166,95108.45,15.0,1.1496544,126,0,1
1771685403204000,1771685403204000,1771685403180000,6620172,530.9119,95108.516,15.0,1.1496551,126,0,1
1771685403256000,1771685403256000,1771685403232000,6620172,530.95416,95108.03,15.0,1.1496493,126,0,1
1771685403308000,1771685403308000,1771685403284000,6620172,530.8978,95108.625,15.0,1.1496564,126,0,1
1771685403360000,1771685403360000,1771685403336000,6620172,530.8978,95108.67,15.0,1.149657,126,0,1
1771685403412000,1771685403412000,1771685403388000,6620172,530.95886,95107.95,15.0,1.1496483,126,0,1
1771685403464000,1771685403464000,1771685403440000,6620172,530.9354,95108.26,15.0,1.149652,126,0,1
1771685403516000,1771685403516000,1771685403492000,6620172,530.9119,95108.516,15.0,1.1496551,126,0,1
1771685403568000,1771685403568000,1771685403544000,6620172,530.95886,95107.945,15.0,1.1496482,126,0,1
1771685403620000,1771685403620000,1771685403596000,6620172,530.94946,95108.08,15.0,1.1496499,126,0,1
1771685403672000,1771685403672000,1771685403648000,6620172,530.98236,95107.72,15.0,1.1496454,126,0,1
1771685403724000,1771685403724000,1771685403700000,6620172,530.97296,95107.78,15.0,1.1496463,126,0,1
1771685403776000,1771685403776000,1771685403752000,6620172,530.926,95108.37,15.0,1.1496533,126,0,1
1771685403828000,1771685403828000,1771685403804000,6620172,530.97296,95107.79,15.0,1.1496463,126,0,1
1771685403880000,1771685403880000,1771685403856000,6620172,530.9166,95108.46,15.0,1.1496545,126,0,1
1771685403932000,1771685403932000,1771685403908000,6620172,530.9166,95108.414,15.0,1.1496539,126,0,1
1771685403984000,1771685403984000,1771685403960000,6620172,530.96826,95107.87,15.0,1.1496472,126,0,1
1771685404036000,1771685404036000,1771685404012000,6620172,530.9119,95108.5,15.0,1.149655,126,0,1
1771685404088000,1771685404088000,1771685404064000,6620172,530.9448,95108.13,15.0,1.1496505,126,0,1
1771685404140000,1771685404140000,1771685404116000,6620172,530.95416,95108.05,15.0,1.1496495,126,0,1
1771685404192000,1771685404192000,1771685404168000,6620172,530.98236,95107.7,15.0,1.1496453,126,0,1
1771685404244000,1771685404244000,1771685404220000,6620172,530.96826,95107.875,15.0,1.1496474,126,0,1
1771685404296000,1771685404296000,1771685404272000,6620172,530.95886,95107.96,15.0,1.1496484,126,0,1
1771685404348000,1771685404348000,1771685404324000,6620172,530.9307,95108.32,15.0,1.1496527,126,0,1
1771685404400000,1771685404400000,1771685404376000,6620172,530.96356,95107.92,15.0,1.149648,126,0,1
1771685404452000,1771685404452000,1771685404428000,6620172,530.95416,95107.99,15.0,1.1496488,126,0,1
1771685404504000,1771685404504000,1771685404480000,6620172,530.97296,95107.82,15.0,1.1496468,126,0,1
1771685404556000,1771685404556000,1771685404532000,6620172,530.95886,95107.96,15.0,1.1496484,126,0,1
1771685404608000,1771685404608000,1771685404584000,6620172,530.95416,95108.03,15.0,1.1496493,126,0,1
1771685404660000,1771685404660000,1771685404636000,6620172,530.9448,95108.125,15.0,1.1496503,126,0,1
1771685404712000,1771685404712000,1771685404688000,6620172,530.8978,95108.66,15.0,1.1496568,126,0,1
1771685404764000,1771685404764000,1771685404740000,6620172,530.9119,95108.5,15.0,1.149655,126,0,1
1771685404816000,1771685404816000,1771685404792000,6620172,530.8978,95108.68,15.0,1.1496571,126,0,1
1771685404868000,1771685404868000,1771685404844000,6620172,530.8978,95108.64,15.0,1.1496567,126,0,1
1771685404920000,1771685404920000,1771685404896000,6620172,530.96356,95107.92,15.0,1.149648,126,0,1
1771685404972000,1771685404972000,1771685404948000,6620172,530.926,95108.33,15.0,1.1496528,126,0,1
1771685405024000,1771685405024000,1771685405000000,6620172,530.926,95108.33,15.0,1.1496528,126,0,1
1771685405076000,1771685405076000,1771685405052000,6620172,530.97766,95107.75,15.0,1.1496458,126,0,1
1771685405128000,1771685405128000,1771685405104000,6620172,530.95886,95107.97,15.0,1.1496485,126,0,1
1771685405180000,1771685405180000,1771685405156000,6620172,530.9166,95108.46,15.0,1.1496545,126,0,1
1771685405232000,1771685405232000,1771685405208000,6620172,530.95416,95108.016,15.0,1.149649,126,0,1
1771685405284000,1771685405284000,1771685405260000,6620172,530.95416,95108.016,15.0,1.149649,126,0,1
1771685405336000,1771685405336000,1771685405312000,6620172,530.94946,95108.055,15.0,1.1496495,126,0,1
1771685405388000,1771685405388000,1771685405364000,6620172,530.95416,95108.04,15.0,1.1496494,126,0,1
1771685405440000,1771685405440000,1771685405416000,6620172,530.96356,95107.92,15.0,1.149648,126,0,1
1771685405492000,1771685405492000,1771685405468000,6620172,530.95416,95108.01,15.0,1.149649,126,0,1
1771685405544000,1771685405544000,1771685405520000,6620172,530.8978,95108.63,15.0,1.1496565,126,0,1
1771685405596000,1771685405596000,1771685405572000,6620172,530.9354,95108.24,15.0,1.1496518,126,0,1
1771685405648000,1771685405648000,1771685405624000,6620172,530.9213,95108.39,15.0,1.1496536,126,0,1
1771685405700000,1771685405700000,1771685405676000,6620172,530.8931,95108.72,15.0,1.1496576,126,0,1
1771685405752000,1771685405752000,1771685405728000,6620172,530.9213,95108.41,15.0,1.1496538,126,0,1
1771685405804000,1771685405804000,1771685405780000,6620172,530.9354,95108.22,15.0,1.1496515,126,0,1
1771685405856000,1771685405856000,1771685405832000,6620172,530.9401,95108.164,15.0,1.1496508,126,0,1
1771685405908000,1771685405908000,1771685405884000,6620172,530.9166,95108.46,15.0,1.1496545,126,0,1
1771685405960000,1771685405960000,1771685405936000,6620172,530.94946,95108.09,15.0,1.14965,126,0,1
1771685406012000,1771685406012000,1771685405988000,6620172,530.9401,95108.17,15.0,1.1496509,126,0,1
1771685406064000,1771685406064000,1771685406040000,6620172,530.926,95108.33,15.0,1.1496528,126,0,1
1771685406116000,1771685406116000,1771685406092000,6620172,530.95416,95108.0,15.0,1.1496489,126,0,1
1771685406168000,1771685406168000,1771685406144000,6620172,530.8884,95108.766,15.0,1.1496581,126,0,1
1771685406220000,1771685406220000,1771685406196000,6620172,530.9354,95108.24,15.0,1.1496518,126,0,1
1771685406272000,1771685406272000,1771685406248000,6620172,530.9119,95108.53,15.0,1.1496553,126,0,1
1771685406324000,1771685406324000,1771685406300000,6620172,530.8978,95108.64,15.0,1.1496567,126,0,1
1771685406376000,1771685406376000,1771685406352000,6620172,530.9072,95108.55,15.0,1.1496555,126,0,1
1771685406428000,1771685406428000,1771685406404000,6620172,530.96356,95107.91,15.0,1.1496477,126,0,1
1771685406480000,1771685406480000,1771685406456000,6620172,530.9448,95108.12,15.0,1.1496503,126,0,1
1771685406532000,1771685406532000,1771685406508000,6620172,530.926,95108.38,15.0,1.1496536,126,0,1
1771685406584000,1771685406584000,1771685406560000,6620172,530.9354,95108.26,15.0,1.149652,126,0,1
1771685406636000,1771685406636000,1771685406612000,6620172,530.926,95108.38,15.0,1.1496536,126,0,1
1771685406688000,1771685406688000,1771685406664000,6620172,530.9166,95108.45,15.0,1.1496544,126,0,1
1771685406740000,1771685406740000,1771685406716000,6620172,530.9119,95108.5,15.0,1.149655,126,0,1
1771685406792000,1771685406792000,1771685406768000,6620172,530.9401,95108.17,15.0,1.1496509,126,0,1
1771685406844000,1771685406844000,1771685406820000,6620172,530.98706,95107.66,15.0,1.1496447,126,0,1
1771685406896000,1771685406896000,1771685406872000,6620172,530.8838,95108.82,15.0,1.1496588,126,0,1
1771685406948000,1771685406948000,1771685406924000,6620172,530.9448,95108.13,15.0,1.1496505,126,0,1
1771685407000000,1771685407000000,1771685406976000,6620172,530.95886,95107.96,15.0,1.1496484,126,0,1
1771685407052000,1771685407052000,1771685407028000,6620172,530.9072,95108.586,15.0,1.1496559,126,0,1
1771685407104000,1771685407104000,1771685407080000,6620172,530.95886,95107.945,15.0,1.1496482,126,0,1
1771685407156000,1771685407156000,1771685407132000,6620172,530.9307,95108.3,15.0,1.1496525,126,0,1
1771685407208000,1771685407208000,1771685407184000,6620172,530.94946,95108.08,15.0,1.1496499,126,0,1
1771685407260000,1771685407260000,1771685407236000,6620172,530.9354,95108.26,15.0,1.149652,126,0,1
1771685407312000,1771685407312000,1771685407288000,6620172,530.9166,95108.42,15.0,1.149654,126,0,1
1771685407364000,1771685407364000,1771685407340000,6620172,530.96826,95107.88,15.0,1.1496475,126,0,1
1771685407416000,1771685407416000,1771685407392000,6620172,531.00586,95107.42,15.0,1.1496419,126,0,1
1771685407468000,1771685407468000,1771685407444000,6620172,530.9166,95108.414,15.0,1.1496539,126,0,1
1771685407520000,1771685407520000,1771685407496000,6620172,530.97296,95107.8,15.0,1.1496464,126,0,1
1771685407572000,1771685407572000,1771685407548000,6620172,530.97766,95107.75,15.0,1.1496458,126,0,1
1771685407624000,1771685407624000,1771685407600000,6620172,530.95416,95107.99,15.0,1.1496488,126,0,1
1771685407676000,1771685407676000,1771685407652000,6620172,530.94946,95108.055,15.0,1.1496495,126,0,1
1771685407728000,1771685407728000,1771685407704000,6620172,530.99176,95107.58,15.0,1.1496438,126,0,1
1771685407780000,1771685407780000,1771685407756000,6620172,530.96826,95107.89,15.0,1.1496476,126,0,1
1771685407832000,1771685407832000,1771685407808000,6620172,530.9072,95108.555,15.0,1.1496556,126,0,1
1771685407884000,1771685407884000,1771685407860000,6620172,530.9307,95108.305,15.0,1.1496526,126,0,1
1771685407936000,1771685407936000,1771685407912000,6620172,530.98236,95107.664,15.0,1.1496449,126,0,1
1771685407988000,1771685407988000,1771685407964000,6620172,530.97296,95107.805,15.0,1.1496465,126,0,1
1771685408040000,1771685408040000,1771685408016000,6620172,530.8978,95108.64,15.0,1.1496567,126,0,1
1771685408092000,1771685408092000,1771685408068000,6620172,530.9307,95108.305,15.0,1.1496526,126,0,1
1771685408144000,1771685408144000,1771685408120000,6620172,530.9119,95108.5,15.0,1.149655,126,0,1
1771685408196000,1771685408196000,1771685408172000,6620172,530.99176,95107.57,15.0,1.1496437,126,0,1
1771685408248000,1771685408248000,1771685408224000,6620172,530.97296,95107.78,15.0,1.1496463,126,0,1
1771685408300000,1771685408300000,1771685408276000,6620172,530.95416,95108.03,15.0,1.1496493,126,0,1
1771685408352000,1771685408352000,1771685408328000,6620172,531.0105,95107.414,15.0,1.1496418,126,0,1
1771685408404000,1771685408404000,1771685408380000,6620172,531.0105,95107.414,15.0,1.1496418,126,0,1
1771685408456000,1771685408456000,1771685408432000,6620172,530.9307,95108.28,15.0,1.1496522,126,0,1
1771685408508000,1771685408508000,1771685408484000,6620172,530.96826,95107.89,15.0,1.1496476,126,0,1
1771685408560000,1771685408560000,1771685408536000,6620172,530.98706,95107.66,15.0,1.1496447,126,0,1
1771685408612000,1771685408612000,1771685408588000,6620172,530.9307,95108.28,15.0,1.1496522,126,0,1
1771685408664000,1771685408664000,1771685408640000,6620172,530.98706,95107.66,15.0,1.1496447,126,0,1
1771685408716000,1771685408716000,1771685408692000,6620172,530.9307,95108.28,15.0,1.1496522,126,0,1
1771685408768000,1771685408768000,1771685408744000,6620172,530.926,95108.38,15.0,1.1496536,126,0,1
1771685408820000,1771685408820000,1771685408796000,6620172,530.99176,95107.586,15.0,1.1496439,126,0,1
1771685408872000,1771685408872000,1771685408848000,6620172,530.926,95108.33,15.0,1.1496528,126,0,1
1771685408924000,1771685408924000,1771685408900000,6620172,530.96826,95107.87,15.0,1.1496472,126,0,1
1771685408976000,1771685408976000,1771685408952000,6620172,530.97296,95107.79,15.0,1.1496463,126,0,1
1771685409028000,1771685409028000,1771685409004000,6620172,530.9354,95108.234,15.0,1.1496518,126,0,1
1771685409080000,1771685409080000,1771685409056000,6620172,530.96826,95107.88,15.0,1.1496475,126,0,1
1771685409132000,1771685409132000,1771685409108000,6620172,531.00586,95107.42,15.0,1.1496419,126,0,1
1771685409184000,1771685409184000,1771685409160000,6620172,530.95886,95107.95,15.0,1.1496483,126,0,1
1771685409236000,1771685409236000,1771685409212000,6620172,530.98706,95107.64,15.0,1.1496445,126,0,1
1771685409288000,1771685409288000,1771685409264000,6620172,530.99646,95107.516,15.0,1.1496431,126,0,1
1771685409340000,1771685409340000,1771685409316000,6620172,530.95886,95107.96,15.0,1.1496484,126,0,1
1771685409392000,1771685409392000,1771685409368000,6620172,530.9166,95108.42,15.0,1.149654,126,0,1
1771685409444000,1771685409444000,1771685409420000,6620172,530.98706,95107.66,15.0,1.1496447,126,0,1
1771685409496000,1771685409496000,1771685409472000,6620172,530.96826,95107.875,15.0,1.1496474,126,0,1
1771685409548000,1771685409548000,1771685409524000,6620172,530.95886,95107.984,15.0,1.1496487,126,0,1
1771685409600000,1771685409600000,1771685409576000,6620172,530.9448,95108.13,15.0,1.1496505,126,0,1
1771685409652000,1771685409652000,1771685409628000,6620172,530.96356,95107.93,15.0,1.1496481,126,0,1
1771685409704000,1771685409704000,1771685409680000,6620172,530.99176,95107.57,15.0,1.1496437,126,0,1
1771685409756000,1771685409756000,1771685409732000,6620172,530.95886,95107.97,15.0,1.1496485,126,0,1
1771685409808000,1771685409808000,1771685409784000,6620172,531.00116,95107.484,15.0,1.1496427,126,0,1
1771685409860000,1771685409860000,1771685409836000,6620172,530.9354,95108.22,15.0,1.1496515,126,0,1
1771685409912000,1771685409912000,1771685409888000,6620172,530.9401,95108.16,15.0,1.1496508,126,0,1
1771685409964000,1771685409964000,1771685409940000,6620172,530.94946,95108.08,15.0,1.1496499,126,0,1
1771685410016000,1771685410016000,1771685409992000,6620172,530.97766,95107.76,15.0,1.1496459,126,0,1
1771685410068000,1771685410068000,1771685410044000,6620172,530.96826,95107.89,15.0,1.1496476,126,0,1
1771685410120000,1771685410120000,1771685410096000,6620172,531.0105,95107.41,15.0,1.1496418,126,0,1
1771685410172000,1771685410172000,1771685410148000,6620172,530.9119,95108.484,15.0,1.1496547,126,0,1
1771685410224000,1771685410224000,1771685410200000,6620172,530.95416,95108.0,15.0,1.1496489,126,0,1
1771685410276000,1771685410276000,1771685410252000,6620172,531.0105,95107.375,15.0,1.1496413,126,0,1
1771685410328000,1771685410328000,1771685410304000,6620172,530.96826,95107.87,15.0,1.1496472,126,0,1
1771685410380000,1771685410380000,1771685410356000,6620172,530.95416,95108.03,15.0,1.1496493,126,0,1
1771685410432000,1771685410432000,1771685410408000,6620172,530.98706,95107.66,15.0,1.1496447,126,0,1
1771685410484000,1771685410484000,1771685410460000,6620172,530.95886,95107.984,15.0,1.1496487,126,0,1
1771685410536000,1771685410536000,1771685410512000,6620172,530.9307,95108.266,15.0,1.1496521,126,0,1
1771685410588000,1771685410588000,1771685410564000,6620172,530.97296,95107.78,15.0,1.1496463,126,0,1
1771685410640000,1771685410640000,1771685410616000,6620172,531.00116,95107.484,15.0,1.1496427,126,0,1
1771685410692000,1771685410692000,1771685410668000,6620172,530.9354,95108.234,15.0,1.1496518,126,0,1
1771685410744000,1771685410744000,1771685410720000,6620172,530.9166,95108.42,15.0,1.149654,126,0,1
1771685410796000,1771685410796000,1771685410772000,6620172,530.9401,95108.164,15.0,1.1496508,126,0,1
1771685410848000,1771685410848000,1771685410824000,6620172,530.9448,95108.125,15.0,1.1496503,126,0,1
1771685410900000,1771685410900000,1771685410876000,6620172,530.96826,95107.86,15.0,1.1496472,126,0,1
1771685410952000,1771685410952000,1771685410928000,6620172,530.8791,95108.89,15.0,1.1496596,126,0,1
1771685411004000,1771685411004000,1771685410980000,6620172,530.9307,95108.305,15.0,1.1496526,126,0,1
1771685411056000,1771685411056000,1771685411032000,6620172,530.99646,95107.54,15.0,1.1496433,126,0,1
1771685411108000,1771685411108000,1771685411084000,6620172,531.0246,95107.21,15.0,1.1496394,126,0,1
1771685411160000,1771685411160000,1771685411136000,6620172,530.95886,95107.97,15.0,1.1496485,126,0,1
1771685411212000,1771685411212000,1771685411188000,6620172,530.9307,95108.29,15.0,1.1496524,126,0,1
1771685411264000,1771685411264000,1771685411240000,6620172,530.99176,95107.586,15.0,1.1496439,126,0,1
1771685411316000,1771685411316000,1771685411292000,6620172,530.95416,95108.05,15.0,1.1496495,126,0,1
1771685411368000,1771685411368000,1771685411344000,6620172,530.926,95108.38,15.0,1.1496536,126,0,1
1771685411420000,1771685411420000,1771685411396000,6620172,530.9448,95108.12,15.0,1.1496503,126,0,1
1771685411472000,1771685411472000,1771685411448000,6620172,530.926,95108.34,15.0,1.1496531,126,0,1
1771685411524000,1771685411524000,1771685411500000,6620172,530.9072,95108.55,15.0,1.1496555,126,0,1
1771685411576000,1771685411576000,1771685411552000,6620172,530.9307,95108.28,15.0,1.1496522,126,0,1
1771685411628000,1771685411628000,1771685411604000,6620172,530.9119,95108.49,15.0,1.1496549,126,0,1
1771685411680000,1771685411680000,1771685411656000,6620172,530.95886,95107.945,15.0,1.1496482,126,0,1
1771685411732000,1771685411732000,1771685411708000,6620172,530.95416,95108.05,15.0,1.1496495,126,0,1
1771685411784000,1771685411784000,1771685411760000,6620172,530.8884,95108.75,15.0,1.149658,126,0,1
1771685411836000,1771685411836000,1771685411812000,6620172,530.9448,95108.13,15.0,1.1496505,126,0,1
1771685411888000,1771685411888000,1771685411864000,6620172,530.9448,95108.14,15.0,1.1496506,126,0,1
1771685411940000,1771685411940000,1771685411916000,6620172,530.98236,95107.695,15.0,1.1496452,126,0,1
1771685411992000,1771685411992000,1771685411968000,6620172,530.9025,95108.61,15.0,1.1496563,126,0,1
1771685412044000,1771685412044000,1771685412020000,6620172,530.9401,95108.164,15.0,1.1496508,126,0,1
1771685412096000,1771685412096000,1771685412072000,6620172,530.97296,95107.78,15.0,1.1496463,126,0,1
1771685412148000,1771685412148000,1771685412124000,6620172,530.9119,95108.53,15.0,1.1496553,126,0,1
1771685412200000,1771685412200000,1771685412176000,6620172,530.99176,95107.62,15.0,1.1496443,126,0,1
1771685412252000,1771685412252000,1771685412228000,6620172,530.99176,95107.586,15.0,1.1496439,126,0,1
1771685412304000,1771685412304000,1771685412280000,6620172,530.9354,95108.21,15.0,1.1496514,126,0,1
1771685412356000,1771685412356000,1771685412332000,6620172,530.98236,95107.68,15.0,1.149645,126,0,1
1771685412408000,1771685412408000,1771685412384000,6620172,530.94946,95108.11,15.0,1.1496502,126,0,1
1771685412460000,1771685412460000,1771685412436000,6620172,530.9448,95108.13,15.0,1.1496505,126,0,1
1771685412512000,1771685412512000,1771685412488000,6620172,530.94946,95108.055,15.0,1.1496495,126,0,1
1771685412564000,1771685412564000,1771685412540000,6620172,530.9119,95108.53,15.0,1.1496553,126,0,1
1771685412616000,1771685412616000,1771685412592000,6620172,530.97296,95107.83,15.0,1.1496468,126,0,1
1771685412668000,1771685412668000,1771685412644000,6620172,530.98236,95107.67,15.0,1.149645,126,0,1
1771685412720000,1771685412720000,1771685412696000,6620172,530.97296,95107.78,15.0,1.1496463,126,0,1
1771685412772000,1771685412772000,1771685412748000,6620172,531.00116,95107.47,15.0,1.1496425,126,0,1
1771685412824000,1771685412824000,1771685412800000,6620172,530.94946,95108.055,15.0,1.1496495,126,0,1
1771685412876000,1771685412876000,1771685412852000,6620172,530.9213,95108.39,15.0,1.1496536,126,0,1
1771685412928000,1771685412928000,1771685412904000,6620172,530.96356,95107.914,15.0,1.1496478,126,0,1
1771685412980000,1771685412980000,1771685412956000,6620172,530.9307,95108.28,15.0,1.1496522,126,0,1
1771685413032000,1771685413032000,1771685413008000,6620172,530.8978,95108.63,15.0,1.1496565,126,0,1
1771685413084000,1771685413084000,1771685413060000,6620172,530.8744,95108.92,15.0,1.14966,126,0,1
1771685413136000,1771685413136000,1771685413112000,6620172,530.96826,95107.875,15.0,1.1496474,126,0,1
1771685413188000,1771685413188000,1771685413164000,6620172,530.9354,95108.25,15.0,1.1496519,126,0,1
1771685413240000,1771685413240000,1771685413216000,6620172,530.95886,95107.945,15.0,1.1496482,126,0,1
1771685413292000,1771685413292000,1771685413268000,6620172,531.0293,95107.17,15.0,1.1496389,126,0,1
1771685413344000,1771685413344000,1771685413320000,6620172,530.95416,95108.016,15.0,1.149649,126,0,1
1771685413396000,1771685413396000,1771685413372000,6620172,530.96356,95107.914,15.0,1.1496478,126,0,1
1771685413448000,1771685413448000,1771685413424000,6620172,530.97766,95107.734,15.0,1.1496457,126,0,1
1771685413500000,1771685413500000,1771685413476000,6620172,530.926,95108.336,15.0,1.149653,126,0,1
1771685413552000,1771685413552000,1771685413528000,6620172,530.94946,95108.11,15.0,1.1496502,126,0,1
1771685413604000,1771685413604000,1771685413580000,6620172,530.97296,95107.805,15.0,1.1496465,126,0,1
1771685413656000,1771685413656000,1771685413632000,6620172,530.9119,95108.51,15.0,1.149655,126,0,1
1771685413708000,1771685413708000,1771685413684000,6620172,530.95416,95108.0,15.0,1.1496489,126,0,1
1771685413760000,1771685413760000,1771685413736000,6620172,530.98236,95107.7,15.0,1.1496453,126,0,1
1771685413812000,1771685413812000,1771685413788000,6620172,530.9166,95108.43,15.0,1.149654,126,0,1
1771685413864000,1771685413864000,1771685413840000,6620172,530.9354,95108.25,15.0,1.1496519,126,0,1
1771685413916000,1771685413916000,1771685413892000,6620172,530.95416,95108.016,15.0,1.149649,126,0,1
1771685413968000,1771685413968000,1771685413944000,6620172,530.94946,95108.055,15.0,1.1496495,126,0,1
1771685414020000,1771685414020000,1771685413996000,6620172,530.99646,95107.54,15.0,1.1496433,126,0,1
1771685414072000,1771685414072000,1771685414048000,6620172,530.9448,95108.13,15.0,1.1496505,126,0,1
1771685414124000,1771685414124000,1771685414100000,6620172,531.00586,95107.43,15.0,1.149642,126,0,1
1771685414176000,1771685414176000,1771685414152000,6620172,530.9213,95108.39,15.0,1.1496536,126,0,1
1771685414228000,1771685414228000,1771685414204000,6620172,530.9307,95108.3,15.0,1.1496525,126,0,1
1771685414280000,1771685414280000,1771685414256000,6620172,530.97766,95107.74,15.0,1.1496458,126,0,1
1771685414332000,1771685414332000,1771685414308000,6620172,530.96356,95107.93,15.0,1.1496481,126,0,1
1771685414384000,1771685414384000,1771685414360000,6620172,530.98236,95107.67,15.0,1.149645,126,0,1
1771685414436000,1771685414436000,1771685414412000,6620172,530.9307,95108.28,15.0,1.1496522,126,0,1
1771685414488000,1771685414488000,1771685414464000,6620172,530.9401,95108.17,15.0,1.1496509,126,0,1
1771685414540000,1771685414540000,1771685414516000,6620172,530.97296,95107.8,15.0,1.1496464,126,0,1
1771685414592000,1771685414592000,1771685414568000,6620172,530.9354,95108.22,15.0,1.1496515,126,0,1
1771685414644000,1771685414644000,1771685414620000,6620172,530.95886,95107.95,15.0,1.1496483,126,0,1
1771685414696000,1771685414696000,1771685414672000,6620172,530.9354,95108.25,15.0,1.1496519,126,0,1
1771685414748000,1771685414748000,1771685414724000,6620172,530.95416,95108.04,15.0,1.1496494,126,0,1
1771685414800000,1771685414800000,1771685414776000,6620172,530.95416,95108.05,15.0,1.1496495,126,0,1
1771685414852000,1771685414852000,1771685414828000,6620172,530.9307,95108.29,15.0,1.1496524,126,0,1
1771685414904000,1771685414904000,1771685414880000,6620172,530.98236,95107.71,15.0,1.1496453,126,0,1
1771685414956000,1771685414956000,1771685414932000,6620172,530.96826,95107.89,15.0,1.1496476,126,0,1
1771685415008000,1771685415008000,1771685414984000,6620172,530.9401,95108.18,15.0,1.149651,126,0,1
1771685415060000,1771685415060000,1771685415036000,6620172,530.98706,95107.64,15.0,1.1496445,126,0,1
1771685415112000,1771685415112000,1771685415088000,6620172,530.8978,95108.625,15.0,1.1496564,126,0,1
1771685415164000,1771685415164000,1771685415140000,6620172,530.9307,95108.29,15.0,1.1496524,126,0,1
1771685415216000,1771685415216000,1771685415192000,6620172,530.9401,95108.17,15.0,1.1496509,126,0,1
1771685415268000,1771685415268000,1771685415244000,6620172,530.9401,95108.18,15.0,1.149651,126,0,1
1771685415320000,1771685415320000,1771685415296000,6620172,530.9119,95108.49,15.0,1.1496549,126,0,1
1771685415372000,1771685415372000,1771685415348000,6620172,530.9025,95108.62,15.0,1.1496563,126,0,1
1771685415424000,1771685415424000,1771685415400000,6620172,530.97766,95107.734,15.0,1.1496457,126,0,1
1771685415476000,1771685415476000,1771685415452000,6620172,530.98706,95107.66,15.0,1.1496447,126,0,1
1771685415528000,1771685415528000,1771685415504000,6620172,530.926,95108.38,15.0,1.1496536,126,0,1
1771685415580000,1771685415580000,1771685415556000,6620172,530.96826,95107.86,15.0,1.1496472,126,0,1
1771685415632000,1771685415632000,1771685415608000,6620172,530.96826,95107.88,15.0,1.1496475,126,0,1
1771685415684000,1771685415684000,1771685415660000,6620172,530.98236,95107.68,15.0,1.149645,126,0,1
1771685415736000,1771685415736000,1771685415712000,6620172,530.96356,95107.91,15.0,1.1496477,126,0,1
1771685415788000,1771685415788000,1771685415764000,6620172,530.9448,95108.125,15.0,1.1496503,126,0,1
1771685415840000,1771685415840000,1771685415816000,6620172,530.9354,95108.21,15.0,1.1496514,126,0,1
1771685415892000,1771685415892000,1771685415868000,6620172,530.8744,95108.91,15.0,1.1496599,126,0,1
1771685415944000,1771685415944000,1771685415920000,6620172,530.9448,95108.12,15.0,1.1496503,126,0,1
1771685415996000,1771685415996000,1771685415972000,6620172,530.98236,95107.71,15.0,1.1496453,126,0,1
1771685416048000,1771685416048000,1771685416024000,6620172,530.98236,95107.72,15.0,1.1496454,126,0,1
1771685416100000,1771685416100000,1771685416076000,6620172,530.97296,95107.83,15.0,1.1496468,126,0,1
1771685416152000,1771685416152000,1771685416128000,6620172,530.95886,95107.95,15.0,1.1496483,126,0,1
1771685416204000,1771685416204000,1771685416180000,6620172,530.97296,95107.79,15.0,1.1496463,126,0,1
1771685416256000,1771685416256000,1771685416232000,6620172,530.9401,95108.17,15.0,1.1496509,126,0,1
1771685416308000,1771685416308000,1771685416284000,6620172,530.9307,95108.28,15.0,1.1496522,126,0,1
1771685416360000,1771685416360000,1771685416336000,6620172,530.9401,95108.17,15.0,1.1496509,126,0,1
1771685416412000,1771685416412000,1771685416388000,6620172,530.98236,95107.695,15.0,1.1496452,126,0,1
1771685416464000,1771685416464000,1771685416440000,6620172,530.9166,95108.46,15.0,1.1496545,126,0,1
1771685416516000,1771685416516000,1771685416492000,6620172,530.95886,95107.95,15.0,1.1496483,126,0,1
1771685416568000,1771685416568000,1771685416544000,6620172,530.97296,95107.79,15.0,1.1496463,126,0,1
1771685416620000,1771685416620000,1771685416596000,6620172,530.98236,95107.664,15.0,1.1496449,126,0,1
1771685416672000,1771685416672000,1771685416648000,6620172,530.95886,95107.95,15.0,1.1496483,126,0,1
1771685416724000,1771685416724000,1771685416700000,6620172,530.98236,95107.67,15.0,1.149645,126,0,1
1771685416776000,1771685416776000,1771685416752000,6620172,530.926,95108.375,15.0,1.1496534,126,0,1
1771685416828000,1771685416828000,1771685416804000,6620172,530.9119,95108.51,15.0,1.149655,126,0,1
1771685416880000,1771685416880000,1771685416856000,6620172,530.9354,95108.25,15.0,1.1496519,126,0,1
1771685416932000,1771685416932000,1771685416908000,6620172,530.9401,95108.16,15.0,1.1496508,126,0,1
1771685416984000,1771685416984000,1771685416960000,6620172,530.9307,95108.305,15.0,1.1496526,126,0,1
1771685417036000,1771685417036000,1771685417012000,6620172,530.95886,95107.984,15.0,1.1496487,126,0,1
1771685417088000,1771685417088000,1771685417064000,6620172,530.96826,95107.89,15.0,1.1496476,126,0,1
1771685417140000,1771685417140000,1771685417116000,6620172,530.8931,95108.72,15.0,1.1496576,126,0,1
1771685417192000,1771685417192000,1771685417168000,6620172,530.9354,95108.25,15.0,1.1496519,126,0,1
1771685417244000,1771685417244000,1771685417220000,6620172,530.96826,95107.875,15.0,1.1496474,126,0,1
1771685417296000,1771685417296000,1771685417272000,6620172,530.9166,95108.414,15.0,1.1496539,126,0,1
1771685417348000,1771685417348000,1771685417324000,6620172,530.9072,95108.555,15.0,1.1496556,126,0,1
1771685417400000,1771685417400000,1771685417376000,6620172,530.97766,95107.75,15.0,1.1496458,126,0,1
1771685417452000,1771685417452000,1771685417428000,6620172,530.96826,95107.89,15.0,1.1496476,126,0,1
1771685417504000,1771685417504000,1771685417480000,6620172,530.95416,95108.03,15.0,1.1496493,126,0,1
1771685417556000,1771685417556000,1771685417532000,6620172,530.9354,95108.2,15.0,1.1496513,126,0,1
1771685417608000,1771685417608000,1771685417584000,6620172,530.99646,95107.51,15.0,1.149643,126,0,1
1771685417660000,1771685417660000,1771685417636000,6620172,530.99646,95107.555,15.0,1.1496435,126,0,1
1771685417712000,1771685417712000,1771685417688000,6620172,530.95416,95108.016,15.0,1.149649,126,0,1
1771685417764000,1771685417764000,1771685417740000,6620172,530.94946,95108.09,15.0,1.14965,126,0,1
1771685417816000,1771685417816000,1771685417792000,6620172,530.95886,95107.95,15.0,1.1496483,126,0,1
1771685417868000,1771685417868000,1771685417844000,6620172,531.0105,95107.39,15.0,1.1496415,126,0,1
1771685417920000,1771685417920000,1771685417896000,6620172,530.95416,95108.01,15.0,1.149649,126,0,1
1771685417972000,1771685417972000,1771685417948000,6620172,530.9401,95108.195,15.0,1.1496513,126,0,1
1771685418024000,1771685418024000,1771685418000000,6620172,530.94946,95108.086,15.0,1.14965,126,0,1
1771685418076000,1771685418076000,1771685418052000,6620172,530.926,95108.375,15.0,1.1496534,126,0,1
1771685418128000,1771685418128000,1771685418104000,6620172,530.9166,95108.47,15.0,1.1496545,126,0,1
1771685418180000,1771685418180000,1771685418156000,6620172,530.99176,95107.59,15.0,1.149644,126,0,1
1771685418232000,1771685418232000,1771685418208000,6620172,530.99646,95107.555,15.0,1.1496435,126,0,1
1771685418284000,1771685418284000,1771685418260000,6620172,530.95886,95107.96,15.0,1.1496484,126,0,1
1771685418336000,1771685418336000,1771685418312000,6620172,530.95416,95108.03,15.0,1.1496493,126,0,1
1771685418388000,1771685418388000,1771685418364000,6620172,530.9448,95108.125,15.0,1.1496503,126,0,1
1771685418440000,1771685418440000,1771685418416000,6620172,530.9119,95108.53,15.0,1.1496553,126,0,1
1771685418492000,1771685418492000,1771685418468000,6620172,530.97296,95107.78,15.0,1.1496463,126,0,1
1771685418544000,1771685418544000,1771685418520000,6620172,530.926,95108.33,15.0,1.1496528,126,0,1
1771685418596000,1771685418596000,1771685418572000,6620172,530.97296,95107.83,15.0,1.1496468,126,0,1
1771685418648000,1771685418648000,1771685418624000,6620172,531.0152,95107.32,15.0,1.1496407,126,0,1
1771685418700000,1771685418700000,1771685418676000,6620172,531.00116,95107.5,15.0,1.1496428,126,0,1
1771685418752000,1771685418752000,1771685418728000,6620172,530.9119,95108.51,15.0,1.149655,126,0,1
1771685418804000,1771685418804000,1771685418780000,6620172,530.98236,95107.695,15.0,1.1496452,126,0,1
1771685418856000,1771685418856000,1771685418832000,6620172,530.99646,95107.55,15.0,1.1496434,126,0,1
1771685418908000,1771685418908000,1771685418884000,6620172,530.96826,95107.89,15.0,1.1496476,126,0,1
1771685418960000,1771685418960000,1771685418936000,6620172,530.98236,95107.68,15.0,1.149645,126,0,1
1771685419012000,1771685419012000,1771685418988000,6620172,530.9354,95108.25,15.0,1.1496519,126,0,1
1771685419064000,1771685419064000,1771685419040000,6620172,530.99176,95107.61,15.0,1.1496441,126,0,1
1771685419116000,1771685419116000,1771685419092000,6620172,530.97766,95107.76,15.0,1.1496459,126,0,1
1771685419168000,1771685419168000,1771685419144000,6620172,530.9448,95108.13,15.0,1.1496505,126,0,1
1771685419220000,1771685419220000,1771685419196000,6620172,530.926,95108.38,15.0,1.1496536,126,0,1
1771685419272000,1771685419272000,1771685419248000,6620172,531.00116,95107.484,15.0,1.1496427,126,0,1
1771685419324000,1771685419324000,1771685419300000,6620172,530.96826,95107.86,15.0,1.1496472,126,0,1
1771685419376000,1771685419376000,1771685419352000,6620172,530.96826,95107.87,15.0,1.1496472,126,0,1
1771685419428000,1771685419428000,1771685419404000,6620172,530.8978,95108.66,15.0,1.1496568,126,0,1
1771685419480000,1771685419480000,1771685419456000,6620172,530.95416,95108.01,15.0,1.149649,126,0,1
1771685419532000,1771685419532000,1771685419508000,6620172,530.9448,95108.13,15.0,1.1496505,126,0,1
1771685419584000,1771685419584000,1771685419560000,6620172,531.00586,95107.445,15.0,1.1496422,126,0,1
1771685419636000,1771685419636000,1771685419612000,6620172,530.9119,95108.53,15.0,1.1496553,126,0,1
1771685419688000,1771685419688000,1771685419664000,6620172,530.9401,95108.18,15.0,1.149651,126,0,1
1771685419740000,1771685419740000,1771685419716000,6620172,530.97766,95107.766,15.0,1.149646,126,0,1
1771685419792000,1771685419792000,1771685419768000,6620172,531.0293,95107.18,15.0,1.149639,126,0,1
1771685419844000,1771685419844000,1771685419820000,6620172,530.96356,95107.91,15.0,1.1496477,126,0,1
1771685419896000,1771685419896000,1771685419872000,6620172,531.00116,95107.45,15.0,1.1496422,126,0,1
1771685419948000,1771685419948000,1771685419924000,6620172,530.95416,95108.03,15.0,1.1496493,126,0,1
1771685420000000,1771685420000000,1771685419976000,6620172,530.9401,95108.16,15.0,1.1496508,126,0,1
1771685420052000,1771685420052000,1771685420028000,6620172,530.99176,95107.59,15.0,1.149644,126,0,1
1771685420104000,1771685420104000,1771685420080000,6620172,530.926,95108.375,15.0,1.1496534,126,0,1
1771685420156000,1771685420156000,1771685420132000,6620172,530.9354,95108.2,15.0,1.1496513,126,0,1
1771685420208000,1771685420208000,1771685420184000,6620172,531.00116,95107.45,15.0,1.1496422,126,0,1
1771685420260000,1771685420260000,1771685420236000,6620172,530.9166,95108.42,15.0,1.149654,126,0,1
1771685420312000,1771685420312000,1771685420288000,6620172,530.99646,95107.516,15.0,1.1496431,126,0,1
1771685420364000,1771685420364000,1771685420340000,6620172,530.9354,95108.21,15.0,1.1496514,126,0,1
1771685420416000,1771685420416000,1771685420392000,6620172,530.97766,95107.74,15.0,1.1496458,126,0,1
1771685420468000,1771685420468000,1771685420444000,6620172,530.96826,95107.84,15.0,1.149647,126,0,1
1771685420520000,1771685420520000,1771685420496000,6620172,531.00116,95107.49,15.0,1.1496427,126,0,1
1771685420572000,1771685420572000,1771685420548000,6620172,531.0105,95107.38,15.0,1.1496414,126,0,1
1771685420624000,1771685420624000,1771685420600000,6620172,530.99176,95107.61,15.0,1.1496441,126,0,1
1771685420676000,1771685420676000,1771685420652000,6620172,530.94946,95108.055,15.0,1.1496495,126,0,1
1771685420728000,1771685420728000,1771685420704000,6620172,530.94946,95108.09,15.0,1.14965,126,0,1
1771685420780000,1771685420780000,1771685420756000,6620172,530.9401,95108.195,15.0,1.1496513,126,0,1
1771685420832000,1771685420832000,1771685420808000,6620172,530.97296,95107.82,15.0,1.1496468,126,0,1
1771685420884000,1771685420884000,1771685420860000,6620172,530.99646,95107.51,15.0,1.149643,126,0,1
1771685420936000,1771685420936000,1771685420912000,6620172,530.95886,95107.945,15.0,1.1496482,126,0,1
1771685420988000,1771685420988000,1771685420964000,6620172,530.97296,95107.8,15.0,1.1496464,126,0,1
1771685421040000,1771685421040000,1771685421016000,6620172,530.95416,95108.01,15.0,1.149649,126,0,1
1771685421092000,1771685421092000,1771685421068000,6620172,530.98236,95107.695,15.0,1.1496452,126,0,1
1771685421144000,1771685421144000,1771685421120000,6620172,530.9401,95108.18,15.0,1.149651,126,0,1
1771685421196000,1771685421196000,1771685421172000,6620172,530.95886,95107.95,15.0,1.1496483,126,0,1
1771685421248000,1771685421248000,1771685421224000,6620172,530.9307,95108.32,15.0,1.1496527,126,0,1
1771685421300000,1771685421300000,1771685421276000,6620172,530.9307,95108.29,15.0,1.1496524,126,0,1
1771685421352000,1771685421352000,1771685421328000,6620172,530.9354,95108.26,15.0,1.149652,126,0,1
1771685421404000,1771685421404000,1771685421380000,6620172,531.00116,95107.46,15.0,1.1496423,126,0,1
1771685421456000,1771685421456000,1771685421432000,6620172,530.95416,95108.016,15.0,1.149649,126,0,1
1771685421508000,1771685421508000,1771685421484000,6620172,530.9354,95108.21,15.0,1.1496514,126,0,1
1771685421560000,1771685421560000,1771685421536000,6620172,530.98236,95107.67,15.0,1.149645,126,0,1
1771685421612000,1771685421612000,1771685421588000,6620172,530.96826,95107.88,15.0,1.1496475,126,0,1
1771685421664000,1771685421664000,1771685421640000,6620172,530.98236,95107.67,15.0,1.149645,126,0,1
1771685421716000,1771685421716000,1771685421692000,6620172,531.0105,95107.38,15.0,1.1496414,126,0,1
1771685421768000,1771685421768000,1771685421744000,6620172,530.9354,95108.26,15.0,1.149652,126,0,1
1771685421820000,1771685421820000,1771685421796000,6620172,530.96826,95107.84,15.0,1.149647,126,0,1
1771685421872000,1771685421872000,1771685421848000,6620172,530.9448,95108.13,15.0,1.1496505,126,0,1
1771685421924000,1771685421924000,1771685421900000,6620172,530.98706,95107.64,15.0,1.1496445,126,0,1
1771685421976000,1771685421976000,1771685421952000,6620172,530.96356,95107.914,15.0,1.1496478,126,0,1
1771685422028000,1771685422028000,1771685422004000,6620172,530.96826,95107.88,15.0,1.1496475,126,0,1
1771685422080000,1771685422080000,1771685422056000,6620172,530.99176,95107.625,15.0,1.1496444,126,0,1
1771685422132000,1771685422132000,1771685422108000,6620172,531.00116,95107.5,15.0,1.1496428,126,0,1
1771685422184000,1771685422184000,1771685422160000,6620172,530.95416,95108.05,15.0,1.1496495,126,0,1
1771685422236000,1771685422236000,1771685422212000,6620172,530.8978,95108.63,15.0,1.1496565,126,0,1
1771685422288000,1771685422288000,1771685422264000,6620172,530.96826,95107.87,15.0,1.1496472,126,0,1
1771685422340000,1771685422340000,1771685422316000,6620172,530.96826,95107.87,15.0,1.1496472,126,0,1
1771685422392000,1771685422392000,1771685422368000,6620172,530.9307,95108.3,15.0,1.1496525,126,0,1
1771685422444000,1771685422444000,1771685422420000,6620172,530.9213,95108.41,15.0,1.1496538,126,0,1
1771685422496000,1771685422496000,1771685422472000,6620172,530.95416,95107.99,15.0,1.1496488,126,0,1
1771685422548000,1771685422548000,1771685422524000,6620172,530.95416,95108.03,15.0,1.1496493,126,0,1
1771685422600000,1771685422600000,1771685422576000,6620172,530.9448,95108.125,15.0,1.1496503,126,0,1
1771685422652000,1771685422652000,1771685422628000,6620172,530.97296,95107.805,15.0,1.1496465,126,0,1
1771685422704000,1771685422704000,1771685422680000,6620172,530.95416,95108.05,15.0,1.1496495,126,0,1
1771685422756000,1771685422756000,1771685422732000,6620172,530.9401,95108.16,15.0,1.1496508,126,0,1
1771685422808000,1771685422808000,1771685422784000,6620172,530.9307,95108.28,15.0,1.1496522,126,0,1
1771685422860000,1771685422860000,1771685422836000,6620172,530.94946,95108.09,15.0,1.14965,126,0,1
1771685422912000,1771685422912000,1771685422888000,6620172,530.99176,95107.59,15.0,1.149644,126,0,1
1771685422964000,1771685422964000,1771685422940000,6620172,530.9354,95108.2,15.0,1.1496513,126,0,1
1771685423016000,1771685423016000,1771685422992000,6620172,531.0152,95107.33,15.0,1.1496408,126,0,1
1771685423068000,1771685423068000,1771685423044000,6620172,530.9166,95108.47,15.0,1.1496545,126,0,1
1771685423120000,1771685423120000,1771685423096000,6620172,530.9072,95108.555,15.0,1.1496556,126,0,1
1771685423172000,1771685423172000,1771685423148000,6620172,530.9307,95108.32,15.0,1.1496527,126,0,1
1771685423224000,1771685423224000,1771685423200000,6620172,530.98706,95107.64,15.0,1.1496445,126,0,1
1771685423276000,1771685423276000,1771685423252000,6620172,530.9448,95108.14,15.0,1.1496506,126,0,1
1771685423328000,1771685423328000,1771685423304000,6620172,530.9401,95108.17,15.0,1.1496509,126,0,1
1771685423380000,1771685423380000,1771685423356000,6620172,530.9401,95108.17,15.0,1.1496509,126,0,1
1771685423432000,1771685423432000,1771685423408000,6620172,530.96356,95107.914,15.0,1.1496478,126,0,1
1771685423484000,1771685423484000,1771685423460000,6620172,530.95416,95108.016,15.0,1.149649,126,0,1
1771685423536000,1771685423536000,1771685423512000,6620172,530.98236,95107.68,15.0,1.149645,126,0,1
1771685423588000,1771685423588000,1771685423564000,6620172,530.8744,95108.92,15.0,1.14966,126,0,1
1771685423640000,1771685423640000,1771685423616000,6620172,530.9401,95108.18,15.0,1.149651,126,0,1
1771685423692000,1771685423692000,1771685423668000,6620172,530.9354,95108.25,15.0,1.1496519,126,0,1
1771685423744000,1771685423744000,1771685423720000,6620172,530.96356,95107.93,15.0,1.1496481,126,0,1
1771685423796000,1771685423796000,1771685423772000,6620172,530.96826,95107.87,15.0,1.1496472,126,0,1
1771685423848000,1771685423848000,1771685423824000,6620172,530.94946,95108.055,15.0,1.1496495,126,0,1
1771685423900000,1771685423900000,1771685423876000,6620172,530.926,95108.34,15.0,1.1496531,126,0,1
1771685423952000,1771685423952000,1771685423928000,6620172,530.97296,95107.79,15.0,1.1496463,126,0,1
1771685424004000,1771685424004000,1771685423980000,6620172,530.9448,95108.12,15.0,1.1496503,126,0,1
1771685424056000,1771685424056000,1771685424032000,6620172,530.95886,95107.95,15.0,1.1496483,126,0,1
1771685424108000,1771685424108000,1771685424084000,6620172,530.98236,95107.71,15.0,1.1496453,126,0,1
1771685424160000,1771685424160000,1771685424136000,6620172,530.94946,95108.086,15.0,1.14965,126,0,1
1771685424212000,1771685424212000,1771685424188000,6620172,530.97766,95107.75,15.0,1.1496458,126,0,1
1771685424264000,1771685424264000,1771685424240000,6620172,530.9401,95108.18,15.0,1.149651,126,0,1
1771685424316000,1771685424316000,1771685424292000,6620172,530.926,95108.336,15.0,1.149653,126,0,1
1771685424368000,1771685424368000,1771685424344000,6620172,530.9119,95108.51,15.0,1.149655,126,0,1
1771685424420000,1771685424420000,1771685424396000,6620172,530.98236,95107.72,15.0,1.1496454,126,0,1
1771685424472000,1771685424472000,1771685424448000,6620172,530.98236,95107.67,15.0,1.149645,126,0,1
1771685424524000,1771685424524000,1771685424500000,6620172,530.97296,95107.82,15.0,1.1496468,126,0,1
1771685424576000,1771685424576000,1771685424552000,6620172,530.94946,95108.11,15.0,1.1496502,126,0,1
1771685424628000,1771685424628000,1771685424604000,6620172,530.926,95108.33,15.0,1.1496528,126,0,1
1771685424680000,1771685424680000,1771685424656000,6620172,530.97296,95107.8,15.0,1.1496464,126,0,1
1771685424732000,1771685424732000,1771685424708000,6620172,530.9354,95108.2,15.0,1.1496513,126,0,1
1771685424784000,1771685424784000,1771685424760000,6620172,530.97296,95107.8,15.0,1.1496464,126,0,1
1771685424836000,1771685424836000,1771685424812000,6620172,530.9072,95108.58,15.0,1.1496558,126,0,1
1771685424888000,1771685424888000,1771685424864000,6620172,530.9354,95108.26,15.0,1.149652,126,0,1
1771685424940000,1771685424940000,1771685424916000,6620172,530.9119,95108.49,15.0,1.1496549,126,0,1
1771685424992000,1771685424992000,1771685424968000,6620172,530.95886,95107.97,15.0,1.1496485,126,0,1
1771685425044000,1771685425044000,1771685425020000,6620172,530.926,95108.36,15.0,1.1496532,126,0,1
1771685425096000,1771685425096000,1771685425072000,6620172,530.97296,95107.836,15.0,1.1496469,126,0,1
1771685425148000,1771685425148000,1771685425124000,6620172,530.99646,95107.55,15.0,1.1496434,126,0,1
1771685425200000,1771685425200000,1771685425176000,6620172,530.95416,95108.0,15.0,1.1496489,126,0,1
1771685425252000,1771685425252000,1771685425228000,6620172,530.97296,95107.83,15.0,1.1496468,126,0,1
1771685425304000,1771685425304000,1771685425280000,6620172,530.9401,95108.16,15.0,1.1496508,126,0,1
1771685425356000,1771685425356000,1771685425332000,6620172,530.926,95108.36,15.0,1.1496532,126,0,1
1771685425408000,1771685425408000,1771685425384000,6620172,530.8978,95108.664,15.0,1.1496569,126,0,1
1771685425460000,1771685425460000,1771685425436000,6620172,530.9401,95108.164,15.0,1.1496508,126,0,1
1771685425512000,1771685425512000,1771685425488000,6620172,530.94946,95108.09,15.0,1.14965,126,0,1
1771685425564000,1771685425564000,1771685425540000,6620172,530.9025,95108.62,15.0,1.1496563,126,0,1
1771685425616000,1771685425616000,1771685425592000,6620172,530.9072,95108.54,15.0,1.1496553,126,0,1
1771685425668000,1771685425668000,1771685425644000,6620172,530.96356,95107.91,15.0,1.1496477,126,0,1
1771685425720000,1771685425720000,1771685425696000,6620172,530.9307,95108.28,15.0,1.1496522,126,0,1
1771685425772000,1771685425772000,1771685425748000,6620172,530.8978,95108.625,15.0,1.1496564,126,0,1
1771685425824000,1771685425824000,1771685425800000,6620172,530.926,95108.336,15.0,1.149653,126,0,1
1771685425876000,1771685425876000,1771685425852000,6620172,530.95886,95107.96,15.0,1.1496484,126,0,1
1771685425928000,1771685425928000,1771685425904000,6620172,530.94946,95108.055,15.0,1.1496495,126,0,1
1771685425980000,1771685425980000,1771685425956000,6620172,530.98236,95107.695,15.0,1.1496452,126,0,1
1771685426032000,1771685426032000,1771685426008000,6620172,530.97296,95107.83,15.0,1.1496468,126,0,1
1771685426084000,1771685426084000,1771685426060000,6620172,531.00116,95107.49,15.0,1.1496427,126,0,1
1771685426136000,1771685426136000,1771685426112000,6620172,530.9025,95108.61,15.0,1.1496563,126,0,1
1771685426188000,1771685426188000,1771685426164000,6620172,530.9072,95108.54,15.0,1.1496553,126,0,1
1771685426240000,1771685426240000,1771685426216000,6620172,530.926,95108.36,15.0,1.1496532,126,0,1
1771685426292000,1771685426292000,1771685426268000,6620172,530.8978,95108.63,15.0,1.1496565,126,0,1
1771685426344000,1771685426344000,1771685426320000,6620172,530.926,95108.33,15.0,1.1496528,126,0,1
1771685426396000,1771685426396000,1771685426372000,6620172,530.9166,95108.43,15.0,1.149654,126,0,1
1771685426448000,1771685426448000,1771685426424000,6620172,530.9166,95108.46,15.0,1.1496545,126,0,1
1771685426500000,1771685426500000,1771685426476000,6620172,530.95886,95107.97,15.0,1.1496485,126,0,1
1771685426552000,1771685426552000,1771685426528000,6620172,530.926,95108.34,15.0,1.1496531,126,0,1
1771685426604000,1771685426604000,1771685426580000,6620172,530.96356,95107.92,15.0,1.149648,126,0,1
1771685426656000,1771685426656000,1771685426632000,6620172,530.9401,95108.17,15.0,1.1496509,126,0,1
1771685426708000,1771685426708000,1771685426684000,6620172,530.9401,95108.164,15.0,1.1496508,126,0,1
1771685426760000,1771685426760000,1771685426736000,6620172,530.9354,95108.234,15.0,1.1496518,126,0,1
1771685426812000,1771685426812000,1771685426788000,6620172,530.95416,95108.03,15.0,1.1496493,126,0,1
1771685426864000,1771685426864000,1771685426840000,6620172,530.9166,95108.414,15.0,1.1496539,126,0,1
1771685426916000,1771685426916000,1771685426892000,6620172,530.9119,95108.49,15.0,1.1496549,126,0,1
1771685426968000,1771685426968000,1771685426944000,6620172,530.8838,95108.84,15.0,1.149659,126,0,1
1771685427020000,1771685427020000,1771685426996000,6620172,530.96826,95107.875,15.0,1.1496474,126,0,1
1771685427072000,1771685427072000,1771685427048000,6620172,530.926,95108.375,15.0,1.1496534,126,0,1
1771685427124000,1771685427124000,1771685427100000,6620172,530.8884,95108.78,15.0,1.1496583,126,0,1
1771685427176000,1771685427176000,1771685427152000,6620172,530.95416,95108.01,15.0,1.149649,126,0,1
1771685427228000,1771685427228000,1771685427204000,6620172,530.9213,95108.41,15.0,1.1496538,126,0,1
1771685427280000,1771685427280000,1771685427256000,6620172,530.94946,95108.055,15.0,1.1496495,126,0,1
1771685427332000,1771685427332000,1771685427308000,6620172,530.96356,95107.92,15.0,1.149648,126,0,1
1771685427384000,1771685427384000,1771685427360000,6620172,530.9401,95108.16,15.0,1.1496508,126,0,1
1771685427436000,1771685427436000,1771685427412000,6620172,530.9166,95108.43,15.0,1.149654,126,0,1
1771685427488000,1771685427488000,1771685427464000,6620172,530.9307,95108.32,15.0,1.1496527,126,0,1
1771685427540000,1771685427540000,1771685427516000,6620172,530.8978,95108.67,15.0,1.149657,126,0,1
1771685427592000,1771685427592000,1771685427568000,6620172,530.9401,95108.164,15.0,1.1496508,126,0,1
1771685427644000,1771685427644000,1771685427620000,6620172,530.9354,95108.2,15.0,1.1496513,126,0,1
1771685427696000,1771685427696000,1771685427672000,6620172,530.9448,95108.125,15.0,1.1496503,126,0,1
1771685427748000,1771685427748000,1771685427724000,6620172,530.9354,95108.2,15.0,1.1496513,126,0,1
1771685427800000,1771685427800000,1771685427776000,6620172,530.97296,95107.79,15.0,1.1496463,126,0,1
1771685427852000,1771685427852000,1771685427828000,6620172,530.8556,95109.12,15.0,1.1496624,126,0,1
1771685427904000,1771685427904000,1771685427880000,6620172,530.98236,95107.71,15.0,1.1496453,126,0,1
1771685427956000,1771685427956000,1771685427932000,6620172,530.9448,95108.13,15.0,1.1496505,126,0,1
1771685428008000,1771685428008000,1771685427984000,6620172,531.034,95107.12,15.0,1.1496382,126,0,1
1771685428060000,1771685428060000,1771685428036000,6620172,530.9307,95108.29,15.0,1.1496524,126,0,1
1771685428112000,1771685428112000,1771685428088000,6620172,530.9401,95108.18,15.0,1.149651,126,0,1
1771685428164000,1771685428164000,1771685428140000,6620172,530.96826,95107.88,15.0,1.1496475,126,0,1
1771685428216000,1771685428216000,1771685428192000,6620172,530.926,95108.36,15.0,1.1496532,126,0,1
1771685428268000,1771685428268000,1771685428244000,6620172,530.8884,95108.766,15.0,1.1496581,126,0,1
1771685428320000,1771685428320000,1771685428296000,6620172,530.9307,95108.3,15.0,1.1496525,126,0,1
1771685428372000,1771685428372000,1771685428348000,6620172,530.9401,95108.18,15.0,1.149651,126,0,1
1771685428424000,1771685428424000,1771685428400000,6620172,530.926,95108.375,15.0,1.1496534,126,0,1
1771685428476000,1771685428476000,1771685428452000,6620172,530.96356,95107.914,15.0,1.1496478,126,0,1
1771685428528000,1771685428528000,1771685428504000,6620172,530.9119,95108.53,15.0,1.1496553,126,0,1
1771685428580000,1771685428580000,1771685428556000,6620172,530.97296,95107.79,15.0,1.1496463,126,0,1
1771685428632000,1771685428632000,1771685428608000,6620172,530.99176,95107.58,15.0,1.1496438,126,0,1
1771685428684000,1771685428684000,1771685428660000,6620172,530.926,95108.33,15.0,1.1496528,126,0,1
1771685428736000,1771685428736000,1771685428712000,6620172,530.97296,95107.836,15.0,1.1496469,126,0,1
1771685428788000,1771685428788000,1771685428764000,6620172,530.94946,95108.11,15.0,1.1496502,126,0,1
1771685428840000,1771685428840000,1771685428816000,6620172,530.9307,95108.266,15.0,1.1496521,126,0,1
1771685428892000,1771685428892000,1771685428868000,6620172,530.95886,95107.97,15.0,1.1496485,126,0,1
1771685428944000,1771685428944000,1771685428920000,6620172,530.95886,95107.984,15.0,1.1496487,126,0,1
1771685428996000,1771685428996000,1771685428972000,6620172,530.9119,95108.484,15.0,1.1496547,126,0,1
1771685429048000,1771685429048000,1771685429024000,6620172,530.96826,95107.84,15.0,1.149647,126,0,1
1771685429100000,1771685429100000,1771685429076000,6620172,530.9166,95108.45,15.0,1.1496544,126,0,1
1771685429152000,1771685429152000,1771685429128000,6620172,530.8978,95108.664,15.0,1.1496569,126,0,1
1771685429204000,1771685429204000,1771685429180000,6620172,530.9025,95108.62,15.0,1.1496563,126,0,1
1771685429256000,1771685429256000,1771685429232000,6620172,530.9307,95108.3,15.0,1.1496525,126,0,1
1771685429308000,1771685429308000,1771685429284000,6620172,530.98236,95107.664,15.0,1.1496449,126,0,1
1771685429360000,1771685429360000,1771685429336000,6620172,530.95416,95108.0,15.0,1.1496489,126,0,1
1771685429412000,1771685429412000,1771685429388000,6620172,530.99646,95107.53,15.0,1.1496432,126,0,1
1771685429464000,1771685429464000,1771685429440000,6620172,530.95416,95108.03,15.0,1.1496493,126,0,1
1771685429516000,1771685429516000,1771685429492000,6620172,530.94946,95108.09,15.0,1.14965,126,0,1
1771685429568000,1771685429568000,1771685429544000,6620172,530.9401,95108.18,15.0,1.149651,126,0,1
1771685429620000,1771685429620000,1771685429596000,6620172,530.9307,95108.266,15.0,1.1496521,126,0,1
1771685429672000,1771685429672000,1771685429648000,6620172,530.97766,95107.766,15.0,1.149646,126,0,1
1771685429724000,1771685429724000,1771685429700000,6620172,530.9307,95108.3,15.0,1.1496525,126,0,1
1771685429776000,1771685429776000,1771685429752000,6620172,530.98236,95107.7,15.0,1.1496453,126,0,1
1771685429828000,1771685429828000,1771685429804000,6620172,530.9354,95108.24,15.0,1.1496518,126,0,1
1771685429880000,1771685429880000,1771685429856000,6620172,530.9307,95108.305,15.0,1.1496526,126,0,1
1771685429932000,1771685429932000,1771685429908000,6620172,530.96826,95107.84,15.0,1.149647,126,0,1
1771685429984000,1771685429984000,1771685429960000,6620172,530.8978,95108.68,15.0,1.1496571,126,0,1
1771685430036000,1771685430036000,1771685430012000,6620172,530.94946,95108.08,15.0,1.1496499,126,0,1
1771685430088000,1771685430088000,1771685430064000,6620172,530.9072,95108.59,15.0,1.149656,126,0,1
1771685430140000,1771685430140000,1771685430116000,6620172,530.8931,95108.7,15.0,1.1496574,126,0,1
1771685430192000,1771685430192000,1771685430168000,6620172,530.8603,95109.08,15.0,1.1496619,126,0,1
1771685430244000,1771685430244000,1771685430220000,6620172,530.99176,95107.625,15.0,1.1496444,126,0,1
1771685430296000,1771685430296000,1771685430272000,6620172,530.9354,95108.22,15.0,1.1496515,126,0,1
1771685430348000,1771685430348000,1771685430324000,6620172,530.8884,95108.8,15.0,1.1496586,126,0,1
1771685430400000,1771685430400000,1771685430376000,6620172,530.98236,95107.68,15.0,1.149645,126,0,1
1771685430452000,1771685430452000,1771685430428000,6620172,530.926,95108.37,15.0,1.1496533,126,0,1
1771685430504000,1771685430504000,1771685430480000,6620172,530.9401,95108.195,15.0,1.1496513,126,0,1
1771685430556000,1771685430556000,1771685430532000,6620172,530.98706,95107.64,15.0,1.1496445,126,0,1
1771685430608000,1771685430608000,1771685430584000,6620172,530.96356,95107.91,15.0,1.1496477,126,0,1
1771685430660000,1771685430660000,1771685430636000,6620172,530.96356,95107.93,15.0,1.1496481,126,0,1
1771685430712000,1771685430712000,1771685430688000,6620172,530.9072,95108.59,15.0,1.149656,126,0,1
1771685430764000,1771685430764000,1771685430740000,6620172,530.9072,95108.555,15.0,1.1496556,126,0,1
1771685430816000,1771685430816000,1771685430792000,6620172,530.94946,95108.055,15.0,1.1496495,126,0,1
1771685430868000,1771685430868000,1771685430844000,6620172,530.9307,95108.29,15.0,1.1496524,126,0,1
1771685430920000,1771685430920000,1771685430896000,6620172,530.9072,95108.555,15.0,1.1496556,126,0,1
1771685430972000,1771685430972000,1771685430948000,6620172,530.94946,95108.08,15.0,1.1496499,126,0,1
1771685431024000,1771685431024000,1771685431000000,6620172,530.97296,95107.79,15.0,1.1496463,126,0,1
1771685431076000,1771685431076000,1771685431052000,6620172,530.94946,95108.07,15.0,1.1496497,126,0,1
1771685431128000,1771685431128000,1771685431104000,6620172,530.9354,95108.2,15.0,1.1496513,126,0,1
1771685431180000,1771685431180000,1771685431156000,6620172,530.95886,95107.96,15.0,1.1496484,126,0,1
1771685431232000,1771685431232000,1771685431208000,6620172,530.95416,95108.05,15.0,1.1496495,126,0,1
1771685431284000,1771685431284000,1771685431260000,6620172,530.9354,95108.24,15.0,1.1496518,126,0,1
1771685431336000,1771685431336000,1771685431312000,6620172,530.9119,95108.5,15.0,1.149655,126,0,1
1771685431388000,1771685431388000,1771685431364000,6620172,530.8884,95108.79,15.0,1.1496584,126,0,1
1771685431440000,1771685431440000,1771685431416000,6620172,530.96826,95107.84,15.0,1.149647,126,0,1
1771685431492000,1771685431492000,1771685431468000,6620172,530.9307,95108.305,15.0,1.1496526,126,0,1
1771685431544000,1771685431544000,1771685431520000,6620172,530.94946,95108.08,15.0,1.1496499,126,0,1
1771685431596000,1771685431596000,1771685431572000,6620172,530.9354,95108.234,15.0,1.1496518,126,0,1
1771685431648000,1771685431648000,1771685431624000,6620172,530.95416,95108.016,15.0,1.149649,126,0,1
1771685431700000,1771685431700000,1771685431676000,6620172,530.97296,95107.8,15.0,1.1496464,126,0,1
1771685431752000,1771685431752000,1771685431728000,6620172,530.96826,95107.88,15.0,1.1496475,126,0,1
1771685431804000,1771685431804000,1771685431780000,6620172,530.9401,95108.164,15.0,1.1496508,126,0,1
1771685431856000,1771685431856000,1771685431832000,6620172,530.9448,95108.14,15.0,1.1496506,126,0,1
1771685431908000,1771685431908000,1771685431884000,6620172,530.9354,95108.22,15.0,1.1496515,126,0,1
1771685431960000,1771685431960000,1771685431936000,6620172,530.9354,95108.234,15.0,1.1496518,126,0,1
1771685432012000,1771685432012000,1771685431988000,6620172,530.96356,95107.93,15.0,1.1496481,126,0,1
1771685432064000,1771685432064000,1771685432040000,6620172,530.95886,95107.945,15.0,1.1496482,126,0,1
1771685432116000,1771685432116000,1771685432092000,6620172,530.9401,95108.16,15.0,1.1496508,126,0,1
1771685432168000,1771685432168000,1771685432144000,6620172,530.94946,95108.09,15.0,1.14965,126,0,1
1771685432220000,1771685432220000,1771685432196000,6620172,530.9401,95108.164,15.0,1.1496508,126,0,1
1771685432272000,1771685432272000,1771685432248000,6620172,530.95416,95108.016,15.0,1.149649,126,0,1
1771685432324000,1771685432324000,1771685432300000,6620172,530.95416,95107.99,15.0,1.1496488,126,0,1
1771685432376000,1771685432376000,1771685432352000,6620172,530.94946,95108.086,15.0,1.14965,126,0,1
1771685432428000,1771685432428000,1771685432404000,6620172,530.96826,95107.87,15.0,1.1496472,126,0,1
1771685432480000,1771685432480000,1771685432456000,6620172,530.95416,95108.01,15.0,1.149649,126,0,1
1771685432532000,1771685432532000,1771685432508000,6620172,530.9072,95108.58,15.0,1.1496558,126,0,1
1771685432584000,1771685432584000,1771685432560000,6620172,530.926,95108.37,15.0,1.1496533,126,0,1
1771685432636000,1771685432636000,1771685432612000,6620172,530.96826,95107.875,15.0,1.1496474,126,0,1
1771685432688000,1771685432688000,1771685432664000,6620172,530.9448,95108.12,15.0,1.1496503,126,0,1
1771685432740000,1771685432740000,1771685432716000,6620172,530.9448,95108.12,15.0,1.1496503,126,0,1
1771685432792000,1771685432792000,1771685432768000,6620172,530.99646,95107.55,15.0,1.1496434,126,0,1
1771685432844000,1771685432844000,1771685432820000,6620172,530.9307,95108.305,15.0,1.1496526,126,0,1
1771685432896000,1771685432896000,1771685432872000,6620172,530.9401,95108.16,15.0,1.1496508,126,0,1
1771685432948000,1771685432948000,1771685432924000,6620172,530.99176,95107.59,15.0,1.149644,126,0,1
1771685433000000,1771685433000000,1771685432976000,6620172,530.95416,95108.016,15.0,1.149649,126,0,1
1771685433052000,1771685433052000,1771685433028000,6620172,531.0152,95107.33,15.0,1.1496408,126,0,1
1771685433104000,1771685433104000,1771685433080000,6620172,530.95416,95108.0,15.0,1.1496489,126,0,1
1771685433156000,1771685433156000,1771685433132000,6620172,530.9448,95108.125,15.0,1.1496503,126,0,1
1771685433208000,1771685433208000,1771685433184000,6620172,531.00586,95107.445,15.0,1.1496422,126,0,1
1771685433260000,1771685433260000,1771685433236000,6620172,531.00586,95107.42,15.0,1.1496419,126,0,1
1771685433312000,1771685433312000,1771685433288000,6620172,530.94946,95108.11,15.0,1.1496502,126,0,1
1771685433364000,1771685433364000,1771685433340000,6620172,530.9213,95108.41,15.0,1.1496538,126,0,1
1771685433416000,1771685433416000,1771685433392000,6620172,530.95886,95107.984,15.0,1.1496487,126,0,1
1771685433468000,1771685433468000,1771685433444000,6620172,530.97766,95107.75,15.0,1.1496458,126,0,1
1771685433520000,1771685433520000,1771685433496000,6620172,530.8884,95108.75,15.0,1.149658,126,0,1
1771685433572000,1771685433572000,1771685433548000,6620172,530.9448,95108.12,15.0,1.1496503,126,0,1
1771685433624000,1771685433624000,1771685433600000,6620172,530.96826,95107.87,15.0,1.1496472,126,0,1
1771685433676000,1771685433676000,1771685433652000,6620172,530.97296,95107.836,15.0,1.1496469,126,0,1
1771685433728000,1771685433728000,1771685433704000,6620172,531.0105,95107.39,15.0,1.1496415,126,0,1
1771685433780000,1771685433780000,1771685433756000,6620172,530.94946,95108.11,15.0,1.1496502,126,0,1
1771685433832000,1771685433832000,1771685433808000,6620172,530.95416,95108.05,15.0,1.1496495,126,0,1
1771685433884000,1771685433884000,1771685433860000,6620172,530.96826,95107.89,15.0,1.1496476,126,0,1
1771685433936000,1771685433936000,1771685433912000,6620172,530.96356,95107.91,15.0,1.1496477,126,0,1
1771685433988000,1771685433988000,1771685433964000,6620172,530.9401,95108.18,15.0,1.149651,126,0,1
1771685434040000,1771685434040000,1771685434016000,6620172,530.9354,95108.22,15.0,1.1496515,126,0,1
1771685434092000,1771685434092000,1771685434068000,6620172,530.96826,95107.84,15.0,1.149647,126,0,1
1771685434144000,1771685434144000,1771685434120000,6620172,530.99646,95107.54,15.0,1.1496433,126,0,1
1771685434196000,1771685434196000,1771685434172000,6620172,530.95416,95108.04,15.0,1.1496494,126,0,1
1771685434248000,1771685434248000,1771685434224000,6620172,530.95886,95107.984,15.0,1.1496487,126,0,1
1771685434300000,1771685434300000,1771685434276000,6620172,530.96356,95107.93,15.0,1.1496481,126,0,1
1771685434352000,1771685434352000,1771685434328000,6620172,530.9072,95108.54,15.0,1.1496553,126,0,1
1771685434404000,1771685434404000,1771685434380000,6620172,530.9401,95108.195,15.0,1.1496513,126,0,1
1771685434456000,1771685434456000,1771685434432000,6620172,530.98706,95107.63,15.0,1.1496445,126,0,1
1771685434508000,1771685434508000,1771685434484000,6620172,530.9166,95108.414,15.0,1.1496539,126,0,1
1771685434560000,1771685434560000,1771685434536000,6620172,530.8791,95108.87,15.0,1.1496594,126,0,1
1771685434612000,1771685434612000,1771685434588000,6620172,530.9354,95108.22,15.0,1.1496515,126,0,1
1771685434664000,1771685434664000,1771685434640000,6620172,530.99646,95107.55,15.0,1.1496434,126,0,1
1771685434716000,1771685434716000,1771685434692000,6620172,530.97766,95107.76,15.0,1.1496459,126,0,1
1771685434768000,1771685434768000,1771685434744000,6620172,530.97296,95107.82,15.0,1.1496468,126,0,1
1771685434820000,1771685434820000,1771685434796000,6620172,530.9401,95108.17,15.0,1.1496509,126,0,1
1771685434872000,1771685434872000,1771685434848000,6620172,530.9307,95108.266,15.0,1.1496521,126,0,1
1771685434924000,1771685434924000,1771685434900000,6620172,530.99646,95107.53,15.0,1.1496432,126,0,1
1771685434976000,1771685434976000,1771685434952000,6620172,530.9354,95108.22,15.0,1.1496515,126,0,1
1771685435028000,1771685435028000,1771685435004000,6620172,530.95886,95107.945,15.0,1.1496482,126,0,1
1771685435080000,1771685435080000,1771685435056000,6620172,530.95886,95107.945,15.0,1.1496482,126,0,1
1771685435132000,1771685435132000,1771685435108000,6620172,530.97766,95107.766,15.0,1.149646,126,0,1
1771685435184000,1771685435184000,1771685435160000,6620172,530.96356,95107.914,15.0,1.1496478,126,0,1
1771685435236000,1771685435236000,1771685435212000,6620172,530.9354,95108.24,15.0,1.1496518,126,0,1
1771685435288000,1771685435288000,1771685435264000,6620172,530.94946,95108.055,15.0,1.1496495,126,0,1
1771685435340000,1771685435340000,1771685435316000,6620172,530.98236,95107.7,15.0,1.1496453,126,0,1
1771685435392000,1771685435392000,1771685435368000,6620172,530.8884,95108.805,15.0,1.1496586,126,0,1
1771685435444000,1771685435444000,1771685435420000,6620172,530.98236,95107.695,15.0,1.1496452,126,0,1
1771685435496000,1771685435496000,1771685435472000,6620172,530.99176,95107.625,15.0,1.1496444,126,0,1
1771685435548000,1771685435548000,1771685435524000,6620172,530.99176,95107.625,15.0,1.1496444,126,0,1
1771685435600000,1771685435600000,1771685435576000,6620172,530.94946,95108.11,15.0,1.1496502,126,0,1
1771685435652000,1771685435652000,1771685435628000,6620172,530.99176,95107.625,15.0,1.1496444,126,0,1
1771685435704000,1771685435704000,1771685435680000,6620172,530.99646,95107.53,15.0,1.1496432,126,0,1
1771685435756000,1771685435756000,1771685435732000,6620172,530.9166,95108.47,15.0,1.1496545,126,0,1
1771685435808000,1771685435808000,1771685435784000,6620172,530.98236,95107.7,15.0,1.1496453,126,0,1
1771685435860000,1771685435860000,1771685435836000,6620172,530.99176,95107.59,15.0,1.149644,126,0,1
1771685435912000,1771685435912000,1771685435888000,6620172,530.9307,95108.29,15.0,1.1496524,126,0,1
1771685435964000,1771685435964000,1771685435940000,6620172,530.97296,95107.836,15.0,1.1496469,126,0,1
1771685436016000,1771685436016000,1771685435992000,6620172,530.95416,95107.99,15.0,1.1496488,126,0,1
1771685436068000,1771685436068000,1771685436044000,6620172,531.0199,95107.28,15.0,1.1496402,126,0,1
1771685436120000,1771685436120000,1771685436096000,6620172,530.99646,95107.555,15.0,1.1496435,126,0,1
1771685436172000,1771685436172000,1771685436148000,6620172,530.97296,95107.82,15.0,1.1496468,126,0,1
1771685436224000,1771685436224000,1771685436200000,6620172,530.9448,95108.125,15.0,1.1496503,126,0,1
1771685436276000,1771685436276000,1771685436252000,6620172,530.926,95108.36,15.0,1.1496532,126,0,1
1771685436328000,1771685436328000,1771685436304000,6620172,530.96826,95107.87,15.0,1.1496472,126,0,1
1771685436380000,1771685436380000,1771685436356000,6620172,530.95886,95107.945,15.0,1.1496482,126,0,1
1771685436432000,1771685436432000,1771685436408000,6620172,530.99176,95107.61,15.0,1.1496441,126,0,1
1771685436484000,1771685436484000,1771685436460000,6620172,530.98236,95107.71,15.0,1.1496453,126,0,1
1771685436536000,1771685436536000,1771685436512000,6620172,531.00116,95107.5,15.0,1.1496428,126,0,1
1771685436588000,1771685436588000,1771685436564000,6620172,530.99176,95107.57,15.0,1.1496437,126,0,1
1771685436640000,1771685436640000,1771685436616000,6620172,530.97296,95107.79,15.0,1.1496463,126,0,1
1771685436692000,1771685436692000,1771685436668000,6620172,530.94946,95108.055,15.0,1.1496495,126,0,1
1771685436744000,1771685436744000,1771685436720000,6620172,531.00116,95107.47,15.0,1.1496425,126,0,1
1771685436796000,1771685436796000,1771685436772000,6620172,531.0199,95107.24,15.0,1.1496397,126,0,1
1771685436848000,1771685436848000,1771685436824000,6620172,530.99176,95107.625,15.0,1.1496444,126,0,1
1771685436900000,1771685436900000,1771685436876000,6620172,531.00586,95107.445,15.0,1.1496422,126,0,1
1771685436952000,1771685436952000,1771685436928000,6620172,530.98236,95107.67,15.0,1.149645,126,0,1
1771685437004000,1771685437004000,1771685436980000,6620172,530.99176,95107.58,15.0,1.1496438,126,0,1
1771685437056000,1771685437056000,1771685437032000,6620172,530.99646,95107.51,15.0,1.149643,126,0,1
1771685437108000,1771685437108000,1771685437084000,6620172,530.96826,95107.86,15.0,1.1496472,126,0,1
1771685437160000,1771685437160000,1771685437136000,6620172,531.0105,95107.38,15.0,1.1496414,126,0,1
1771685437212000,1771685437212000,1771685437188000,6620172,530.95416,95108.0,15.0,1.1496489,126,0,1
1771685437264000,1771685437264000,1771685437240000,6620172,530.97766,95107.766,15.0,1.149646,126,0,1
1771685437316000,1771685437316000,1771685437292000,6620172,530.98236,95107.695,15.0,1.1496452,126,0,1
1771685437368000,1771685437368000,1771685437344000,6620172,530.98236,95107.695,15.0,1.1496452,126,0,1
1771685437420000,1771685437420000,1771685437396000,6620172,530.95886,95107.96,15.0,1.1496484,126,0,1
1771685437472000,1771685437472000,1771685437448000,6620172,530.99176,95107.625,15.0,1.1496444,126,0,1
1771685437524000,1771685437524000,1771685437500000,6620172,530.98236,95107.695,15.0,1.1496452,126,0,1
1771685437576000,1771685437576000,1771685437552000,6620172,531.00116,95107.46,15.0,1.1496423,126,0,1
1771685437628000,1771685437628000,1771685437604000,6620172,530.99176,95107.62,15.0,1.1496443,126,0,1
1771685437680000,1771685437680000,1771685437656000,6620172,530.99176,95107.62,15.0,1.1496443,126,0,1
1771685437732000,1771685437732000,1771685437708000,6620172,530.96826,95107.89,15.0,1.1496476,126,0,1
1771685437784000,1771685437784000,1771685437760000,6620172,530.96826,95107.87,15.0,1.1496472,126,0,1
1771685437836000,1771685437836000,1771685437812000,6620172,530.99176,95107.62,15.0,1.1496443,126,0,1
1771685437888000,1771685437888000,1771685437864000,6620172,530.95886,95107.945,15.0,1.1496482,126,0,1
1771685437940000,1771685437940000,1771685437916000,6620172,530.9354,95108.26,15.0,1.149652,126,0,1
1771685437992000,1771685437992000,1771685437968000,6620172,530.95416,95108.0,15.0,1.1496489,126,0,1
1771685438044000,1771685438044000,1771685438020000,6620172,531.0152,95107.336,15.0,1.1496408,126,0,1
1771685438096000,1771685438096000,1771685438072000,6620172,531.00116,95107.45,15.0,1.1496422,126,0,1
1771685438148000,1771685438148000,1771685438124000,6620172,530.9166,95108.445,15.0,1.1496543,126,0,1
1771685438200000,1771685438200000,1771685438176000,6620172,530.95416,95108.01,15.0,1.149649,126,0,1
1771685438252000,1771685438252000,1771685438228000,6620172,530.99176,95107.586,15.0,1.1496439,126,0,1
1771685438304000,1771685438304000,1771685438280000,6620172,530.9354,95108.22,15.0,1.1496515,126,0,1
1771685438356000,1771685438356000,1771685438332000,6620172,530.95886,95107.945,15.0,1.1496482,126,0,1
1771685438408000,1771685438408000,1771685438384000,6620172,530.97296,95107.79,15.0,1.1496463,126,0,1
1771685438460000,1771685438460000,1771685438436000,6620172,530.97296,95107.805,15.0,1.1496465,126,0,1
1771685438512000,1771685438512000,1771685438488000,6620172,530.8791,95108.87,15.0,1.1496594,126,0,1
1771685438564000,1771685438564000,1771685438540000,6620172,530.9354,95108.25,15.0,1.1496519,126,0,1
1771685438616000,1771685438616000,1771685438592000,6620172,530.95886,95107.96,15.0,1.1496484,126,0,1
1771685438668000,1771685438668000,1771685438644000,6620172,530.94946,95108.08,15.0,1.1496499,126,0,1
1771685438720000,1771685438720000,1771685438696000,6620172,530.9354,95108.234,15.0,1.1496518,126,0,1
1771685438772000,1771685438772000,1771685438748000,6620172,530.9166,95108.414,15.0,1.1496539,126,0,1
1771685438824000,1771685438824000,1771685438800000,6620172,530.9401,95108.18,15.0,1.149651,126,0,1
1771685438876000,1771685438876000,1771685438852000,6620172,530.94946,95108.086,15.0,1.14965,126,0,1
1771685438928000,1771685438928000,1771685438904000,6620172,530.97766,95107.766,15.0,1.149646,126,0,1
1771685438980000,1771685438980000,1771685438956000,6620172,530.95886,95107.945,15.0,1.1496482,126,0,1
1771685439032000,1771685439032000,1771685439008000,6620172,530.99176,95107.58,15.0,1.1496438,126,0,1
1771685439084000,1771685439084000,1771685439060000,6620172,530.97296,95107.79,15.0,1.1496463,126,0,1
1771685439136000,1771685439136000,1771685439112000,6620172,531.00116,95107.45,15.0,1.1496422,126,0,1
1771685439188000,1771685439188000,1771685439164000,6620172,530.8884,95108.79,15.0,1.1496584,126,0,1
1771685439240000,1771685439240000,1771685439216000,6620172,530.94946,95108.08,15.0,1.1496499,126,0,1
1771685439292000,1771685439292000,1771685439268000,6620172,530.96826,95107.88,15.0,1.1496475,126,0,1
1771685439344000,1771685439344000,1771685439320000,6620172,530.9166,95108.45,15.0,1.1496544,126,0,1
1771685439396000,1771685439396000,1771685439372000,6620172,530.9401,95108.18,15.0,1.149651,126,0,1
1771685439448000,1771685439448000,1771685439424000,6620172,530.95886,95107.95,15.0,1.1496483,126,0,1
1771685439500000,1771685439500000,1771685439476000,6620172,530.9072,95108.586,15.0,1.1496559,126,0,1
1771685439552000,1771685439552000,1771685439528000,6620172,530.98236,95107.72,15.0,1.1496454,126,0,1
1771685439604000,1771685439604000,1771685439580000,6620172,531.00116,95107.46,15.0,1.1496423,126,0,1
1771685439656000,1771685439656000,1771685439632000,6620172,530.9354,95108.25,15.0,1.1496519,126,0,1
1771685439708000,1771685439708000,1771685439684000,6620172,530.98706,95107.64,15.0,1.1496445,126,0,1
1771685439760000,1771685439760000,1771685439736000,6620172,530.96826,95107.84,15.0,1.149647,126,0,1
1771685439812000,1771685439812000,1771685439788000,6620172,530.98706,95107.63,15.0,1.1496445,126,0,1
1771685439864000,1771685439864000,1771685439840000,6620172,530.9213,95108.41,15.0,1.1496538,126,0,1
1771685439916000,1771685439916000,1771685439892000,6620172,530.9166,95108.46,15.0,1.1496545,126,0,1
1771685439968000,1771685439968000,1771685439944000,6620172,531.0105,95107.39,15.0,1.1496415,126,0,1
1771685440020000,1771685440020000,1771685439996000,6620172,531.00116,95107.47,15.0,1.1496425,126,0,1
1771685440072000,1771685440072000,1771685440048000,6620172,531.0199,95107.28,15.0,1.1496402,126,0,1
1771685440124000,1771685440124000,1771685440100000,6620172,530.96356,95107.914,15.0,1.1496478,126,0,1
1771685440176000,1771685440176000,1771685440152000,6620172,531.0152,95107.305,15.0,1.1496404,126,0,1
1771685440228000,1771685440228000,1771685440204000,6620172,530.97296,95107.8,15.0,1.1496464,126,0,1
1771685440280000,1771685440280000,1771685440256000,6620172,531.0105,95107.41,15.0,1.1496418,126,0,1
1771685440332000,1771685440332000,1771685440308000,6620172,530.98706,95107.64,15.0,1.1496445,126,0,1
1771685440384000,1771685440384000,1771685440360000,6620172,530.98236,95107.72,15.0,1.1496454,126,0,1
1771685440436000,1771685440436000,1771685440412000,6620172,530.94946,95108.055,15.0,1.1496495,126,0,1
1771685440488000,1771685440488000,1771685440464000,6620172,530.9401,95108.17,15.0,1.1496509,126,0,1
1771685440540000,1771685440540000,1771685440516000,6620172,530.9166,95108.445,15.0,1.1496543,126,0,1
1771685440592000,1771685440592000,1771685440568000,6620172,530.97766,95107.766,15.0,1.149646,126,0,1
1771685440644000,1771685440644000,1771685440620000,6620172,530.95886,95107.945,15.0,1.1496482,126,0,1
1771685440696000,1771685440696000,1771685440672000,6620172,530.9354,95108.234,15.0,1.1496518,126,0,1
1771685440748000,1771685440748000,1771685440724000,6620172,530.95416,95108.05,15.0,1.1496495,126,0,1
1771685440800000,1771685440800000,1771685440776000,6620172,530.95886,95107.97,15.0,1.1496485,126,0,1
1771685440852000,1771685440852000,1771685440828000,6620172,530.98236,95107.695,15.0,1.1496452,126,0,1
1771685440904000,1771685440904000,1771685440880000,6620172,530.95416,95108.03,15.0,1.1496493,126,0,1
1771685440956000,1771685440956000,1771685440932000,6620172,530.97296,95107.805,15.0,1.1496465,126,0,1
1771685441008000,1771685441008000,1771685440984000,6620172,530.95886,95107.97,15.0,1.1496485,126,0,1
1771685441060000,1771685441060000,1771685441036000,6620172,530.97296,95107.836,15.0,1.1496469,126,0,1
1771685441112000,1771685441112000,1771685441088000,6620172,530.95416,95108.04,15.0,1.1496494,126,0,1
1771685441164000,1771685441164000,1771685441140000,6620172,530.95416,95108.04,15.0,1.1496494,126,0,1
1771685441216000,1771685441216000,1771685441192000,6620172,530.9166,95108.43,15.0,1.149654,126,0,1
1771685441268000,1771685441268000,1771685441244000,6620172,530.96356,95107.92,15.0,1.149648,126,0,1
1771685441320000,1771685441320000,1771685441296000,6620172,530.9354,95108.25,15.0,1.1496519,126,0,1
1771685441372000,1771685441372000,1771685441348000,6620172,530.9025,95108.61,15.0,1.1496563,126,0,1
1771685441424000,1771685441424000,1771685441400000,6620172,530.95886,95107.945,15.0,1.1496482,126,0,1
1771685441476000,1771685441476000,1771685441452000,6620172,530.9025,95108.61,15.0,1.1496563,126,0,1
1771685441528000,1771685441528000,1771685441504000,6620172,530.95416,95108.01,15.0,1.149649,126,0,1
1771685441580000,1771685441580000,1771685441556000,6620172,530.9354,95108.21,15.0,1.1496514,126,0,1
1771685441632000,1771685441632000,1771685441608000,6620172,530.9401,95108.195,15.0,1.1496513,126,0,1
1771685441684000,1771685441684000,1771685441660000,6620172,530.8556,95109.125,15.0,1.1496625,126,0,1
1771685441736000,1771685441736000,1771685441712000,6620172,530.9448,95108.12,15.0,1.1496503,126,0,1
1771685441788000,1771685441788000,1771685441764000,6620172,530.8884,95108.8,15.0,1.1496586,126,0,1
1771685441840000,1771685441840000,1771685441816000,6620172,530.94946,95108.11,15.0,1.1496502,126,0,1
1771685441892000,1771685441892000,1771685441868000,6620172,530.9354,95108.26,15.0,1.149652,126,0,1
1771685441944000,1771685441944000,1771685441920000,6620172,530.9401,95108.164,15.0,1.1496508,126,0,1
1771685441996000,1771685441996000,1771685441972000,6620172,530.95416,95108.0,15.0,1.1496489,126,0,1
1771685442048000,1771685442048000,1771685442024000,6620172,530.9119,95108.516,15.0,1.1496551,126,0,1
1771685442100000,1771685442100000,1771685442076000,6620172,530.9307,95108.28,15.0,1.1496522,126,0,1
1771685442152000,1771685442152000,1771685442128000,6620172,530.8884,95108.766,15.0,1.1496581,126,0,1
1771685442204000,1771685442204000,1771685442180000,6620172,530.9072,95108.59,15.0,1.149656,126,0,1
1771685442256000,1771685442256000,1771685442232000,6620172,530.95886,95107.984,15.0,1.1496487,126,0,1
1771685442308000,1771685442308000,1771685442284000,6620172,530.9072,95108.54,15.0,1.1496553,126,0,1
1771685442360000,1771685442360000,1771685442336000,6620172,530.926,95108.375,15.0,1.1496534,126,0,1
1771685442412000,1771685442412000,1771685442388000,6620172,530.9354,95108.25,15.0,1.1496519,126,0,1
1771685442464000,1771685442464000,1771685442440000,6620172,530.94946,95108.055,15.0,1.1496495,126,0,1
1771685442516000,1771685442516000,1771685442492000,6620172,530.94946,95108.086,15.0,1.14965,126,0,1
1771685442568000,1771685442568000,1771685442544000,6620172,530.9213,95108.41,15.0,1.1496538,126,0,1
1771685442620000,1771685442620000,1771685442596000,6620172,530.9354,95108.21,15.0,1.1496514,126,0,1
1771685442672000,1771685442672000,1771685442648000,6620172,530.8884,95108.79,15.0,1.1496584,126,0,1
1771685442724000,1771685442724000,1771685442700000,6620172,530.926,95108.336,15.0,1.149653,126,0,1
1771685442776000,1771685442776000,1771685442752000,6620172,530.99176,95107.62,15.0,1.1496443,126,0,1
1771685442828000,1771685442828000,1771685442804000,6620172,530.95886,95107.96,15.0,1.1496484,126,0,1
1771685442880000,1771685442880000,1771685442856000,6620172,530.98236,95107.72,15.0,1.1496454,126,0,1
1771685442932000,1771685442932000,1771685442908000,6620172,530.96826,95107.89,15.0,1.1496476,126,0,1
1771685442984000,1771685442984000,1771685442960000,6620172,530.96826,95107.86,15.0,1.1496472,126,0,1
1771685443036000,1771685443036000,1771685443012000,6620172,530.98706,95107.64,15.0,1.1496445,126,0,1
1771685443088000,1771685443088000,1771685443064000,6620172,530.98236,95107.71,15.0,1.1496453,126,0,1
1771685443140000,1771685443140000,1771685443116000,6620172,530.99646,95107.555,15.0,1.1496435,126,0,1
1771685443192000,1771685443192000,1771685443168000,6620172,530.98236,95107.68,15.0,1.149645,126,0,1
1771685443244000,1771685443244000,1771685443220000,6620172,530.98236,95107.7,15.0,1.1496453,126,0,1
1771685443296000,1771685443296000,1771685443272000,6620172,530.97766,95107.766,15.0,1.149646,126,0,1
1771685443348000,1771685443348000,1771685443324000,6620172,530.99176,95107.61,15.0,1.1496441,126,0,1
1771685443400000,1771685443400000,1771685443376000,6620172,531.00116,95107.5,15.0,1.1496428,126,0,1
1771685443452000,1771685443452000,1771685443428000,6620172,531.0387,95107.04,15.0,1.1496372,126,0,1
1771685443504000,1771685443504000,1771685443480000,6620172,531.0434,95106.99,15.0,1.1496367,126,0,1
1771685443556000,1771685443556000,1771685443532000,6620172,531.0199,95107.25,15.0,1.1496398,126,0,1
1771685443608000,1771685443608000,1771685443584000,6620172,530.95416,95108.03,15.0,1.1496493,126,0,1
1771685443660000,1771685443660000,1771685443636000,6620172,530.96826,95107.87,15.0,1.1496472,126,0,1
1771685443712000,1771685443712000,1771685443688000,6620172,531.0105,95107.37,15.0,1.1496413,126,0,1
1771685443764000,1771685443764000,1771685443740000,6620172,531.00586,95107.42,15.0,1.1496419,126,0,1
1771685443816000,1771685443816000,1771685443792000,6620172,530.95886,95107.96,15.0,1.1496484,126,0,1
1771685443868000,1771685443868000,1771685443844000,6620172,531.034,95107.086,15.0,1.1496378,126,0,1
1771685443920000,1771685443920000,1771685443896000,6620172,530.99646,95107.55,15.0,1.1496434,126,0,1
1771685443972000,1771685443972000,1771685443948000,6620172,530.9354,95108.234,15.0,1.1496518,126,0,1
1771685444024000,1771685444024000,1771685444000000,6620172,530.9401,95108.18,15.0,1.149651,126,0,1
1771685444076000,1771685444076000,1771685444052000,6620172,530.95886,95107.984,15.0,1.1496487,126,0,1
1771685444128000,1771685444128000,1771685444104000,6620172,530.95416,95108.04,15.0,1.1496494,126,0,1
1771685444180000,1771685444180000,1771685444156000,6620172,530.96356,95107.92,15.0,1.149648,126,0,1
1771685444232000,1771685444232000,1771685444208000,6620172,531.0105,95107.414,15.0,1.1496418,126,0,1
1771685444284000,1771685444284000,1771685444260000,6620172,530.94946,95108.055,15.0,1.1496495,126,0,1
1771685444336000,1771685444336000,1771685444312000,6620172,531.0105,95107.375,15.0,1.1496413,126,0,1
1771685444388000,1771685444388000,1771685444364000,6620172,531.0199,95107.29,15.0,1.1496403,126,0,1
1771685444440000,1771685444440000,1771685444416000,6620172,530.99176,95107.57,15.0,1.1496437,126,0,1
1771685444492000,1771685444492000,1771685444468000,6620172,530.98706,95107.66,15.0,1.1496447,126,0,1
1771685444544000,1771685444544000,1771685444520000,6620172,530.99176,95107.625,15.0,1.1496444,126,0,1
1771685444596000,1771685444596000,1771685444572000,6620172,530.96826,95107.875,15.0,1.1496474,126,0,1
1771685444648000,1771685444648000,1771685444624000,6620172,531.00116,95107.484,15.0,1.1496427,126,0,1
1771685444700000,1771685444700000,1771685444676000,6620172,531.0199,95107.26,15.0,1.14964,126,0,1
1771685444752000,1771685444752000,1771685444728000,6620172,531.0387,95107.04,15.0,1.1496372,126,0,1
1771685444804000,1771685444804000,1771685444780000,6620172,530.97296,95107.79,15.0,1.1496463,126,0,1
1771685444856000,1771685444856000,1771685444832000,6620172,530.97766,95107.76,15.0,1.1496459,126,0,1
1771685444908000,1771685444908000,1771685444884000,6620172,531.0434,95107.0,15.0,1.1496367,126,0,1
1771685444960000,1771685444960000,1771685444936000,6620172,530.95416,95108.05,15.0,1.1496495,126,0,1
1771685445012000,1771685445012000,1771685444988000,6620172,530.95416,95108.04,15.0,1.1496494,126,0,1
1771685445064000,1771685445064000,1771685445040000,6620172,530.99176,95107.59,15.0,1.149644,126,0,1
1771685445116000,1771685445116000,1771685445092000,6620172,530.99646,95107.555,15.0,1.1496435,126,0,1
1771685445168000,1771685445168000,1771685445144000,6620172,530.9119,95108.49,15.0,1.1496549,126,0,1
1771685445220000,1771685445220000,1771685445196000,6620172,530.926,95108.34,15.0,1.1496531,126,0,1
1771685445272000,1771685445272000,1771685445248000,6620172,530.99176,95107.586,15.0,1.1496439,126,0,1
1771685445324000,1771685445324000,1771685445300000,6620172,531.0105,95107.41,15.0,1.1496418,126,0,1
1771685445376000,1771685445376000,1771685445352000,6620172,530.9354,95108.234,15.0,1.1496518,126,0,1
1771685445428000,1771685445428000,1771685445404000,6620172,530.9354,95108.26,15.0,1.149652,126,0,1
1771685445480000,1771685445480000,1771685445456000,6620172,530.94946,95108.055,15.0,1.1496495,126,0,1
1771685445532000,1771685445532000,1771685445508000,6620172,530.99646,95107.51,15.0,1.149643,126,0,1
1771685445584000,1771685445584000,1771685445560000,6620172,530.94946,95108.08,15.0,1.1496499,126,0,1
1771685445636000,1771685445636000,1771685445612000,6620172,531.0387,95107.08,15.0,1.1496377,126,0,1
1771685445688000,1771685445688000,1771685445664000,6620172,531.0246,95107.234,15.0,1.1496396,126,0,1
1771685445740000,1771685445740000,1771685445716000,6620172,530.98706,95107.63,15.0,1.1496445,126,0,1
1771685445792000,1771685445792000,1771685445768000,6620172,531.00116,95107.49,15.0,1.1496427,126,0,1
1771685445844000,1771685445844000,1771685445820000,6620172,531.00116,95107.49,15.0,1.1496427,126,0,1
1771685445896000,1771685445896000,1771685445872000,6620172,531.0152,95107.305,15.0,1.1496404,126,0,1
1771685445948000,1771685445948000,1771685445924000,6620172,531.0293,95107.2,15.0,1.1496392,126,0,1
1771685446000000,1771685446000000,1771685445976000,6620172,530.98236,95107.72,15.0,1.1496454,126,0,1
1771685446052000,1771685446052000,1771685446028000,6620172,531.0199,95107.26,15.0,1.14964,126,0,1
1771685446104000,1771685446104000,1771685446080000,6620172,530.94946,95108.07,15.0,1.1496497,126,0,1
1771685446156000,1771685446156000,1771685446132000,6620172,530.95886,95107.96,15.0,1.1496484,126,0,1
1771685446208000,1771685446208000,1771685446184000,6620172,530.95886,95107.945,15.0,1.1496482,126,0,1
1771685446260000,1771685446260000,1771685446236000,6620172,530.97296,95107.836,15.0,1.1496469,126,0,1
1771685446312000,1771685446312000,1771685446288000,6620172,531.0387,95107.04,15.0,1.1496372,126,0,1
1771685446364000,1771685446364000,1771685446340000,6620172,530.96826,95107.88,15.0,1.1496475,126,0,1
1771685446416000,1771685446416000,1771685446392000,6620172,530.97296,95107.805,15.0,1.1496465,126,0,1
1771685446468000,1771685446468000,1771685446444000,6620172,530.95416,95108.05,15.0,1.1496495,126,0,1
1771685446520000,1771685446520000,1771685446496000,6620172,530.926,95108.336,15.0,1.149653,126,0,1
1771685446572000,1771685446572000,1771685446548000,6620172,530.97296,95107.83,15.0,1.1496468,126,0,1
1771685446624000,1771685446624000,1771685446600000,6620172,530.96826,95107.875,15.0,1.1496474,126,0,1
1771685446676000,1771685446676000,1771685446652000,6620172,530.95886,95107.96,15.0,1.1496484,126,0,1
1771685446728000,1771685446728000,1771685446704000,6620172,530.9307,95108.3,15.0,1.1496525,126,0,1
1771685446780000,1771685446780000,1771685446756000,6620172,530.926,95108.38,15.0,1.1496536,126,0,1
1771685446832000,1771685446832000,1771685446808000,6620172,530.9354,95108.2,15.0,1.1496513,126,0,1
1771685446884000,1771685446884000,1771685446860000,6620172,530.8744,95108.91,15.0,1.1496599,126,0,1
1771685446936000,1771685446936000,1771685446912000,6620172,531.034,95107.125,15.0,1.1496383,126,0,1
1771685446988000,1771685446988000,1771685446964000,6620172,530.9354,95108.24,15.0,1.1496518,126,0,1
1771685447040000,1771685447040000,1771685447016000,6620172,531.00116,95107.5,15.0,1.1496428,126,0,1
1771685447092000,1771685447092000,1771685447068000,6620172,531.0105,95107.375,15.0,1.1496413,126,0,1
1771685447144000,1771685447144000,1771685447120000,6620172,530.96356,95107.93,15.0,1.1496481,126,0,1
1771685447196000,1771685447196000,1771685447172000,6620172,530.97296,95107.79,15.0,1.1496463,126,0,1
1771685447248000,1771685447248000,1771685447224000,6620172,530.98236,95107.72,15.0,1.1496454,126,0,1
1771685447300000,1771685447300000,1771685447276000,6620172,530.9354,95108.25,15.0,1.1496519,126,0,1
1771685447352000,1771685447352000,1771685447328000,6620172,530.926,95108.336,15.0,1.149653,126,0,1
1771685447404000,1771685447404000,1771685447380000,6620172,530.9448,95108.14,15.0,1.1496506,126,0,1
1771685447456000,1771685447456000,1771685447432000,6620172,530.95416,95108.03,15.0,1.1496493,126,0,1
1771685447508000,1771685447508000,1771685447484000,6620172,530.95886,95107.96,15.0,1.1496484,126,0,1
1771685447560000,1771685447560000,1771685447536000,6620172,530.9166,95108.445,15.0,1.1496543,126,0,1
1771685447612000,1771685447612000,1771685447588000,6620172,530.97296,95107.8,15.0,1.1496464,126,0,1
1771685447664000,1771685447664000,1771685447640000,6620172,530.96356,95107.93,15.0,1.1496481,126,0,1
1771685447716000,1771685447716000,1771685447692000,6620172,530.94946,95108.11,15.0,1.1496502,126,0,1
1771685447768000,1771685447768000,1771685447744000,6620172,530.97296,95107.79,15.0,1.1496463,126,0,1
1771685447820000,1771685447820000,1771685447796000,6620172,530.9354,95108.25,15.0,1.1496519,126,0,1
1771685447872000,1771685447872000,1771685447848000,6620172,530.9119,95108.484,15.0,1.1496547,126,0,1
1771685447924000,1771685447924000,1771685447900000,6620172,530.95886,95107.97,15.0,1.1496485,126,0,1
1771685447976000,1771685447976000,1771685447952000,6620172,530.98236,95107.67,15.0,1.149645,126,0,1
1771685448028000,1771685448028000,1771685448004000,6620172,530.9354,95108.24,15.0,1.1496518,126,0,1
1771685448080000,1771685448080000,1771685448056000,6620172,530.99646,95107.51,15.0,1.149643,126,0,1
1771685448132000,1771685448132000,1771685448108000,6620172,530.95416,95108.016,15.0,1.149649,126,0,1
1771685448184000,1771685448184000,1771685448160000,6620172,530.9354,95108.24,15.0,1.1496518,126,0,1
1771685448236000,1771685448236000,1771685448212000,6620172,530.98706,95107.64,15.0,1.1496445,126,0,1
1771685448288000,1771685448288000,1771685448264000,6620172,530.9401,95108.17,15.0,1.1496509,126,0,1
1771685448340000,1771685448340000,1771685448316000,6620172,530.98236,95107.71,15.0,1.1496453,126,0,1
1771685448392000,1771685448392000,1771685448368000,6620172,530.9401,95108.195,15.0,1.1496513,126,0,1
1771685448444000,1771685448444000,1771685448420000,6620172,530.9307,95108.29,15.0,1.1496524,126,0,1
1771685448496000,1771685448496000,1771685448472000,6620172,530.9166,95108.42,15.0,1.149654,126,0,1
1771685448548000,1771685448548000,1771685448524000,6620172,530.9307,95108.266,15.0,1.1496521,126,0,1
1771685448600000,1771685448600000,1771685448576000,6620172,530.9213,95108.39,15.0,1.1496536,126,0,1
1771685448652000,1771685448652000,1771685448628000,6620172,530.9448,95108.12,15.0,1.1496503,126,0,1
1771685448704000,1771685448704000,1771685448680000,6620172,530.9401,95108.164,15.0,1.1496508,126,0,1
1771685448756000,1771685448756000,1771685448732000,6620172,530.95886,95107.95,15.0,1.1496483,126,0,1
1771685448808000,1771685448808000,1771685448784000,6620172,530.95416,95107.99,15.0,1.1496488,126,0,1
1771685448860000,1771685448860000,1771685448836000,6620172,530.95416,95107.99,15.0,1.1496488,126,0,1
1771685448912000,1771685448912000,1771685448888000,6620172,530.9354,95108.24,15.0,1.1496518,126,0,1
1771685448964000,1771685448964000,1771685448940000,6620172,530.95416,95108.05,15.0,1.1496495,126,0,1
1771685449016000,1771685449016000,1771685448992000,6620172,530.9401,95108.164,15.0,1.1496508,126,0,1
1771685449068000,1771685449068000,1771685449044000,6620172,530.95416,95108.016,15.0,1.149649,126,0,1
1771685449120000,1771685449120000,1771685449096000,6620172,530.96826,95107.89,15.0,1.1496476,126,0,1
1771685449172000,1771685449172000,1771685449148000,6620172,530.94946,95108.09,15.0,1.14965,126,0,1
1771685449224000,1771685449224000,1771685449200000,6620172,530.98236,95107.71,15.0,1.1496453,126,0,1
1771685449276000,1771685449276000,1771685449252000,6620172,530.99646,95107.55,15.0,1.1496434,126,0,1
1771685449328000,1771685449328000,1771685449304000,6620172,530.9307,95108.28,15.0,1.1496522,126,0,1
1771685449380000,1771685449380000,1771685449356000,6620172,530.98236,95107.695,15.0,1.1496452,126,0,1
1771685449432000,1771685449432000,1771685449408000,6620172,530.99646,95107.516,15.0,1.1496431,126,0,1
1771685449484000,1771685449484000,1771685449460000,6620172,530.9354,95108.25,15.0,1.1496519,126,0,1
1771685449536000,1771685449536000,1771685449512000,6620172,530.96826,95107.86,15.0,1.1496472,126,0,1
1771685449588000,1771685449588000,1771685449564000,6620172,531.00116,95107.5,15.0,1.1496428,126,0,1
1771685449640000,1771685449640000,1771685449616000,6620172,530.9448,95108.125,15.0,1.1496503,126,0,1
1771685449692000,1771685449692000,1771685449668000,6620172,530.95416,95108.04,15.0,1.1496494,126,0,1
1771685449744000,1771685449744000,1771685449720000,6620172,530.9448,95108.14,15.0,1.1496506,126,0,1
1771685449796000,1771685449796000,1771685449772000,6620172,530.97296,95107.83,15.0,1.1496468,126,0,1
1771685449848000,1771685449848000,1771685449824000,6620172,530.9448,95108.12,15.0,1.1496503,126,0,1
1771685449900000,1771685449900000,1771685449876000,6620172,531.00116,95107.45,15.0,1.1496422,126,0,1
1771685449952000,1771685449952000,1771685449928000,6620172,530.96826,95107.84,15.0,1.149647,126,0,1
1771685450004000,1771685450004000,1771685449980000,6620172,530.9448,95108.125,15.0,1.1496503,126,0,1
1771685450056000,1771685450056000,1771685450032000,6620172,530.9448,95108.13,15.0,1.1496505,126,0,1
1771685450108000,1771685450108000,1771685450084000,6620172,530.9354,95108.234,15.0,1.1496518,126,0,1
1771685450160000,1771685450160000,1771685450136000,6620172,530.9307,95108.305,15.0,1.1496526,126,0,1
1771685450212000,1771685450212000,1771685450188000,6620172,530.8978,95108.66,15.0,1.1496568,126,0,1
1771685450264000,1771685450264000,1771685450240000,6620172,530.94946,95108.09,15.0,1.14965,126,0,1
1771685450316000,1771685450316000,1771685450292000,6620172,530.99176,95107.59,15.0,1.149644,126,0,1
1771685450368000,1771685450368000,1771685450344000,6620172,530.98236,95107.7,15.0,1.1496453,126,0,1
1771685450420000,1771685450420000,1771685450396000,6620172,530.95886,95107.945,15.0,1.1496482,126,0,1
1771685450472000,1771685450472000,1771685450448000,6620172,530.95416,95108.016,15.0,1.149649,126,0,1
1771685450524000,1771685450524000,1771685450500000,6620172,530.98236,95107.67,15.0,1.149645,126,0,1
1771685450576000,1771685450576000,1771685450552000,6620172,530.95886,95107.945,15.0,1.1496482,126,0,1
1771685450628000,1771685450628000,1771685450604000,6620172,530.96356,95107.914,15.0,1.1496478,126,0,1
1771685450680000,1771685450680000,1771685450656000,6620172,530.95886,95107.984,15.0,1.1496487,126,0,1
1771685450732000,1771685450732000,1771685450708000,6620172,530.99176,95107.61,15.0,1.1496441,126,0,1
1771685450784000,1771685450784000,1771685450760000,6620172,531.00116,95107.5,15.0,1.1496428,126,0,1
1771685450836000,1771685450836000,1771685450812000,6620172,530.95416,95107.99,15.0,1.1496488,126,0,1
1771685450888000,1771685450888000,1771685450864000,6620172,530.95416,95108.01,15.0,1.149649,126,0,1
1771685450940000,1771685450940000,1771685450916000,6620172,530.9401,95108.16,15.0,1.1496508,126,0,1
1771685450992000,1771685450992000,1771685450968000,6620172,530.9354,95108.24,15.0,1.1496518,126,0,1
1771685451044000,1771685451044000,1771685451020000,6620172,530.9025,95108.62,15.0,1.1496563,126,0,1
1771685451096000,1771685451096000,1771685451072000,6620172,530.99176,95107.625,15.0,1.1496444,126,0,1
1771685451148000,1771685451148000,1771685451124000,6620172,531.00116,95107.45,15.0,1.1496422,126,0,1
1771685451200000,1771685451200000,1771685451176000,6620172,530.97766,95107.74,15.0,1.1496458,126,0,1
1771685451252000,1771685451252000,1771685451228000,6620172,531.00586,95107.43,15.0,1.149642,126,0,1
1771685451304000,1771685451304000,1771685451280000,6620172,530.9448,95108.13,15.0,1.1496505,126,0,1
1771685451356000,1771685451356000,1771685451332000,6620172,531.0105,95107.36,15.0,1.1496412,126,0,1
1771685451408000,1771685451408000,1771685451384000,6620172,531.0246,95107.234,15.0,1.1496396,126,0,1
1771685451460000,1771685451460000,1771685451436000,6620172,530.96826,95107.86,15.0,1.1496472,126,0,1
1771685451512000,1771685451512000,1771685451488000,6620172,530.96826,95107.88,15.0,1.1496475,126,0,1
1771685451564000,1771685451564000,1771685451540000,6620172,530.97296,95107.83,15.0,1.1496468,126,0,1
1771685451616000,1771685451616000,1771685451592000,6620172,530.98706,95107.63,15.0,1.1496445,126,0,1
1771685451668000,1771685451668000,1771685451644000,6620172,530.9354,95108.25,15.0,1.1496519,126,0,1
1771685451720000,1771685451720000,1771685451696000,6620172,531.0152,95107.3,15.0,1.1496404,126,0,1
1771685451772000,1771685451772000,1771685451748000,6620172,530.96826,95107.84,15.0,1.149647,126,0,1
1771685451824000,1771685451824000,1771685451800000,6620172,530.97296,95107.8,15.0,1.1496464,126,0,1
1771685451876000,1771685451876000,1771685451852000,6620172,530.95886,95107.984,15.0,1.1496487,126,0,1
1771685451928000,1771685451928000,1771685451904000,6620172,530.9354,95108.26,15.0,1.149652,126,0,1
1771685451980000,1771685451980000,1771685451956000,6620172,530.9401,95108.16,15.0,1.1496508,126,0,1
1771685452032000,1771685452032000,1771685452008000,6620172,530.97296,95107.82,15.0,1.1496468,126,0,1
1771685452084000,1771685452084000,1771685452060000,6620172,531.0152,95107.3,15.0,1.1496404,126,0,1
1771685452136000,1771685452136000,1771685452112000,6620172,530.9166,95108.445,15.0,1.1496543,126,0,1
1771685452188000,1771685452188000,1771685452164000,6620172,530.98236,95107.71,15.0,1.1496453,126,0,1
1771685452240000,1771685452240000,1771685452216000,6620172,530.95416,95107.99,15.0,1.1496488,126,0,1
1771685452292000,1771685452292000,1771685452268000,6620172,530.94946,95108.09,15.0,1.14965,126,0,1
1771685452344000,1771685452344000,1771685452320000,6620172,531.0152,95107.33,15.0,1.1496408,126,0,1
1771685452396000,1771685452396000,1771685452372000,6620172,531.0105,95107.37,15.0,1.1496413,126,0,1
1771685452448000,1771685452448000,1771685452424000,6620172,530.9448,95108.14,15.0,1.1496506,126,0,1
1771685452500000,1771685452500000,1771685452476000,6620172,530.95886,95107.984,15.0,1.1496487,126,0,1
1771685452552000,1771685452552000,1771685452528000,6620172,530.96356,95107.91,15.0,1.1496477,126,0,1
1771685452604000,1771685452604000,1771685452580000,6620172,530.97296,95107.78,15.0,1.1496463,126,0,1
1771685452656000,1771685452656000,1771685452632000,6620172,530.95416,95108.05,15.0,1.1496495,126,0,1
1771685452708000,1771685452708000,1771685452684000,6620172,530.97296,95107.836,15.0,1.1496469,126,0,1
1771685452760000,1771685452760000,1771685452736000,6620172,530.926,95108.375,15.0,1.1496534,126,0,1
1771685452812000,1771685452812000,1771685452788000,6620172,530.98236,95107.7,15.0,1.1496453,126,0,1
1771685452864000,1771685452864000,1771685452840000,6620172,530.9307,95108.266,15.0,1.1496521,126,0,1
1771685452916000,1771685452916000,1771685452892000,6620172,530.9354,95108.234,15.0,1.1496518,126,0,1
1771685452968000,1771685452968000,1771685452944000,6620172,530.96826,95107.89,15.0,1.1496476,126,0,1
1771685453020000,1771685453020000,1771685452996000,6620172,531.0199,95107.26,15.0,1.14964,126,0,1
1771685453072000,1771685453072000,1771685453048000,6620172,530.9448,95108.12,15.0,1.1496503,126,0,1
1771685453124000,1771685453124000,1771685453100000,6620172,530.97766,95107.766,15.0,1.149646,126,0,1
1771685453176000,1771685453176000,1771685453152000,6620172,530.9354,95108.25,15.0,1.1496519,126,0,1
1771685453228000,1771685453228000,1771685453204000,6620172,530.99646,95107.555,15.0,1.1496435,126,0,1
1771685453280000,1771685453280000,1771685453256000,6620172,530.96826,95107.89,15.0,1.1496476,126,0,1
1771685453332000,1771685453332000,1771685453308000,6620172,530.96826,95107.875,15.0,1.1496474,126,0,1
1771685453384000,1771685453384000,1771685453360000,6620172,531.0152,95107.305,15.0,1.1496404,126,0,1
1771685453436000,1771685453436000,1771685453412000,6620172,531.0152,95107.32,15.0,1.1496407,126,0,1
1771685453488000,1771685453488000,1771685453464000,6620172,530.97296,95107.82,15.0,1.1496468,126,0,1
1771685453540000,1771685453540000,1771685453516000,6620172,530.95416,95107.99,15.0,1.1496488,126,0,1
1771685453592000,1771685453592000,1771685453568000,6620172,530.95886,95107.97,15.0,1.1496485,126,0,1
1771685453644000,1771685453644000,1771685453620000,6620172,530.94946,95108.086,15.0,1.14965,126,0,1
1771685453696000,1771685453696000,1771685453672000,6620172,530.95886,95107.95,15.0,1.1496483,126,0,1
1771685453748000,1771685453748000,1771685453724000,6620172,530.99176,95107.62,15.0,1.1496443,126,0,1
1771685453800000,1771685453800000,1771685453776000,6620172,531.0152,95107.336,15.0,1.1496408,126,0,1
1771685453852000,1771685453852000,1771685453828000,6620172,530.9354,95108.2,15.0,1.1496513,126,0,1
1771685453904000,1771685453904000,1771685453880000,6620172,531.0199,95107.28,15.0,1.1496402,126,0,1
1771685453956000,1771685453956000,1771685453932000,6620172,530.96826,95107.88,15.0,1.1496475,126,0,1
1771685454008000,1771685454008000,1771685453984000,6620172,530.99176,95107.58,15.0,1.1496438,126,0,1
1771685454060000,1771685454060000,1771685454036000,6620172,530.98236,95107.68,15.0,1.149645,126,0,1
1771685454112000,1771685454112000,1771685454088000,6620172,530.96356,95107.93,15.0,1.1496481,126,0,1
1771685454164000,1771685454164000,1771685454140000,6620172,531.0293,95107.164,15.0,1.1496388,126,0,1
1771685454216000,1771685454216000,1771685454192000,6620172,531.034,95107.125,15.0,1.1496383,126,0,1
1771685454268000,1771685454268000,1771685454244000,6620172,530.95416,95108.016,15.0,1.149649,126,0,1
1771685454320000,1771685454320000,1771685454296000,6620172,531.00116,95107.49,15.0,1.1496427,126,0,1
1771685454372000,1771685454372000,1771685454348000,6620172,530.99646,95107.54,15.0,1.1496433,126,0,1
1771685454424000,1771685454424000,1771685454400000,6620172,530.98236,95107.664,15.0,1.1496449,126,0,1
1771685454476000,1771685454476000,1771685454452000,6620172,530.97766,95107.734,15.0,1.1496457,126,0,1
1771685454528000,1771685454528000,1771685454504000,6620172,530.98236,95107.72,15.0,1.1496454,126,0,1
1771685454580000,1771685454580000,1771685454556000,6620172,530.9354,95108.21,15.0,1.1496514,126,0,1
1771685454632000,1771685454632000,1771685454608000,6620172,530.97296,95107.83,15.0,1.1496468,126,0,1
1771685454684000,1771685454684000,1771685454660000,6620172,530.95886,95107.95,15.0,1.1496483,126,0,1
1771685454736000,1771685454736000,1771685454712000,6620172,530.96356,95107.92,15.0,1.149648,126,0,1
1771685454788000,1771685454788000,1771685454764000,6620172,530.99646,95107.53,15.0,1.1496432,126,0,1
1771685454840000,1771685454840000,1771685454816000,6620172,530.96356,95107.914,15.0,1.1496478,126,0,1
1771685454892000,1771685454892000,1771685454868000,6620172,531.00116,95107.47,15.0,1.1496425,126,0,1
1771685454944000,1771685454944000,1771685454920000,6620172,531.00586,95107.43,15.0,1.149642,126,0,1
1771685454996000,1771685454996000,1771685454972000,6620172,530.96826,95107.89,15.0,1.1496476,126,0,1
1771685455048000,1771685455048000,1771685455024000,6620172,530.926,95108.34,15.0,1.1496531,126,0,1
1771685455100000,1771685455100000,1771685455076000,6620172,530.96826,95107.84,15.0,1.149647,126,0,1
1771685455152000,1771685455152000,1771685455128000,6620172,530.98236,95107.72,15.0,1.1496454,126,0,1
1771685455204000,1771685455204000,1771685455180000,6620172,531.0105,95107.375,15.0,1.1496413,126,0,1
1771685455256000,1771685455256000,1771685455232000,6620172,530.9307,95108.32,15.0,1.1496527,126,0,1
1771685455308000,1771685455308000,1771685455284000,6620172,530.97766,95107.74,15.0,1.1496458,126,0,1
1771685455360000,1771685455360000,1771685455336000,6620172,530.95416,95108.03,15.0,1.1496493,126,0,1
1771685455412000,1771685455412000,1771685455388000,6620172,530.97296,95107.805,15.0,1.1496465,126,0,1
1771685455464000,1771685455464000,1771685455440000,6620172,530.98706,95107.66,15.0,1.1496447,126,0,1
1771685455516000,1771685455516000,1771685455492000,6620172,530.96826,95107.89,15.0,1.1496476,126,0,1
1771685455568000,1771685455568000,1771685455544000,6620172,530.98236,95107.695,15.0,1.1496452,126,0,1
1771685455620000,1771685455620000,1771685455596000,6620172,530.99176,95107.62,15.0,1.1496443,126,0,1
1771685455672000,1771685455672000,1771685455648000,6620172,530.95886,95107.984,15.0,1.1496487,126,0,1
1771685455724000,1771685455724000,1771685455700000,6620172,530.9448,95108.14,15.0,1.1496506,126,0,1
1771685455776000,1771685455776000,1771685455752000,6620172,530.98236,95107.67,15.0,1.149645,126,0,1
1771685455828000,1771685455828000,1771685455804000,6620172,531.00586,95107.42,15.0,1.1496419,126,0,1
1771685455880000,1771685455880000,1771685455856000,6620172,530.98236,95107.67,15.0,1.149645,126,0,1
1771685455932000,1771685455932000,1771685455908000,6620172,530.99176,95107.58,15.0,1.1496438,126,0,1
1771685455984000,1771685455984000,1771685455960000,6620172,530.96826,95107.89,15.0,1.1496476,126,0,1
1771685456036000,1771685456036000,1771685456012000,6620172,530.94946,95108.055,15.0,1.1496495,126,0,1
1771685456088000,1771685456088000,1771685456064000,6620172,530.97766,95107.766,15.0,1.149646,126,0,1
1771685456140000,1771685456140000,1771685456116000,6620172,530.97766,95107.734,15.0,1.1496457,126,0,1
1771685456192000,1771685456192000,1771685456168000,6620172,530.926,95108.336,15.0,1.149653,126,0,1
1771685456244000,1771685456244000,1771685456220000,6620172,531.00116,95107.46,15.0,1.1496423,126,0,1
1771685456296000,1771685456296000,1771685456272000,6620172,530.98236,95107.72,15.0,1.1496454,126,0,1
1771685456348000,1771685456348000,1771685456324000,6620172,530.9401,95108.17,15.0,1.1496509,126,0,1
1771685456400000,1771685456400000,1771685456376000,6620172,530.99646,95107.516,15.0,1.1496431,126,0,1
1771685456452000,1771685456452000,1771685456428000,6620172,530.9448,95108.12,15.0,1.1496503,126,0,1
1771685456504000,1771685456504000,1771685456480000,6620172,530.99176,95107.586,15.0,1.1496439,126,0,1
1771685456556000,1771685456556000,1771685456532000,6620172,530.95416,95108.04,15.0,1.1496494,126,0,1
1771685456608000,1771685456608000,1771685456584000,6620172,531.0152,95107.34,15.0,1.1496409,126,0,1
1771685456660000,1771685456660000,1771685456636000,6620172,530.95886,95107.96,15.0,1.1496484,126,0,1
1771685456712000,1771685456712000,1771685456688000,6620172,530.98236,95107.67,15.0,1.149645,126,0,1
1771685456764000,1771685456764000,1771685456740000,6620172,531.0199,95107.28,15.0,1.1496402,126,0,1
1771685456816000,1771685456816000,1771685456792000,6620172,531.0152,95107.336,15.0,1.1496408,126,0,1
1771685456868000,1771685456868000,1771685456844000,6620172,530.99646,95107.53,15.0,1.1496432,126,0,1
1771685456920000,1771685456920000,1771685456896000,6620172,530.99176,95107.586,15.0,1.1496439,126,0,1
1771685456972000,1771685456972000,1771685456948000,6620172,530.95886,95107.95,15.0,1.1496483,126,0,1
1771685457024000,1771685457024000,1771685457000000,6620172,530.97766,95107.74,15.0,1.1496458,126,0,1
1771685457076000,1771685457076000,1771685457052000,6620172,531.00586,95107.43,15.0,1.149642,126,0,1
1771685457128000,1771685457128000,1771685457104000,6620172,530.98236,95107.71,15.0,1.1496453,126,0,1
1771685457180000,1771685457180000,1771685457156000,6620172,530.95886,95107.984,15.0,1.1496487,126,0,1
1771685457232000,1771685457232000,1771685457208000,6620172,530.97766,95107.74,15.0,1.1496458,126,0,1
1771685457284000,1771685457284000,1771685457260000,6620172,530.98236,95107.664,15.0,1.1496449,126,0,1
1771685457336000,1771685457336000,1771685457312000,6620172,531.0105,95107.39,15.0,1.1496415,126,0,1
1771685457388000,1771685457388000,1771685457364000,6620172,530.95416,95108.05,15.0,1.1496495,126,0,1
1771685457440000,1771685457440000,1771685457416000,6620172,530.9166,95108.47,15.0,1.1496545,126,0,1
1771685457492000,1771685457492000,1771685457468000,6620172,530.97766,95107.75,15.0,1.1496458,126,0,1
1771685457544000,1771685457544000,1771685457520000,6620172,530.98236,95107.68,15.0,1.149645,126,0,1
1771685457596000,1771685457596000,1771685457572000,6620172,530.96826,95107.87,15.0,1.1496472,126,0,1
1771685457648000,1771685457648000,1771685457624000,6620172,530.97766,95107.74,15.0,1.1496458,126,0,1
1771685457700000,1771685457700000,1771685457676000,6620172,530.98236,95107.7,15.0,1.1496453,126,0,1
1771685457752000,1771685457752000,1771685457728000,6620172,530.97296,95107.805,15.0,1.1496465,126,0,1
1771685457804000,1771685457804000,1771685457780000,6620172,531.0199,95107.266,15.0,1.14964,126,0,1
1771685457856000,1771685457856000,1771685457832000,6620172,530.98236,95107.664,15.0,1.1496449,126,0,1
1771685457908000,1771685457908000,1771685457884000,6620172,530.96826,95107.87,15.0,1.1496472,126,0,1
1771685457960000,1771685457960000,1771685457936000,6620172,530.96826,95107.89,15.0,1.1496476,126,0,1
1771685458012000,1771685458012000,1771685457988000,6620172,530.98236,95107.664,15.0,1.1496449,126,0,1
1771685458064000,1771685458064000,1771685458040000,6620172,530.99646,95107.555,15.0,1.1496435,126,0,1
1771685458116000,1771685458116000,1771685458092000,6620172,530.94946,95108.11,15.0,1.1496502,126,0,1
1771685458168000,1771685458168000,1771685458144000,6620172,531.00586,95107.43,15.0,1.149642,126,0,1
1771685458220000,1771685458220000,1771685458196000,6620172,530.9166,95108.43,15.0,1.149654,126,0,1
1771685458272000,1771685458272000,1771685458248000,6620172,530.96356,95107.914,15.0,1.1496478,126,0,1
1771685458324000,1771685458324000,1771685458300000,6620172,530.96826,95107.84,15.0,1.149647,126,0,1
1771685458376000,1771685458376000,1771685458352000,6620172,531.0152,95107.305,15.0,1.1496404,126,0,1
1771685458428000,1771685458428000,1771685458404000,6620172,530.96826,95107.89,15.0,1.1496476,126,0,1
1771685458480000,1771685458480000,1771685458456000,6620172,530.97766,95107.766,15.0,1.149646,126,0,1
1771685458532000,1771685458532000,1771685458508000,6620172,531.00586,95107.42,15.0,1.1496419,126,0,1
1771685458584000,1771685458584000,1771685458560000,6620172,530.96826,95107.84,15.0,1.149647,126,0,1
1771685458636000,1771685458636000,1771685458612000,6620172,530.9354,95108.25,15.0,1.1496519,126,0,1
1771685458688000,1771685458688000,1771685458664000,6620172,530.95886,95107.95,15.0,1.1496483,126,0,1
1771685458740000,1771685458740000,1771685458716000,6620172,530.98236,95107.68,15.0,1.149645,126,0,1
1771685458792000,1771685458792000,1771685458768000,6620172,530.96826,95107.88,15.0,1.1496475,126,0,1
1771685458844000,1771685458844000,1771685458820000,6620172,530.98236,95107.72,15.0,1.1496454,126,0,1
1771685458896000,1771685458896000,1771685458872000,6620172,530.98236,95107.67,15.0,1.149645,126,0,1
1771685458948000,1771685458948000,1771685458924000,6620172,531.0152,95107.3,15.0,1.1496404,126,0,1
1771685459000000,1771685459000000,1771685458976000,6620172,530.99176,95107.59,15.0,1.149644,126,0,1
1771685459052000,1771685459052000,1771685459028000,6620172,530.94946,95108.09,15.0,1.14965,126,0,1
1771685459104000,1771685459104000,1771685459080000,6620172,530.99646,95107.51,15.0,1.149643,126,0,1
1771685459156000,1771685459156000,1771685459132000,6620172,531.0481,95106.96,15.0,1.1496363,126,0,1
1771685459208000,1771685459208000,1771685459184000,6620172,531.00116,95107.49,15.0,1.1496427,126,0,1
1771685459260000,1771685459260000,1771685459236000,6620172,531.0152,95107.336,15.0,1.1496408,126,0,1
1771685459312000,1771685459312000,1771685459288000,6620172,530.97766,95107.766,15.0,1.149646,126,0,1
1771685459364000,1771685459364000,1771685459340000,6620172,531.00116,95107.484,15.0,1.1496427,126,0,1
1771685459416000,1771685459416000,1771685459392000,6620172,530.98236,95107.664,15.0,1.1496449,126,0,1
1771685459468000,1771685459468000,1771685459444000,6620172,531.0152,95107.336,15.0,1.1496408,126,0,1
1771685459520000,1771685459520000,1771685459496000,6620172,530.99646,95107.516,15.0,1.1496431,126,0,1
1771685459572000,1771685459572000,1771685459548000,6620172,530.95416,95108.016,15.0,1.149649,126,0,1
1771685459624000,1771685459624000,1771685459600000,6620172,531.034,95107.12,15.0,1.1496382,126,0,1
1771685459676000,1771685459676000,1771685459652000,6620172,530.99646,95107.555,15.0,1.1496435,126,0,1
1771685459728000,1771685459728000,1771685459704000,6620172,531.0199,95107.25,15.0,1.1496398,126,0,1
1771685459780000,1771685459780000,1771685459756000,6620172,531.0199,95107.266,15.0,1.14964,126,0,1
1771685459832000,1771685459832000,1771685459808000,6620172,530.97296,95107.8,15.0,1.1496464,126,0,1
1771685459884000,1771685459884000,1771685459860000,6620172,531.00586,95107.445,15.0,1.1496422,126,0,1
1771685459936000,1771685459936000,1771685459912000,6620172,530.95416,95108.0,15.0,1.1496489,126,0,1
1771685459988000,1771685459988000,1771685459964000,6620172,531.0105,95107.36,15.0,1.1496412,126,0,1
1771685460040000,1771685460040000,1771685460016000,6620172,531.00586,95107.445,15.0,1.1496422,126,0,1
1771685460092000,1771685460092000,1771685460068000,6620172,530.95886,95107.97,15.0,1.1496485,126,0,1
1771685460144000,1771685460144000,1771685460120000,6620172,531.00116,95107.46,15.0,1.1496423,126,0,1
1771685460196000,1771685460196000,1771685460172000,6620172,531.0293,95107.2,15.0,1.1496392,126,0,1
1771685460248000,1771685460248000,1771685460224000,6620172,531.00116,95107.5,15.0,1.1496428,126,0,1
1771685460300000,1771685460300000,1771685460276000,6620172,530.97296,95107.83,15.0,1.1496468,126,0,1
1771685460352000,1771685460352000,1771685460328000,6620172,531.0528,95106.875,15.0,1.1496353,126,0,1
1771685460404000,1771685460404000,1771685460380000,6620172,531.0246,95107.21,15.0,1.1496394,126,0,1
1771685460456000,1771685460456000,1771685460432000,6620172,530.99176,95107.61,15.0,1.1496441,126,0,1
1771685460508000,1771685460508000,1771685460484000,6620172,530.96826,95107.84,15.0,1.149647,126,0,1
1771685460560000,1771685460560000,1771685460536000,6620172,530.95886,95107.96,15.0,1.1496484,126,0,1
1771685460612000,1771685460612000,1771685460588000,6620172,530.95416,95108.0,15.0,1.1496489,126,0,1
1771685460664000,1771685460664000,1771685460640000,6620172,530.97296,95107.82,15.0,1.1496468,126,0,1
1771685460716000,1771685460716000,1771685460692000,6620172,530.96826,95107.84,15.0,1.149647,126,0,1
1771685460768000,1771685460768000,1771685460744000,6620172,530.98236,95107.68,15.0,1.149645,126,0,1
1771685460820000,1771685460820000,1771685460796000,6620172,531.0105,95107.375,15.0,1.1496413,126,0,1
1771685460872000,1771685460872000,1771685460848000,6620172,530.9307,95108.29,15.0,1.1496524,126,0,1
1771685460924000,1771685460924000,1771685460900000,6620172,530.98236,95107.695,15.0,1.1496452,126,0,1
1771685460976000,1771685460976000,1771685460952000,6620172,531.00586,95107.43,15.0,1.149642,126,0,1
1771685461028000,1771685461028000,1771685461004000,6620172,531.0293,95107.195,15.0,1.1496391,126,0,1
1771685461080000,1771685461080000,1771685461056000,6620172,531.0152,95107.32,15.0,1.1496407,126,0,1
1771685461132000,1771685461132000,1771685461108000,6620172,530.96356,95107.93,15.0,1.1496481,126,0,1
1771685461184000,1771685461184000,1771685461160000,6620172,530.96826,95107.89,15.0,1.1496476,126,0,1
1771685461236000,1771685461236000,1771685461212000,6620172,530.97766,95107.766,15.0,1.149646,126,0,1
1771685461288000,1771685461288000,1771685461264000,6620172,530.96826,95107.875,15.0,1.1496474,126,0,1
1771685461340000,1771685461340000,1771685461316000,6620172,530.9401,95108.18,15.0,1.149651,126,0,1
1771685461392000,1771685461392000,1771685461368000,6620172,530.97296,95107.836,15.0,1.1496469,126,0,1
1771685461444000,1771685461444000,1771685461420000,6620172,531.0105,95107.414,15.0,1.1496418,126,0,1
1771685461496000,1771685461496000,1771685461472000,6620172,530.97766,95107.734,15.0,1.1496457,126,0,1
1771685461548000,1771685461548000,1771685461524000,6620172,530.97766,95107.734,15.0,1.1496457,126,0,1
1771685461600000,1771685461600000,1771685461576000,6620172,530.9166,95108.42,15.0,1.149654,126,0,1
1771685461652000,1771685461652000,1771685461628000,6620172,530.97296,95107.83,15.0,1.1496468,126,0,1
1771685461704000,1771685461704000,1771685461680000,6620172,530.97296,95107.836,15.0,1.1496469,126,0,1
1771685461756000,1771685461756000,1771685461732000,6620172,530.9401,95108.195,15.0,1.1496513,126,0,1
1771685461808000,1771685461808000,1771685461784000,6620172,530.98236,95107.71,15.0,1.1496453,126,0,1
1771685461860000,1771685461860000,1771685461836000,6620172,530.95886,95107.984,15.0,1.1496487,126,0,1
1771685461912000,1771685461912000,1771685461888000,6620172,530.96826,95107.89,15.0,1.1496476,126,0,1
1771685461964000,1771685461964000,1771685461940000,6620172,530.9354,95108.22,15.0,1.1496515,126,0,1
1771685462016000,1771685462016000,1771685461992000,6620172,530.9448,95108.125,15.0,1.1496503,126,0,1
1771685462068000,1771685462068000,1771685462044000,6620172,530.96356,95107.93,15.0,1.1496481,126,0,1
1771685462120000,1771685462120000,1771685462096000,6620172,530.98236,95107.67,15.0,1.149645,126,0,1
1771685462172000,1771685462172000,1771685462148000,6620172,530.9166,95108.47,15.0,1.1496545,126,0,1
1771685462224000,1771685462224000,1771685462200000,6620172,530.9354,95108.21,15.0,1.1496514,126,0,1
1771685462276000,1771685462276000,1771685462252000,6620172,530.9307,95108.305,15.0,1.1496526,126,0,1
1771685462328000,1771685462328000,1771685462304000,6620172,530.94946,95108.07,15.0,1.1496497,126,0,1
1771685462380000,1771685462380000,1771685462356000,6620172,530.98236,95107.71,15.0,1.1496453,126,0,1
1771685462432000,1771685462432000,1771685462408000,6620172,530.95416,95108.01,15.0,1.149649,126,0,1
1771685462484000,1771685462484000,1771685462460000,6620172,530.95416,95108.016,15.0,1.149649,126,0,1
1771685462536000,1771685462536000,1771685462512000,6620172,530.97296,95107.82,15.0,1.1496468,126,0,1
1771685462588000,1771685462588000,1771685462564000,6620172,530.97766,95107.76,15.0,1.1496459,126,0,1
1771685462640000,1771685462640000,1771685462616000,6620172,530.97766,95107.734,15.0,1.1496457,126,0,1
1771685462692000,1771685462692000,1771685462668000,6620172,530.99176,95107.625,15.0,1.1496444,126,0,1
1771685462744000,1771685462744000,1771685462720000,6620172,531.00116,95107.46,15.0,1.1496423,126,0,1
1771685462796000,1771685462796000,1771685462772000,6620172,530.97296,95107.82,15.0,1.1496468,126,0,1
1771685462848000,1771685462848000,1771685462824000,6620172,530.8884,95108.76,15.0,1.1496581,126,0,1
1771685462900000,1771685462900000,1771685462876000,6620172,530.99646,95107.555,15.0,1.1496435,126,0,1
1771685462952000,1771685462952000,1771685462928000,6620172,530.9448,95108.13,15.0,1.1496505,126,0,1
1771685463004000,1771685463004000,1771685462980000,6620172,530.9354,95108.26,15.0,1.149652,126,0,1
1771685463056000,1771685463056000,1771685463032000,6620172,530.926,95108.33,15.0,1.1496528,126,0,1
1771685463108000,1771685463108000,1771685463084000,6620172,530.9166,95108.47,15.0,1.1496545,126,0,1
1771685463160000,1771685463160000,1771685463136000,6620172,531.00116,95107.47,15.0,1.1496425,126,0,1
1771685463212000,1771685463212000,1771685463188000,6620172,531.00116,95107.47,15.0,1.1496425,126,0,1
1771685463264000,1771685463264000,1771685463240000,6620172,530.98706,95107.64,15.0,1.1496445,126,0,1
1771685463316000,1771685463316000,1771685463292000,6620172,530.94946,95108.08,15.0,1.1496499,126,0,1
1771685463368000,1771685463368000,1771685463344000,6620172,530.97296,95107.83,15.0,1.1496468,126,0,1
1771685463420000,1771685463420000,1771685463396000,6620172,530.95416,95108.016,15.0,1.149649,126,0,1
1771685463472000,1771685463472000,1771685463448000,6620172,530.9354,95108.22,15.0,1.1496515,126,0,1
1771685463524000,1771685463524000,1771685463500000,6620172,530.96356,95107.92,15.0,1.149648,126,0,1
1771685463576000,1771685463576000,1771685463552000,6620172,530.94946,95108.055,15.0,1.1496495,126,0,1
1771685463628000,1771685463628000,1771685463604000,6620172,530.95416,95108.03,15.0,1.1496493,126,0,1
1771685463680000,1771685463680000,1771685463656000,6620172,530.95416,95108.0,15.0,1.1496489,126,0,1
1771685463732000,1771685463732000,1771685463708000,6620172,530.96826,95107.875,15.0,1.1496474,126,0,1
1771685463784000,1771685463784000,1771685463760000,6620172,530.96356,95107.92,15.0,1.149648,126,0,1
1771685463836000,1771685463836000,1771685463812000,6620172,530.94946,95108.086,15.0,1.14965,126,0,1
1771685463888000,1771685463888000,1771685463864000,6620172,530.9448,95108.14,15.0,1.1496506,126,0,1
1771685463940000,1771685463940000,1771685463916000,6620172,530.95416,95107.99,15.0,1.1496488,126,0,1
1771685463992000,1771685463992000,1771685463968000,6620172,530.96356,95107.91,15.0,1.1496477,126,0,1
1771685464044000,1771685464044000,1771685464020000,6620172,530.96356,95107.92,15.0,1.149648,126,0,1
1771685464096000,1771685464096000,1771685464072000,6620172,530.97766,95107.75,15.0,1.1496458,126,0,1
1771685464148000,1771685464148000,1771685464124000,6620172,530.95416,95108.04,15.0,1.1496494,126,0,1
1771685464200000,1771685464200000,1771685464176000,6620172,530.99646,95107.516,15.0,1.1496431,126,0,1
1771685464252000,1771685464252000,1771685464228000,6620172,531.00116,95107.47,15.0,1.1496425,126,0,1
1771685464304000,1771685464304000,1771685464280000,6620172,530.98236,95107.695,15.0,1.1496452,126,0,1
1771685464356000,1771685464356000,1771685464332000,6620172,530.97296,95107.82,15.0,1.1496468,126,0,1
1771685464408000,1771685464408000,1771685464384000,6620172,530.99646,95107.53,15.0,1.1496432,126,0,1
1771685464460000,1771685464460000,1771685464436000,6620172,531.0105,95107.37,15.0,1.1496413,126,0,1
1771685464512000,1771685464512000,1771685464488000,6620172,530.97766,95107.76,15.0,1.1496459,126,0,1
1771685464564000,1771685464564000,1771685464540000,6620172,530.95416,95108.04,15.0,1.1496494,126,0,1
1771685464616000,1771685464616000,1771685464592000,6620172,530.9307,95108.305,15.0,1.1496526,126,0,1
1771685464668000,1771685464668000,1771685464644000,6620172,530.99176,95107.57,15.0,1.1496437,126,0,1
1771685464720000,1771685464720000,1771685464696000,6620172,530.9448,95108.12,15.0,1.1496503,126,0,1
1771685464772000,1771685464772000,1771685464748000,6620172,531.00116,95107.45,15.0,1.1496422,126,0,1
1771685464824000,1771685464824000,1771685464800000,6620172,530.98236,95107.68,15.0,1.149645,126,0,1
1771685464876000,1771685464876000,1771685464852000,6620172,530.9354,95108.2,15.0,1.1496513,126,0,1
1771685464928000,1771685464928000,1771685464904000,6620172,530.96826,95107.86,15.0,1.1496472,126,0,1
1771685464980000,1771685464980000,1771685464956000,6620172,530.9119,95108.484,15.0,1.1496547,126,0,1
1771685465032000,1771685465032000,1771685465008000,6620172,530.98236,95107.67,15.0,1.149645,126,0,1
1771685465084000,1771685465084000,1771685465060000,6620172,531.00586,95107.445,15.0,1.1496422,126,0,1
1771685465136000,1771685465136000,1771685465112000,6620172,530.97766,95107.766,15.0,1.149646,126,0,1
1771685465188000,1771685465188000,1771685465164000,6620172,531.0293,95107.2,15.0,1.1496392,126,0,1
1771685465240000,1771685465240000,1771685465216000,6620172,530.94946,95108.055,15.0,1.1496495,126,0,1
1771685465292000,1771685465292000,1771685465268000,6620172,530.98706,95107.64,15.0,1.1496445,126,0,1
1771685465344000,1771685465344000,1771685465320000,6620172,530.97296,95107.836,15.0,1.1496469,126,0,1
1771685465396000,1771685465396000,1771685465372000,6620172,530.926,95108.36,15.0,1.1496532,126,0,1
1771685465448000,1771685465448000,1771685465424000,6620172,530.96826,95107.88,15.0,1.1496475,126,0,1
1771685465500000,1771685465500000,1771685465476000,6620172,530.99176,95107.625,15.0,1.1496444,126,0,1
1771685465552000,1771685465552000,1771685465528000,6620172,531.07153,95106.71,15.0,1.1496333,126,0,1
1771685465604000,1771685465604000,1771685465580000,6620172,530.96356,95107.91,15.0,1.1496477,126,0,1
1771685465656000,1771685465656000,1771685465632000,6620172,530.97296,95107.79,15.0,1.1496463,126,0,1
1771685465708000,1771685465708000,1771685465684000,6620172,531.00116,95107.5,15.0,1.1496428,126,0,1
1771685465760000,1771685465760000,1771685465736000,6620172,530.926,95108.37,15.0,1.1496533,126,0,1
1771685465812000,1771685465812000,1771685465788000,6620172,530.98706,95107.64,15.0,1.1496445,126,0,1
1771685465864000,1771685465864000,1771685465840000,6620172,530.8978,95108.63,15.0,1.1496565,126,0,1
1771685465916000,1771685465916000,1771685465892000,6620172,531.00116,95107.484,15.0,1.1496427,126,0,1
1771685465968000,1771685465968000,1771685465944000,6620172,530.95416,95108.01,15.0,1.149649,126,0,1
1771685466020000,1771685466020000,1771685465996000,6620172,530.95416,95108.0,15.0,1.1496489,126,0,1
1771685466072000,1771685466072000,1771685466048000,6620172,530.95416,95108.03,15.0,1.1496493,126,0,1
1771685466124000,1771685466124000,1771685466100000,6620172,530.99176,95107.59,15.0,1.149644,126,0,1
1771685466176000,1771685466176000,1771685466152000,6620172,530.8978,95108.63,15.0,1.1496565,126,0,1
1771685466228000,1771685466228000,1771685466204000,6620172,530.9354,95108.2,15.0,1.1496513,126,0,1
1771685466280000,1771685466280000,1771685466256000,6620172,530.94946,95108.055,15.0,1.1496495,126,0,1
1771685466332000,1771685466332000,1771685466308000,6620172,530.98236,95107.664,15.0,1.1496449,126,0,1
1771685466384000,1771685466384000,1771685466360000,6620172,530.99646,95107.555,15.0,1.1496435,126,0,1
1771685466436000,1771685466436000,1771685466412000,6620172,530.8697,95109.0,15.0,1.149661,126,0,1
1771685466488000,1771685466488000,1771685466464000,6620172,530.94946,95108.11,15.0,1.1496502,126,0,1
1771685466540000,1771685466540000,1771685466516000,6620172,530.9401,95108.16,15.0,1.1496508,126,0,1
1771685466592000,1771685466592000,1771685466568000,6620172,530.97296,95107.805,15.0,1.1496465,126,0,1
1771685466644000,1771685466644000,1771685466620000,6620172,530.9213,95108.41,15.0,1.1496538,126,0,1
1771685466696000,1771685466696000,1771685466672000,6620172,530.8556,95109.16,15.0,1.1496629,126,0,1
1771685466748000,1771685466748000,1771685466724000,6620172,530.9119,95108.516,15.0,1.1496551,126,0,1
1771685466800000,1771685466800000,1771685466776000,6620172,530.9307,95108.29,15.0,1.1496524,126,0,1
1771685466852000,1771685466852000,1771685466828000,6620172,530.97766,95107.766,15.0,1.149646,126,0,1
1771685466904000,1771685466904000,1771685466880000,6620172,530.97296,95107.805,15.0,1.1496465,126,0,1
1771685466956000,1771685466956000,1771685466932000,6620172,530.9307,95108.266,15.0,1.1496521,126,0,1
1771685467008000,1771685467008000,1771685466984000,6620172,531.00586,95107.42,15.0,1.1496419,126,0,1
1771685467060000,1771685467060000,1771685467036000,6620172,530.95886,95107.984,15.0,1.1496487,126,0,1
1771685467112000,1771685467112000,1771685467088000,6620172,530.97766,95107.76,15.0,1.1496459,126,0,1
1771685467164000,1771685467164000,1771685467140000,6620172,530.9307,95108.28,15.0,1.1496522,126,0,1
1771685467216000,1771685467216000,1771685467192000,6620172,530.96826,95107.875,15.0,1.1496474,126,0,1
1771685467268000,1771685467268000,1771685467244000,6620172,530.95416,95108.03,15.0,1.1496493,126,0,1
1771685467320000,1771685467320000,1771685467296000,6620172,530.9307,95108.32,15.0,1.1496527,126,0,1
1771685467372000,1771685467372000,1771685467348000,6620172,530.96826,95107.87,15.0,1.1496472,126,0,1
1771685467424000,1771685467424000,1771685467400000,6620172,530.9119,95108.516,15.0,1.1496551,126,0,1
1771685467476000,1771685467476000,1771685467452000,6620172,530.95416,95108.04,15.0,1.1496494,126,0,1
1771685467528000,1771685467528000,1771685467504000,6620172,530.99646,95107.55,15.0,1.1496434,126,0,1
1771685467580000,1771685467580000,1771685467556000,6620172,530.9448,95108.14,15.0,1.1496506,126,0,1
1771685467632000,1771685467632000,1771685467608000,6620172,530.9354,95108.22,15.0,1.1496515,126,0,1
1771685467684000,1771685467684000,1771685467660000,6620172,530.95886,95107.984,15.0,1.1496487,126,0,1
1771685467736000,1771685467736000,1771685467712000,6620172,530.96356,95107.914,15.0,1.1496478,126,0,1
1771685467788000,1771685467788000,1771685467764000,6620172,530.94946,95108.09,15.0,1.14965,126,0,1
1771685467840000,1771685467840000,1771685467816000,6620172,530.96356,95107.91,15.0,1.1496477,126,0,1
1771685467892000,1771685467892000,1771685467868000,6620172,530.97766,95107.734,15.0,1.1496457,126,0,1
1771685467944000,1771685467944000,1771685467920000,6620172,531.0199,95107.29,15.0,1.1496403,126,0,1
1771685467996000,1771685467996000,1771685467972000,6620172,530.96826,95107.88,15.0,1.1496475,126,0,1
1771685468048000,1771685468048000,1771685468024000,6620172,530.94946,95108.086,15.0,1.14965,126,0,1
1771685468100000,1771685468100000,1771685468076000,6620172,530.8931,95108.72,15.0,1.1496576,126,0,1
1771685468152000,1771685468152000,1771685468128000,6620172,531.0152,95107.3,15.0,1.1496404,126,0,1
1771685468204000,1771685468204000,1771685468180000,6620172,530.94946,95108.055,15.0,1.1496495,126,0,1
1771685468256000,1771685468256000,1771685468232000,6620172,530.9119,95108.49,15.0,1.1496549,126,0,1
1771685468308000,1771685468308000,1771685468284000,6620172,530.95416,95108.01,15.0,1.149649,126,0,1
1771685468360000,1771685468360000,1771685468336000,6620172,530.97766,95107.74,15.0,1.1496458,126,0,1
1771685468412000,1771685468412000,1771685468388000,6620172,531.0105,95107.39,15.0,1.1496415,126,0,1
1771685468464000,1771685468464000,1771685468440000,6620172,530.9448,95108.13,15.0,1.1496505,126,0,1
1771685468516000,1771685468516000,1771685468492000,6620172,531.0434,95106.97,15.0,1.1496364,126,0,1
1771685468568000,1771685468568000,1771685468544000,6620172,530.9448,95108.12,15.0,1.1496503,126,0,1
1771685468620000,1771685468620000,1771685468596000,6620172,530.9072,95108.54,15.0,1.1496553,126,0,1
1771685468672000,1771685468672000,1771685468648000,6620172,530.95886,95107.984,15.0,1.1496487,126,0,1
1771685468724000,1771685468724000,1771685468700000,6620172,531.00116,95107.484,15.0,1.1496427,126,0,1
1771685468776000,1771685468776000,1771685468752000,6620172,530.94946,95108.07,15.0,1.1496497,126,0,1
1771685468828000,1771685468828000,1771685468804000,6620172,530.95416,95108.016,15.0,1.149649,126,0,1
1771685468880000,1771685468880000,1771685468856000,6620172,530.95416,95107.99,15.0,1.1496488,126,0,1
1771685468932000,1771685468932000,1771685468908000,6620172,530.99646,95107.516,15.0,1.1496431,126,0,1
1771685468984000,1771685468984000,1771685468960000,6620172,530.9166,95108.414,15.0,1.1496539,126,0,1
1771685469036000,1771685469036000,1771685469012000,6620172,530.99646,95107.54,15.0,1.1496433,126,0,1
1771685469088000,1771685469088000,1771685469064000,6620172,531.0152,95107.305,15.0,1.1496404,126,0,1
1771685469140000,1771685469140000,1771685469116000,6620172,530.9166,95108.43,15.0,1.149654,126,0,1
1771685469192000,1771685469192000,1771685469168000,6620172,530.8931,95108.74,15.0,1.1496578,126,0,1
1771685469244000,1771685469244000,1771685469220000,6620172,530.9025,95108.61,15.0,1.1496563,126,0,1
1771685469296000,1771685469296000,1771685469272000,6620172,530.96826,95107.84,15.0,1.149647,126,0,1
1771685469348000,1771685469348000,1771685469324000,6620172,530.97296,95107.836,15.0,1.1496469,126,0,1
1771685469400000,1771685469400000,1771685469376000,6620172,530.99646,95107.55,15.0,1.1496434,126,0,1
1771685469452000,1771685469452000,1771685469428000,6620172,530.99176,95107.625,15.0,1.1496444,126,0,1
1771685469504000,1771685469504000,1771685469480000,6620172,530.96356,95107.91,15.0,1.1496477,126,0,1
1771685469556000,1771685469556000,1771685469532000,6620172,530.98236,95107.664,15.0,1.1496449,126,0,1
1771685469608000,1771685469608000,1771685469584000,6620172,530.99646,95107.555,15.0,1.1496435,126,0,1
1771685469660000,1771685469660000,1771685469636000,6620172,530.96826,95107.88,15.0,1.1496475,126,0,1
1771685469712000,1771685469712000,1771685469688000,6620172,530.97296,95107.83,15.0,1.1496468,126,0,1
1771685469764000,1771685469764000,1771685469740000,6620172,530.97766,95107.766,15.0,1.149646,126,0,1
1771685469816000,1771685469816000,1771685469792000,6620172,530.926,95108.33,15.0,1.1496528,126,0,1
1771685469868000,1771685469868000,1771685469844000,6620172,530.97296,95107.82,15.0,1.1496468,126,0,1
1771685469920000,1771685469920000,1771685469896000,6620172,530.9119,95108.484,15.0,1.1496547,126,0,1
1771685469972000,1771685469972000,1771685469948000,6620172,530.95416,95108.016,15.0,1.149649,126,0,1
1771685470024000,1771685470024000,1771685470000000,6620172,530.9448,95108.14,15.0,1.1496506,126,0,1
1771685470076000,1771685470076000,1771685470052000,6620172,530.9072,95108.59,15.0,1.149656,126,0,1
1771685470128000,1771685470128000,1771685470104000,6620172,530.94946,95108.055,15.0,1.1496495,126,0,1
1771685470180000,1771685470180000,1771685470156000,6620172,530.97766,95107.75,15.0,1.1496458,126,0,1
1771685470232000,1771685470232000,1771685470208000,6620172,530.95416,95108.05,15.0,1.1496495,126,0,1
1771685470284000,1771685470284000,1771685470260000,6620172,530.9307,95108.266,15.0,1.1496521,126,0,1
1771685470336000,1771685470336000,1771685470312000,6620172,531.0105,95107.37,15.0,1.1496413,126,0,1
1771685470388000,1771685470388000,1771685470364000,6620172,530.9448,95108.12,15.0,1.1496503,126,0,1
1771685470440000,1771685470440000,1771685470416000,6620172,530.97766,95107.766,15.0,1.149646,126,0,1
1771685470492000,1771685470492000,1771685470468000,6620172,530.9119,95108.49,15.0,1.1496549,126,0,1
1771685470544000,1771685470544000,1771685470520000,6620172,530.9119,95108.5,15.0,1.149655,126,0,1
1771685470596000,1771685470596000,1771685470572000,6620172,530.9354,95108.22,15.0,1.1496515,126,0,1
1771685470648000,1771685470648000,1771685470624000,6620172,530.94946,95108.07,15.0,1.1496497,126,0,1
1771685470700000,1771685470700000,1771685470676000,6620172,530.97766,95107.76,15.0,1.1496459,126,0,1
1771685470752000,1771685470752000,1771685470728000,6620172,530.9401,95108.16,15.0,1.1496508,126,0,1
1771685470804000,1771685470804000,1771685470780000,6620172,530.926,95108.34,15.0,1.1496531,126,0,1
1771685470856000,1771685470856000,1771685470832000,6620172,530.96356,95107.93,15.0,1.1496481,126,0,1
1771685470908000,1771685470908000,1771685470884000,6620172,530.98236,95107.7,15.0,1.1496453,126,0,1
1771685470960000,1771685470960000,1771685470936000,6620172,530.97296,95107.8,15.0,1.1496464,126,0,1
1771685471012000,1771685471012000,1771685470988000,6620172,530.98236,95107.67,15.0,1.149645,126,0,1
1771685471064000,1771685471064000,1771685471040000,6620172,530.926,95108.38,15.0,1.1496536,126,0,1
1771685471116000,1771685471116000,1771685471092000,6620172,530.9354,95108.2,15.0,1.1496513,126,0,1
1771685471168000,1771685471168000,1771685471144000,6620172,530.96356,95107.92,15.0,1.149648,126,0,1
1771685471220000,1771685471220000,1771685471196000,6620172,531.0152,95107.305,15.0,1.1496404,126,0,1
1771685471272000,1771685471272000,1771685471248000,6620172,531.0387,95107.04,15.0,1.1496372,126,0,1
1771685471324000,1771685471324000,1771685471300000,6620172,530.97296,95107.836,15.0,1.1496469,126,0,1
1771685471376000,1771685471376000,1771685471352000,6620172,530.98236,95107.71,15.0,1.1496453,126,0,1
1771685471428000,1771685471428000,1771685471404000,6620172,531.0199,95107.24,15.0,1.1496397,126,0,1
1771685471480000,1771685471480000,1771685471456000,6620172,530.9354,95108.2,15.0,1.1496513,126,0,1
1771685471532000,1771685471532000,1771685471508000,6620172,530.98706,95107.63,15.0,1.1496445,126,0,1
1771685471584000,1771685471584000,1771685471560000,6620172,530.98236,95107.68,15.0,1.149645,126,0,1
1771685471636000,1771685471636000,1771685471612000,6620172,530.94946,95108.09,15.0,1.14965,126,0,1
1771685471688000,1771685471688000,1771685471664000,6620172,530.95886,95107.984,15.0,1.1496487,126,0,1
1771685471740000,1771685471740000,1771685471716000,6620172,530.98706,95107.66,15.0,1.1496447,126,0,1
1771685471792000,1771685471792000,1771685471768000,6620172,531.00116,95107.45,15.0,1.1496422,126,0,1
1771685471844000,1771685471844000,1771685471820000,6620172,530.96356,95107.92,15.0,1.149648,126,0,1
1771685471896000,1771685471896000,1771685471872000,6620172,530.99176,95107.57,15.0,1.1496437,126,0,1
1771685471948000,1771685471948000,1771685471924000,6620172,530.99176,95107.62,15.0,1.1496443,126,0,1
1771685472000000,1771685472000000,1771685471976000,6620172,531.00116,95107.47,15.0,1.1496425,126,0,1
1771685472052000,1771685472052000,1771685472028000,6620172,530.9354,95108.234,15.0,1.1496518,126,0,1
1771685472104000,1771685472104000,1771685472080000,6620172,530.99646,95107.51,15.0,1.149643,126,0,1
1771685472156000,1771685472156000,1771685472132000,6620172,530.98236,95107.7,15.0,1.1496453,126,0,1
1771685472208000,1771685472208000,1771685472184000,6620172,531.0199,95107.24,15.0,1.1496397,126,0,1
1771685472260000,1771685472260000,1771685472236000,6620172,531.00116,95107.484,15.0,1.1496427,126,0,1
1771685472312000,1771685472312000,1771685472288000,6620172,530.97766,95107.76,15.0,1.1496459,126,0,1
1771685472364000,1771685472364000,1771685472340000,6620172,530.96826,95107.88,15.0,1.1496475,126,0,1
1771685472416000,1771685472416000,1771685472392000,6620172,530.96826,95107.89,15.0,1.1496476,126,0,1
1771685472468000,1771685472468000,1771685472444000,6620172,530.9448,95108.14,15.0,1.1496506,126,0,1
1771685472520000,1771685472520000,1771685472496000,6620172,530.96826,95107.86,15.0,1.1496472,126,0,1
1771685472572000,1771685472572000,1771685472548000,6620172,530.9166,95108.46,15.0,1.1496545,126,0,1
1771685472624000,1771685472624000,1771685472600000,6620172,530.98706,95107.66,15.0,1.1496447,126,0,1
1771685472676000,1771685472676000,1771685472652000,6620172,531.0199,95107.26,15.0,1.14964,126,0,1
1771685472728000,1771685472728000,1771685472704000,6620172,530.99176,95107.57,15.0,1.1496437,126,0,1
1771685472780000,1771685472780000,1771685472756000,6620172,530.9307,95108.3,15.0,1.1496525,126,0,1
1771685472832000,1771685472832000,1771685472808000,6620172,530.99176,95107.61,15.0,1.1496441,126,0,1
1771685472884000,1771685472884000,1771685472860000,6620172,530.99646,95107.54,15.0,1.1496433,126,0,1
1771685472936000,1771685472936000,1771685472912000,6620172,530.96356,95107.92,15.0,1.149648,126,0,1
1771685472988000,1771685472988000,1771685472964000,6620172,530.94946,95108.09,15.0,1.14965,126,0,1
1771685473040000,1771685473040000,1771685473016000,6620172,530.96826,95107.86,15.0,1.1496472,126,0,1
1771685473092000,1771685473092000,1771685473068000,6620172,531.00586,95107.43,15.0,1.149642,126,0,1
1771685473144000,1771685473144000,1771685473120000,6620172,531.00116,95107.45,15.0,1.1496422,126,0,1
1771685473196000,1771685473196000,1771685473172000,6620172,531.00116,95107.45,15.0,1.1496422,126,0,1
1771685473248000,1771685473248000,1771685473224000,6620172,530.96826,95107.86,15.0,1.1496472,126,0,1
1771685473300000,1771685473300000,1771685473276000,6620172,531.0105,95107.39,15.0,1.1496415,126,0,1
1771685473352000,1771685473352000,1771685473328000,6620172,531.0152,95107.3,15.0,1.1496404,126,0,1
1771685473404000,1771685473404000,1771685473380000,6620172,530.98236,95107.67,15.0,1.149645,126,0,1
1771685473456000,1771685473456000,1771685473432000,6620172,530.95416,95108.0,15.0,1.1496489,126,0,1
1771685473508000,1771685473508000,1771685473484000,6620172,530.96826,95107.84,15.0,1.149647,126,0,1
1771685473560000,1771685473560000,1771685473536000,6620172,530.96826,95107.88,15.0,1.1496475,126,0,1
1771685473612000,1771685473612000,1771685473588000,6620172,530.98706,95107.63,15.0,1.1496445,126,0,1
1771685473664000,1771685473664000,1771685473640000,6620172,530.94946,95108.07,15.0,1.1496497,126,0,1
1771685473716000,1771685473716000,1771685473692000,6620172,530.97766,95107.734,15.0,1.1496457,126,0,1
1771685473768000,1771685473768000,1771685473744000,6620172,530.96826,95107.89,15.0,1.1496476,126,0,1
1771685473820000,1771685473820000,1771685473796000,6620172,530.99646,95107.55,15.0,1.1496434,126,0,1
1771685473872000,1771685473872000,1771685473848000,6620172,530.99176,95107.59,15.0,1.149644,126,0,1
1771685473924000,1771685473924000,1771685473900000,6620172,530.99176,95107.59,15.0,1.149644,126,0,1
1771685473976000,1771685473976000,1771685473952000,6620172,530.99646,95107.55,15.0,1.1496434,126,0,1
1771685474028000,1771685474028000,1771685474004000,6620172,531.0105,95107.39,15.0,1.1496415,126,0,1
1771685474080000,1771685474080000,1771685474056000,6620172,531.034,95107.125,15.0,1.1496383,126,0,1
1771685474132000,1771685474132000,1771685474108000,6620172,530.9354,95108.21,15.0,1.1496514,126,0,1
1771685474184000,1771685474184000,1771685474160000,6620172,530.9448,95108.12,15.0,1.1496503,126,0,1
1771685474236000,1771685474236000,1771685474212000,6620172,530.94946,95108.086,15.0,1.14965,126,0,1
1771685474288000,1771685474288000,1771685474264000,6620172,530.9354,95108.24,15.0,1.1496518,126,0,1
1771685474340000,1771685474340000,1771685474316000,6620172,530.97296,95107.8,15.0,1.1496464,126,0,1
1771685474392000,1771685474392000,1771685474368000,6620172,530.99646,95107.54,15.0,1.1496433,126,0,1
1771685474444000,1771685474444000,1771685474420000,6620172,530.95886,95107.945,15.0,1.1496482,126,0,1
1771685474496000,1771685474496000,1771685474472000,6620172,530.95416,95107.99,15.0,1.1496488,126,0,1
1771685474548000,1771685474548000,1771685474524000,6620172,530.99176,95107.62,15.0,1.1496443,126,0,1
1771685474600000,1771685474600000,1771685474576000,6620172,531.0387,95107.07,15.0,1.1496377,126,0,1
1771685474652000,1771685474652000,1771685474628000,6620172,530.926,95108.33,15.0,1.1496528,126,0,1
1771685474704000,1771685474704000,1771685474680000,6620172,531.00116,95107.5,15.0,1.1496428,126,0,1
1771685474756000,1771685474756000,1771685474732000,6620172,530.99176,95107.625,15.0,1.1496444,126,0,1
1771685474808000,1771685474808000,1771685474784000,6620172,530.99176,95107.61,15.0,1.1496441,126,0,1
1771685474860000,1771685474860000,1771685474836000,6620172,530.99176,95107.61,15.0,1.1496441,126,0,1
1771685474912000,1771685474912000,1771685474888000,6620172,530.96826,95107.875,15.0,1.1496474,126,0,1
1771685474964000,1771685474964000,1771685474940000,6620172,530.97296,95107.836,15.0,1.1496469,126,0,1
1771685475016000,1771685475016000,1771685474992000,6620172,530.99646,95107.51,15.0,1.149643,126,0,1
1771685475068000,1771685475068000,1771685475044000,6620172,531.0105,95107.39,15.0,1.1496415,126,0,1
1771685475120000,1771685475120000,1771685475096000,6620172,531.0293,95107.195,15.0,1.1496391,126,0,1
1771685475172000,1771685475172000,1771685475148000,6620172,530.99176,95107.57,15.0,1.1496437,126,0,1
1771685475224000,1771685475224000,1771685475200000,6620172,530.99176,95107.58,15.0,1.1496438,126,0,1
1771685475276000,1771685475276000,1771685475252000,6620172,530.97766,95107.74,15.0,1.1496458,126,0,1
1771685475328000,1771685475328000,1771685475304000,6620172,531.0105,95107.38,15.0,1.1496414,126,0,1
1771685475380000,1771685475380000,1771685475356000,6620172,530.98706,95107.63,15.0,1.1496445,126,0,1
1771685475432000,1771685475432000,1771685475408000,6620172,530.95416,95108.04,15.0,1.1496494,126,0,1
1771685475484000,1771685475484000,1771685475460000,6620172,530.99646,95107.53,15.0,1.1496432,126,0,1
1771685475536000,1771685475536000,1771685475512000,6620172,530.99646,95107.54,15.0,1.1496433,126,0,1
1771685475588000,1771685475588000,1771685475564000,6620172,531.0669,95106.734,15.0,1.1496335,126,0,1
1771685475640000,1771685475640000,1771685475616000,6620172,531.00586,95107.42,15.0,1.1496419,126,0,1
1771685475692000,1771685475692000,1771685475668000,6620172,531.034,95107.13,15.0,1.1496384,126,0,1
1771685475744000,1771685475744000,1771685475720000,6620172,531.0105,95107.375,15.0,1.1496413,126,0,1
1771685475796000,1771685475796000,1771685475772000,6620172,531.0293,95107.2,15.0,1.1496392,126,0,1
1771685475848000,1771685475848000,1771685475824000,6620172,530.98706,95107.66,15.0,1.1496447,126,0,1
1771685475900000,1771685475900000,1771685475876000,6620172,531.0199,95107.266,15.0,1.14964,126,0,1
1771685475952000,1771685475952000,1771685475928000,6620172,530.99176,95107.586,15.0,1.1496439,126,0,1
1771685476004000,1771685476004000,1771685475980000,6620172,530.98706,95107.64,15.0,1.1496445,126,0,1
1771685476056000,1771685476056000,1771685476032000,6620172,530.95416,95108.016,15.0,1.149649,126,0,1
1771685476108000,1771685476108000,1771685476084000,6620172,530.97766,95107.766,15.0,1.149646,126,0,1
1771685476160000,1771685476160000,1771685476136000,6620172,530.98236,95107.695,15.0,1.1496452,126,0,1
1771685476212000,1771685476212000,1771685476188000,6620172,530.9166,95108.46,15.0,1.1496545,126,0,1
1771685476264000,1771685476264000,1771685476240000,6620172,530.99646,95107.516,15.0,1.1496431,126,0,1
1771685476316000,1771685476316000,1771685476292000,6620172,530.99176,95107.62,15.0,1.1496443,126,0,1
1771685476368000,1771685476368000,1771685476344000,6620172,530.97766,95107.75,15.0,1.1496458,126,0,1
1771685476420000,1771685476420000,1771685476396000,6620172,530.99176,95107.62,15.0,1.1496443,126,0,1
1771685476472000,1771685476472000,1771685476448000,6620172,531.0387,95107.055,15.0,1.1496375,126,0,1
1771685476524000,1771685476524000,1771685476500000,6620172,530.95886,95107.984,15.0,1.1496487,126,0,1
1771685476576000,1771685476576000,1771685476552000,6620172,530.97296,95107.79,15.0,1.1496463,126,0,1
1771685476628000,1771685476628000,1771685476604000,6620172,530.96356,95107.92,15.0,1.149648,126,0,1
1771685476680000,1771685476680000,1771685476656000,6620172,530.99646,95107.516,15.0,1.1496431,126,0,1
1771685476732000,1771685476732000,1771685476708000,6620172,530.97296,95107.83,15.0,1.1496468,126,0,1
1771685476784000,1771685476784000,1771685476760000,6620172,530.97296,95107.836,15.0,1.1496469,126,0,1
1771685476836000,1771685476836000,1771685476812000,6620172,530.95886,95107.97,15.0,1.1496485,126,0,1
1771685476888000,1771685476888000,1771685476864000,6620172,531.0246,95107.22,15.0,1.1496395,126,0,1
1771685476940000,1771685476940000,1771685476916000,6620172,530.97296,95107.8,15.0,1.1496464,126,0,1
1771685476992000,1771685476992000,1771685476968000,6620172,530.97296,95107.805,15.0,1.1496465,126,0,1
1771685477044000,1771685477044000,1771685477020000,6620172,530.98236,95107.7,15.0,1.1496453,126,0,1
1771685477096000,1771685477096000,1771685477072000,6620172,530.97296,95107.82,15.0,1.1496468,126,0,1
1771685477148000,1771685477148000,1771685477124000,6620172,530.96356,95107.914,15.0,1.1496478,126,0,1
1771685477200000,1771685477200000,1771685477176000,6620172,531.0199,95107.24,15.0,1.1496397,126,0,1
1771685477252000,1771685477252000,1771685477228000,6620172,530.96356,95107.92,15.0,1.149648,126,0,1
1771685477304000,1771685477304000,1771685477280000,6620172,530.96356,95107.92,15.0,1.149648,126,0,1
1771685477356000,1771685477356000,1771685477332000,6620172,530.8931,95108.71,15.0,1.1496575,126,0,1
1771685477408000,1771685477408000,1771685477384000,6620172,530.98706,95107.63,15.0,1.1496445,126,0,1
1771685477460000,1771685477460000,1771685477436000,6620172,530.95886,95107.96,15.0,1.1496484,126,0,1
1771685477512000,1771685477512000,1771685477488000,6620172,531.0575,95106.836,15.0,1.1496348,126,0,1
1771685477564000,1771685477564000,1771685477540000,6620172,530.96826,95107.875,15.0,1.1496474,126,0,1
1771685477616000,1771685477616000,1771685477592000,6620172,530.99646,95107.516,15.0,1.1496431,126,0,1
1771685477668000,1771685477668000,1771685477644000,6620172,530.99176,95107.61,15.0,1.1496441,126,0,1
1771685477720000,1771685477720000,1771685477696000,6620172,530.96826,95107.84,15.0,1.149647,126,0,1
1771685477772000,1771685477772000,1771685477748000,6620172,531.00116,95107.47,15.0,1.1496425,126,0,1
1771685477824000,1771685477824000,1771685477800000,6620172,530.97296,95107.79,15.0,1.1496463,126,0,1
1771685477876000,1771685477876000,1771685477852000,6620172,530.96356,95107.92,15.0,1.149648,126,0,1
1771685477928000,1771685477928000,1771685477904000,6620172,531.0105,95107.414,15.0,1.1496418,126,0,1
1771685477980000,1771685477980000,1771685477956000,6620172,530.98706,95107.64,15.0,1.1496445,126,0,1
1771685478032000,1771685478032000,1771685478008000,6620172,530.97766,95107.74,15.0,1.1496458,126,0,1
1771685478084000,1771685478084000,1771685478060000,6620172,530.94946,95108.086,15.0,1.14965,126,0,1
1771685478136000,1771685478136000,1771685478112000,6620172,530.9307,95108.266,15.0,1.1496521,126,0,1
1771685478188000,1771685478188000,1771685478164000,6620172,530.99646,95107.516,15.0,1.1496431,126,0,1
1771685478240000,1771685478240000,1771685478216000,6620172,531.0293,95107.17,15.0,1.1496389,126,0,1
1771685478292000,1771685478292000,1771685478268000,6620172,530.98706,95107.63,15.0,1.1496445,126,0,1
1771685478344000,1771685478344000,1771685478320000,6620172,530.99176,95107.625,15.0,1.1496444,126,0,1
1771685478396000,1771685478396000,1771685478372000,6620172,530.95886,95107.945,15.0,1.1496482,126,0,1
1771685478448000,1771685478448000,1771685478424000,6620172,531.00586,95107.445,15.0,1.1496422,126,0,1
1771685478500000,1771685478500000,1771685478476000,6620172,530.99176,95107.62,15.0,1.1496443,126,0,1
1771685478552000,1771685478552000,1771685478528000,6620172,530.99176,95107.61,15.0,1.1496441,126,0,1
1771685478604000,1771685478604000,1771685478580000,6620172,531.0293,95107.195,15.0,1.1496391,126,0,1
1771685478656000,1771685478656000,1771685478632000,6620172,530.95886,95107.96,15.0,1.1496484,126,0,1
1771685478708000,1771685478708000,1771685478684000,6620172,530.98236,95107.67,15.0,1.149645,126,0,1
1771685478760000,1771685478760000,1771685478736000,6620172,530.98236,95107.72,15.0,1.1496454,126,0,1
1771685478812000,1771685478812000,1771685478788000,6620172,530.98236,95107.67,15.0,1.149645,126,0,1
1771685478864000,1771685478864000,1771685478840000,6620172,531.034,95107.125,15.0,1.1496383,126,0,1
1771685478916000,1771685478916000,1771685478892000,6620172,530.97766,95107.74,15.0,1.1496458,126,0,1
1771685478968000,1771685478968000,1771685478944000,6620172,530.98236,95107.664,15.0,1.1496449,126,0,1
1771685479020000,1771685479020000,1771685478996000,6620172,530.97296,95107.78,15.0,1.1496463,126,0,1
1771685479072000,1771685479072000,1771685479048000,6620172,530.9448,95108.125,15.0,1.1496503,126,0,1
1771685479124000,1771685479124000,1771685479100000,6620172,530.98706,95107.66,15.0,1.1496447,126,0,1
1771685479176000,1771685479176000,1771685479152000,6620172,530.97296,95107.8,15.0,1.1496464,126,0,1
1771685479228000,1771685479228000,1771685479204000,6620172,530.9354,95108.22,15.0,1.1496515,126,0,1
1771685479280000,1771685479280000,1771685479256000,6620172,530.97766,95107.75,15.0,1.1496458,126,0,1
1771685479332000,1771685479332000,1771685479308000,6620172,530.95886,95107.945,15.0,1.1496482,126,0,1
1771685479384000,1771685479384000,1771685479360000,6620172,530.98236,95107.7,15.0,1.1496453,126,0,1
1771685479436000,1771685479436000,1771685479412000,6620172,530.98236,95107.664,15.0,1.1496449,126,0,1
1771685479488000,1771685479488000,1771685479464000,6620172,530.95886,95107.97,15.0,1.1496485,126,0,1
1771685479540000,1771685479540000,1771685479516000,6620172,530.97296,95107.805,15.0,1.1496465,126,0,1
1771685479592000,1771685479592000,1771685479568000,6620172,530.95416,95108.03,15.0,1.1496493,126,0,1
1771685479644000,1771685479644000,1771685479620000,6620172,530.9307,95108.32,15.0,1.1496527,126,0,1
1771685479696000,1771685479696000,1771685479672000,6620172,530.95416,95108.016,15.0,1.149649,126,0,1
1771685479748000,1771685479748000,1771685479724000,6620172,530.96356,95107.92,15.0,1.149648,126,0,1
1771685479800000,1771685479800000,1771685479776000,6620172,530.95416,95108.016,15.0,1.149649,126,0,1
1771685479852000,1771685479852000,1771685479828000,6620172,530.94946,95108.07,15.0,1.1496497,126,0,1
1771685479904000,1771685479904000,1771685479880000,6620172,530.98236,95107.71,15.0,1.1496453,126,0,1
1771685479956000,1771685479956000,1771685479932000,6620172,530.95886,95107.945,15.0,1.1496482,126,0,1
1771685480008000,1771685480008000,1771685479984000,6620172,530.96826,95107.875,15.0,1.1496474,126,0,1
1771685480060000,1771685480060000,1771685480036000,6620172,530.96356,95107.914,15.0,1.1496478,126,0,1
1771685480112000,1771685480112000,1771685480088000,6620172,530.926,95108.38,15.0,1.1496536,126,0,1
1771685480164000,1771685480164000,1771685480140000,6620172,530.94946,95108.07,15.0,1.1496497,126,0,1
1771685480216000,1771685480216000,1771685480192000,6620172,530.99176,95107.58,15.0,1.1496438,126,0,1
1771685480268000,1771685480268000,1771685480244000,6620172,530.99646,95107.54,15.0,1.1496433,126,0,1
1771685480320000,1771685480320000,1771685480296000,6620172,530.9448,95108.13,15.0,1.1496505,126,0,1
1771685480372000,1771685480372000,1771685480348000,6620172,530.9119,95108.49,15.0,1.1496549,126,0,1
1771685480424000,1771685480424000,1771685480400000,6620172,530.95416,95108.01,15.0,1.149649,126,0,1
1771685480476000,1771685480476000,1771685480452000,6620172,530.96826,95107.88,15.0,1.1496475,126,0,1
1771685480528000,1771685480528000,1771685480504000,6620172,530.9072,95108.555,15.0,1.1496556,126,0,1
1771685480580000,1771685480580000,1771685480556000,6620172,530.8462,95109.266,15.0,1.1496642,126,0,1
1771685480632000,1771685480632000,1771685480608000,6620172,530.8509,95109.18,15.0,1.1496631,126,0,1
1771685480684000,1771685480684000,1771685480660000,6620172,530.8321,95109.41,15.0,1.1496658,126,0,1
1771685480736000,1771685480736000,1771685480712000,6620172,530.7617,95110.195,15.0,1.1496754,126,0,1
1771685480788000,1771685480788000,1771685480764000,6620172,530.7241,95110.64,15.0,1.1496809,126,0,1
1771685480840000,1771685480840000,1771685480816000,6620172,530.6866,95111.07,15.0,1.149686,126,0,1
1771685480892000,1771685480892000,1771685480868000,6620172,530.61145,95111.92,15.0,1.1496962,126,0,1
1771685480944000,1771685480944000,1771685480920000,6620172,530.58795,95112.21,15.0,1.1496998,126,0,1
1771685480996000,1771685480996000,1771685480972000,6620172,530.5176,95112.99,15.0,1.1497092,126,0,1
1771685481048000,1771685481048000,1771685481024000,6620172,530.44244,95113.87,15.0,1.1497198,126,0,1
1771685481100000,1771685481100000,1771685481076000,6620172,530.3251,95115.2,15.0,1.1497359,126,0,1
1771685481152000,1771685481152000,1771685481128000,6620172,530.3063,95115.414,15.0,1.1497386,126,0,1
1771685481204000,1771685481204000,1771685481180000,6620172,530.21704,95116.46,15.0,1.1497512,126,0,1
1771685481256000,1771685481256000,1771685481232000,6620172,530.08093,95117.99,15.0,1.1497697,126,0,1
1771685481308000,1771685481308000,1771685481284000,6620172,529.9776,95119.18,15.0,1.149784,126,0,1
1771685481360000,1771685481360000,1771685481336000,6620172,529.94946,95119.5,15.0,1.1497879,126,0,1
1771685481412000,1771685481412000,1771685481388000,6620172,529.8649,95120.43,15.0,1.1497991,126,0,1
1771685481464000,1771685481464000,1771685481440000,6620172,529.8039,95121.12,15.0,1.1498075,126,0,1
1771685481516000,1771685481516000,1771685481492000,6620172,529.6771,95122.586,15.0,1.1498252,126,0,1
1771685481568000,1771685481568000,1771685481544000,6620172,529.6865,95122.47,15.0,1.1498238,126,0,1
1771685481620000,1771685481620000,1771685481596000,6620172,529.5269,95124.305,15.0,1.149846,126,0,1
1771685481672000,1771685481672000,1771685481648000,6620172,529.4565,95125.13,15.0,1.149856,126,0,1
1771685481724000,1771685481724000,1771685481700000,6620172,529.38135,95125.945,15.0,1.1498657,126,0,1
1771685481776000,1771685481776000,1771685481752000,6620172,529.3062,95126.836,15.0,1.1498766,126,0,1
1771685481828000,1771685481828000,1771685481804000,6620172,529.2405,95127.58,15.0,1.1498855,126,0,1
1771685481880000,1771685481880000,1771685481856000,6620172,529.17944,95128.26,15.0,1.1498938,126,0,1
1771685481932000,1771685481932000,1771685481908000,6620172,529.0715,95129.51,15.0,1.1499089,126,0,1
1771685481984000,1771685481984000,1771685481960000,6620172,528.9729,95130.625,15.0,1.1499224,126,0,1
1771685482036000,1771685482036000,1771685482012000,6620172,528.91187,95131.32,15.0,1.1499307,126,0,1
1771685482088000,1771685482088000,1771685482064000,6620172,528.82263,95132.33,15.0,1.149943,126,0,1
1771685482140000,1771685482140000,1771685482116000,6620172,528.73816,95133.32,15.0,1.1499549,126,0,1
1771685482192000,1771685482192000,1771685482168000,6620172,528.69586,95133.78,15.0,1.1499605,126,0,1
1771685482244000,1771685482244000,1771685482220000,6620172,528.6536,95134.29,15.0,1.1499667,126,0,1
1771685482296000,1771685482296000,1771685482272000,6620172,528.55975,95135.33,15.0,1.1499792,126,0,1
1771685482348000,1771685482348000,1771685482324000,6620172,528.433,95136.805,15.0,1.1499971,126,0,1
1771685482400000,1771685482400000,1771685482376000,6620172,528.36725,95137.555,15.0,1.1500062,126,0,1
1771685482452000,1771685482452000,1771685482428000,6620172,528.2311,95139.125,15.0,1.1500251,126,0,1
1771685482504000,1771685482504000,1771685482480000,6620172,528.18414,95139.625,15.0,1.1500312,126,0,1
1771685482556000,1771685482556000,1771685482532000,6620172,528.1184,95140.37,15.0,1.1500401,126,0,1
1771685482608000,1771685482608000,1771685482584000,6620172,528.0621,95141.03,15.0,1.1500481,126,0,1
1771685482660000,1771685482660000,1771685482636000,6620172,527.9447,95142.36,15.0,1.1500642,126,0,1
1771685482712000,1771685482712000,1771685482688000,6620172,527.9024,95142.83,15.0,1.1500698,126,0,1
1771685482764000,1771685482764000,1771685482740000,6620172,527.7616,95144.43,15.0,1.1500893,126,0,1
1771685482816000,1771685482816000,1771685482792000,6620172,527.68646,95145.32,15.0,1.1501,126,0,1
1771685482868000,1771685482868000,1771685482844000,6620172,527.6489,95145.76,15.0,1.1501052,126,0,1
1771685482920000,1771685482920000,1771685482896000,6620172,527.5644,95146.695,15.0,1.1501167,126,0,1
1771685482972000,1771685482972000,1771685482948000,6620172,527.4188,95148.39,15.0,1.1501371,126,0,1
1771685483024000,1771685483024000,1771685483000000,6620172,527.4423,95148.09,15.0,1.1501335,126,0,1
1771685483076000,1771685483076000,1771685483052000,6620172,527.32965,95149.42,15.0,1.1501496,126,0,1
1771685483128000,1771685483128000,1771685483104000,6620172,527.1935,95150.93,15.0,1.1501678,126,0,1
1771685483180000,1771685483180000,1771685483156000,6620172,527.1794,95151.12,15.0,1.1501701,126,0,1
1771685483232000,1771685483232000,1771685483208000,6620172,527.0761,95152.28,15.0,1.1501842,126,0,1
1771685483284000,1771685483284000,1771685483260000,6620172,527.0057,95153.09,15.0,1.1501939,126,0,1
1771685483336000,1771685483336000,1771685483312000,6620172,526.9118,95154.16,15.0,1.1502068,126,0,1
1771685483388000,1771685483388000,1771685483364000,6620172,526.8132,95155.305,15.0,1.1502208,126,0,1
1771685483440000,1771685483440000,1771685483416000,6620172,526.78503,95155.62,15.0,1.1502244,126,0,1
1771685483492000,1771685483492000,1771685483468000,6620172,526.7287,95156.22,15.0,1.1502317,126,0,1
1771685483544000,1771685483544000,1771685483520000,6620172,526.63477,95157.33,15.0,1.1502452,126,0,1
1771685483596000,1771685483596000,1771685483572000,6620172,526.4986,95158.89,15.0,1.150264,126,0,1
1771685483648000,1771685483648000,1771685483624000,6620172,526.4141,95159.83,15.0,1.1502753,126,0,1
1771685483700000,1771685483700000,1771685483676000,6620172,526.3859,95160.16,15.0,1.1502793,126,0,1
1771685483752000,1771685483752000,1771685483728000,6620172,526.3108,95161.0,15.0,1.1502895,126,0,1
1771685483804000,1771685483804000,1771685483780000,6620172,526.26385,95161.57,15.0,1.1502964,126,0,1
1771685483856000,1771685483856000,1771685483832000,6620172,526.1559,95162.78,15.0,1.1503111,126,0,1
1771685483908000,1771685483908000,1771685483884000,6620172,526.09955,95163.39,15.0,1.1503184,126,0,1
1771685483960000,1771685483960000,1771685483936000,6620172,525.9916,95164.66,15.0,1.1503338,126,0,1
1771685484012000,1771685484012000,1771685483988000,6620172,526.0338,95164.2,15.0,1.1503283,126,0,1
1771685484064000,1771685484064000,1771685484040000,6620172,525.8601,95166.17,15.0,1.150352,126,0,1
1771685484116000,1771685484116000,1771685484092000,6620172,525.7756,95167.11,15.0,1.1503633,126,0,1
1771685484168000,1771685484168000,1771685484144000,6620172,525.6958,95168.05,15.0,1.1503748,126,0,1
1771685484220000,1771685484220000,1771685484196000,6620172,525.6723,95168.32,15.0,1.150378,126,0,1
1771685484272000,1771685484272000,1771685484248000,6620172,525.57837,95169.38,15.0,1.1503909,126,0,1
1771685484324000,1771685484324000,1771685484300000,6620172,525.4563,95170.76,15.0,1.1504074,126,0,1
1771685484376000,1771685484376000,1771685484352000,6620172,525.44226,95170.95,15.0,1.1504098,126,0,1
1771685484428000,1771685484428000,1771685484404000,6620172,525.2732,95172.86,15.0,1.150433,126,0,1
1771685484480000,1771685484480000,1771685484456000,6620172,525.25446,95173.09,15.0,1.1504357,126,0,1
1771685484532000,1771685484532000,1771685484508000,6620172,525.1277,95174.49,15.0,1.1504526,126,0,1
1771685484584000,1771685484584000,1771685484560000,6620172,525.1089,95174.76,15.0,1.1504558,126,0,1
1771685484636000,1771685484636000,1771685484612000,6620172,525.03375,95175.63,15.0,1.1504664,126,0,1
1771685484688000,1771685484688000,1771685484664000,6620172,524.954,95176.53,15.0,1.1504773,126,0,1
1771685484740000,1771685484740000,1771685484716000,6620172,524.86005,95177.58,15.0,1.1504899,126,0,1
1771685484792000,1771685484792000,1771685484768000,6620172,524.7521,95178.8,15.0,1.1505047,126,0,1
1771685484844000,1771685484844000,1771685484820000,6620172,524.70044,95179.41,15.0,1.150512,126,0,1
1771685484896000,1771685484896000,1771685484872000,6620172,524.6488,95179.96,15.0,1.1505188,126,0,1
1771685484948000,1771685484948000,1771685484924000,6620172,524.51733,95181.516,15.0,1.1505375,126,0,1
1771685485000000,1771685485000000,1771685484976000,6620172,524.49854,95181.72,15.0,1.15054,126,0,1
1771685485052000,1771685485052000,1771685485028000,6620172,524.37646,95183.11,15.0,1.1505568,126,0,1
1771685485104000,1771685485104000,1771685485080000,6620172,524.3342,95183.58,15.0,1.1505624,126,0,1
1771685485156000,1771685485156000,1771685485132000,6620172,524.22156,95184.87,15.0,1.150578,126,0,1
1771685485208000,1771685485208000,1771685485184000,6620172,524.1464,95185.72,15.0,1.1505883,126,0,1
1771685485260000,1771685485260000,1771685485236000,6620172,524.1276,95185.945,15.0,1.150591,126,0,1
1771685485312000,1771685485312000,1771685485288000,6620172,523.9774,95187.68,15.0,1.150612,126,0,1
1771685485364000,1771685485364000,1771685485340000,6620172,523.8788,95188.8,15.0,1.1506256,126,0,1
1771685485416000,1771685485416000,1771685485392000,6620172,523.83655,95189.266,15.0,1.1506312,126,0,1
1771685485468000,1771685485468000,1771685485444000,6620172,523.7567,95190.164,15.0,1.150642,126,0,1
1771685485520000,1771685485520000,1771685485496000,6620172,523.691,95190.95,15.0,1.1506516,126,0,1
1771685485572000,1771685485572000,1771685485548000,6620172,523.6018,95191.945,15.0,1.1506636,126,0,1
1771685485624000,1771685485624000,1771685485600000,6620172,523.6018,95191.95,15.0,1.1506637,126,0,1
1771685485676000,1771685485676000,1771685485652000,6620172,523.44214,95193.75,15.0,1.1506854,126,0,1
1771685485728000,1771685485728000,1771685485704000,6620172,523.4093,95194.14,15.0,1.1506901,126,0,1
1771685485780000,1771685485780000,1771685485756000,6620172,523.28253,95195.61,15.0,1.1507078,126,0,1
1771685485832000,1771685485832000,1771685485808000,6620172,523.2356,95196.14,15.0,1.1507143,126,0,1
1771685485884000,1771685485884000,1771685485860000,6620172,523.15106,95197.07,15.0,1.1507256,126,0,1
1771685485936000,1771685485936000,1771685485912000,6620172,523.1135,95197.516,15.0,1.150731,126,0,1
1771685485988000,1771685485988000,1771685485964000,6620172,523.01025,95198.7,15.0,1.1507453,126,0,1
1771685486040000,1771685486040000,1771685486016000,6620172,522.97736,95199.11,15.0,1.1507502,126,0,1
1771685486092000,1771685486092000,1771685486068000,6620172,522.81305,95200.945,15.0,1.1507723,126,0,1
1771685486144000,1771685486144000,1771685486120000,6620172,522.7238,95201.99,15.0,1.1507851,126,0,1
1771685486196000,1771685486196000,1771685486172000,6620172,522.7238,95201.984,15.0,1.150785,126,0,1
1771685486248000,1771685486248000,1771685486224000,6620172,522.64404,95202.87,15.0,1.1507956,126,0,1
1771685486300000,1771685486300000,1771685486276000,6620172,522.5032,95204.46,15.0,1.1508149,126,0,1
1771685486352000,1771685486352000,1771685486328000,6620172,522.46094,95204.96,15.0,1.150821,126,0,1
1771685486404000,1771685486404000,1771685486380000,6620172,522.3576,95206.164,15.0,1.1508355,126,0,1
1771685486456000,1771685486456000,1771685486432000,6620172,522.3013,95206.79,15.0,1.150843,126,0,1
1771685486508000,1771685486508000,1771685486484000,6620172,522.2074,95207.86,15.0,1.150856,126,0,1
1771685486560000,1771685486560000,1771685486536000,6620172,522.1839,95208.125,15.0,1.1508591,126,0,1
1771685486612000,1771685486612000,1771685486588000,6620172,522.09937,95209.09,15.0,1.1508709,126,0,1
1771685486664000,1771685486664000,1771685486640000,6620172,522.0055,95210.18,15.0,1.150884,126,0,1
1771685486716000,1771685486716000,1771685486692000,6620172,521.95856,95210.71,15.0,1.1508905,126,0,1
1771685486768000,1771685486768000,1771685486744000,6620172,521.8412,95212.08,15.0,1.1509069,126,0,1
1771685486820000,1771685486820000,1771685486796000,6620172,521.78485,95212.695,15.0,1.1509144,126,0,1
1771685486872000,1771685486872000,1771685486848000,6620172,521.6393,95214.37,15.0,1.1509346,126,0,1
1771685486924000,1771685486924000,1771685486900000,6620172,521.57355,95215.086,15.0,1.1509433,126,0,1
1771685486976000,1771685486976000,1771685486952000,6620172,521.55005,95215.36,15.0,1.1509466,126,0,1
1771685487028000,1771685487028000,1771685487004000,6620172,521.4327,95216.71,15.0,1.150963,126,0,1
1771685487080000,1771685487080000,1771685487056000,6620172,521.40454,95217.016,15.0,1.1509666,126,0,1
1771685487132000,1771685487132000,1771685487108000,6620172,521.2684,95218.586,15.0,1.1509856,126,0,1
1771685487184000,1771685487184000,1771685487160000,6620172,521.2731,95218.58,15.0,1.1509855,126,0,1
1771685487236000,1771685487236000,1771685487212000,6620172,521.1369,95220.12,15.0,1.1510041,126,0,1
1771685487288000,1771685487288000,1771685487264000,6620172,521.01953,95221.46,15.0,1.1510204,126,0,1
1771685487340000,1771685487340000,1771685487316000,6620172,521.01953,95221.47,15.0,1.1510205,126,0,1
1771685487392000,1771685487392000,1771685487368000,6620172,520.89746,95222.805,15.0,1.1510366,126,0,1
1771685487444000,1771685487444000,1771685487420000,6620172,520.8364,95223.555,15.0,1.1510457,126,0,1
1771685487496000,1771685487496000,1771685487472000,6620172,520.7613,95224.375,15.0,1.1510556,126,0,1
1771685487548000,1771685487548000,1771685487524000,6620172,520.6486,95225.68,15.0,1.1510714,126,0,1
1771685487600000,1771685487600000,1771685487576000,6620172,520.6017,95226.22,15.0,1.1510779,126,0,1
1771685487652000,1771685487652000,1771685487628000,6620172,520.55475,95226.734,15.0,1.1510841,126,0,1
1771685487704000,1771685487704000,1771685487680000,6620172,520.4514,95227.95,15.0,1.1510988,126,0,1
1771685487756000,1771685487756000,1771685487732000,6620172,520.34344,95229.18,15.0,1.1511136,126,0,1
1771685487808000,1771685487808000,1771685487784000,6620172,520.273,95229.984,15.0,1.1511234,126,0,1
1771685487860000,1771685487860000,1771685487836000,6620172,520.19794,95230.82,15.0,1.1511335,126,0,1
1771685487912000,1771685487912000,1771685487888000,6620172,520.16034,95231.234,15.0,1.1511385,126,0,1
1771685487964000,1771685487964000,1771685487940000,6620172,520.08057,95232.14,15.0,1.1511495,126,0,1
1771685488016000,1771685488016000,1771685487992000,6620172,519.99603,95233.11,15.0,1.1511612,126,0,1
1771685488068000,1771685488068000,1771685488044000,6620172,519.9068,95234.164,15.0,1.151174,126,0,1
1771685488120000,1771685488120000,1771685488096000,6620172,519.86926,95234.555,15.0,1.1511786,126,0,1
1771685488172000,1771685488172000,1771685488148000,6620172,519.7425,95235.99,15.0,1.151196,126,0,1
1771685488224000,1771685488224000,1771685488200000,6620172,519.6392,95237.22,15.0,1.1512109,126,0,1
1771685488276000,1771685488276000,1771685488252000,6620172,519.611,95237.555,15.0,1.151215,126,0,1
1771685488328000,1771685488328000,1771685488304000,6620172,519.51715,95238.62,15.0,1.1512277,126,0,1
1771685488380000,1771685488380000,1771685488356000,6620172,519.4138,95239.78,15.0,1.1512418,126,0,1
1771685488432000,1771685488432000,1771685488408000,6620172,519.2824,95241.3,15.0,1.1512601,126,0,1
1771685488484000,1771685488484000,1771685488460000,6620172,519.30585,95241.03,15.0,1.1512569,126,0,1
1771685488536000,1771685488536000,1771685488512000,6620172,519.2167,95242.05,15.0,1.1512692,126,0,1
1771685488588000,1771685488588000,1771685488564000,6620172,519.14624,95242.836,15.0,1.1512787,126,0,1
1771685488640000,1771685488640000,1771685488616000,6620172,519.0195,95244.3,15.0,1.1512964,126,0,1
1771685488692000,1771685488692000,1771685488668000,6620172,518.93964,95245.195,15.0,1.1513072,126,0,1
1771685488744000,1771685488744000,1771685488720000,6620172,518.8786,95245.87,15.0,1.1513155,126,0,1
1771685488796000,1771685488796000,1771685488772000,6620172,518.83167,95246.414,15.0,1.151322,126,0,1
1771685488848000,1771685488848000,1771685488824000,6620172,518.7284,95247.61,15.0,1.1513364,126,0,1
1771685488900000,1771685488900000,1771685488876000,6620172,518.62976,95248.75,15.0,1.1513503,126,0,1
1771685488952000,1771685488952000,1771685488928000,6620172,518.6063,95249.0,15.0,1.1513532,126,0,1
1771685489004000,1771685489004000,1771685488980000,6620172,518.503,95250.195,15.0,1.1513677,126,0,1
1771685489056000,1771685489056000,1771685489032000,6620172,518.4232,95251.086,15.0,1.1513785,126,0,1
1771685489108000,1771685489108000,1771685489084000,6620172,518.3716,95251.7,15.0,1.1513859,126,0,1
1771685489160000,1771685489160000,1771685489136000,6620172,518.3152,95252.336,15.0,1.1513935,126,0,1
1771685489212000,1771685489212000,1771685489188000,6620172,518.1697,95254.0,15.0,1.1514137,126,0,1
1771685489264000,1771685489264000,1771685489240000,6620172,518.11334,95254.625,15.0,1.1514213,126,0,1
1771685489316000,1771685489316000,1771685489292000,6620172,518.0382,95255.51,15.0,1.1514319,126,0,1
1771685489368000,1771685489368000,1771685489344000,6620172,517.9866,95256.086,15.0,1.151439,126,0,1
1771685489420000,1771685489420000,1771685489396000,6620172,517.8692,95257.43,15.0,1.1514552,126,0,1
1771685489472000,1771685489472000,1771685489448000,6620172,517.79877,95258.26,15.0,1.1514652,126,0,1
1771685489524000,1771685489524000,1771685489500000,6620172,517.73773,95258.945,15.0,1.1514735,126,0,1
1771685489576000,1771685489576000,1771685489552000,6620172,517.62976,95260.164,15.0,1.1514882,126,0,1
1771685489628000,1771685489628000,1771685489604000,6620172,517.5781,95260.76,15.0,1.1514953,126,0,1
1771685489680000,1771685489680000,1771685489656000,6620172,517.4842,95261.83,15.0,1.1515083,126,0,1
1771685489732000,1771685489732000,1771685489708000,6620172,517.3809,95263.04,15.0,1.151523,126,0,1
1771685489784000,1771685489784000,1771685489760000,6620172,517.3809,95262.984,15.0,1.1515223,126,0,1
1771685489836000,1771685489836000,1771685489812000,6620172,517.25415,95264.445,15.0,1.1515399,126,0,1
1771685489888000,1771685489888000,1771685489864000,6620172,517.1509,95265.62,15.0,1.1515541,126,0,1
1771685489940000,1771685489940000,1771685489916000,6620172,517.1415,95265.74,15.0,1.1515557,126,0,1
1771685489992000,1771685489992000,1771685489968000,6620172,516.9678,95267.75,15.0,1.1515799,126,0,1
1771685490044000,1771685490044000,1771685490020000,6620172,516.9584,95267.83,15.0,1.1515808,126,0,1
1771685490096000,1771685490096000,1771685490072000,6620172,516.87384,95268.79,15.0,1.1515925,126,0,1
1771685490148000,1771685490148000,1771685490124000,6620172,516.794,95269.74,15.0,1.1516039,126,0,1
1771685490200000,1771685490200000,1771685490176000,6620172,516.71893,95270.58,15.0,1.1516141,126,0,1
1771685490252000,1771685490252000,1771685490228000,6620172,516.6062,95271.88,15.0,1.1516299,126,0,1
1771685490304000,1771685490304000,1771685490280000,6620172,516.4982,95273.07,15.0,1.1516442,126,0,1
1771685490356000,1771685490356000,1771685490332000,6620172,516.4795,95273.3,15.0,1.151647,126,0,1
1771685490408000,1771685490408000,1771685490384000,6620172,516.4372,95273.805,15.0,1.151653,126,0,1
1771685490460000,1771685490460000,1771685490436000,6620172,516.2729,95275.664,15.0,1.1516756,126,0,1
1771685490512000,1771685490512000,1771685490488000,6620172,516.2588,95275.83,15.0,1.1516776,126,0,1
1771685490564000,1771685490564000,1771685490540000,6620172,516.19775,95276.54,15.0,1.1516862,126,0,1
1771685490616000,1771685490616000,1771685490592000,6620172,516.1367,95277.26,15.0,1.1516949,126,0,1
1771685490668000,1771685490668000,1771685490644000,6620172,515.9348,95279.555,15.0,1.1517226,126,0,1
1771685490720000,1771685490720000,1771685490696000,6620172,515.9255,95279.625,15.0,1.1517235,126,0,1
1771685490772000,1771685490772000,1771685490748000,6620172,515.7799,95281.305,15.0,1.1517438,126,0,1
1771685490824000,1771685490824000,1771685490800000,6620172,515.7283,95281.86,15.0,1.1517504,126,0,1
1771685490876000,1771685490876000,1771685490852000,6620172,515.64374,95282.84,15.0,1.1517624,126,0,1
1771685490928000,1771685490928000,1771685490904000,6620172,515.64844,95282.82,15.0,1.1517621,126,0,1
1771685490980000,1771685490980000,1771685490956000,6620172,515.51227,95284.38,15.0,1.151781,126,0,1
1771685491032000,1771685491032000,1771685491008000,6620172,515.44653,95285.12,15.0,1.1517898,126,0,1
1771685491084000,1771685491084000,1771685491060000,6620172,515.409,95285.555,15.0,1.1517951,126,0,1
1771685491136000,1771685491136000,1771685491112000,6620172,515.36676,95286.04,15.0,1.151801,126,0,1
1771685491188000,1771685491188000,1771685491164000,6620172,515.18835,95288.08,15.0,1.1518257,126,0,1
1771685491240000,1771685491240000,1771685491216000,6620172,515.16956,95288.3,15.0,1.1518283,126,0,1
1771685491292000,1771685491292000,1771685491268000,6620172,515.0663,95289.484,15.0,1.1518426,126,0,1
1771685491344000,1771685491344000,1771685491320000,6620172,514.96295,95290.664,15.0,1.1518569,126,0,1
1771685491396000,1771685491396000,1771685491372000,6620172,514.9019,95291.336,15.0,1.151865,126,0,1
1771685491448000,1771685491448000,1771685491424000,6620172,514.8644,95291.78,15.0,1.1518704,126,0,1
1771685491500000,1771685491500000,1771685491476000,6620172,514.7611,95292.95,15.0,1.1518846,126,0,1
1771685491552000,1771685491552000,1771685491528000,6620172,514.7517,95293.08,15.0,1.1518861,126,0,1
1771685491604000,1771685491604000,1771685491580000,6620172,514.63904,95294.336,15.0,1.1519012,126,0,1
1771685491656000,1771685491656000,1771685491632000,6620172,514.5404,95295.5,15.0,1.1519153,126,0,1
1771685491708000,1771685491708000,1771685491684000,6620172,514.45123,95296.49,15.0,1.1519274,126,0,1
1771685491760000,1771685491760000,1771685491736000,6620172,514.3667,95297.484,15.0,1.1519394,126,0,1
1771685491812000,1771685491812000,1771685491788000,6620172,514.2822,95298.46,15.0,1.1519512,126,0,1
1771685491864000,1771685491864000,1771685491840000,6620172,514.2024,95299.33,15.0,1.1519616,126,0,1
1771685491916000,1771685491916000,1771685491892000,6620172,514.13666,95300.07,15.0,1.1519706,126,0,1
1771685491968000,1771685491968000,1771685491944000,6620172,514.0991,95300.51,15.0,1.1519759,126,0,1
1771685492020000,1771685492020000,1771685491996000,6620172,513.9817,95301.836,15.0,1.151992,126,0,1
1771685492072000,1771685492072000,1771685492048000,6620172,513.92535,95302.5,15.0,1.152,126,0,1
1771685492124000,1771685492124000,1771685492100000,6620172,513.8127,95303.8,15.0,1.1520157,126,0,1
1771685492176000,1771685492176000,1771685492152000,6620172,513.78925,95304.04,15.0,1.1520185,126,0,1
1771685492228000,1771685492228000,1771685492204000,6620172,513.7282,95304.766,15.0,1.1520274,126,0,1
1771685492280000,1771685492280000,1771685492256000,6620172,513.5357,95306.92,15.0,1.1520534,126,0,1
1771685492332000,1771685492332000,1771685492308000,6620172,513.57324,95306.516,15.0,1.1520485,126,0,1
1771685492384000,1771685492384000,1771685492360000,6620172,513.4653,95307.766,15.0,1.1520636,126,0,1
1771685492436000,1771685492436000,1771685492412000,6620172,513.40424,95308.47,15.0,1.1520721,126,0,1
1771685492488000,1771685492488000,1771685492464000,6620172,513.315,95309.46,15.0,1.1520841,126,0,1
1771685492540000,1771685492540000,1771685492516000,6620172,513.19293,95310.86,15.0,1.152101,126,0,1
1771685492592000,1771685492592000,1771685492568000,6620172,513.1554,95311.305,15.0,1.1521064,126,0,1
1771685492644000,1771685492644000,1771685492620000,6620172,513.08966,95312.03,15.0,1.1521152,126,0,1
1771685492696000,1771685492696000,1771685492672000,6620172,512.93945,95313.76,15.0,1.1521361,126,0,1
1771685492748000,1771685492748000,1771685492724000,6620172,512.9488,95313.664,15.0,1.1521349,126,0,1
1771685492800000,1771685492800000,1771685492776000,6620172,512.8737,95314.53,15.0,1.1521454,126,0,1
1771685492852000,1771685492852000,1771685492828000,6620172,512.7892,95315.49,15.0,1.1521571,126,0,1
1771685492904000,1771685492904000,1771685492880000,6620172,512.653,95317.04,15.0,1.1521757,126,0,1
1771685492956000,1771685492956000,1771685492932000,6620172,512.5967,95317.67,15.0,1.1521834,126,0,1
1771685493008000,1771685493008000,1771685492984000,6620172,512.54504,95318.25,15.0,1.1521903,126,0,1
1771685493060000,1771685493060000,1771685493036000,6620172,512.4605,95319.234,15.0,1.1522022,126,0,1
1771685493112000,1771685493112000,1771685493088000,6620172,512.38544,95320.09,15.0,1.1522126,126,0,1
1771685493164000,1771685493164000,1771685493140000,6620172,512.3056,95321.04,15.0,1.1522241,126,0,1
1771685493216000,1771685493216000,1771685493192000,6620172,512.19293,95322.29,15.0,1.1522392,126,0,1
1771685493268000,1771685493268000,1771685493244000,6620172,512.16473,95322.625,15.0,1.1522433,126,0,1
1771685493320000,1771685493320000,1771685493296000,6620172,512.0192,95324.3,15.0,1.1522634,126,0,1
1771685493372000,1771685493372000,1771685493348000,6620172,511.98633,95324.66,15.0,1.1522678,126,0,1
1771685493424000,1771685493424000,1771685493400000,6620172,511.91592,95325.484,15.0,1.1522778,126,0,1
1771685493476000,1771685493476000,1771685493452000,6620172,511.81732,95326.59,15.0,1.1522912,126,0,1
1771685493528000,1771685493528000,1771685493504000,6620172,511.70465,95327.88,15.0,1.1523068,126,0,1
1771685493580000,1771685493580000,1771685493556000,6620172,511.70465,95327.87,15.0,1.1523066,126,0,1
1771685493632000,1771685493632000,1771685493608000,6620172,511.57318,95329.39,15.0,1.152325,126,0,1
1771685493684000,1771685493684000,1771685493660000,6620172,511.5497,95329.63,15.0,1.1523279,126,0,1
1771685493736000,1771685493736000,1771685493712000,6620172,511.4417,95330.91,15.0,1.1523434,126,0,1
1771685493788000,1771685493788000,1771685493764000,6620172,511.4511,95330.805,15.0,1.1523421,126,0,1
1771685493840000,1771685493840000,1771685493816000,6620172,511.37128,95331.66,15.0,1.1523525,126,0,1
1771685493892000,1771685493892000,1771685493868000,6620172,511.23514,95333.266,15.0,1.1523719,126,0,1
1771685493944000,1771685493944000,1771685493920000,6620172,511.20227,95333.62,15.0,1.152376,126,0,1
1771685493996000,1771685493996000,1771685493972000,6620172,511.0755,95335.086,15.0,1.1523938,126,0,1
1771685494048000,1771685494048000,1771685494024000,6620172,510.95343,95336.47,15.0,1.1524106,126,0,1
1771685494100000,1771685494100000,1771685494076000,6620172,510.9112,95336.945,15.0,1.1524163,126,0,1
1771685494152000,1771685494152000,1771685494128000,6620172,510.85483,95337.59,15.0,1.1524242,126,0,1
1771685494204000,1771685494204000,1771685494180000,6620172,510.77502,95338.51,15.0,1.1524352,126,0,1
1771685494256000,1771685494256000,1771685494232000,6620172,510.68112,95339.586,15.0,1.1524483,126,0,1
1771685494308000,1771685494308000,1771685494284000,6620172,510.59662,95340.555,15.0,1.15246,126,0,1
1771685494360000,1771685494360000,1771685494336000,6620172,510.51678,95341.484,15.0,1.1524712,126,0,1
1771685494412000,1771685494412000,1771685494388000,6620172,510.47925,95341.89,15.0,1.1524761,126,0,1
1771685494464000,1771685494464000,1771685494440000,6620172,510.39005,95342.92,15.0,1.1524886,126,0,1
1771685494516000,1771685494516000,1771685494492000,6620172,510.3196,95343.734,15.0,1.1524984,126,0,1
1771685494568000,1771685494568000,1771685494544000,6620172,510.24448,95344.586,15.0,1.1525087,126,0,1
1771685494620000,1771685494620000,1771685494596000,6620172,510.15997,95345.555,15.0,1.1525204,126,0,1
1771685494672000,1771685494672000,1771685494648000,6620172,510.09894,95346.266,15.0,1.152529,126,0,1
1771685494724000,1771685494724000,1771685494700000,6620172,509.99567,95347.414,15.0,1.1525428,126,0,1
1771685494776000,1771685494776000,1771685494752000,6620172,509.92523,95348.21,15.0,1.1525525,126,0,1
1771685494828000,1771685494828000,1771685494804000,6620172,509.8736,95348.83,15.0,1.15256,126,0,1
1771685494880000,1771685494880000,1771685494856000,6620172,509.74683,95350.266,15.0,1.1525774,126,0,1
1771685494932000,1771685494932000,1771685494908000,6620172,509.6858,95350.96,15.0,1.1525857,126,0,1
1771685494984000,1771685494984000,1771685494960000,6620172,509.5825,95352.164,15.0,1.1526003,126,0,1
1771685495036000,1771685495036000,1771685495012000,6620172,509.53085,95352.766,15.0,1.1526076,126,0,1
1771685495088000,1771685495088000,1771685495064000,6620172,509.46042,95353.55,15.0,1.152617,126,0,1
1771685495140000,1771685495140000,1771685495116000,6620172,509.40878,95354.12,15.0,1.1526239,126,0,1
1771685495192000,1771685495192000,1771685495168000,6620172,509.30548,95355.29,15.0,1.1526381,126,0,1
1771685495244000,1771685495244000,1771685495220000,6620172,509.1881,95356.64,15.0,1.1526544,126,0,1
1771685495296000,1771685495296000,1771685495272000,6620172,509.1881,95356.66,15.0,1.1526546,126,0,1
1771685495348000,1771685495348000,1771685495324000,6620172,509.04257,95358.305,15.0,1.1526746,126,0,1
1771685495400000,1771685495400000,1771685495376000,6620172,508.96744,95359.2,15.0,1.1526854,126,0,1
1771685495452000,1771685495452000,1771685495428000,6620172,508.89703,95359.97,15.0,1.1526946,126,0,1
1771685495504000,1771685495504000,1771685495480000,6620172,508.80313,95361.04,15.0,1.1527076,126,0,1
1771685495556000,1771685495556000,1771685495532000,6620172,508.7327,95361.836,15.0,1.1527172,126,0,1
1771685495608000,1771685495608000,1771685495584000,6620172,508.71393,95362.08,15.0,1.1527201,126,0,1
1771685495660000,1771685495660000,1771685495636000,6620172,508.6435,95362.89,15.0,1.15273,126,0,1
1771685495712000,1771685495712000,1771685495688000,6620172,508.51672,95364.32,15.0,1.1527473,126,0,1
1771685495764000,1771685495764000,1771685495740000,6620172,508.50732,95364.45,15.0,1.1527488,126,0,1
1771685495816000,1771685495816000,1771685495792000,6620172,508.39935,95365.68,15.0,1.1527637,126,0,1
1771685495868000,1771685495868000,1771685495844000,6620172,508.31485,95366.64,15.0,1.1527753,126,0,1
1771685495920000,1771685495920000,1771685495896000,6620172,508.23032,95367.586,15.0,1.1527867,126,0,1
1771685495972000,1771685495972000,1771685495948000,6620172,508.18808,95368.08,15.0,1.1527927,126,0,1
1771685496024000,1771685496024000,1771685496000000,6620172,508.10358,95369.05,15.0,1.1528044,126,0,1
1771685496076000,1771685496076000,1771685496052000,6620172,507.9815,95370.43,15.0,1.1528211,126,0,1
1771685496128000,1771685496128000,1771685496104000,6620172,507.89227,95371.484,15.0,1.1528338,126,0,1
1771685496180000,1771685496180000,1771685496156000,6620172,507.81247,95372.41,15.0,1.152845,126,0,1
1771685496232000,1771685496232000,1771685496208000,6620172,507.7984,95372.55,15.0,1.1528467,126,0,1
1771685496284000,1771685496284000,1771685496260000,6620172,507.67633,95373.97,15.0,1.1528639,126,0,1
1771685496336000,1771685496336000,1771685496312000,6620172,507.64346,95374.305,15.0,1.1528679,126,0,1
1771685496388000,1771685496388000,1771685496364000,6620172,507.54956,95375.42,15.0,1.1528814,126,0,1
1771685496440000,1771685496440000,1771685496416000,6620172,507.46036,95376.41,15.0,1.1528933,126,0,1
1771685496492000,1771685496492000,1771685496468000,6620172,507.35236,95377.63,15.0,1.1529082,126,0,1
1771685496544000,1771685496544000,1771685496520000,6620172,507.3383,95377.82,15.0,1.1529105,126,0,1
1771685496596000,1771685496596000,1771685496572000,6620172,507.21152,95379.25,15.0,1.1529278,126,0,1
1771685496648000,1771685496648000,1771685496624000,6620172,507.09882,95380.555,15.0,1.1529435,126,0,1
1771685496700000,1771685496700000,1771685496676000,6620172,507.08945,95380.67,15.0,1.1529449,126,0,1
1771685496752000,1771685496752000,1771685496728000,6620172,506.99554,95381.695,15.0,1.1529573,126,0,1
1771685496804000,1771685496804000,1771685496780000,6620172,506.88287,95383.01,15.0,1.1529732,126,0,1
1771685496856000,1771685496856000,1771685496832000,6620172,506.8406,95383.51,15.0,1.1529791,126,0,1
1771685496908000,1771685496908000,1771685496884000,6620172,506.8265,95383.66,15.0,1.1529809,126,0,1
1771685496960000,1771685496960000,1771685496936000,6620172,506.70914,95384.99,15.0,1.1529971,126,0,1
1771685497012000,1771685497012000,1771685496988000,6620172,506.58237,95386.46,15.0,1.1530149,126,0,1
1771685497064000,1771685497064000,1771685497040000,6620172,506.54013,95386.96,15.0,1.1530209,126,0,1
1771685497116000,1771685497116000,1771685497092000,6620172,506.42743,95388.234,15.0,1.1530364,126,0,1
1771685497168000,1771685497168000,1771685497144000,6620172,506.3758,95388.84,15.0,1.1530436,126,0,1
1771685497220000,1771685497220000,1771685497196000,6620172,506.24902,95390.266,15.0,1.1530609,126,0,1
1771685497272000,1771685497272000,1771685497248000,6620172,506.17392,95391.14,15.0,1.1530714,126,0,1
1771685497324000,1771685497324000,1771685497300000,6620172,506.08472,95392.12,15.0,1.1530832,126,0,1
1771685497376000,1771685497376000,1771685497352000,6620172,506.04245,95392.64,15.0,1.1530895,126,0,1
1771685497428000,1771685497428000,1771685497404000,6620172,505.9767,95393.36,15.0,1.1530982,126,0,1
1771685497480000,1771685497480000,1771685497456000,6620172,505.8875,95394.42,15.0,1.1531111,126,0,1
1771685497532000,1771685497532000,1771685497508000,6620172,505.83588,95394.99,15.0,1.153118,126,0,1
1771685497584000,1771685497584000,1771685497560000,6620172,505.7232,95396.28,15.0,1.1531336,126,0,1
1771685497636000,1771685497636000,1771685497612000,6620172,505.68094,95396.76,15.0,1.1531394,126,0,1
1771685497688000,1771685497688000,1771685497664000,6620172,505.57294,95398.0,15.0,1.1531544,126,0,1
1771685497740000,1771685497740000,1771685497716000,6620172,505.55887,95398.164,15.0,1.1531563,126,0,1
1771685497792000,1771685497792000,1771685497768000,6620172,505.4368,95399.55,15.0,1.1531731,126,0,1
1771685497844000,1771685497844000,1771685497820000,6620172,505.30063,95401.125,15.0,1.1531922,126,0,1
1771685497896000,1771685497896000,1771685497872000,6620172,505.2443,95401.76,15.0,1.1531998,126,0,1
1771685497948000,1771685497948000,1771685497924000,6620172,505.22083,95402.055,15.0,1.1532034,126,0,1
1771685498000000,1771685498000000,1771685497976000,6620172,505.10345,95403.375,15.0,1.1532193,126,0,1
1771685498052000,1771685498052000,1771685498028000,6620172,505.01425,95404.414,15.0,1.1532319,126,0,1
1771685498104000,1771685498104000,1771685498080000,6620172,504.92975,95405.336,15.0,1.1532431,126,0,1
1771685498156000,1771685498156000,1771685498132000,6620172,504.88278,95405.88,15.0,1.1532496,126,0,1
1771685498208000,1771685498208000,1771685498184000,6620172,504.83115,95406.51,15.0,1.1532573,126,0,1
1771685498260000,1771685498260000,1771685498236000,6620172,504.71848,95407.805,15.0,1.1532729,126,0,1
1771685498312000,1771685498312000,1771685498288000,6620172,504.63864,95408.71,15.0,1.1532838,126,0,1
1771685498364000,1771685498364000,1771685498340000,6620172,504.5964,95409.18,15.0,1.1532894,126,0,1
1771685498416000,1771685498416000,1771685498392000,6620172,504.50717,95410.2,15.0,1.1533018,126,0,1
1771685498468000,1771685498468000,1771685498444000,6620172,504.4086,95411.336,15.0,1.1533155,126,0,1
1771685498520000,1771685498520000,1771685498496000,6620172,504.37573,95411.7,15.0,1.15332,126,0,1
1771685498572000,1771685498572000,1771685498548000,6620172,504.26303,95412.99,15.0,1.1533356,126,0,1
1771685498624000,1771685498624000,1771685498600000,6620172,504.2161,95413.53,15.0,1.1533421,126,0,1
1771685498676000,1771685498676000,1771685498652000,6620172,504.14566,95414.33,15.0,1.1533517,126,0,1
1771685498728000,1771685498728000,1771685498704000,6620172,504.0236,95415.74,15.0,1.1533688,126,0,1
1771685498780000,1771685498780000,1771685498756000,6620172,503.9438,95416.66,15.0,1.1533799,126,0,1
1771685498832000,1771685498832000,1771685498808000,6620172,503.85458,95417.66,15.0,1.153392,126,0,1
1771685498884000,1771685498884000,1771685498860000,6620172,503.8358,95417.89,15.0,1.1533948,126,0,1
1771685498936000,1771685498936000,1771685498912000,6620172,503.70905,95419.32,15.0,1.1534121,126,0,1
1771685498988000,1771685498988000,1771685498964000,6620172,503.648,95419.99,15.0,1.1534202,126,0,1
1771685499040000,1771685499040000,1771685499016000,6620172,503.5447,95421.17,15.0,1.1534344,126,0,1
1771685499092000,1771685499092000,1771685499068000,6620172,503.5306,95421.38,15.0,1.153437,126,0,1
1771685499144000,1771685499144000,1771685499120000,6620172,503.42264,95422.61,15.0,1.1534518,126,0,1
1771685499196000,1771685499196000,1771685499172000,6620172,503.32404,95423.734,15.0,1.1534654,126,0,1
1771685499248000,1771685499248000,1771685499224000,6620172,503.28647,95424.17,15.0,1.1534708,126,0,1
1771685499300000,1771685499300000,1771685499276000,6620172,503.1785,95425.38,15.0,1.1534853,126,0,1
1771685499352000,1771685499352000,1771685499328000,6620172,503.11746,95426.086,15.0,1.1534939,126,0,1
1771685499404000,1771685499404000,1771685499380000,6620172,502.9954,95427.46,15.0,1.1535105,126,0,1
1771685499456000,1771685499456000,1771685499432000,6620172,502.93906,95428.13,15.0,1.1535186,126,0,1
1771685499508000,1771685499508000,1771685499484000,6620172,502.86392,95428.99,15.0,1.1535289,126,0,1
1771685499560000,1771685499560000,1771685499536000,6620172,502.73248,95430.5,15.0,1.1535472,126,0,1
1771685499612000,1771685499612000,1771685499588000,6620172,502.72308,95430.59,15.0,1.1535484,126,0,1
1771685499664000,1771685499664000,1771685499640000,6620172,502.65735,95431.38,15.0,1.1535579,126,0,1
1771685499716000,1771685499716000,1771685499692000,6620172,502.56345,95432.47,15.0,1.153571,126,0,1
1771685499768000,1771685499768000,1771685499744000,6620172,502.5118,95432.99,15.0,1.1535773,126,0,1
1771685499820000,1771685499820000,1771685499796000,6620172,502.4038,95434.26,15.0,1.1535926,126,0,1
1771685499872000,1771685499872000,1771685499848000,6620172,502.3099,95435.336,15.0,1.1536057,126,0,1
1771685499924000,1771685499924000,1771685499900000,6620172,502.29114,95435.53,15.0,1.153608,126,0,1
1771685499976000,1771685499976000,1771685499952000,6620172,502.1409,95437.25,15.0,1.1536288,126,0,1
1771685500028000,1771685500028000,1771685500004000,6620172,502.07986,95437.96,15.0,1.1536374,126,0,1
1771685500080000,1771685500080000,1771685500056000,6620172,501.98126,95439.11,15.0,1.1536512,126,0,1
1771685500132000,1771685500132000,1771685500108000,6620172,501.9531,95439.445,15.0,1.1536553,126,0,1
1771685500184000,1771685500184000,1771685500160000,6620172,501.83572,95440.78,15.0,1.1536715,126,0,1
1771685500236000,1771685500236000,1771685500212000,6620172,501.7653,95441.586,15.0,1.1536812,126,0,1
1771685500288000,1771685500288000,1771685500264000,6620172,501.70895,95442.21,15.0,1.1536888,126,0,1
1771685500340000,1771685500340000,1771685500316000,6620172,501.60568,95443.414,15.0,1.1537033,126,0,1
1771685500392000,1771685500392000,1771685500368000,6620172,501.55872,95443.95,15.0,1.1537098,126,0,1
1771685500444000,1771685500444000,1771685500420000,6620172,501.4601,95445.03,15.0,1.1537229,126,0,1
1771685500496000,1771685500496000,1771685500472000,6620172,501.42725,95445.46,15.0,1.153728,126,0,1
1771685500548000,1771685500548000,1771685500524000,6620172,501.32397,95446.62,15.0,1.1537421,126,0,1
1771685500600000,1771685500600000,1771685500576000,6620172,501.23007,95447.66,15.0,1.1537546,126,0,1
1771685500652000,1771685500652000,1771685500628000,6620172,501.2019,95448.04,15.0,1.1537592,126,0,1
1771685500704000,1771685500704000,1771685500680000,6620172,501.1127,95449.03,15.0,1.1537712,126,0,1
1771685500756000,1771685500756000,1771685500732000,6620172,501.0141,95450.164,15.0,1.1537849,126,0,1
1771685500808000,1771685500808000,1771685500784000,6620172,500.9155,95451.25,15.0,1.153798,126,0,1
1771685500860000,1771685500860000,1771685500836000,6620172,500.85916,95451.97,15.0,1.1538067,126,0,1
1771685500912000,1771685500912000,1771685500888000,6620172,500.79813,95452.625,15.0,1.1538147,126,0,1
1771685500964000,1771685500964000,1771685500940000,6620172,500.7371,95453.37,15.0,1.1538236,126,0,1
1771685501016000,1771685501016000,1771685500992000,6620172,500.6573,95454.25,15.0,1.1538343,126,0,1
1771685501068000,1771685501068000,1771685501044000,6620172,500.59155,95454.984,15.0,1.1538432,126,0,1
1771685501120000,1771685501120000,1771685501096000,6620172,500.53052,95455.7,15.0,1.1538519,126,0,1
1771685501172000,1771685501172000,1771685501148000,6620172,500.35678,95457.71,15.0,1.1538762,126,0,1
1771685501224000,1771685501224000,1771685501200000,6620172,500.30984,95458.234,15.0,1.1538825,126,0,1
1771685501276000,1771685501276000,1771685501252000,6620172,500.29108,95458.42,15.0,1.1538848,126,0,1
1771685501328000,1771685501328000,1771685501304000,6620172,500.1643,95459.88,15.0,1.1539024,126,0,1
1771685501380000,1771685501380000,1771685501356000,6620172,500.10797,95460.55,15.0,1.1539104,126,0,1
1771685501432000,1771685501432000,1771685501408000,6620172,500.00937,95461.664,15.0,1.1539239,126,0,1
1771685501484000,1771685501484000,1771685501460000,6620172,499.91547,95462.74,15.0,1.153937,126,0,1
1771685501536000,1771685501536000,1771685501512000,6620172,499.90137,95462.87,15.0,1.1539384,126,0,1
1771685501588000,1771685501588000,1771685501564000,6620172,499.81686,95463.875,15.0,1.1539507,126,0,1
1771685501640000,1771685501640000,1771685501616000,6620172,499.75113,95464.62,15.0,1.1539596,126,0,1
1771685501692000,1771685501692000,1771685501668000,6620172,499.66663,95465.586,15.0,1.1539713,126,0,1
1771685501744000,1771685501744000,1771685501720000,6620172,499.5258,95467.195,15.0,1.1539907,126,0,1
1771685501796000,1771685501796000,1771685501772000,6620172,499.48352,95467.66,15.0,1.1539963,126,0,1
1771685501848000,1771685501848000,1771685501824000,6620172,499.38962,95468.76,15.0,1.1540097,126,0,1
1771685501900000,1771685501900000,1771685501876000,6620172,499.29572,95469.8,15.0,1.1540222,126,0,1
1771685501952000,1771685501952000,1771685501928000,6620172,499.27225,95470.09,15.0,1.1540258,126,0,1
1771685502004000,1771685502004000,1771685501980000,6620172,499.1971,95470.945,15.0,1.154036,126,0,1
1771685502056000,1771685502056000,1771685502032000,6620172,499.07504,95472.37,15.0,1.1540533,126,0,1
1771685502108000,1771685502108000,1771685502084000,6620172,499.00464,95473.17,15.0,1.154063,126,0,1
1771685502160000,1771685502160000,1771685502136000,6620172,498.9483,95473.82,15.0,1.1540709,126,0,1
1771685502212000,1771685502212000,1771685502188000,6620172,498.86847,95474.734,15.0,1.154082,126,0,1
1771685502264000,1771685502264000,1771685502240000,6620172,498.80743,95475.39,15.0,1.1540898,126,0,1
1771685502316000,1771685502316000,1771685502292000,6620172,498.7417,95476.195,15.0,1.1540996,126,0,1
1771685502368000,1771685502368000,1771685502344000,6620172,498.63843,95477.375,15.0,1.1541138,126,0,1
1771685502420000,1771685502420000,1771685502396000,6620172,498.55392,95478.336,15.0,1.1541255,126,0,1
1771685502472000,1771685502472000,1771685502448000,6620172,498.51166,95478.78,15.0,1.1541308,126,0,1
1771685502524000,1771685502524000,1771685502500000,6620172,498.36612,95480.49,15.0,1.1541516,126,0,1
1771685502576000,1771685502576000,1771685502552000,6620172,498.26282,95481.67,15.0,1.1541657,126,0,1
1771685502628000,1771685502628000,1771685502604000,6620172,498.26282,95481.664,15.0,1.1541656,126,0,1
1771685502680000,1771685502680000,1771685502656000,6620172,498.13605,95483.086,15.0,1.1541829,126,0,1
1771685502732000,1771685502732000,1771685502708000,6620172,498.0844,95483.734,15.0,1.1541907,126,0,1
1771685502784000,1771685502784000,1771685502760000,6620172,497.9905,95484.79,15.0,1.1542034,126,0,1
1771685502836000,1771685502836000,1771685502812000,6620172,497.96704,95485.05,15.0,1.1542065,126,0,1
1771685502888000,1771685502888000,1771685502864000,6620172,497.85904,95486.266,15.0,1.1542213,126,0,1
1771685502940000,1771685502940000,1771685502916000,6620172,497.78864,95487.07,15.0,1.1542311,126,0,1
1771685502992000,1771685502992000,1771685502968000,6620172,497.75107,95487.54,15.0,1.1542367,126,0,1
1771685503044000,1771685503044000,1771685503020000,6620172,497.66187,95488.555,15.0,1.154249,126,0,1
1771685503096000,1771685503096000,1771685503072000,6620172,497.59613,95489.29,15.0,1.1542579,126,0,1
1771685503148000,1771685503148000,1771685503124000,6620172,497.5351,95490.01,15.0,1.1542665,126,0,1
1771685503200000,1771685503200000,1771685503176000,6620172,497.39426,95491.586,15.0,1.1542856,126,0,1
1771685503252000,1771685503252000,1771685503228000,6620172,497.3473,95492.164,15.0,1.1542926,126,0,1
1771685503304000,1771685503304000,1771685503280000,6620172,497.23932,95493.41,15.0,1.1543076,126,0,1
1771685503356000,1771685503356000,1771685503332000,6620172,497.21115,95493.68,15.0,1.154311,126,0,1
1771685503408000,1771685503408000,1771685503384000,6620172,497.11725,95494.79,15.0,1.1543243,126,0,1
1771685503460000,1771685503460000,1771685503436000,6620172,497.07968,95495.22,15.0,1.1543295,126,0,1
1771685503512000,1771685503512000,1771685503488000,6620172,497.0374,95495.695,15.0,1.1543353,126,0,1
1771685503564000,1771685503564000,1771685503540000,6620172,496.97638,95496.375,15.0,1.1543435,126,0,1
1771685503616000,1771685503616000,1771685503592000,6620172,496.83084,95498.016,15.0,1.1543633,126,0,1
1771685503668000,1771685503668000,1771685503644000,6620172,496.7745,95498.695,15.0,1.1543715,126,0,1
1771685503720000,1771685503720000,1771685503696000,6620172,496.73694,95499.12,15.0,1.1543766,126,0,1
1771685503772000,1771685503772000,1771685503748000,6620172,496.61487,95500.5,15.0,1.1543933,126,0,1
1771685503824000,1771685503824000,1771685503800000,6620172,496.61487,95500.54,15.0,1.1543938,126,0,1
1771685503876000,1771685503876000,1771685503852000,6620172,496.53036,95501.5,15.0,1.1544055,126,0,1
1771685503928000,1771685503928000,1771685503904000,6620172,496.42236,95502.71,15.0,1.1544201,126,0,1
1771685503980000,1771685503980000,1771685503956000,6620172,496.38013,95503.2,15.0,1.154426,126,0,1
1771685504032000,1771685504032000,1771685504008000,6620172,496.3097,95504.01,15.0,1.1544358,126,0,1
1771685504084000,1771685504084000,1771685504060000,6620172,496.25806,95504.59,15.0,1.1544428,126,0,1
1771685504136000,1771685504136000,1771685504112000,6620172,496.2205,95505.0,15.0,1.1544478,126,0,1
1771685504188000,1771685504188000,1771685504164000,6620172,496.18292,95505.45,15.0,1.1544533,126,0,1
1771685504240000,1771685504240000,1771685504216000,6620172,496.08432,95506.58,15.0,1.1544669,126,0,1
1771685504292000,1771685504292000,1771685504268000,6620172,496.05615,95506.914,15.0,1.1544709,126,0,1
1771685504344000,1771685504344000,1771685504320000,6620172,495.9012,95508.68,15.0,1.1544923,126,0,1
1771685504396000,1771685504396000,1771685504372000,6620172,495.9059,95508.66,15.0,1.1544919,126,0,1
1771685504448000,1771685504448000,1771685504424000,6620172,495.87305,95509.05,15.0,1.1544967,126,0,1
1771685504500000,1771685504500000,1771685504476000,6620172,495.75568,95510.37,15.0,1.1545126,126,0,1
1771685504552000,1771685504552000,1771685504528000,6620172,495.70404,95510.95,15.0,1.1545197,126,0,1
1771685504604000,1771685504604000,1771685504580000,6620172,495.6289,95511.83,15.0,1.1545303,126,0,1
1771685504656000,1771685504656000,1771685504632000,6620172,495.61954,95511.945,15.0,1.1545317,126,0,1
1771685504708000,1771685504708000,1771685504684000,6620172,495.51154,95513.16,15.0,1.1545464,126,0,1
1771685504760000,1771685504760000,1771685504736000,6620172,495.4646,95513.66,15.0,1.1545523,126,0,1
1771685504812000,1771685504812000,1771685504788000,6620172,495.47397,95513.62,15.0,1.1545519,126,0,1
1771685504864000,1771685504864000,1771685504840000,6620172,495.39886,95514.45,15.0,1.154562,126,0,1
1771685504916000,1771685504916000,1771685504892000,6620172,495.34253,95515.09,15.0,1.1545697,126,0,1
1771685504968000,1771685504968000,1771685504944000,6620172,495.24393,95516.24,15.0,1.1545837,126,0,1
1771685505020000,1771685505020000,1771685504996000,6620172,495.1782,95517.01,15.0,1.1545929,126,0,1
1771685505072000,1771685505072000,1771685505048000,6620172,495.12656,95517.55,15.0,1.1545994,126,0,1
1771685505124000,1771685505124000,1771685505100000,6620172,495.07022,95518.22,15.0,1.1546075,126,0,1
1771685505176000,1771685505176000,1771685505152000,6620172,495.05142,95518.414,15.0,1.1546099,126,0,1
1771685505228000,1771685505228000,1771685505204000,6620172,495.0092,95518.93,15.0,1.1546161,126,0,1
1771685505280000,1771685505280000,1771685505256000,6620172,494.91998,95519.89,15.0,1.1546278,126,0,1
1771685505332000,1771685505332000,1771685505308000,6620172,494.88712,95520.3,15.0,1.1546327,126,0,1
1771685505384000,1771685505384000,1771685505360000,6620172,494.80728,95521.2,15.0,1.1546437,126,0,1
1771685505436000,1771685505436000,1771685505412000,6620172,494.75095,95521.86,15.0,1.1546515,126,0,1
1771685505488000,1771685505488000,1771685505464000,6620172,494.71808,95522.24,15.0,1.1546562,126,0,1
1771685505540000,1771685505540000,1771685505516000,6620172,494.66644,95522.79,15.0,1.1546627,126,0,1
1771685505592000,1771685505592000,1771685505568000,6620172,494.64297,95523.08,15.0,1.1546663,126,0,1
1771685505644000,1771685505644000,1771685505620000,6620172,494.61948,95523.37,15.0,1.1546698,126,0,1
1771685505696000,1771685505696000,1771685505672000,6620172,494.58194,95523.766,15.0,1.1546745,126,0,1
1771685505748000,1771685505748000,1771685505724000,6620172,494.44577,95525.36,15.0,1.1546938,126,0,1
1771685505800000,1771685505800000,1771685505776000,6620172,494.4129,95525.695,15.0,1.1546979,126,0,1
1771685505852000,1771685505852000,1771685505828000,6620172,494.38004,95526.14,15.0,1.1547033,126,0,1
1771685505904000,1771685505904000,1771685505880000,6620172,494.35657,95526.37,15.0,1.154706,126,0,1
1771685505956000,1771685505956000,1771685505932000,6620172,494.28613,95527.164,15.0,1.1547157,126,0,1
1771685506008000,1771685506008000,1771685505984000,6620172,494.21573,95528.01,15.0,1.1547259,126,0,1
1771685506060000,1771685506060000,1771685506036000,6620172,494.20163,95528.125,15.0,1.1547272,126,0,1
1771685506112000,1771685506112000,1771685506088000,6620172,494.20163,95528.164,15.0,1.1547277,126,0,1
1771685506164000,1771685506164000,1771685506140000,6620172,494.07486,95529.59,15.0,1.154745,126,0,1
1771685506216000,1771685506216000,1771685506192000,6620172,494.03262,95530.086,15.0,1.154751,126,0,1
1771685506268000,1771685506268000,1771685506244000,6620172,494.02322,95530.2,15.0,1.1547524,126,0,1
1771685506320000,1771685506320000,1771685506296000,6620172,493.9481,95531.055,15.0,1.1547627,126,0,1
1771685506372000,1771685506372000,1771685506348000,6620172,493.91055,95531.5,15.0,1.1547681,126,0,1
1771685506424000,1771685506424000,1771685506400000,6620172,493.85422,95532.12,15.0,1.1547755,126,0,1
1771685506476000,1771685506476000,1771685506452000,6620172,493.80255,95532.734,15.0,1.154783,126,0,1
1771685506528000,1771685506528000,1771685506504000,6620172,493.79785,95532.8,15.0,1.1547837,126,0,1
1771685506580000,1771685506580000,1771685506556000,6620172,493.71335,95533.74,15.0,1.1547952,126,0,1
1771685506632000,1771685506632000,1771685506608000,6620172,493.72745,95533.58,15.0,1.1547931,126,0,1
1771685506684000,1771685506684000,1771685506660000,6620172,493.6476,95534.51,15.0,1.1548045,126,0,1
1771685506736000,1771685506736000,1771685506712000,6620172,493.68988,95534.016,15.0,1.1547985,126,0,1
1771685506788000,1771685506788000,1771685506764000,6620172,493.61945,95534.82,15.0,1.1548082,126,0,1
1771685506840000,1771685506840000,1771685506816000,6620172,493.53024,95535.83,15.0,1.1548204,126,0,1
1771685506892000,1771685506892000,1771685506868000,6620172,493.49268,95536.266,15.0,1.1548257,126,0,1
1771685506944000,1771685506944000,1771685506920000,6620172,493.4833,95536.375,15.0,1.154827,126,0,1
1771685506996000,1771685506996000,1771685506972000,6620172,493.42227,95537.08,15.0,1.1548355,126,0,1
1771685507048000,1771685507048000,1771685507024000,6620172,493.38,95537.555,15.0,1.1548413,126,0,1
1771685507100000,1771685507100000,1771685507076000,6620172,493.31427,95538.336,15.0,1.1548507,126,0,1
1771685507152000,1771685507152000,1771685507128000,6620172,493.31897,95538.28,15.0,1.15485,126,0,1
1771685507204000,1771685507204000,1771685507180000,6620172,493.24854,95539.08,15.0,1.1548597,126,0,1
1771685507256000,1771685507256000,1771685507232000,6620172,493.18283,95539.805,15.0,1.1548685,126,0,1
1771685507308000,1771685507308000,1771685507284000,6620172,493.14056,95540.28,15.0,1.1548742,126,0,1
1771685507360000,1771685507360000,1771685507336000,6620172,493.15463,95540.14,15.0,1.1548725,126,0,1
1771685507412000,1771685507412000,1771685507388000,6620172,493.08893,95540.914,15.0,1.1548818,126,0,1
1771685507464000,1771685507464000,1771685507440000,6620172,493.07953,95541.0,15.0,1.1548829,126,0,1
1771685507516000,1771685507516000,1771685507492000,6620172,493.07483,95541.055,15.0,1.1548836,126,0,1
1771685507568000,1771685507568000,1771685507544000,6620172,493.0232,95541.62,15.0,1.1548904,126,0,1
1771685507620000,1771685507620000,1771685507596000,6620172,492.99033,95542.016,15.0,1.1548952,126,0,1
1771685507672000,1771685507672000,1771685507648000,6620172,492.94806,95542.49,15.0,1.1549009,126,0,1
1771685507724000,1771685507724000,1771685507700000,6620172,492.95276,95542.43,15.0,1.1549002,126,0,1
1771685507776000,1771685507776000,1771685507752000,6620172,492.84946,95543.625,15.0,1.1549146,126,0,1
1771685507828000,1771685507828000,1771685507804000,6620172,492.81662,95544.01,15.0,1.1549193,126,0,1
1771685507880000,1771685507880000,1771685507856000,6620172,492.80252,95544.2,15.0,1.1549217,126,0,1
1771685507932000,1771685507932000,1771685507908000,6620172,492.78842,95544.336,15.0,1.1549232,126,0,1
1771685507984000,1771685507984000,1771685507960000,6620172,492.68515,95545.54,15.0,1.1549377,126,0,1
1771685508036000,1771685508036000,1771685508012000,6620172,492.69455,95545.445,15.0,1.1549367,126,0,1
1771685508088000,1771685508088000,1771685508064000,6620172,492.66168,95545.79,15.0,1.1549408,126,0,1
1771685508140000,1771685508140000,1771685508116000,6620172,492.63818,95546.04,15.0,1.1549438,126,0,1
1771685508192000,1771685508192000,1771685508168000,6620172,492.59595,95546.53,15.0,1.1549498,126,0,1
1771685508244000,1771685508244000,1771685508220000,6620172,492.5208,95547.41,15.0,1.1549604,126,0,1
1771685508296000,1771685508296000,1771685508272000,6620172,492.5208,95547.39,15.0,1.1549602,126,0,1
1771685508348000,1771685508348000,1771685508324000,6620172,492.4504,95548.21,15.0,1.15497,126,0,1
1771685508400000,1771685508400000,1771685508376000,6620172,492.38467,95548.984,15.0,1.1549795,126,0,1
1771685508452000,1771685508452000,1771685508428000,6620172,492.39404,95548.86,15.0,1.1549779,126,0,1
1771685508504000,1771685508504000,1771685508480000,6620172,492.31424,95549.766,15.0,1.1549889,126,0,1
1771685508556000,1771685508556000,1771685508532000,6620172,492.32364,95549.63,15.0,1.1549872,126,0,1
1771685508608000,1771685508608000,1771685508584000,6620172,492.3377,95549.53,15.0,1.154986,126,0,1
1771685508660000,1771685508660000,1771685508636000,6620172,492.3518,95549.34,15.0,1.1549838,126,0,1
1771685508712000,1771685508712000,1771685508688000,6620172,492.2532,95550.49,15.0,1.1549977,126,0,1
1771685508764000,1771685508764000,1771685508740000,6620172,492.14053,95551.74,15.0,1.1550127,126,0,1
1771685508816000,1771685508816000,1771685508792000,6620172,492.1593,95551.516,15.0,1.15501,126,0,1
1771685508868000,1771685508868000,1771685508844000,6620172,492.13583,95551.79,15.0,1.1550133,126,0,1
1771685508920000,1771685508920000,1771685508896000,6620172,492.12173,95551.945,15.0,1.1550152,126,0,1
1771685508972000,1771685508972000,1771685508948000,6620172,492.03723,95552.95,15.0,1.1550274,126,0,1
1771685509024000,1771685509024000,1771685509000000,6620172,491.94803,95553.984,15.0,1.1550399,126,0,1
1771685509076000,1771685509076000,1771685509052000,6620172,491.94333,95554.03,15.0,1.1550404,126,0,1
1771685509128000,1771685509128000,1771685509104000,6620172,491.93863,95554.055,15.0,1.1550407,126,0,1
1771685509180000,1771685509180000,1771685509156000,6620172,491.93863,95554.07,15.0,1.1550409,126,0,1
1771685509232000,1771685509232000,1771685509208000,6620172,491.8776,95554.766,15.0,1.1550493,126,0,1
1771685509284000,1771685509284000,1771685509260000,6620172,491.8776,95554.75,15.0,1.1550491,126,0,1
1771685509336000,1771685509336000,1771685509312000,6620172,491.8823,95554.74,15.0,1.155049,126,0,1
1771685509388000,1771685509388000,1771685509364000,6620172,491.76022,95556.13,15.0,1.1550658,126,0,1
1771685509440000,1771685509440000,1771685509416000,6620172,491.72736,95556.484,15.0,1.1550701,126,0,1
1771685509492000,1771685509492000,1771685509468000,6620172,491.68512,95556.96,15.0,1.1550758,126,0,1
1771685509544000,1771685509544000,1771685509520000,6620172,491.6053,95557.92,15.0,1.1550875,126,0,1
1771685509596000,1771685509596000,1771685509572000,6620172,491.62408,95557.71,15.0,1.155085,126,0,1
1771685509648000,1771685509648000,1771685509624000,6620172,491.56305,95558.375,15.0,1.155093,126,0,1
1771685509700000,1771685509700000,1771685509676000,6620172,491.55835,95558.43,15.0,1.1550936,126,0,1
1771685509752000,1771685509752000,1771685509728000,6620172,491.52078,95558.84,15.0,1.1550986,126,0,1
1771685509804000,1771685509804000,1771685509780000,6620172,491.53955,95558.63,15.0,1.155096,126,0,1
1771685509856000,1771685509856000,1771685509832000,6620172,491.41748,95560.016,15.0,1.1551127,126,0,1
1771685509908000,1771685509908000,1771685509884000,6620172,491.47385,95559.41,15.0,1.1551054,126,0,1
1771685509960000,1771685509960000,1771685509936000,6620172,491.35178,95560.8,15.0,1.1551222,126,0,1
1771685510012000,1771685510012000,1771685509988000,6620172,491.3142,95561.25,15.0,1.1551276,126,0,1
1771685510064000,1771685510064000,1771685510040000,6620172,491.29074,95561.516,15.0,1.1551309,126,0,1
1771685510116000,1771685510116000,1771685510092000,6620172,491.27194,95561.695,15.0,1.1551331,126,0,1
1771685510168000,1771685510168000,1771685510144000,6620172,491.2156,95562.336,15.0,1.1551408,126,0,1
1771685510220000,1771685510220000,1771685510196000,6620172,491.23438,95562.14,15.0,1.1551385,126,0,1
1771685510272000,1771685510272000,1771685510248000,6620172,491.17334,95562.8,15.0,1.1551464,126,0,1
1771685510324000,1771685510324000,1771685510300000,6620172,491.10294,95563.63,15.0,1.1551565,126,0,1
1771685510376000,1771685510376000,1771685510352000,6620172,491.1311,95563.28,15.0,1.1551522,126,0,1
1771685510428000,1771685510428000,1771685510404000,6620172,491.05127,95564.24,15.0,1.1551639,126,0,1
1771685510480000,1771685510480000,1771685510456000,6620172,490.99493,95564.88,15.0,1.1551716,126,0,1
1771685510532000,1771685510532000,1771685510508000,6620172,491.0466,95564.25,15.0,1.155164,126,0,1
1771685510584000,1771685510584000,1771685510560000,6620172,490.89166,95566.09,15.0,1.1551863,126,0,1
1771685510636000,1771685510636000,1771685510612000,6620172,490.88696,95566.14,15.0,1.1551868,126,0,1
1771685510688000,1771685510688000,1771685510664000,6620172,490.89166,95566.055,15.0,1.1551858,126,0,1
1771685510740000,1771685510740000,1771685510716000,6620172,490.83063,95566.78,15.0,1.1551945,126,0,1
1771685510792000,1771685510792000,1771685510768000,6620172,490.83063,95566.766,15.0,1.1551944,126,0,1
1771685510844000,1771685510844000,1771685510820000,6620172,490.77426,95567.38,15.0,1.1552018,126,0,1
1771685510896000,1771685510896000,1771685510872000,6620172,490.71793,95568.08,15.0,1.1552103,126,0,1
1771685510948000,1771685510948000,1771685510924000,6620172,490.6663,95568.63,15.0,1.1552169,126,0,1
1771685511000000,1771685511000000,1771685510976000,6620172,490.60526,95569.305,15.0,1.155225,126,0,1
1771685511052000,1771685511052000,1771685511028000,6620172,490.5771,95569.67,15.0,1.1552294,126,0,1
1771685511104000,1771685511104000,1771685511080000,6620172,490.54892,95569.984,15.0,1.1552333,126,0,1
1771685511156000,1771685511156000,1771685511132000,6620172,490.61465,95569.26,15.0,1.1552244,126,0,1
1771685511208000,1771685511208000,1771685511184000,6620172,490.50665,95570.46,15.0,1.155239,126,0,1
1771685511260000,1771685511260000,1771685511236000,6620172,490.4738,95570.86,15.0,1.1552439,126,0,1
1771685511312000,1771685511312000,1771685511288000,6620172,490.3611,95572.17,15.0,1.1552597,126,0,1
1771685511364000,1771685511364000,1771685511340000,6620172,490.3705,95572.055,15.0,1.1552583,126,0,1
1771685511416000,1771685511416000,1771685511392000,6620172,490.3752,95571.95,15.0,1.1552571,126,0,1
1771685511468000,1771685511468000,1771685511444000,6620172,490.30478,95572.76,15.0,1.1552668,126,0,1
1771685511520000,1771685511520000,1771685511496000,6620172,490.2813,95573.04,15.0,1.1552702,126,0,1
1771685511572000,1771685511572000,1771685511548000,6620172,490.21558,95573.83,15.0,1.1552798,126,0,1
1771685511624000,1771685511624000,1771685511600000,6620172,490.20148,95573.96,15.0,1.1552813,126,0,1
1771685511676000,1771685511676000,1771685511652000,6620172,490.13107,95574.79,15.0,1.1552913,126,0,1
1771685511728000,1771685511728000,1771685511704000,6620172,490.11697,95574.914,15.0,1.1552929,126,0,1
1771685511780000,1771685511780000,1771685511756000,6620172,490.12637,95574.83,15.0,1.1552918,126,0,1
1771685511832000,1771685511832000,1771685511808000,6620172,490.0747,95575.39,15.0,1.1552986,126,0,1
1771685511884000,1771685511884000,1771685511860000,6620172,490.03717,95575.86,15.0,1.1553043,126,0,1
1771685511936000,1771685511936000,1771685511912000,6620172,490.02307,95576.04,15.0,1.1553065,126,0,1
1771685511988000,1771685511988000,1771685511964000,6620172,489.92447,95577.16,15.0,1.1553199,126,0,1
1771685512040000,1771685512040000,1771685512016000,6620172,489.93857,95576.97,15.0,1.1553177,126,0,1
1771685512092000,1771685512092000,1771685512068000,6620172,489.92917,95577.08,15.0,1.155319,126,0,1
1771685512144000,1771685512144000,1771685512120000,6620172,489.88223,95577.61,15.0,1.1553254,126,0,1
1771685512196000,1771685512196000,1771685512172000,6620172,489.8024,95578.555,15.0,1.1553369,126,0,1
1771685512248000,1771685512248000,1771685512224000,6620172,489.83527,95578.195,15.0,1.1553326,126,0,1
1771685512300000,1771685512300000,1771685512276000,6620172,489.73666,95579.29,15.0,1.1553458,126,0,1
1771685512352000,1771685512352000,1771685512328000,6620172,489.7179,95579.49,15.0,1.1553482,126,0,1
1771685512404000,1771685512404000,1771685512380000,6620172,489.66626,95580.086,15.0,1.1553553,126,0,1
1771685512456000,1771685512456000,1771685512432000,6620172,489.57236,95581.14,15.0,1.1553681,126,0,1
1771685512508000,1771685512508000,1771685512484000,6620172,489.60522,95580.82,15.0,1.1553643,126,0,1
1771685512560000,1771685512560000,1771685512536000,6620172,489.60052,95580.86,15.0,1.1553648,126,0,1
1771685512612000,1771685512612000,1771685512588000,6620172,489.5489,95581.445,15.0,1.1553718,126,0,1
1771685512664000,1771685512664000,1771685512640000,6620172,489.47845,95582.25,15.0,1.1553816,126,0,1
1771685512716000,1771685512716000,1771685512692000,6620172,489.4362,95582.75,15.0,1.1553875,126,0,1
1771685512768000,1771685512768000,1771685512744000,6620172,489.4409,95582.664,15.0,1.1553866,126,0,1
1771685512820000,1771685512820000,1771685512796000,6620172,489.3423,95583.79,15.0,1.1554002,126,0,1
1771685512872000,1771685512872000,1771685512848000,6620172,489.3423,95583.79,15.0,1.1554002,126,0,1
1771685512924000,1771685512924000,1771685512900000,6620172,489.27188,95584.625,15.0,1.1554103,126,0,1
1771685512976000,1771685512976000,1771685512952000,6620172,489.30005,95584.29,15.0,1.1554062,126,0,1
1771685513028000,1771685513028000,1771685513004000,6620172,489.2296,95585.125,15.0,1.1554163,126,0,1
1771685513080000,1771685513080000,1771685513056000,6620172,489.19675,95585.49,15.0,1.1554208,126,0,1
1771685513132000,1771685513132000,1771685513108000,6620172,489.1404,95586.16,15.0,1.1554288,126,0,1
1771685513184000,1771685513184000,1771685513160000,6620172,489.10284,95586.555,15.0,1.1554335,126,0,1
1771685513236000,1771685513236000,1771685513212000,6620172,489.08408,95586.78,15.0,1.1554363,126,0,1
1771685513288000,1771685513288000,1771685513264000,6620172,489.0559,95587.09,15.0,1.1554401,126,0,1
1771685513340000,1771685513340000,1771685513316000,6620172,488.98547,95587.875,15.0,1.1554495,126,0,1
1771685513392000,1771685513392000,1771685513368000,6620172,488.98547,95587.88,15.0,1.1554496,126,0,1
1771685513444000,1771685513444000,1771685513420000,6620172,488.98077,95587.92,15.0,1.1554501,126,0,1
1771685513496000,1771685513496000,1771685513472000,6620172,488.9432,95588.34,15.0,1.1554552,126,0,1
1771685513548000,1771685513548000,1771685513524000,6620172,488.8775,95589.11,15.0,1.1554644,126,0,1
1771685513600000,1771685513600000,1771685513576000,6620172,488.80237,95589.984,15.0,1.155475,126,0,1
1771685513652000,1771685513652000,1771685513628000,6620172,488.72256,95590.93,15.0,1.1554865,126,0,1
1771685513704000,1771685513704000,1771685513680000,6620172,488.81647,95589.83,15.0,1.1554731,126,0,1
1771685513756000,1771685513756000,1771685513732000,6620172,488.70377,95591.125,15.0,1.1554888,126,0,1
1771685513808000,1771685513808000,1771685513784000,6620172,488.685,95591.37,15.0,1.1554917,126,0,1
1771685513860000,1771685513860000,1771685513836000,6620172,488.60986,95592.21,15.0,1.155502,126,0,1
1771685513912000,1771685513912000,1771685513888000,6620172,488.64743,95591.79,15.0,1.1554968,126,0,1
1771685513964000,1771685513964000,1771685513940000,6620172,488.53946,95592.984,15.0,1.1555113,126,0,1
1771685514016000,1771685514016000,1771685513992000,6620172,488.51596,95593.26,15.0,1.1555146,126,0,1
1771685514068000,1771685514068000,1771685514044000,6620172,488.48312,95593.66,15.0,1.1555194,126,0,1
1771685514120000,1771685514120000,1771685514096000,6620172,488.45963,95593.93,15.0,1.1555227,126,0,1
1771685514172000,1771685514172000,1771685514148000,6620172,488.45493,95594.01,15.0,1.1555237,126,0,1
1771685514224000,1771685514224000,1771685514200000,6620172,488.38452,95594.766,15.0,1.1555328,126,0,1
1771685514276000,1771685514276000,1771685514252000,6620172,488.38922,95594.72,15.0,1.1555322,126,0,1
1771685514328000,1771685514328000,1771685514304000,6620172,488.29062,95595.875,15.0,1.1555462,126,0,1
1771685514380000,1771685514380000,1771685514356000,6620172,488.26245,95596.17,15.0,1.1555498,126,0,1
1771685514432000,1771685514432000,1771685514408000,6620172,488.20612,95596.83,15.0,1.1555578,126,0,1
1771685514484000,1771685514484000,1771685514460000,6620172,488.24365,95596.43,15.0,1.155553,126,0,1
1771685514536000,1771685514536000,1771685514512000,6620172,488.15915,95597.36,15.0,1.1555642,126,0,1
1771685514588000,1771685514588000,1771685514564000,6620172,488.1169,95597.875,15.0,1.1555704,126,0,1
1771685514640000,1771685514640000,1771685514616000,6620172,488.1075,95597.95,15.0,1.1555713,126,0,1
1771685514692000,1771685514692000,1771685514668000,6620172,488.1028,95597.99,15.0,1.1555718,126,0,1
1771685514744000,1771685514744000,1771685514720000,6620172,488.06995,95598.39,15.0,1.1555766,126,0,1
1771685514796000,1771685514796000,1771685514772000,6620172,488.03708,95598.766,15.0,1.1555811,126,0,1
1771685514848000,1771685514848000,1771685514824000,6620172,487.97134,95599.53,15.0,1.1555904,126,0,1
1771685514900000,1771685514900000,1771685514876000,6620172,488.0089,95599.086,15.0,1.155585,126,0,1
1771685514952000,1771685514952000,1771685514928000,6620172,488.02768,95598.88,15.0,1.1555825,126,0,1
1771685515004000,1771685515004000,1771685514980000,6620172,487.9291,95599.99,15.0,1.155596,126,0,1
1771685515056000,1771685515056000,1771685515032000,6620172,487.94318,95599.875,15.0,1.1555946,126,0,1
1771685515108000,1771685515108000,1771685515084000,6620172,487.96198,95599.625,15.0,1.1555916,126,0,1
1771685515160000,1771685515160000,1771685515136000,6620172,487.96198,95599.625,15.0,1.1555916,126,0,1
1771685515212000,1771685515212000,1771685515188000,6620172,487.97604,95599.484,15.0,1.1555898,126,0,1
1771685515264000,1771685515264000,1771685515240000,6620172,487.99484,95599.26,15.0,1.1555871,126,0,1
1771685515316000,1771685515316000,1771685515292000,6620172,488.0042,95599.18,15.0,1.1555861,126,0,1
1771685515368000,1771685515368000,1771685515344000,6620172,487.98544,95599.39,15.0,1.1555887,126,0,1
1771685515420000,1771685515420000,1771685515396000,6620172,487.96198,95599.63,15.0,1.1555916,126,0,1
1771685515472000,1771685515472000,1771685515448000,6620172,487.96664,95599.59,15.0,1.1555911,126,0,1
1771685515524000,1771685515524000,1771685515500000,6620172,487.97134,95599.53,15.0,1.1555904,126,0,1
1771685515576000,1771685515576000,1771685515552000,6620172,487.97604,95599.484,15.0,1.1555898,126,0,1
1771685515628000,1771685515628000,1771685515604000,6620172,487.95728,95599.67,15.0,1.1555921,126,0,1
1771685515680000,1771685515680000,1771685515656000,6620172,487.96198,95599.63,15.0,1.1555916,126,0,1
1771685515732000,1771685515732000,1771685515708000,6620172,488.0136,95599.03,15.0,1.1555843,126,0,1
1771685515784000,1771685515784000,1771685515760000,6620172,488.0183,95598.945,15.0,1.1555834,126,0,1
1771685515836000,1771685515836000,1771685515812000,6620172,487.99014,95599.305,15.0,1.1555877,126,0,1
1771685515888000,1771685515888000,1771685515864000,6620172,487.97604,95599.445,15.0,1.1555893,126,0,1
1771685515940000,1771685515940000,1771685515916000,6620172,488.04648,95598.67,15.0,1.15558,126,0,1
1771685515992000,1771685515992000,1771685515968000,6620172,487.95258,95599.74,15.0,1.1555929,126,0,1
1771685516044000,1771685516044000,1771685516020000,6620172,487.96664,95599.59,15.0,1.1555911,126,0,1
1771685516096000,1771685516096000,1771685516072000,6620172,487.94318,95599.87,15.0,1.1555945,126,0,1
1771685516148000,1771685516148000,1771685516124000,6620172,487.97604,95599.43,15.0,1.1555892,126,0,1
1771685516200000,1771685516200000,1771685516176000,6620172,487.95728,95599.67,15.0,1.1555921,126,0,1
1771685516252000,1771685516252000,1771685516228000,6620172,487.99014,95599.32,15.0,1.1555879,126,0,1
1771685516304000,1771685516304000,1771685516280000,6620172,487.97134,95599.51,15.0,1.1555902,126,0,1
1771685516356000,1771685516356000,1771685516332000,6620172,488.08405,95598.24,15.0,1.1555748,126,0,1
1771685516408000,1771685516408000,1771685516384000,6620172,487.98544,95599.36,15.0,1.1555884,126,0,1
1771685516460000,1771685516460000,1771685516436000,6620172,487.97604,95599.47,15.0,1.1555897,126,0,1
1771685516512000,1771685516512000,1771685516488000,6620172,487.9244,95600.055,15.0,1.1555967,126,0,1
1771685516564000,1771685516564000,1771685516540000,6620172,487.98544,95599.336,15.0,1.155588,126,0,1
1771685516616000,1771685516616000,1771685516592000,6620172,487.99484,95599.26,15.0,1.1555871,126,0,1
1771685516668000,1771685516668000,1771685516644000,6620172,487.9995,95599.195,15.0,1.1555864,126,0,1
1771685516720000,1771685516720000,1771685516696000,6620172,487.9995,95599.21,15.0,1.1555866,126,0,1
1771685516772000,1771685516772000,1771685516748000,6620172,487.9338,95599.96,15.0,1.1555957,126,0,1
1771685516824000,1771685516824000,1771685516800000,6620172,488.0183,95599.0,15.0,1.155584,126,0,1
1771685516876000,1771685516876000,1771685516852000,6620172,488.03708,95598.75,15.0,1.155581,126,0,1
1771685516928000,1771685516928000,1771685516904000,6620172,487.99484,95599.24,15.0,1.155587,126,0,1
1771685516980000,1771685516980000,1771685516956000,6620172,488.04178,95598.71,15.0,1.1555805,126,0,1
1771685517032000,1771685517032000,1771685517008000,6620172,487.98074,95599.41,15.0,1.1555889,126,0,1
1771685517084000,1771685517084000,1771685517060000,6620172,487.97604,95599.47,15.0,1.1555897,126,0,1
1771685517136000,1771685517136000,1771685517112000,6620172,487.9338,95599.93,15.0,1.1555952,126,0,1
1771685517188000,1771685517188000,1771685517164000,6620172,487.9291,95599.99,15.0,1.155596,126,0,1
1771685517240000,1771685517240000,1771685517216000,6620172,487.97134,95599.54,15.0,1.1555905,126,0,1
1771685517292000,1771685517292000,1771685517268000,6620172,487.97134,95599.516,15.0,1.1555903,126,0,1
1771685517344000,1771685517344000,1771685517320000,6620172,487.95728,95599.695,15.0,1.1555924,126,0,1
1771685517396000,1771685517396000,1771685517372000,6620172,487.96664,95599.59,15.0,1.1555911,126,0,1
1771685517448000,1771685517448000,1771685517424000,6620172,487.96198,95599.62,15.0,1.1555915,126,0,1
1771685517500000,1771685517500000,1771685517476000,6620172,487.95258,95599.72,15.0,1.1555927,126,0,1
1771685517552000,1771685517552000,1771685517528000,6620172,487.9338,95599.96,15.0,1.1555957,126,0,1
1771685517604000,1771685517604000,1771685517580000,6620172,487.98074,95599.42,15.0,1.1555891,126,0,1
1771685517656000,1771685517656000,1771685517632000,6620172,487.9291,95600.01,15.0,1.1555961,126,0,1
1771685517708000,1771685517708000,1771685517684000,6620172,487.95258,95599.72,15.0,1.1555927,126,0,1
1771685517760000,1771685517760000,1771685517736000,6620172,487.94788,95599.805,15.0,1.1555938,126,0,1
1771685517812000,1771685517812000,1771685517788000,6620172,487.99014,95599.305,15.0,1.1555877,126,0,1
1771685517864000,1771685517864000,1771685517840000,6620172,487.94318,95599.87,15.0,1.1555945,126,0,1
1771685517916000,1771685517916000,1771685517892000,6620172,487.96664,95599.57,15.0,1.1555909,126,0,1
1771685517968000,1771685517968000,1771685517944000,6620172,487.97604,95599.445,15.0,1.1555893,126,0,1
1771685518020000,1771685518020000,1771685517996000,6620172,487.99484,95599.234,15.0,1.1555868,126,0,1
1771685518072000,1771685518072000,1771685518048000,6620172,487.9244,95600.03,15.0,1.1555965,126,0,1
1771685518124000,1771685518124000,1771685518100000,6620172,487.9338,95599.97,15.0,1.1555957,126,0,1
1771685518176000,1771685518176000,1771685518152000,6620172,488.0042,95599.13,15.0,1.1555856,126,0,1
1771685518228000,1771685518228000,1771685518204000,6620172,488.023,95598.93,15.0,1.1555831,126,0,1
1771685518280000,1771685518280000,1771685518256000,6620172,487.99014,95599.305,15.0,1.1555877,126,0,1
1771685518332000,1771685518332000,1771685518308000,6620172,488.0042,95599.14,15.0,1.1555856,126,0,1
1771685518384000,1771685518384000,1771685518360000,6620172,488.0136,95599.016,15.0,1.1555842,126,0,1
1771685518436000,1771685518436000,1771685518412000,6620172,487.97604,95599.45,15.0,1.1555895,126,0,1
1771685518488000,1771685518488000,1771685518464000,6620172,487.99484,95599.26,15.0,1.1555871,126,0,1
1771685518540000,1771685518540000,1771685518516000,6620172,487.94318,95599.87,15.0,1.1555945,126,0,1
1771685518592000,1771685518592000,1771685518568000,6620172,487.99484,95599.266,15.0,1.1555872,126,0,1
1771685518644000,1771685518644000,1771685518620000,6620172,487.96664,95599.55,15.0,1.1555907,126,0,1
1771685518696000,1771685518696000,1771685518672000,6620172,487.94318,95599.836,15.0,1.1555941,126,0,1
1771685518748000,1771685518748000,1771685518724000,6620172,487.98544,95599.37,15.0,1.1555884,126,0,1
1771685518800000,1771685518800000,1771685518776000,6620172,487.96198,95599.664,15.0,1.1555921,126,0,1
1771685518852000,1771685518852000,1771685518828000,6620172,487.97134,95599.51,15.0,1.1555902,126,0,1
1771685518904000,1771685518904000,1771685518880000,6620172,487.99014,95599.3,15.0,1.1555876,126,0,1
1771685518956000,1771685518956000,1771685518932000,6620172,487.95728,95599.68,15.0,1.1555922,126,0,1
1771685519008000,1771685519008000,1771685518984000,6620172,488.0183,95598.96,15.0,1.1555835,126,0,1
1771685519060000,1771685519060000,1771685519036000,6620172,487.94788,95599.8,15.0,1.1555936,126,0,1
1771685519112000,1771685519112000,1771685519088000,6620172,487.97134,95599.54,15.0,1.1555905,126,0,1
1771685519164000,1771685519164000,1771685519140000,6620172,488.0089,95599.12,15.0,1.1555854,126,0,1
1771685519216000,1771685519216000,1771685519192000,6620172,487.99014,95599.32,15.0,1.1555879,126,0,1
1771685519268000,1771685519268000,1771685519244000,6620172,488.0042,95599.125,15.0,1.1555855,126,0,1
1771685519320000,1771685519320000,1771685519296000,6620172,487.98544,95599.375,15.0,1.1555885,126,0,1
1771685519372000,1771685519372000,1771685519348000,6620172,487.99484,95599.266,15.0,1.1555872,126,0,1
1771685519424000,1771685519424000,1771685519400000,6620172,487.94318,95599.84,15.0,1.1555942,126,0,1
1771685519476000,1771685519476000,1771685519452000,6620172,487.97134,95599.49,15.0,1.1555899,126,0,1
1771685519528000,1771685519528000,1771685519504000,6620172,487.99014,95599.3,15.0,1.1555876,126,0,1
1771685519580000,1771685519580000,1771685519556000,6620172,487.97134,95599.49,15.0,1.1555899,126,0,1
1771685519632000,1771685519632000,1771685519608000,6620172,487.94318,95599.83,15.0,1.155594,126,0,1
1771685519684000,1771685519684000,1771685519660000,6620172,487.97604,95599.43,15.0,1.1555892,126,0,1
1771685519736000,1771685519736000,1771685519712000,6620172,488.02768,95598.86,15.0,1.1555823,126,0,1
1771685519788000,1771685519788000,1771685519764000,6620172,487.96664,95599.58,15.0,1.155591,126,0,1
1771685519840000,1771685519840000,1771685519816000,6620172,487.96198,95599.66,15.0,1.155592,126,0,1
1771685519892000,1771685519892000,1771685519868000,6620172,487.99014,95599.33,15.0,1.1555879,126,0,1
1771685519944000,1771685519944000,1771685519920000,6620172,487.9291,95599.99,15.0,1.155596,126,0,1
1771685519996000,1771685519996000,1771685519972000,6620172,487.97134,95599.5,15.0,1.15559,126,0,1
1771685520048000,1771685520048000,1771685520024000,6620172,487.93848,95599.89,15.0,1.1555948,126,0,1
1771685520100000,1771685520100000,1771685520076000,6620172,487.95258,95599.734,15.0,1.1555929,126,0,1
1771685520152000,1771685520152000,1771685520128000,6620172,487.99014,95599.33,15.0,1.1555879,126,0,1
1771685520204000,1771685520204000,1771685520180000,6620172,487.9995,95599.195,15.0,1.1555864,126,0,1
1771685520256000,1771685520256000,1771685520232000,6620172,487.96664,95599.586,15.0,1.1555911,126,0,1
1771685520308000,1771685520308000,1771685520284000,6620172,487.915,95600.17,15.0,1.1555982,126,0,1
1771685520360000,1771685520360000,1771685520336000,6620172,488.0183,95599.0,15.0,1.155584,126,0,1
1771685520412000,1771685520412000,1771685520388000,6620172,487.9338,95599.92,15.0,1.1555952,126,0,1
1771685520464000,1771685520464000,1771685520440000,6620172,487.97134,95599.53,15.0,1.1555904,126,0,1
