timestamp,timestamp_sample,pub_timestamp,time_last_fuse,device_id,observation,observation_variance,innovation,innovation_filtered,innovation_variance,test_ratio,test_ratio_filtered,publisher_id,estimator_instance,innovation_rejected,fused
1771685725396000,1771685725238000,0,1771685725244000,0,-488.008,0.5625,0.043304443,0.063591495,0.57550585,0.00013033923,0.00032836242,0,0,0,1
1771685725444000,1771685725290000,0,1771685725292000,0,-488.009,0.5625,0.04232788,0.0615884,0.5754768,0.00012453321,0.0003091611,0,0,0,1
1771685725500000,1771685725342000,0,1771685725348000,0,-488.016,0.5625,0.04711914,0.060225353,0.57550585,0.00015431386,0.00029457404,0,0,0,1
1771685725548000,1771685725394000,0,1771685725396000,0,-488.032,0.5625,0.06112671,0.060310263,0.5754768,0.0002597133,0.00029129005,0,0,0,1
1771685725604000,1771685725446000,0,1771685725452000,0,-488.031,0.5625,0.057525635,0.060047943,0.57550585,0.00023000277,0.0002855166,0,0,0,1
1771685725652000,1771685725498000,0,1771685725500000,0,-488.013,0.5625,0.037353516,0.057910062,0.5754768,9.698289e-05,0.00026775617,0,0,0,1
1771685725708000,1771685725550000,0,1771685725556000,0,-488.007,0.5625,0.029296875,0.055214617,0.57550585,5.965582e-05,0.0002481525,0,0,0,1
1771685725756000,1771685725602000,0,1771685725604000,0,-488.009,0.5625,0.029663086,0.052807588,0.5754768,6.1159626e-05,0.00023053723,0,0,0,1
1771685725812000,1771685725654000,0,1771685725660000,0,-488.01,0.5625,0.028808594,0.050546814,0.57550585,5.7683865e-05,0.00021425395,0,0,0,1
1771685725860000,1771685725706000,0,1771685725708000,0,-488.002,0.5625,0.01928711,0.047602057,0.5754768,2.5856303e-05,0.00019650634,0,0,0,1
1771685725916000,1771685725758000,0,1771685725764000,0,-487.998,0.5625,0.01361084,0.044399984,0.57550585,1.2875974e-05,0.00017920783,0,0,0,1
1771685725964000,1771685725810000,0,1771685725812000,0,-488.001,0.5625,0.0154418945,0.041672047,0.5754768,1.6574228e-05,0.00016388726,0,0,0,1
1771685726020000,1771685725862000,0,1771685725868000,0,-487.999,0.5625,0.0119018555,0.038867608,0.57550585,9.845541e-06,0.00014937608,0,0,0,1
1771685726068000,1771685725914000,0,1771685725916000,0,-487.996,0.5625,0.007751465,0.035936378,0.5754768,4.176377e-06,0.00013569785,0,0,0,1
1771685726124000,1771685725966000,0,1771685725972000,0,-487.988,0.5625,-0.0016174316,0.0323987,0.57550585,1.8182857e-07,0.00012289759,0,0,0,1
1771685726172000,1771685726018000,0,1771685726020000,0,-487.993,0.5625,0.002532959,0.02958526,0.5754768,4.4595234e-07,0.000111362286,0,0,0,1
1771685726228000,1771685726070000,0,1771685726076000,0,-487.997,0.5625,0.005340576,0.027301341,0.57550585,1.982378e-06,0.00010105838,0,0,0,1
1771685726276000,1771685726122000,0,1771685726124000,0,-487.987,0.5625,-0.005706787,0.024191879,0.5754768,2.2636823e-06,9.132514e-05,0,0,0,1
1771685726332000,1771685726174000,0,1771685726180000,0,-487.987,0.5625,-0.006713867,0.021280468,0.57550585,3.1329664e-06,8.2426915e-05,0,0,0,1
1771685726380000,1771685726226000,0,1771685726228000,0,-487.996,0.5625,0.0015258789,0.019419529,0.5754768,1.6183493e-07,7.467731e-05,0,0,0,1
1771685726436000,1771685726278000,0,1771685726284000,0,-487.995,0.5625,-0.0006713867,0.017526906,0.57550585,3.1329662e-08,6.7639536e-05,0,0,0,1
1771685726484000,1771685726330000,0,1771685726332000,0,-488.002,0.5625,0.005432129,0.016387543,0.5754768,2.0510313e-06,6.146091e-05,0,0,0,1
1771685726540000,1771685726382000,0,1771685726388000,0,-488.015,0.5625,0.017120361,0.016456576,0.57550585,2.0372114e-05,5.7590223e-05,0,0,0,1
1771685726588000,1771685726434000,0,1771685726436000,0,-488.013,0.5625,0.013793945,0.016205749,0.5754768,1.322541e-05,5.3410928e-05,0,0,0,1
1771685726644000,1771685726486000,0,1771685726492000,0,-488.008,0.5625,0.007293701,0.015366208,0.57550585,3.697483e-06,4.8727776e-05,0,0,0,1
1771685726692000,1771685726538000,0,1771685726540000,0,-488.013,0.5625,0.011291504,0.014982359,0.5754768,8.862081e-06,4.4972312e-05,0,0,0,1
1771685726748000,1771685726590000,0,1771685726596000,0,-488.006,0.5625,0.0028686523,0.013841212,0.57550585,5.719605e-07,4.078967e-05,0,0,0,1
1771685726796000,1771685726642000,0,1771685726644000,0,-487.998,0.5625,-0.006134033,0.011959486,0.5754768,2.6153173e-06,3.6700792e-05,0,0,0,1
1771685726852000,1771685726694000,0,1771685726700000,0,-488.002,0.5625,-0.003112793,0.010539633,0.57550585,6.734583e-07,3.318003e-05,0,0,0,1
1771685726900000,1771685726746000,0,1771685726748000,0,-488.002,0.5625,-0.0040283203,0.009167289,0.5754768,1.1279247e-06,2.994812e-05,0,0,0,1
1771685726956000,1771685726798000,0,1771685726804000,0,-488.004,0.5625,-0.0029907227,0.008021969,0.57550585,6.2167373e-07,2.7068356e-05,0,0,0,1
1771685727004000,1771685726850000,0,1771685726852000,0,-488.004,0.5625,-0.003753662,0.0069126706,0.5754768,9.793603e-07,2.442618e-05,0,0,0,1
1771685727060000,1771685726902000,0,1771685726908000,0,-488.009,0.5625,0.0002746582,0.0062873503,0.57550585,5.2431877e-09,2.2125656e-05,0,0,0,1
1771685727108000,1771685726954000,0,1771685726956000,0,-488.002,0.5625,-0.007537842,0.004984977,0.5754768,3.9493552e-06,1.9669314e-05,0,0,0,1
1771685727164000,1771685727006000,0,1771685727012000,0,-488.003,0.5625,-0.007446289,0.003813916,0.57550585,3.8538074e-06,1.7453369e-05,0,0,0,1
1771685727212000,1771685727058000,0,1771685727060000,0,-487.996,0.5625,-0.015045166,0.0020373357,0.5754768,1.5733527e-05,1.4327067e-05,0,0,0,1
1771685727268000,1771685727110000,0,1771685727116000,0,-487.991,0.5625,-0.020751953,-0.000109481625,0.57550585,2.993148e-05,1.0157783e-05,0,0,0,1
1771685727316000,1771685727162000,0,1771685727164000,0,-487.999,0.5625,-0.013061523,-0.0013296016,0.5754768,1.1858228e-05,8.083811e-06,0,0,0,1
1771685727372000,1771685727214000,0,1771685727220000,0,-487.989,0.5625,-0.023773193,-0.0034438535,0.57550585,3.9281247e-05,3.6218848e-06,0,0,0,1
1771685727420000,1771685727266000,0,1771685727268000,0,-487.979,0.5625,-0.03414917,-0.0063363835,0.5754768,8.105736e-05,-4.355146e-06,0,0,0,1
1771685727476000,1771685727318000,0,1771685727324000,0,-487.978,0.5625,-0.03555298,-0.009088672,0.57550585,8.785414e-05,-1.2220993e-05,0,0,0,1
1771685727524000,1771685727370000,0,1771685727372000,0,-487.986,0.5625,-0.027679443,-0.010839976,0.5754768,5.325334e-05,-1.608636e-05,0,0,0,1
1771685727580000,1771685727422000,0,1771685727428000,0,-487.985,0.5625,-0.02923584,-0.01257292,0.57550585,5.9407514e-05,-2.016734e-05,0,0,0,1
1771685727628000,1771685727474000,0,1771685727476000,0,-487.999,0.5625,-0.015472412,-0.01284606,0.5754768,1.6639804e-05,-1.9835035e-05,0,0,0,1
1771685727684000,1771685727526000,0,1771685727532000,0,-487.991,0.5625,-0.024291992,-0.013924301,0.57550585,4.1014413e-05,-2.1830194e-05,0,0,0,1
1771685727732000,1771685727578000,0,1771685727580000,0,-488.002,0.5625,-0.013641357,-0.013897646,0.5754768,1.2934431e-05,-2.0992187e-05,0,0,0,1
1771685727788000,1771685727630000,0,1771685727636000,0,-488.004,0.5625,-0.012481689,-0.013764259,0.57550585,1.08282175e-05,-2.0034711e-05,0,0,0,1
1771685727836000,1771685727682000,0,1771685727684000,0,-488.005,0.5625,-0.0121154785,-0.013608939,0.5754768,1.0202657e-05,-1.9108504e-05,0,0,0,1
1771685727892000,1771685727734000,0,1771685727740000,0,-487.992,0.5625,-0.026000977,-0.014776305,0.57550585,4.698828e-05,-2.173486e-05,0,0,0,1
1771685727940000,1771685727786000,0,1771685727788000,0,-487.995,0.5625,-0.023376465,-0.015586466,0.5754768,3.798305e-05,-2.3265487e-05,0,0,0,1
1771685727996000,1771685727838000,0,1771685727844000,0,-488.002,0.5625,-0.017028809,-0.015722338,0.57550585,2.0154812e-05,-2.2972452e-05,0,0,0,1
1771685728044000,1771685727890000,0,1771685727892000,0,-488.001,0.5625,-0.018554688,-0.015989155,0.5754768,2.392982e-05,-2.306264e-05,0,0,0,1
1771685728100000,1771685727942000,0,1771685727948000,0,-488.007,0.5625,-0.013305664,-0.015736362,0.57550585,1.2305049e-05,-2.2049244e-05,0,0,0,1
1771685728148000,1771685727994000,0,1771685727996000,0,-488.01,0.5625,-0.010894775,-0.01528027,0.5754768,8.25028e-06,-2.0749341e-05,0,0,0,1
1771685728204000,1771685728046000,0,1771685728052000,0,-488.016,0.5625,-0.005859375,-0.014392794,0.57550585,2.3862328e-06,-1.9019482e-05,0,0,0,1
1771685728252000,1771685728098000,0,1771685728100000,0,-488.018,0.5625,-0.0046691895,-0.013476802,0.5754768,1.5153577e-06,-1.7370543e-05,0,0,0,1
1771685728308000,1771685728150000,0,1771685728156000,0,-488.025,0.5625,0.0014038086,-0.012075005,0.57550585,1.3697019e-07,-1.5721285e-05,0,0,0,1
1771685728356000,1771685728202000,0,1771685728204000,0,-488.019,0.5625,-0.0054016113,-0.011446352,0.5754768,2.0280506e-06,-1.4431343e-05,0,0,0,1
1771685728412000,1771685728254000,0,1771685728260000,0,-488.011,0.5625,-0.014312744,-0.011716374,0.57550585,1.4238231e-05,-1.4413151e-05,0,0,0,1
1771685728460000,1771685728306000,0,1771685728308000,0,-488.014,0.5625,-0.011779785,-0.011722348,0.5754768,9.645103e-06,-1.3963987e-05,0,0,0,1
1771685728516000,1771685728358000,0,1771685728364000,0,-488.007,0.5625,-0.019561768,-0.012460844,0.57550585,2.659662e-05,-1.5154017e-05,0,0,0,1
1771685728564000,1771685728410000,0,1771685728412000,0,-488.006,0.5625,-0.020935059,-0.013259139,0.5754768,3.0463549e-05,-1.659622e-05,0,0,0,1
1771685728620000,1771685728462000,0,1771685728468000,0,-488.011,0.5625,-0.01651001,-0.01356538,0.57550585,1.894545e-05,-1.6817523e-05,0,0,0,1
1771685728668000,1771685728514000,0,1771685728516000,0,-488.009,0.5625,-0.018920898,-0.014069886,0.5754768,2.488374e-05,-1.7577384e-05,0,0,0,1
1771685728724000,1771685728566000,0,1771685728572000,0,-488.015,0.5625,-0.0134887695,-0.014015143,0.57550585,1.264605e-05,-1.7112838e-05,0,0,0,1
1771685728772000,1771685728618000,0,1771685728620000,0,-487.992,0.5625,-0.036987305,-0.016179187,0.5754768,9.509058e-05,-2.4458568e-05,0,0,0,1
1771685728828000,1771685728670000,0,1771685728676000,0,-487.989,0.5625,-0.040161133,-0.018438356,0.57550585,0.000112104266,-3.271505e-05,0,0,0,1
1771685728876000,1771685728722000,0,1771685728724000,0,-487.992,0.5625,-0.03704834,-0.02019147,0.5754768,9.540467e-05,-3.8620594e-05,0,0,0,1
1771685728932000,1771685728774000,0,1771685728780000,0,-487.997,0.5625,-0.03225708,-0.021328086,0.57550585,7.232032e-05,-4.1795207e-05,0,0,0,1
1771685728980000,1771685728826000,0,1771685728828000,0,-488.005,0.5625,-0.024353027,-0.021613045,0.5754768,4.1222855e-05,-4.174129e-05,0,0,0,1
1771685729036000,1771685728878000,0,1771685728884000,0,-487.996,0.5625,-0.033843994,-0.022765236,0.57550585,7.961107e-05,-4.530873e-05,0,0,0,1
1771685729084000,1771685728930000,0,1771685728932000,0,-487.99,0.5625,-0.039916992,-0.024380982,0.5754768,0.000110751025,-5.1473584e-05,0,0,0,1
1771685729140000,1771685728982000,0,1771685728988000,0,-487.996,0.5625,-0.0340271,-0.025289673,0.57550585,8.0474834e-05,-5.4205586e-05,0,0,0,1
1771685729188000,1771685729034000,0,1771685729036000,0,-488.006,0.5625,-0.024047852,-0.02517269,0.5754768,4.0196173e-05,-5.2885858e-05,0,0,0,1
1771685729244000,1771685729086000,0,1771685729092000,0,-488.009,0.5625,-0.02154541,-0.02483099,0.57550585,3.2264117e-05,-5.094323e-05,0,0,0,1
1771685729292000,1771685729138000,0,1771685729140000,0,-488.001,0.5625,-0.029876709,-0.02530631,0.5754768,6.20437e-05,-5.1988925e-05,0,0,0,1
1771685729348000,1771685729190000,0,1771685729196000,0,-488.003,0.5625,-0.02822876,-0.025581613,0.57550585,5.538521e-05,-5.2308864e-05,0,0,0,1
1771685729396000,1771685729242000,0,1771685729244000,0,-487.992,0.5625,-0.039642334,-0.026906174,0.5754768,0.000109232176,-5.7671205e-05,0,0,0,1
1771685729452000,1771685729294000,0,1771685729300000,0,-488.003,0.5625,-0.029632568,-0.027163008,0.57550585,6.1030765e-05,-5.7987683e-05,0,0,0,1
1771685729500000,1771685729346000,0,1771685729348000,0,-488.012,0.5625,-0.022338867,-0.02670856,0.5754768,3.4686018e-05,-5.57926e-05,0,0,0,1
1771685729556000,1771685729398000,0,1771685729404000,0,-488.013,0.5625,-0.02508545,-0.026555657,0.57550585,4.3737506e-05,-5.4656975e-05,0,0,0,1
1771685729604000,1771685729450000,0,1771685729452000,0,-488.019,0.5625,-0.023254395,-0.026244668,0.5754768,3.7587393e-05,-5.304897e-05,0,0,0,1
1771685729660000,1771685729502000,0,1771685729508000,0,-488.014,0.5625,-0.035614014,-0.027127288,0.57550585,8.815604e-05,-5.635616e-05,0,0,0,1
1771685729708000,1771685729554000,0,1771685729556000,0,-488.008,0.5625,-0.049804688,-0.029263565,0.5754768,0.00017241402,-6.728915e-05,0,0,0,1
1771685729764000,1771685729606000,0,1771685729612000,0,-488.015,0.5625,-0.055541992,-0.03173907,0.57550585,0.000214414,-8.114873e-05,0,0,0,1
1771685729812000,1771685729658000,0,1771685729660000,0,-488.01,0.5625,-0.07354736,-0.035677534,0.5754768,0.00037598138,-0.000108922824,0,0,0,1
1771685729868000,1771685729710000,0,1771685729716000,0,-488.027,0.5625,-0.07458496,-0.039342728,0.57550585,0.00038664532,-0.0001350851,0,0,0,1
1771685729916000,1771685729762000,0,1771685729764000,0,-488.061,0.5625,-0.057922363,-0.041092984,0.5754768,0.00023319793,-0.00014432761,0,0,0,1
1771685729972000,1771685729814000,0,1771685729820000,0,-488.085,0.5625,-0.057617188,-0.04264961,0.57550585,0.00023073546,-0.00015246749,0,0,0,1
1771685730020000,1771685729866000,0,1771685729868000,0,-488.111,0.5625,-0.053771973,-0.043697372,0.5754768,0.00020097595,-0.00015703712,0,0,0,1
1771685730076000,1771685729918000,0,1771685729924000,0,-488.137,0.5625,-0.056488037,-0.04490229,0.57550585,0.00022178041,-0.00016313614,0,0,0,1
1771685730124000,1771685729970000,0,1771685729972000,0,-488.164,0.5625,-0.055847168,-0.04593333,0.5754768,0.00021678761,-0.00016819026,0,0,0,1
1771685730180000,1771685730022000,0,1771685730028000,0,-488.181,0.5625,-0.07229614,-0.048416782,0.57550585,0.00036327916,-0.00018656821,0,0,0,1
1771685730228000,1771685730074000,0,1771685730076000,0,-488.222,0.5625,-0.06137085,-0.049637094,0.5754768,0.00026179204,-0.00019365452,0,0,0,1
1771685730284000,1771685730126000,0,1771685730132000,0,-488.265,0.5625,-0.056396484,-0.050273847,0.57550585,0.0002210621,-0.00019623639,0,0,0,1
1771685730332000,1771685730178000,0,1771685730180000,0,-488.308,0.5625,-0.04763794,-0.050025538,0.5754768,0.00015773863,-0.00019260979,0,0,0,1
1771685730388000,1771685730230000,0,1771685730236000,0,-488.346,0.5625,-0.0524292,-0.05025197,0.57550585,0.00019105425,-0.00019246325,0,0,0,1
1771685730436000,1771685730282000,0,1771685730284000,0,-488.365,0.5625,-0.07159424,-0.05226247,0.5754768,0.00035627742,-0.00020789502,0,0,0,1
1771685730492000,1771685730334000,0,1771685730340000,0,-488.416,0.5625,-0.067108154,-0.053660978,0.57550585,0.00031301187,-0.00021779734,0,0,0,1
1771685730540000,1771685730386000,0,1771685730388000,0,-488.454,0.5625,-0.070495605,-0.05524685,0.5754768,0.00034542696,-0.00022982042,0,0,0,1
1771685730596000,1771685730438000,0,1771685730444000,0,-488.492,0.5625,-0.08312988,-0.05787351,0.57550585,0.00048031326,-0.0002534176,0,0,0,1
1771685730644000,1771685730490000,0,1771685730492000,0,-488.538,0.5625,-0.08163452,-0.060111865,0.5754768,0.00046321205,-0.00027318083,0,0,0,1
1771685730700000,1771685730542000,0,1771685730548000,0,-488.586,0.5625,-0.08816528,-0.06275458,0.57550585,0.00054026325,-0.00029834078,0,0,0,1
1771685730748000,1771685730594000,0,1771685730596000,0,-488.638,0.5625,-0.084198,-0.06477461,0.5754768,0.0004927603,-0.00031665567,0,0,0,1
1771685730804000,1771685730646000,0,1771685730652000,0,-488.705,0.5625,-0.075683594,-0.06580227,0.57550585,0.00039811977,-0.00032432983,0,0,0,1
1771685730852000,1771685730698000,0,1771685730700000,0,-488.759,0.5625,-0.07333374,-0.06651176,0.5754768,0.00037380046,-0.0003289901,0,0,0,1
1771685730908000,1771685730750000,0,1771685730756000,0,-488.829,0.5625,-0.06616211,-0.06647882,0.57550585,0.00030424882,-0.0003266594,0,0,0,1
1771685730956000,1771685730802000,0,1771685730804000,0,-488.887,0.5625,-0.06338501,-0.066187374,0.5754768,0.00027925777,-0.00032219404,0,0,0,1
1771685731012000,1771685730854000,0,1771685730860000,0,-488.938,0.5625,-0.07928467,-0.067421176,0.57550585,0.00043690664,-0.0003330003,0,0,0,1
1771685731060000,1771685730906000,0,1771685730908000,0,-489.005,0.5625,-0.070495605,-0.067710795,0.5754768,0.00034542696,-0.0003341709,0,0,0,1
1771685731116000,1771685730958000,0,1771685730964000,0,-489.078,0.5625,-0.06738281,-0.0676799,0.57550585,0.0003155793,-0.00033241953,0,0,0,1
1771685731164000,1771685731010000,0,1771685731012000,0,-489.144,0.5625,-0.061798096,-0.06712581,0.5754768,0.00026544975,-0.00032611078,0,0,0,1
1771685731220000,1771685731062000,0,1771685731068000,0,-489.215,0.5625,-0.06210327,-0.06665268,0.57550585,0.00026806444,-0.00032064263,0,0,0,1
1771685731268000,1771685731114000,0,1771685731116000,0,-489.281,0.5625,-0.057281494,-0.06576989,0.5754768,0.00022806614,-0.00031192167,0,0,0,1
1771685731324000,1771685731166000,0,1771685731172000,0,-489.346,0.5625,-0.06430054,-0.06563147,0.57550585,0.0002873687,-0.0003096087,0,0,0,1
1771685731372000,1771685731218000,0,1771685731220000,0,-489.413,0.5625,-0.058807373,-0.06498862,0.5754768,0.00024037855,-0.00030308703,0,0,0,1
1771685731428000,1771685731270000,0,1771685731276000,0,-489.486,0.5625,-0.058410645,-0.064368956,0.57550585,0.00023713423,-0.0002968741,0,0,0,1
1771685731476000,1771685731322000,0,1771685731324000,0,-489.544,0.5625,-0.06265259,-0.06420727,0.5754768,0.00027284134,-0.00029461013,0,0,0,1
1771685731532000,1771685731374000,0,1771685731380000,0,-489.609,0.5625,-0.07086182,-0.06483415,0.57550585,0.00034900752,-0.00029973453,0,0,0,1
1771685731580000,1771685731426000,0,1771685731428000,0,-489.673,0.5625,-0.06930542,-0.06525535,0.5754768,0.00033386165,-0.0003029494,0,0,0,1
1771685731636000,1771685731478000,0,1771685731484000,0,-489.744,0.5625,-0.071899414,-0.065881245,0.57550585,0.00035930309,-0.00030825808,0,0,0,1
1771685731684000,1771685731530000,0,1771685731532000,0,-489.818,0.5625,-0.06100464,-0.06542186,0.5754768,0.00025867703,-0.0003035874,0,0,0,1
1771685731740000,1771685731582000,0,1771685731588000,0,-489.89,0.5625,-0.06329346,-0.065221354,0.57550585,0.0002784376,-0.0003012182,0,0,0,1
1771685731788000,1771685731634000,0,1771685731636000,0,-489.954,0.5625,-0.063079834,-0.065019615,0.5754768,0.00027657519,-0.00029889678,0,0,0,1
1771685731844000,1771685731686000,0,1771685731692000,0,-490.025,0.5625,-0.06680298,-0.06518761,0.57550585,0.0003101715,-0.0002999589,0,0,0,1
1771685731892000,1771685731738000,0,1771685731740000,0,-490.101,0.5625,-0.054901123,-0.064218596,0.5754768,0.0002095051,-0.00029143787,0,0,0,1
1771685731948000,1771685731790000,0,1771685731796000,0,-490.174,0.5625,-0.057403564,-0.0635766,0.57550585,0.00022902768,-0.00028555864,0,0,0,1
1771685731996000,1771685731842000,0,1771685731844000,0,-490.244,0.5625,-0.05215454,-0.06250061,0.5754768,0.00018906729,-0.00027646887,0,0,0,1
1771685732052000,1771685731894000,0,1771685731900000,0,-490.331,0.5625,-0.041168213,-0.060491037,0.57550585,0.00011779701,-0.00026152152,0,0,0,1
1771685732100000,1771685731946000,0,1771685731948000,0,-490.389,0.5625,-0.04876709,-0.059386607,0.5754768,0.00016530494,-0.00025245763,0,0,0,1
1771685732156000,1771685731998000,0,1771685732004000,0,-490.446,0.5625,-0.06842041,-0.060237616,0.57550585,0.00032537305,-0.00025932648,0,0,0,1
1771685732204000,1771685732050000,0,1771685732052000,0,-490.525,0.5625,-0.05480957,-0.05972628,0.5754768,0.00020880695,-0.0002545674,0,0,0,1
1771685732260000,1771685732102000,0,1771685732108000,0,-490.6,0.5625,-0.056884766,-0.059458602,0.57550585,0.00022490659,-0.00025177325,0,0,0,1
1771685732308000,1771685732154000,0,1771685732156000,0,-490.683,0.5625,-0.039855957,-0.057611976,0.5754768,0.0001104126,-0.00023845666,0,0,0,1
1771685732364000,1771685732206000,0,1771685732212000,0,-490.757,0.5625,-0.043792725,-0.056310162,0.57550585,0.00013329509,-0.00022855014,0,0,0,1
1771685732412000,1771685732258000,0,1771685732260000,0,-490.83,0.5625,-0.037506104,-0.054538764,0.5754768,9.777685e-05,-0.00021623091,0,0,0,1
1771685732468000,1771685732310000,0,1771685732316000,0,-490.899,0.5625,-0.046844482,-0.05381394,0.57550585,0.00015252012,-0.00021022916,0,0,0,1
1771685732516000,1771685732362000,0,1771685732364000,0,-490.969,0.5625,-0.043762207,-0.05286704,0.5754768,0.0001331161,-0.00020296489,0,0,0,1
1771685732572000,1771685732414000,0,1771685732420000,0,-491.028,0.5625,-0.06326294,-0.053846363,0.57550585,0.00027816914,-0.00021004934,0,0,0,1
1771685732620000,1771685732466000,0,1771685732468000,0,-491.106,0.5625,-0.052093506,-0.05368124,0.5754768,0.00018862502,-0.00020803111,0,0,0,1
1771685732676000,1771685732518000,0,1771685732524000,0,-491.188,0.5625,-0.048858643,-0.053226937,0.57550585,0.00016591782,-0.00020406392,0,0,0,1
1771685732724000,1771685732570000,0,1771685732572000,0,-491.273,0.5625,-0.031280518,-0.05115952,0.5754768,6.801113e-05,-0.00019124735,0,0,0,1
1771685732780000,1771685732622000,0,1771685732628000,0,-491.34,0.5625,-0.043701172,-0.050456923,0.57550585,0.00013273835,-0.00018573564,0,0,0,1
1771685732828000,1771685732674000,0,1771685732676000,0,-491.41,0.5625,-0.04156494,-0.049619272,0.5754768,0.00012008437,-0.0001795511,0,0,0,1
1771685732884000,1771685732726000,0,1771685732732000,0,-491.477,0.5625,-0.054138184,-0.05004497,0.57550585,0.00020371247,-0.00018182717,0,0,0,1
1771685732932000,1771685732778000,0,1771685732780000,0,-491.569,0.5625,-0.029937744,-0.04815081,0.5754768,6.2297455e-05,-0.00017056713,0,0,0,1
1771685732988000,1771685732830000,0,1771685732836000,0,-491.649,0.5625,-0.029907227,-0.046432212,0.57550585,6.2167375e-05,-0.00016035556,0,0,0,1
1771685733036000,1771685732882000,0,1771685732884000,0,-491.726,0.5625,-0.021606445,-0.044093553,0.5754768,3.244881e-05,-0.00014830637,0,0,0,1
1771685733092000,1771685732934000,0,1771685732940000,0,-491.803,0.5625,-0.025146484,-0.042308684,0.57550585,4.3950597e-05,-0.00013847575,0,0,0,1
1771685733140000,1771685732986000,0,1771685732988000,0,-491.875,0.5625,-0.022064209,-0.040401597,0.5754768,3.3838325e-05,-0.0001286186,0,0,0,1
1771685733196000,1771685733038000,0,1771685733044000,0,-491.958,0.5625,-0.019744873,-0.038455673,0.57550585,2.7096858e-05,-0.00011905496,0,0,0,1
1771685733244000,1771685733090000,0,1771685733092000,0,-492.02,0.5625,-0.027130127,-0.03738877,0.5754768,5.116062e-05,-0.000112659116,0,0,0,1
1771685733300000,1771685733142000,0,1771685733148000,0,-492.102,0.5625,-0.025970459,-0.036313135,0.57550585,4.6878045e-05,-0.00010646235,0,0,0,1
1771685733348000,1771685733194000,0,1771685733196000,0,-492.178,0.5625,-0.01928711,-0.034709234,0.5754768,2.5856303e-05,-9.886903e-05,0,0,0,1
1771685733404000,1771685733246000,0,1771685733252000,0,-492.261,0.5625,-0.017608643,-0.03309831,0.57550585,2.155073e-05,-9.158542e-05,0,0,0,1
1771685733452000,1771685733298000,0,1771685733300000,0,-492.344,0.5625,-0.0043945312,-0.03039433,0.5754768,1.3423237e-06,-8.3084255e-05,0,0,0,1
1771685733508000,1771685733350000,0,1771685733356000,0,-492.413,0.5625,-0.017333984,-0.029164009,0.57550585,2.0883681e-05,-7.722478e-05,0,0,0,1
1771685733556000,1771685733402000,0,1771685733404000,0,-492.489,0.5625,-0.011383057,-0.027488992,0.5754768,9.006373e-06,-7.079841e-05,0,0,0,1
1771685733612000,1771685733454000,0,1771685733460000,0,-492.562,0.5625,-0.020355225,-0.02681697,0.57550585,2.879798e-05,-6.684184e-05,0,0,0,1
1771685733660000,1771685733506000,0,1771685733508000,0,-492.624,0.5625,-0.0284729,-0.026972963,0.5754768,5.6350214e-05,-6.58535e-05,0,0,0,1
1771685733716000,1771685733558000,0,1771685733564000,0,-492.685,0.5625,-0.049316406,-0.02907778,0.57550585,0.0001690414,-7.55741e-05,0,0,0,1
1771685733764000,1771685733610000,0,1771685733612000,0,-492.773,0.5625,-0.03100586,-0.02925941,0.5754768,6.682203e-05,-7.474963e-05,0,0,0,1
1771685733820000,1771685733662000,0,1771685733668000,0,-492.86,0.5625,-0.025939941,-0.028946707,0.57550585,4.676794e-05,-7.2113675e-05,0,0,0,1
1771685733868000,1771685733714000,0,1771685733716000,0,-492.942,0.5625,-0.014282227,-0.02756527,0.5754768,1.4178294e-05,-6.665599e-05,0,0,0,1
1771685733924000,1771685733766000,0,1771685733772000,0,-493.018,0.5625,-0.020690918,-0.026917687,0.57550585,2.975567e-05,-6.3179876e-05,0,0,0,1
1771685733972000,1771685733818000,0,1771685733820000,0,-493.083,0.5625,-0.02633667,-0.026862953,0.5754768,4.8211856e-05,-6.1769846e-05,0,0,0,1
1771685734028000,1771685733870000,0,1771685733876000,0,-493.162,0.5625,-0.029724121,-0.027132483,0.57550585,6.140847e-05,-6.17358e-05,0,0,0,1
1771685734076000,1771685733922000,0,1771685733924000,0,-493.242,0.5625,-0.020202637,-0.02647967,0.5754768,2.8369275e-05,-5.8592577e-05,0,0,0,1
1771685734132000,1771685733974000,0,1771685733980000,0,-493.32,0.5625,-0.024749756,-0.026316708,0.57550585,4.2574746e-05,-5.708365e-05,0,0,0,1
1771685734180000,1771685734026000,0,1771685734028000,0,-493.409,0.5625,-0.0063476562,-0.024435565,0.5754768,2.8006507e-06,-5.1970033e-05,0,0,0,1
1771685734236000,1771685734078000,0,1771685734084000,0,-493.486,0.5625,-0.012207031,-0.0232836,0.57550585,1.0356914e-05,-4.804996e-05,0,0,0,1
1771685734284000,1771685734130000,0,1771685734132000,0,-493.574,0.5625,0.004852295,-0.020633118,0.5754768,1.6365397e-06,-4.3369346e-05,0,0,0,1
1771685734340000,1771685734182000,0,1771685734188000,0,-493.653,0.5625,0.00048828125,-0.01864342,0.57550585,1.6571061e-08,-3.9282266e-05,0,0,0,1
1771685734388000,1771685734234000,0,1771685734236000,0,-493.741,0.5625,0.017059326,-0.015280118,0.5754768,2.0228137e-05,-3.3676213e-05,0,0,0,1
1771685734444000,1771685734286000,0,1771685734292000,0,-493.802,0.5625,-0.0057373047,-0.014381157,0.57550585,2.287842e-06,-3.0719337e-05,0,0,0,1
1771685734492000,1771685734338000,0,1771685734340000,0,-493.875,0.5625,-0.004180908,-0.013420264,0.5754768,1.2149919e-06,-2.7939943e-05,0,0,0,1
1771685734548000,1771685734390000,0,1771685734396000,0,-493.96,0.5625,-0.0025634766,-0.012397523,0.57550585,4.5673988e-07,-2.5350946e-05,0,0,0,1
1771685734596000,1771685734442000,0,1771685734444000,0,-494.036,0.5625,0.0019836426,-0.011042776,0.5754768,2.7350103e-07,-2.2937049e-05,0,0,0,1
1771685734652000,1771685734494000,0,1771685734500000,0,-494.124,0.5625,0.006378174,-0.009401672,0.57550585,2.8275022e-06,-2.0509953e-05,0,0,0,1
1771685734700000,1771685734546000,0,1771685734548000,0,-494.19,0.5625,0.00064086914,-0.008455635,0.5754768,2.8547683e-08,-1.8575167e-05,0,0,0,1
1771685734756000,1771685734598000,0,1771685734604000,0,-494.277,0.5625,0.0040893555,-0.0072738603,0.57550585,1.1623047e-06,-1.671584e-05,0,0,0,1
1771685734804000,1771685734650000,0,1771685734652000,0,-494.344,0.5625,-0.000579834,-0.0066432636,0.5754768,2.3368965e-08,-1.51433605e-05,0,0,0,1
1771685734860000,1771685734702000,0,1771685734708000,0,-494.424,0.5625,-0.004272461,-0.006419927,0.57550585,1.2687219e-06,-1.3836329e-05,0,0,0,1
1771685734908000,1771685734754000,0,1771685734756000,0,-494.489,0.5625,-0.010894775,-0.0068414705,0.5754768,8.25028e-06,-1.33101075e-05,0,0,0,1
1771685734964000,1771685734806000,0,1771685734812000,0,-494.573,0.5625,-0.010528564,-0.0071888054,0.57550585,7.704572e-06,-1.2782049e-05,0,0,0,1
1771685735012000,1771685734858000,0,1771685734860000,0,-494.634,0.5625,-0.021118164,-0.008500991,0.5754768,3.099877e-05,-1.4498118e-05,0,0,0,1
1771685735068000,1771685734910000,0,1771685734916000,0,-494.71,0.5625,-0.0284729,-0.010382404,0.57550585,5.634737e-05,-1.8440438e-05,0,0,0,1
1771685735116000,1771685734962000,0,1771685734964000,0,-494.793,0.5625,-0.016784668,-0.010985516,0.5754768,1.9582027e-05,-1.8547978e-05,0,0,0,1
1771685735172000,1771685735014000,0,1771685735020000,0,-494.866,0.5625,-0.027252197,-0.012517884,0.57550585,5.1619438e-05,-2.1663407e-05,0,0,0,1
1771685735220000,1771685735066000,0,1771685735068000,0,-494.95,0.5625,-0.014587402,-0.012712839,0.5754768,1.4790678e-05,-2.1015976e-05,0,0,0,1
1771685735276000,1771685735118000,0,1771685735124000,0,-495.025,0.5625,-0.023284912,-0.013708759,0.57550585,3.768421e-05,-2.2586171e-05,0,0,0,1
1771685735324000,1771685735170000,0,1771685735172000,0,-495.098,0.5625,-0.02178955,-0.014469993,0.5754768,3.300112e-05,-2.356729e-05,0,0,0,1
1771685735380000,1771685735222000,0,1771685735228000,0,-495.182,0.5625,-0.02130127,-0.0151135195,0.57550585,3.153706e-05,-2.4318066e-05,0,0,0,1
1771685735428000,1771685735274000,0,1771685735276000,0,-495.265,0.5625,-0.009979248,-0.014629856,0.5754768,6.921939e-06,-2.26793e-05,0,0,0,1
1771685735484000,1771685735326000,0,1771685735332000,0,-495.352,0.5625,-0.0069885254,-0.01391002,0.57550585,3.3945432e-06,-2.086262e-05,0,0,0,1
1771685735532000,1771685735378000,0,1771685735380000,0,-495.428,0.5625,-0.0030212402,-0.012884265,0.5754768,6.344577e-07,-1.895707e-05,0,0,0,1
1771685735588000,1771685735430000,0,1771685735436000,0,-495.508,0.5625,-0.0071411133,-0.012343243,0.57550585,3.5443948e-06,-1.750515e-05,0,0,0,1
1771685735636000,1771685735482000,0,1771685735484000,0,-495.607,0.5625,0.019836426,-0.009311825,0.5754768,2.7350105e-05,-1.3279655e-05,0,0,0,1
1771685735692000,1771685735534000,0,1771685735540000,0,-495.669,0.5625,-0.002746582,-0.00869336,0.57550585,5.2431875e-07,-1.2078065e-05,0,0,0,1
1771685735740000,1771685735586000,0,1771685735588000,0,-495.756,0.5625,0.012176514,-0.0067273574,0.5754768,1.0305714e-05,-9.969448e-06,0,0,0,1
1771685735796000,1771685735638000,0,1771685735644000,0,-495.823,0.5625,-0.005432129,-0.006605343,0.57550585,2.0509278e-06,-9.2235005e-06,0,0,0,1
1771685735844000,1771685735690000,0,1771685735692000,0,-495.894,0.5625,-0.0066223145,-0.0066069416,0.5754768,3.0482581e-06,-8.641775e-06,0,0,0,1
1771685735900000,1771685735742000,0,1771685735748000,0,-495.984,0.5625,-0.00079345703,-0.0060592946,0.57550585,4.375796e-08,-7.831817e-06,0,0,0,1
1771685735948000,1771685735794000,0,1771685735796000,0,-496.063,0.5625,0.00592041,-0.0049307714,0.5754768,2.4363278e-06,-6.864528e-06,0,0,0,1
1771685736004000,1771685735846000,0,1771685735852000,0,-496.145,0.5625,0.003540039,-0.0041327965,0.57550585,8.710164e-07,-6.1358173e-06,0,0,0,1
1771685736052000,1771685735898000,0,1771685735900000,0,-496.222,0.5625,0.008117676,-0.0029787663,0.5754768,4.580317e-06,-5.1263264e-06,0,0,0,1
1771685736108000,1771685735950000,0,1771685735956000,0,-496.304,0.5625,0.0054626465,-0.0021835607,0.57550585,2.0740367e-06,-4.448031e-06,0,0,0,1
1771685736156000,1771685736002000,0,1771685736004000,0,-496.368,0.5625,-0.0030212402,-0.0022624726,0.5754768,6.344577e-07,-4.0887817e-06,0,0,0,1
1771685736212000,1771685736054000,0,1771685736060000,0,-496.449,0.5625,-0.0064697266,-0.0026588081,0.57550585,2.909257e-06,-3.977667e-06,0,0,0,1
1771685736260000,1771685736106000,0,1771685736108000,0,-496.539,0.5625,0.011291504,-0.0013446482,0.5754768,8.862081e-06,-2.7681253e-06,0,0,0,1
1771685736316000,1771685736158000,0,1771685736164000,0,-496.605,0.5625,-0.007385254,-0.0019136908,0.57550585,3.7908892e-06,-2.8644727e-06,0,0,0,1
1771685736364000,1771685736210000,0,1771685736212000,0,-496.686,0.5625,0.0014648438,-0.0015954231,0.5754768,1.4914708e-07,-2.580581e-06,0,0,0,1
1771685736420000,1771685736262000,0,1771685736268000,0,-496.757,0.5625,-0.0119018555,-0.002566319,0.57550585,9.845541e-06,-3.2649614e-06,0,0,0,1
1771685736468000,1771685736314000,0,1771685736316000,0,-496.837,0.5625,-0.0038452148,-0.0026867946,0.5754768,1.0277166e-06,-3.0542064e-06,0,0,0,1
1771685736524000,1771685736366000,0,1771685736372000,0,-496.917,0.5625,-0.008026123,-0.003189775,0.57550585,4.4773583e-06,-3.1882714e-06,0,0,0,1
1771685736572000,1771685736418000,0,1771685736420000,0,-496.999,0.5625,0.0018310547,-0.002716798,0.5754768,2.3304231e-07,-2.8659738e-06,0,0,0,1
1771685736628000,1771685736470000,0,1771685736476000,0,-497.082,0.5625,0.00048828125,-0.0024148703,0.57550585,1.6571061e-08,-2.5944296e-06,0,0,0,1
1771685736676000,1771685736522000,0,1771685736524000,0,-497.167,0.5625,0.013214111,-0.0009425748,0.5754768,1.21369085e-05,-1.2066947e-06,0,0,0,1
1771685736732000,1771685736574000,0,1771685736580000,0,-497.246,0.5625,0.007446289,-0.00015231944,0.57550585,3.8538074e-06,-7.299807e-07,0,0,0,1
1771685736780000,1771685736626000,0,1771685736628000,0,-497.328,0.5625,0.01687622,0.0014518185,0.5754768,1.9796233e-05,1.2036483e-06,0,0,0,1
1771685736836000,1771685736678000,0,1771685736684000,0,-497.396,0.5625,3.0517578e-05,0.0013179278,0.57550585,6.473071e-11,1.0902672e-06,0,0,0,1
1771685736884000,1771685736730000,0,1771685736732000,0,-497.484,0.5625,0.015686035,0.0026714453,0.5754768,1.7102457e-05,2.598662e-06,0,0,0,1
1771685736940000,1771685736782000,0,1771685736788000,0,-497.555,0.5625,0.0018310547,0.002592278,0.57550585,2.3303055e-07,2.3758125e-06,0,0,0,1
1771685736988000,1771685736834000,0,1771685736836000,0,-497.631,0.5625,0.0054016113,0.0028569254,0.5754768,2.0280506e-06,2.3430523e-06,0,0,0,1
1771685737044000,1771685736886000,0,1771685736892000,0,-497.714,0.5625,0.003753662,0.0029414005,0.57550585,9.793109e-07,2.214584e-06,0,0,0,1
1771685737092000,1771685736938000,0,1771685736940000,0,-497.798,0.5625,0.015289307,0.004104609,0.5754768,1.6248292e-05,3.5366e-06,0,0,0,1
1771685737148000,1771685736990000,0,1771685736996000,0,-497.869,0.5625,0.0014953613,0.0038588103,0.57550585,1.5541843e-07,3.2180828e-06,0,0,0,1
1771685737196000,1771685737042000,0,1771685737044000,0,-497.94,0.5625,0.00012207031,0.0035067985,0.5754768,1.0357436e-09,2.9150276e-06,0,0,0,1
1771685737252000,1771685737094000,0,1771685737100000,0,-498.024,0.5625,-0.0004272461,0.0031362001,0.57550585,1.2687219e-08,2.6392283e-06,0,0,0,1
1771685737300000,1771685737146000,0,1771685737148000,0,-498.104,0.5625,0.0072021484,0.0035192242,0.5754768,3.6054234e-06,2.7302467e-06,0,0,0,1
1771685737356000,1771685737198000,0,1771685737204000,0,-498.192,0.5625,0.010437012,0.0041708997,0.57550585,7.5711628e-06,3.186275e-06,0,0,0,1
1771685737404000,1771685737250000,0,1771685737252000,0,-498.265,0.5625,0.010498047,0.0047669355,0.5754768,7.660359e-06,3.6077467e-06,0,0,0,1
1771685737460000,1771685737302000,0,1771685737308000,0,-498.328,0.5625,-0.012573242,0.0031334404,0.57550585,1.0987649e-05,2.2328181e-06,0,0,0,1
1771685737508000,1771685737354000,0,1771685737356000,0,-498.413,0.5625,-0.0020751953,0.0026427717,0.5754768,2.993299e-07,1.9942825e-06,0,0,0,1
1771685737564000,1771685737406000,0,1771685737412000,0,-498.489,0.5625,-0.015533447,0.0009305191,0.57550585,1.6770497e-05,2.2658583e-07,0,0,0,1
1771685737612000,1771685737458000,0,1771685737460000,0,-498.575,0.5625,-0.008117676,7.8152865e-05,0.5754768,4.580317e-06,-2.2623843e-07,0,0,0,1
1771685737668000,1771685737510000,0,1771685737516000,0,-498.655,0.5625,-0.023895264,-0.0021802126,0.57550585,3.9685685e-05,-3.943433e-06,0,0,0,1
1771685737716000,1771685737562000,0,1771685737564000,0,-498.742,0.5625,-0.021697998,-0.0040188446,0.5754768,3.2724383e-05,-6.6546822e-06,0,0,0,1
1771685737772000,1771685737614000,0,1771685737620000,0,-498.835,0.5625,-0.03289795,-0.00673934,0.57550585,7.5222524e-05,-1.3113971e-05,0,0,0,1
1771685737820000,1771685737666000,0,1771685737668000,0,-498.944,0.5625,-0.017150879,-0.007720137,0.5754768,2.0445837e-05,-1.3804654e-05,0,0,0,1
1771685737876000,1771685737718000,0,1771685737724000,0,-499.04,0.5625,-0.036743164,-0.010454191,0.57550585,9.383467e-05,-2.1343714e-05,0,0,0,1
1771685737924000,1771685737770000,0,1771685737772000,0,-499.14,0.5625,-0.04058838,-0.013292919,0.5754768,0.00011450793,-3.0120053e-05,0,0,0,1
1771685737980000,1771685737822000,0,1771685737828000,0,-499.261,0.5625,-0.048187256,-0.016580068,0.57550585,0.00016138925,-4.2485994e-05,0,0,0,1
1771685738028000,1771685737874000,0,1771685737876000,0,-499.374,0.5625,-0.050628662,-0.019787544,0.5754768,0.00017816608,-5.5267454e-05,0,0,0,1
1771685738084000,1771685737926000,0,1771685737932000,0,-499.505,0.5625,-0.06100464,-0.023670314,0.57550585,0.000258664,-7.4428e-05,0,0,0,1
1771685738132000,1771685737978000,0,1771685737980000,0,-499.641,0.5625,-0.05029297,-0.026178245,0.5754768,0.00017581126,-8.397859e-05,0,0,0,1
1771685738188000,1771685738030000,0,1771685738036000,0,-499.767,0.5625,-0.07611084,-0.03088204,0.57550585,0.00040262734,-0.00011399623,0,0,0,1
1771685738236000,1771685738082000,0,1771685738084000,0,-499.901,0.5625,-0.074920654,-0.035030607,0.5754768,0.0003901533,-0.00014001103,0,0,0,1
1771685738292000,1771685738134000,0,1771685738140000,0,-500.05,0.5625,-0.08502197,-0.03973994,0.57550585,0.0005024266,-0.00017415163,0,0,0,1
1771685738340000,1771685738186000,0,1771685738188000,0,-500.193,0.5625,-0.08035278,-0.043565787,0.5754768,0.0004487805,-0.00020002246,0,0,0,1
1771685738396000,1771685738238000,0,1771685738244000,0,-500.353,0.5625,-0.08465576,-0.047436584,0.57550585,0.00049810775,-0.00022810296,0,0,0,1
1771685738444000,1771685738290000,0,1771685738292000,0,-500.5,0.5625,-0.07962036,-0.05046839,0.5754768,0.00044063648,-0.00024812424,0,0,0,1
1771685738500000,1771685738342000,0,1771685738348000,0,-500.654,0.5625,-0.09262085,-0.054439273,0.57550585,0.0005962491,-0.0002809186,0,0,0,1
1771685738548000,1771685738394000,0,1771685738396000,0,-500.819,0.5625,-0.07043457,-0.055946074,0.5754768,0.00034482908,-0.00028693918,0,0,0,1
1771685738604000,1771685738446000,0,1771685738452000,0,-500.984,0.5625,-0.0725708,-0.05751217,0.57550585,0.00036604464,-0.00029439115,0,0,0,1
1771685738652000,1771685738498000,0,1771685738500000,0,-501.152,0.5625,-0.04727173,-0.056547493,0.5754768,0.00015532276,-0.0002812905,0,0,0,1
1771685738708000,1771685738550000,0,1771685738556000,0,-501.306,0.5625,-0.06036377,-0.056907,0.57550585,0.00025325787,-0.00027864974,0,0,0,1
1771685738756000,1771685738602000,0,1771685738604000,0,-501.471,0.5625,-0.037902832,-0.05511675,0.5754768,9.98563e-05,-0.00026180688,0,0,0,1
1771685738812000,1771685738654000,0,1771685738660000,0,-501.62,0.5625,-0.055786133,-0.05517981,0.57550585,0.0002163031,-0.0002575203,0,0,0,1
1771685738860000,1771685738706000,0,1771685738708000,0,-501.791,0.5625,-0.027374268,-0.052560445,0.5754768,5.208554e-05,-0.00023816775,0,0,0,1
1771685738916000,1771685738758000,0,1771685738764000,0,-501.944,0.5625,-0.04144287,-0.051513135,0.57550585,0.000119374046,-0.00022697703,0,0,0,1
1771685738964000,1771685738810000,0,1771685738812000,0,-502.088,0.5625,-0.040283203,-0.050455242,0.5754768,0.00011279248,-0.00021622052,0,0,0,1
1771685739020000,1771685738862000,0,1771685738868000,0,-502.24,0.5625,-0.055023193,-0.050885558,0.57550585,0.00021042717,-0.00021567477,0,0,0,1
1771685739068000,1771685738914000,0,1771685738916000,0,-502.388,0.5625,-0.049560547,-0.05076074,0.5754768,0.00017072783,-0.00021144064,0,0,0,1
1771685739124000,1771685738966000,0,1771685738972000,0,-502.544,0.5625,-0.060058594,-0.051636625,0.57550585,0.0002507036,-0.00021513933,0,0,0,1
1771685739172000,1771685739018000,0,1771685739020000,0,-502.713,0.5625,-0.03353882,-0.04993176,0.5754768,7.818576e-05,-0.0002022379,0,0,0,1
1771685739228000,1771685739070000,0,1771685739076000,0,-502.87,0.5625,-0.04345703,-0.049321823,0.57550585,0.00013125938,-0.00019555152,0,0,0,1
1771685739276000,1771685739122000,0,1771685739124000,0,-503.024,0.5625,-0.032409668,-0.04772865,0.5754768,7.3009825e-05,-0.00018400773,0,0,0,1
1771685739332000,1771685739174000,0,1771685739180000,0,-503.169,0.5625,-0.054473877,-0.04836407,0.57550585,0.00020624661,-0.0001861027,0,0,0,1
1771685739380000,1771685739226000,0,1771685739228000,0,-503.344,0.5625,-0.022064209,-0.045886546,0.5754768,3.3838325e-05,-0.00017175895,0,0,0,1
1771685739436000,1771685739278000,0,1771685739284000,0,-503.484,0.5625,-0.04953003,-0.046229772,0.57550585,0.00017050904,-0.00017164121,0,0,0,1
1771685739484000,1771685739330000,0,1771685739332000,0,-503.643,0.5625,-0.033447266,-0.045025624,0.5754768,7.775948e-05,-0.00016279728,0,0,0,1
1771685739540000,1771685739382000,0,1771685739388000,0,-503.808,0.5625,-0.035614014,-0.044139024,0.57550585,8.815604e-05,-0.00015576585,0,0,0,1
1771685739588000,1771685739434000,0,1771685739436000,0,-503.967,0.5625,-0.019897461,-0.0418554,0.5754768,2.7518672e-05,-0.00014368459,0,0,0,1
1771685739644000,1771685739486000,0,1771685739492000,0,-504.129,0.5625,-0.025482178,-0.040312994,0.57550585,4.513187e-05,-0.00013440065,0,0,0,1
1771685739692000,1771685739538000,0,1771685739540000,0,-504.295,0.5625,-0.0030212402,-0.036800005,0.5754768,6.344577e-07,-0.00012179948,0,0,0,1
1771685739748000,1771685739590000,0,1771685739596000,0,-504.44,0.5625,-0.026062012,-0.035788454,0.57550585,4.720914e-05,-0.000114772854,0,0,0,1
1771685739796000,1771685739642000,0,1771685739644000,0,-504.598,0.5625,-0.011657715,-0.033515267,0.5754768,9.44624e-06,-0.000104850784,0,0,0,1
1771685739852000,1771685739694000,0,1771685739700000,0,-504.755,0.5625,-0.022521973,-0.032479666,0.57550585,3.5255194e-05,-9.829468e-05,0,0,0,1
1771685739900000,1771685739746000,0,1771685739748000,0,-504.908,0.5625,-0.013122559,-0.03065617,0.5754768,1.1969312e-05,-9.016258e-05,0,0,0,1
1771685739956000,1771685739798000,0,1771685739804000,0,-505.066,0.5625,-0.022735596,-0.02991003,0.57550585,3.592716e-05,-8.505345e-05,0,0,0,1
1771685740004000,1771685739850000,0,1771685739852000,0,-505.224,0.5625,-0.008148193,-0.02786,0.5754768,4.61482e-06,-7.7475896e-05,0,0,0,1
1771685740060000,1771685739902000,0,1771685739908000,0,-505.369,0.5625,-0.030883789,-0.02814485,0.57550585,6.629357e-05,-7.642249e-05,0,0,0,1
1771685740108000,1771685739954000,0,1771685739956000,0,-505.515,0.5625,-0.02810669,-0.028141255,0.5754768,5.491001e-05,-7.439595e-05,0,0,0,1
1771685740164000,1771685740006000,0,1771685740012000,0,-505.684,0.5625,-0.026428223,-0.027979882,0.57550585,4.8545186e-05,-7.1960734e-05,0,0,0,1
1771685740212000,1771685740058000,0,1771685740060000,0,-505.844,0.5625,-0.009765625,-0.026264047,0.5754768,6.628759e-06,-6.580627e-05,0,0,0,1
1771685740268000,1771685740110000,0,1771685740116000,0,-506.001,0.5625,-0.02041626,-0.025713168,0.57550585,2.897094e-05,-6.233628e-05,0,0,0,1
1771685740316000,1771685740162000,0,1771685740164000,0,-506.14,0.5625,-0.024963379,-0.025642537,0.5754768,4.3315056e-05,-6.0544426e-05,0,0,0,1
1771685740372000,1771685740214000,0,1771685740220000,0,-506.3,0.5625,-0.03237915,-0.026277145,0.57550585,7.2868716e-05,-6.170541e-05,0,0,0,1
1771685740420000,1771685740266000,0,1771685740268000,0,-506.469,0.5625,-0.006652832,-0.024428478,0.5754768,3.0764174e-06,-5.6182387e-05,0,0,0,1
1771685740476000,1771685740318000,0,1771685740324000,0,-506.618,0.5625,-0.025421143,-0.02452199,0.57550585,4.4915927e-05,-5.5121054e-05,0,0,0,1
1771685740524000,1771685740370000,0,1771685740372000,0,-506.784,0.5625,-0.0026855469,-0.022464933,0.5754768,5.012999e-07,-4.9975715e-05,0,0,0,1
1771685740580000,1771685740422000,0,1771685740428000,0,-506.939,0.5625,-0.015380859,-0.021797592,0.57550585,1.6442636e-05,-4.68168e-05,0,0,0,1
1771685740628000,1771685740474000,0,1771685740476000,0,-507.089,0.5625,-0.008880615,-0.020580776,0.5754768,5.481738e-06,-4.292292e-05,0,0,0,1
1771685740684000,1771685740526000,0,1771685740532000,0,-507.253,0.5625,-0.012420654,-0.019812068,0.57550585,1.0722577e-05,-3.9889554e-05,0,0,0,1
1771685740732000,1771685740578000,0,1771685740580000,0,-507.406,0.5625,-0.0029296875,-0.018221699,0.5754768,5.9658834e-07,-3.618804e-05,0,0,0,1
1771685740788000,1771685740630000,0,1771685740636000,0,-507.561,0.5625,-0.015594482,-0.017974207,0.57550585,1.6902548e-05,-3.4371293e-05,0,0,0,1
1771685740836000,1771685740682000,0,1771685740684000,0,-507.719,0.5625,-0.001159668,-0.016390229,0.5754768,9.347586e-08,-3.1142223e-05,0,0,0,1
1771685740892000,1771685740734000,0,1771685740740000,0,-507.871,0.5625,-0.017059326,-0.016453259,0.57550585,2.0227117e-05,-3.0113988e-05,0,0,0,1
1771685740940000,1771685740786000,0,1771685740788000,0,-508.029,0.5625,-0.0025939941,-0.015147676,0.5754768,4.6770296e-07,-2.732122e-05,0,0,0,1
1771685740996000,1771685740838000,0,1771685740844000,0,-508.188,0.5625,-0.011444092,-0.014798787,0.57550585,9.102756e-06,-2.5604988e-05,0,0,0,1
1771685741044000,1771685740890000,0,1771685740892000,0,-508.338,0.5625,-0.0051574707,-0.013890548,0.5754768,1.8488671e-06,-2.3367093e-05,0,0,0,1
1771685741100000,1771685740942000,0,1771685740948000,0,-508.493,0.5625,-0.018157959,-0.01429255,0.57550585,2.2916289e-05,-2.3324626e-05,0,0,0,1
1771685741148000,1771685740994000,0,1771685740996000,0,-508.653,0.5625,-0.0018005371,-0.013115766,0.5754768,2.2533897e-07,-2.1148606e-05,0,0,0,1
1771685741204000,1771685741046000,0,1771685741052000,0,-508.805,0.5625,-0.017852783,-0.013562007,0.57550585,2.2152468e-05,-2.1243173e-05,0,0,0,1
1771685741252000,1771685741098000,0,1771685741100000,0,-508.97,0.5625,0.003479004,-0.011956695,0.5754768,8.412827e-07,-1.9162753e-05,0,0,0,1
1771685741308000,1771685741150000,0,1771685741156000,0,-509.127,0.5625,-0.0076904297,-0.0115548,0.57550585,4.110659e-06,-1.7744802e-05,0,0,0,1
1771685741356000,1771685741202000,0,1771685741204000,0,-509.27,0.5625,-0.008666992,-0.01128276,0.5754768,5.2211835e-06,-1.656504e-05,0,0,0,1
1771685741412000,1771685741254000,0,1771685741260000,0,-509.441,0.5625,-0.005432129,-0.010731613,0.57550585,2.0509278e-06,-1.5197768e-05,0,0,0,1
1771685741460000,1771685741306000,0,1771685741308000,0,-509.594,0.5625,0.0037231445,-0.009369933,0.5754768,9.635005e-07,-1.367533e-05,0,0,0,1
1771685741516000,1771685741358000,0,1771685741364000,0,-509.76,0.5625,0.001739502,-0.008323392,0.57550585,2.1031008e-07,-1.2367262e-05,0,0,0,1
1771685741564000,1771685741410000,0,1771685741412000,0,-509.913,0.5625,0.010650635,-0.0065359836,0.5754768,7.884662e-06,-1.0459471e-05,0,0,0,1
1771685741620000,1771685741462000,0,1771685741468000,0,-510.068,0.5625,-0.002319336,-0.0061387634,0.57550585,3.7388457e-07,-9.509379e-06,0,0,0,1
1771685741668000,1771685741514000,0,1771685741516000,0,-510.214,0.5625,-3.0517578e-05,-0.005563349,0.5754768,6.4733975e-11,-8.613574e-06,0,0,0,1
1771685741724000,1771685741566000,0,1771685741572000,0,-510.381,0.5625,-0.0007019043,-0.005105387,0.57550585,3.4242547e-08,-7.805376e-06,0,0,0,1
1771685741772000,1771685741618000,0,1771685741620000,0,-510.522,0.5625,-0.0034179688,-0.0049464274,0.5754768,8.1202296e-07,-7.146582e-06,0,0,0,1
1771685741828000,1771685741670000,0,1771685741676000,0,-510.695,0.5625,0.0018005371,-0.0043108435,0.57550585,2.253276e-07,-6.452127e-06,0,0,0,1
1771685741876000,1771685741722000,0,1771685741724000,0,-510.849,0.5625,0.011810303,-0.0027921847,0.5754768,9.695143e-06,-4.9310074e-06,0,0,0,1
1771685741932000,1771685741774000,0,1771685741780000,0,-511.0,0.5625,-0.0054016113,-0.0030380003,0.57550585,2.0279483e-06,-4.657531e-06,0,0,0,1
1771685741980000,1771685741826000,0,1771685741828000,0,-511.168,0.5625,0.018859863,-0.00097515783,0.5754768,2.4723458e-05,-1.8897563e-06,0,0,0,1
1771685742036000,1771685741878000,0,1771685741884000,0,-511.31,0.5625,-0.007507324,-0.0015905069,0.57550585,3.9172437e-06,-2.0807515e-06,0,0,0,1
1771685742084000,1771685741930000,0,1771685741932000,0,-511.462,0.5625,0.00079345703,-0.0013659305,0.5754768,4.3760167e-08,-1.8806163e-06,0,0,0,1
1771685742140000,1771685741982000,0,1771685741988000,0,-511.617,0.5625,-0.012084961,-0.0023756945,0.57550585,1.0150811e-05,-2.6596927e-06,0,0,0,1
1771685742188000,1771685742034000,0,1771685742036000,0,-511.78,0.5625,0.007293701,-0.0014648093,0.5754768,3.6976694e-06,-2.0608106e-06,0,0,0,1
1771685742244000,1771685742086000,0,1771685742092000,0,-511.931,0.5625,-0.009765625,-0.0022467703,0.57550585,6.6284247e-06,-2.4910933e-06,0,0,0,1
1771685742292000,1771685742138000,0,1771685742140000,0,-512.087,0.5625,0.0025634766,-0.0017936311,0.5754768,4.5676293e-07,-2.2133966e-06,0,0,0,1
1771685742348000,1771685742190000,0,1771685742196000,0,-512.248,0.5625,-0.004333496,-0.0020328937,0.57550585,1.3052301e-06,-2.1278447e-06,0,0,0,1
1771685742396000,1771685742242000,0,1771685742244000,0,-512.393,0.5625,-0.0030517578,-0.0021288737,0.5754768,6.4733973e-07,-1.9883769e-06,0,0,0,1
1771685742452000,1771685742294000,0,1771685742300000,0,-512.554,0.5625,-0.009887695,-0.0028597773,0.57550585,6.795171e-06,-2.4411909e-06,0,0,0,1
1771685742500000,1771685742346000,0,1771685742348000,0,-512.714,0.5625,0.0064697266,-0.001980911,0.5754768,2.9094037e-06,-1.9371494e-06,0,0,0,1
1771685742556000,1771685742398000,0,1771685742404000,0,-512.858,0.5625,-0.01751709,-0.0034444642,0.57550585,2.1327216e-05,-3.76375e-06,0,0,0,1
1771685742604000,1771685742450000,0,1771685742452000,0,-513.02,0.5625,0.0010375977,-0.003022241,0.5754768,7.483248e-08,-3.4021446e-06,0,0,0,1
1771685742660000,1771685742502000,0,1771685742508000,0,-513.182,0.5625,-0.0048217773,-0.0031917626,0.57550585,1.6159374e-06,-3.2338787e-06,0,0,0,1
1771685742708000,1771685742554000,0,1771685742556000,0,-513.34,0.5625,0.009521484,-0.0019941377,0.5754768,6.301464e-06,-2.3356217e-06,0,0,0,1
1771685742764000,1771685742606000,0,1771685742612000,0,-513.489,0.5625,-0.0095825195,-0.0027089852,0.57550585,6.382189e-06,-2.71682e-06,0,0,0,1
1771685742812000,1771685742658000,0,1771685742660000,0,-513.647,0.5625,0.0048217773,-0.0019995654,0.5754768,1.616019e-06,-2.308654e-06,0,0,0,1
1771685742868000,1771685742710000,0,1771685742716000,0,-513.808,0.5625,-0.0021362305,-0.0020124395,0.57550585,3.1718048e-07,-2.1210515e-06,0,0,0,1
1771685742916000,1771685742762000,0,1771685742764000,0,-513.972,0.5625,0.018127441,-0.00011520425,0.5754768,2.2840477e-05,2.3039706e-07,0,0,0,1
1771685742972000,1771685742814000,0,1771685742820000,0,-514.127,0.5625,0.0048828125,0.00035562343,0.57550585,1.6571062e-06,3.647972e-07,0,0,0,1
1771685743020000,1771685742866000,0,1771685742868000,0,-514.272,0.5625,0.005859375,0.0008740928,0.5754768,2.3863533e-06,5.5523367e-07,0,0,0,1
1771685743076000,1771685742918000,0,1771685742924000,0,-514.432,0.5625,-0.0020751953,0.0005962613,0.57550585,2.993148e-07,4.747327e-07,0,0,0,1
1771685743124000,1771685742970000,0,1771685742972000,0,-514.589,0.5625,0.011108398,0.0015865352,0.5754768,8.5769925e-06,1.2379892e-06,0,0,0,1
1771685743180000,1771685743022000,0,1771685743028000,0,-514.732,0.5625,-0.013916016,0.00012614997,0.57550585,1.3459845e-05,-1.4658951e-07,0,0,0,1
1771685743228000,1771685743074000,0,1771685743076000,0,-514.883,0.5625,-0.0063476562,-0.0004837014,0.5754768,2.8006507e-06,-3.9660978e-07,0,0,0,1
1771685743284000,1771685743126000,0,1771685743132000,0,-515.056,0.5625,-0.0010375977,-0.00053588004,0.57550585,7.48287e-08,-3.6629706e-07,0,0,0,1
1771685743332000,1771685743178000,0,1771685743180000,0,-515.202,0.5625,0.001159668,-0.0003761545,0.5754768,9.347586e-08,-3.229851e-07,0,0,0,1
1771685743388000,1771685743230000,0,1771685743236000,0,-515.358,0.5625,-0.0107421875,-0.0013526649,0.57550585,8.020394e-06,-1.0481033e-06,0,0,0,1
1771685743436000,1771685743282000,0,1771685743284000,0,-515.503,0.5625,-0.009338379,-0.0021049422,0.5754768,6.0614307e-06,-1.5203733e-06,0,0,0,1
1771685743492000,1771685743334000,0,1771685743340000,0,-515.655,0.5625,-0.024841309,-0.004246774,0.57550585,4.2890308e-05,-5.417541e-06,0,0,0,1
1771685743540000,1771685743386000,0,1771685743388000,0,-515.816,0.5625,-0.007019043,-0.00450793,0.5754768,3.4244272e-06,-5.229784e-06,0,0,0,1
1771685743596000,1771685743438000,0,1771685743444000,0,-515.974,0.5625,-0.016479492,-0.005635686,0.57550585,1.8875475e-05,-6.515248e-06,0,0,0,1
1771685743644000,1771685743490000,0,1771685743492000,0,-516.136,0.5625,0.0022583008,-0.00489205,0.5754768,3.5448323e-07,-5.8680994e-06,0,0,0,1
1771685743700000,1771685743542000,0,1771685743548000,0,-516.287,0.5625,-0.014465332,-0.0057938807,0.57550585,1.4543437e-05,-6.6853413e-06,0,0,0,1
1771685743748000,1771685743594000,0,1771685743596000,0,-516.45,0.5625,0.005126953,-0.0047651064,0.5754768,1.8270517e-06,-5.8834494e-06,0,0,0,1
1771685743804000,1771685743646000,0,1771685743652000,0,-516.611,0.5625,-0.0016479492,-0.0044714613,0.57550585,1.8875475e-07,-5.3469926e-06,0,0,0,1
1771685743852000,1771685743698000,0,1771685743700000,0,-516.752,0.5625,-0.004272461,-0.0044527147,0.5754768,1.2687859e-06,-4.962814e-06,0,0,0,1
1771685743908000,1771685743750000,0,1771685743756000,0,-516.917,0.5625,-0.0068359375,-0.004677221,0.57550585,3.2479281e-06,-4.8012666e-06,0,0,0,1
1771685743956000,1771685743802000,0,1771685743804000,0,-517.073,0.5625,0.0056152344,-0.003707642,0.5754768,2.1916335e-06,-4.142515e-06,0,0,0,1
1771685744012000,1771685743854000,0,1771685743860000,0,-517.235,0.5625,-0.00024414062,-0.00338137,0.57550585,4.1427652e-09,-3.7526684e-06,0,0,0,1
1771685744060000,1771685743906000,0,1771685743908000,0,-517.402,0.5625,0.023132324,-0.0008837031,0.5754768,3.719381e-05,1.0460917e-07,0,0,0,1
1771685744116000,1771685743958000,0,1771685743964000,0,-517.551,0.5625,0.003967285,-0.00042672592,0.57550585,1.093949e-06,1.9780785e-07,0,0,0,1
1771685744164000,1771685744010000,0,1771685744012000,0,-517.707,0.5625,0.016113281,0.0011313908,0.5754768,1.8046796e-05,1.8792343e-06,0,0,0,1
1771685744220000,1771685744062000,0,1771685744068000,0,-517.848,0.5625,-0.010925293,-4.383852e-06,0.57550585,8.296147e-06,9.206839e-07,0,0,0,1
1771685744268000,1771685744114000,0,1771685744116000,0,-518.007,0.5625,0.004638672,0.00043300548,0.5754768,1.4956138e-06,9.748439e-07,0,0,0,1
1771685744324000,1771685744166000,0,1771685744172000,0,-518.154,0.5625,-0.016296387,-0.0011429519,0.57550585,1.845835e-05,-8.558194e-07,0,0,0,1
1771685744372000,1771685744218000,0,1771685744220000,0,-518.297,0.5625,-0.016601562,-0.002599198,0.5754768,1.9157114e-05,-2.5798545e-06,0,0,0,1
1771685744428000,1771685744270000,0,1771685744276000,0,-518.464,0.5625,-0.016906738,-0.00394701,0.57550585,1.986689e-05,-4.2083434e-06,0,0,0,1
1771685744476000,1771685744322000,0,1771685744324000,0,-518.621,0.5625,-0.0032348633,-0.0038799236,0.5754768,7.2735094e-07,-3.8804237e-06,0,0,0,1
1771685744532000,1771685744374000,0,1771685744380000,0,-518.777,0.5625,-0.014831543,-0.004911598,0.57550585,1.5289135e-05,-4.9551572e-06,0,0,0,1
1771685744580000,1771685744426000,0,1771685744428000,0,-518.928,0.5625,-0.0072021484,-0.0051273745,0.5754768,3.6054234e-06,-4.8280085e-06,0,0,0,1
1771685744636000,1771685744478000,0,1771685744484000,0,-519.077,0.5625,-0.025634766,-0.0070592305,0.57550585,4.5673987e-05,-8.675818e-06,0,0,0,1
1771685744684000,1771685744530000,0,1771685744532000,0,-519.231,0.5625,-0.014770508,-0.007785655,0.5754768,1.5164322e-05,-9.287054e-06,0,0,0,1
1771685744740000,1771685744582000,0,1771685744588000,0,-519.396,0.5625,-0.017211914,-0.008673636,0.57550585,2.059058e-05,-1.035188e-05,0,0,0,1
1771685744788000,1771685744634000,0,1771685744636000,0,-519.539,0.5625,-0.01751709,-0.009506715,0.5754768,2.1328291e-05,-1.138589e-05,0,0,0,1
1771685744844000,1771685744686000,0,1771685744692000,0,-519.718,0.5625,-0.005859375,-0.009163125,0.57550585,2.3862328e-06,-1.0538096e-05,0,0,0,1
1771685744892000,1771685744738000,0,1771685744740000,0,-519.874,0.5625,0.006591797,-0.007678966,0.5754768,3.0202284e-06,-9.2608625e-06,0,0,0,1
1771685744948000,1771685744790000,0,1771685744796000,0,-520.012,0.5625,-0.02319336,-0.009140467,0.57550585,3.7388458e-05,-1.1910563e-05,0,0,0,1
1771685744996000,1771685744842000,0,1771685744844000,0,-520.179,0.5625,0.0007324219,-0.008210412,0.5754768,3.728677e-08,-1.0785041e-05,0,0,0,1
1771685745052000,1771685744894000,0,1771685744900000,0,-520.323,0.5625,-0.022949219,-0.00959885,0.57550585,3.6605474e-05,-1.3217401e-05,0,0,0,1
1771685745100000,1771685744946000,0,1771685744948000,0,-520.472,0.5625,-0.017089844,-0.010304524,0.5754768,2.0300575e-05,-1.3884656e-05,0,0,0,1
1771685745156000,1771685744998000,0,1771685745004000,0,-520.632,0.5625,-0.024353027,-0.011627933,0.57550585,4.1220774e-05,-1.6459799e-05,0,0,0,1
1771685745204000,1771685745050000,0,1771685745052000,0,-520.794,0.5625,-0.0056762695,-0.011067269,0.5754768,2.2395366e-06,-1.5120208e-05,0,0,0,1
1771685745260000,1771685745102000,0,1771685745108000,0,-520.955,0.5625,-0.012390137,-0.011191888,0.57550585,1.0669951e-05,-1.4700981e-05,0,0,0,1
1771685745308000,1771685745154000,0,1771685745156000,0,-521.099,0.5625,-0.011962891,-0.011264519,0.57547677,9.947283e-06,-1.4253169e-05,0,0,0,1
1771685745364000,1771685745206000,0,1771685745212000,0,-521.257,0.5625,-0.02154541,-0.012233009,0.5755058,3.226412e-05,-1.5949852e-05,0,0,0,1
1771685745412000,1771685745258000,0,1771685745260000,0,-521.413,0.5625,-0.008911133,-0.011920079,0.57547677,5.5194782e-06,-1.4967281e-05,0,0,0,1
1771685745468000,1771685745310000,0,1771685745316000,0,-521.567,0.5625,-0.022521973,-0.012918808,0.5755058,3.5255198e-05,-1.687846e-05,0,0,0,1
1771685745516000,1771685745362000,0,1771685745364000,0,-521.714,0.5625,-0.018920898,-0.013484222,0.57547677,2.4883742e-05,-1.7632581e-05,0,0,0,1
1771685745572000,1771685745414000,0,1771685745420000,0,-521.864,0.5625,-0.036315918,-0.015635034,0.5755058,9.166517e-05,-2.4606667e-05,0,0,0,1
1771685745620000,1771685745466000,0,1771685745468000,0,-522.038,0.5625,-0.0053710938,-0.0146681415,0.57547677,2.0051998e-06,-2.2477543e-05,0,0,0,1
1771685745676000,1771685745518000,0,1771685745524000,0,-522.188,0.5625,-0.023071289,-0.015459742,0.5755058,3.6995934e-05,-2.3845218e-05,0,0,0,1
1771685745724000,1771685745570000,0,1771685745572000,0,-522.343,0.5625,-0.011352539,-0.015072832,0.57547677,8.958147e-06,-2.2442813e-05,0,0,0,1
1771685745780000,1771685745622000,0,1771685745628000,0,-522.514,0.5625,-0.00793457,-0.014400387,0.5755058,4.3757964e-06,-2.0740848e-05,0,0,0,1
1771685745828000,1771685745674000,0,1771685745676000,0,-522.67,0.5625,0.0044555664,-0.012624102,0.57547677,1.3798696e-06,-1.8657012e-05,0,0,0,1
1771685745884000,1771685745726000,0,1771685745732000,0,-522.821,0.5625,-0.012512207,-0.012613561,0.5755058,1.0881234e-05,-1.792451e-05,0,0,0,1
1771685745932000,1771685745778000,0,1771685745780000,0,-522.982,0.5625,0.005065918,-0.010948103,0.57547677,1.7838097e-06,-1.606793e-05,0,0,0,1
1771685745988000,1771685745830000,0,1771685745836000,0,-523.126,0.5625,-0.018859863,-0.011693413,0.5755058,2.4722214e-05,-1.6883188e-05,0,0,0,1
1771685746036000,1771685745882000,0,1771685745884000,0,-523.277,0.5625,-0.011230469,-0.011649802,0.57547677,8.766535e-06,-1.6118576e-05,0,0,0,1
1771685746092000,1771685745934000,0,1771685745940000,0,-523.426,0.5625,-0.029724121,-0.013352456,0.5755058,6.140848e-05,-2.0385018e-05,0,0,0,1
1771685746140000,1771685745986000,0,1771685745988000,0,-523.588,0.5625,-0.010864258,-0.01311806,0.57547677,8.204126e-06,-1.9237543e-05,0,0,0,1
1771685746196000,1771685746038000,0,1771685746044000,0,-523.754,0.5625,-0.012390137,-0.013049488,0.5755058,1.0669953e-05,-1.8430452e-05,0,0,0,1
1771685746244000,1771685746090000,0,1771685746092000,0,-523.91,0.5625,6.1035156e-05,-0.011814439,0.57547677,2.5893593e-10,-1.6694225e-05,0,0,0,1
1771685746300000,1771685746142000,0,1771685746148000,0,-524.047,0.5625,-0.030700684,-0.013593578,0.5755058,6.550982e-05,-2.1292795e-05,0,0,0,1
1771685746348000,1771685746194000,0,1771685746196000,0,-524.21,0.5625,-0.010986328,-0.0133479675,0.57547677,8.389524e-06,-2.007727e-05,0,0,0,1
1771685746404000,1771685746246000,0,1771685746252000,0,-524.366,0.5625,-0.022949219,-0.014252434,0.5755058,3.660548e-05,-2.1634276e-05,0,0,0,1
1771685746452000,1771685746298000,0,1771685746300000,0,-524.53,0.5625,-0.0024414062,-0.0131398,0.57547677,4.142975e-07,-1.9635292e-05,0,0,0,1
1771685746508000,1771685746350000,0,1771685746356000,0,-524.688,0.5625,-0.012084961,-0.013040431,0.5755058,1.0150812e-05,-1.8741826e-05,0,0,0,1
1771685746556000,1771685746402000,0,1771685746404000,0,-524.844,0.5625,0.0006713867,-0.011748738,0.57547677,3.1331247e-08,-1.697334e-05,0,0,0,1
1771685746612000,1771685746454000,0,1771685746460000,0,-525.0,0.5625,-0.010986328,-0.011676917,0.5755058,8.389101e-06,-1.6164679e-05,0,0,0,1
1771685746660000,1771685746506000,0,1771685746508000,0,-525.15,0.5625,-0.0043945312,-0.010990895,0.57547677,1.3423239e-06,-1.47683695e-05,0,0,0,1
1771685746716000,1771685746558000,0,1771685746564000,0,-525.314,0.5625,-0.0078125,-0.010691482,0.5755058,4.2421925e-06,-1.3776773e-05,0,0,0,1
1771685746764000,1771685746610000,0,1771685746612000,0,-525.469,0.5625,0.0036621094,-0.009339332,0.57547677,9.3216937e-07,-1.2391148e-05,0,0,0,1
1771685746820000,1771685746662000,0,1771685746668000,0,-525.62,0.5625,-0.013122559,-0.009695723,0.5755058,1.196871e-05,-1.2351353e-05,0,0,0,1
1771685746868000,1771685746714000,0,1771685746716000,0,-525.783,0.5625,0.006591797,-0.008161391,0.57547677,3.0202286e-06,-1.0903305e-05,0,0,0,1
1771685746924000,1771685746766000,0,1771685746772000,0,-525.93,0.5625,-0.014160156,-0.0087264925,0.5755058,1.3936265e-05,-1.1189019e-05,0,0,0,1
1771685746972000,1771685746818000,0,1771685746820000,0,-526.081,0.5625,-0.0065307617,-0.008519649,0.57547677,2.9645576e-06,-1.0414251e-05,0,0,0,1
1771685747028000,1771685746870000,0,1771685746876000,0,-526.236,0.5625,-0.019042969,-0.009510976,0.5755058,2.5204588e-05,-1.1807544e-05,0,0,0,1
1771685747076000,1771685746922000,0,1771685746924000,0,-526.387,0.5625,-0.011291504,-0.009678707,0.57547677,8.862083e-06,-1.1530073e-05,0,0,0,1
1771685747132000,1771685746974000,0,1771685746980000,0,-526.53,0.5625,-0.035705566,-0.012130514,0.5755058,8.860988e-05,-1.8791216e-05,0,0,0,1
1771685747180000,1771685747026000,0,1771685747028000,0,-526.698,0.5625,-0.010620117,-0.01198823,0.57547677,7.839544e-06,-1.7759536e-05,0,0,0,1
1771685747236000,1771685747078000,0,1771685747084000,0,-526.86,0.5625,-0.016052246,-0.012371073,0.5755058,1.7909437e-05,-1.7773657e-05,0,0,0,1
1771685747284000,1771685747130000,0,1771685747132000,0,-527.015,0.5625,-0.0043945312,-0.011619659,0.57547677,1.3423239e-06,-1.6225777e-05,0,0,0,1
1771685747340000,1771685747182000,0,1771685747188000,0,-527.17,0.5625,-0.016906738,-0.012117717,0.5755058,1.9866893e-05,-1.656878e-05,0,0,0,1
1771685747388000,1771685747234000,0,1771685747236000,0,-527.324,0.5625,-0.006225586,-0.011562661,0.57547677,2.6939695e-06,-1.5261732e-05,0,0,0,1
1771685747444000,1771685747286000,0,1771685747292000,0,-527.471,0.5625,-0.026672363,-0.012986039,0.5755058,4.944624e-05,-1.8482013e-05,0,0,0,1
1771685747492000,1771685747338000,0,1771685747340000,0,-527.635,0.5625,-0.0056762695,-0.0122974375,0.57547677,2.2395368e-06,-1.6951924e-05,0,0,0,1
1771685747548000,1771685747390000,0,1771685747396000,0,-527.792,0.5625,-0.016235352,-0.0126684,0.5755058,1.8320346e-05,-1.7080834e-05,0,0,0,1
1771685747596000,1771685747442000,0,1771685747444000,0,-527.937,0.5625,-0.014465332,-0.012837676,0.57547677,1.4544173e-05,-1.6841874e-05,0,0,0,1
1771685747652000,1771685747494000,0,1771685747500000,0,-528.093,0.5625,-0.0256958,-0.014048949,0.5755058,4.589175e-05,-1.9578456e-05,0,0,0,1
1771685747700000,1771685747546000,0,1771685747548000,0,-528.248,0.5625,-0.01373291,-0.014019177,0.57547677,1.3108632e-05,-1.896898e-05,0,0,0,1
1771685747756000,1771685747598000,0,1771685747604000,0,-528.427,0.5625,-0.0020141602,-0.0128882695,0.5755058,2.81967e-07,-1.720861e-05,0,0,0,1
1771685747804000,1771685747650000,0,1771685747652000,0,-528.577,0.5625,0.0045166016,-0.01124868,0.57547677,1.4179332e-06,-1.5453936e-05,0,0,0,1
1771685747860000,1771685747702000,0,1771685747708000,0,-528.732,0.5625,-0.008239746,-0.01096523,0.5755058,4.718869e-06,-1.4442661e-05,0,0,0,1
1771685747908000,1771685747754000,0,1771685747756000,0,-528.898,0.5625,0.014343262,-0.008581096,0.57547677,1.4299737e-05,-1.1735044e-05,0,0,0,1
1771685747964000,1771685747806000,0,1771685747812000,0,-529.05,0.5625,-0.0015869141,-0.007922224,0.5755058,1.7503186e-07,-1.06460575e-05,0,0,0,1
1771685748012000,1771685747858000,0,1771685747860000,0,-529.188,0.5625,-0.0071411133,-0.007848641,0.57547677,3.544574e-06,-9.977077e-06,0,0,0,1
1771685748068000,1771685747910000,0,1771685747916000,0,-529.342,0.5625,-0.020568848,-0.0090469215,0.5755058,2.9405612e-05,-1.1807301e-05,0,0,0,1
1771685748116000,1771685747962000,0,1771685747964000,0,-529.502,0.5625,-0.0036010742,-0.008533907,0.57547677,9.01356e-07,-1.077993e-05,0,0,0,1
1771685748172000,1771685748014000,0,1771685748020000,0,-529.649,0.5625,-0.024108887,-0.0100011155,0.5755058,4.039844e-05,-1.3570079e-05,0,0,0,1
1771685748220000,1771685748066000,0,1771685748068000,0,-529.797,0.5625,-0.019165039,-0.010864384,0.57547677,2.5530047e-05,-1.4696743e-05,0,0,0,1
1771685748276000,1771685748118000,0,1771685748124000,0,-529.951,0.5625,-0.032348633,-0.012888262,0.5755058,7.273143e-05,-2.016378e-05,0,0,0,1
1771685748324000,1771685748170000,0,1771685748172000,0,-530.115,0.5625,-0.011230469,-0.012732093,0.57547677,8.766535e-06,-1.9090126e-05,0,0,0,1
1771685748380000,1771685748222000,0,1771685748228000,0,-530.268,0.5625,-0.02557373,-0.013941813,0.5755058,4.545676e-05,-2.157394e-05,0,0,0,1
1771685748428000,1771685748274000,0,1771685748276000,0,-530.42,0.5625,-0.016601562,-0.01419237,0.57547677,1.9157116e-05,-2.1346268e-05,0,0,0,1
1771685748484000,1771685748326000,0,1771685748332000,0,-530.569,0.5625,-0.03491211,-0.01614423,0.5755058,8.471542e-05,-2.7315826e-05,0,0,0,1
1771685748532000,1771685748378000,0,1771685748380000,0,-530.724,0.5625,-0.022766113,-0.016768029,0.57547677,3.6025496e-05,-2.8136303e-05,0,0,0,1
1771685748588000,1771685748430000,0,1771685748436000,0,-530.885,0.5625,-0.028869629,-0.017908035,0.5755058,5.7928555e-05,-3.0942818e-05,0,0,0,1
1771685748636000,1771685748482000,0,1771685748484000,0,-531.039,0.5625,-0.01776123,-0.017894205,0.57547677,2.1926953e-05,-3.0093497e-05,0,0,0,1
1771685748692000,1771685748534000,0,1771685748540000,0,-531.185,0.5625,-0.038879395,-0.019871071,0.5755058,0.00010506288,-3.715583e-05,0,0,0,1
1771685748740000,1771685748586000,0,1771685748588000,0,-531.335,0.5625,-0.03161621,-0.020977497,0.57547677,6.947872e-05,-4.0200743e-05,0,0,0,1
1771685748796000,1771685748638000,0,1771685748644000,0,-531.501,0.5625,-0.03253174,-0.02206594,0.5755058,7.355714e-05,-4.334301e-05,0,0,0,1
1771685748844000,1771685748690000,0,1771685748692000,0,-531.652,0.5625,-0.024353027,-0.02228139,0.57547677,4.122286e-05,-4.3143285e-05,0,0,0,1
1771685748900000,1771685748742000,0,1771685748748000,0,-531.809,0.5625,-0.034423828,-0.023425242,0.5755058,8.236233e-05,-4.6837835e-05,0,0,0,1
1771685748948000,1771685748794000,0,1771685748796000,0,-531.953,0.5625,-0.03326416,-0.024352096,0.57547677,7.6910444e-05,-4.967076e-05,0,0,0,1
1771685749004000,1771685748846000,0,1771685748852000,0,-532.122,0.5625,-0.031188965,-0.024996148,0.5755058,6.76102e-05,-5.136071e-05,0,0,0,1
1771685749052000,1771685748898000,0,1771685748900000,0,-532.282,0.5625,-0.014038086,-0.023963867,0.57547677,1.36977105e-05,-4.7812744e-05,0,0,0,1
1771685749108000,1771685748950000,0,1771685748956000,0,-532.447,0.5625,-0.016296387,-0.023241568,0.5755058,1.8458353e-05,-4.5047476e-05,0,0,0,1
1771685749156000,1771685749002000,0,1771685749004000,0,-532.601,0.5625,-0.005554199,-0.021575367,0.57547677,2.1442484e-06,-4.1005867e-05,0,0,0,1
1771685749212000,1771685749054000,0,1771685749060000,0,-532.745,0.5625,-0.029052734,-0.022279756,0.5755058,5.8665708e-05,-4.2669475e-05,0,0,0,1
1771685749260000,1771685749106000,0,1771685749108000,0,-532.885,0.5625,-0.031921387,-0.023188027,0.57547677,7.0826485e-05,-4.5321947e-05,0,0,0,1
1771685749316000,1771685749158000,0,1771685749164000,0,-533.05,0.5625,-0.033813477,-0.024188975,0.5755058,7.946757e-05,-4.8538564e-05,0,0,0,1
1771685749364000,1771685749210000,0,1771685749212000,0,-533.209,0.5625,-0.017578125,-0.023566214,0.57547677,2.1477183e-05,-4.5989305e-05,0,0,0,1
1771685749420000,1771685749262000,0,1771685749268000,0,-533.37,0.5625,-0.023803711,-0.023588587,0.5755058,3.938217e-05,-4.5366894e-05,0,0,0,1
1771685749468000,1771685749314000,0,1771685749316000,0,-533.523,0.5625,-0.0138549805,-0.022671653,0.57547677,1.3342709e-05,-4.2350122e-05,0,0,0,1
1771685749524000,1771685749366000,0,1771685749372000,0,-533.676,0.5625,-0.027893066,-0.023163525,0.5755058,5.4075783e-05,-4.3454715e-05,0,0,0,1
1771685749572000,1771685749418000,0,1771685749420000,0,-533.828,0.5625,-0.018676758,-0.02274086,0.57547677,2.4245724e-05,-4.1645173e-05,0,0,0,1
1771685749628000,1771685749470000,0,1771685749476000,0,-533.985,0.5625,-0.028686523,-0.023300959,0.5755058,5.7196063e-05,-4.311011e-05,0,0,0,1
1771685749676000,1771685749522000,0,1771685749524000,0,-534.123,0.5625,-0.0335083,-0.02426252,0.57547677,7.804355e-05,-4.6400943e-05,0,0,0,1
1771685749732000,1771685749574000,0,1771685749580000,0,-534.289,0.5625,-0.034179688,-0.025196746,0.5755058,8.119821e-05,-4.9678947e-05,0,0,0,1
1771685749780000,1771685749626000,0,1771685749628000,0,-534.45,0.5625,-0.01586914,-0.024318058,0.57547677,1.750407e-05,-4.664798e-05,0,0,0,1
1771685749836000,1771685749678000,0,1771685749684000,0,-534.605,0.5625,-0.028015137,-0.024666334,0.5755058,5.4550128e-05,-4.7392386e-05,0,0,0,1
1771685749884000,1771685749730000,0,1771685749732000,0,-534.766,0.5625,-0.00982666,-0.023268394,0.57547677,6.7118785e-06,-4.3560165e-05,0,0,0,1
1771685749940000,1771685749782000,0,1771685749788000,0,-534.906,0.5625,-0.036987305,-0.024560755,0.5755058,9.50858e-05,-4.841403e-05,0,0,0,1
1771685749988000,1771685749834000,0,1771685749836000,0,-535.054,0.5625,-0.03149414,-0.025213901,0.57547677,6.894325e-05,-5.0347942e-05,0,0,0,1
1771685750044000,1771685749886000,0,1771685749892000,0,-535.202,0.5625,-0.050231934,-0.027570672,0.5755058,0.00017537597,-6.2125946e-05,0,0,0,1
1771685750092000,1771685749938000,0,1771685749940000,0,-535.365,0.5625,-0.029541016,-0.027756285,0.57547677,6.0657298e-05,-6.1987594e-05,0,0,0,1
1771685750148000,1771685749990000,0,1771685749996000,0,-535.518,0.5625,-0.043273926,-0.029218093,0.5755058,0.0001301556,-6.8409216e-05,0,0,0,1
1771685750196000,1771685750042000,0,1771685750044000,0,-535.67,0.5625,-0.033691406,-0.029639492,0.57547677,7.889881e-05,-6.939736e-05,0,0,0,1
1771685750252000,1771685750094000,0,1771685750100000,0,-535.836,0.5625,-0.034362793,-0.03008444,0.5755058,8.2070525e-05,-7.059121e-05,0,0,0,1
1771685750300000,1771685750146000,0,1771685750148000,0,-535.989,0.5625,-0.023986816,-0.029510027,0.57547677,3.9992396e-05,-6.7708716e-05,0,0,0,1
1771685750356000,1771685750198000,0,1771685750204000,0,-536.15,0.5625,-0.029907227,-0.029547444,0.5755058,6.216738e-05,-6.718671e-05,0,0,0,1
1771685750404000,1771685750250000,0,1771685750252000,0,-536.305,0.5625,-0.017700195,-0.028431399,0.57547677,2.1776512e-05,-6.290893e-05,0,0,0,1
1771685750460000,1771685750302000,0,1771685750308000,0,-536.454,0.5625,-0.0357666,-0.029122395,0.5755058,8.8913075e-05,-6.53586e-05,0,0,0,1
1771685750508000,1771685750354000,0,1771685750356000,0,-536.615,0.5625,-0.017578125,-0.028034892,0.57547677,2.1477183e-05,-6.122485e-05,0,0,0,1
1771685750564000,1771685750406000,0,1771685750412000,0,-536.78,0.5625,-0.019836426,-0.027262572,0.5755058,2.7348728e-05,-5.803362e-05,0,0,0,1
1771685750612000,1771685750458000,0,1771685750460000,0,-536.923,0.5625,-0.020080566,-0.026586007,0.57547677,2.8027483e-05,-5.5206954e-05,0,0,0,1
1771685750668000,1771685750510000,0,1771685750516000,0,-537.086,0.5625,-0.024291992,-0.026369905,0.5755058,4.101442e-05,-5.3869975e-05,0,0,0,1
1771685750716000,1771685750562000,0,1771685750564000,0,-537.241,0.5625,-0.012329102,-0.02504722,0.57547677,1.0565622e-05,-4.979058e-05,0,0,0,1
1771685750772000,1771685750614000,0,1771685750620000,0,-537.402,0.5625,-0.018737793,-0.024452854,0.5755058,2.4403222e-05,-4.7399015e-05,0,0,0,1
1771685750820000,1771685750666000,0,1771685750668000,0,-537.551,0.5625,-0.012939453,-0.023368258,0.57547677,1.1637617e-05,-4.403019e-05,0,0,0,1
1771685750876000,1771685750718000,0,1771685750724000,0,-537.706,0.5625,-0.025268555,-0.023547271,0.5755058,4.4378343e-05,-4.4062985e-05,0,0,0,1
1771685750924000,1771685750770000,0,1771685750772000,0,-537.861,0.5625,-0.013366699,-0.022588233,0.57547677,1.2418826e-05,-4.1082014e-05,0,0,0,1
1771685750980000,1771685750822000,0,1771685750828000,0,-538.018,0.5625,-0.02355957,-0.022679735,0.5755058,3.8578473e-05,-4.0846175e-05,0,0,0,1
1771685751028000,1771685750874000,0,1771685750876000,0,-538.155,0.5625,-0.02960205,-0.023331838,0.57547677,6.0908205e-05,-4.2736076e-05,0,0,0,1
1771685751084000,1771685750926000,0,1771685750932000,0,-538.302,0.5625,-0.049560547,-0.025802659,0.5755058,0.00017071924,-5.479246e-05,0,0,0,1
1771685751132000,1771685750978000,0,1771685750980000,0,-538.48,0.5625,-0.014099121,-0.024700152,0.57547677,1.381708e-05,-5.093246e-05,0,0,0,1
1771685751188000,1771685751030000,0,1771685751036000,0,-538.629,0.5625,-0.032287598,-0.025414912,0.5755058,7.245724e-05,-5.2960157e-05,0,0,0,1
1771685751236000,1771685751082000,0,1771685751084000,0,-538.788,0.5625,-0.016174316,-0.024544422,0.57547677,1.8183777e-05,-4.968412e-05,0,0,0,1
1771685751292000,1771685751134000,0,1771685751140000,0,-538.947,0.5625,-0.024475098,-0.024537891,0.5755058,4.1635056e-05,-4.8925875e-05,0,0,0,1
1771685751340000,1771685751186000,0,1771685751188000,0,-539.102,0.5625,-0.012573242,-0.023410786,0.57547677,1.0988205e-05,-4.5352037e-05,0,0,0,1
1771685751396000,1771685751238000,0,1771685751244000,0,-539.252,0.5625,-0.029907227,-0.02402277,0.5755058,6.216738e-05,-4.6936093e-05,0,0,0,1
1771685751444000,1771685751290000,0,1771685751292000,0,-539.415,0.5625,-0.009887695,-0.022691203,0.57547677,6.7955148e-06,-4.3154734e-05,0,0,0,1
1771685751500000,1771685751342000,0,1771685751348000,0,-539.578,0.5625,-0.014099121,-0.021881804,0.5755058,1.3816383e-05,-4.0390976e-05,0,0,0,1
1771685751548000,1771685751394000,0,1771685751396000,0,-539.733,0.5625,-0.0024414062,-0.020050462,0.57547677,4.142975e-07,-3.6625057e-05,0,0,0,1
1771685751604000,1771685751446000,0,1771685751452000,0,-539.885,0.5625,-0.0178833,-0.019846309,0.5755058,2.2228269e-05,-3.5268837e-05,0,0,0,1
1771685751652000,1771685751498000,0,1771685751500000,0,-540.029,0.5625,-0.017089844,-0.019586641,0.57547677,2.0300577e-05,-3.385878e-05,0,0,0,1
1771685751708000,1771685751550000,0,1771685751556000,0,-540.189,0.5625,-0.024230957,-0.020024149,0.5755058,4.0808576e-05,-3.4513472e-05,0,0,0,1
1771685751756000,1771685751602000,0,1771685751604000,0,-540.347,0.5625,-0.009338379,-0.019017518,0.57547677,6.061431e-06,-3.1833206e-05,0,0,0,1
1771685751812000,1771685751654000,0,1771685751660000,0,-540.477,0.5625,-0.04675293,-0.021630274,0.5755058,0.00015192454,-4.314616e-05,0,0,0,1
1771685751860000,1771685751706000,0,1771685751708000,0,-540.631,0.5625,-0.03527832,-0.02291596,0.57547677,8.6506356e-05,-4.7230817e-05,0,0,0,1
1771685751916000,1771685751758000,0,1771685751764000,0,-540.79,0.5625,-0.043029785,-0.02481074,0.57550585,0.00012869113,-5.4904616e-05,0,0,0,1
1771685751964000,1771685751810000,0,1771685751812000,0,-540.955,0.5625,-0.020568848,-0.024411142,0.57547677,2.9407094e-05,-5.2502677e-05,0,0,0,1
1771685752020000,1771685751862000,0,1771685751868000,0,-541.117,0.5625,-0.0256958,-0.02453216,0.57550585,4.5891742e-05,-5.1879906e-05,0,0,0,1
1771685752068000,1771685751914000,0,1771685751916000,0,-541.259,0.5625,-0.026611328,-0.024728024,0.5754768,4.922268e-05,-5.1629588e-05,0,0,0,1
1771685752124000,1771685751966000,0,1771685751972000,0,-541.43,0.5625,-0.022521973,-0.024520207,0.57550585,3.5255194e-05,-5.0087074e-05,0,0,0,1
1771685752172000,1771685752018000,0,1771685752020000,0,-541.58,0.5625,-0.01550293,-0.023670753,0.5754768,1.6705508e-05,-4.6942434e-05,0,0,0,1
1771685752228000,1771685752070000,0,1771685752076000,0,-541.736,0.5625,-0.026611328,-0.023947764,0.57550585,4.9220194e-05,-4.7157006e-05,0,0,0,1
1771685752276000,1771685752122000,0,1771685752124000,0,-541.877,0.5625,-0.028564453,-0.02438267,0.5754768,5.6713176e-05,-4.8057223e-05,0,0,0,1
1771685752332000,1771685752174000,0,1771685752180000,0,-542.044,0.5625,-0.028442383,-0.024765106,0.57550585,5.6226647e-05,-4.8826805e-05,0,0,0,1
1771685752380000,1771685752226000,0,1771685752228000,0,-542.212,0.5625,-0.0034179688,-0.022754144,0.5754768,8.1202296e-07,-4.4303673e-05,0,0,0,1
1771685752436000,1771685752278000,0,1771685752284000,0,-542.363,0.5625,-0.019958496,-0.022490786,0.57550585,2.768636e-05,-4.2738273e-05,0,0,0,1
1771685752484000,1771685752330000,0,1771685752332000,0,-542.515,0.5625,-0.011169434,-0.021424282,0.5754768,8.6715045e-06,-3.9529084e-05,0,0,0,1
1771685752540000,1771685752382000,0,1771685752388000,0,-542.659,0.5625,-0.034606934,-0.022666126,0.57550585,8.324084e-05,-4.3646858e-05,0,0,0,1
1771685752588000,1771685752434000,0,1771685752436000,0,-542.814,0.5625,-0.022399902,-0.022641048,0.5754768,3.487582e-05,-4.28206e-05,0,0,0,1
1771685752644000,1771685752486000,0,1771685752492000,0,-542.975,0.5625,-0.028625488,-0.0232048,0.57550585,5.6952926e-05,-4.4151908e-05,0,0,0,1
1771685752692000,1771685752538000,0,1771685752540000,0,-543.146,0.5625,-0.00061035156,-0.021076337,0.5754768,2.589359e-08,-3.999511e-05,0,0,0,1
1771685752748000,1771685752590000,0,1771685752596000,0,-543.289,0.5625,-0.02520752,-0.021465506,0.57550585,4.4164208e-05,-4.038785e-05,0,0,0,1
1771685752796000,1771685752642000,0,1771685752644000,0,-543.451,0.5625,-0.006225586,-0.020029861,0.5754768,2.693969e-06,-3.6836977e-05,0,0,0,1
1771685752852000,1771685752694000,0,1771685752700000,0,-543.602,0.5625,-0.022644043,-0.020276126,0.57550585,3.5638397e-05,-3.672407e-05,0,0,0,1
1771685752900000,1771685752746000,0,1771685752748000,0,-543.767,0.5625,-0.0006713867,-0.018429302,0.5754768,3.1331243e-08,-3.3267504e-05,0,0,0,1
1771685752956000,1771685752798000,0,1771685752804000,0,-543.91,0.5625,-0.025268555,-0.01907358,0.57550585,4.437834e-05,-3.4314176e-05,0,0,0,1
1771685753004000,1771685752850000,0,1771685752852000,0,-544.069,0.5625,-0.009277344,-0.018150745,0.5754768,5.982455e-06,-3.1645246e-05,0,0,0,1
1771685753060000,1771685752902000,0,1771685752908000,0,-544.225,0.5625,-0.020690918,-0.018390037,0.57550585,2.975567e-05,-3.1467243e-05,0,0,0,1
1771685753108000,1771685752954000,0,1771685752956000,0,-544.374,0.5625,-0.014709473,-0.018043317,0.5754768,1.5039256e-05,-2.991968e-05,0,0,0,1
1771685753164000,1771685753006000,0,1771685753012000,0,-544.531,0.5625,-0.024963379,-0.018695207,0.57550585,4.331287e-05,-3.1181356e-05,0,0,0,1
1771685753212000,1771685753058000,0,1771685753060000,0,-544.683,0.5625,-0.015991211,-0.018440483,0.5754768,1.7774395e-05,-2.9918381e-05,0,0,0,1
1771685753268000,1771685753110000,0,1771685753116000,0,-544.842,0.5625,-0.024230957,-0.018985962,0.57550585,4.080857e-05,-3.094427e-05,0,0,0,1
1771685753316000,1771685753162000,0,1771685753164000,0,-545.006,0.5625,-0.0032348633,-0.017502163,0.5754768,7.2735094e-07,-2.8097747e-05,0,0,0,1
1771685753372000,1771685753214000,0,1771685753220000,0,-545.159,0.5625,-0.017700195,-0.017520817,0.57550585,2.1775411e-05,-2.7502165e-05,0,0,0,1
1771685753420000,1771685753266000,0,1771685753268000,0,-545.317,0.5625,-0.002746582,-0.016129041,0.5754768,5.243452e-07,-2.4960776e-05,0,0,0,1
1771685753476000,1771685753318000,0,1771685753324000,0,-545.466,0.5625,-0.02130127,-0.01661628,0.57550585,3.153706e-05,-2.558028e-05,0,0,0,1
1771685753524000,1771685753370000,0,1771685753372000,0,-545.611,0.5625,-0.01940918,-0.016879378,0.5754768,2.6184634e-05,-2.5637213e-05,0,0,0,1
1771685753580000,1771685753422000,0,1771685753428000,0,-545.776,0.5625,-0.02166748,-0.01733043,0.57550585,3.263075e-05,-2.6296024e-05,0,0,0,1
1771685753628000,1771685753474000,0,1771685753476000,0,-545.918,0.5625,-0.022705078,-0.017836738,0.5754768,3.5832585e-05,-2.7194395e-05,0,0,0,1
1771685753684000,1771685753526000,0,1771685753532000,0,-546.085,0.5625,-0.022827148,-0.01830685,0.57550585,3.621709e-05,-2.804436e-05,0,0,0,1
1771685753732000,1771685753578000,0,1771685753580000,0,-546.258,0.5625,0.007019043,-0.015921077,0.5754768,3.4244272e-06,-2.507991e-05,0,0,0,1
1771685753788000,1771685753630000,0,1771685753636000,0,-546.403,0.5625,-0.015686035,-0.015898935,0.57550585,1.7101594e-05,-2.4328328e-05,0,0,0,1
1771685753836000,1771685753682000,0,1771685753684000,0,-546.551,0.5625,-0.010864258,-0.015424654,0.5754768,8.204125e-06,-2.2809381e-05,0,0,0,1
1771685753892000,1771685753734000,0,1771685753740000,0,-546.709,0.5625,-0.020568848,-0.015909253,0.57550585,2.9405608e-05,-2.3430764e-05,0,0,0,1
1771685753940000,1771685753786000,0,1771685753788000,0,-546.876,0.5625,0.003112793,-0.014117321,0.5754768,6.7349225e-07,-2.1160073e-05,0,0,0,1
1771685753996000,1771685753838000,0,1771685753844000,0,-547.029,0.5625,-0.0115356445,-0.013874119,0.5755058,9.248984e-06,-2.0038013e-05,0,0,0,1
1771685754044000,1771685753890000,0,1771685753892000,0,-547.176,0.5625,-0.0078125,-0.013303097,0.57547677,4.2424062e-06,-1.8550021e-05,0,0,0,1
1771685754100000,1771685753942000,0,1771685753948000,0,-547.325,0.5625,-0.026184082,-0.014516523,0.5755058,4.7652426e-05,-2.1291553e-05,0,0,0,1
1771685754148000,1771685753994000,0,1771685753996000,0,-547.476,0.5625,-0.017944336,-0.014839433,0.57547677,2.2381386e-05,-2.1394218e-05,0,0,0,1
1771685754204000,1771685754046000,0,1771685754052000,0,-547.64,0.5625,-0.020935059,-0.015413659,0.5755058,3.0462017e-05,-2.2248432e-05,0,0,0,1
1771685754252000,1771685754098000,0,1771685754100000,0,-547.805,0.5625,0.001159668,-0.0138524035,0.57547677,9.347587e-08,-2.014376e-05,0,0,0,1
1771685754308000,1771685754150000,0,1771685754156000,0,-547.951,0.5625,-0.020263672,-0.014456363,0.5755058,2.8539514e-05,-2.0934664e-05,0,0,0,1
1771685754356000,1771685754202000,0,1771685754204000,0,-548.107,0.5625,-0.0072021484,-0.013772995,0.57547677,3.605424e-06,-1.9302199e-05,0,0,0,1
1771685754412000,1771685754254000,0,1771685754260000,0,-548.254,0.5625,-0.027404785,-0.015057149,0.5755058,5.219911e-05,-2.2401184e-05,0,0,0,1
1771685754460000,1771685754306000,0,1771685754308000,0,-548.412,0.5625,-0.012329102,-0.014800159,0.57547677,1.0565622e-05,-2.128624e-05,0,0,0,1
1771685754516000,1771685754358000,0,1771685754364000,0,-548.577,0.5625,-0.014343262,-0.014757118,0.5755058,1.4299016e-05,-2.0628024e-05,0,0,0,1
1771685754564000,1771685754410000,0,1771685754412000,0,-548.719,0.5625,-0.01550293,-0.014827376,0.57547677,1.6705511e-05,-2.0258512e-05,0,0,0,1
1771685754620000,1771685754462000,0,1771685754468000,0,-548.866,0.5625,-0.03552246,-0.016776914,0.5755058,8.770339e-05,-2.6612015e-05,0,0,0,1
1771685754668000,1771685754514000,0,1771685754516000,0,-549.025,0.5625,-0.019165039,-0.017001882,0.57547677,2.5530047e-05,-2.651009e-05,0,0,0,1
1771685754724000,1771685754566000,0,1771685754572000,0,-549.178,0.5625,-0.03314209,-0.018522337,0.5755058,7.634315e-05,-3.120451e-05,0,0,0,1
1771685754772000,1771685754618000,0,1771685754620000,0,-549.335,0.5625,-0.018798828,-0.018548382,0.57547677,2.4563698e-05,-3.0578925e-05,0,0,0,1
1771685754828000,1771685754670000,0,1771685754676000,0,-549.503,0.5625,-0.017822266,-0.01847998,0.5755058,2.20768e-05,-2.9778e-05,0,0,0,1
1771685754876000,1771685754722000,0,1771685754724000,0,-549.653,0.5625,-0.0107421875,-0.017751059,0.57547677,8.020799e-06,-2.7728409e-05,0,0,0,1
1771685754932000,1771685754774000,0,1771685754780000,0,-549.795,0.5625,-0.035888672,-0.019459674,0.5755058,8.952103e-05,-3.3549455e-05,0,0,0,1
1771685754980000,1771685754826000,0,1771685754828000,0,-549.953,0.5625,-0.020446777,-0.019552663,0.57547677,2.9059085e-05,-3.312645e-05,0,0,0,1
1771685755036000,1771685754878000,0,1771685754884000,0,-550.104,0.5625,-0.03643799,-0.02114331,0.5755058,9.228244e-05,-3.8699116e-05,0,0,0,1
1771685755084000,1771685754930000,0,1771685754932000,0,-550.266,0.5625,-0.017150879,-0.020767212,0.57547677,2.0445841e-05,-3.6979603e-05,0,0,0,1
1771685755140000,1771685754982000,0,1771685754988000,0,-550.42,0.5625,-0.030212402,-0.021656977,0.5755058,6.3442574e-05,-3.9472492e-05,0,0,0,1
1771685755188000,1771685755034000,0,1771685755036000,0,-550.587,0.5625,-0.0059814453,-0.020180296,0.57547677,2.4868207e-06,-3.5988334e-05,0,0,0,1
1771685755244000,1771685755086000,0,1771685755092000,0,-550.742,0.5625,-0.018249512,-0.01999841,0.5755058,2.3147964e-05,-3.4778735e-05,0,0,0,1
1771685755292000,1771685755138000,0,1771685755140000,0,-550.893,0.5625,-0.010253906,-0.01908045,0.57547677,7.308208e-06,-3.2190932e-05,0,0,0,1
1771685755348000,1771685755190000,0,1771685755196000,0,-551.052,0.5625,-0.018493652,-0.019025173,0.5755058,2.377145e-05,-3.139779e-05,0,0,0,1
1771685755396000,1771685755242000,0,1771685755244000,0,-551.209,0.5625,-0.0045166016,-0.017658424,0.57547677,1.4179332e-06,-2.85736e-05,0,0,0,1
1771685755452000,1771685755294000,0,1771685755300000,0,-551.366,0.5625,-0.014709473,-0.017380623,0.5755058,1.5038499e-05,-2.7298554e-05,0,0,0,1
1771685755500000,1771685755346000,0,1771685755348000,0,-551.512,0.5625,-0.01184082,-0.016858758,0.57547677,9.745313e-06,-2.5644988e-05,0,0,0,1
1771685755556000,1771685755398000,0,1771685755404000,0,-551.666,0.5625,-0.02508545,-0.017633736,0.5755058,4.373751e-05,-2.7349355e-05,0,0,0,1
1771685755604000,1771685755450000,0,1771685755452000,0,-551.821,0.5625,-0.013000488,-0.01719727,0.57547677,1.1747665e-05,-2.587963e-05,0,0,0,1
1771685755660000,1771685755502000,0,1771685755508000,0,-551.979,0.5625,-0.022155762,-0.017664375,0.5755058,3.411801e-05,-2.6655709e-05,0,0,0,1
1771685755708000,1771685755554000,0,1771685755556000,0,-552.128,0.5625,-0.016174316,-0.017524008,0.57547677,1.8183777e-05,-2.585763e-05,0,0,0,1
1771685755764000,1771685755606000,0,1771685755612000,0,-552.291,0.5625,-0.020202637,-0.017776342,0.5755058,2.836785e-05,-2.60941e-05,0,0,0,1
1771685755812000,1771685755658000,0,1771685755660000,0,-552.447,0.5625,-0.0072021484,-0.016780222,0.57547677,3.605424e-06,-2.3975601e-05,0,0,0,1
1771685755868000,1771685755710000,0,1771685755716000,0,-552.591,0.5625,-0.030395508,-0.01806282,0.5755058,6.4213906e-05,-2.7766166e-05,0,0,0,1
1771685755916000,1771685755762000,0,1771685755764000,0,-552.746,0.5625,-0.018188477,-0.018074658,0.57547677,2.2994547e-05,-2.7316666e-05,0,0,0,1
1771685755972000,1771685755814000,0,1771685755820000,0,-552.909,0.5625,-0.022155762,-0.01845911,0.5755058,3.411801e-05,-2.7957372e-05,0,0,0,1
1771685756020000,1771685755866000,0,1771685755868000,0,-553.062,0.5625,-0.012023926,-0.017852897,0.57547677,1.0049044e-05,-2.6270356e-05,0,0,0,1
1771685756076000,1771685755918000,0,1771685755924000,0,-553.21,0.5625,-0.031188965,-0.019109193,0.5755058,6.76102e-05,-3.016469e-05,0,0,0,1
1771685756124000,1771685755970000,0,1771685755972000,0,-553.35,0.5625,-0.033935547,-0.02050588,0.57547677,8.004642e-05,-3.4863693e-05,0,0,0,1
1771685756180000,1771685756022000,0,1771685756028000,0,-553.509,0.5625,-0.04156494,-0.022489704,0.5755058,0.00012007833,-4.289116e-05,0,0,0,1
1771685756228000,1771685756074000,0,1771685756076000,0,-553.668,0.5625,-0.025024414,-0.02272848,0.57547677,4.352713e-05,-4.295107e-05,0,0,0,1
1771685756284000,1771685756126000,0,1771685756132000,0,-553.829,0.5625,-0.031188965,-0.023525482,0.5755058,6.76102e-05,-4.527403e-05,0,0,0,1
1771685756332000,1771685756178000,0,1771685756180000,0,-553.976,0.5625,-0.027038574,-0.023856426,0.57547677,5.0815917e-05,-4.5796092e-05,0,0,0,1
1771685756388000,1771685756230000,0,1771685756236000,0,-554.145,0.5625,-0.025024414,-0.023966454,0.5755058,4.3524935e-05,-4.5582143e-05,0,0,0,1
1771685756436000,1771685756282000,0,1771685756284000,0,-554.29,0.5625,-0.023132324,-0.023887876,0.57547677,3.7193815e-05,-4.4791937e-05,0,0,0,1
1771685756492000,1771685756334000,0,1771685756340000,0,-554.462,0.5625,-0.018188477,-0.023350976,0.5755058,2.2993387e-05,-4.273845e-05,0,0,0,1
1771685756540000,1771685756386000,0,1771685756388000,0,-554.622,0.5625,-0.0013427734,-0.02127774,0.57547677,1.2532499e-07,-3.872417e-05,0,0,0,1
1771685756596000,1771685756438000,0,1771685756444000,0,-554.779,0.5625,-0.011962891,-0.020400254,0.5755058,9.946781e-06,-3.6013258e-05,0,0,0,1
1771685756644000,1771685756490000,0,1771685756492000,0,-554.925,0.5625,-0.009338379,-0.019358194,0.57547677,6.061431e-06,-3.319171e-05,0,0,0,1
1771685756700000,1771685756542000,0,1771685756548000,0,-555.08,0.5625,-0.021728516,-0.019581486,0.5755058,3.281485e-05,-3.3156208e-05,0,0,0,1
1771685756748000,1771685756594000,0,1771685756596000,0,-555.233,0.5625,-0.0119018555,-0.018858042,0.57547677,9.846039e-06,-3.0960324e-05,0,0,0,1
1771685756804000,1771685756646000,0,1771685756652000,0,-555.399,0.5625,-0.013183594,-0.018323492,0.5755058,1.2080305e-05,-2.918177e-05,0,0,0,1
1771685756852000,1771685756698000,0,1771685756700000,0,-555.538,0.5625,-0.01739502,-0.018236028,0.57547677,2.103207e-05,-2.8414044e-05,0,0,0,1
1771685756908000,1771685756750000,0,1771685756756000,0,-555.69,0.5625,-0.032592773,-0.019588474,0.5755058,7.383341e-05,-3.2692682e-05,0,0,0,1
1771685756956000,1771685756802000,0,1771685756804000,0,-555.858,0.5625,-0.007446289,-0.018444644,0.57547677,3.8540024e-06,-2.9975994e-05,0,0,0,1
1771685757012000,1771685756854000,0,1771685756860000,0,-556.009,0.5625,-0.023803711,-0.018949484,0.5755058,3.938217e-05,-3.0862084e-05,0,0,0,1
1771685757060000,1771685756906000,0,1771685756908000,0,-556.162,0.5625,-0.013793945,-0.018463818,0.57547677,1.3225412e-05,-2.9200659e-05,0,0,0,1
1771685757116000,1771685756958000,0,1771685756964000,0,-556.323,0.5625,-0.020080566,-0.018616121,0.5755058,2.802607e-05,-2.909001e-05,0,0,0,1
1771685757164000,1771685757010000,0,1771685757012000,0,-556.46,0.5625,-0.026184082,-0.019329045,0.57547677,4.7654827e-05,-3.083887e-05,0,0,0,1
1771685757220000,1771685757062000,0,1771685757068000,0,-556.603,0.5625,-0.050476074,-0.022263186,0.5755058,0.00017708486,-4.4615666e-05,0,0,0,1
1771685757268000,1771685757114000,0,1771685757116000,0,-556.773,0.5625,-0.023071289,-0.022339312,0.57547677,3.69978e-05,-4.3898042e-05,0,0,0,1
1771685757324000,1771685757166000,0,1771685757172000,0,-556.929,0.5625,-0.034057617,-0.02344321,0.5755058,8.061926e-05,-4.7357287e-05,0,0,0,1
1771685757372000,1771685757218000,0,1771685757220000,0,-557.075,0.5625,-0.030822754,-0.024138385,0.57547677,6.6035136e-05,-4.9116796e-05,0,0,0,1
1771685757428000,1771685757270000,0,1771685757276000,0,-557.237,0.5625,-0.035705566,-0.025228048,0.5755058,8.860988e-05,-5.283716e-05,0,0,0,1
1771685757476000,1771685757322000,0,1771685757324000,0,-557.39,0.5625,-0.025268555,-0.025231864,0.57547677,4.4380584e-05,-5.2040526e-05,0,0,0,1
1771685757532000,1771685757374000,0,1771685757380000,0,-557.542,0.5625,-0.040222168,-0.026643995,0.5755058,0.00011244528,-5.773083e-05,0,0,0,1
1771685757580000,1771685757426000,0,1771685757428000,0,-557.7,0.5625,-0.024719238,-0.026462678,0.57547677,4.2471966e-05,-5.62934e-05,0,0,0,1
1771685757636000,1771685757478000,0,1771685757484000,0,-557.869,0.5625,-0.022583008,-0.0260972,0.5755058,3.544654e-05,-5.4329565e-05,0,0,0,1
1771685757684000,1771685757530000,0,1771685757532000,0,-558.022,0.5625,-0.012512207,-0.024817456,0.57547677,1.0881782e-05,-5.0236657e-05,0,0,0,1
1771685757740000,1771685757582000,0,1771685757588000,0,-558.176,0.5625,-0.025634766,-0.024894448,0.5755058,4.5673994e-05,-4.980684e-05,0,0,0,1
1771685757788000,1771685757634000,0,1771685757636000,0,-558.327,0.5625,-0.01763916,-0.024210978,0.57547677,2.1626589e-05,-4.7152178e-05,0,0,0,1
1771685757844000,1771685757686000,0,1771685757692000,0,-558.494,0.5625,-0.017578125,-0.023586145,0.5755058,2.1476098e-05,-4.4733417e-05,0,0,0,1
1771685757892000,1771685757738000,0,1771685757740000,0,-558.65,0.5625,-0.004638672,-0.021801237,0.57547677,1.4956139e-06,-4.0660292e-05,0,0,0,1
1771685757948000,1771685757790000,0,1771685757796000,0,-558.801,0.5625,-0.020996094,-0.02172539,0.5755058,3.0639898e-05,-3.9716342e-05,0,0,0,1
1771685757996000,1771685757842000,0,1771685757844000,0,-558.966,0.5625,0.0009765625,-0.0195868,0.57547677,6.62876e-08,-3.5968704e-05,0,0,0,1
1771685758052000,1771685757894000,0,1771685757900000,0,-559.103,0.5625,-0.02935791,-0.020507267,0.5755058,5.9904654e-05,-3.822354e-05,0,0,0,1
1771685758100000,1771685757946000,0,1771685757948000,0,-559.257,0.5625,-0.018188477,-0.02028883,0.57547677,2.2994547e-05,-3.6788926e-05,0,0,0,1
1771685758156000,1771685757998000,0,1771685758004000,0,-559.409,0.5625,-0.033081055,-0.021493895,0.5755058,7.606222e-05,-4.0488583e-05,0,0,0,1
1771685758204000,1771685758050000,0,1771685758052000,0,-559.552,0.5625,-0.032470703,-0.022527942,0.57547677,7.328508e-05,-4.3578108e-05,0,0,0,1
1771685758260000,1771685758102000,0,1771685758108000,0,-559.7,0.5625,-0.050842285,-0.025195235,0.5755058,0.00017966374,-5.639777e-05,0,0,0,1
1771685758308000,1771685758154000,0,1771685758156000,0,-559.855,0.5625,-0.03778076,-0.02638083,0.57547677,9.921415e-05,-6.0431197e-05,0,0,0,1
1771685758364000,1771685758206000,0,1771685758212000,0,-560.012,0.5625,-0.04699707,-0.028322939,0.5755058,0.00015351537,-6.9199996e-05,0,0,0,1
1771685758412000,1771685758258000,0,1771685758260000,0,-560.169,0.5625,-0.032165527,-0.028684922,0.57547677,7.1914015e-05,-6.9455666e-05,0,0,0,1
1771685758468000,1771685758310000,0,1771685758316000,0,-560.323,0.5625,-0.0446167,-0.03018574,0.5755058,0.00013835829,-7.594649e-05,0,0,0,1
1771685758516000,1771685758362000,0,1771685758364000,0,-560.478,0.5625,-0.03173828,-0.030331993,0.57547677,7.001628e-05,-7.538785e-05,0,0,0,1
1771685758572000,1771685758414000,0,1771685758420000,0,-560.631,0.5625,-0.04510498,-0.031723652,0.5755058,0.00014140322,-8.160669e-05,0,0,0,1
1771685758620000,1771685758466000,0,1771685758468000,0,-560.794,0.5625,-0.024291992,-0.031023568,0.57547677,4.1016487e-05,-7.778298e-05,0,0,0,1
1771685758676000,1771685758518000,0,1771685758524000,0,-560.955,0.5625,-0.029907227,-0.030918404,0.5755058,6.216738e-05,-7.6311946e-05,0,0,0,1
1771685758724000,1771685758570000,0,1771685758572000,0,-561.104,0.5625,-0.02355957,-0.03022518,0.57547677,3.858042e-05,-7.2757524e-05,0,0,0,1
1771685758780000,1771685758622000,0,1771685758628000,0,-561.268,0.5625,-0.026000977,-0.029827248,0.5755058,4.6988287e-05,-7.032999e-05,0,0,0,1
1771685758828000,1771685758674000,0,1771685758676000,0,-561.426,0.5625,-0.010559082,-0.02801213,0.57547677,7.749693e-06,-6.4434746e-05,0,0,0,1
1771685758884000,1771685758726000,0,1771685758732000,0,-561.589,0.5625,-0.014526367,-0.026741732,0.5755058,1.4666427e-05,-5.9746424e-05,0,0,0,1
1771685758932000,1771685758778000,0,1771685758780000,0,-561.734,0.5625,-0.012451172,-0.02539552,0.57547677,1.0775878e-05,-5.5133256e-05,0,0,0,1
1771685758988000,1771685758830000,0,1771685758836000,0,-561.864,0.5625,-0.049316406,-0.027648937,0.5755058,0.00016904142,-6.586374e-05,0,0,0,1
1771685759036000,1771685758882000,0,1771685758884000,0,-562.03,0.5625,-0.025390625,-0.027436197,0.57547677,4.481042e-05,-6.3880456e-05,0,0,0,1
1771685759092000,1771685758934000,0,1771685758940000,0,-562.163,0.5625,-0.05895996,-0.030405827,0.5755058,0.00024161543,-8.0623606e-05,0,0,0,1
1771685759140000,1771685758986000,0,1771685758988000,0,-562.322,0.5625,-0.041809082,-0.031480048,0.57547677,0.000121499215,-8.447421e-05,0,0,0,1
1771685759196000,1771685759038000,0,1771685759044000,0,-562.495,0.5625,-0.034851074,-0.031797606,0.5755058,8.441947e-05,-8.446905e-05,0,0,0,1
1771685759244000,1771685759090000,0,1771685759092000,0,-562.66,0.5625,-0.011657715,-0.02990037,0.57547677,9.446242e-06,-7.740169e-05,0,0,0,1
1771685759300000,1771685759142000,0,1771685759148000,0,-562.808,0.5625,-0.028503418,-0.029768772,0.5755058,5.646823e-05,-7.542969e-05,0,0,0,1
1771685759348000,1771685759194000,0,1771685759196000,0,-562.963,0.5625,-0.0126953125,-0.028160403,0.57547677,1.1202605e-05,-6.937931e-05,0,0,0,1
1771685759404000,1771685759246000,0,1771685759252000,0,-563.109,0.5625,-0.027160645,-0.028066222,0.5755058,5.12732e-05,-6.767366e-05,0,0,0,1
1771685759452000,1771685759298000,0,1771685759300000,0,-563.251,0.5625,-0.020080566,-0.02731395,0.57547677,2.8027483e-05,-6.3938875e-05,0,0,0,1
1771685759508000,1771685759350000,0,1771685759356000,0,-563.407,0.5625,-0.018432617,-0.026477301,0.5755058,2.36148e-05,-6.0140228e-05,0,0,0,1
1771685759556000,1771685759402000,0,1771685759404000,0,-563.538,0.5625,-0.017150879,-0.025598725,0.57547677,2.0445841e-05,-5.6400902e-05,0,0,0,1
1771685759612000,1771685759454000,0,1771685759460000,0,-563.689,0.5625,-0.014526367,-0.024555678,0.5755058,1.4666427e-05,-5.2469393e-05,0,0,0,1
1771685759660000,1771685759506000,0,1771685759508000,0,-563.815,0.5625,-0.013183594,-0.023484394,0.57547677,1.20809145e-05,-4.8664682e-05,0,0,0,1
1771685759716000,1771685759558000,0,1771685759564000,0,-563.956,0.5625,-0.0146484375,-0.02265202,0.5755058,1.4913958e-05,-4.5485267e-05,0,0,0,1
1771685759764000,1771685759610000,0,1771685759612000,0,-564.098,0.5625,0.007751465,-0.019787924,0.57547677,4.176378e-06,-4.0806997e-05,0,0,0,1
1771685759820000,1771685759662000,0,1771685759668000,0,-564.238,0.5625,0.010803223,-0.01690615,0.5755058,8.111795e-06,-3.6198704e-05,0,0,0,1
1771685759868000,1771685759714000,0,1771685759716000,0,-564.351,0.5625,0.008850098,-0.014479836,0.57547677,5.444128e-06,-3.2275828e-05,0,0,0,1
1771685759924000,1771685759766000,0,1771685759772000,0,-564.483,0.5625,0.009887695,-0.012184344,0.5755058,6.795172e-06,-2.8595226e-05,0,0,0,1
1771685759972000,1771685759818000,0,1771685759820000,0,-564.595,0.5625,0.012023926,-0.009903855,0.57547677,1.0049044e-05,-2.4954825e-05,0,0,0,1
1771685760028000,1771685759870000,0,1771685759876000,0,-564.712,0.5625,0.0037841797,-0.008614402,0.5755058,9.952995e-07,-2.2510249e-05,0,0,0,1
1771685760076000,1771685759922000,0,1771685759924000,0,-564.832,0.5625,0.018920898,-0.0060204966,0.57547677,2.4883742e-05,-1.8045597e-05,0,0,0,1
1771685760132000,1771685759974000,0,1771685759980000,0,-564.954,0.5625,0.021118164,-0.0034639558,0.5755058,3.099721e-05,-1.34256225e-05,0,0,0,1
1771685760180000,1771685760026000,0,1771685760028000,0,-565.07,0.5625,0.03668213,0.0003179221,0.57547677,9.352792e-05,-3.3502884e-06,0,0,0,1
1771685760236000,1771685760078000,0,1771685760084000,0,-565.169,0.5625,0.021057129,0.0022716157,0.5755058,3.0818293e-05,-1.3150884e-07,0,0,0,1
1771685760284000,1771685760130000,0,1771685760132000,0,-565.274,0.5625,0.029968262,0.0048807203,0.57547677,6.242454e-05,5.761452e-06,0,0,0,1
1771685760340000,1771685760182000,0,1771685760188000,0,-565.386,0.5625,0.032714844,0.0075027756,0.5755058,7.4387506e-05,1.2226226e-05,0,0,0,1
1771685760388000,1771685760234000,0,1771685760236000,0,-565.481,0.5625,0.036254883,0.010211308,0.57547677,9.136192e-05,1.968104e-05,0,0,0,1
1771685760444000,1771685760286000,0,1771685760292000,0,-565.571,0.5625,0.022155762,0.01133651,0.5755058,3.411801e-05,2.1041044e-05,0,0,0,1
1771685760492000,1771685760338000,0,1771685760340000,0,-565.672,0.5625,0.036132812,0.013672394,0.57547677,9.074772e-05,2.7607615e-05,0,0,0,1
1771685760548000,1771685760390000,0,1771685760396000,0,-565.762,0.5625,0.027038574,0.014931527,0.5755058,5.0813356e-05,2.9793664e-05,0,0,0,1
1771685760596000,1771685760442000,0,1771685760444000,0,-565.862,0.5625,0.04437256,0.017704958,0.57547677,0.00013685515,3.9879167e-05,0,0,0,1
1771685760652000,1771685760494000,0,1771685760500000,0,-565.946,0.5625,0.033996582,0.019239677,0.5755058,8.033056e-05,4.3689804e-05,0,0,0,1
1771685760700000,1771685760546000,0,1771685760548000,0,-566.038,0.5625,0.04711914,0.021866003,0.57547677,0.00015432168,5.411165e-05,0,0,0,1
1771685760756000,1771685760598000,0,1771685760604000,0,-566.117,0.5625,0.03643799,0.023238726,0.5755058,9.228244e-05,5.770745e-05,0,0,0,1
1771685760804000,1771685760650000,0,1771685760652000,0,-566.186,0.5625,0.030578613,0.023930164,0.57547677,6.4993175e-05,5.8393787e-05,0,0,0,1
1771685760860000,1771685760702000,0,1771685760708000,0,-566.276,0.5625,0.0357666,0.02504519,0.5755058,8.8913075e-05,6.1268795e-05,0,0,0,1
1771685760908000,1771685760754000,0,1771685760756000,0,-566.339,0.5625,0.027709961,0.025296219,0.57547677,5.3370837e-05,6.0524784e-05,0,0,0,1
1771685760964000,1771685760806000,0,1771685760812000,0,-566.421,0.5625,0.029296875,0.025673091,0.5755058,5.965583e-05,6.0442926e-05,0,0,0,1
1771685761012000,1771685760858000,0,1771685760860000,0,-566.496,0.5625,0.03692627,0.026733173,0.57547677,9.4777024e-05,6.36773e-05,0,0,0,1
1771685761068000,1771685760910000,0,1771685760916000,0,-566.566,0.5625,0.030334473,0.027072426,0.5755058,6.395628e-05,6.370358e-05,0,0,0,1
1771685761116000,1771685760962000,0,1771685760964000,0,-566.643,0.5625,0.04345703,0.028615903,0.57547677,0.00013126602,7.0068156e-05,0,0,0,1
1771685761172000,1771685761014000,0,1771685761020000,0,-566.7,0.5625,0.027709961,0.02853056,0.5755058,5.3368145e-05,6.849496e-05,0,0,0,1
1771685761220000,1771685761066000,0,1771685761068000,0,-566.775,0.5625,0.042297363,0.029827433,0.57547677,0.00012435373,7.375702e-05,0,0,0,1
1771685761276000,1771685761118000,0,1771685761124000,0,-566.845,0.5625,0.04309082,0.031076882,0.5755058,0.00012905648,7.896639e-05,0,0,0,1
1771685761324000,1771685761170000,0,1771685761172000,0,-566.906,0.5625,0.04638672,0.032519113,0.57547677,0.0001495614,8.5616644e-05,0,0,0,1
1771685761380000,1771685761222000,0,1771685761228000,0,-566.977,0.5625,0.051879883,0.034342956,0.5755058,0.00018707177,9.5174015e-05,0,0,0,1
1771685761428000,1771685761274000,0,1771685761276000,0,-567.032,0.5625,0.051879883,0.035994984,0.57547677,0.00018708121,0.00010383194,0,0,0,1
1771685761484000,1771685761326000,0,1771685761332000,0,-567.082,0.5625,0.03955078,0.03632995,0.5755058,0.00010872275,0.00010429267,0,0,0,1
1771685761532000,1771685761378000,0,1771685761380000,0,-567.136,0.5625,0.041625977,0.036828853,0.57547677,0.00012043732,0.00010581354,0,0,0,1
1771685761588000,1771685761430000,0,1771685761436000,0,-567.19,0.5625,0.036743164,0.03682078,0.5755058,9.3834686e-05,0.000104685096,0,0,0,1
1771685761636000,1771685761482000,0,1771685761484000,0,-567.231,0.5625,0.028686523,0.03605451,0.57547677,5.7198948e-05,0.000100211764,0,0,0,1
1771685761692000,1771685761534000,0,1771685761540000,0,-567.271,0.5625,0.012939453,0.033877004,0.5755058,1.1637029e-05,9.186777e-05,0,0,0,1
1771685761740000,1771685761586000,0,1771685761588000,0,-567.331,0.5625,0.026794434,0.033209804,0.57547677,4.990239e-05,8.791451e-05,0,0,0,1
1771685761796000,1771685761638000,0,1771685761644000,0,-567.383,0.5625,0.026184082,0.032547962,0.5755058,4.7652426e-05,8.4121704e-05,0,0,0,1
1771685761844000,1771685761690000,0,1771685761692000,0,-567.424,0.5625,0.023132324,0.03166098,0.57547677,3.7193815e-05,7.970096e-05,0,0,0,1
1771685761900000,1771685761742000,0,1771685761748000,0,-567.483,0.5625,0.032226562,0.03171426,0.5755058,7.218355e-05,7.89928e-05,0,0,0,1
1771685761948000,1771685761794000,0,1771685761796000,0,-567.524,0.5625,0.031311035,0.031676274,0.57547677,6.814391e-05,7.7970806e-05,0,0,0,1
1771685762004000,1771685761846000,0,1771685761852000,0,-567.575,0.5625,0.03491211,0.0319811,0.5755058,8.471542e-05,7.860617e-05,0,0,0,1
1771685762052000,1771685761898000,0,1771685761900000,0,-567.615,0.5625,0.035217285,0.03228596,0.57547677,8.6207285e-05,7.932222e-05,0,0,0,1
1771685762108000,1771685761950000,0,1771685761956000,0,-567.657,0.5625,0.032043457,0.032263115,0.5755058,7.136562e-05,7.857269e-05,0,0,0,1
1771685762156000,1771685762002000,0,1771685762004000,0,-567.695,0.5625,0.032409668,0.03227692,0.57547677,7.300983e-05,7.804865e-05,0,0,0,1
1771685762212000,1771685762054000,0,1771685762060000,0,-567.733,0.5625,0.027526855,0.03182945,0.5755058,5.266517e-05,7.565745e-05,0,0,0,1
1771685762260000,1771685762106000,0,1771685762108000,0,-567.76,0.5625,0.018920898,0.030613428,0.57547677,2.4883742e-05,7.087442e-05,0,0,0,1
1771685762316000,1771685762158000,0,1771685762164000,0,-567.791,0.5625,0.009460449,0.028620755,0.5755058,6.220622e-06,6.4783846e-05,0,0,0,1
1771685762364000,1771685762210000,0,1771685762212000,0,-567.834,0.5625,0.019042969,0.0277185,0.57547677,2.520586e-05,6.1055485e-05,0,0,0,1
1771685762420000,1771685762262000,0,1771685762268000,0,-567.86,0.5625,0.0068359375,0.025751302,0.5755058,3.2479286e-06,5.5609846e-05,0,0,0,1
1771685762468000,1771685762314000,0,1771685762316000,0,-567.892,0.5625,0.007385254,0.024021167,0.57547677,3.791081e-06,5.072837e-05,0,0,0,1
1771685762524000,1771685762366000,0,1771685762372000,0,-567.922,0.5625,0.0013427734,0.021884797,0.5755058,1.2531866e-07,4.5961417e-05,0,0,0,1
1771685762572000,1771685762418000,0,1771685762420000,0,-567.948,0.5625,-0.0025024414,0.019587448,0.57547677,4.352713e-07,4.1590712e-05,0,0,0,1
1771685762628000,1771685762470000,0,1771685762476000,0,-567.978,0.5625,-0.0064697266,0.017132787,0.5755058,2.9092573e-06,3.7398684e-05,0,0,0,1
1771685762676000,1771685762522000,0,1771685762524000,0,-568.017,0.5625,0.0043945312,0.015932806,0.57547677,1.3423239e-06,3.400207e-05,0,0,0,1
1771685762732000,1771685762574000,0,1771685762580000,0,-568.057,0.5625,0.01184082,0.015547329,0.5755058,9.744821e-06,3.171697e-05,0,0,0,1
1771685762780000,1771685762626000,0,1771685762628000,0,-568.09,0.5625,0.0178833,0.015767384,0.57547677,2.2229391e-05,3.0823212e-05,0,0,0,1
1771685762836000,1771685762678000,0,1771685762684000,0,-568.124,0.5625,0.020812988,0.016242694,0.5755058,3.010781e-05,3.075582e-05,0,0,0,1
1771685762884000,1771685762730000,0,1771685762732000,0,-568.147,0.5625,0.017944336,0.016402993,0.57547677,2.2381386e-05,2.9966923e-05,0,0,0,1
1771685762940000,1771685762782000,0,1771685762788000,0,-568.172,0.5625,0.013427734,0.016122716,0.5755058,1.2531867e-05,2.832449e-05,0,0,0,1
1771685762988000,1771685762834000,0,1771685762836000,0,-568.202,0.5625,0.018859863,0.016380563,0.57547677,2.4723462e-05,2.7985263e-05,0,0,0,1
1771685763044000,1771685762886000,0,1771685762892000,0,-568.224,0.5625,0.012817383,0.016044902,0.5755058,1.1418499e-05,2.6424626e-05,0,0,0,1
1771685763092000,1771685762938000,0,1771685762940000,0,-568.247,0.5625,0.012573242,0.015717862,0.57547677,1.0988205e-05,2.497047e-05,0,0,0,1
1771685763148000,1771685762990000,0,1771685762996000,0,-568.269,0.5625,0.00793457,0.014984653,0.5755058,4.3757964e-06,2.3030392e-05,0,0,0,1
1771685763196000,1771685763042000,0,1771685763044000,0,-568.3,0.5625,0.016845703,0.015159969,0.57547677,1.9724703e-05,2.2718987e-05,0,0,0,1
1771685763252000,1771685763094000,0,1771685763100000,0,-568.317,0.5625,0.008422852,0.014525313,0.5755058,4.9309274e-06,2.1043299e-05,0,0,0,1
1771685763300000,1771685763146000,0,1771685763148000,0,-568.355,0.5625,0.02532959,0.015543107,0.57547677,4.4595243e-05,2.326196e-05,0,0,0,1
1771685763356000,1771685763198000,0,1771685763204000,0,-568.367,0.5625,0.012939453,0.015297835,0.5755058,1.1637029e-05,2.2166858e-05,0,0,0,1
1771685763404000,1771685763250000,0,1771685763252000,0,-568.377,0.5625,0.0029296875,0.0141327195,0.57547677,5.965884e-07,2.0134876e-05,0,0,0,1
1771685763460000,1771685763302000,0,1771685763308000,0,-568.395,0.5625,-0.0018310547,0.012628886,0.5755058,2.3303059e-07,1.821616e-05,0,0,0,1
1771685763508000,1771685763354000,0,1771685763356000,0,-568.419,0.5625,0.0032348633,0.011743941,0.57547677,7.2735105e-07,1.6568663e-05,0,0,0,1
1771685763564000,1771685763406000,0,1771685763412000,0,-568.448,0.5625,0.010559082,0.011632324,0.5755058,7.749302e-06,1.5737854e-05,0,0,0,1
1771685763612000,1771685763458000,0,1771685763460000,0,-568.47,0.5625,0.014221191,0.011876203,0.57547677,1.4057373e-05,1.5579548e-05,0,0,0,1
1771685763668000,1771685763510000,0,1771685763516000,0,-568.483,0.5625,0.006286621,0.011349648,0.5755058,2.7469127e-06,1.4370677e-05,0,0,0,1
1771685763716000,1771685763562000,0,1771685763564000,0,-568.511,0.5625,0.017028809,0.011884642,0.57547677,2.0155832e-05,1.4915655e-05,0,0,0,1
1771685763772000,1771685763614000,0,1771685763620000,0,-568.516,0.5625,0.0020141602,0.010954814,0.5755058,2.81967e-07,1.3537119e-05,0,0,0,1
1771685763820000,1771685763666000,0,1771685763668000,0,-568.53,0.5625,-0.00030517578,0.00989409,0.57547677,6.4733983e-09,1.2261274e-05,0,0,0,1
1771685763876000,1771685763718000,0,1771685763724000,0,-568.553,0.5625,0.0040283203,0.009341517,0.5755058,1.127868e-06,1.1212474e-05,0,0,0,1
1771685763924000,1771685763770000,0,1771685763772000,0,-568.564,0.5625,-0.0005493164,0.008409772,0.57547677,2.0973811e-08,1.0154251e-05,0,0,0,1
1771685763980000,1771685763822000,0,1771685763828000,0,-568.58,0.5625,-0.0025634766,0.00737606,0.5755058,4.5673994e-07,9.154664e-06,0,0,0,1
1771685764028000,1771685763874000,0,1771685763876000,0,-568.596,0.5625,-0.0015258789,0.0065374714,0.57547677,1.6183496e-07,8.277023e-06,0,0,0,1
1771685764084000,1771685763926000,0,1771685763932000,0,-568.591,0.5625,-0.023742676,0.0036849936,0.5755058,3.9180468e-05,3.8063895e-06,0,0,0,1
1771685764132000,1771685763978000,0,1771685763980000,0,-568.611,0.5625,-0.01776123,0.001664697,0.57547677,2.1926953e-05,1.3822337e-06,0,0,0,1
1771685764188000,1771685764030000,0,1771685764036000,0,-568.615,0.5625,-0.030151367,-0.0013324688,0.5755058,6.3186504e-05,-4.700329e-06,0,0,0,1
1771685764236000,1771685764082000,0,1771685764084000,0,-568.628,0.5625,-0.030822754,-0.0041105393,0.57547677,6.6035136e-05,-1.0478247e-05,0,0,0,1
1771685764292000,1771685764134000,0,1771685764140000,0,-568.657,0.5625,-0.017578125,-0.005379225,0.5755058,2.1476098e-05,-1.1514277e-05,0,0,0,1
1771685764340000,1771685764186000,0,1771685764188000,0,-568.669,0.5625,-0.018981934,-0.00666064,0.57547677,2.5044543e-05,-1.2788867e-05,0,0,0,1
1771685764396000,1771685764238000,0,1771685764244000,0,-568.671,0.5625,-0.03265381,-0.009109272,0.5755058,7.41102e-05,-1.8565515e-05,0,0,0,1
1771685764444000,1771685764290000,0,1771685764292000,0,-568.694,0.5625,-0.022399902,-0.010361288,0.5754768,3.487582e-05,-2.0101994e-05,0,0,0,1
1771685764500000,1771685764342000,0,1771685764348000,0,-568.706,0.5625,-0.02545166,-0.011782845,0.57550585,4.5023833e-05,-2.2449703e-05,0,0,0,1
1771685764548000,1771685764394000,0,1771685764396000,0,-568.726,0.5625,-0.01751709,-0.0123230275,0.5754769,2.132829e-05,-2.2344064e-05,0,0,0,1
1771685764604000,1771685764446000,0,1771685764452000,0,-568.736,0.5625,-0.021362305,-0.013174553,0.575506,3.1718042e-05,-2.322712e-05,0,0,0,1
1771685764652000,1771685764498000,0,1771685764500000,0,-568.754,0.5625,-0.014465332,-0.013296149,0.575477,1.4544166e-05,-2.240916e-05,0,0,0,1
1771685764708000,1771685764550000,0,1771685764556000,0,-568.769,0.5625,-0.0119018555,-0.013164802,0.5755062,9.845535e-06,-2.1225631e-05,0,0,0,1
1771685764756000,1771685764602000,0,1771685764604000,0,-568.788,0.5625,-0.0028076172,-0.012189126,0.5754773,5.479079e-07,-1.927773e-05,0,0,0,1
1771685764812000,1771685764654000,0,1771685764660000,0,-568.8,0.5625,-0.0017089844,-0.011201866,0.57550657,2.0299527e-07,-1.7480834e-05,0,0,0,1
1771685764860000,1771685764706000,0,1771685764708000,0,-568.804,0.5625,-0.006164551,-0.010727337,0.5754777,2.6414011e-06,-1.6082917e-05,0,0,0,1
1771685764916000,1771685764758000,0,1771685764764000,0,-568.802,0.5625,-0.01739502,-0.011355451,0.57550716,2.103096e-05,-1.6549036e-05,0,0,0,1
1771685764964000,1771685764810000,0,1771685764812000,0,-568.797,0.5625,-0.02935791,-0.013051335,0.57547843,5.9907503e-05,-2.063353e-05,0,0,0,1
1771685765020000,1771685764862000,0,1771685764868000,0,-568.806,0.5625,-0.027526855,-0.014414971,0.575508,5.2664967e-05,-2.3650984e-05,0,0,0,1
1771685765068000,1771685764914000,0,1771685764916000,0,-568.818,0.5625,-0.020935059,-0.015029182,0.5754794,3.0463414e-05,-2.4292734e-05,0,0,0,1
1771685765124000,1771685764966000,0,1771685764972000,0,-568.824,0.5625,-0.020812988,-0.015574033,0.57550913,3.0107634e-05,-2.4840516e-05,0,0,0,1
1771685765172000,1771685765018000,0,1771685765020000,0,-568.827,0.5625,-0.022094727,-0.016188301,0.5754807,3.393177e-05,-2.5696938e-05,0,0,0,1
1771685765228000,1771685765070000,0,1771685765076000,0,-568.824,0.5625,-0.029907227,-0.017480664,0.5755106,6.216686e-05,-2.913251e-05,0,0,0,1
1771685765276000,1771685765122000,0,1771685765124000,0,-568.814,0.5625,-0.04309082,-0.019893214,0.5754823,0.00012906175,-3.8546135e-05,0,0,0,1
1771685765332000,1771685765174000,0,1771685765180000,0,-568.832,0.5625,-0.028320312,-0.020687072,0.5755124,5.574442e-05,-4.0166262e-05,0,0,0,1
1771685765380000,1771685765226000,0,1771685765228000,0,-568.847,0.5625,-0.01574707,-0.020221708,0.5754843,1.7235587e-05,-3.8006125e-05,0,0,0,1
1771685765436000,1771685765278000,0,1771685765284000,0,-568.843,0.5625,-0.022705078,-0.02045565,0.5755146,3.5830235e-05,-3.780115e-05,0,0,0,1
1771685765484000,1771685765330000,0,1771685765332000,0,-568.856,0.5625,-0.011474609,-0.01960961,0.5754866,9.151675e-06,-3.5102286e-05,0,0,0,1
1771685765540000,1771685765382000,0,1771685765388000,0,-568.856,0.5625,-0.013427734,-0.01902726,0.5755172,1.2531618e-05,-3.2976062e-05,0,0,0,1
1771685765588000,1771685765434000,0,1771685765436000,0,-568.845,0.5625,-0.025634766,-0.019649705,0.5754893,4.5675304e-05,-3.4172368e-05,0,0,0,1
1771685765644000,1771685765486000,0,1771685765492000,0,-568.849,0.5625,-0.022277832,-0.019897282,0.57552004,3.4494147e-05,-3.420268e-05,0,0,0,1
1771685765692000,1771685765538000,0,1771685765540000,0,-568.84,0.5625,-0.03112793,-0.020955242,0.57549226,6.734742e-05,-3.732501e-05,0,0,0,1
1771685765748000,1771685765590000,0,1771685765596000,0,-568.85,0.5625,-0.020446777,-0.020907342,0.5755232,2.905674e-05,-3.6546116e-05,0,0,0,1
1771685765796000,1771685765642000,0,1771685765644000,0,-568.84,0.5625,-0.02923584,-0.02169191,0.5754955,5.9408587e-05,-3.869983e-05,0,0,0,1
1771685765852000,1771685765694000,0,1771685765700000,0,-568.847,0.5625,-0.020446777,-0.021574616,0.57552654,2.9056571e-05,-3.7791408e-05,0,0,0,1
1771685765900000,1771685765746000,0,1771685765748000,0,-568.848,0.5625,-0.017333984,-0.021175137,0.5754988,2.0883936e-05,-3.6198675e-05,0,0,0,1
1771685765956000,1771685765798000,0,1771685765804000,0,-568.839,0.5625,-0.023803711,-0.021422757,0.57553,3.9380513e-05,-3.649841e-05,0,0,0,1
1771685766004000,1771685765850000,0,1771685765852000,0,-568.831,0.5625,-0.02911377,-0.022147272,0.5755023,5.891282e-05,-3.8609913e-05,0,0,0,1
1771685766060000,1771685765902000,0,1771685765908000,0,-568.827,0.5625,-0.030151367,-0.022901282,0.5755334,6.318348e-05,-4.0924813e-05,0,0,0,1
1771685766108000,1771685765954000,0,1771685765956000,0,-568.815,0.5625,-0.039611816,-0.024475463,0.57550555,0.000109058616,-4.7343216e-05,0,0,0,1
1771685766164000,1771685766006000,0,1771685766012000,0,-568.818,0.5625,-0.034057617,-0.02537813,0.5755366,8.061494e-05,-5.047751e-05,0,0,0,1
1771685766212000,1771685766058000,0,1771685766060000,0,-568.817,0.5625,-0.032958984,-0.026092269,0.57550865,7.5501535e-05,-5.2834846e-05,0,0,0,1
1771685766268000,1771685766110000,0,1771685766116000,0,-568.805,0.5625,-0.043518066,-0.027733829,0.5755396,0.00013162063,-6.0256698e-05,0,0,0,1
1771685766316000,1771685766162000,0,1771685766164000,0,-568.791,0.5625,-0.055786133,-0.030376438,0.57551146,0.00021630099,-7.495652e-05,0,0,0,1
1771685766372000,1771685766214000,0,1771685766220000,0,-568.79,0.5625,-0.055419922,-0.03273561,0.5755421,0.00021345912,-8.800387e-05,0,0,0,1
1771685766420000,1771685766266000,0,1771685766268000,0,-568.789,0.5625,-0.05505371,-0.03483804,0.5755137,0.00021065777,-9.955822e-05,0,0,0,1
1771685766476000,1771685766318000,0,1771685766324000,0,-568.803,0.5625,-0.040161133,-0.03533949,0.5755441,0.000112096815,-0.000100739395,0,0,0,1
1771685766524000,1771685766370000,0,1771685766372000,0,-568.807,0.5625,-0.035461426,-0.035350975,0.5755155,8.740079e-05,-9.948286e-05,0,0,0,1
1771685766580000,1771685766422000,0,1771685766428000,0,-568.807,0.5625,-0.035583496,-0.03537288,0.57554555,8.799896e-05,-9.840104e-05,0,0,0,1
1771685766628000,1771685766474000,0,1771685766476000,0,-568.803,0.5625,-0.03942871,-0.03575495,0.5755167,0.00010805061,-9.9310055e-05,0,0,0,1
1771685766684000,1771685766526000,0,1771685766532000,0,-568.798,0.5625,-0.04473877,-0.03660125,0.5755465,0.00013910657,-0.000103059,0,0,0,1
1771685766732000,1771685766578000,0,1771685766580000,0,-568.802,0.5625,-0.04046631,-0.036965348,0.57551736,0.00011381218,-0.00010407198,0,0,0,1
1771685766788000,1771685766630000,0,1771685766636000,0,-568.802,0.5625,-0.040893555,-0.037335396,0.57554686,0.00011622218,-0.00010521656,0,0,0,1
1771685766836000,1771685766682000,0,1771685766684000,0,-568.816,0.5625,-0.027038574,-0.036365405,0.57551754,5.0812316e-05,-0.00010009152,0,0,0,1
1771685766892000,1771685766734000,0,1771685766740000,0,-568.813,0.5625,-0.03100586,-0.03586052,0.5755468,6.681391e-05,-9.6956675e-05,0,0,0,1
1771685766940000,1771685766786000,0,1771685766788000,0,-568.805,0.5625,-0.039611816,-0.036213905,0.5755173,0.00010905639,-9.8096505e-05,0,0,0,1
1771685766996000,1771685766838000,0,1771685766844000,0,-568.785,0.5625,-0.060668945,-0.03851764,0.5755463,0.0002558071,-0.000112953305,0,0,0,1
1771685767044000,1771685766890000,0,1771685766892000,0,-568.798,0.5625,-0.047912598,-0.03940267,0.5755167,0.00015955172,-0.000117343014,0,0,0,1
1771685767100000,1771685766942000,0,1771685766948000,0,-568.8,0.5625,-0.04711914,-0.040129583,0.5755455,0.00015430324,-0.00012082478,0,0,0,1
1771685767148000,1771685766994000,0,1771685766996000,0,-568.802,0.5625,-0.046020508,-0.040684525,0.57551575,0.00014719924,-0.00012330934,0,0,0,1
1771685767204000,1771685767046000,0,1771685767052000,0,-568.803,0.5625,-0.046569824,-0.041238938,0.5755444,0.00015072674,-0.00012589214,0,0,0,1
1771685767252000,1771685767098000,0,1771685767100000,0,-568.806,0.5625,-0.044555664,-0.04155138,0.57551455,0.0001379779,-0.00012703065,0,0,0,1
1771685767308000,1771685767150000,0,1771685767156000,0,-568.82,0.5625,-0.032104492,-0.040661458,0.57554305,7.1633105e-05,-0.000121812045,0,0,0,1
1771685767356000,1771685767202000,0,1771685767204000,0,-568.813,0.5625,-0.040649414,-0.04066032,0.5755131,0.00011484533,-0.00012115576,0,0,0,1
1771685767412000,1771685767254000,0,1771685767260000,0,-568.826,0.5625,-0.02960205,-0.0396186,0.57554156,6.0901348e-05,-0.00011547962,0,0,0,1
1771685767460000,1771685767306000,0,1771685767308000,0,-568.816,0.5625,-0.04156494,-0.03980195,0.5755116,0.00012007712,-0.00011591272,0,0,0,1
1771685767516000,1771685767358000,0,1771685767364000,0,-568.828,0.5625,-0.03186035,-0.03905383,0.57553995,7.054816e-05,-0.000111639245,0,0,0,1
1771685767564000,1771685767410000,0,1771685767412000,0,-568.823,0.5625,-0.038757324,-0.0390259,0.57550997,0.00010440342,-0.00011095761,0,0,0,1
1771685767620000,1771685767462000,0,1771685767468000,0,-568.82,0.5625,-0.04425049,-0.03951807,0.5755383,0.00013608865,-0.000113325026,0,0,0,1
1771685767668000,1771685767514000,0,1771685767516000,0,-568.826,0.5625,-0.040100098,-0.0395729,0.5755083,0.00011176331,-0.000113177906,0,0,0,1
1771685767724000,1771685767566000,0,1771685767572000,0,-568.827,0.5625,-0.04156494,-0.039760556,0.5755366,0.0001200719,-0.000113827344,0,0,0,1
1771685767772000,1771685767618000,0,1771685767620000,0,-568.836,0.5625,-0.034484863,-0.03926357,0.5755066,8.265454e-05,-0.000110890775,0,0,0,1
1771685767828000,1771685767670000,0,1771685767676000,0,-568.846,0.5625,-0.02734375,-0.038140688,0.57553494,5.1964224e-05,-0.00010533972,0,0,0,1
1771685767876000,1771685767722000,0,1771685767724000,0,-568.852,0.5625,-0.02368164,-0.036778603,0.575505,3.8979335e-05,-9.908838e-05,0,0,0,1
1771685767932000,1771685767774000,0,1771685767780000,0,-568.853,0.5625,-0.02557373,-0.03572307,0.57553333,4.5454584e-05,-9.403592e-05,0,0,0,1
1771685767980000,1771685767826000,0,1771685767828000,0,-568.837,0.5625,-0.044006348,-0.036503382,0.57550347,0.00013459926,-9.7857104e-05,0,0,0,1
1771685768036000,1771685767878000,0,1771685767884000,0,-568.842,0.5625,-0.04156494,-0.036980197,0.5755318,0.00012007291,-9.9949895e-05,0,0,0,1
1771685768084000,1771685767930000,0,1771685767932000,0,-568.836,0.5625,-0.049560547,-0.0381653,0.5755019,0.00017072039,-0.00010661668,0,0,0,1
1771685768140000,1771685767982000,0,1771685767988000,0,-568.851,0.5625,-0.03704834,-0.03806008,0.57553035,9.53958e-05,-0.000105559644,0,0,0,1
1771685768188000,1771685768034000,0,1771685768036000,0,-568.855,0.5625,-0.03527832,-0.037798032,0.5755005,8.650278e-05,-0.00010376443,0,0,0,1
1771685768244000,1771685768086000,0,1771685768092000,0,-568.865,0.5625,-0.028076172,-0.036882203,0.5755289,5.478588e-05,-9.915051e-05,0,0,0,1
1771685768292000,1771685768138000,0,1771685768140000,0,-568.867,0.5625,-0.028503418,-0.036092896,0.5754991,5.6468885e-05,-9.512978e-05,0,0,0,1
1771685768348000,1771685768190000,0,1771685768196000,0,-568.876,0.5625,-0.022521973,-0.034814477,0.57552755,3.5253866e-05,-8.9489295e-05,0,0,0,1
1771685768396000,1771685768242000,0,1771685768244000,0,-568.874,0.5625,-0.027038574,-0.034081966,0.57549787,5.0814055e-05,-8.5845975e-05,0,0,0,1
1771685768452000,1771685768294000,0,1771685768300000,0,-568.875,0.5625,-0.02923584,-0.033625446,0.5755263,5.9405404e-05,-8.33552e-05,0,0,0,1
1771685768500000,1771685768346000,0,1771685768348000,0,-568.892,0.5625,-0.014465332,-0.03182051,0.5754966,1.4543671e-05,-7.687295e-05,0,0,0,1
1771685768556000,1771685768398000,0,1771685768404000,0,-568.89,0.5625,-0.019470215,-0.030657075,0.57552516,2.6347363e-05,-7.21133e-05,0,0,0,1
1771685768604000,1771685768450000,0,1771685768452000,0,-568.909,0.5625,-0.0028686523,-0.028039325,0.5754955,5.719709e-07,-6.53739e-05,0,0,0,1
1771685768660000,1771685768502000,0,1771685768508000,0,-568.907,0.5625,-0.008117676,-0.026162649,0.57552403,4.5799416e-06,-5.964693e-05,0,0,0,1
1771685768708000,1771685768554000,0,1771685768556000,0,-568.9,0.5625,-0.01776123,-0.02537121,0.5754944,2.192628e-05,-5.6093533e-05,0,0,0,1
1771685768764000,1771685768606000,0,1771685768612000,0,-568.915,0.5625,-0.005432129,-0.023492891,0.57552296,2.050867e-06,-5.1002557e-05,0,0,0,1
1771685768812000,1771685768658000,0,1771685768660000,0,-568.903,0.5625,-0.01977539,-0.023142692,0.5754934,2.7181273e-05,-4.8758524e-05,0,0,0,1
1771685768868000,1771685768710000,0,1771685768716000,0,-568.898,0.5625,-0.027404785,-0.023544194,0.575522,5.219764e-05,-4.9082497e-05,0,0,0,1
1771685768916000,1771685768762000,0,1771685768764000,0,-568.915,0.5625,-0.012451172,-0.0224992,0.57549244,1.0775584e-05,-4.5473873e-05,0,0,0,1
1771685768972000,1771685768814000,0,1771685768820000,0,-568.919,0.5625,-0.011047363,-0.021420404,0.57552105,8.482347e-06,-4.1989162e-05,0,0,0,1
1771685769020000,1771685768866000,0,1771685768868000,0,-568.916,0.5625,-0.01586914,-0.02089746,0.57549155,1.7503618e-05,-3.9682553e-05,0,0,0,1
1771685769076000,1771685768918000,0,1771685768924000,0,-568.909,0.5625,-0.024963379,-0.02128048,0.57552016,4.3311793e-05,-4.002444e-05,0,0,0,1
1771685769124000,1771685768970000,0,1771685768972000,0,-568.891,0.5625,-0.04449463,-0.023467321,0.57549065,0.00013760585,-4.921689e-05,0,0,0,1
1771685769180000,1771685769022000,0,1771685769028000,0,-568.901,0.5625,-0.036132812,-0.024660448,0.5755193,9.074101e-05,-5.3128584e-05,0,0,0,1
1771685769228000,1771685769074000,0,1771685769076000,0,-568.911,0.5625,-0.027404785,-0.024918972,0.5754899,5.2200554e-05,-5.304116e-05,0,0,0,1
1771685769284000,1771685769126000,0,1771685769132000,0,-568.907,0.5625,-0.033081055,-0.025687864,0.5755185,7.606054e-05,-5.5209654e-05,0,0,0,1
1771685769332000,1771685769178000,0,1771685769180000,0,-568.897,0.5625,-0.044067383,-0.02741927,0.57548904,0.00013497628,-6.27239e-05,0,0,0,1
1771685769388000,1771685769230000,0,1771685769236000,0,-568.907,0.5625,-0.035095215,-0.028142365,0.5755178,8.5604595e-05,-6.487933e-05,0,0,0,1
1771685769436000,1771685769282000,0,1771685769284000,0,-568.908,0.5625,-0.03491211,-0.028780093,0.5754883,8.471799e-05,-6.674819e-05,0,0,0,1
1771685769492000,1771685769334000,0,1771685769340000,0,-568.906,0.5625,-0.038146973,-0.02966248,0.575517,0.000101139776,-6.9987975e-05,0,0,0,1
1771685769540000,1771685769386000,0,1771685769388000,0,-568.915,0.5625,-0.029846191,-0.029679786,0.5754876,6.191585e-05,-6.922756e-05,0,0,0,1
1771685769596000,1771685769438000,0,1771685769444000,0,-568.92,0.5625,-0.025817871,-0.029315982,0.5755163,4.6327965e-05,-6.707035e-05,0,0,0,1
1771685769644000,1771685769490000,0,1771685769492000,0,-568.922,0.5625,-0.024597168,-0.028871456,0.5754869,4.2052783e-05,-6.4713626e-05,0,0,0,1
1771685769700000,1771685769542000,0,1771685769548000,0,-568.917,0.5625,-0.030761719,-0.029049525,0.5755156,6.5769425e-05,-6.481309e-05,0,0,0,1
1771685769748000,1771685769594000,0,1771685769596000,0,-568.912,0.5625,-0.036499023,-0.02975129,0.57548624,9.259499e-05,-6.743022e-05,0,0,0,1
1771685769804000,1771685769646000,0,1771685769652000,0,-568.921,0.5625,-0.028442383,-0.029627986,0.575515,5.6225756e-05,-6.637473e-05,0,0,0,1
1771685769852000,1771685769698000,0,1771685769700000,0,-568.926,0.5625,-0.024169922,-0.029113822,0.5754856,4.0604675e-05,-6.394711e-05,0,0,0,1
1771685769908000,1771685769750000,0,1771685769756000,0,-568.929,0.5625,-0.022338867,-0.028475601,0.5755144,3.4683755e-05,-6.119042e-05,0,0,0,1
1771685769956000,1771685769802000,0,1771685769804000,0,-568.924,0.5625,-0.028259277,-0.028455222,0.575485,5.5507044e-05,-6.0655027e-05,0,0,0,1
1771685770012000,1771685769854000,0,1771685769860000,0,-568.918,0.5625,-0.03540039,-0.029109478,0.5755138,8.7100445e-05,-6.314626e-05,0,0,0,1
1771685770060000,1771685769906000,0,1771685769908000,0,-568.926,0.5625,-0.028076172,-0.029012138,0.57548445,5.479011e-05,-6.235909e-05,0,0,0,1
1771685770116000,1771685769958000,0,1771685769964000,0,-568.931,0.5625,-0.024169922,-0.028555987,0.5755132,4.060273e-05,-6.0309576e-05,0,0,0,1
1771685770164000,1771685770010000,0,1771685770012000,0,-568.937,0.5625,-0.018981934,-0.027654083,0.57548386,2.5044234e-05,-5.698748e-05,0,0,0,1
1771685770220000,1771685770062000,0,1771685770068000,0,-568.935,0.5625,-0.022216797,-0.027141875,0.57551265,3.4305835e-05,-5.4850803e-05,0,0,0,1
1771685770268000,1771685770114000,0,1771685770116000,0,-568.926,0.5625,-0.032104492,-0.027609367,0.5754833,7.164054e-05,-5.6432444e-05,0,0,0,1
1771685770324000,1771685770166000,0,1771685770172000,0,-568.927,0.5625,-0.032104492,-0.02803282,0.5755121,7.1636954e-05,-5.7864752e-05,0,0,0,1
1771685770372000,1771685770218000,0,1771685770220000,0,-568.925,0.5625,-0.03479004,-0.02866937,0.57548285,8.4127394e-05,-6.033877e-05,0,0,0,1
1771685770428000,1771685770270000,0,1771685770276000,0,-568.938,0.5625,-0.022644043,-0.028101766,0.57551163,3.563804e-05,-5.801189e-05,0,0,0,1
1771685770476000,1771685770322000,0,1771685770324000,0,-568.951,0.5625,-0.010498047,-0.026443444,0.57548237,7.660286e-06,-5.3268624e-05,0,0,0,1
1771685770532000,1771685770374000,0,1771685770380000,0,-568.941,0.5625,-0.021972656,-0.026022283,0.57551116,3.355609e-05,-5.1411647e-05,0,0,0,1
1771685770580000,1771685770426000,0,1771685770428000,0,-568.951,0.5625,-0.012878418,-0.024784094,0.57548195,1.1527983e-05,-4.7654492e-05,0,0,0,1
1771685770636000,1771685770478000,0,1771685770484000,0,-568.957,0.5625,-0.008300781,-0.023231318,0.57551074,4.788996e-06,-4.3616437e-05,0,0,0,1
1771685770684000,1771685770530000,0,1771685770532000,0,-568.947,0.5625,-0.019470215,-0.022877011,0.57548153,2.634936e-05,-4.1989828e-05,0,0,0,1
1771685770740000,1771685770582000,0,1771685770588000,0,-568.953,0.5625,-0.014709473,-0.022107605,0.5755103,1.503838e-05,-3.9450922e-05,0,0,0,1
1771685770788000,1771685770634000,0,1771685770636000,0,-568.961,0.5625,-0.007751465,-0.020755215,0.5754811,4.176346e-06,-3.6127956e-05,0,0,0,1
1771685770844000,1771685770686000,0,1771685770692000,0,-568.952,0.5625,-0.018310547,-0.020524919,0.57550997,2.330289e-05,-3.4919798e-05,0,0,0,1
1771685770892000,1771685770738000,0,1771685770740000,0,-568.941,0.5625,-0.030334473,-0.021449007,0.57548076,6.395906e-05,-3.765538e-05,0,0,0,1
1771685770948000,1771685770790000,0,1771685770796000,0,-568.96,0.5625,-0.012390137,-0.020595634,0.5755096,1.0669882e-05,-3.511327e-05,0,0,0,1
1771685770996000,1771685770842000,0,1771685770844000,0,-568.956,0.5625,-0.017578125,-0.020311376,0.5754804,2.1477046e-05,-3.38287e-05,0,0,0,1
1771685771052000,1771685770894000,0,1771685770900000,0,-568.957,0.5625,-0.018005371,-0.020094143,0.57550925,2.2532628e-05,-3.2764576e-05,0,0,0,1
1771685771100000,1771685770946000,0,1771685770948000,0,-568.957,0.5625,-0.019042969,-0.01999512,0.57548004,2.5205716e-05,-3.205251e-05,0,0,0,1
1771685771156000,1771685770998000,0,1771685771004000,0,-568.958,0.5625,-0.019348145,-0.019934172,0.57550895,2.6018757e-05,-3.1484113e-05,0,0,0,1
1771685771204000,1771685771050000,0,1771685771052000,0,-568.96,0.5625,-0.018371582,-0.01978697,0.57547975,2.3459734e-05,-3.072819e-05,0,0,0,1
1771685771260000,1771685771102000,0,1771685771108000,0,-568.959,0.5625,-0.020812988,-0.019883625,0.57550865,3.0107662e-05,-3.0669737e-05,0,0,0,1
1771685771308000,1771685771154000,0,1771685771156000,0,-568.974,0.5625,-0.0068359375,-0.018654495,0.57547945,3.2480773e-06,-2.8086537e-05,0,0,0,1
1771685771364000,1771685771206000,0,1771685771212000,0,-568.967,0.5625,-0.0154418945,-0.018351858,0.57550836,1.657332e-05,-2.700196e-05,0,0,0,1
1771685771412000,1771685771258000,0,1771685771260000,0,-568.974,0.5625,-0.0095825195,-0.01752576,0.5754792,6.3824846e-06,-2.5059544e-05,0,0,0,1
1771685771468000,1771685771310000,0,1771685771316000,0,-568.985,0.5625,-0.00018310547,-0.015892033,0.5755081,2.3302964e-09,-2.2699081e-05,0,0,0,1
1771685771516000,1771685771362000,0,1771685771364000,0,-568.986,0.5625,-0.0006713867,-0.014458204,0.575479,3.1331126e-08,-2.0563713e-05,0,0,0,1
1771685771572000,1771685771414000,0,1771685771420000,0,-568.978,0.5625,-0.010437012,-0.014079396,0.5755079,7.571136e-06,-1.9339775e-05,0,0,0,1
1771685771620000,1771685771466000,0,1771685771468000,0,-568.964,0.5625,-0.0256958,-0.015173695,0.57547873,4.5893907e-05,-2.1841252e-05,0,0,0,1
1771685771676000,1771685771518000,0,1771685771524000,0,-568.974,0.5625,-0.016906738,-0.015336953,0.57550764,1.9866828e-05,-2.1655254e-05,0,0,0,1
1771685771724000,1771685771570000,0,1771685771572000,0,-568.963,0.5625,-0.0289917,-0.01662327,0.57547855,5.8422236e-05,-2.511881e-05,0,0,0,1
1771685771780000,1771685771622000,0,1771685771628000,0,-568.975,0.5625,-0.018127441,-0.016764967,0.57550746,2.2839262e-05,-2.490407e-05,0,0,0,1
1771685771828000,1771685771674000,0,1771685771676000,0,-568.979,0.5625,-0.015136719,-0.016611582,0.5754784,1.592555e-05,-2.4058267e-05,0,0,0,1
1771685771884000,1771685771726000,0,1771685771732000,0,-568.98,0.5625,-0.01550293,-0.016507143,0.5755073,1.6704626e-05,-2.3365532e-05,0,0,0,1
1771685771932000,1771685771778000,0,1771685771780000,0,-568.982,0.5625,-0.0146484375,-0.016332047,0.5754782,1.4914672e-05,-2.2569437e-05,0,0,0,1
1771685771988000,1771685771830000,0,1771685771836000,0,-568.992,0.5625,-0.0061035156,-0.01536849,0.5755071,2.589223e-06,-2.0687243e-05,0,0,0,1
1771685772036000,1771685771882000,0,1771685771884000,0,-568.991,0.5625,-0.008483887,-0.01471994,0.575478,5.0028902e-06,-1.920973e-05,0,0,0,1
1771685772092000,1771685771934000,0,1771685771940000,0,-569.006,0.5625,0.0048828125,-0.012873303,0.575507,1.657103e-06,-1.7244014e-05,0,0,0,1
1771685772140000,1771685771986000,0,1771685771988000,0,-568.999,0.5625,-0.0036621094,-0.0120055815,0.5754779,9.321675e-07,-1.570739e-05,0,0,0,1
1771685772196000,1771685772038000,0,1771685772044000,0,-568.992,0.5625,-0.012390137,-0.012041808,0.5755068,1.06699335e-05,-1.5232847e-05,0,0,0,1
1771685772244000,1771685772090000,0,1771685772092000,0,-568.977,0.5625,-0.028564453,-0.013598289,0.5754777,5.671309e-05,-1.9140407e-05,0,0,0,1
1771685772300000,1771685772142000,0,1771685772148000,0,-568.983,0.5625,-0.02368164,-0.01454817,0.5755067,3.8979226e-05,-2.1009282e-05,0,0,0,1
1771685772348000,1771685772194000,0,1771685772196000,0,-568.979,0.5625,-0.028564453,-0.015868545,0.5754776,5.6713103e-05,-2.4372686e-05,0,0,0,1
1771685772404000,1771685772246000,0,1771685772252000,0,-568.979,0.5625,-0.029724121,-0.01717378,0.57550657,6.14084e-05,-2.7861559e-05,0,0,0,1
1771685772452000,1771685772298000,0,1771685772300000,0,-568.981,0.5625,-0.028564453,-0.018246815,0.57547754,5.671311e-05,-3.057946e-05,0,0,0,1
1771685772508000,1771685772350000,0,1771685772356000,0,-568.976,0.5625,-0.034423828,-0.019770736,0.5755065,8.2362225e-05,-3.5457546e-05,0,0,0,1
1771685772556000,1771685772402000,0,1771685772404000,0,-568.962,0.5625,-0.048828125,-0.022508027,0.5754774,0.00016571881,-4.7728536e-05,0,0,0,1
1771685772612000,1771685772454000,0,1771685772460000,0,-568.969,0.5625,-0.042114258,-0.02435499,0.5755064,0.00012327304,-5.4845048e-05,0,0,0,1
1771685772660000,1771685772506000,0,1771685772508000,0,-568.978,0.5625,-0.03314209,-0.025182761,0.5754773,7.634693e-05,-5.6870587e-05,0,0,0,1
1771685772716000,1771685772558000,0,1771685772564000,0,-568.979,0.5625,-0.03277588,-0.025898054,0.5755063,7.466526e-05,-5.8546895e-05,0,0,0,1
1771685772764000,1771685772610000,0,1771685772612000,0,-568.993,0.5625,-0.019104004,-0.025258034,0.57547724,2.5367672e-05,-5.5421315e-05,0,0,0,1
1771685772820000,1771685772662000,0,1771685772668000,0,-568.991,0.5625,-0.021972656,-0.024948543,0.5755062,3.355638e-05,-5.3361575e-05,0,0,0,1
1771685772868000,1771685772714000,0,1771685772716000,0,-569.01,0.5625,-0.003540039,-0.0229318,0.5754772,8.7105985e-07,-4.8416816e-05,0,0,0,1
1771685772924000,1771685772766000,0,1771685772772000,0,-569.005,0.5625,-0.009765625,-0.021691507,0.57550615,6.6284215e-06,-4.4480228e-05,0,0,0,1
1771685772972000,1771685772818000,0,1771685772820000,0,-568.994,0.5625,-0.02154541,-0.021677744,0.5754771,3.2265725e-05,-4.3329586e-05,0,0,0,1
1771685773028000,1771685772870000,0,1771685772876000,0,-569.0,0.5625,-0.016418457,-0.021182304,0.5755061,1.8735907e-05,-4.101279e-05,0,0,0,1
1771685773076000,1771685772922000,0,1771685772924000,0,-569.014,0.5625,-0.003112793,-0.019480104,0.57547706,6.73492e-07,-3.721271e-05,0,0,0,1
1771685773132000,1771685772974000,0,1771685772980000,0,-569.019,0.5625,0.00061035156,-0.017587524,0.5755061,2.5892273e-08,-3.3704728e-05,0,0,0,1
1771685773180000,1771685773026000,0,1771685773028000,0,-569.014,0.5625,-0.005554199,-0.01645395,0.575477,2.1442477e-06,-3.0731637e-05,0,0,0,1
1771685773236000,1771685773078000,0,1771685773084000,0,-569.005,0.5625,-0.015686035,-0.01638161,0.57550603,1.7101589e-05,-2.9447647e-05,0,0,0,1
1771685773284000,1771685773130000,0,1771685773132000,0,-569.008,0.5625,-0.013366699,-0.016097596,0.575477,1.2418821e-05,-2.7843482e-05,0,0,0,1
1771685773340000,1771685773182000,0,1771685773188000,0,-568.996,0.5625,-0.026550293,-0.01708227,0.575506,4.8994665e-05,-2.9835985e-05,0,0,0,1
1771685773388000,1771685773234000,0,1771685773236000,0,-568.991,0.5625,-0.032104492,-0.018497407,0.57547694,7.1641334e-05,-3.377417e-05,0,0,0,1
1771685773444000,1771685773286000,0,1771685773292000,0,-568.991,0.5625,-0.032836914,-0.019848231,0.575506,7.4943644e-05,-3.7652455e-05,0,0,0,1
1771685773492000,1771685773338000,0,1771685773340000,0,-569.004,0.5625,-0.020202637,-0.019881617,0.57547694,2.836927e-05,-3.677795e-05,0,0,0,1
1771685773548000,1771685773390000,0,1771685773396000,0,-569.012,0.5625,-0.013183594,-0.019250644,0.5755059,1.2080303e-05,-3.445136e-05,0,0,0,1
1771685773596000,1771685773442000,0,1771685773444000,0,-569.012,0.5625,-0.014099121,-0.018765356,0.5754769,1.3817077e-05,-3.2507553e-05,0,0,0,1
1771685773652000,1771685773494000,0,1771685773500000,0,-569.018,0.5625,-0.009277344,-0.017871559,0.5755059,5.9821527e-06,-3.0008783e-05,0,0,0,1
1771685773700000,1771685773546000,0,1771685773548000,0,-569.008,0.5625,-0.020324707,-0.018102651,0.5754769,2.871314e-05,-2.9886729e-05,0,0,0,1
1771685773756000,1771685773598000,0,1771685773604000,0,-569.021,0.5625,-0.008300781,-0.017179286,0.5755059,4.7890367e-06,-2.7522454e-05,0,0,0,1
1771685773804000,1771685773650000,0,1771685773652000,0,-569.02,0.5625,-0.010498047,-0.016549895,0.5754769,7.660359e-06,-2.5651387e-05,0,0,0,1
1771685773860000,1771685773702000,0,1771685773708000,0,-569.025,0.5625,-0.006713867,-0.015623312,0.57550585,3.1329664e-06,-2.3530087e-05,0,0,0,1
1771685773908000,1771685773754000,0,1771685773756000,0,-569.034,0.5625,0.001159668,-0.014042307,0.5754768,9.347586e-08,-2.1304679e-05,0,0,0,1
1771685773964000,1771685773806000,0,1771685773812000,0,-569.025,0.5625,-0.009338379,-0.013599183,0.57550585,6.0611246e-06,-1.9868692e-05,0,0,0,1
1771685774012000,1771685773858000,0,1771685773860000,0,-569.028,0.5625,-0.0073242188,-0.013008064,0.5754768,3.728677e-06,-1.8348255e-05,0,0,0,1
1771685774068000,1771685773910000,0,1771685773916000,0,-569.037,0.5625,0.0004272461,-0.011742419,0.57550585,1.2687219e-08,-1.6618602e-05,0,0,0,1
1771685774116000,1771685773962000,0,1771685773964000,0,-569.042,0.5625,0.004272461,-0.01023377,0.5754768,1.2687859e-06,-1.4933558e-05,0,0,0,1
1771685774172000,1771685774014000,0,1771685774020000,0,-569.053,0.5625,0.013366699,-0.008010537,0.57550585,1.2418198e-05,-1.2356943e-05,0,0,0,1
1771685774220000,1771685774066000,0,1771685774068000,0,-569.038,0.5625,-0.0034179688,-0.007577904,0.5754768,8.1202296e-07,-1.1269379e-05,0,0,0,1
1771685774276000,1771685774118000,0,1771685774124000,0,-569.04,0.5625,-0.0032348633,-0.007168777,0.57550585,7.273143e-07,-1.0276286e-05,0,0,0,1
1771685774324000,1771685774170000,0,1771685774172000,0,-569.024,0.5625,-0.020690918,-0.008442602,0.5754768,2.9757173e-05,-1.2111443e-05,0,0,0,1
1771685774380000,1771685774222000,0,1771685774228000,0,-569.022,0.5625,-0.02368164,-0.009878164,0.57550585,3.897928e-05,-1.4642471e-05,0,0,0,1
1771685774428000,1771685774274000,0,1771685774276000,0,-569.024,0.5625,-0.022338867,-0.0110519985,0.5754768,3.4686018e-05,-1.6530632e-05,0,0,0,1
1771685774484000,1771685774326000,0,1771685774332000,0,-569.018,0.5625,-0.02923584,-0.012764969,0.57550585,5.9407514e-05,-2.0569758e-05,0,0,0,1
1771685774532000,1771685774378000,0,1771685774380000,0,-569.029,0.5625,-0.018798828,-0.013333376,0.5754768,2.4563695e-05,-2.0945998e-05,0,0,0,1
1771685774588000,1771685774430000,0,1771685774436000,0,-569.032,0.5625,-0.016845703,-0.0136642475,0.57550585,1.9723706e-05,-2.0830854e-05,0,0,0,1
1771685774636000,1771685774482000,0,1771685774484000,0,-569.031,0.5625,-0.018676758,-0.01413644,0.5754768,2.4245723e-05,-2.1152544e-05,0,0,0,1
1771685774692000,1771685774534000,0,1771685774540000,0,-569.034,0.5625,-0.016723633,-0.014380161,0.5755059,1.943889e-05,-2.0991112e-05,0,0,0,1
1771685774740000,1771685774586000,0,1771685774588000,0,-569.041,0.5625,-0.010620117,-0.014025954,0.5754769,7.839542e-06,-1.9752197e-05,0,0,0,1
1771685774796000,1771685774638000,0,1771685774644000,0,-569.06,0.5625,0.0071411133,-0.012031955,0.5755059,3.5443945e-06,-1.755759e-05,0,0,0,1
1771685774844000,1771685774690000,0,1771685774692000,0,-569.054,0.5625,-0.00030517578,-0.010927258,0.5754769,6.473397e-09,-1.5904223e-05,0,0,0,1
1771685774900000,1771685774742000,0,1771685774748000,0,-569.048,0.5625,-0.007873535,-0.010639588,0.5755059,4.308735e-06,-1.4811894e-05,0,0,0,1
1771685774948000,1771685774794000,0,1771685774796000,0,-569.048,0.5625,-0.008972168,-0.010482512,0.5754769,5.5953456e-06,-1.3943669e-05,0,0,0,1
1771685775004000,1771685774846000,0,1771685774852000,0,-569.05,0.5625,-0.008239746,-0.010271237,0.5755059,4.7188682e-06,-1.3074666e-05,0,0,0,1
1771685775052000,1771685774898000,0,1771685774900000,0,-569.053,0.5625,-0.006286621,-0.009895875,0.5754769,2.7470508e-06,-1.2101775e-05,0,0,0,1
1771685775108000,1771685774950000,0,1771685774956000,0,-569.07,0.5625,0.009338379,-0.008083953,0.5755059,6.061124e-06,-1.0390777e-05,0,0,0,1
1771685775156000,1771685775002000,0,1771685775004000,0,-569.055,0.5625,-0.0071411133,-0.007995134,0.5754769,3.5445732e-06,-9.745844e-06,0,0,0,1
1771685775212000,1771685775054000,0,1771685775060000,0,-569.051,0.5625,-0.012390137,-0.008409156,0.5755059,1.0669951e-05,-9.832897e-06,0,0,0,1
1771685775260000,1771685775106000,0,1771685775108000,0,-569.042,0.5625,-0.022338867,-0.009721376,0.5754769,3.4686014e-05,-1.2174133e-05,0,0,0,1
1771685775316000,1771685775158000,0,1771685775164000,0,-569.051,0.5625,-0.014282227,-0.010151021,0.575506,1.4177576e-05,-1.2362863e-05,0,0,0,1
1771685775364000,1771685775210000,0,1771685775212000,0,-569.048,0.5625,-0.018127441,-0.010902423,0.57547694,2.2840472e-05,-1.3349884e-05,0,0,0,1
1771685775420000,1771685775262000,0,1771685775268000,0,-569.053,0.5625,-0.013977051,-0.011192062,0.575506,1.357817e-05,-1.3371389e-05,0,0,0,1
1771685775468000,1771685775314000,0,1771685775316000,0,-569.052,0.5625,-0.01574707,-0.011621157,0.57547694,1.7235805e-05,-1.3735428e-05,0,0,0,1
1771685775524000,1771685775366000,0,1771685775372000,0,-569.053,0.5625,-0.01574707,-0.012009829,0.575506,1.7234936e-05,-1.4065092e-05,0,0,0,1
1771685775572000,1771685775418000,0,1771685775420000,0,-569.051,0.5625,-0.018493652,-0.012620624,0.57547694,2.3772642e-05,-1.49795715e-05,0,0,0,1
1771685775628000,1771685775470000,0,1771685775476000,0,-569.062,0.5625,-0.008422852,-0.012225182,0.575506,4.9309256e-06,-1.4032959e-05,0,0,0,1
1771685775676000,1771685775522000,0,1771685775524000,0,-569.064,0.5625,-0.0073242188,-0.011763497,0.57547694,3.7286761e-06,-1.3062266e-05,0,0,0,1
1771685775732000,1771685775574000,0,1771685775580000,0,-569.066,0.5625,-0.0061035156,-0.01123031,0.575506,2.589228e-06,-1.2075675e-05,0,0,0,1
1771685775780000,1771685775626000,0,1771685775628000,0,-569.061,0.5625,-0.011779785,-0.011282072,0.57547694,9.645101e-06,-1.1846708e-05,0,0,0,1
1771685775836000,1771685775678000,0,1771685775684000,0,-569.053,0.5625,-0.020568848,-0.012156914,0.57550603,2.94056e-05,-1.3500807e-05,0,0,0,1
1771685775884000,1771685775730000,0,1771685775732000,0,-569.073,0.5625,-0.0010986328,-0.0111151915,0.575477,8.389521e-08,-1.2236895e-05,0,0,0,1
1771685775940000,1771685775782000,0,1771685775788000,0,-569.066,0.5625,-0.009521484,-0.0109650595,0.57550603,6.3011444e-06,-1.167773e-05,0,0,0,1
1771685775988000,1771685775834000,0,1771685775836000,0,-569.062,0.5625,-0.014404297,-0.011289045,0.575477,1.442169e-05,-1.1936219e-05,0,0,0,1
1771685776044000,1771685775886000,0,1771685775892000,0,-569.047,0.5625,-0.030456543,-0.013094679,0.57550603,6.447203e-05,-1.6885246e-05,0,0,0,1
1771685776092000,1771685775938000,0,1771685775940000,0,-569.055,0.5625,-0.022949219,-0.014023006,0.575477,3.660731e-05,-1.8743121e-05,0,0,0,1
1771685776148000,1771685775990000,0,1771685775996000,0,-569.053,0.5625,-0.025817871,-0.015134117,0.57550603,4.632879e-05,-2.1341772e-05,0,0,0,1
1771685776196000,1771685776042000,0,1771685776044000,0,-569.054,0.5625,-0.025268555,-0.01608881,0.575477,4.4380566e-05,-2.3512093e-05,0,0,0,1
1771685776252000,1771685776094000,0,1771685776100000,0,-569.046,0.5625,-0.033691406,-0.017747026,0.5755061,7.8894795e-05,-2.8729304e-05,0,0,0,1
1771685776300000,1771685776146000,0,1771685776148000,0,-569.056,0.5625,-0.023803711,-0.018317584,0.57547706,3.9384133e-05,-2.973302e-05,0,0,0,1
1771685776356000,1771685776198000,0,1771685776204000,0,-569.063,0.5625,-0.017456055,-0.018236425,0.5755061,2.1178845e-05,-2.8927192e-05,0,0,0,1
1771685776404000,1771685776250000,0,1771685776252000,0,-569.067,0.5625,-0.014221191,-0.017858177,0.57547706,1.4057366e-05,-2.7526412e-05,0,0,0,1
1771685776460000,1771685776302000,0,1771685776308000,0,-569.075,0.5625,-0.007507324,-0.016883098,0.5755061,3.917242e-06,-2.5302359e-05,0,0,0,1
1771685776508000,1771685776354000,0,1771685776356000,0,-569.077,0.5625,-0.006591797,-0.015913628,0.57547706,3.020227e-06,-2.3203318e-05,0,0,0,1
1771685776564000,1771685776406000,0,1771685776412000,0,-569.075,0.5625,-0.010009766,-0.015357467,0.5755061,6.963986e-06,-2.1673526e-05,0,0,0,1
1771685776612000,1771685776458000,0,1771685776460000,0,-569.066,0.5625,-0.020080566,-0.015802396,0.57547706,2.8027469e-05,-2.2272086e-05,0,0,0,1
1771685776668000,1771685776510000,0,1771685776516000,0,-569.089,0.5625,0.0018920898,-0.014135525,0.5755061,2.4882476e-07,-2.0150552e-05,0,0,0,1
1771685776716000,1771685776562000,0,1771685776564000,0,-569.092,0.5625,0.0036010742,-0.012464685,0.57547706,9.013555e-07,-1.81674e-05,0,0,0,1
1771685776772000,1771685776614000,0,1771685776620000,0,-569.092,0.5625,0.0020751953,-0.011094986,0.5755061,2.9931468e-07,-1.6427783e-05,0,0,0,1
1771685776820000,1771685776666000,0,1771685776668000,0,-569.083,0.5625,-0.008239746,-0.010826015,0.5754771,4.7191043e-06,-1.5324791e-05,0,0,0,1
1771685776876000,1771685776718000,0,1771685776724000,0,-569.076,0.5625,-0.016540527,-0.011364339,0.57550615,1.9015542e-05,-1.567247e-05,0,0,0,1
1771685776924000,1771685776770000,0,1771685776772000,0,-569.073,0.5625,-0.020446777,-0.012219931,0.5754771,2.9059065e-05,-1.6933527e-05,0,0,0,1
1771685776980000,1771685776822000,0,1771685776828000,0,-569.07,0.5625,-0.024414062,-0.013368653,0.57550615,4.1427636e-05,-1.9240942e-05,0,0,0,1
1771685777028000,1771685776874000,0,1771685776876000,0,-569.065,0.5625,-0.030090332,-0.014943884,0.5754771,6.293408e-05,-2.3356963e-05,0,0,0,1
1771685777084000,1771685776926000,0,1771685776932000,0,-569.074,0.5625,-0.022033691,-0.015611764,0.57550615,3.374307e-05,-2.4335364e-05,0,0,0,1
1771685777132000,1771685776978000,0,1771685776980000,0,-569.082,0.5625,-0.014831543,-0.015538265,0.5754771,1.5289897e-05,-2.3483255e-05,0,0,0,1
1771685777188000,1771685777030000,0,1771685777036000,0,-569.089,0.5625,-0.009033203,-0.01492547,0.57550615,5.671443e-06,-2.180533e-05,0,0,0,1
1771685777236000,1771685777082000,0,1771685777084000,0,-569.087,0.5625,-0.012145996,-0.014663635,0.5754771,1.0254115e-05,-2.0717172e-05,0,0,0,1
1771685777292000,1771685777134000,0,1771685777140000,0,-569.081,0.5625,-0.01940918,-0.015110679,0.57550615,2.6183301e-05,-2.1232097e-05,0,0,0,1
1771685777340000,1771685777186000,0,1771685777188000,0,-569.105,0.5625,0.0036621094,-0.013342228,0.5754771,9.3216875e-07,-1.914416e-05,0,0,0,1
1771685777396000,1771685777238000,0,1771685777244000,0,-569.12,0.5625,0.017028809,-0.010481188,0.57550615,2.0154803e-05,-1.5442083e-05,0,0,0,1
1771685777444000,1771685777290000,0,1771685777292000,0,-569.121,0.5625,0.016296387,-0.007958663,0.5754771,1.8459272e-05,-1.2248477e-05,0,0,0,1
1771685777500000,1771685777342000,0,1771685777348000,0,-569.122,0.5625,0.0154418945,-0.005754262,0.57550615,1.6573384e-05,-9.533374e-06,0,0,0,1
1771685777548000,1771685777394000,0,1771685777396000,0,-569.108,0.5625,-0.00024414062,-0.005235193,0.5754771,4.142972e-09,-8.635693e-06,0,0,0,1
1771685777604000,1771685777446000,0,1771685777452000,0,-569.105,0.5625,-0.004760742,-0.005190498,0.57550615,1.5752859e-06,-7.970582e-06,0,0,0,1
1771685777652000,1771685777498000,0,1771685777500000,0,-569.108,0.5625,-0.0028076172,-0.004966024,0.5754771,5.479081e-07,-7.2713447e-06,0,0,0,1
1771685777708000,1771685777550000,0,1771685777556000,0,-569.107,0.5625,-0.005065918,-0.0049754344,0.57550615,1.7837186e-06,-6.7543942e-06,0,0,0,1
1771685777756000,1771685777602000,0,1771685777604000,0,-569.119,0.5625,0.0060424805,-0.003937515,0.5754771,2.5378295e-06,-5.8790397e-06,0,0,0,1
1771685777812000,1771685777654000,0,1771685777660000,0,-569.099,0.5625,-0.015380859,-0.005015511,0.57550615,1.6442627e-05,-6.87416e-06,0,0,0,1
1771685777860000,1771685777706000,0,1771685777708000,0,-569.109,0.5625,-0.0061035156,-0.005118004,0.5754771,2.5893576e-06,-6.470519e-06,0,0,0,1
1771685777916000,1771685777758000,0,1771685777764000,0,-569.106,0.5625,-0.010375977,-0.0056133205,0.57550615,7.4828667e-06,-6.565885e-06,0,0,0,1
1771685777964000,1771685777810000,0,1771685777812000,0,-569.093,0.5625,-0.024291992,-0.0073729055,0.5754771,4.101646e-05,-9.81123e-06,0,0,0,1
1771685778020000,1771685777862000,0,1771685777868000,0,-569.095,0.5625,-0.023132324,-0.008857489,0.57550615,3.719192e-05,-1.239057e-05,0,0,0,1
1771685778068000,1771685777914000,0,1771685777916000,0,-569.116,0.5625,-0.0025024414,-0.008258825,0.5754771,4.35271e-07,-1.12643465e-05,0,0,0,1
1771685778124000,1771685777966000,0,1771685777972000,0,-569.11,0.5625,-0.009460449,-0.008372022,0.57550615,6.220618e-06,-1.0789213e-05,0,0,0,1
1771685778172000,1771685778018000,0,1771685778020000,0,-569.113,0.5625,-0.006958008,-0.008238818,0.5754771,3.3651293e-06,-1.0089842e-05,0,0,0,1
1771685778228000,1771685778070000,0,1771685778076000,0,-569.104,0.5625,-0.016662598,-0.009032362,0.57550615,1.9297251e-05,-1.09572065e-05,0,0,0,1
1771685778276000,1771685778122000,0,1771685778124000,0,-569.1,0.5625,-0.021118164,-0.01017088,0.5754771,3.0998755e-05,-1.2845178e-05,0,0,0,1
1771685778332000,1771685778174000,0,1771685778180000,0,-569.115,0.5625,-0.006652832,-0.00983947,0.57550615,3.0762608e-06,-1.1924918e-05,0,0,0,1
1771685778380000,1771685778226000,0,1771685778228000,0,-569.108,0.5625,-0.014404297,-0.010269489,0.5754771,1.44216865e-05,-1.2160121e-05,0,0,0,1
1771685778436000,1771685778278000,0,1771685778284000,0,-569.112,0.5625,-0.011047363,-0.010342767,0.5755062,8.482566e-06,-1.1813684e-05,0,0,0,1
1771685778484000,1771685778330000,0,1771685778332000,0,-569.133,0.5625,0.009399414,-0.008482996,0.5754771,6.1409205e-06,-1.0122309e-05,0,0,0,1
1771685778540000,1771685778382000,0,1771685778388000,0,-569.124,0.5625,-0.0007324219,-0.0077528697,0.5755062,3.7284867e-08,-9.17227e-06,0,0,0,1
1771685778588000,1771685778434000,0,1771685778436000,0,-569.118,0.5625,-0.007751465,-0.0077527375,0.5754772,4.1763747e-06,-8.701642e-06,0,0,0,1
1771685778644000,1771685778486000,0,1771685778492000,0,-569.12,0.5625,-0.006958008,-0.0076778717,0.5755062,3.3649592e-06,-8.198911e-06,0,0,0,1
1771685778692000,1771685778538000,0,1771685778540000,0,-569.121,0.5625,-0.0068969727,-0.007604309,0.5754772,3.3063504e-06,-7.738017e-06,0,0,0,1
1771685778748000,1771685778590000,0,1771685778596000,0,-569.121,0.5625,-0.0079956055,-0.00764117,0.5755062,4.4433723e-06,-7.4276522e-06,0,0,0,1
1771685778796000,1771685778642000,0,1771685778644000,0,-569.131,0.5625,0.0010986328,-0.0068178554,0.5754772,8.389518e-08,-6.7200426e-06,0,0,0,1
1771685778852000,1771685778694000,0,1771685778700000,0,-569.127,0.5625,-0.004272461,-0.006578072,0.5755062,1.2687211e-06,-6.2065124e-06,0,0,0,1
1771685778900000,1771685778746000,0,1771685778748000,0,-569.121,0.5625,-0.011291504,-0.007022091,0.5754772,8.862075e-06,-6.456674e-06,0,0,0,1
1771685778956000,1771685778798000,0,1771685778804000,0,-569.12,0.5625,-0.013366699,-0.0076197716,0.5755062,1.2418191e-05,-7.018266e-06,0,0,0,1
1771685779004000,1771685778850000,0,1771685778852000,0,-569.131,0.5625,-0.0032348633,-0.0072067007,0.5754772,7.273505e-07,-6.4256433e-06,0,0,0,1
1771685779060000,1771685778902000,0,1771685778908000,0,-569.123,0.5625,-0.012451172,-0.007700745,0.5755062,1.0775327e-05,-6.835396e-06,0,0,0,1
1771685779108000,1771685778954000,0,1771685778956000,0,-569.135,0.5625,-0.0012207031,-0.0070903064,0.5754772,1.035743e-07,-6.201239e-06,0,0,0,1
1771685779164000,1771685779006000,0,1771685779012000,0,-569.127,0.5625,-0.010681152,-0.0074285744,0.5755062,7.929507e-06,-6.364047e-06,0,0,0,1
1771685779212000,1771685779058000,0,1771685779060000,0,-569.112,0.5625,-0.026550293,-0.009229896,0.5754772,4.8997117e-05,-1.0380206e-05,0,0,0,1
1771685779268000,1771685779110000,0,1771685779116000,0,-569.12,0.5625,-0.019348145,-0.010183064,0.5755062,2.601888e-05,-1.1853414e-05,0,0,0,1
1771685779316000,1771685779162000,0,1771685779164000,0,-569.124,0.5625,-0.016052246,-0.010735958,0.5754772,1.7910326e-05,-1.2423993e-05,0,0,0,1
1771685779372000,1771685779214000,0,1771685779220000,0,-569.122,0.5625,-0.019104004,-0.011524253,0.5755062,2.5366397e-05,-1.3643205e-05,0,0,0,1
1771685779420000,1771685779266000,0,1771685779268000,0,-569.13,0.5625,-0.011352539,-0.011508076,0.5754772,8.958141e-06,-1.3201859e-05,0,0,0,1
1771685779476000,1771685779318000,0,1771685779324000,0,-569.126,0.5625,-0.016052246,-0.0119361505,0.5755062,1.7909422e-05,-1.36453245e-05,0,0,0,1
1771685779524000,1771685779370000,0,1771685779372000,0,-569.135,0.5625,-0.007446289,-0.011513192,0.5754772,3.8539997e-06,-1.2722953e-05,0,0,0,1
1771685779580000,1771685779422000,0,1771685779428000,0,-569.133,0.5625,-0.010131836,-0.011383064,0.5755062,7.1348736e-06,-1.21965395e-05,0,0,0,1
1771685779628000,1771685779474000,0,1771685779476000,0,-569.14,0.5625,-0.003540039,-0.010644228,0.5754772,8.7105985e-07,-1.1129647e-05,0,0,0,1
1771685779684000,1771685779526000,0,1771685779532000,0,-569.122,0.5625,-0.022338867,-0.011745897,0.5755062,3.4684246e-05,-1.3348558e-05,0,0,0,1
1771685779732000,1771685779578000,0,1771685779580000,0,-569.13,0.5625,-0.014587402,-0.012013575,0.5754772,1.47906685e-05,-1.34844095e-05,0,0,0,1
1771685779788000,1771685779630000,0,1771685779636000,0,-569.136,0.5625,-0.009277344,-0.011755814,0.5755062,5.9821496e-06,-1.2777675e-05,0,0,0,1
1771685779836000,1771685779682000,0,1771685779684000,0,-569.141,0.5625,-0.0049438477,-0.0111141065,0.5754772,1.6988774e-06,-1.173402e-05,0,0,0,1
1771685779892000,1771685779734000,0,1771685779740000,0,-569.14,0.5625,-0.0072021484,-0.010745589,0.5755062,3.6052395e-06,-1.0968265e-05,0,0,0,1
1771685779940000,1771685779786000,0,1771685779788000,0,-569.131,0.5625,-0.017150879,-0.011348986,0.5754772,2.0445825e-05,-1.1861079e-05,0,0,0,1
1771685779996000,1771685779838000,0,1771685779844000,0,-569.138,0.5625,-0.011108398,-0.011326322,0.5755062,8.576555e-06,-1.1551667e-05,0,0,0,1
1771685780044000,1771685779890000,0,1771685779892000,0,-569.119,0.5625,-0.030944824,-0.013174443,0.5754772,6.655917e-05,-1.6733535e-05,0,0,0,1
1771685780100000,1771685779942000,0,1771685779948000,0,-569.124,0.5625,-0.026672363,-0.014445986,0.5755062,4.9446207e-05,-1.9815163e-05,0,0,0,1
1771685780148000,1771685779994000,0,1771685779996000,0,-569.125,0.5625,-0.026245117,-0.015557498,0.5754772,4.787722e-05,-2.2458691e-05,0,0,0,1
1771685780204000,1771685780046000,0,1771685780052000,0,-569.112,0.5625,-0.040039062,-0.017863732,0.5755062,0.00011142375,-3.083946e-05,0,0,0,1
1771685780252000,1771685780098000,0,1771685780100000,0,-569.136,0.5625,-0.016174316,-0.017704584,0.5754772,1.8183762e-05,-2.9647255e-05,0,0,0,1
1771685780308000,1771685780150000,0,1771685780156000,0,-569.121,0.5625,-0.032165527,-0.019066846,0.5755062,7.191034e-05,-3.362856e-05,0,0,0,1
1771685780356000,1771685780202000,0,1771685780204000,0,-569.128,0.5625,-0.02532959,-0.019656815,0.5754772,4.459521e-05,-3.466165e-05,0,0,0,1
1771685780412000,1771685780254000,0,1771685780260000,0,-569.153,0.5625,-0.0010986328,-0.01790858,0.5755062,8.3890946e-08,-3.1404325e-05,0,0,0,1
1771685780460000,1771685780306000,0,1771685780308000,0,-569.139,0.5625,-0.016174316,-0.017745208,0.5754772,1.8183762e-05,-3.015891e-05,0,0,0,1
1771685780516000,1771685780358000,0,1771685780364000,0,-569.139,0.5625,-0.017211914,-0.01769497,0.5755062,2.0590567e-05,-2.9257544e-05,0,0,0,1
1771685780564000,1771685780410000,0,1771685780412000,0,-569.15,0.5625,-0.006713867,-0.016660519,0.5754772,3.1331224e-06,-2.6796548e-05,0,0,0,1
1771685780620000,1771685780462000,0,1771685780468000,0,-569.161,0.5625,0.0030517578,-0.014803565,0.5755062,6.473067e-07,-2.4211256e-05,0,0,0,1
1771685780668000,1771685780514000,0,1771685780516000,0,-569.157,0.5625,-0.0021972656,-0.013616015,0.5754772,3.3558072e-07,-2.1962098e-05,0,0,0,1
1771685780724000,1771685780566000,0,1771685780572000,0,-569.158,0.5625,-0.0026245117,-0.012580584,0.5755062,4.7874806e-07,-1.9938303e-05,0,0,0,1
1771685780772000,1771685780618000,0,1771685780620000,0,-569.161,0.5625,-0.00079345703,-0.011470202,0.5754771,4.3760142e-08,-1.806418e-05,0,0,0,1
1771685780828000,1771685780670000,0,1771685780676000,0,-569.17,0.5625,0.006652832,-0.00976296,0.57550615,3.0762608e-06,-1.6072689e-05,0,0,0,1
1771685780876000,1771685780722000,0,1771685780724000,0,-569.164,0.5625,-0.0007324219,-0.008912257,0.5754771,3.728675e-08,-1.4562107e-05,0,0,0,1
1771685780932000,1771685780774000,0,1771685780780000,0,-569.155,0.5625,-0.011230469,-0.009130639,0.57550615,8.766087e-06,-1.40161055e-05,0,0,0,1
1771685780980000,1771685780826000,0,1771685780828000,0,-569.16,0.5625,-0.0073242188,-0.008960469,0.5754771,3.728675e-06,-1.3047e-05,0,0,0,1
1771685781036000,1771685780878000,0,1771685780884000,0,-569.16,0.5625,-0.008605957,-0.008927072,0.57550615,5.1476427e-06,-1.2302858e-05,0,0,0,1
1771685781084000,1771685780930000,0,1771685780932000,0,-569.163,0.5625,-0.006591797,-0.008707083,0.5754771,3.0202268e-06,-1.1428407e-05,0,0,0,1
1771685781140000,1771685780982000,0,1771685780988000,0,-569.17,0.5625,-0.0010986328,-0.007990344,0.57550615,8.389096e-08,-1.035972e-05,0,0,0,1
1771685781188000,1771685781034000,0,1771685781036000,0,-569.166,0.5625,-0.0064697266,-0.007847098,0.5754771,2.9094022e-06,-9.657879e-06,0,0,0,1
1771685781244000,1771685781086000,0,1771685781092000,0,-569.16,0.5625,-0.014099121,-0.008436057,0.57550615,1.3816375e-05,-1.0049621e-05,0,0,0,1
1771685781292000,1771685781138000,0,1771685781140000,0,-569.166,0.5625,-0.008972168,-0.00848656,0.5754771,5.595343e-06,-9.630015e-06,0,0,0,1
1771685781348000,1771685781190000,0,1771685781196000,0,-569.169,0.5625,-0.0072631836,-0.008371314,0.57550615,3.6666047e-06,-9.068244e-06,0,0,0,1
1771685781396000,1771685781242000,0,1771685781244000,0,-569.15,0.5625,-0.027282715,-0.010152823,0.5754771,5.1737694e-05,-1.3087831e-05,0,0,0,1
1771685781452000,1771685781294000,0,1771685781300000,0,-569.158,0.5625,-0.020202637,-0.011099545,0.57550615,2.8367831e-05,-1.4527252e-05,0,0,0,1
1771685781500000,1771685781346000,0,1771685781348000,0,-569.153,0.5625,-0.026062012,-0.012509054,0.5754771,4.72115e-05,-1.7606202e-05,0,0,0,1
1771685781556000,1771685781398000,0,1771685781404000,0,-569.148,0.5625,-0.031982422,-0.014343501,0.57550615,7.1093964e-05,-2.2644905e-05,0,0,0,1
1771685781604000,1771685781450000,0,1771685781452000,0,-569.164,0.5625,-0.016540527,-0.014550467,0.5754771,1.9016501e-05,-2.2303098e-05,0,0,0,1
1771685781660000,1771685781502000,0,1771685781508000,0,-569.177,0.5625,-0.004699707,-0.013622497,0.57550615,1.5351528e-06,-2.0346697e-05,0,0,0,1
1771685781708000,1771685781554000,0,1771685781556000,0,-569.172,0.5625,-0.010864258,-0.013362663,0.5754771,8.204121e-06,-1.9202831e-05,0,0,0,1
1771685781764000,1771685781606000,0,1771685781612000,0,-569.183,0.5625,-0.0012207031,-0.012218855,0.5755061,1.0356909e-07,-1.7403625e-05,0,0,0,1
1771685781812000,1771685781658000,0,1771685781660000,0,-569.183,0.5625,-0.0025024414,-0.011303541,0.57547706,4.3527106e-07,-1.5805157e-05,0,0,0,1
1771685781868000,1771685781710000,0,1771685781716000,0,-569.169,0.5625,-0.017944336,-0.011929124,0.5755061,2.2380245e-05,-1.642455e-05,0,0,0,1
1771685781916000,1771685781762000,0,1771685781764000,0,-569.19,0.5625,0.0021972656,-0.010598376,0.57547706,3.3558078e-07,-1.48456975e-05,0,0,0,1
1771685781972000,1771685781814000,0,1771685781820000,0,-569.168,0.5625,-0.021362305,-0.01161237,0.5755061,3.1718035e-05,-1.643512e-05,0,0,0,1
1771685782020000,1771685781866000,0,1771685781868000,0,-569.184,0.5625,-0.006164551,-0.011099169,0.57547706,2.641404e-06,-1.5135713e-05,0,0,0,1
1771685782076000,1771685781918000,0,1771685781924000,0,-569.181,0.5625,-0.010498047,-0.011042542,0.5755061,7.65997e-06,-1.4431476e-05,0,0,0,1
1771685782124000,1771685781970000,0,1771685781972000,0,-569.183,0.5625,-0.0095825195,-0.010905003,0.57547706,6.382508e-06,-1.367324e-05,0,0,0,1
1771685782180000,1771685782022000,0,1771685782028000,0,-569.188,0.5625,-0.005859375,-0.010429691,0.5755061,2.386232e-06,-1.2609971e-05,0,0,0,1
1771685782228000,1771685782074000,0,1771685782076000,0,-569.176,0.5625,-0.018920898,-0.011229587,0.57547706,2.488373e-05,-1.3766195e-05,0,0,0,1
1771685782284000,1771685782126000,0,1771685782132000,0,-569.189,0.5625,-0.0073242188,-0.01086169,0.5755061,3.7284874e-06,-1.2820614e-05,0,0,0,1
1771685782332000,1771685782178000,0,1771685782180000,0,-569.198,0.5625,0.00024414062,-0.009815489,0.57547706,4.1429726e-09,-1.1612485e-05,0,0,0,1
1771685782388000,1771685782230000,0,1771685782236000,0,-569.198,0.5625,-0.0017700195,-0.009057582,0.5755061,2.1775402e-07,-1.0539068e-05,0,0,0,1
1771685782436000,1771685782282000,0,1771685782284000,0,-569.2,0.5625,-0.0016479492,-0.008359574,0.57547706,1.8876419e-07,-9.564039e-06,0,0,0,1
1771685782492000,1771685782334000,0,1771685782340000,0,-569.205,0.5625,0.0010986328,-0.007468583,0.5755061,8.389097e-08,-8.655176e-06,0,0,0,1
1771685782540000,1771685782386000,0,1771685782388000,0,-569.2,0.5625,-0.0061035156,-0.0073399898,0.57547706,2.589358e-06,-8.083759e-06,0,0,0,1
1771685782596000,1771685782438000,0,1771685782444000,0,-569.211,0.5625,0.0024414062,-0.0064185536,0.5755061,4.1427637e-07,-7.2832195e-06,0,0,0,1
1771685782644000,1771685782490000,0,1771685782492000,0,-569.211,0.5625,0.0004272461,-0.0057736593,0.57547706,1.2687854e-08,-6.595924e-06,0,0,0,1
1771685782700000,1771685782542000,0,1771685782548000,0,-569.216,0.5625,0.003479004,-0.0049020313,0.5755061,8.4123997e-07,-5.8953215e-06,0,0,0,1
1771685782748000,1771685782594000,0,1771685782596000,0,-569.221,0.5625,0.006713867,-0.0038077799,0.57547706,3.133123e-06,-5.0448157e-06,0,0,0,1
1771685782804000,1771685782646000,0,1771685782652000,0,-569.202,0.5625,-0.014343262,-0.004800253,0.57550615,1.42990075e-05,-5.9165877e-06,0,0,0,1
1771685782852000,1771685782698000,0,1771685782700000,0,-569.197,0.5625,-0.020385742,-0.0062684515,0.5754771,2.8885837e-05,-8.0803575e-06,0,0,0,1
1771685782908000,1771685782750000,0,1771685782756000,0,-569.213,0.5625,-0.005493164,-0.006195417,0.5755062,2.0972736e-06,-7.5167336e-06,0,0,0,1
1771685782956000,1771685782802000,0,1771685782804000,0,-569.214,0.5625,-0.005493164,-0.006129263,0.5754772,2.0973796e-06,-7.0062147e-06,0,0,0,1
1771685783012000,1771685782854000,0,1771685782860000,0,-569.217,0.5625,-0.0034179688,-0.005873851,0.5755063,8.1198135e-07,-6.4226997e-06,0,0,0,1
1771685783060000,1771685782906000,0,1771685782908000,0,-569.222,0.5625,0.0007324219,-0.005251521,0.57547736,3.7286735e-08,-5.8141504e-06,0,0,0,1
1771685783116000,1771685782958000,0,1771685782964000,0,-569.226,0.5625,0.0036621094,-0.004411831,0.5755065,9.3212117e-07,-5.178632e-06,0,0,0,1
1771685783164000,1771685783010000,0,1771685783012000,0,-569.232,0.5625,0.009033203,-0.0031452696,0.5754776,5.6717245e-06,-4.1564967e-06,0,0,0,1
1771685783220000,1771685783062000,0,1771685783068000,0,-569.224,0.5625,0.00024414062,-0.0028259773,0.57550675,4.142759e-09,-3.7645525e-06,0,0,0,1
1771685783268000,1771685783114000,0,1771685783116000,0,-569.217,0.5625,-0.0072631836,-0.003243975,0.5754779,3.6667846e-06,-3.7553425e-06,0,0,0,1
1771685783324000,1771685783166000,0,1771685783172000,0,-569.213,0.5625,-0.01171875,-0.0040423237,0.57550716,9.5449095e-06,-4.3007367e-06,0,0,0,1
1771685783372000,1771685783218000,0,1771685783220000,0,-569.215,0.5625,-0.010009766,-0.004604474,0.5754783,6.964322e-06,-4.551654e-06,0,0,0,1
1771685783428000,1771685783270000,0,1771685783276000,0,-569.212,0.5625,-0.013549805,-0.00544715,0.57550764,1.2760714e-05,-5.3249714e-06,0,0,0,1
1771685783476000,1771685783322000,0,1771685783324000,0,-569.217,0.5625,-0.008483887,-0.0057332194,0.5754788,5.0028834e-06,-5.29463e-06,0,0,0,1
1771685783532000,1771685783374000,0,1771685783380000,0,-569.208,0.5625,-0.017578125,-0.006849044,0.57550824,2.1476008e-05,-6.8189624e-06,0,0,0,1
1771685783580000,1771685783426000,0,1771685783428000,0,-569.206,0.5625,-0.01940918,-0.008032246,0.57547945,2.6184516e-05,-8.643254e-06,0,0,0,1
1771685783636000,1771685783478000,0,1771685783484000,0,-569.209,0.5625,-0.016296387,-0.008810752,0.5755089,1.8458253e-05,-9.567855e-06,0,0,0,1
1771685783684000,1771685783530000,0,1771685783532000,0,-569.21,0.5625,-0.015136719,-0.0094066765,0.5754802,1.59255e-05,-1.0166764e-05,0,0,0,1
1771685783740000,1771685783582000,0,1771685783588000,0,-569.204,0.5625,-0.021118164,-0.010509932,0.5755097,3.0997e-05,-1.2129032e-05,0,0,0,1
1771685783788000,1771685783634000,0,1771685783636000,0,-569.199,0.5625,-0.0256958,-0.011940485,0.57548106,4.589372e-05,-1.5309764e-05,0,0,0,1
1771685783844000,1771685783686000,0,1771685783692000,0,-569.204,0.5625,-0.020324707,-0.012730303,0.5755107,2.8711454e-05,-1.6572243e-05,0,0,0,1
1771685783892000,1771685783738000,0,1771685783740000,0,-569.209,0.5625,-0.014709473,-0.012916747,0.5754821,1.503912e-05,-1.6427819e-05,0,0,0,1
1771685783948000,1771685783790000,0,1771685783796000,0,-569.212,0.5625,-0.011169434,-0.012752145,0.5755117,8.670979e-06,-1.5697102e-05,0,0,0,1
1771685783996000,1771685783842000,0,1771685783844000,0,-569.206,0.5625,-0.016601562,-0.013114771,0.57548314,1.9156903e-05,-1.6023025e-05,0,0,0,1
1771685784052000,1771685783894000,0,1771685783900000,0,-569.202,0.5625,-0.019897461,-0.01375372,0.5755128,2.7516951e-05,-1.7105785e-05,0,0,0,1
1771685784100000,1771685783946000,0,1771685783948000,0,-569.204,0.5625,-0.017211914,-0.014079492,0.5754843,2.0591353e-05,-1.7434137e-05,0,0,0,1
1771685784156000,1771685783998000,0,1771685784004000,0,-569.208,0.5625,-0.012634277,-0.013943348,0.575514,1.10944275e-05,-1.6836917e-05,0,0,0,1
1771685784204000,1771685784050000,0,1771685784052000,0,-569.209,0.5625,-0.011108398,-0.013676288,0.57548547,8.576864e-06,-1.6058795e-05,0,0,0,1
1771685784260000,1771685784102000,0,1771685784108000,0,-569.215,0.5625,-0.0045166016,-0.012813418,0.5755153,1.4178382e-06,-1.4679575e-05,0,0,0,1
1771685784308000,1771685784154000,0,1771685784156000,0,-569.215,0.5625,-0.0040283203,-0.011985837,0.5754867,1.1279054e-06,-1.3402968e-05,0,0,0,1
1771685784364000,1771685784206000,0,1771685784212000,0,-569.207,0.5625,-0.012145996,-0.012000924,0.5755166,1.0253412e-05,-1.3106271e-05,0,0,0,1
1771685784412000,1771685784258000,0,1771685784260000,0,-569.218,0.5625,-0.00079345703,-0.010945148,0.57548803,4.3759318e-08,-1.1875744e-05,0,0,0,1
1771685784468000,1771685784310000,0,1771685784316000,0,-569.226,0.5625,0.0071411133,-0.00924137,0.5755179,3.5443206e-06,-1.0423129e-05,0,0,0,1
1771685784516000,1771685784362000,0,1771685784364000,0,-569.22,0.5625,0.0009765625,-0.00827881,0.57548934,6.628615e-08,-9.434996e-06,0,0,0,1
1771685784572000,1771685784414000,0,1771685784420000,0,-569.218,0.5625,-0.0009765625,-0.0075909174,0.57551914,6.6282716e-08,-8.552436e-06,0,0,0,1
1771685784620000,1771685784466000,0,1771685784468000,0,-569.209,0.5625,-0.0099487305,-0.00781303,0.5754906,6.8795034e-06,-8.394841e-06,0,0,0,1
1771685784676000,1771685784518000,0,1771685784524000,0,-569.198,0.5625,-0.020690918,-0.009026164,0.5755204,2.975492e-05,-1.0407022e-05,0,0,0,1
1771685784724000,1771685784570000,0,1771685784572000,0,-569.203,0.5625,-0.015075684,-0.009596046,0.57549185,1.5797008e-05,-1.0914775e-05,0,0,0,1
1771685784780000,1771685784622000,0,1771685784628000,0,-569.187,0.5625,-0.030700684,-0.011584165,0.57552165,6.550801e-05,-1.6057616e-05,0,0,0,1
1771685784828000,1771685784674000,0,1771685784676000,0,-569.198,0.5625,-0.018859863,-0.0122695565,0.575493,2.4722765e-05,-1.6873899e-05,0,0,0,1
1771685784884000,1771685784726000,0,1771685784732000,0,-569.197,0.5625,-0.01953125,-0.012953629,0.5755227,2.6512922e-05,-1.7781922e-05,0,0,0,1
1771685784932000,1771685784778000,0,1771685784780000,0,-569.195,0.5625,-0.02130127,-0.013740001,0.57549405,3.1537707e-05,-1.9077757e-05,0,0,0,1
1771685784988000,1771685784830000,0,1771685784836000,0,-569.192,0.5625,-0.024414062,-0.014745529,0.5755238,4.1426363e-05,-2.1183061e-05,0,0,0,1
1771685785036000,1771685784882000,0,1771685784884000,0,-569.187,0.5625,-0.02947998,-0.016133556,0.57549506,6.0404982e-05,-2.487788e-05,0,0,0,1
1771685785092000,1771685784934000,0,1771685784940000,0,-569.196,0.5625,-0.020751953,-0.016568623,0.57552475,2.9930497e-05,-2.5353851e-05,0,0,0,1
1771685785140000,1771685784986000,0,1771685784988000,0,-569.186,0.5625,-0.031433105,-0.0179689,0.575496,6.867398e-05,-2.9434734e-05,0,0,0,1
1771685785196000,1771685785038000,0,1771685785044000,0,-569.194,0.5625,-0.024414062,-0.018576054,0.5755257,4.1426225e-05,-3.0564366e-05,0,0,0,1
1771685785244000,1771685785090000,0,1771685785092000,0,-569.203,0.5625,-0.016601562,-0.01839005,0.575497,1.9156443e-05,-2.9489707e-05,0,0,0,1
1771685785300000,1771685785142000,0,1771685785148000,0,-569.211,0.5625,-0.010681152,-0.01766385,0.5755267,7.929224e-06,-2.7458647e-05,0,0,0,1
1771685785348000,1771685785194000,0,1771685785196000,0,-569.196,0.5625,-0.027526855,-0.018592974,0.575498,5.2665888e-05,-2.9833243e-05,0,0,0,1
1771685785404000,1771685785246000,0,1771685785252000,0,-569.193,0.5625,-0.032592773,-0.019911796,0.5755278,7.383059e-05,-3.397792e-05,0,0,0,1
1771685785452000,1771685785298000,0,1771685785300000,0,-569.204,0.5625,-0.02319336,-0.020220928,0.5754991,3.7388898e-05,-3.4299246e-05,0,0,0,1
1771685785508000,1771685785350000,0,1771685785356000,0,-569.196,0.5625,-0.033081055,-0.021432389,0.57552904,7.605915e-05,-3.823315e-05,0,0,0,1
1771685785556000,1771685785402000,0,1771685785404000,0,-569.197,0.5625,-0.03289795,-0.022512477,0.5755004,7.522324e-05,-4.171772e-05,0,0,0,1
1771685785612000,1771685785454000,0,1771685785460000,0,-569.201,0.5625,-0.029663086,-0.023186086,0.57553047,6.115392e-05,-4.354867e-05,0,0,0,1
1771685785660000,1771685785506000,0,1771685785508000,0,-569.212,0.5625,-0.018615723,-0.022755545,0.5755019,2.4086461e-05,-4.1715273e-05,0,0,0,1
1771685785716000,1771685785558000,0,1771685785564000,0,-569.207,0.5625,-0.023498535,-0.022825537,0.5755321,3.837709e-05,-4.1400806e-05,0,0,0,1
1771685785764000,1771685785610000,0,1771685785612000,0,-569.208,0.5625,-0.021606445,-0.022710696,0.57550365,3.24473e-05,-4.055736e-05,0,0,0,1
1771685785820000,1771685785662000,0,1771685785668000,0,-569.211,0.5625,-0.017456055,-0.022215694,0.57553387,2.1177822e-05,-3.873175e-05,0,0,0,1
1771685785868000,1771685785714000,0,1771685785716000,0,-569.212,0.5625,-0.015136719,-0.021548834,0.57550544,1.5924801e-05,-3.6583268e-05,0,0,0,1
1771685785924000,1771685785766000,0,1771685785772000,0,-569.208,0.5625,-0.017333984,-0.021151783,0.5755358,2.0882595e-05,-3.5104218e-05,0,0,0,1
1771685785972000,1771685785818000,0,1771685785820000,0,-569.215,0.5625,-0.008483887,-0.01995843,0.57550734,5.002635e-06,-3.2268563e-05,0,0,0,1
1771685786028000,1771685785870000,0,1771685785876000,0,-569.19,0.5625,-0.03149414,-0.021045128,0.5755377,6.893595e-05,-3.5722736e-05,0,0,0,1
1771685786076000,1771685785922000,0,1771685785924000,0,-569.192,0.5625,-0.02722168,-0.021626977,0.57550925,5.150359e-05,-3.720934e-05,0,0,0,1
1771685786132000,1771685785974000,0,1771685785980000,0,-569.178,0.5625,-0.03918457,-0.023280954,0.5755396,0.00010671242,-4.375673e-05,0,0,0,1
1771685786180000,1771685786026000,0,1771685786028000,0,-569.181,0.5625,-0.033935547,-0.024284648,0.5755111,8.0041646e-05,-4.717487e-05,0,0,0,1
1771685786236000,1771685786078000,0,1771685786084000,0,-569.184,0.5625,-0.029418945,-0.024768313,0.57554144,6.0150272e-05,-4.8397193e-05,0,0,0,1
1771685786284000,1771685786130000,0,1771685786132000,0,-569.184,0.5625,-0.028442383,-0.02511442,0.5755129,5.6225963e-05,-4.9134687e-05,0,0,0,1
1771685786340000,1771685786182000,0,1771685786188000,0,-569.181,0.5625,-0.031188965,-0.02568666,0.57554317,6.7605804e-05,-5.087472e-05,0,0,0,1
1771685786388000,1771685786234000,0,1771685786236000,0,-569.181,0.5625,-0.031188965,-0.026204994,0.57551455,6.7609166e-05,-5.2451156e-05,0,0,0,1
1771685786444000,1771685786286000,0,1771685786292000,0,-569.181,0.5625,-0.031677246,-0.026720496,0.57554483,6.973899e-05,-5.407972e-05,0,0,0,1
1771685786492000,1771685786338000,0,1771685786340000,0,-569.183,0.5625,-0.030395508,-0.027066693,0.5755162,6.421275e-05,-5.503428e-05,0,0,0,1
1771685786548000,1771685786390000,0,1771685786396000,0,-569.194,0.5625,-0.020690918,-0.026466075,0.57554656,2.9753566e-05,-5.2652766e-05,0,0,0,1
1771685786596000,1771685786442000,0,1771685786444000,0,-569.196,0.5625,-0.020324707,-0.025887541,0.57551795,2.871109e-05,-5.039739e-05,0,0,0,1
1771685786652000,1771685786494000,0,1771685786500000,0,-569.19,0.5625,-0.028381348,-0.026122466,0.57554835,5.5981458e-05,-5.0923427e-05,0,0,0,1
1771685786700000,1771685786546000,0,1771685786548000,0,-569.186,0.5625,-0.03387451,-0.02685273,0.57551986,7.975277e-05,-5.3639236e-05,0,0,0,1
1771685786756000,1771685786598000,0,1771685786604000,0,-569.191,0.5625,-0.030395508,-0.02718647,0.5755504,6.420893e-05,-5.4634933e-05,0,0,0,1
1771685786804000,1771685786650000,0,1771685786652000,0,-569.18,0.5625,-0.04248047,-0.02862721,0.5755219,0.00012542287,-6.130336e-05,0,0,0,1
1771685786860000,1771685786702000,0,1771685786708000,0,-569.19,0.5625,-0.033325195,-0.029069774,0.5755525,7.718278e-05,-6.279925e-05,0,0,0,1
1771685786908000,1771685786754000,0,1771685786756000,0,-569.188,0.5625,-0.035827637,-0.029706385,0.5755242,8.9213936e-05,-6.528759e-05,0,0,0,1
1771685786964000,1771685786806000,0,1771685786812000,0,-569.189,0.5625,-0.035095215,-0.030214028,0.57555497,8.559906e-05,-6.720099e-05,0,0,0,1
1771685787012000,1771685786858000,0,1771685786860000,0,-569.206,0.5625,-0.0178833,-0.029052438,0.5755267,2.2227461e-05,-6.2964355e-05,0,0,0,1
1771685787068000,1771685786910000,0,1771685786916000,0,-569.194,0.5625,-0.030090332,-0.02915021,0.5755576,6.292528e-05,-6.296067e-05,0,0,0,1
1771685787116000,1771685786962000,0,1771685786964000,0,-569.197,0.5625,-0.026306152,-0.028882291,0.5755294,4.8095797e-05,-6.156036e-05,0,0,0,1
1771685787172000,1771685787014000,0,1771685787020000,0,-569.208,0.5625,-0.014343262,-0.027512673,0.5755604,1.429766e-05,-5.7108075e-05,0,0,0,1
1771685787220000,1771685787066000,0,1771685787068000,0,-569.198,0.5625,-0.023498535,-0.02713453,0.5755322,3.8377082e-05,-5.534356e-05,0,0,0,1
1771685787276000,1771685787118000,0,1771685787124000,0,-569.198,0.5625,-0.022094727,-0.026659766,0.5755633,3.39269e-05,-5.332605e-05,0,0,0,1
1771685787324000,1771685787170000,0,1771685787172000,0,-569.193,0.5625,-0.025512695,-0.026551709,0.5755351,4.5237735e-05,-5.2564108e-05,0,0,0,1
1771685787380000,1771685787222000,0,1771685787228000,0,-569.195,0.5625,-0.021484375,-0.026074352,0.57556623,3.2078213e-05,-5.0634277e-05,0,0,0,1
1771685787428000,1771685787274000,0,1771685787276000,0,-569.195,0.5625,-0.019226074,-0.025429225,0.575538,2.5690184e-05,-4.828447e-05,0,0,0,1
1771685787484000,1771685787326000,0,1771685787332000,0,-569.208,0.5625,-0.0038452148,-0.023395948,0.575569,1.0275521e-06,-4.383273e-05,0,0,0,1
1771685787532000,1771685787378000,0,1771685787380000,0,-569.199,0.5625,-0.011047363,-0.022232676,0.57554066,8.482059e-06,-4.0502593e-05,0,0,0,1
1771685787588000,1771685787430000,0,1771685787436000,0,-569.192,0.5625,-0.01586914,-0.021633212,0.5755716,1.7501185e-05,-3.8335795e-05,0,0,0,1
1771685787636000,1771685787482000,0,1771685787484000,0,-569.179,0.5625,-0.026672363,-0.022107914,0.57554305,4.944304e-05,-3.938213e-05,0,0,0,1
1771685787692000,1771685787534000,0,1771685787540000,0,-569.17,0.5625,-0.033325195,-0.023164615,0.57557374,7.717994e-05,-4.2942793e-05,0,0,0,1
1771685787740000,1771685787586000,0,1771685787588000,0,-569.182,0.5625,-0.019104004,-0.022782093,0.57554495,2.5364689e-05,-4.1286883e-05,0,0,0,1
1771685787796000,1771685787638000,0,1771685787644000,0,-569.19,0.5625,-0.009521484,-0.021532904,0.5755754,6.300385e-06,-3.7991053e-05,0,0,0,1
1771685787844000,1771685787690000,0,1771685787692000,0,-569.18,0.5625,-0.018188477,-0.02121785,0.5755463,2.2991766e-05,-3.6578076e-05,0,0,0,1
1771685787900000,1771685787742000,0,1771685787748000,0,-569.182,0.5625,-0.014953613,-0.02062774,0.57557636,1.553994e-05,-3.459622e-05,0,0,0,1
1771685787948000,1771685787794000,0,1771685787796000,0,-569.172,0.5625,-0.02368164,-0.020915426,0.575547,3.8976494e-05,-3.5008856e-05,0,0,0,1
1771685788004000,1771685787846000,0,1771685787852000,0,-569.179,0.5625,-0.015563965,-0.020411303,0.57557666,1.6834387e-05,-3.329677e-05,0,0,0,1
1771685788052000,1771685787898000,0,1771685787900000,0,-569.173,0.5625,-0.020812988,-0.020449143,0.57554704,3.0105653e-05,-3.2996155e-05,0,0,0,1
1771685788108000,1771685787950000,0,1771685787956000,0,-569.147,0.5625,-0.046020508,-0.02285804,0.5755763,0.00014718376,-4.375296e-05,0,0,0,1
1771685788156000,1771685788002000,0,1771685788004000,0,-569.164,0.5625,-0.027526855,-0.023297856,0.5755464,5.2661457e-05,-4.4592165e-05,0,0,0,1
1771685788212000,1771685788054000,0,1771685788060000,0,-569.169,0.5625,-0.021911621,-0.023167267,0.5755754,3.3366203e-05,-4.353465e-05,0,0,0,1
1771685788260000,1771685788106000,0,1771685788108000,0,-569.176,0.5625,-0.014465332,-0.02234752,0.5755453,1.454244e-05,-4.0803498e-05,0,0,0,1
1771685788316000,1771685788158000,0,1771685788164000,0,-569.181,0.5625,-0.009521484,-0.02113927,0.57557404,6.3004e-06,-3.7553207e-05,0,0,0,1
1771685788364000,1771685788210000,0,1771685788212000,0,-569.173,0.5625,-0.01763916,-0.02080955,0.57554376,2.1624071e-05,-3.6052636e-05,0,0,0,1
1771685788420000,1771685788262000,0,1771685788268000,0,-569.182,0.5625,-0.008850098,-0.019682935,0.57557225,5.443225e-06,-3.316914e-05,0,0,0,1
1771685788468000,1771685788314000,0,1771685788316000,0,-569.189,0.5625,-0.0022583008,-0.018041484,0.57554185,3.5444322e-07,-3.0077901e-05,0,0,0,1
1771685788524000,1771685788366000,0,1771685788372000,0,-569.185,0.5625,-0.0072631836,-0.017026138,0.57557017,3.6661966e-06,-2.7589842e-05,0,0,0,1
1771685788572000,1771685788418000,0,1771685788420000,0,-569.188,0.5625,-0.0048217773,-0.015876452,0.57553965,1.6158425e-06,-2.5143016e-05,0,0,0,1
1771685788628000,1771685788470000,0,1771685788476000,0,-569.179,0.5625,-0.014709473,-0.015766518,0.57556784,1.5036878e-05,-2.4190987e-05,0,0,0,1
1771685788676000,1771685788522000,0,1771685788524000,0,-569.184,0.5625,-0.010253906,-0.015247215,0.57553726,7.3074393e-06,-2.2600509e-05,0,0,0,1
1771685788732000,1771685788574000,0,1771685788580000,0,-569.181,0.5625,-0.014282227,-0.01515631,0.57556534,1.4176114e-05,-2.1806905e-05,0,0,0,1
1771685788780000,1771685788626000,0,1771685788628000,0,-569.178,0.5625,-0.018188477,-0.015441949,0.5755347,2.2992232e-05,-2.1918566e-05,0,0,0,1
1771685788836000,1771685788678000,0,1771685788684000,0,-569.176,0.5625,-0.02142334,-0.016005414,0.5755627,3.18964e-05,-2.2858507e-05,0,0,0,1
1771685788884000,1771685788730000,0,1771685788732000,0,-569.18,0.5625,-0.018371582,-0.016228313,0.5755321,2.34576e-05,-2.2914943e-05,0,0,0,1
1771685788940000,1771685788782000,0,1771685788788000,0,-569.175,0.5625,-0.024658203,-0.017022433,0.57556003,4.225637e-05,-2.473696e-05,0,0,0,1
1771685788988000,1771685788834000,0,1771685788836000,0,-569.186,0.5625,-0.014587402,-0.016793046,0.5755294,1.4789326e-05,-2.3799865e-05,0,0,0,1
1771685789044000,1771685788886000,0,1771685788892000,0,-569.186,0.5625,-0.016113281,-0.01672901,0.5755573,1.8044273e-05,-2.3257671e-05,0,0,0,1
1771685789092000,1771685788938000,0,1771685788940000,0,-569.184,0.5625,-0.019165039,-0.016958492,0.5755267,2.552783e-05,-2.3471526e-05,0,0,0,1
1771685789148000,1771685788990000,0,1771685788996000,0,-569.192,0.5625,-0.012512207,-0.016539639,0.57555455,1.0880312e-05,-2.2285398e-05,0,0,0,1
1771685789196000,1771685789042000,0,1771685789044000,0,-569.183,0.5625,-0.022827148,-0.017131941,0.57552403,3.6215948e-05,-2.3597697e-05,0,0,0,1
1771685789252000,1771685789094000,0,1771685789100000,0,-569.176,0.5625,-0.031188965,-0.018456154,0.57555187,6.7604786e-05,-2.7743292e-05,0,0,0,1
1771685789300000,1771685789146000,0,1771685789148000,0,-569.181,0.5625,-0.027038574,-0.019264642,0.5755214,5.0811977e-05,-2.991643e-05,0,0,0,1
1771685789356000,1771685789198000,0,1771685789204000,0,-569.187,0.5625,-0.022277832,-0.019548493,0.5755493,3.449239e-05,-3.0347499e-05,0,0,0,1
1771685789404000,1771685789250000,0,1771685789252000,0,-569.181,0.5625,-0.029418945,-0.020478318,0.57551885,6.0152634e-05,-3.315523e-05,0,0,0,1
1771685789460000,1771685789302000,0,1771685789308000,0,-569.198,0.5625,-0.0134887695,-0.019819882,0.57554674,1.2645152e-05,-3.122312e-05,0,0,0,1
1771685789508000,1771685789354000,0,1771685789356000,0,-569.197,0.5625,-0.01550293,-0.019413212,0.5755164,1.670436e-05,-2.9855411e-05,0,0,0,1
1771685789564000,1771685789406000,0,1771685789412000,0,-569.207,0.5625,-0.006958008,-0.018239897,0.57554436,3.3647361e-06,-2.7359913e-05,0,0,0,1
1771685789612000,1771685789458000,0,1771685789460000,0,-569.214,0.5625,-0.0012207031,-0.01663664,0.575514,1.03567665e-07,-2.4792285e-05,0,0,0,1
1771685789668000,1771685789510000,0,1771685789516000,0,-569.216,0.5625,-0.00091552734,-0.015155666,0.57554203,5.8253978e-08,-2.2462267e-05,0,0,0,1
1771685789716000,1771685789562000,0,1771685789564000,0,-569.223,0.5625,0.0045166016,-0.013302481,0.5755118,1.4178468e-06,-2.021269e-05,0,0,0,1
1771685789772000,1771685789614000,0,1771685789620000,0,-569.222,0.5625,0.0015869141,-0.011899857,0.5755399,1.7502148e-07,-1.8292109e-05,0,0,0,1
1771685789820000,1771685789666000,0,1771685789668000,0,-569.214,0.5625,-0.007751465,-0.011509066,0.57550967,4.1761386e-06,-1.6962344e-05,0,0,0,1
1771685789876000,1771685789718000,0,1771685789724000,0,-569.217,0.5625,-0.006225586,-0.011011347,0.5755378,2.6936837e-06,-1.5618194e-05,0,0,0,1
1771685789924000,1771685789770000,0,1771685789772000,0,-569.204,0.5625,-0.020568848,-0.011911691,0.5755077,2.9405513e-05,-1.6917e-05,0,0,0,1
1771685789980000,1771685789822000,0,1771685789828000,0,-569.216,0.5625,-0.009765625,-0.011709525,0.57553583,6.6280795e-06,-1.5947753e-05,0,0,0,1
1771685790028000,1771685789874000,0,1771685789876000,0,-569.203,0.5625,-0.023620605,-0.012831584,0.5755058,3.877862e-05,-1.8098486e-05,0,0,0,1
1771685790084000,1771685789926000,0,1771685789932000,0,-569.214,0.5625,-0.013366699,-0.012881993,0.575534,1.2417591e-05,-1.7563329e-05,0,0,0,1
1771685790132000,1771685789978000,0,1771685789980000,0,-569.223,0.5625,-0.005126953,-0.012151446,0.575504,1.8269654e-06,-1.6080918e-05,0,0,0,1
1771685790188000,1771685790030000,0,1771685790036000,0,-569.225,0.5625,-0.004333496,-0.011414973,0.57553226,1.3051701e-06,-1.4689e-05,0,0,0,1
1771685790236000,1771685790082000,0,1771685790084000,0,-569.221,0.5625,-0.009338379,-0.011219352,0.57550234,6.061162e-06,-1.38762325e-05,0,0,0,1
1771685790292000,1771685790134000,0,1771685790140000,0,-569.228,0.5625,-0.0034179688,-0.010484438,0.5755306,8.1194713e-07,-1.2645539e-05,0,0,0,1
1771685790340000,1771685790186000,0,1771685790188000,0,-569.228,0.5625,-0.0045776367,-0.009928,0.5755007,1.456454e-06,-1.15914945e-05,0,0,0,1
1771685790396000,1771685790238000,0,1771685790244000,0,-569.244,0.5625,0.010131836,-0.008038306,0.5755291,7.13459e-06,-9.827443e-06,0,0,0,1
1771685790444000,1771685790290000,0,1771685790292000,0,-569.249,0.5625,0.013916016,-0.0059701446,0.57549924,1.346e-05,-7.633698e-06,0,0,0,1
1771685790500000,1771685790342000,0,1771685790348000,0,-569.24,0.5625,0.003540039,-0.005074258,0.5755276,8.709835e-07,-6.8325326e-06,0,0,0,1
1771685790548000,1771685790394000,0,1771685790396000,0,-569.224,0.5625,-0.013183594,-0.005838181,0.57549787,1.2080472e-05,-7.326904e-06,0,0,0,1
1771685790604000,1771685790446000,0,1771685790452000,0,-569.202,0.5625,-0.03564453,-0.008646025,0.57552624,8.830406e-05,-1.4955187e-05,0,0,0,1
1771685790652000,1771685790498000,0,1771685790500000,0,-569.211,0.5625,-0.026611328,-0.010338409,0.57549655,4.922099e-05,-1.8183126e-05,0,0,0,1
1771685790708000,1771685790550000,0,1771685790556000,0,-569.227,0.5625,-0.010986328,-0.010399445,0.575525,8.388822e-06,-1.7260474e-05,0,0,0,1
1771685790756000,1771685790602000,0,1771685790604000,0,-569.227,0.5625,-0.011352539,-0.010489229,0.5754953,8.957859e-06,-1.6478343e-05,0,0,0,1
1771685790812000,1771685790654000,0,1771685790660000,0,-569.237,0.5625,-0.0014648438,-0.009639106,0.5755238,1.491349e-07,-1.4940084e-05,0,0,0,1
1771685790860000,1771685790706000,0,1771685790708000,0,-569.235,0.5625,-0.0036010742,-0.009070305,0.5754941,9.013288e-07,-1.3617592e-05,0,0,0,1
1771685790916000,1771685790758000,0,1771685790764000,0,-569.231,0.5625,-0.00793457,-0.008963316,0.5755226,4.3756686e-06,-1.2746977e-05,0,0,0,1
1771685790964000,1771685790810000,0,1771685790812000,0,-569.249,0.5625,0.010009766,-0.0071759964,0.575493,6.9641446e-06,-1.0890131e-05,0,0,0,1
1771685791020000,1771685790862000,0,1771685790868000,0,-569.236,0.5625,-0.003479004,-0.006827729,0.5755215,8.412174e-07,-9.943495e-06,0,0,0,1
1771685791068000,1771685790914000,0,1771685790916000,0,-569.242,0.5625,0.002319336,-0.0059660487,0.57549196,3.7389358e-07,-8.971567e-06,0,0,0,1
1771685791124000,1771685790966000,0,1771685790972000,0,-569.225,0.5625,-0.015136719,-0.0068299524,0.5755205,1.5924385e-05,-9.626542e-06,0,0,0,1
1771685791172000,1771685791018000,0,1771685791020000,0,-569.224,0.5625,-0.015991211,-0.0076929694,0.57549095,1.777396e-05,-1.0394053e-05,0,0,0,1
1771685791228000,1771685791070000,0,1771685791076000,0,-569.228,0.5625,-0.011962891,-0.008095209,0.5755195,9.946544e-06,-1.0351896e-05,0,0,0,1
1771685791276000,1771685791122000,0,1771685791124000,0,-569.232,0.5625,-0.008056641,-0.0080915755,0.57549,4.5115958e-06,-9.801723e-06,0,0,0,1
1771685791332000,1771685791174000,0,1771685791180000,0,-569.25,0.5625,0.010131836,-0.006374877,0.5755186,7.13472e-06,-8.206261e-06,0,0,0,1
1771685791380000,1771685791226000,0,1771685791228000,0,-569.228,0.5625,-0.012023926,-0.0069070337,0.5754891,1.0048829e-05,-8.379836e-06,0,0,0,1
1771685791436000,1771685791278000,0,1771685791284000,0,-569.226,0.5625,-0.01373291,-0.007550051,0.5755177,1.3107699e-05,-8.8252145e-06,0,0,0,1
1771685791484000,1771685791330000,0,1771685791332000,0,-569.233,0.5625,-0.0064086914,-0.0074425316,0.57548827,2.8547115e-06,-8.262776e-06,0,0,0,1
1771685791540000,1771685791382000,0,1771685791388000,0,-569.24,0.5625,0.00079345703,-0.0066666775,0.5755169,4.3757122e-08,-7.480276e-06,0,0,0,1
1771685791588000,1771685791434000,0,1771685791436000,0,-569.243,0.5625,0.0038452148,-0.005676427,0.57548743,1.0276976e-06,-6.6788e-06,0,0,0,1
1771685791644000,1771685791486000,0,1771685791492000,0,-569.236,0.5625,-0.0032348633,-0.0054464247,0.5755161,7.273013e-07,-6.1181518e-06,0,0,0,1
1771685791692000,1771685791538000,0,1771685791540000,0,-569.233,0.5625,-0.006164551,-0.005514074,0.57548666,2.64136e-06,-5.7906277e-06,0,0,0,1
1771685791748000,1771685791590000,0,1771685791596000,0,-569.231,0.5625,-0.00793457,-0.0057420917,0.57551533,4.375724e-06,-5.65734e-06,0,0,0,1
1771685791796000,1771685791642000,0,1771685791644000,0,-569.237,0.5625,-0.0016479492,-0.0053564114,0.57548594,1.8876128e-07,-5.142184e-06,0,0,0,1
1771685791852000,1771685791694000,0,1771685791700000,0,-569.241,0.5625,0.0022583008,-0.0046390835,0.5755146,3.5445998e-07,-4.624384e-06,0,0,0,1
1771685791900000,1771685791746000,0,1771685791748000,0,-569.245,0.5625,0.005859375,-0.003650098,0.5754852,2.3863183e-06,-3.9639554e-06,0,0,0,1
1771685791956000,1771685791798000,0,1771685791804000,0,-569.239,0.5625,-0.00061035156,-0.003363745,0.57551396,2.589192e-08,-3.5929784e-06,0,0,0,1
1771685792004000,1771685791850000,0,1771685791852000,0,-569.231,0.5625,-0.008544922,-0.003851827,0.5754846,5.0750755e-06,-3.7325963e-06,0,0,0,1
1771685792060000,1771685791902000,0,1771685791908000,0,-569.241,0.5625,0.0014648438,-0.003350981,0.5755133,1.4913762e-07,-3.3669257e-06,0,0,0,1
1771685792108000,1771685791954000,0,1771685791956000,0,-569.243,0.5625,0.0031738281,-0.0027363251,0.575484,7.00154e-07,-2.983795e-06,0,0,0,1
1771685792164000,1771685792006000,0,1771685792012000,0,-569.232,0.5625,-0.008239746,-0.0032547633,0.5755127,4.7188128e-06,-3.1472387e-06,0,0,0,1
1771685792212000,1771685792058000,0,1771685792060000,0,-569.232,0.5625,-0.008361816,-0.0037358627,0.5754834,4.8599127e-06,-3.3085776e-06,0,0,0,1
1771685792268000,1771685792110000,0,1771685792116000,0,-569.23,0.5625,-0.010437012,-0.0043671303,0.5755121,7.5710805e-06,-3.7101177e-06,0,0,0,1
1771685792316000,1771685792162000,0,1771685792164000,0,-569.233,0.5625,-0.0072631836,-0.004639947,0.57548285,3.666753e-06,-3.7060327e-06,0,0,0,1
1771685792372000,1771685792214000,0,1771685792220000,0,-569.225,0.5625,-0.015075684,-0.0056230235,0.5755116,1.5796466e-05,-4.8449865e-06,0,0,0,1
1771685792420000,1771685792266000,0,1771685792268000,0,-569.226,0.5625,-0.013671875,-0.0063812486,0.5754823,1.2992245e-05,-5.612482e-06,0,0,0,1
1771685792476000,1771685792318000,0,1771685792324000,0,-569.237,0.5625,-0.002380371,-0.0060043545,0.5755111,3.9381806e-07,-5.1208685e-06,0,0,0,1
1771685792524000,1771685792370000,0,1771685792372000,0,-569.234,0.5625,-0.0053100586,-0.00593895,0.57548183,1.9598688e-06,-4.823093e-06,0,0,0,1
1771685792580000,1771685792422000,0,1771685792428000,0,-569.228,0.5625,-0.011169434,-0.006431677,0.5755106,8.670995e-06,-5.185577e-06,0,0,0,1
1771685792628000,1771685792474000,0,1771685792476000,0,-569.238,0.5625,-0.00091552734,-0.0059120394,0.57548136,5.826012e-08,-4.7025687e-06,0,0,0,1
1771685792684000,1771685792526000,0,1771685792532000,0,-569.24,0.5625,0.0010986328,-0.005251614,0.5755102,8.389036e-08,-4.2516704e-06,0,0,0,1
1771685792732000,1771685792578000,0,1771685792580000,0,-569.224,0.5625,-0.014953613,-0.0061655706,0.57548094,1.5542517e-05,-5.3153008e-06,0,0,0,1
1771685792788000,1771685792630000,0,1771685792636000,0,-569.219,0.5625,-0.019592285,-0.0074304063,0.5755098,2.6679485e-05,-7.327869e-06,0,0,0,1
1771685792836000,1771685792682000,0,1771685792684000,0,-569.243,0.5625,0.004760742,-0.0062819645,0.5754806,1.5753558e-06,-6.489159e-06,0,0,0,1
1771685792892000,1771685792734000,0,1771685792740000,0,-569.243,0.5625,0.004699707,-0.0052474593,0.5755094,1.5351441e-06,-5.7332463e-06,0,0,0,1
1771685792940000,1771685792786000,0,1771685792788000,0,-569.242,0.5625,0.0036621094,-0.004408152,0.5754802,9.3216374e-07,-5.1053453e-06,0,0,0,1
1771685792996000,1771685792838000,0,1771685792844000,0,-569.237,0.5625,-0.0014038086,-0.004125134,0.5755091,1.3696942e-07,-4.6373098e-06,0,0,0,1
1771685793044000,1771685792890000,0,1771685792892000,0,-569.239,0.5625,0.00079345703,-0.0036617885,0.57547987,4.3759936e-08,-4.1963394e-06,0,0,0,1
1771685793100000,1771685792942000,0,1771685792948000,0,-569.221,0.5625,-0.017578125,-0.004972748,0.5755088,2.1475988e-05,-5.8241326e-06,0,0,0,1
1771685793148000,1771685792994000,0,1771685792996000,0,-569.222,0.5625,-0.016418457,-0.006050967,0.57547957,1.8736771e-05,-7.0405404e-06,0,0,0,1
1771685793204000,1771685793046000,0,1771685793052000,0,-569.211,0.5625,-0.02722168,-0.00804531,0.5755085,5.1503663e-05,-1.1229096e-05,0,0,0,1
1771685793252000,1771685793098000,0,1771685793100000,0,-569.226,0.5625,-0.01184082,-0.008402858,0.57547927,9.74527e-06,-1.1089315e-05,0,0,0,1
1771685793308000,1771685793150000,0,1771685793156000,0,-569.231,0.5625,-0.006652832,-0.008238001,0.5755082,3.0762499e-06,-1.0334461e-05,0,0,0,1
1771685793356000,1771685793202000,0,1771685793204000,0,-569.226,0.5625,-0.0115356445,-0.008548648,0.57547903,9.249414e-06,-1.02322465e-05,0,0,0,1
1771685793412000,1771685793254000,0,1771685793260000,0,-569.235,0.5625,-0.0022583008,-0.007956079,0.57550794,3.544641e-07,-9.301731e-06,0,0,0,1
1771685793460000,1771685793306000,0,1771685793308000,0,-569.211,0.5625,-0.026062012,-0.009661711,0.5754788,4.7211364e-05,-1.2872928e-05,0,0,0,1
1771685793516000,1771685793358000,0,1771685793364000,0,-569.213,0.5625,-0.023376465,-0.010953681,0.5755077,3.798101e-05,-1.5238183e-05,0,0,0,1
1771685793564000,1771685793410000,0,1771685793412000,0,-569.24,0.5625,0.0041503906,-0.009530833,0.57547855,1.197316e-06,-1.3689911e-05,0,0,0,1
1771685793620000,1771685793462000,0,1771685793468000,0,-569.233,0.5625,-0.0028686523,-0.008903236,0.5755075,5.7195894e-07,-1.2454162e-05,0,0,0,1
1771685793668000,1771685793514000,0,1771685793516000,0,-569.23,0.5625,-0.00579834,-0.008610746,0.5754784,2.3368902e-06,-1.1501085e-05,0,0,0,1
1771685793724000,1771685793566000,0,1771685793572000,0,-569.219,0.5625,-0.016601562,-0.009363504,0.5755073,1.91561e-05,-1.222221e-05,0,0,0,1
1771685793772000,1771685793618000,0,1771685793620000,0,-569.233,0.5625,-0.0021972656,-0.008688424,0.5754782,3.3558013e-07,-1.1102455e-05,0,0,0,1
1771685793828000,1771685793670000,0,1771685793676000,0,-569.225,0.5625,-0.010070801,-0.008818648,0.57550716,7.0491583e-06,-1.0720622e-05,0,0,0,1
1771685793876000,1771685793722000,0,1771685793724000,0,-569.221,0.5625,-0.01373291,-0.009281586,0.575478,1.3108603e-05,-1.0945577e-05,0,0,0,1
1771685793932000,1771685793774000,0,1771685793780000,0,-569.223,0.5625,-0.011474609,-0.009488175,0.575507,9.151351e-06,-1.0776555e-05,0,0,0,1
1771685793980000,1771685793826000,0,1771685793828000,0,-569.23,0.5625,-0.004638672,-0.009031338,0.5754779,1.495611e-06,-9.902264e-06,0,0,0,1
1771685794036000,1771685793878000,0,1771685793884000,0,-569.24,0.5625,0.005126953,-0.0076975855,0.57550687,1.8269563e-06,-8.797337e-06,0,0,0,1
1771685794084000,1771685793930000,0,1771685793932000,0,-569.236,0.5625,0.00079345703,-0.0068977047,0.5754778,4.3760096e-08,-7.96448e-06,0,0,0,1
1771685794140000,1771685793982000,0,1771685793988000,0,-569.234,0.5625,-0.0014648438,-0.0063859136,0.57550675,1.4913932e-07,-7.228252e-06,0,0,0,1
1771685794188000,1771685794034000,0,1771685794036000,0,-569.229,0.5625,-0.006652832,-0.006411058,0.57547766,3.076413e-06,-6.8371364e-06,0,0,0,1
1771685794244000,1771685794086000,0,1771685794092000,0,-569.215,0.5625,-0.020874023,-0.007773511,0.5755066,3.0284611e-05,-9.045957e-06,0,0,0,1
1771685794292000,1771685794138000,0,1771685794140000,0,-569.228,0.5625,-0.0076293945,-0.0077599348,0.57547754,4.0458685e-06,-8.574934e-06,0,0,0,1
1771685794348000,1771685794190000,0,1771685794196000,0,-569.234,0.5625,-0.0018310547,-0.007201417,0.5755065,2.3303029e-07,-7.789103e-06,0,0,0,1
1771685794396000,1771685794242000,0,1771685794244000,0,-569.228,0.5625,-0.008056641,-0.0072819814,0.5754775,4.511694e-06,-7.480361e-06,0,0,0,1
1771685794452000,1771685794294000,0,1771685794300000,0,-569.22,0.5625,-0.016296387,-0.008131165,0.57550645,1.8458331e-05,-8.5145175e-06,0,0,0,1
1771685794500000,1771685794346000,0,1771685794348000,0,-569.213,0.5625,-0.023132324,-0.009544318,0.57547736,3.719378e-05,-1.1216187e-05,0,0,0,1
1771685794556000,1771685794398000,0,1771685794404000,0,-569.215,0.5625,-0.020874023,-0.010611609,0.5755064,3.0284622e-05,-1.3012489e-05,0,0,0,1
1771685794604000,1771685794450000,0,1771685794452000,0,-569.212,0.5625,-0.023742676,-0.011848593,0.5754773,3.9182407e-05,-1.5477772e-05,0,0,0,1
1771685794660000,1771685794502000,0,1771685794508000,0,-569.203,0.5625,-0.03253174,-0.013797006,0.5755063,7.355707e-05,-2.094901e-05,0,0,0,1
1771685794708000,1771685794554000,0,1771685794556000,0,-569.224,0.5625,-0.011047363,-0.013537982,0.57547724,8.482993e-06,-1.9774674e-05,0,0,0,1
1771685794764000,1771685794606000,0,1771685794612000,0,-569.216,0.5625,-0.019165039,-0.014068067,0.57550627,2.5528738e-05,-2.0316724e-05,0,0,0,1
1771685794812000,1771685794658000,0,1771685794660000,0,-569.222,0.5625,-0.013061523,-0.013973248,0.5754772,1.1858221e-05,-1.9519908e-05,0,0,0,1
1771685794868000,1771685794710000,0,1771685794716000,0,-569.233,0.5625,-0.0020141602,-0.012846667,0.5755062,2.819668e-07,-1.7707638e-05,0,0,0,1
1771685794916000,1771685794762000,0,1771685794764000,0,-569.236,0.5625,0.0008544922,-0.011555978,0.5754772,5.0751407e-08,-1.6034746e-05,0,0,0,1
1771685794972000,1771685794814000,0,1771685794820000,0,-569.239,0.5625,0.003540039,-0.0101338895,0.57550615,8.71016e-07,-1.4442175e-05,0,0,0,1
1771685795020000,1771685794866000,0,1771685794868000,0,-569.224,0.5625,-0.01184082,-0.010294687,0.5754771,9.745307e-06,-1.3999716e-05,0,0,0,1
1771685795076000,1771685794918000,0,1771685794924000,0,-569.213,0.5625,-0.023010254,-0.01149253,0.57550615,3.6800426e-05,-1.614761e-05,0,0,0,1
1771685795124000,1771685794970000,0,1771685794972000,0,-569.224,0.5625,-0.011779785,-0.01151959,0.5754771,9.6450985e-06,-1.5535054e-05,0,0,0,1
1771685795180000,1771685795022000,0,1771685795028000,0,-569.23,0.5625,-0.005859375,-0.010986382,0.5755061,2.386232e-06,-1.4296396e-05,0,0,0,1
1771685795228000,1771685795074000,0,1771685795076000,0,-569.225,0.5625,-0.011047363,-0.010992127,0.57547706,8.482995e-06,-1.3748757e-05,0,0,0,1
1771685795284000,1771685795126000,0,1771685795132000,0,-569.233,0.5625,-0.0031738281,-0.01025562,0.5755061,7.001271e-07,-1.2519538e-05,0,0,0,1
1771685795332000,1771685795178000,0,1771685795180000,0,-569.226,0.5625,-0.010437012,-0.010272708,0.57547706,7.5715416e-06,-1.2053422e-05,0,0,0,1
1771685795388000,1771685795230000,0,1771685795236000,0,-569.232,0.5625,-0.004638672,-0.009741966,0.5755061,1.4955377e-06,-1.1058839e-05,0,0,0,1
1771685795436000,1771685795282000,0,1771685795284000,0,-569.228,0.5625,-0.008728027,-0.00964645,0.57547706,5.294978e-06,-1.0515867e-05,0,0,0,1
1771685795492000,1771685795334000,0,1771685795340000,0,-569.225,0.5625,-0.011962891,-0.009864666,0.57550603,9.946777e-06,-1.0462257e-05,0,0,0,1
1771685795540000,1771685795386000,0,1771685795388000,0,-569.238,0.5625,0.0010375977,-0.00883764,0.575477,7.483246e-08,-9.4696325e-06,0,0,0,1
1771685795596000,1771685795438000,0,1771685795444000,0,-569.233,0.5625,-0.00390625,-0.008373089,0.57550603,1.0605477e-06,-8.677473e-06,0,0,0,1
1771685795644000,1771685795490000,0,1771685795492000,0,-569.237,0.5625,0.00030517578,-0.0075555714,0.575477,6.4733956e-09,-7.859419e-06,0,0,0,1
1771685795700000,1771685795542000,0,1771685795548000,0,-569.23,0.5625,-0.006652832,-0.007470531,0.57550603,3.0762615e-06,-7.408832e-06,0,0,0,1
1771685795748000,1771685795594000,0,1771685795596000,0,-569.229,0.5625,-0.007507324,-0.007473997,0.575477,3.91744e-06,-7.079933e-06,0,0,0,1
1771685795804000,1771685795646000,0,1771685795652000,0,-569.239,0.5625,0.0026855469,-0.006516938,0.57550603,5.012745e-07,-6.3657612e-06,0,0,0,1
1771685795852000,1771685795698000,0,1771685795700000,0,-569.224,0.5625,-0.012329102,-0.007064461,0.575477,1.0565617e-05,-6.7614e-06,0,0,0,1
1771685795908000,1771685795750000,0,1771685795756000,0,-569.207,0.5625,-0.028930664,-0.00912432,0.57550603,5.8173733e-05,-1.1604591e-05,0,0,0,1
1771685795956000,1771685795802000,0,1771685795804000,0,-569.202,0.5625,-0.033325195,-0.011404113,0.575477,7.719291e-05,-1.77832e-05,0,0,0,1
1771685796012000,1771685795854000,0,1771685795860000,0,-569.205,0.5625,-0.029846191,-0.01314141,0.57550603,6.1913874e-05,-2.194044e-05,0,0,0,1
1771685796060000,1771685795906000,0,1771685795908000,0,-569.219,0.5625,-0.015075684,-0.013323625,0.575477,1.5797415e-05,-2.1361748e-05,0,0,0,1
1771685796116000,1771685795958000,0,1771685795964000,0,-569.22,0.5625,-0.014038086,-0.0133909285,0.57550603,1.3697015e-05,-2.0639707e-05,0,0,0,1
1771685796164000,1771685796010000,0,1771685796012000,0,-569.215,0.5625,-0.018920898,-0.0139118675,0.575477,2.4883733e-05,-2.1039506e-05,0,0,0,1
1771685796220000,1771685796062000,0,1771685796068000,0,-569.205,0.5625,-0.028747559,-0.0153094325,0.57550603,5.7439687e-05,-2.4468509e-05,0,0,0,1
1771685796268000,1771685796114000,0,1771685796116000,0,-569.21,0.5625,-0.023254395,-0.016057871,0.575477,3.7587382e-05,-2.5704345e-05,0,0,0,1
1771685796324000,1771685796166000,0,1771685796172000,0,-569.213,0.5625,-0.020080566,-0.01643682,0.57550603,2.802606e-05,-2.5923056e-05,0,0,0,1
1771685796372000,1771685796218000,0,1771685796220000,0,-569.228,0.5625,-0.0048828125,-0.0153484,0.575477,1.6571893e-06,-2.3637142e-05,0,0,0,1
1771685796428000,1771685796270000,0,1771685796276000,0,-569.218,0.5625,-0.015136719,-0.015328459,0.5755061,1.5924785e-05,-2.2910615e-05,0,0,0,1
1771685796476000,1771685796322000,0,1771685796324000,0,-569.222,0.5625,-0.011108398,-0.014930918,0.57547706,8.576989e-06,-2.1560347e-05,0,0,0,1
1771685796532000,1771685796374000,0,1771685796380000,0,-569.214,0.5625,-0.019165039,-0.015329785,0.5755061,2.5528745e-05,-2.1934182e-05,0,0,0,1
1771685796580000,1771685796426000,0,1771685796428000,0,-569.223,0.5625,-0.0099487305,-0.014822874,0.57547706,6.8796653e-06,-2.0516003e-05,0,0,0,1
1771685796636000,1771685796478000,0,1771685796484000,0,-569.222,0.5625,-0.011108398,-0.01447296,0.5755061,8.576557e-06,-1.9391273e-05,0,0,0,1
1771685796684000,1771685796530000,0,1771685796532000,0,-569.23,0.5625,-0.003112793,-0.013402799,0.57547706,6.73492e-07,-1.7628003e-05,0,0,0,1
1771685796740000,1771685796582000,0,1771685796588000,0,-569.234,0.5625,0.0006713867,-0.01207697,0.5755061,3.132965e-08,-1.5964442e-05,0,0,0,1
1771685796788000,1771685796634000,0,1771685796636000,0,-569.222,0.5625,-0.0115356445,-0.012025976,0.57547706,9.249446e-06,-1.533187e-05,0,0,0,1
1771685796844000,1771685796686000,0,1771685796692000,0,-569.211,0.5625,-0.022521973,-0.013014729,0.5755061,3.525518e-05,-1.7208704e-05,0,0,0,1
1771685796892000,1771685796738000,0,1771685796740000,0,-569.217,0.5625,-0.016357422,-0.0133296205,0.57547706,1.8597804e-05,-1.7339562e-05,0,0,0,1
1771685796948000,1771685796790000,0,1771685796796000,0,-569.216,0.5625,-0.01727295,-0.013701093,0.5755061,2.0736863e-05,-1.7659597e-05,0,0,0,1
1771685796996000,1771685796842000,0,1771685796844000,0,-569.213,0.5625,-0.020080566,-0.014302058,0.57547706,2.8027469e-05,-1.8636281e-05,0,0,0,1
1771685797052000,1771685796894000,0,1771685796900000,0,-569.213,0.5625,-0.019958496,-0.014834911,0.57550615,2.7686347e-05,-1.9488823e-05,0,0,0,1
1771685797100000,1771685796946000,0,1771685796948000,0,-569.219,0.5625,-0.013793945,-0.014736849,0.5754771,1.3225403e-05,-1.889879e-05,0,0,0,1
1771685797156000,1771685796998000,0,1771685797004000,0,-569.213,0.5625,-0.019836426,-0.015217244,0.57550615,2.7348711e-05,-1.9694799e-05,0,0,0,1
1771685797204000,1771685797050000,0,1771685797052000,0,-569.211,0.5625,-0.02166748,-0.015824875,0.5754771,3.263238e-05,-2.0913556e-05,0,0,0,1
1771685797260000,1771685797102000,0,1771685797108000,0,-569.223,0.5625,-0.009460449,-0.015225328,0.57550615,6.220618e-06,-1.9529438e-05,0,0,0,1
1771685797308000,1771685797154000,0,1771685797156000,0,-569.221,0.5625,-0.011474609,-0.014871999,0.5754771,9.151826e-06,-1.8551837e-05,0,0,0,1
1771685797364000,1771685797206000,0,1771685797212000,0,-569.223,0.5625,-0.009521484,-0.014367965,0.57550615,6.3011435e-06,-1.7397786e-05,0,0,0,1
1771685797412000,1771685797258000,0,1771685797260000,0,-569.234,0.5625,0.0014648438,-0.012876469,0.5754771,1.49147e-07,-1.5744814e-05,0,0,0,1
1771685797468000,1771685797310000,0,1771685797316000,0,-569.222,0.5625,-0.010864258,-0.012686913,0.57550615,8.203708e-06,-1.5034419e-05,0,0,0,1
1771685797516000,1771685797362000,0,1771685797364000,0,-569.219,0.5625,-0.01373291,-0.012785449,0.5754771,1.3108623e-05,-1.4853003e-05,0,0,0,1
1771685797572000,1771685797414000,0,1771685797420000,0,-569.219,0.5625,-0.013671875,-0.012868953,0.57550615,1.2991706e-05,-1.4677664e-05,0,0,0,1
1771685797620000,1771685797466000,0,1771685797468000,0,-569.218,0.5625,-0.0146484375,-0.013036585,0.5754771,1.49147e-05,-1.4699994e-05,0,0,0,1
1771685797676000,1771685797518000,0,1771685797524000,0,-569.221,0.5625,-0.011657715,-0.012906692,0.57550615,9.44576e-06,-1.4205029e-05,0,0,0,1
1771685797724000,1771685797570000,0,1771685797572000,0,-569.229,0.5625,-0.0036010742,-0.012030076,0.5754771,9.013554e-07,-1.2951785e-05,0,0,0,1
1771685797780000,1771685797622000,0,1771685797628000,0,-569.228,0.5625,-0.0048217773,-0.011351033,0.5755062,1.6159364e-06,-1.1883915e-05,0,0,0,1
1771685797828000,1771685797674000,0,1771685797676000,0,-569.217,0.5625,-0.015991211,-0.011788151,0.5754772,1.7774386e-05,-1.2438814e-05,0,0,0,1
1771685797884000,1771685797726000,0,1771685797732000,0,-569.213,0.5625,-0.019897461,-0.012552071,0.5755062,2.7517268e-05,-1.3859249e-05,0,0,0,1
1771685797932000,1771685797778000,0,1771685797780000,0,-569.208,0.5625,-0.024719238,-0.013698254,0.5754772,4.2471936e-05,-1.6554648e-05,0,0,0,1
1771685797988000,1771685797830000,0,1771685797836000,0,-569.205,0.5625,-0.02746582,-0.014995199,0.5755062,5.2431842e-05,-1.9934385e-05,0,0,0,1
1771685798036000,1771685797882000,0,1771685797884000,0,-569.203,0.5625,-0.02911377,-0.01632521,0.5754772,5.891539e-05,-2.360651e-05,0,0,0,1
1771685798092000,1771685797934000,0,1771685797940000,0,-569.183,0.5625,-0.04876709,-0.01938133,0.5755062,0.0001652965,-3.695412e-05,0,0,0,1
1771685798140000,1771685797986000,0,1771685797988000,0,-569.195,0.5625,-0.035888672,-0.02093637,0.5754772,8.952548e-05,-4.1906493e-05,0,0,0,1
1771685798196000,1771685798038000,0,1771685798044000,0,-569.205,0.5625,-0.02532959,-0.021350224,0.5755062,4.4592958e-05,-4.2159565e-05,0,0,0,1
1771685798244000,1771685798090000,0,1771685798092000,0,-569.212,0.5625,-0.0178833,-0.02102363,0.5754772,2.2229375e-05,-4.0282084e-05,0,0,0,1
1771685798300000,1771685798142000,0,1771685798148000,0,-569.21,0.5625,-0.019592285,-0.020888792,0.5755062,2.6679652e-05,-3.9000697e-05,0,0,0,1
1771685798348000,1771685798194000,0,1771685798196000,0,-569.218,0.5625,-0.011230469,-0.01997895,0.5754772,8.7665285e-06,-3.615255e-05,0,0,0,1
1771685798404000,1771685798246000,0,1771685798252000,0,-569.229,0.5625,-0.00012207031,-0.018108374,0.5755062,1.0356908e-09,-3.274697e-05,0,0,0,1
1771685798452000,1771685798298000,0,1771685798300000,0,-569.23,0.5625,0.0007324219,-0.016333517,0.5754772,3.7286746e-08,-2.9658599e-05,0,0,0,1
1771685798508000,1771685798350000,0,1771685798356000,0,-569.224,0.5625,-0.0056152344,-0.015323823,0.57550627,2.1915214e-06,-2.707112e-05,0,0,0,1
1771685798556000,1771685798402000,0,1771685798404000,0,-569.213,0.5625,-0.016723633,-0.015455689,0.57547724,1.9439858e-05,-2.6352234e-05,0,0,0,1
1771685798612000,1771685798454000,0,1771685798460000,0,-569.215,0.5625,-0.014587402,-0.015373894,0.57550627,1.4789921e-05,-2.526303e-05,0,0,0,1
1771685798660000,1771685798506000,0,1771685798508000,0,-569.212,0.5625,-0.017456055,-0.01557004,0.57547724,2.1179905e-05,-2.4878389e-05,0,0,0,1
1771685798716000,1771685798558000,0,1771685798564000,0,-569.208,0.5625,-0.021362305,-0.016115688,0.57550627,3.1718024e-05,-2.5522702e-05,0,0,0,1
1771685798764000,1771685798610000,0,1771685798612000,0,-569.222,0.5625,-0.0071411133,-0.015270256,0.57547724,3.544571e-06,-2.3452298e-05,0,0,0,1
1771685798820000,1771685798662000,0,1771685798668000,0,-569.223,0.5625,-0.006225586,-0.014418222,0.57550627,2.6938312e-06,-2.149679e-05,0,0,0,1
1771685798868000,1771685798714000,0,1771685798716000,0,-569.212,0.5625,-0.01739502,-0.014698645,0.57547724,2.1032052e-05,-2.145301e-05,0,0,0,1
1771685798924000,1771685798766000,0,1771685798772000,0,-569.215,0.5625,-0.014221191,-0.014653668,0.57550627,1.4056652e-05,-2.0756252e-05,0,0,0,1
1771685798972000,1771685798818000,0,1771685798820000,0,-569.203,0.5625,-0.026184082,-0.015739866,0.57547724,4.7654787e-05,-2.3290171e-05,0,0,0,1
1771685799028000,1771685798870000,0,1771685798876000,0,-569.19,0.5625,-0.038879395,-0.017919676,0.57550627,0.00010506278,-3.099339e-05,0,0,0,1
1771685799076000,1771685798922000,0,1771685798924000,0,-569.186,0.5625,-0.042297363,-0.020216126,0.57547724,0.00012435361,-3.9788192e-05,0,0,0,1
1771685799132000,1771685798974000,0,1771685798980000,0,-569.198,0.5625,-0.029541016,-0.021094557,0.57550627,6.0654183e-05,-4.175383e-05,0,0,0,1
1771685799180000,1771685799026000,0,1771685799028000,0,-569.192,0.5625,-0.035095215,-0.022413459,0.57547724,8.561062e-05,-4.5885266e-05,0,0,0,1
1771685799236000,1771685799078000,0,1771685799084000,0,-569.195,0.5625,-0.031677246,-0.023286134,0.57550627,6.974366e-05,-4.8132795e-05,0,0,0,1
1771685799284000,1771685799130000,0,1771685799132000,0,-569.202,0.5625,-0.024108887,-0.02336364,0.57547724,4.0400446e-05,-4.7404385e-05,0,0,0,1
1771685799340000,1771685799182000,0,1771685799188000,0,-569.205,0.5625,-0.020874023,-0.023129111,0.5755063,3.0284627e-05,-4.5791654e-05,0,0,0,1
1771685799388000,1771685799234000,0,1771685799236000,0,-569.188,0.5625,-0.03765869,-0.02449784,0.5754773,9.857397e-05,-5.07639e-05,0,0,0,1
1771685799444000,1771685799286000,0,1771685799292000,0,-569.197,0.5625,-0.027954102,-0.02482343,0.5755063,5.4312648e-05,-5.1098203e-05,0,0,0,1
1771685799492000,1771685799338000,0,1771685799340000,0,-569.19,0.5625,-0.0345459,-0.025739316,0.5754773,8.29516e-05,-5.4098884e-05,0,0,0,1
1771685799548000,1771685799390000,0,1771685799396000,0,-569.187,0.5625,-0.036987305,-0.02679891,0.5755063,9.5085714e-05,-5.7959962e-05,0,0,0,1
1771685799596000,1771685799442000,0,1771685799444000,0,-569.193,0.5625,-0.030334473,-0.02713197,0.5754773,6.3959444e-05,-5.852513e-05,0,0,0,1
1771685799652000,1771685799494000,0,1771685799500000,0,-569.211,0.5625,-0.011962891,-0.025702998,0.5755063,9.946772e-06,-5.394891e-05,0,0,0,1
1771685799700000,1771685799546000,0,1771685799548000,0,-569.2,0.5625,-0.023071289,-0.025455084,0.5754773,3.6997768e-05,-5.235206e-05,0,0,0,1
1771685799756000,1771685799598000,0,1771685799604000,0,-569.205,0.5625,-0.018005371,-0.024753299,0.5755063,2.2532742e-05,-4.9542996e-05,0,0,0,1
1771685799804000,1771685799650000,0,1771685799652000,0,-569.194,0.5625,-0.029174805,-0.025169818,0.5754773,5.9162663e-05,-5.0449198e-05,0,0,0,1
1771685799860000,1771685799702000,0,1771685799708000,0,-569.182,0.5625,-0.04107666,-0.026668288,0.5755063,0.00011727357,-5.6744248e-05,0,0,0,1
1771685799908000,1771685799754000,0,1771685799756000,0,-569.193,0.5625,-0.029663086,-0.026950406,0.5754773,6.1159575e-05,-5.7160185e-05,0,0,0,1
1771685799964000,1771685799806000,0,1771685799812000,0,-569.188,0.5625,-0.034606934,-0.027671672,0.5755063,8.3240775e-05,-5.9617054e-05,0,0,0,1
1771685800012000,1771685799858000,0,1771685799860000,0,-569.174,0.5625,-0.048217773,-0.029607175,0.5754773,0.00016160177,-6.922431e-05,0,0,0,1
1771685800068000,1771685799910000,0,1771685799916000,0,-569.187,0.5625,-0.03466797,-0.030083917,0.5755063,8.353466e-05,-7.057239e-05,0,0,0,1
1771685800116000,1771685799962000,0,1771685799964000,0,-569.187,0.5625,-0.034301758,-0.03048125,0.5754773,8.1783284e-05,-7.1628485e-05,0,0,0,1
1771685800172000,1771685800014000,0,1771685800020000,0,-569.199,0.5625,-0.022094727,-0.029691214,0.5755063,3.3930257e-05,-6.80772e-05,0,0,0,1
1771685800220000,1771685800066000,0,1771685800068000,0,-569.194,0.5625,-0.027038574,-0.029441327,0.5754773,5.081587e-05,-6.645113e-05,0,0,0,1
1771685800276000,1771685800118000,0,1771685800124000,0,-569.191,0.5625,-0.030029297,-0.029496714,0.5755063,6.267585e-05,-6.609549e-05,0,0,0,1
1771685800324000,1771685800170000,0,1771685800172000,0,-569.197,0.5625,-0.023742676,-0.028954668,0.5754773,3.9182407e-05,-6.35602e-05,0,0,0,1
1771685800380000,1771685800222000,0,1771685800228000,0,-569.202,0.5625,-0.018798828,-0.027997958,0.5755063,2.4562436e-05,-5.9886494e-05,0,0,0,1
1771685800428000,1771685800274000,0,1771685800276000,0,-569.199,0.5625,-0.021850586,-0.027418857,0.5754773,3.3186236e-05,-5.7371253e-05,0,0,0,1
1771685800484000,1771685800326000,0,1771685800332000,0,-569.215,0.5625,-0.005859375,-0.02538789,0.5755063,2.386231e-06,-5.2191506e-05,0,0,0,1
1771685800532000,1771685800378000,0,1771685800380000,0,-569.21,0.5625,-0.011413574,-0.02407147,0.5754773,9.054722e-06,-4.8127895e-05,0,0,0,1
1771685800588000,1771685800430000,0,1771685800436000,0,-569.207,0.5625,-0.015075684,-0.02322404,0.5755063,1.5796611e-05,-4.5082194e-05,0,0,0,1
1771685800636000,1771685800482000,0,1771685800484000,0,-569.207,0.5625,-0.015625,-0.02250819,0.5754773,1.696961e-05,-4.2433905e-05,0,0,0,1
1771685800692000,1771685800534000,0,1771685800540000,0,-569.2,0.5625,-0.02355957,-0.022607232,0.5755063,3.8578437e-05,-4.2070707e-05,0,0,0,1
1771685800740000,1771685800586000,0,1771685800588000,0,-569.203,0.5625,-0.0211792,-0.022472708,0.5754773,3.1178188e-05,-4.10446e-05,0,0,0,1
1771685800796000,1771685800638000,0,1771685800644000,0,-569.206,0.5625,-0.018981934,-0.022143867,0.5755063,2.5043255e-05,-3.9537226e-05,0,0,0,1
1771685800844000,1771685800690000,0,1771685800692000,0,-569.205,0.5625,-0.020629883,-0.022001246,0.5754773,2.958185e-05,-3.8599403e-05,0,0,0,1
1771685800900000,1771685800742000,0,1771685800748000,0,-569.209,0.5625,-0.017578125,-0.021584576,0.5755063,2.1476078e-05,-3.6986337e-05,0,0,0,1
1771685800948000,1771685800794000,0,1771685800796000,0,-569.209,0.5625,-0.018310547,-0.021276154,0.57547736,2.330421e-05,-3.569744e-05,0,0,0,1
1771685801004000,1771685800846000,0,1771685800852000,0,-569.204,0.5625,-0.024230957,-0.021554505,0.5755064,4.0808533e-05,-3.617892e-05,0,0,0,1
1771685801052000,1771685800898000,0,1771685800900000,0,-569.207,0.5625,-0.021606445,-0.021559399,0.57547736,3.244878e-05,-3.5827532e-05,0,0,0,1
1771685801108000,1771685800950000,0,1771685800956000,0,-569.2,0.5625,-0.02911377,-0.022271043,0.57550645,5.8912396e-05,-3.8002192e-05,0,0,0,1
1771685801156000,1771685801002000,0,1771685801004000,0,-569.204,0.5625,-0.02532959,-0.022559166,0.5754774,4.4595192e-05,-3.862327e-05,0,0,0,1
1771685801212000,1771685801054000,0,1771685801060000,0,-569.201,0.5625,-0.028442383,-0.023113383,0.5755065,5.6226585e-05,-4.0281553e-05,0,0,0,1
1771685801260000,1771685801106000,0,1771685801108000,0,-569.215,0.5625,-0.014160156,-0.022269962,0.57547754,1.39369495e-05,-3.7799815e-05,0,0,0,1
1771685801316000,1771685801158000,0,1771685801164000,0,-569.195,0.5625,-0.034484863,-0.023420641,0.5755067,8.265453e-05,-4.2025258e-05,0,0,0,1
1771685801364000,1771685801210000,0,1771685801212000,0,-569.196,0.5625,-0.033203125,-0.02434218,0.5754777,7.6628334e-05,-4.5284967e-05,0,0,0,1
1771685801420000,1771685801262000,0,1771685801268000,0,-569.204,0.5625,-0.02508545,-0.024412198,0.5755069,4.3737422e-05,-4.5139182e-05,0,0,0,1
1771685801468000,1771685801314000,0,1771685801316000,0,-569.204,0.5625,-0.025024414,-0.024469871,0.575478,4.3527034e-05,-4.4987315e-05,0,0,0,1
1771685801524000,1771685801366000,0,1771685801372000,0,-569.211,0.5625,-0.018127441,-0.023872396,0.5755072,2.283927e-05,-4.2900905e-05,0,0,0,1
1771685801572000,1771685801418000,0,1771685801420000,0,-569.21,0.5625,-0.018920898,-0.02340595,0.5754784,2.4883673e-05,-4.1203628e-05,0,0,0,1
1771685801628000,1771685801470000,0,1771685801476000,0,-569.198,0.5625,-0.030700684,-0.024093136,0.57550764,6.55096e-05,-4.349332e-05,0,0,0,1
1771685801676000,1771685801522000,0,1771685801524000,0,-569.196,0.5625,-0.032165527,-0.02485358,0.5754788,7.191377e-05,-4.6170608e-05,0,0,0,1
1771685801732000,1771685801574000,0,1771685801580000,0,-569.194,0.5625,-0.033691406,-0.025686128,0.5755082,7.88945e-05,-4.9253293e-05,0,0,0,1
1771685801780000,1771685801626000,0,1771685801628000,0,-569.195,0.5625,-0.032165527,-0.026296506,0.5754794,7.191369e-05,-5.1387968e-05,0,0,0,1
1771685801836000,1771685801678000,0,1771685801684000,0,-569.203,0.5625,-0.02368164,-0.026050178,0.5755088,3.8979084e-05,-5.0219016e-05,0,0,0,1
1771685801884000,1771685801730000,0,1771685801732000,0,-569.2,0.5625,-0.026367188,-0.026080042,0.57548004,4.8323385e-05,-5.0040442e-05,0,0,0,1
1771685801940000,1771685801782000,0,1771685801788000,0,-569.204,0.5625,-0.022155762,-0.025710363,0.57550955,3.4117784e-05,-4.854048e-05,0,0,0,1
1771685801988000,1771685801834000,0,1771685801836000,0,-569.195,0.5625,-0.030883789,-0.026197715,0.5754808,6.629645e-05,-5.0213144e-05,0,0,0,1
1771685802044000,1771685801886000,0,1771685801892000,0,-569.212,0.5625,-0.01361084,-0.025011994,0.5755104,1.2875873e-05,-4.6695866e-05,0,0,0,1
1771685802092000,1771685801938000,0,1771685801940000,0,-569.209,0.5625,-0.016540527,-0.024213957,0.5754818,1.9016348e-05,-4.4088374e-05,0,0,0,1
1771685802148000,1771685801990000,0,1771685801996000,0,-569.195,0.5625,-0.030395508,-0.024796277,0.5755114,6.421328e-05,-4.5984198e-05,0,0,0,1
1771685802196000,1771685802042000,0,1771685802044000,0,-569.197,0.5625,-0.027893066,-0.025088003,0.5754827,5.407795e-05,-4.6746653e-05,0,0,0,1
1771685802252000,1771685802094000,0,1771685802100000,0,-569.197,0.5625,-0.02758789,-0.025323499,0.5755124,5.2898373e-05,-4.732616e-05,0,0,0,1
1771685802300000,1771685802146000,0,1771685802148000,0,-569.205,0.5625,-0.019226074,-0.024749104,0.57548386,2.5692601e-05,-4.5288216e-05,0,0,0,1
1771685802356000,1771685802198000,0,1771685802204000,0,-569.208,0.5625,-0.016052246,-0.023929834,0.5755136,1.7909193e-05,-4.270903e-05,0,0,0,1
1771685802404000,1771685802250000,0,1771685802252000,0,-569.198,0.5625,-0.025817871,-0.024107693,0.575485,4.6330486e-05,-4.3050182e-05,0,0,0,1
1771685802460000,1771685802302000,0,1771685802308000,0,-569.201,0.5625,-0.022460938,-0.023952564,0.5755148,3.5063822e-05,-4.2297845e-05,0,0,0,1
1771685802508000,1771685802354000,0,1771685802356000,0,-569.193,0.5625,-0.030029297,-0.024525011,0.57548624,6.267803e-05,-4.421772e-05,0,0,0,1
1771685802564000,1771685802406000,0,1771685802412000,0,-569.185,0.5625,-0.03741455,-0.025739243,0.57551605,9.729345e-05,-4.9217608e-05,0,0,0,1
1771685802612000,1771685802458000,0,1771685802460000,0,-569.188,0.5625,-0.033569336,-0.02647686,0.5754875,7.832666e-05,-5.1959763e-05,0,0,0,1
1771685802668000,1771685802510000,0,1771685802516000,0,-569.185,0.5625,-0.035888672,-0.02736348,0.5755173,8.9519235e-05,-5.5497974e-05,0,0,0,1
1771685802716000,1771685802562000,0,1771685802564000,0,-569.172,0.5625,-0.048034668,-0.029310765,0.57548875,0.00016037356,-6.537756e-05,0,0,0,1
1771685802772000,1771685802614000,0,1771685802620000,0,-569.181,0.5625,-0.037902832,-0.030120162,0.57551855,9.9849065e-05,-6.8624875e-05,0,0,0,1
1771685802820000,1771685802666000,0,1771685802668000,0,-569.168,0.5625,-0.049926758,-0.031986002,0.57549,0.00017325627,-7.8481455e-05,0,0,0,1
1771685802876000,1771685802718000,0,1771685802724000,0,-569.184,0.5625,-0.03289795,-0.03207191,0.57551986,7.522069e-05,-7.817428e-05,0,0,0,1
1771685802924000,1771685802770000,0,1771685802772000,0,-569.182,0.5625,-0.033996582,-0.03225322,0.57549125,8.033259e-05,-7.83776e-05,0,0,0,1
1771685802980000,1771685802822000,0,1771685802828000,0,-569.184,0.5625,-0.03112793,-0.032147214,0.57552105,6.734405e-05,-7.7338205e-05,0,0,0,1
1771685803028000,1771685802874000,0,1771685802876000,0,-569.173,0.5625,-0.0413208,-0.03301139,0.57549244,0.000118674616,-8.123222e-05,0,0,0,1
1771685803084000,1771685802926000,0,1771685802932000,0,-569.182,0.5625,-0.03149414,-0.032868464,0.5755222,6.893781e-05,-8.0074045e-05,0,0,0,1
1771685803132000,1771685802978000,0,1771685802980000,0,-569.193,0.5625,-0.019897461,-0.031646557,0.5754935,2.7517874e-05,-7.51231e-05,0,0,0,1
1771685803188000,1771685803030000,0,1771685803036000,0,-569.187,0.5625,-0.025756836,-0.03109173,0.57552326,4.610862e-05,-7.238985e-05,0,0,0,1
1771685803236000,1771685803082000,0,1771685803084000,0,-569.177,0.5625,-0.035583496,-0.03151487,0.5754946,8.800675e-05,-7.3861e-05,0,0,0,1
1771685803292000,1771685803134000,0,1771685803140000,0,-569.191,0.5625,-0.02130127,-0.030552717,0.5755243,3.1536052e-05,-6.987387e-05,0,0,0,1
1771685803340000,1771685803186000,0,1771685803188000,0,-569.202,0.5625,-0.010131836,-0.02862901,0.5754955,7.1350064e-06,-6.396369e-05,0,0,0,1
1771685803396000,1771685803238000,0,1771685803244000,0,-569.2,0.5625,-0.012145996,-0.027076263,0.5755251,1.025326e-05,-5.8904014e-05,0,0,0,1
1771685803444000,1771685803290000,0,1771685803292000,0,-569.203,0.5625,-0.008850098,-0.025359305,0.5754963,5.443943e-06,-5.386792e-05,0,0,0,1
1771685803500000,1771685803342000,0,1771685803348000,0,-569.192,0.5625,-0.019470215,-0.024804534,0.5755259,2.634733e-05,-5.12754e-05,0,0,0,1
1771685803548000,1771685803394000,0,1771685803396000,0,-569.194,0.5625,-0.016967773,-0.024066288,0.575497,2.00109e-05,-4.8330196e-05,0,0,0,1
1771685803604000,1771685803446000,0,1771685803452000,0,-569.196,0.5625,-0.014892578,-0.023202097,0.57552654,1.5414676e-05,-4.522946e-05,0,0,0,1
1771685803652000,1771685803498000,0,1771685803500000,0,-569.189,0.5625,-0.022094727,-0.02309778,0.57549757,3.3930773e-05,-4.416509e-05,0,0,0,1
1771685803708000,1771685803550000,0,1771685803556000,0,-569.192,0.5625,-0.01977539,-0.022784801,0.57552713,2.717968e-05,-4.2565014e-05,0,0,0,1
1771685803756000,1771685803602000,0,1771685803604000,0,-569.207,0.5625,-0.005493164,-0.021155879,0.57549816,2.097303e-06,-3.8752838e-05,0,0,0,1
1771685803812000,1771685803654000,0,1771685803660000,0,-569.216,0.5625,0.0020141602,-0.018973194,0.5755277,2.8195626e-07,-3.5075645e-05,0,0,0,1
1771685803860000,1771685803706000,0,1771685803708000,0,-569.212,0.5625,-0.0036621094,-0.017530845,0.57549876,9.3213373e-07,-3.185923e-05,0,0,0,1
1771685803916000,1771685803758000,0,1771685803764000,0,-569.204,0.5625,-0.013549805,-0.01715582,0.5755284,1.2760254e-05,-3.006005e-05,0,0,0,1
1771685803964000,1771685803810000,0,1771685803812000,0,-569.208,0.5625,-0.010375977,-0.01651714,0.5754995,7.482953e-06,-2.7933222e-05,0,0,0,1
1771685804020000,1771685803862000,0,1771685803868000,0,-569.204,0.5625,-0.015380859,-0.0164101,0.5755291,1.6441973e-05,-2.6850712e-05,0,0,0,1
1771685804068000,1771685803914000,0,1771685803916000,0,-569.204,0.5625,-0.015563965,-0.016330391,0.57550025,1.6836622e-05,-2.5907355e-05,0,0,0,1
1771685804124000,1771685803966000,0,1771685803972000,0,-569.205,0.5625,-0.014831543,-0.016189195,0.57552993,1.5288495e-05,-2.4907027e-05,0,0,0,1
1771685804172000,1771685804018000,0,1771685804020000,0,-569.205,0.5625,-0.015014648,-0.01607855,0.5755011,1.5669104e-05,-2.4036788e-05,0,0,0,1
1771685804228000,1771685804070000,0,1771685804076000,0,-569.197,0.5625,-0.02331543,-0.016760286,0.57553077,3.778142e-05,-2.5331572e-05,0,0,0,1
1771685804276000,1771685804122000,0,1771685804124000,0,-569.202,0.5625,-0.018310547,-0.016906325,0.5755019,2.3303215e-05,-2.5140494e-05,0,0,0,1
1771685804332000,1771685804174000,0,1771685804180000,0,-569.196,0.5625,-0.024780273,-0.017648073,0.5755316,4.2677897e-05,-2.6792568e-05,0,0,0,1
1771685804380000,1771685804226000,0,1771685804228000,0,-569.192,0.5625,-0.028869629,-0.018705176,0.57550275,5.792886e-05,-2.9725697e-05,0,0,0,1
1771685804436000,1771685804278000,0,1771685804284000,0,-569.19,0.5625,-0.03149414,-0.019909933,0.5755325,6.893657e-05,-3.3419474e-05,0,0,0,1
1771685804484000,1771685804330000,0,1771685804332000,0,-569.184,0.5625,-0.038085938,-0.021622166,0.5755036,0.00010081874,-3.976868e-05,0,0,0,1
1771685804540000,1771685804382000,0,1771685804388000,0,-569.177,0.5625,-0.04626465,-0.02394356,0.5755333,0.00014876066,-5.0036044e-05,0,0,0,1
1771685804588000,1771685804434000,0,1771685804436000,0,-569.183,0.5625,-0.041259766,-0.025574798,0.57550436,0.00011832183,-5.646876e-05,0,0,0,1
1771685804644000,1771685804486000,0,1771685804492000,0,-569.191,0.5625,-0.035217285,-0.026483148,0.57553405,8.61987e-05,-5.926941e-05,0,0,0,1
1771685804692000,1771685804538000,0,1771685804540000,0,-569.173,0.5625,-0.05493164,-0.02916308,0.57550514,0.00020972776,-7.344302e-05,0,0,0,1
1771685804748000,1771685804590000,0,1771685804596000,0,-569.183,0.5625,-0.046691895,-0.030814344,0.5755348,0.0001515205,-8.079815e-05,0,0,0,1
1771685804796000,1771685804642000,0,1771685804644000,0,-569.188,0.5625,-0.04321289,-0.031982325,0.575506,0.00012978868,-8.54132e-05,0,0,0,1
1771685804852000,1771685804694000,0,1771685804700000,0,-569.203,0.5625,-0.030029297,-0.031798344,0.57553566,6.2672654e-05,-8.327098e-05,0,0,0,1
1771685804900000,1771685804746000,0,1771685804748000,0,-569.197,0.5625,-0.037353516,-0.032321658,0.57550675,9.697785e-05,-8.4562205e-05,0,0,0,1
1771685804956000,1771685804798000,0,1771685804804000,0,-569.192,0.5625,-0.044067383,-0.03342814,0.57553643,0.00013496517,-8.931031e-05,0,0,0,1
1771685805004000,1771685804850000,0,1771685804852000,0,-569.198,0.5625,-0.039245605,-0.033976164,0.5755076,0.00010705107,-9.098154e-05,0,0,0,1
1771685805060000,1771685804902000,0,1771685804908000,0,-569.214,0.5625,-0.024597168,-0.033092637,0.5755373,4.2049098e-05,-8.637196e-05,0,0,0,1
1771685805108000,1771685804954000,0,1771685804956000,0,-569.224,0.5625,-0.01586914,-0.031470135,0.5755085,1.7503105e-05,-7.988432e-05,0,0,0,1
1771685805164000,1771685805006000,0,1771685805012000,0,-569.22,0.5625,-0.021850586,-0.030563945,0.57553834,3.3182714e-05,-7.548489e-05,0,0,0,1
1771685805212000,1771685805058000,0,1771685805060000,0,-569.227,0.5625,-0.015930176,-0.029185401,0.5755095,1.763797e-05,-7.003554e-05,0,0,0,1
1771685805268000,1771685805110000,0,1771685805116000,0,-569.237,0.5625,-0.007080078,-0.027103016,0.57553947,3.4838622e-06,-6.376617e-05,0,0,0,1
1771685805316000,1771685805162000,0,1771685805164000,0,-569.24,0.5625,-0.0049438477,-0.025015559,0.57551074,1.6987783e-06,-5.7919242e-05,0,0,0,1
1771685805372000,1771685805214000,0,1771685805220000,0,-569.228,0.5625,-0.017333984,-0.024291933,0.57554084,2.0882411e-05,-5.4430264e-05,0,0,0,1
1771685805420000,1771685805266000,0,1771685805268000,0,-569.219,0.5625,-0.026000977,-0.02445293,0.57551223,4.698776e-05,-5.372916e-05,0,0,0,1
1771685805476000,1771685805318000,0,1771685805324000,0,-569.212,0.5625,-0.031799316,-0.025144981,0.5755425,7.02778e-05,-5.528809e-05,0,0,0,1
1771685805524000,1771685805370000,0,1771685805372000,0,-569.209,0.5625,-0.032714844,-0.025858084,0.575514,7.4386444e-05,-5.7087207e-05,0,0,0,1
1771685805580000,1771685805422000,0,1771685805428000,0,-569.214,0.5625,-0.024597168,-0.025739301,0.57554454,4.2048574e-05,-5.5670524e-05,0,0,0,1
1771685805628000,1771685805474000,0,1771685805476000,0,-569.206,0.5625,-0.029541016,-0.026097434,0.57551616,6.0653143e-05,-5.61399e-05,0,0,0,1
1771685805684000,1771685805526000,0,1771685805532000,0,-569.216,0.5625,-0.015319824,-0.025082152,0.57554686,1.6311235e-05,-5.2387924e-05,0,0,0,1
1771685805732000,1771685805578000,0,1771685805580000,0,-569.212,0.5625,-0.015563965,-0.024185512,0.57551867,1.6836082e-05,-4.9038837e-05,0,0,0,1
1771685805788000,1771685805630000,0,1771685805636000,0,-569.212,0.5625,-0.010864258,-0.02293061,0.57554954,8.203088e-06,-4.519199e-05,0,0,0,1
1771685805836000,1771685805682000,0,1771685805684000,0,-569.208,0.5625,-0.010681152,-0.021776676,0.57552135,7.929299e-06,-4.168174e-05,0,0,0,1
1771685805892000,1771685805734000,0,1771685805740000,0,-569.203,0.5625,-0.010925293,-0.020754443,0.57555234,8.295477e-06,-3.8536655e-05,0,0,0,1
1771685805940000,1771685805786000,0,1771685805788000,0,-569.211,0.5625,0.0010986328,-0.01869582,0.5755242,8.3888324e-08,-3.4898487e-05,0,0,0,1
1771685805996000,1771685805838000,0,1771685805844000,0,-569.205,0.5625,-0.0007324219,-0.017003616,0.5755552,3.7281694e-08,-3.161446e-05,0,0,0,1
1771685806044000,1771685805890000,0,1771685805892000,0,-569.199,0.5625,-0.0032348633,-0.01570656,0.575527,7.2728756e-07,-2.87048e-05,0,0,0,1
1771685806100000,1771685805942000,0,1771685805948000,0,-569.187,0.5625,-0.01159668,-0.015319397,0.57555795,9.346269e-06,-2.6881171e-05,0,0,0,1
1771685806148000,1771685805994000,0,1771685805996000,0,-569.171,0.5625,-0.024475098,-0.01618189,0.57552963,4.163333e-05,-2.8270868e-05,0,0,0,1
1771685806204000,1771685806046000,0,1771685806052000,0,-569.161,0.5625,-0.031188965,-0.0175956,0.57556045,6.7603774e-05,-3.1976142e-05,0,0,0,1
1771685806252000,1771685806098000,0,1771685806100000,0,-569.155,0.5625,-0.034362793,-0.019175118,0.57553196,8.206679e-05,-3.6694826e-05,0,0,0,1
1771685806308000,1771685806150000,0,1771685806156000,0,-569.167,0.5625,-0.01977539,-0.019231666,0.57556254,2.7178006e-05,-3.5798315e-05,0,0,0,1
1771685806356000,1771685806202000,0,1771685806204000,0,-569.161,0.5625,-0.023986816,-0.019679615,0.5755338,3.9988434e-05,-3.6193036e-05,0,0,0,1
1771685806412000,1771685806254000,0,1771685806260000,0,-569.164,0.5625,-0.019226074,-0.01963689,0.5755641,2.568902e-05,-3.5203528e-05,0,0,0,1
1771685806460000,1771685806306000,0,1771685806308000,0,-569.16,0.5625,-0.021911621,-0.019851176,0.57553506,3.3368542e-05,-3.5030665e-05,0,0,0,1
1771685806516000,1771685806358000,0,1771685806364000,0,-569.15,0.5625,-0.030578613,-0.020861732,0.57556504,6.498321e-05,-3.7852282e-05,0,0,0,1
1771685806564000,1771685806410000,0,1771685806412000,0,-569.132,0.5625,-0.04724121,-0.023346756,0.5755358,0.00015510639,-4.889796e-05,0,0,0,1
1771685806620000,1771685806462000,0,1771685806468000,0,-569.156,0.5625,-0.021850586,-0.023205813,0.57556546,3.318115e-05,-4.741739e-05,0,0,0,1
1771685806668000,1771685806514000,0,1771685806516000,0,-569.149,0.5625,-0.028198242,-0.023676114,0.57553595,5.5262637e-05,-4.8156435e-05,0,0,0,1
1771685806724000,1771685806566000,0,1771685806572000,0,-569.143,0.5625,-0.0335083,-0.024602335,0.5755653,7.8031546e-05,-5.0970757e-05,0,0,0,1
1771685806772000,1771685806618000,0,1771685806620000,0,-569.138,0.5625,-0.037902832,-0.02585528,0.57553554,9.984611e-05,-5.5574958e-05,0,0,0,1
1771685806828000,1771685806670000,0,1771685806676000,0,-569.144,0.5625,-0.031433105,-0.026380727,0.5755646,6.86658e-05,-5.6808152e-05,0,0,0,1
1771685806876000,1771685806722000,0,1771685806724000,0,-569.148,0.5625,-0.026794434,-0.0264197,0.5755347,4.9897368e-05,-5.6157136e-05,0,0,0,1
1771685806932000,1771685806774000,0,1771685806780000,0,-569.135,0.5625,-0.03955078,-0.027656686,0.57556355,0.000108711836,-6.1107945e-05,0,0,0,1
1771685806980000,1771685806826000,0,1771685806828000,0,-569.144,0.5625,-0.030273438,-0.027903192,0.5755335,6.36961e-05,-6.1351755e-05,0,0,0,1
1771685807036000,1771685806878000,0,1771685806884000,0,-569.156,0.5625,-0.018554688,-0.027022535,0.5755621,2.3926274e-05,-5.7826164e-05,0,0,0,1
1771685807084000,1771685806930000,0,1771685806932000,0,-569.154,0.5625,-0.020874023,-0.026443327,0.57553196,3.0283278e-05,-5.5231543e-05,0,0,0,1
1771685807140000,1771685806982000,0,1771685806988000,0,-569.159,0.5625,-0.016418457,-0.025498955,0.5755604,1.8734141e-05,-5.179338e-05,0,0,0,1
1771685807188000,1771685807034000,0,1771685807036000,0,-569.165,0.5625,-0.010986328,-0.024131823,0.5755301,8.388746e-06,-4.770454e-05,0,0,0,1
1771685807244000,1771685807086000,0,1771685807092000,0,-569.157,0.5625,-0.019958496,-0.023738684,0.5755584,2.7683831e-05,-4.581853e-05,0,0,0,1
1771685807292000,1771685807138000,0,1771685807140000,0,-569.149,0.5625,-0.028686523,-0.024204785,0.575528,5.719385e-05,-4.689012e-05,0,0,0,1
1771685807348000,1771685807190000,0,1771685807196000,0,-569.149,0.5625,-0.02960205,-0.024713224,0.5755562,6.0899794e-05,-4.8209873e-05,0,0,0,1
1771685807396000,1771685807242000,0,1771685807244000,0,-569.148,0.5625,-0.031188965,-0.025323257,0.5755258,6.760785e-05,-5.003722e-05,0,0,0,1
1771685807452000,1771685807294000,0,1771685807300000,0,-569.153,0.5625,-0.02722168,-0.025502093,0.5755539,5.14996e-05,-5.017498e-05,0,0,0,1
1771685807500000,1771685807346000,0,1771685807348000,0,-569.154,0.5625,-0.027160645,-0.025658334,0.5755235,5.1271625e-05,-5.0278286e-05,0,0,0,1
1771685807556000,1771685807398000,0,1771685807404000,0,-569.156,0.5625,-0.026367188,-0.02572511,0.57555157,4.831738e-05,-5.0093564e-05,0,0,0,1
1771685807604000,1771685807450000,0,1771685807452000,0,-569.154,0.5625,-0.029296875,-0.02606158,0.5755211,5.965424e-05,-5.0994207e-05,0,0,0,1
1771685807660000,1771685807502000,0,1771685807508000,0,-569.158,0.5625,-0.026489258,-0.026101869,0.5755491,4.8766004e-05,-5.0784303e-05,0,0,0,1
1771685807708000,1771685807554000,0,1771685807556000,0,-569.169,0.5625,-0.016784668,-0.02522416,0.5755187,1.9580602e-05,-4.7844824e-05,0,0,0,1
1771685807764000,1771685807606000,0,1771685807612000,0,-569.162,0.5625,-0.025756836,-0.02527434,0.57554674,4.6106743e-05,-4.7681093e-05,0,0,0,1
1771685807812000,1771685807658000,0,1771685807660000,0,-569.16,0.5625,-0.02911377,-0.025636025,0.5755164,5.8911377e-05,-4.8739017e-05,0,0,0,1
1771685807868000,1771685807710000,0,1771685807716000,0,-569.168,0.5625,-0.022460938,-0.025336923,0.5755444,3.5062018e-05,-4.7450605e-05,0,0,0,1
1771685807916000,1771685807762000,0,1771685807764000,0,-569.165,0.5625,-0.026611328,-0.025456976,0.57551414,4.921949e-05,-4.761724e-05,0,0,0,1
1771685807972000,1771685807814000,0,1771685807820000,0,-569.16,0.5625,-0.032958984,-0.026163688,0.57554215,7.549714e-05,-5.024361e-05,0,0,0,1
1771685808020000,1771685807866000,0,1771685807868000,0,-569.159,0.5625,-0.034851074,-0.026982065,0.57551193,8.441857e-05,-5.346299e-05,0,0,0,1
1771685808076000,1771685807918000,0,1771685807924000,0,-569.157,0.5625,-0.038146973,-0.028033832,0.57554,0.00010113573,-5.79539e-05,0,0,0,1
1771685808124000,1771685807970000,0,1771685807972000,0,-569.18,0.5625,-0.016052246,-0.026905132,0.5755098,1.7909311e-05,-5.4181583e-05,0,0,0,1
1771685808180000,1771685808022000,0,1771685808028000,0,-569.178,0.5625,-0.01977539,-0.02623349,0.5755379,2.717917e-05,-5.163788e-05,0,0,0,1
1771685808228000,1771685808074000,0,1771685808076000,0,-569.176,0.5625,-0.023071289,-0.025935601,0.5755078,3.6995807e-05,-5.0258554e-05,0,0,0,1
1771685808284000,1771685808126000,0,1771685808132000,0,-569.203,0.5625,0.0026245117,-0.023245156,0.575536,4.787233e-07,-4.5478955e-05,0,0,0,1
1771685808332000,1771685808178000,0,1771685808180000,0,-569.198,0.5625,-0.0036621094,-0.021400375,0.5755059,9.3212213e-07,-4.1282514e-05,0,0,0,1
1771685808388000,1771685808230000,0,1771685808236000,0,-569.199,0.5625,-0.0041503906,-0.019775376,0.57553416,1.1972003e-06,-3.750636e-05,0,0,0,1
1771685808436000,1771685808282000,0,1771685808284000,0,-569.184,0.5625,-0.020263672,-0.019821374,0.5755042,2.8539594e-05,-3.6661666e-05,0,0,0,1
1771685808492000,1771685808334000,0,1771685808340000,0,-569.186,0.5625,-0.019348145,-0.019776795,0.57553244,2.6017695e-05,-3.5658974e-05,0,0,0,1
1771685808540000,1771685808386000,0,1771685808388000,0,-569.195,0.5625,-0.011230469,-0.018971706,0.5755025,8.766143e-06,-3.312559e-05,0,0,0,1
1771685808596000,1771685808438000,0,1771685808444000,0,-569.202,0.5625,-0.005554199,-0.017707737,0.5755308,2.1440471e-06,-3.0207038e-05,0,0,0,1
1771685808644000,1771685808490000,0,1771685808492000,0,-569.2,0.5625,-0.008850098,-0.016873322,0.57550097,5.443899e-06,-2.787428e-05,0,0,0,1
1771685808700000,1771685808542000,0,1771685808548000,0,-569.198,0.5625,-0.012390137,-0.016450994,0.57552934,1.0669516e-05,-2.6253541e-05,0,0,0,1
1771685808748000,1771685808594000,0,1771685808596000,0,-569.2,0.5625,-0.010864258,-0.015924707,0.57549953,8.203801e-06,-2.4553203e-05,0,0,0,1
1771685808804000,1771685808646000,0,1771685808652000,0,-569.205,0.5625,-0.006713867,-0.015057019,0.57552797,3.1328461e-06,-2.2535343e-05,0,0,0,1
1771685808852000,1771685808698000,0,1771685808700000,0,-569.203,0.5625,-0.009521484,-0.014535556,0.5754982,6.30123e-06,-2.1006043e-05,0,0,0,1
1771685808908000,1771685808750000,0,1771685808756000,0,-569.203,0.5625,-0.010375977,-0.014143711,0.57552665,7.4826e-06,-1.9732095e-05,0,0,0,1
1771685808956000,1771685808802000,0,1771685808804000,0,-569.206,0.5625,-0.008056641,-0.013570291,0.575497,4.511541e-06,-1.8298275e-05,0,0,0,1
1771685809012000,1771685808854000,0,1771685808860000,0,-569.209,0.5625,-0.0060424805,-0.012861149,0.57552546,2.5376162e-06,-1.6813576e-05,0,0,0,1
1771685809060000,1771685808906000,0,1771685808908000,0,-569.215,0.5625,-0.0008544922,-0.011730087,0.5754958,5.0749765e-08,-1.5234469e-05,0,0,0,1
1771685809116000,1771685808958000,0,1771685808964000,0,-569.205,0.5625,-0.01159668,-0.01171752,0.57552433,9.346814e-06,-1.4679835e-05,0,0,0,1
1771685809164000,1771685809010000,0,1771685809012000,0,-569.197,0.5625,-0.019958496,-0.012493843,0.5754947,2.7686898e-05,-1.5905138e-05,0,0,0,1
1771685809220000,1771685809062000,0,1771685809068000,0,-569.184,0.5625,-0.03314209,-0.014438968,0.57552326,7.634083e-05,-2.1598356e-05,0,0,0,1
1771685809268000,1771685809114000,0,1771685809116000,0,-569.195,0.5625,-0.021911621,-0.015142914,0.5754937,3.337094e-05,-2.2707369e-05,0,0,0,1
1771685809324000,1771685809166000,0,1771685809172000,0,-569.198,0.5625,-0.019042969,-0.01551031,0.57552224,2.5203868e-05,-2.2942546e-05,0,0,0,1
1771685809372000,1771685809218000,0,1771685809220000,0,-569.208,0.5625,-0.009155273,-0.014911648,0.5754927,5.8258975e-06,-2.1330108e-05,0,0,0,1
1771685809428000,1771685809270000,0,1771685809276000,0,-569.208,0.5625,-0.0095825195,-0.014409629,0.5755213,6.382018e-06,-1.9921954e-05,0,0,0,1
1771685809476000,1771685809322000,0,1771685809324000,0,-569.212,0.5625,-0.005859375,-0.01360417,0.5754918,2.3862913e-06,-1.8270044e-05,0,0,0,1
1771685809532000,1771685809374000,0,1771685809380000,0,-569.188,0.5625,-0.030029297,-0.015151464,0.5755204,6.267431e-05,-2.2453056e-05,0,0,0,1
1771685809580000,1771685809426000,0,1771685809428000,0,-569.207,0.5625,-0.010559082,-0.014718848,0.5754909,7.749503e-06,-2.1067939e-05,0,0,0,1
1771685809636000,1771685809478000,0,1771685809484000,0,-569.213,0.5625,-0.0045776367,-0.013763517,0.5755195,1.4564065e-06,-1.9220475e-05,0,0,0,1
1771685809684000,1771685809530000,0,1771685809532000,0,-569.204,0.5625,-0.013671875,-0.013754884,0.57549,1.2992071e-05,-1.8633742e-05,0,0,0,1
1771685809740000,1771685809582000,0,1771685809588000,0,-569.195,0.5625,-0.022583008,-0.0145865185,0.57551867,3.5445748e-05,-2.0217482e-05,0,0,0,1
1771685809788000,1771685809634000,0,1771685809636000,0,-569.203,0.5625,-0.014282227,-0.014557853,0.57548916,1.417799e-05,-1.9648543e-05,0,0,0,1
1771685809844000,1771685809686000,0,1771685809692000,0,-569.189,0.5625,-0.028198242,-0.015842818,0.57551783,5.5264376e-05,-2.3003658e-05,0,0,0,1
1771685809892000,1771685809738000,0,1771685809740000,0,-569.199,0.5625,-0.017822266,-0.016029287,0.5754884,2.2077467e-05,-2.2916409e-05,0,0,0,1
1771685809948000,1771685809790000,0,1771685809796000,0,-569.207,0.5625,-0.009643555,-0.015427733,0.57551706,6.4636242e-06,-2.1366508e-05,0,0,0,1
1771685809996000,1771685809842000,0,1771685809844000,0,-569.213,0.5625,-0.003540039,-0.014307877,0.5754876,8.710441e-07,-1.9435776e-05,0,0,0,1
1771685810052000,1771685809894000,0,1771685809900000,0,-569.216,0.5625,-0.00079345703,-0.01303478,0.57551634,4.375716e-08,-1.7608992e-05,0,0,0,1
1771685810100000,1771685809946000,0,1771685809948000,0,-569.213,0.5625,-0.004333496,-0.012215094,0.5754869,1.305273e-06,-1.6073134e-05,0,0,0,1
1771685810156000,1771685809998000,0,1771685810004000,0,-569.199,0.5625,-0.018676758,-0.0128238015,0.5755156,2.4244087e-05,-1.6842861e-05,0,0,0,1
1771685810204000,1771685810050000,0,1771685810052000,0,-569.206,0.5625,-0.011413574,-0.012690954,0.5754862,9.054583e-06,-1.6109183e-05,0,0,0,1
1771685810260000,1771685810102000,0,1771685810108000,0,-569.214,0.5625,-0.0034179688,-0.0118174115,0.5755149,8.1196924e-07,-1.4668141e-05,0,0,0,1
1771685810308000,1771685810154000,0,1771685810156000,0,-569.201,0.5625,-0.016601562,-0.0122680925,0.5754855,1.9156823e-05,-1.5090988e-05,0,0,0,1
1771685810364000,1771685810206000,0,1771685810212000,0,-569.21,0.5625,-0.007446289,-0.011813864,0.57551426,3.8537514e-06,-1.4032408e-05,0,0,0,1
1771685810412000,1771685810258000,0,1771685810260000,0,-569.194,0.5625,-0.023498535,-0.012914594,0.5754849,3.8380236e-05,-1.6326045e-05,0,0,0,1
1771685810468000,1771685810310000,0,1771685810316000,0,-569.2,0.5625,-0.017211914,-0.013319414,0.5755136,2.0590303e-05,-1.672775e-05,0,0,0,1
1771685810516000,1771685810362000,0,1771685810364000,0,-569.211,0.5625,-0.006164551,-0.012645405,0.5754843,2.6413709e-06,-1.5400772e-05,0,0,0,1
1771685810572000,1771685810414000,0,1771685810420000,0,-569.213,0.5625,-0.004333496,-0.011862399,0.575513,1.3052138e-06,-1.407293e-05,0,0,0,1
1771685810620000,1771685810466000,0,1771685810468000,0,-569.202,0.5625,-0.0154418945,-0.012199598,0.5754837,1.6574031e-05,-1.4308541e-05,0,0,0,1
1771685810676000,1771685810518000,0,1771685810524000,0,-569.193,0.5625,-0.024414062,-0.013350236,0.5755124,4.1427185e-05,-1.6863196e-05,0,0,0,1
1771685810724000,1771685810570000,0,1771685810572000,0,-569.191,0.5625,-0.026123047,-0.014553472,0.5754831,4.7432397e-05,-1.9742904e-05,0,0,0,1
1771685810780000,1771685810622000,0,1771685810628000,0,-569.193,0.5625,-0.023742676,-0.015419122,0.5755119,3.9180053e-05,-2.157394e-05,0,0,0,1
1771685810828000,1771685810674000,0,1771685810676000,0,-569.194,0.5625,-0.022521973,-0.01608823,0.5754826,3.5256617e-05,-2.2862889e-05,0,0,0,1
1771685810884000,1771685810726000,0,1771685810732000,0,-569.206,0.5625,-0.010314941,-0.01554437,0.57551134,7.395025e-06,-2.140577e-05,0,0,0,1
1771685810932000,1771685810778000,0,1771685810780000,0,-569.203,0.5625,-0.013305664,-0.015333477,0.5754821,1.2305558e-05,-2.0548505e-05,0,0,0,1
1771685810988000,1771685810830000,0,1771685810836000,0,-569.208,0.5625,-0.008300781,-0.014670977,0.57551086,4.7889953e-06,-1.9063913e-05,0,0,0,1
1771685811036000,1771685810882000,0,1771685810884000,0,-569.2,0.5625,-0.016418457,-0.014835595,0.5754816,1.8736706e-05,-1.9033088e-05,0,0,0,1
1771685811092000,1771685810934000,0,1771685810940000,0,-569.195,0.5625,-0.02130127,-0.01544468,0.57551044,3.153681e-05,-2.0210975e-05,0,0,0,1
1771685811140000,1771685810986000,0,1771685810988000,0,-569.217,0.5625,0.00091552734,-0.0139035005,0.5754812,5.8260138e-08,-1.8301555e-05,0,0,0,1
1771685811196000,1771685811038000,0,1771685811044000,0,-569.209,0.5625,-0.007385254,-0.013289463,0.57551,3.790862e-06,-1.6934606e-05,0,0,0,1
1771685811244000,1771685811090000,0,1771685811092000,0,-569.215,0.5625,-0.0014038086,-0.0121698,0.57548076,1.3697615e-07,-1.535222e-05,0,0,0,1
1771685811300000,1771685811142000,0,1771685811148000,0,-569.211,0.5625,-0.0056762695,-0.01155809,0.5755096,2.239409e-06,-1.4116955e-05,0,0,0,1
1771685811348000,1771685811194000,0,1771685811196000,0,-569.191,0.5625,-0.025817871,-0.012901403,0.5754804,4.6330857e-05,-1.7151599e-05,0,0,0,1
1771685811404000,1771685811246000,0,1771685811252000,0,-569.2,0.5625,-0.016540527,-0.013244219,0.57550925,1.901544e-05,-1.7327178e-05,0,0,0,1
1771685811452000,1771685811298000,0,1771685811300000,0,-569.202,0.5625,-0.014404297,-0.013353501,0.57548004,1.4421614e-05,-1.7053466e-05,0,0,0,1
1771685811508000,1771685811350000,0,1771685811356000,0,-569.197,0.5625,-0.019348145,-0.0139182145,0.5755089,2.601876e-05,-1.7898023e-05,0,0,0,1
1771685811556000,1771685811402000,0,1771685811404000,0,-569.196,0.5625,-0.020141602,-0.0145044755,0.57547975,2.8197977e-05,-1.8868308e-05,0,0,0,1
1771685811612000,1771685811454000,0,1771685811460000,0,-569.192,0.5625,-0.023986816,-0.01539774,0.5755086,3.9990184e-05,-2.085805e-05,0,0,0,1
1771685811660000,1771685811506000,0,1771685811508000,0,-569.188,0.5625,-0.027648926,-0.016551837,0.57547945,5.3135736e-05,-2.3898701e-05,0,0,0,1
1771685811716000,1771685811558000,0,1771685811564000,0,-569.188,0.5625,-0.027282715,-0.017562717,0.5755083,5.1734893e-05,-2.6520951e-05,0,0,0,1
1771685811764000,1771685811610000,0,1771685811612000,0,-569.195,0.5625,-0.019897461,-0.017782656,0.57547915,2.7518561e-05,-2.6614929e-05,0,0,0,1
1771685811820000,1771685811662000,0,1771685811668000,0,-569.207,0.5625,-0.0078125,-0.016843438,0.57550806,4.2421757e-06,-2.450735e-05,0,0,0,1
1771685811868000,1771685811714000,0,1771685811716000,0,-569.197,0.5625,-0.017822266,-0.016935647,0.5754789,2.2077831e-05,-2.4278483e-05,0,0,0,1
1771685811924000,1771685811766000,0,1771685811772000,0,-569.192,0.5625,-0.022705078,-0.017479144,0.5755078,3.5830657e-05,-2.5366731e-05,0,0,0,1
1771685811972000,1771685811818000,0,1771685811820000,0,-569.189,0.5625,-0.02545166,-0.018230177,0.5754787,4.502596e-05,-2.7218688e-05,0,0,0,1
1771685812028000,1771685811870000,0,1771685811876000,0,-569.19,0.5625,-0.024230957,-0.018795468,0.5755076,4.080845e-05,-2.8498884e-05,0,0,0,1
1771685812076000,1771685811922000,0,1771685811924000,0,-569.2,0.5625,-0.013916016,-0.01833581,0.57547843,1.3460486e-05,-2.7082224e-05,0,0,0,1
1771685812132000,1771685811974000,0,1771685811980000,0,-569.207,0.5625,-0.006958008,-0.017263988,0.5755074,3.3649524e-06,-2.4847988e-05,0,0,0,1
1771685812180000,1771685812026000,0,1771685812028000,0,-569.193,0.5625,-0.020996094,-0.017615564,0.57547826,3.0641364e-05,-2.5393741e-05,0,0,0,1
1771685812236000,1771685812078000,0,1771685812084000,0,-569.193,0.5625,-0.020751953,-0.01791102,0.5755072,2.9931409e-05,-2.5821202e-05,0,0,0,1
1771685812284000,1771685812130000,0,1771685812132000,0,-569.186,0.5625,-0.027526855,-0.01881686,0.5754781,5.266771e-05,-2.8350221e-05,0,0,0,1
1771685812340000,1771685812182000,0,1771685812188000,0,-569.179,0.5625,-0.034179688,-0.020264084,0.57550704,8.1198035e-05,-3.3328637e-05,0,0,0,1
1771685812388000,1771685812234000,0,1771685812236000,0,-569.183,0.5625,-0.029663086,-0.021149497,0.57547796,6.11595e-05,-3.5950387e-05,0,0,0,1
1771685812444000,1771685812286000,0,1771685812292000,0,-569.204,0.5625,-0.008300781,-0.019939112,0.5755069,4.789028e-06,-3.3014898e-05,0,0,0,1
1771685812492000,1771685812338000,0,1771685812340000,0,-569.199,0.5625,-0.013305664,-0.019314222,0.5754778,1.2305649e-05,-3.1064028e-05,0,0,0,1
1771685812548000,1771685812390000,0,1771685812396000,0,-569.195,0.5625,-0.01727295,-0.019121928,0.57550675,2.073684e-05,-3.0091176e-05,0,0,0,1
1771685812596000,1771685812442000,0,1771685812444000,0,-569.192,0.5625,-0.020141602,-0.019217985,0.57547766,2.8198077e-05,-2.991284e-05,0,0,0,1
1771685812652000,1771685812494000,0,1771685812500000,0,-569.18,0.5625,-0.032043457,-0.020426182,0.5755066,7.136551e-05,-3.3817803e-05,0,0,0,1
1771685812700000,1771685812546000,0,1771685812548000,0,-569.186,0.5625,-0.025512695,-0.020905346,0.57547754,4.524226e-05,-3.489402e-05,0,0,0,1
1771685812756000,1771685812598000,0,1771685812604000,0,-569.176,0.5625,-0.03515625,-0.022247823,0.57550657,8.590428e-05,-3.9699335e-05,0,0,0,1
1771685812804000,1771685812650000,0,1771685812652000,0,-569.174,0.5625,-0.03656006,-0.023596076,0.5754775,9.290635e-05,-4.471159e-05,0,0,0,1
1771685812860000,1771685812702000,0,1771685812708000,0,-569.174,0.5625,-0.036010742,-0.024765573,0.57550645,9.013095e-05,-4.8990223e-05,0,0,0,1
1771685812908000,1771685812754000,0,1771685812756000,0,-569.175,0.5625,-0.034484863,-0.025681159,0.57547736,8.2658735e-05,-5.2161893e-05,0,0,0,1
1771685812964000,1771685812806000,0,1771685812812000,0,-569.183,0.5625,-0.026062012,-0.025717037,0.5755063,4.7209105e-05,-5.1695326e-05,0,0,0,1
1771685813012000,1771685812858000,0,1771685812860000,0,-569.189,0.5625,-0.01965332,-0.025145818,0.5754773,2.6847489e-05,-4.935459e-05,0,0,0,1
1771685813068000,1771685812910000,0,1771685812916000,0,-569.192,0.5625,-0.016540527,-0.024335174,0.57550627,1.9015539e-05,-4.6496563e-05,0,0,0,1
1771685813116000,1771685812962000,0,1771685812964000,0,-569.187,0.5625,-0.021484375,-0.02406662,0.57547724,3.208317e-05,-4.513878e-05,0,0,0,1
1771685813172000,1771685813014000,0,1771685813020000,0,-569.202,0.5625,-0.006225586,-0.022385942,0.5755062,2.6938317e-06,-4.114034e-05,0,0,0,1
1771685813220000,1771685813066000,0,1771685813068000,0,-569.204,0.5625,-0.004333496,-0.020685349,0.5754771,1.3052952e-06,-3.7387763e-05,0,0,0,1
1771685813276000,1771685813118000,0,1771685813124000,0,-569.2,0.5625,-0.008422852,-0.019530186,0.57550615,4.930924e-06,-3.4330234e-05,0,0,0,1
1771685813324000,1771685813170000,0,1771685813172000,0,-569.21,0.5625,0.0015869141,-0.017540894,0.5754771,1.7504057e-07,-3.1079737e-05,0,0,0,1
1771685813380000,1771685813222000,0,1771685813228000,0,-569.206,0.5625,-0.0028686523,-0.016158726,0.5755061,5.719603e-07,-2.8205815e-05,0,0,0,1
1771685813428000,1771685813274000,0,1771685813276000,0,-569.199,0.5625,-0.010314941,-0.015608225,0.57547706,7.395465e-06,-2.624542e-05,0,0,0,1
1771685813484000,1771685813326000,0,1771685813332000,0,-569.183,0.5625,-0.026550293,-0.016639,0.57550603,4.899466e-05,-2.8388464e-05,0,0,0,1
1771685813532000,1771685813378000,0,1771685813380000,0,-569.185,0.5625,-0.024108887,-0.017342685,0.575477,4.0400464e-05,-2.952003e-05,0,0,0,1
1771685813588000,1771685813430000,0,1771685813436000,0,-569.176,0.5625,-0.03277588,-0.018796537,0.57550603,7.46653e-05,-3.3772845e-05,0,0,0,1
1771685813636000,1771685813482000,0,1771685813484000,0,-569.183,0.5625,-0.025268555,-0.01940622,0.575477,4.4380566e-05,-3.477212e-05,0,0,0,1
1771685813692000,1771685813534000,0,1771685813540000,0,-569.183,0.5625,-0.024963379,-0.01992972,0.575506,4.3312863e-05,-3.5576682e-05,0,0,0,1
1771685813740000,1771685813586000,0,1771685813588000,0,-569.191,0.5625,-0.016662598,-0.019621948,0.57547694,1.929823e-05,-3.4043205e-05,0,0,0,1
1771685813796000,1771685813638000,0,1771685813644000,0,-569.193,0.5625,-0.014709473,-0.01915918,0.575506,1.5038494e-05,-3.2252905e-05,0,0,0,1
1771685813844000,1771685813690000,0,1771685813692000,0,-569.191,0.5625,-0.016662598,-0.018923994,0.57547694,1.929823e-05,-3.1032538e-05,0,0,0,1
1771685813900000,1771685813742000,0,1771685813748000,0,-569.181,0.5625,-0.026489258,-0.019636665,0.575506,4.876966e-05,-3.2703425e-05,0,0,0,1
1771685813948000,1771685813794000,0,1771685813796000,0,-569.186,0.5625,-0.021118164,-0.019776227,0.5754769,3.0998766e-05,-3.254284e-05,0,0,0,1
1771685814004000,1771685813846000,0,1771685813852000,0,-569.175,0.5625,-0.031921387,-0.020920336,0.5755059,7.08229e-05,-3.6148933e-05,0,0,0,1
1771685814052000,1771685813898000,0,1771685813900000,0,-569.159,0.5625,-0.04736328,-0.02341134,0.5754769,0.00015592498,-4.7432186e-05,0,0,0,1
1771685814108000,1771685813950000,0,1771685813956000,0,-569.175,0.5625,-0.030578613,-0.024086516,0.5755059,6.498989e-05,-4.908617e-05,0,0,0,1
1771685814156000,1771685814002000,0,1771685814004000,0,-569.174,0.5625,-0.031066895,-0.024744088,0.5754769,6.708537e-05,-5.078175e-05,0,0,0,1
1771685814212000,1771685814054000,0,1771685814060000,0,-569.181,0.5625,-0.023620605,-0.024638252,0.5755059,3.8778613e-05,-4.965102e-05,0,0,0,1
1771685814260000,1771685814106000,0,1771685814108000,0,-569.192,0.5625,-0.012329102,-0.023478694,0.5754769,1.056562e-05,-4.596906e-05,0,0,0,1
1771685814316000,1771685814158000,0,1771685814164000,0,-569.193,0.5625,-0.011291504,-0.022330625,0.5755059,8.861633e-06,-4.247343e-05,0,0,0,1
1771685814364000,1771685814210000,0,1771685814212000,0,-569.188,0.5625,-0.016540527,-0.021785181,0.5754769,1.901651e-05,-4.0263723e-05,0,0,0,1
1771685814420000,1771685814262000,0,1771685814268000,0,-569.193,0.5625,-0.01171875,-0.020836893,0.5755059,9.54493e-06,-3.7369922e-05,0,0,0,1
1771685814468000,1771685814314000,0,1771685814316000,0,-569.179,0.5625,-0.0256958,-0.021294616,0.5754769,4.5894056e-05,-3.817292e-05,0,0,0,1
1771685814524000,1771685814366000,0,1771685814372000,0,-569.173,0.5625,-0.031433105,-0.022249691,0.5755059,6.86728e-05,-4.1046096e-05,0,0,0,1
1771685814572000,1771685814418000,0,1771685814420000,0,-569.184,0.5625,-0.019897461,-0.022028103,0.5754769,2.751867e-05,-3.9771774e-05,0,0,0,1
1771685814628000,1771685814470000,0,1771685814476000,0,-569.181,0.5625,-0.022705078,-0.022091877,0.5755059,3.5830777e-05,-3.9400522e-05,0,0,0,1
1771685814676000,1771685814522000,0,1771685814524000,0,-569.187,0.5625,-0.016418457,-0.021557424,0.5754769,1.8736859e-05,-3.7453945e-05,0,0,0,1
1771685814732000,1771685814574000,0,1771685814580000,0,-569.185,0.5625,-0.018310547,-0.02125156,0.5755059,2.3303053e-05,-3.612089e-05,0,0,0,1
1771685814780000,1771685814626000,0,1771685814628000,0,-569.17,0.5625,-0.03326416,-0.022383181,0.5754769,7.691043e-05,-3.9963386e-05,0,0,0,1
1771685814836000,1771685814678000,0,1771685814684000,0,-569.176,0.5625,-0.027160645,-0.022833232,0.5755059,5.1273193e-05,-4.1028805e-05,0,0,0,1
1771685814884000,1771685814730000,0,1771685814732000,0,-569.186,0.5625,-0.017150879,-0.022297937,0.5754769,2.0445836e-05,-3.9089828e-05,0,0,0,1
1771685814940000,1771685814782000,0,1771685814788000,0,-569.194,0.5625,-0.009460449,-0.02108861,0.5755059,6.220621e-06,-3.5993453e-05,0,0,0,1
1771685814988000,1771685814834000,0,1771685814836000,0,-569.196,0.5625,-0.0076904297,-0.019826462,0.5754769,4.110866e-06,-3.299002e-05,0,0,0,1
1771685815044000,1771685814886000,0,1771685814892000,0,-569.18,0.5625,-0.024108887,-0.02022988,0.575506,4.0398427e-05,-3.3687913e-05,0,0,0,1
1771685815092000,1771685814938000,0,1771685814940000,0,-569.182,0.5625,-0.022033691,-0.020399803,0.57547694,3.374478e-05,-3.3693268e-05,0,0,0,1
1771685815148000,1771685814990000,0,1771685814996000,0,-569.196,0.5625,-0.008178711,-0.019248541,0.575506,4.6492173e-06,-3.0957235e-05,0,0,0,1
1771685815196000,1771685815042000,0,1771685815044000,0,-569.187,0.5625,-0.01739502,-0.019073933,0.57547694,2.1032065e-05,-3.0022255e-05,0,0,0,1
1771685815252000,1771685815094000,0,1771685815100000,0,-569.175,0.5625,-0.02960205,-0.020065712,0.575506,6.0905113e-05,-3.2931508e-05,0,0,0,1
1771685815300000,1771685815146000,0,1771685815148000,0,-569.173,0.5625,-0.03161621,-0.021153802,0.57547694,6.94787e-05,-3.637436e-05,0,0,0,1
1771685815356000,1771685815198000,0,1771685815204000,0,-569.177,0.5625,-0.027709961,-0.02177141,0.575506,5.336813e-05,-3.7975224e-05,0,0,0,1
1771685815404000,1771685815250000,0,1771685815252000,0,-569.19,0.5625,-0.015075684,-0.021140654,0.57547694,1.5797417e-05,-3.588601e-05,0,0,0,1
1771685815460000,1771685815302000,0,1771685815308000,0,-569.189,0.5625,-0.017150879,-0.020764805,0.575506,2.0444802e-05,-3.4431403e-05,0,0,0,1
1771685815508000,1771685815354000,0,1771685815356000,0,-569.189,0.5625,-0.0178833,-0.020493358,0.57547694,2.2229384e-05,-3.3281936e-05,0,0,0,1
1771685815564000,1771685815406000,0,1771685815412000,0,-569.179,0.5625,-0.028442383,-0.021242179,0.575506,5.6226636e-05,-3.5443394e-05,0,0,0,1
1771685815612000,1771685815458000,0,1771685815460000,0,-569.188,0.5625,-0.019714355,-0.021098254,0.575477,2.7014516e-05,-3.464937e-05,0,0,0,1
1771685815668000,1771685815510000,0,1771685815516000,0,-569.184,0.5625,-0.024414062,-0.021410612,0.57550603,4.1427644e-05,-3.5287903e-05,0,0,0,1
1771685815716000,1771685815562000,0,1771685815564000,0,-569.192,0.5625,-0.016723633,-0.020969085,0.575477,1.9439867e-05,-3.379497e-05,0,0,0,1
1771685815772000,1771685815614000,0,1771685815620000,0,-569.193,0.5625,-0.016479492,-0.020546153,0.5755061,1.8875468e-05,-3.238951e-05,0,0,0,1
1771685815820000,1771685815666000,0,1771685815668000,0,-569.195,0.5625,-0.015075684,-0.020030819,0.57547706,1.5797414e-05,-3.0826486e-05,0,0,0,1
1771685815876000,1771685815718000,0,1771685815724000,0,-569.193,0.5625,-0.017456055,-0.019788269,0.57550615,2.1178843e-05,-2.991765e-05,0,0,0,1
1771685815924000,1771685815770000,0,1771685815772000,0,-569.179,0.5625,-0.03149414,-0.020890996,0.5754772,6.89432e-05,-3.359397e-05,0,0,0,1
1771685815980000,1771685815822000,0,1771685815828000,0,-569.196,0.5625,-0.014404297,-0.020279929,0.57550627,1.4420956e-05,-3.1787815e-05,0,0,0,1
1771685816028000,1771685815874000,0,1771685815876000,0,-569.194,0.5625,-0.016601562,-0.019933416,0.57547736,1.9157096e-05,-3.0597963e-05,0,0,0,1
1771685816084000,1771685815926000,0,1771685815932000,0,-569.192,0.5625,-0.018859863,-0.019832283,0.5755065,2.4722183e-05,-3.0044448e-05,0,0,0,1
1771685816132000,1771685815978000,0,1771685815980000,0,-569.178,0.5625,-0.03277588,-0.021051608,0.57547754,7.4669e-05,-3.424821e-05,0,0,0,1
1771685816188000,1771685816030000,0,1771685816036000,0,-569.187,0.5625,-0.02331543,-0.021264866,0.57550675,3.7783e-05,-3.4581197e-05,0,0,0,1
1771685816236000,1771685816082000,0,1771685816084000,0,-569.181,0.5625,-0.028930664,-0.021987006,0.5754779,5.8176574e-05,-3.680395e-05,0,0,0,1
1771685816292000,1771685816134000,0,1771685816140000,0,-569.196,0.5625,-0.01373291,-0.021209447,0.57550716,1.3107939e-05,-3.4571716e-05,0,0,0,1
1771685816340000,1771685816186000,0,1771685816188000,0,-569.199,0.5625,-0.0107421875,-0.0202234,0.5754783,8.020777e-06,-3.207054e-05,0,0,0,1
1771685816396000,1771685816238000,0,1771685816244000,0,-569.194,0.5625,-0.015930176,-0.019818965,0.57550764,1.7638027e-05,-3.0710955e-05,0,0,0,1
1771685816444000,1771685816290000,0,1771685816292000,0,-569.194,0.5625,-0.01586914,-0.01944688,0.57547885,1.7504006e-05,-2.9466823e-05,0,0,0,1
1771685816500000,1771685816342000,0,1771685816348000,0,-569.2,0.5625,-0.00982666,-0.018540626,0.5755083,6.71151e-06,-2.7323205e-05,0,0,0,1
1771685816548000,1771685816394000,0,1771685816396000,0,-569.202,0.5625,-0.0079956055,-0.017547255,0.57547957,4.443578e-06,-2.5167878e-05,0,0,0,1
1771685816604000,1771685816446000,0,1771685816452000,0,-569.19,0.5625,-0.019897461,-0.017768651,0.575509,2.7517133e-05,-2.5389185e-05,0,0,0,1
1771685816652000,1771685816498000,0,1771685816500000,0,-569.187,0.5625,-0.022399902,-0.01820493,0.57548034,3.4875604e-05,-2.6282833e-05,0,0,0,1
1771685816708000,1771685816550000,0,1771685816556000,0,-569.187,0.5625,-0.021850586,-0.01854836,0.5755099,3.3184355e-05,-2.6932976e-05,0,0,0,1
1771685816756000,1771685816602000,0,1771685816604000,0,-569.181,0.5625,-0.02734375,-0.019376911,0.57548124,5.1969073e-05,-2.9291448e-05,0,0,0,1
1771685816812000,1771685816654000,0,1771685816660000,0,-569.184,0.5625,-0.023742676,-0.01978818,0.57551086,3.9180122e-05,-3.0222991e-05,0,0,0,1
1771685816860000,1771685816706000,0,1771685816708000,0,-569.193,0.5625,-0.014221191,-0.019263754,0.57548225,1.4057238e-05,-2.870013e-05,0,0,0,1
1771685816916000,1771685816758000,0,1771685816764000,0,-569.186,0.5625,-0.020935059,-0.019421196,0.575512,3.0461688e-05,-2.8866074e-05,0,0,0,1
1771685816964000,1771685816810000,0,1771685816812000,0,-569.19,0.5625,-0.016235352,-0.01912108,0.5754834,1.832106e-05,-2.7872702e-05,0,0,0,1
1771685817020000,1771685816862000,0,1771685816868000,0,-569.18,0.5625,-0.026000977,-0.019769186,0.5755131,4.698769e-05,-2.9673389e-05,0,0,0,1
1771685817068000,1771685816914000,0,1771685816916000,0,-569.17,0.5625,-0.03552246,-0.021253191,0.57548463,8.770662e-05,-3.514029e-05,0,0,0,1
1771685817124000,1771685816966000,0,1771685816972000,0,-569.176,0.5625,-0.028747559,-0.021959182,0.57551444,5.7438843e-05,-3.7240876e-05,0,0,0,1
1771685817172000,1771685817018000,0,1771685817020000,0,-569.185,0.5625,-0.019104004,-0.021690216,0.5754859,2.5367293e-05,-3.612235e-05,0,0,0,1
1771685817228000,1771685817070000,0,1771685817076000,0,-569.199,0.5625,-0.0048217773,-0.02010116,0.57551575,1.6159097e-06,-3.2871743e-05,0,0,0,1
1771685817276000,1771685817122000,0,1771685817124000,0,-569.189,0.5625,-0.0146484375,-0.019587498,0.5754872,1.4914439e-05,-3.1180112e-05,0,0,0,1
1771685817332000,1771685817174000,0,1771685817180000,0,-569.195,0.5625,-0.008483887,-0.018541506,0.57551706,5.002551e-06,-2.871411e-05,0,0,0,1
1771685817380000,1771685817226000,0,1771685817228000,0,-569.201,0.5625,-0.002319336,-0.01701333,0.57548857,3.738958e-07,-2.604438e-05,0,0,0,1
1771685817436000,1771685817278000,0,1771685817284000,0,-569.181,0.5625,-0.022277832,-0.017509261,0.5755184,3.4494242e-05,-2.6840382e-05,0,0,0,1
1771685817484000,1771685817330000,0,1771685817332000,0,-569.195,0.5625,-0.0076904297,-0.0165843,0.5754899,4.1107733e-06,-2.4699188e-05,0,0,0,1
1771685817540000,1771685817382000,0,1771685817388000,0,-569.199,0.5625,-0.0036010742,-0.015361242,0.57551974,9.012887e-07,-2.2457356e-05,0,0,0,1
1771685817588000,1771685817434000,0,1771685817436000,0,-569.179,0.5625,-0.0234375,-0.016122049,0.5754912,3.81807e-05,-2.393854e-05,0,0,0,1
1771685817644000,1771685817486000,0,1771685817492000,0,-569.172,0.5625,-0.029907227,-0.017420653,0.57552105,6.216573e-05,-2.7539652e-05,0,0,0,1
1771685817692000,1771685817538000,0,1771685817540000,0,-569.176,0.5625,-0.02520752,-0.018154198,0.57549244,4.416524e-05,-2.9105831e-05,0,0,0,1
1771685817748000,1771685817590000,0,1771685817596000,0,-569.172,0.5625,-0.028747559,-0.019152123,0.5755223,5.743806e-05,-3.177481e-05,0,0,0,1
1771685817796000,1771685817642000,0,1771685817644000,0,-569.173,0.5625,-0.02709961,-0.019900799,0.57549363,5.10441e-05,-3.3590033e-05,0,0,0,1
1771685817852000,1771685817694000,0,1771685817700000,0,-569.183,0.5625,-0.016662598,-0.019595752,0.57552344,1.929667e-05,-3.2243555e-05,0,0,0,1
1771685817900000,1771685817746000,0,1771685817748000,0,-569.172,0.5625,-0.027404785,-0.020331385,0.57549477,5.220011e-05,-3.412352e-05,0,0,0,1
1771685817956000,1771685817798000,0,1771685817804000,0,-569.176,0.5625,-0.022888184,-0.020572243,0.5755245,3.6409845e-05,-3.43389e-05,0,0,0,1
1771685818004000,1771685817850000,0,1771685817852000,0,-569.184,0.5625,-0.014526367,-0.020002704,0.5754958,1.4666682e-05,-3.248572e-05,0,0,0,1
1771685818060000,1771685817902000,0,1771685817908000,0,-569.189,0.5625,-0.009460449,-0.019009594,0.57552546,6.2204094e-06,-3.0011452e-05,0,0,0,1
1771685818108000,1771685817954000,0,1771685817956000,0,-569.178,0.5625,-0.020202637,-0.019121982,0.5754967,2.8368298e-05,-2.9856661e-05,0,0,0,1
1771685818164000,1771685818006000,0,1771685818012000,0,-569.189,0.5625,-0.0076293945,-0.018039348,0.5755263,4.0455257e-06,-2.7425176e-05,0,0,0,1
1771685818212000,1771685818058000,0,1771685818060000,0,-569.199,0.5625,0.0043945312,-0.01592601,0.57549745,1.3422756e-06,-2.4715198e-05,0,0,0,1
1771685818268000,1771685818110000,0,1771685818116000,0,-569.175,0.5625,-0.0154418945,-0.015880406,0.575527,1.6572783e-05,-2.394816e-05,0,0,0,1
1771685818316000,1771685818162000,0,1771685818164000,0,-569.175,0.5625,-0.009155273,-0.015246879,0.57549804,5.825843e-06,-2.2240985e-05,0,0,0,1
1771685818372000,1771685818214000,0,1771685818220000,0,-569.177,0.5625,0.0036010742,-0.013471347,0.57552755,9.0127645e-07,-2.0060917e-05,0,0,0,1
1771685818420000,1771685818266000,0,1771685818268000,0,-569.156,0.5625,-0.0052490234,-0.01269678,0.5754986,1.9150175e-06,-1.835152e-05,0,0,0,1
1771685818476000,1771685818318000,0,1771685818324000,0,-569.151,0.5625,0.009155273,-0.010638254,0.57552797,5.8255405e-06,-1.6073971e-05,0,0,0,1
1771685818524000,1771685818370000,0,1771685818372000,0,-569.117,0.5625,-0.0045166016,-0.010061576,0.57549894,1.4178786e-06,-1.4693324e-05,0,0,0,1
1771685818580000,1771685818422000,0,1771685818428000,0,-569.085,0.5625,-0.0061035156,-0.009688715,0.57552826,2.5891277e-06,-1.3553074e-05,0,0,0,1
1771685818628000,1771685818474000,0,1771685818476000,0,-569.064,0.5625,0.0041503906,-0.0083850315,0.5754992,1.197273e-06,-1.2163548e-05,0,0,0,1
1771685818684000,1771685818526000,0,1771685818532000,0,-569.042,0.5625,0.025817871,-0.0051630186,0.57552844,4.6326986e-05,-6.653569e-06,0,0,0,1
1771685818732000,1771685818578000,0,1771685818580000,0,-568.996,0.5625,0.022399902,-0.0025665115,0.5754993,3.4874454e-05,-2.7415085e-06,0,0,0,1
1771685818788000,1771685818630000,0,1771685818636000,0,-568.95,0.5625,0.033203125,0.00080309226,0.5755285,7.6621574e-05,4.7347244e-06,0,0,0,1
1771685818836000,1771685818682000,0,1771685818684000,0,-568.896,0.5625,0.032104492,0.0037517752,0.5754993,7.1638555e-05,1.1037259e-05,0,0,0,1
1771685818892000,1771685818734000,0,1771685818740000,0,-568.844,0.5625,0.04736328,0.0078601055,0.57552844,0.000155911,2.4684785e-05,0,0,0,1
1771685818940000,1771685818786000,0,1771685818788000,0,-568.777,0.5625,0.04107666,0.010989201,0.5754992,0.00011727502,3.3407054e-05,0,0,0,1
1771685818996000,1771685818838000,0,1771685818844000,0,-568.708,0.5625,0.04699707,0.014381248,0.57552826,0.00015350938,4.472104e-05,0,0,0,1
1771685819044000,1771685818890000,0,1771685818892000,0,-568.633,0.5625,0.038513184,0.016654545,0.575499,0.00010309421,5.0219962e-05,0,0,0,1
1771685819100000,1771685818942000,0,1771685818948000,0,-568.557,0.5625,0.043029785,0.01913917,0.575528,0.00012868617,5.7611705e-05,0,0,0,1
1771685819148000,1771685818994000,0,1771685818996000,0,-568.488,0.5625,0.044311523,0.02151048,0.5754987,0.00013647371,6.504074e-05,0,0,0,1
1771685819204000,1771685819046000,0,1771685819052000,0,-568.411,0.5625,0.050842285,0.02427362,0.57552767,0.00017965691,7.583792e-05,0,0,0,1
1771685819252000,1771685819098000,0,1771685819100000,0,-568.321,0.5625,0.03277588,0.025074558,0.5754983,7.4666306e-05,7.572755e-05,0,0,0,1
1771685819308000,1771685819150000,0,1771685819156000,0,-568.241,0.5625,0.037597656,0.02625427,0.57552725,9.824617e-05,7.784887e-05,0,0,0,1
1771685819356000,1771685819202000,0,1771685819204000,0,-568.173,0.5625,0.041870117,0.027725328,0.5754978,0.00012184976,8.199388e-05,0,0,0,1
1771685819412000,1771685819254000,0,1771685819260000,0,-568.106,0.5625,0.058898926,0.03066197,0.5755267,0.00024110668,9.698277e-05,0,0,0,1
1771685819460000,1771685819306000,0,1771685819308000,0,-568.019,0.5625,0.043151855,0.031838555,0.57549727,0.00012942425,0.00010003885,0,0,0,1
1771685819516000,1771685819358000,0,1771685819364000,0,-567.919,0.5625,0.026550293,0.031340387,0.5755261,4.8992948e-05,9.523018e-05,0,0,0,1
1771685819564000,1771685819410000,0,1771685819412000,0,-567.848,0.5625,0.027282715,0.030958142,0.5754967,5.173594e-05,9.11329e-05,0,0,0,1
1771685819620000,1771685819462000,0,1771685819468000,0,-567.776,0.5625,0.038879395,0.031704348,0.5755255,0.00010505928,9.24448e-05,0,0,0,1
1771685819668000,1771685819514000,0,1771685819516000,0,-567.702,0.5625,0.036010742,0.032110024,0.575496,9.0132584e-05,9.222698e-05,0,0,0,1
1771685819724000,1771685819566000,0,1771685819572000,0,-567.627,0.5625,0.043884277,0.033219192,0.5755248,0.0001338486,9.614786e-05,0,0,0,1
1771685819772000,1771685819618000,0,1771685819620000,0,-567.531,0.5625,0.018676758,0.031849254,0.57549536,2.424494e-05,8.937439e-05,0,0,0,1
1771685819828000,1771685819670000,0,1771685819676000,0,-567.468,0.5625,0.038635254,0.032488514,0.5755241,0.00010374425,9.072808e-05,0,0,0,1
1771685819876000,1771685819722000,0,1771685819724000,0,-567.391,0.5625,0.032348633,0.032475337,0.57549465,7.2732844e-05,8.9032874e-05,0,0,0,1
1771685819932000,1771685819774000,0,1771685819780000,0,-567.296,0.5625,0.019836426,0.031284716,0.5755234,2.7347893e-05,8.322197e-05,0,0,0,1
1771685819980000,1771685819826000,0,1771685819828000,0,-567.214,0.5625,0.008605957,0.02914831,0.57549393,5.147752e-06,7.586715e-05,0,0,0,1
1771685820036000,1771685819878000,0,1771685819884000,0,-567.132,0.5625,0.009399414,0.027287908,0.57552266,6.140435e-06,6.9298694e-05,0,0,0,1
1771685820084000,1771685819930000,0,1771685819932000,0,-567.047,0.5625,-0.004760742,0.024268832,0.57549316,1.5753213e-06,6.262216e-05,0,0,0,1
1771685820140000,1771685819982000,0,1771685819988000,0,-566.97,0.5625,0.0007324219,0.022051634,0.5755219,3.728385e-08,5.6726483e-05,0,0,0,1
1771685820188000,1771685820034000,0,1771685820036000,0,-566.895,0.5625,-0.0034179688,0.019652324,0.5754924,8.12001e-07,5.130619e-05,0,0,0,1
1771685820244000,1771685820086000,0,1771685820092000,0,-566.825,0.5625,0.0087890625,0.018628974,0.5755211,5.368882e-06,4.6978763e-05,0,0,0,1
1771685820292000,1771685820138000,0,1771685820140000,0,-566.749,0.5625,0.0029296875,0.017150056,0.57549167,5.9657293e-07,4.2609427e-05,0,0,0,1
1771685820348000,1771685820190000,0,1771685820196000,0,-566.673,0.5625,0.0087890625,0.016362425,0.5755204,5.368888e-06,3.9101258e-05,0,0,0,1
1771685820396000,1771685820242000,0,1771685820244000,0,-566.594,0.5625,-0.00012207031,0.014809538,0.57549095,1.0357182e-09,3.541771e-05,0,0,0,1
1771685820452000,1771685820294000,0,1771685820300000,0,-566.526,0.5625,0.013427734,0.014679368,0.5755197,1.2531565e-05,3.3261767e-05,0,0,0,1
1771685820500000,1771685820346000,0,1771685820348000,0,-566.451,0.5625,0.0079956055,0.014049738,0.57549024,4.4434955e-06,3.0547002e-05,0,0,0,1
1771685820556000,1771685820398000,0,1771685820404000,0,-566.378,0.5625,0.016113281,0.01424413,0.57551897,1.8045475e-05,2.9369323e-05,0,0,0,1
1771685820604000,1771685820450000,0,1771685820452000,0,-566.298,0.5625,0.0053100586,0.013402514,0.5754895,1.9598426e-06,2.6787271e-05,0,0,0,1
1771685820660000,1771685820502000,0,1771685820508000,0,-566.216,0.5625,0.0041503906,0.012530937,0.57551825,1.1972334e-06,2.4376615e-05,0,0,0,1
1771685820708000,1771685820554000,0,1771685820556000,0,-566.114,0.5625,-0.028442383,0.008671131,0.57548887,5.622831e-05,1.6783397e-05,0,0,0,1
1771685820764000,1771685820606000,0,1771685820612000,0,-566.037,0.5625,-0.023986816,0.0055946577,0.57551765,3.9989554e-05,1.143522e-05,0,0,0,1
1771685820812000,1771685820658000,0,1771685820660000,0,-565.964,0.5625,-0.02709961,0.002514763,0.57548827,5.104457e-05,5.549442e-06,0,0,0,1
1771685820868000,1771685820710000,0,1771685820716000,0,-565.888,0.5625,-0.02166748,0.00023672543,0.575517,3.263012e-05,1.9528163e-06,0,0,0,1
1771685820916000,1771685820762000,0,1771685820764000,0,-565.806,0.5625,-0.033813477,-0.0029709027,0.5754877,7.9470075e-05,-5.7174566e-06,0,0,0,1
1771685820972000,1771685820814000,0,1771685820820000,0,-565.736,0.5625,-0.022216797,-0.004783922,0.5755164,3.4305613e-05,-8.410544e-06,0,0,0,1
1771685821020000,1771685820866000,0,1771685820868000,0,-565.654,0.5625,-0.03466797,-0.007599086,0.5754871,8.353745e-05,-1.5487718e-05,0,0,0,1
1771685821076000,1771685820918000,0,1771685820924000,0,-565.586,0.5625,-0.021240234,-0.008884122,0.57551587,3.1356045e-05,-1.698256e-05,0,0,0,1
1771685821124000,1771685820970000,0,1771685820972000,0,-565.511,0.5625,-0.026428223,-0.010536827,0.57548654,4.8546815e-05,-1.9956004e-05,0,0,0,1
1771685821180000,1771685821022000,0,1771685821028000,0,-565.42,0.5625,-0.036010742,-0.012936544,0.57551533,9.012956e-05,-2.6566557e-05,0,0,0,1
1771685821228000,1771685821074000,0,1771685821076000,0,-565.339,0.5625,-0.046875,-0.016133646,0.575486,0.00015272418,-3.845097e-05,0,0,0,1
1771685821284000,1771685821126000,0,1771685821132000,0,-565.27,0.5625,-0.034057617,-0.017822135,0.57551485,8.061799e-05,-4.2423224e-05,0,0,0,1
1771685821332000,1771685821178000,0,1771685821180000,0,-565.201,0.5625,-0.033081055,-0.01925957,0.5754855,7.60649e-05,-4.5592365e-05,0,0,0,1
1771685821388000,1771685821230000,0,1771685821236000,0,-565.132,0.5625,-0.020202637,-0.019348409,0.5755144,2.8367425e-05,-4.3969725e-05,0,0,0,1
1771685821436000,1771685821282000,0,1771685821284000,0,-565.068,0.5625,-0.014282227,-0.01887116,0.5754851,1.417809e-05,-4.1163268e-05,0,0,0,1
1771685821492000,1771685821334000,0,1771685821340000,0,-564.978,0.5625,-0.022705078,-0.019232327,0.5755139,3.5830275e-05,-4.0660885e-05,0,0,0,1
1771685821540000,1771685821386000,0,1771685821388000,0,-564.906,0.5625,-0.024597168,-0.019737711,0.57548463,4.205295e-05,-4.0792023e-05,0,0,0,1
1771685821596000,1771685821438000,0,1771685821444000,0,-564.829,0.5625,-0.01953125,-0.019718261,0.5755135,2.6513348e-05,-3.944693e-05,0,0,0,1
1771685821644000,1771685821490000,0,1771685821492000,0,-564.756,0.5625,-0.022216797,-0.01995363,0.5754842,3.4307533e-05,-3.8962786e-05,0,0,0,1
1771685821700000,1771685821542000,0,1771685821548000,0,-564.676,0.5625,-0.020019531,-0.019959839,0.57551306,2.7855605e-05,-3.7916456e-05,0,0,0,1
1771685821748000,1771685821594000,0,1771685821596000,0,-564.605,0.5625,-0.020446777,-0.02000571,0.57548386,2.9058727e-05,-3.708203e-05,0,0,0,1
1771685821804000,1771685821646000,0,1771685821652000,0,-564.525,0.5625,-0.017944336,-0.019811522,0.5755127,2.2379989e-05,-3.5697056e-05,0,0,0,1
1771685821852000,1771685821698000,0,1771685821700000,0,-564.455,0.5625,-0.017211914,-0.019566631,0.57548344,2.0591382e-05,-3.4274057e-05,0,0,0,1
1771685821908000,1771685821750000,0,1771685821756000,0,-564.384,0.5625,-0.00592041,-0.018281117,0.57551235,2.4361775e-06,-3.1274834e-05,0,0,0,1
1771685821956000,1771685821802000,0,1771685821804000,0,-564.306,0.5625,-0.013122559,-0.017795166,0.5754831,1.1969182e-05,-2.9456185e-05,0,0,0,1
1771685822012000,1771685821854000,0,1771685821860000,0,-564.229,0.5625,-0.007507324,-0.01682602,0.575512,3.917202e-06,-2.7050339e-05,0,0,0,1
1771685822060000,1771685821906000,0,1771685821908000,0,-564.157,0.5625,-0.008728027,-0.016063167,0.5754828,5.2949254e-06,-2.5000916e-05,0,0,0,1
1771685822116000,1771685821958000,0,1771685821964000,0,-564.068,0.5625,-0.015197754,-0.015981643,0.57551163,1.6053315e-05,-2.4158026e-05,0,0,0,1
1771685822164000,1771685822010000,0,1771685822012000,0,-563.978,0.5625,-0.034179688,-0.017695952,0.5754824,8.1201506e-05,-2.9531686e-05,0,0,0,1
1771685822220000,1771685822062000,0,1771685822068000,0,-563.905,0.5625,-0.024108887,-0.01830007,0.57551134,4.0398052e-05,-3.055533e-05,0,0,0,1
1771685822268000,1771685822114000,0,1771685822116000,0,-563.841,0.5625,-0.017028809,-0.018180313,0.57548213,2.0155643e-05,-2.9575649e-05,0,0,0,1
1771685822324000,1771685822166000,0,1771685822172000,0,-563.756,0.5625,-0.01940918,-0.018296076,0.57551104,2.6183077e-05,-2.9256058e-05,0,0,0,1
1771685822372000,1771685822218000,0,1771685822220000,0,-563.679,0.5625,-0.025390625,-0.018964402,0.57548183,4.481002e-05,-3.0721287e-05,0,0,0,1
1771685822428000,1771685822270000,0,1771685822276000,0,-563.601,0.5625,-0.020446777,-0.019104047,0.57551074,2.9057368e-05,-3.056454e-05,0,0,0,1
1771685822476000,1771685822322000,0,1771685822324000,0,-563.535,0.5625,-0.014953613,-0.018713064,0.57548153,1.55425e-05,-2.9149422e-05,0,0,0,1
1771685822532000,1771685822374000,0,1771685822380000,0,-563.447,0.5625,-0.01977539,-0.018813139,0.57551044,2.7180467e-05,-2.8963941e-05,0,0,0,1
1771685822580000,1771685822426000,0,1771685822428000,0,-563.382,0.5625,-0.013366699,-0.018300068,0.5754813,1.2418728e-05,-2.7405335e-05,0,0,0,1
1771685822636000,1771685822478000,0,1771685822484000,0,-563.294,0.5625,-0.018371582,-0.018306805,0.5755102,2.3458491e-05,-2.7033531e-05,0,0,0,1
1771685822684000,1771685822530000,0,1771685822532000,0,-563.22,0.5625,-0.020935059,-0.018554393,0.57548106,3.0463325e-05,-2.7356627e-05,0,0,0,1
1771685822740000,1771685822582000,0,1771685822588000,0,-563.15,0.5625,-0.0073242188,-0.017496478,0.57550997,3.7284624e-06,-2.5130787e-05,0,0,0,1
1771685822788000,1771685822634000,0,1771685822636000,0,-563.073,0.5625,-0.012878418,-0.017061444,0.5754808,1.1528005e-05,-2.3849365e-05,0,0,0,1
1771685822844000,1771685822686000,0,1771685822692000,0,-562.982,0.5625,-0.020446777,-0.017380353,0.5755097,2.905742e-05,-2.4339979e-05,0,0,0,1
1771685822892000,1771685822738000,0,1771685822740000,0,-562.914,0.5625,-0.016662598,-0.017312739,0.5754806,1.9298108e-05,-2.3865021e-05,0,0,0,1
1771685822948000,1771685822790000,0,1771685822796000,0,-562.831,0.5625,-0.016235352,-0.017211245,0.5755095,1.8320228e-05,-2.3342685e-05,0,0,0,1
1771685822996000,1771685822842000,0,1771685822844000,0,-562.726,0.5625,-0.049621582,-0.020264393,0.57548034,0.00017114756,-3.7266334e-05,0,0,0,1
1771685823052000,1771685822894000,0,1771685822900000,0,-562.661,0.5625,-0.030456543,-0.021224523,0.57550925,6.4471664e-05,-3.9829156e-05,0,0,0,1
1771685823100000,1771685822946000,0,1771685822948000,0,-562.59,0.5625,-0.029541016,-0.02200796,0.5754801,6.065694e-05,-4.1791194e-05,0,0,0,1
1771685823156000,1771685822998000,0,1771685823004000,0,-562.518,0.5625,-0.017822266,-0.021613656,0.5755091,2.2076674e-05,-3.9934028e-05,0,0,0,1
1771685823204000,1771685823050000,0,1771685823052000,0,-562.446,0.5625,-0.018188477,-0.021290993,0.5754799,2.299442e-05,-3.833827e-05,0,0,0,1
1771685823260000,1771685823102000,0,1771685823108000,0,-562.376,0.5625,-0.004699707,-0.019728046,0.57550883,1.5351455e-06,-3.4871307e-05,0,0,0,1
1771685823308000,1771685823154000,0,1771685823156000,0,-562.295,0.5625,-0.014160156,-0.019203534,0.5754797,1.3936897e-05,-3.2899225e-05,0,0,0,1
1771685823364000,1771685823206000,0,1771685823212000,0,-562.209,0.5625,-0.016601562,-0.018958421,0.57550865,1.9156054e-05,-3.1604577e-05,0,0,0,1
1771685823412000,1771685823258000,0,1771685823260000,0,-562.134,0.5625,-0.019836426,-0.019041132,0.5754795,2.7349977e-05,-3.120378e-05,0,0,0,1
1771685823468000,1771685823310000,0,1771685823316000,0,-562.043,0.5625,-0.027160645,-0.019806014,0.5755085,5.1272964e-05,-3.3094355e-05,0,0,0,1
1771685823516000,1771685823362000,0,1771685823364000,0,-561.956,0.5625,-0.042236328,-0.021919016,0.5754793,0.00012399454,-4.165742e-05,0,0,0,1
1771685823572000,1771685823414000,0,1771685823420000,0,-561.877,0.5625,-0.03704834,-0.023344243,0.5755083,9.539945e-05,-4.6720073e-05,0,0,0,1
1771685823620000,1771685823466000,0,1771685823468000,0,-561.794,0.5625,-0.047851562,-0.025652904,0.57547915,0.00015915585,-5.7311852e-05,0,0,0,1
1771685823676000,1771685823518000,0,1771685823524000,0,-561.732,0.5625,-0.025390625,-0.025628196,0.5755081,4.4807974e-05,-5.613395e-05,0,0,0,1
1771685823724000,1771685823570000,0,1771685823572000,0,-561.655,0.5625,-0.030273438,-0.026065791,0.57547903,6.370213e-05,-5.6846897e-05,0,0,0,1
1771685823780000,1771685823622000,0,1771685823628000,0,-561.577,0.5625,-0.024414062,-0.025910193,0.575508,4.1427502e-05,-5.5394346e-05,0,0,0,1
1771685823828000,1771685823674000,0,1771685823676000,0,-561.507,0.5625,-0.022521973,-0.025591012,0.57547885,3.5256846e-05,-5.3497337e-05,0,0,0,1
1771685823884000,1771685823726000,0,1771685823732000,0,-561.428,0.5625,-0.0178833,-0.024864923,0.5755078,2.2228192e-05,-5.055169e-05,0,0,0,1
1771685823932000,1771685823778000,0,1771685823780000,0,-561.342,0.5625,-0.032043457,-0.025541162,0.57547873,7.136897e-05,-5.251274e-05,0,0,0,1
1771685823988000,1771685823830000,0,1771685823836000,0,-561.258,0.5625,-0.031921387,-0.026142199,0.5755077,7.082268e-05,-5.423759e-05,0,0,0,1
1771685824036000,1771685823882000,0,1771685823884000,0,-561.183,0.5625,-0.0345459,-0.02693385,0.5754786,8.295141e-05,-5.6942514e-05,0,0,0,1
1771685824092000,1771685823934000,0,1771685823940000,0,-561.089,0.5625,-0.044189453,-0.02855938,0.5755076,0.00013572074,-6.436365e-05,0,0,0,1
1771685824140000,1771685823986000,0,1771685823988000,0,-561.03,0.5625,-0.030517578,-0.028743848,0.5754785,6.473379e-05,-6.439852e-05,0,0,0,1
1771685824196000,1771685824038000,0,1771685824044000,0,-560.949,0.5625,-0.02734375,-0.028611954,0.57550746,5.1966705e-05,-6.32274e-05,0,0,0,1
1771685824244000,1771685824090000,0,1771685824092000,0,-560.863,0.5625,-0.04107666,-0.029786166,0.5754783,0.000117279276,-6.831925e-05,0,0,0,1
1771685824300000,1771685824142000,0,1771685824148000,0,-560.797,0.5625,-0.022521973,-0.029101858,0.57550734,3.52551e-05,-6.520451e-05,0,0,0,1
1771685824348000,1771685824194000,0,1771685824196000,0,-560.72,0.5625,-0.02734375,-0.028936239,0.57547826,5.1969342e-05,-6.395772e-05,0,0,0,1
1771685824404000,1771685824246000,0,1771685824252000,0,-560.641,0.5625,-0.022155762,-0.028297499,0.5755072,3.4117922e-05,-6.1146726e-05,0,0,0,1
1771685824452000,1771685824298000,0,1771685824300000,0,-560.572,0.5625,-0.018981934,-0.027419945,0.57547814,2.5044483e-05,-5.774579e-05,0,0,0,1
1771685824508000,1771685824350000,0,1771685824356000,0,-560.484,0.5625,-0.023010254,-0.02700454,0.5755071,3.6800368e-05,-5.577267e-05,0,0,0,1
1771685824556000,1771685824402000,0,1771685824404000,0,-560.411,0.5625,-0.024047852,-0.026726011,0.575478,4.019609e-05,-5.430531e-05,0,0,0,1
1771685824612000,1771685824454000,0,1771685824460000,0,-560.335,0.5625,-0.016296387,-0.02574351,0.575507,1.8458315e-05,-5.092842e-05,0,0,0,1
1771685824660000,1771685824506000,0,1771685824508000,0,-560.258,0.5625,-0.021606445,-0.025353787,0.57547796,3.244875e-05,-4.918758e-05,0,0,0,1
1771685824716000,1771685824558000,0,1771685824564000,0,-560.172,0.5625,-0.023864746,-0.025213515,0.5755069,3.958431e-05,-4.8282924e-05,0,0,0,1
1771685824764000,1771685824610000,0,1771685824612000,0,-560.104,0.5625,-0.019897461,-0.024712728,0.57547784,2.7518625e-05,-4.6326866e-05,0,0,0,1
1771685824820000,1771685824662000,0,1771685824668000,0,-560.018,0.5625,-0.022216797,-0.024477605,0.57550687,3.430618e-05,-4.5194483e-05,0,0,0,1
1771685824868000,1771685824714000,0,1771685824716000,0,-559.93,0.5625,-0.038330078,-0.025782548,0.5754778,0.00010212001,-5.0557035e-05,0,0,0,1
1771685824924000,1771685824766000,0,1771685824772000,0,-559.841,0.5625,-0.04321289,-0.027424537,0.57550675,0.0001297885,-5.802087e-05,0,0,0,1
1771685824972000,1771685824818000,0,1771685824820000,0,-559.774,0.5625,-0.037841797,-0.028405873,0.5754777,9.953481e-05,-6.1931605e-05,0,0,0,1
1771685825028000,1771685824870000,0,1771685824876000,0,-559.697,0.5625,-0.030761719,-0.0286278,0.5755067,6.577045e-05,-6.2293235e-05,0,0,0,1
1771685825076000,1771685824922000,0,1771685824924000,0,-559.624,0.5625,-0.03173828,-0.028920816,0.57547766,7.001616e-05,-6.302076e-05,0,0,0,1
1771685825132000,1771685824974000,0,1771685824980000,0,-559.555,0.5625,-0.016845703,-0.027783306,0.5755066,1.972368e-05,-5.894205e-05,0,0,0,1
1771685825180000,1771685825026000,0,1771685825028000,0,-559.477,0.5625,-0.023132324,-0.027345171,0.5754776,3.719376e-05,-5.6893296e-05,0,0,0,1
1771685825236000,1771685825078000,0,1771685825084000,0,-559.388,0.5625,-0.028320312,-0.027437033,0.57550657,5.5744986e-05,-5.678512e-05,0,0,0,1
1771685825284000,1771685825130000,0,1771685825132000,0,-559.298,0.5625,-0.04638672,-0.02922215,0.57547754,0.0001495612,-6.5524895e-05,0,0,0,1
1771685825340000,1771685825182000,0,1771685825188000,0,-559.212,0.5625,-0.04815674,-0.031005843,0.5755065,0.00016118473,-7.453633e-05,0,0,0,1
1771685825388000,1771685825234000,0,1771685825236000,0,-559.141,0.5625,-0.046691895,-0.032483514,0.5754775,0.00015153558,-8.178988e-05,0,0,0,1
1771685825444000,1771685825286000,0,1771685825292000,0,-559.062,0.5625,-0.04144287,-0.033327512,0.57550645,0.00011937392,-8.533041e-05,0,0,0,1
1771685825492000,1771685825338000,0,1771685825340000,0,-559.003,0.5625,-0.028381348,-0.032861568,0.5754774,5.598836e-05,-8.25663e-05,0,0,0,1
1771685825548000,1771685825390000,0,1771685825396000,0,-558.918,0.5625,-0.029724121,-0.03256601,0.57550645,6.140841e-05,-8.057317e-05,0,0,0,1
1771685825596000,1771685825442000,0,1771685825444000,0,-558.833,0.5625,-0.04284668,-0.03353448,0.57547736,0.00012760452,-8.500366e-05,0,0,0,1
1771685825652000,1771685825494000,0,1771685825500000,0,-558.767,0.5625,-0.024780273,-0.032709807,0.5755064,4.2679767e-05,-8.1016624e-05,0,0,0,1
1771685825700000,1771685825546000,0,1771685825548000,0,-558.681,0.5625,-0.039001465,-0.0333025,0.57547736,0.00010572887,-8.334459e-05,0,0,0,1
1771685825756000,1771685825598000,0,1771685825604000,0,-558.59,0.5625,-0.046142578,-0.034512073,0.5755063,0.0001479836,-8.943377e-05,0,0,0,1
1771685825804000,1771685825650000,0,1771685825652000,0,-558.527,0.5625,-0.036987305,-0.034745246,0.5754773,9.509051e-05,-8.9966656e-05,0,0,0,1
1771685825860000,1771685825702000,0,1771685825708000,0,-558.438,0.5625,-0.042053223,-0.03543368,0.5755063,0.00012291601,-9.307058e-05,0,0,0,1
1771685825908000,1771685825754000,0,1771685825756000,0,-558.368,0.5625,-0.039855957,-0.03585027,0.5754773,0.00011041251,-9.470424e-05,0,0,0,1
1771685825964000,1771685825806000,0,1771685825812000,0,-558.295,0.5625,-0.028869629,-0.035192676,0.57550627,5.7928504e-05,-9.123986e-05,0,0,0,1
1771685826012000,1771685825858000,0,1771685825860000,0,-558.218,0.5625,-0.033935547,-0.03507425,0.57547724,8.004635e-05,-9.01854e-05,0,0,0,1
1771685826068000,1771685825910000,0,1771685825916000,0,-558.142,0.5625,-0.026062012,-0.03422527,0.57550627,4.720911e-05,-8.613691e-05,0,0,0,1
1771685826116000,1771685825962000,0,1771685825964000,0,-558.058,0.5625,-0.038269043,-0.034606203,0.57547724,0.000101795136,-8.761196e-05,0,0,0,1
1771685826172000,1771685826014000,0,1771685826020000,0,-557.975,0.5625,-0.03729248,-0.03485926,0.57550627,9.6661264e-05,-8.846443e-05,0,0,0,1
1771685826220000,1771685826066000,0,1771685826068000,0,-557.908,0.5625,-0.032165527,-0.034605503,0.5754772,7.1913964e-05,-8.690533e-05,0,0,0,1
1771685826276000,1771685826118000,0,1771685826124000,0,-557.847,0.5625,-0.009399414,-0.032231018,0.5755062,6.1406104e-06,-7.929706e-05,0,0,0,1
1771685826324000,1771685826170000,0,1771685826172000,0,-557.754,0.5625,-0.030944824,-0.032109857,0.5754772,6.655917e-05,-7.809712e-05,0,0,0,1
1771685826380000,1771685826222000,0,1771685826228000,0,-557.661,0.5625,-0.040222168,-0.03287406,0.5755062,0.0001124452,-8.133281e-05,0,0,0,1
1771685826428000,1771685826274000,0,1771685826276000,0,-557.59,0.5625,-0.039001465,-0.033451278,0.5754772,0.000105728905,-8.363099e-05,0,0,0,1
1771685826484000,1771685826326000,0,1771685826332000,0,-557.524,0.5625,-0.021057129,-0.032283712,0.5755062,3.081827e-05,-7.865588e-05,0,0,0,1
1771685826532000,1771685826378000,0,1771685826380000,0,-557.444,0.5625,-0.02935791,-0.032008093,0.5754772,5.9907634e-05,-7.6889744e-05,0,0,0,1
1771685826588000,1771685826430000,0,1771685826436000,0,-557.356,0.5625,-0.033569336,-0.032155167,0.5755062,7.832411e-05,-7.7024866e-05,0,0,0,1
1771685826636000,1771685826482000,0,1771685826484000,0,-557.292,0.5625,-0.025817871,-0.031558175,0.5754771,4.6331115e-05,-7.413342e-05,0,0,0,1
1771685826692000,1771685826534000,0,1771685826540000,0,-557.207,0.5625,-0.027526855,-0.031178413,0.57550615,5.266514e-05,-7.211105e-05,0,0,0,1
1771685826740000,1771685826586000,0,1771685826588000,0,-557.121,0.5625,-0.041992188,-0.032197103,0.5754771,0.00012256569,-7.6864024e-05,0,0,0,1
1771685826796000,1771685826638000,0,1771685826644000,0,-557.055,0.5625,-0.024291992,-0.031452417,0.57550615,4.1014395e-05,-7.348689e-05,0,0,0,1
1771685826844000,1771685826690000,0,1771685826692000,0,-556.972,0.5625,-0.035461426,-0.031830076,0.5754771,8.740662e-05,-7.479817e-05,0,0,0,1
1771685826900000,1771685826742000,0,1771685826748000,0,-556.893,0.5625,-0.030517578,-0.031706434,0.57550615,6.473068e-05,-7.3849784e-05,0,0,0,1
1771685826948000,1771685826794000,0,1771685826796000,0,-556.815,0.5625,-0.036621094,-0.03216941,0.5754771,9.321688e-05,-7.567422e-05,0,0,0,1
1771685827004000,1771685826846000,0,1771685826852000,0,-556.732,0.5625,-0.036010742,-0.032531273,0.57550615,9.0131e-05,-7.703609e-05,0,0,0,1
1771685827052000,1771685826898000,0,1771685826900000,0,-556.656,0.5625,-0.040283203,-0.033261526,0.5754771,0.00011279242,-8.040444e-05,0,0,0,1
1771685827108000,1771685826950000,0,1771685826956000,0,-556.582,0.5625,-0.030639648,-0.03301454,0.57550615,6.524956e-05,-7.897681e-05,0,0,0,1
1771685827156000,1771685827002000,0,1771685827004000,0,-556.501,0.5625,-0.039978027,-0.033670522,0.5754771,0.00011108992,-8.2001956e-05,0,0,0,1
1771685827212000,1771685827054000,0,1771685827060000,0,-556.419,0.5625,-0.038269043,-0.034103718,0.57550615,0.00010179003,-8.386605e-05,0,0,0,1
1771685827260000,1771685827106000,0,1771685827108000,0,-556.341,0.5625,-0.044433594,-0.035076823,0.57547706,0.00013723182,-8.889326e-05,0,0,0,1
1771685827316000,1771685827158000,0,1771685827164000,0,-556.27,0.5625,-0.031677246,-0.034756575,0.5755061,6.9743684e-05,-8.708932e-05,0,0,0,1
1771685827364000,1771685827210000,0,1771685827212000,0,-556.195,0.5625,-0.03491211,-0.034771226,0.57547706,8.471965e-05,-8.686609e-05,0,0,0,1
1771685827420000,1771685827262000,0,1771685827268000,0,-556.101,0.5625,-0.045288086,-0.035761945,0.5755061,0.00014255353,-9.211201e-05,0,0,0,1
1771685827468000,1771685827314000,0,1771685827316000,0,-556.034,0.5625,-0.040222168,-0.03618211,0.57547706,0.00011245089,-9.402799e-05,0,0,0,1
1771685827524000,1771685827366000,0,1771685827372000,0,-555.971,0.5625,-0.019470215,-0.0346078,0.5755061,2.6348236e-05,-8.765236e-05,0,0,0,1
1771685827572000,1771685827418000,0,1771685827420000,0,-555.899,0.5625,-0.020019531,-0.033233546,0.57547706,2.7857348e-05,-8.20195e-05,0,0,0,1
1771685827628000,1771685827470000,0,1771685827476000,0,-555.82,0.5625,-0.015930176,-0.03160352,0.5755061,1.7638076e-05,-7.595458e-05,0,0,0,1
1771685827676000,1771685827522000,0,1771685827524000,0,-555.741,0.5625,-0.023864746,-0.030874504,0.57547706,3.9586364e-05,-7.2528586e-05,0,0,0,1
1771685827732000,1771685827574000,0,1771685827580000,0,-555.653,0.5625,-0.0289917,-0.030697139,0.5755061,5.8419442e-05,-7.1199465e-05,0,0,0,1
1771685827780000,1771685827626000,0,1771685827628000,0,-555.564,0.5625,-0.04675293,-0.032209642,0.57547706,0.00015193214,-7.880472e-05,0,0,0,1
1771685827836000,1771685827678000,0,1771685827684000,0,-555.486,0.5625,-0.04144287,-0.033079438,0.5755061,0.000119373995,-8.262646e-05,0,0,0,1
1771685827884000,1771685827730000,0,1771685827732000,0,-555.412,0.5625,-0.044006348,-0.034108784,0.57547706,0.00013460545,-8.752303e-05,0,0,0,1
1771685827940000,1771685827782000,0,1771685827788000,0,-555.341,0.5625,-0.031677246,-0.033879727,0.5755061,6.9743684e-05,-8.5848165e-05,0,0,0,1
1771685827988000,1771685827834000,0,1771685827836000,0,-555.243,0.5625,-0.05834961,-0.036184862,0.57547706,0.00023665074,-0.0001000542,0,0,0,1
1771685828044000,1771685827886000,0,1771685827892000,0,-555.167,0.5625,-0.05065918,-0.037548386,0.5755061,0.00017837188,-0.00010743196,0,0,0,1
1771685828092000,1771685827938000,0,1771685827940000,0,-555.102,0.5625,-0.043884277,-0.038145244,0.57547706,0.0001338597,-0.00010992153,0,0,0,1
1771685828148000,1771685827990000,0,1771685827996000,0,-555.028,0.5625,-0.0345459,-0.037806176,0.5755061,8.294745e-05,-0.000107380496,0,0,0,1
1771685828196000,1771685828042000,0,1771685828044000,0,-554.937,0.5625,-0.054138184,-0.0393447,0.57547706,0.00020372265,-0.000116456205,0,0,0,1
1771685828252000,1771685828094000,0,1771685828100000,0,-554.865,0.5625,-0.042907715,-0.039680343,0.5755061,0.00012796195,-0.00011754008,0,0,0,1
1771685828300000,1771685828146000,0,1771685828148000,0,-554.799,0.5625,-0.037597656,-0.039484147,0.57547706,9.825474e-05,-0.00011572335,0,0,0,1
1771685828356000,1771685828198000,0,1771685828204000,0,-554.721,0.5625,-0.03253174,-0.03882921,0.5755061,7.35571e-05,-0.000111751164,0,0,0,1
1771685828404000,1771685828250000,0,1771685828252000,0,-554.655,0.5625,-0.02746582,-0.037758745,0.57547706,5.2434498e-05,-0.00010616336,0,0,0,1
1771685828460000,1771685828302000,0,1771685828308000,0,-554.589,0.5625,-0.011108398,-0.035248205,0.5755061,8.576557e-06,-9.69704e-05,0,0,0,1
1771685828508000,1771685828354000,0,1771685828356000,0,-554.5,0.5625,-0.029663086,-0.03472207,0.57547706,6.11596e-05,-9.3596915e-05,0,0,0,1
1771685828564000,1771685828406000,0,1771685828412000,0,-554.423,0.5625,-0.024169922,-0.03372803,0.5755061,4.0603227e-05,-8.860476e-05,0,0,0,1
1771685828612000,1771685828458000,0,1771685828460000,0,-554.34,0.5625,-0.036376953,-0.033977564,0.575477,9.197815e-05,-8.892254e-05,0,0,0,1
1771685828668000,1771685828510000,0,1771685828516000,0,-554.262,0.5625,-0.03173828,-0.033766616,0.5755061,7.0012706e-05,-8.714118e-05,0,0,0,1
1771685828716000,1771685828562000,0,1771685828564000,0,-554.178,0.5625,-0.04486084,-0.034811724,0.575477,0.0001398836,-9.210967e-05,0,0,0,1
1771685828772000,1771685828614000,0,1771685828620000,0,-554.104,0.5625,-0.035888672,-0.034913175,0.57550603,8.9520996e-05,-9.186581e-05,0,0,0,1
1771685828820000,1771685828666000,0,1771685828668000,0,-554.036,0.5625,-0.03302002,-0.034734834,0.575477,7.5785596e-05,-9.035101e-05,0,0,0,1
1771685828876000,1771685828718000,0,1771685828724000,0,-553.957,0.5625,-0.02960205,-0.03425131,0.57550603,6.090511e-05,-8.757712e-05,0,0,0,1
1771685828924000,1771685828770000,0,1771685828772000,0,-553.861,0.5625,-0.05480957,-0.036187958,0.575477,0.00020880689,-9.899732e-05,0,0,0,1
1771685828980000,1771685828822000,0,1771685828828000,0,-553.795,0.5625,-0.037963867,-0.036355253,0.57550603,0.00010017308,-9.910808e-05,0,0,0,1
1771685829028000,1771685828874000,0,1771685828876000,0,-553.708,0.5625,-0.05407715,-0.03802471,0.575477,0.0002032636,-0.000108919834,0,0,0,1
1771685829084000,1771685828926000,0,1771685828932000,0,-553.654,0.5625,-0.02520752,-0.036817294,0.57550603,4.4164197e-05,-0.000102819664,0,0,0,1
1771685829132000,1771685828978000,0,1771685828980000,0,-553.581,0.5625,-0.027648926,-0.035953607,0.575477,5.3135962e-05,-9.813932e-05,0,0,0,1
1771685829188000,1771685829030000,0,1771685829036000,0,-553.497,0.5625,-0.02935791,-0.035332274,0.57550603,5.990463e-05,-9.45375e-05,0,0,0,1
1771685829236000,1771685829082000,0,1771685829084000,0,-553.419,0.5625,-0.03668213,-0.035459433,0.575477,9.352788e-05,-9.444239e-05,0,0,0,1
1771685829292000,1771685829134000,0,1771685829140000,0,-553.351,0.5625,-0.022155762,-0.03420619,0.57550603,3.4117995e-05,-8.8759654e-05,0,0,0,1
1771685829340000,1771685829186000,0,1771685829188000,0,-553.286,0.5625,-0.016662598,-0.03255353,0.575477,1.9298228e-05,-8.221619e-05,0,0,0,1
1771685829396000,1771685829238000,0,1771685829244000,0,-553.197,0.5625,-0.023620605,-0.031712025,0.57550603,3.8778606e-05,-7.812424e-05,0,0,0,1
1771685829444000,1771685829290000,0,1771685829292000,0,-553.101,0.5625,-0.04901123,-0.03334166,0.575477,0.00016696415,-8.649322e-05,0,0,0,1
1771685829500000,1771685829342000,0,1771685829348000,0,-553.046,0.5625,-0.0211792,-0.032195922,0.57550603,3.117663e-05,-8.128224e-05,0,0,0,1
1771685829548000,1771685829394000,0,1771685829396000,0,-552.969,0.5625,-0.027648926,-0.03176758,0.575477,5.3135962e-05,-7.863078e-05,0,0,0,1
1771685829604000,1771685829446000,0,1771685829452000,0,-552.896,0.5625,-0.018371582,-0.030505639,0.57550603,2.3458662e-05,-7.34334e-05,0,0,0,1
1771685829652000,1771685829498000,0,1771685829500000,0,-552.812,0.5625,-0.031921387,-0.030639006,0.575477,7.0826456e-05,-7.318782e-05,0,0,0,1
1771685829708000,1771685829550000,0,1771685829556000,0,-552.735,0.5625,-0.026428223,-0.030242337,0.57550603,4.854517e-05,-7.086641e-05,0,0,0,1
1771685829756000,1771685829602000,0,1771685829604000,0,-552.659,0.5625,-0.031677246,-0.03037751,0.575477,6.974721e-05,-7.076098e-05,0,0,0,1
1771685829812000,1771685829654000,0,1771685829660000,0,-552.568,0.5625,-0.039916992,-0.031276155,0.57550603,0.00011074541,-7.452763e-05,0,0,0,1
1771685829860000,1771685829706000,0,1771685829708000,0,-552.493,0.5625,-0.0435791,-0.03243513,0.575477,0.00013200445,-7.994211e-05,0,0,0,1
1771685829916000,1771685829758000,0,1771685829764000,0,-552.429,0.5625,-0.024475098,-0.03168527,0.57550603,4.163504e-05,-7.6333476e-05,0,0,0,1
1771685829964000,1771685829810000,0,1771685829812000,0,-552.341,0.5625,-0.04156494,-0.032615963,0.575477,0.00012008434,-8.0454935e-05,0,0,0,1
1771685830020000,1771685829862000,0,1771685829868000,0,-552.281,0.5625,-0.018554688,-0.03129135,0.57550603,2.3928607e-05,-7.512999e-05,0,0,0,1
1771685830068000,1771685829914000,0,1771685829916000,0,-552.187,0.5625,-0.04156494,-0.03225915,0.575477,0.00012008434,-7.936482e-05,0,0,0,1
1771685830124000,1771685829966000,0,1771685829972000,0,-552.125,0.5625,-0.020324707,-0.031134892,0.57550603,2.8711687e-05,-7.459315e-05,0,0,0,1
1771685830172000,1771685830018000,0,1771685830020000,0,-552.046,0.5625,-0.027954102,-0.030835252,0.575477,5.4315416e-05,-7.2682924e-05,0,0,0,1
1771685830228000,1771685830070000,0,1771685830076000,0,-551.97,0.5625,-0.020812988,-0.029891126,0.57550603,3.0107798e-05,-6.867222e-05,0,0,0,1
1771685830276000,1771685830122000,0,1771685830124000,0,-551.888,0.5625,-0.03149414,-0.030042134,0.575477,6.894322e-05,-6.869775e-05,0,0,0,1
1771685830332000,1771685830174000,0,1771685830180000,0,-551.818,0.5625,-0.018188477,-0.028925486,0.57550603,2.2993378e-05,-6.439227e-05,0,0,0,1
1771685830380000,1771685830226000,0,1771685830228000,0,-551.739,0.5625,-0.025939941,-0.02864424,0.575477,4.6770285e-05,-6.273223e-05,0,0,0,1
1771685830436000,1771685830278000,0,1771685830284000,0,-551.654,0.5625,-0.027770996,-0.028561978,0.57550603,5.3603486e-05,-6.187228e-05,0,0,0,1
1771685830484000,1771685830330000,0,1771685830332000,0,-551.579,0.5625,-0.03137207,-0.028826697,0.575477,6.840981e-05,-6.248813e-05,0,0,0,1
1771685830540000,1771685830382000,0,1771685830388000,0,-551.495,0.5625,-0.031982422,-0.029123975,0.57550603,7.109398e-05,-6.329882e-05,0,0,0,1
1771685830588000,1771685830434000,0,1771685830436000,0,-551.413,0.5625,-0.041931152,-0.030330447,0.575477,0.00012220969,-6.88484e-05,0,0,0,1
1771685830644000,1771685830486000,0,1771685830492000,0,-551.339,0.5625,-0.031921387,-0.030480318,0.57550603,7.082288e-05,-6.90344e-05,0,0,0,1
1771685830692000,1771685830538000,0,1771685830540000,0,-551.26,0.5625,-0.03894043,-0.031277284,0.575477,0.00010539828,-7.245998e-05,0,0,0,1
1771685830748000,1771685830590000,0,1771685830596000,0,-551.193,0.5625,-0.022033691,-0.03040651,0.57550603,3.3743076e-05,-6.881273e-05,0,0,0,1
1771685830796000,1771685830642000,0,1771685830644000,0,-551.113,0.5625,-0.030334473,-0.030399725,0.575477,6.395948e-05,-6.835554e-05,0,0,0,1
1771685830852000,1771685830694000,0,1771685830700000,0,-551.031,0.5625,-0.028564453,-0.030226838,0.57550603,5.67103e-05,-6.725852e-05,0,0,0,1
1771685830900000,1771685830746000,0,1771685830748000,0,-550.948,0.5625,-0.039733887,-0.03112243,0.575477,0.000109737266,-7.126015e-05,0,0,0,1
1771685830956000,1771685830798000,0,1771685830804000,0,-550.879,0.5625,-0.024780273,-0.03052498,0.57550603,4.2679792e-05,-6.8567795e-05,0,0,0,1
1771685831004000,1771685830850000,0,1771685830852000,0,-550.803,0.5625,-0.02911377,-0.03039204,0.575477,5.891541e-05,-6.765851e-05,0,0,0,1
1771685831060000,1771685830902000,0,1771685830908000,0,-550.712,0.5625,-0.03643799,-0.030961586,0.57550603,9.2282404e-05,-6.997815e-05,0,0,0,1
1771685831108000,1771685830954000,0,1771685830956000,0,-550.646,0.5625,-0.030395508,-0.03090826,0.575477,6.421712e-05,-6.9435446e-05,0,0,0,1
1771685831164000,1771685831006000,0,1771685831012000,0,-550.57,0.5625,-0.022460938,-0.030112498,0.57550603,3.5064357e-05,-6.619759e-05,0,0,0,1
1771685831212000,1771685831058000,0,1771685831060000,0,-550.495,0.5625,-0.025817871,-0.029707931,0.575477,4.633113e-05,-6.432611e-05,0,0,0,1
1771685831268000,1771685831110000,0,1771685831116000,0,-550.405,0.5625,-0.032165527,-0.029939443,0.57550603,7.191036e-05,-6.5040564e-05,0,0,0,1
1771685831316000,1771685831162000,0,1771685831164000,0,-550.34,0.5625,-0.025146484,-0.029487932,0.575477,4.3952805e-05,-6.305404e-05,0,0,0,1
1771685831372000,1771685831214000,0,1771685831220000,0,-550.256,0.5625,-0.025390625,-0.029101955,0.57550603,4.4808137e-05,-6.1335224e-05,0,0,0,1
1771685831420000,1771685831266000,0,1771685831268000,0,-550.188,0.5625,-0.02166748,-0.028401606,0.575477,3.263239e-05,-5.8631333e-05,0,0,0,1
1771685831476000,1771685831318000,0,1771685831324000,0,-550.095,0.5625,-0.031188965,-0.028664183,0.57550603,6.761017e-05,-5.9477166e-05,0,0,0,1
1771685831524000,1771685831370000,0,1771685831372000,0,-550.031,0.5625,-0.023254395,-0.028154565,0.575477,3.7587382e-05,-5.7415084e-05,0,0,0,1
1771685831580000,1771685831422000,0,1771685831428000,0,-549.95,0.5625,-0.020690918,-0.027451469,0.57550603,2.9755663e-05,-5.4809487e-05,0,0,0,1
1771685831628000,1771685831474000,0,1771685831476000,0,-549.859,0.5625,-0.040039062,-0.028637256,0.575477,0.00011142941,-6.0143248e-05,0,0,0,1
1771685831684000,1771685831526000,0,1771685831532000,0,-549.78,0.5625,-0.035095215,-0.029245615,0.57550603,8.560634e-05,-6.254194e-05,0,0,0,1
1771685831732000,1771685831578000,0,1771685831580000,0,-549.713,0.5625,-0.030151367,-0.029330939,0.575477,6.318966e-05,-6.260296e-05,0,0,0,1
1771685831788000,1771685831630000,0,1771685831636000,0,-549.639,0.5625,-0.020507812,-0.028499775,0.57550603,2.9231345e-05,-5.9459257e-05,0,0,0,1
1771685831836000,1771685831682000,0,1771685831684000,0,-549.558,0.5625,-0.029846191,-0.028626611,0.575477,6.1916995e-05,-5.969078e-05,0,0,0,1
1771685831892000,1771685831734000,0,1771685831740000,0,-549.49,0.5625,-0.014160156,-0.02726383,0.57550603,1.3936259e-05,-5.5380573e-05,0,0,0,1
1771685831940000,1771685831786000,0,1771685831788000,0,-549.417,0.5625,-0.015380859,-0.026144419,0.575477,1.644346e-05,-5.1712585e-05,0,0,0,1
1771685831996000,1771685831838000,0,1771685831844000,0,-549.338,0.5625,-0.010559082,-0.024676235,0.57550603,7.7493e-06,-4.7571117e-05,0,0,0,1
1771685832044000,1771685831890000,0,1771685831892000,0,-549.26,0.5625,-0.016784668,-0.023932828,0.575477,1.9582023e-05,-4.4934462e-05,0,0,0,1
1771685832100000,1771685831942000,0,1771685831948000,0,-549.172,0.5625,-0.021118164,-0.023667678,0.57550603,3.09972e-05,-4.362153e-05,0,0,0,1
1771685832148000,1771685831994000,0,1771685831996000,0,-549.091,0.5625,-0.030151367,-0.02427846,0.575477,6.318966e-05,-4.5464905e-05,0,0,0,1
1771685832204000,1771685832046000,0,1771685832052000,0,-549.015,0.5625,-0.021911621,-0.024055498,0.57550603,3.3370226e-05,-4.4325552e-05,0,0,0,1
1771685832252000,1771685832098000,0,1771685832100000,0,-548.925,0.5625,-0.039794922,-0.025538197,0.575477,0.00011007466,-5.051931e-05,0,0,0,1
1771685832308000,1771685832150000,0,1771685832156000,0,-548.858,0.5625,-0.022338867,-0.025236811,0.57550603,3.4684257e-05,-4.90276e-05,0,0,0,1
1771685832356000,1771685832202000,0,1771685832204000,0,-548.79,0.5625,-0.018188477,-0.024572838,0.575477,2.2994538e-05,-4.657521e-05,0,0,0,1
1771685832412000,1771685832254000,0,1771685832260000,0,-548.713,0.5625,-0.011169434,-0.0233102,0.57550603,8.671064e-06,-4.300453e-05,0,0,0,1
1771685832460000,1771685832306000,0,1771685832308000,0,-548.644,0.5625,-0.008300781,-0.02189627,0.575477,4.789277e-06,-3.9404542e-05,0,0,0,1
1771685832516000,1771685832358000,0,1771685832364000,0,-548.548,0.5625,-0.020568848,-0.021771222,0.57550603,2.94056e-05,-3.846261e-05,0,0,0,1
1771685832564000,1771685832410000,0,1771685832412000,0,-548.463,0.5625,-0.03338623,-0.02286539,0.575477,7.747593e-05,-4.213778e-05,0,0,0,1
1771685832620000,1771685832462000,0,1771685832468000,0,-548.383,0.5625,-0.02911377,-0.023454007,0.57550603,5.891244e-05,-4.3718002e-05,0,0,0,1
1771685832668000,1771685832514000,0,1771685832516000,0,-548.307,0.5625,-0.03277588,-0.024332155,0.575477,7.4669064e-05,-4.6633682e-05,0,0,0,1
1771685832724000,1771685832566000,0,1771685832572000,0,-548.229,0.5625,-0.026489258,-0.02453536,0.57550603,4.8769656e-05,-4.68349e-05,0,0,0,1
1771685832772000,1771685832618000,0,1771685832620000,0,-548.15,0.5625,-0.033203125,-0.02535189,0.575477,7.6628436e-05,-4.9641538e-05,0,0,0,1
1771685832828000,1771685832670000,0,1771685832676000,0,-548.055,0.5625,-0.043945312,-0.027103445,0.57550603,0.00013422556,-5.76096e-05,0,0,0,1
1771685832876000,1771685832722000,0,1771685832724000,0,-547.984,0.5625,-0.042297363,-0.028534755,0.575477,0.00012435367,-6.389708e-05,0,0,0,1
1771685832932000,1771685832774000,0,1771685832780000,0,-547.924,0.5625,-0.01776123,-0.027519858,0.57550603,2.1925838e-05,-5.9943268e-05,0,0,0,1
1771685832980000,1771685832826000,0,1771685832828000,0,-547.839,0.5625,-0.030700684,-0.027819501,0.575477,6.551309e-05,-6.0467963e-05,0,0,0,1
1771685833036000,1771685832878000,0,1771685832884000,0,-547.756,0.5625,-0.02947998,-0.027975922,0.57550603,6.0403832e-05,-6.046192e-05,0,0,0,1
1771685833084000,1771685832930000,0,1771685832932000,0,-547.684,0.5625,-0.02911377,-0.02808311,0.575477,5.891541e-05,-6.0316233e-05,0,0,0,1
1771685833140000,1771685832982000,0,1771685832988000,0,-547.606,0.5625,-0.022888184,-0.027593734,0.57550603,3.6411013e-05,-5.806429e-05,0,0,0,1
1771685833188000,1771685833034000,0,1771685833036000,0,-547.534,0.5625,-0.022766113,-0.027138958,0.575477,3.602548e-05,-5.5988174e-05,0,0,0,1
1771685833244000,1771685833086000,0,1771685833092000,0,-547.461,0.5625,-0.01171875,-0.02568633,0.57550603,9.544929e-06,-5.1613086e-05,0,0,0,1
1771685833292000,1771685833138000,0,1771685833140000,0,-547.386,0.5625,-0.014892578,-0.024669526,0.575477,1.5416004e-05,-4.8203216e-05,0,0,0,1
1771685833348000,1771685833190000,0,1771685833196000,0,-547.311,0.5625,-0.0059814453,-0.022909055,0.57550603,2.4866943e-06,-4.3896587e-05,0,0,0,1
1771685833396000,1771685833242000,0,1771685833244000,0,-547.225,0.5625,-0.020202637,-0.022654101,0.575477,2.8369268e-05,-4.243387e-05,0,0,0,1
1771685833452000,1771685833294000,0,1771685833300000,0,-547.143,0.5625,-0.018188477,-0.022233427,0.57550603,2.2993378e-05,-4.0602517e-05,0,0,0,1
1771685833500000,1771685833346000,0,1771685833348000,0,-547.071,0.5625,-0.018127441,-0.021846632,0.575477,2.2840472e-05,-3.892928e-05,0,0,0,1
1771685833556000,1771685833398000,0,1771685833404000,0,-546.987,0.5625,-0.018127441,-0.021496274,0.57550603,2.2839318e-05,-3.741356e-05,0,0,0,1
1771685833604000,1771685833450000,0,1771685833452000,0,-546.911,0.5625,-0.022033691,-0.0215469,0.575477,3.3744775e-05,-3.7067948e-05,0,0,0,1
1771685833660000,1771685833502000,0,1771685833508000,0,-546.837,0.5625,-0.012145996,-0.020661307,0.57550603,1.02536005e-05,-3.4541958e-05,0,0,0,1
1771685833708000,1771685833554000,0,1771685833556000,0,-546.747,0.5625,-0.030639648,-0.021601297,0.575477,6.525286e-05,-3.7435013e-05,0,0,0,1
1771685833764000,1771685833606000,0,1771685833612000,0,-546.667,0.5625,-0.026977539,-0.022107754,0.57550603,5.058419e-05,-3.8673705e-05,0,0,0,1
1771685833812000,1771685833658000,0,1771685833660000,0,-546.594,0.5625,-0.028198242,-0.022681495,0.575477,5.5268298e-05,-4.0236962e-05,0,0,0,1
1771685833868000,1771685833710000,0,1771685833716000,0,-546.517,0.5625,-0.02142334,-0.022562973,0.57550603,3.1899544e-05,-3.9451552e-05,0,0,0,1
1771685833916000,1771685833762000,0,1771685833764000,0,-546.426,0.5625,-0.04058838,-0.024261018,0.575477,0.0001145079,-4.6522076e-05,0,0,0,1
1771685833972000,1771685833814000,0,1771685833820000,0,-546.337,0.5625,-0.04534912,-0.02624758,0.57550603,0.00014293805,-5.560474e-05,0,0,0,1
1771685834020000,1771685833866000,0,1771685833868000,0,-546.273,0.5625,-0.0368042,-0.027242044,0.575477,9.41514e-05,-5.923595e-05,0,0,0,1
1771685834076000,1771685833918000,0,1771685833924000,0,-546.191,0.5625,-0.034606934,-0.027935838,0.57550603,8.324082e-05,-6.149728e-05,0,0,0,1
1771685834124000,1771685833970000,0,1771685833972000,0,-546.101,0.5625,-0.052368164,-0.030237434,0.575477,0.00019061923,-7.366094e-05,0,0,0,1
1771685834180000,1771685834022000,0,1771685834028000,0,-546.037,0.5625,-0.032104492,-0.030413317,0.57550603,7.163772e-05,-7.347035e-05,0,0,0,1
1771685834228000,1771685834074000,0,1771685834076000,0,-545.965,0.5625,-0.032165527,-0.03057838,0.575477,7.1913986e-05,-7.332374e-05,0,0,0,1
1771685834284000,1771685834126000,0,1771685834132000,0,-545.887,0.5625,-0.026428223,-0.030187424,0.57550603,4.854517e-05,-7.0989525e-05,0,0,0,1
1771685834332000,1771685834178000,0,1771685834180000,0,-545.809,0.5625,-0.03265381,-0.030419765,0.575477,7.411391e-05,-7.128385e-05,0,0,0,1
1771685834388000,1771685834230000,0,1771685834236000,0,-545.73,0.5625,-0.028015137,-0.030193241,0.57550603,5.4550106e-05,-6.970749e-05,0,0,0,1
1771685834436000,1771685834282000,0,1771685834284000,0,-545.657,0.5625,-0.029296875,-0.0301088,0.575477,5.9658814e-05,-6.876087e-05,0,0,0,1
1771685834492000,1771685834334000,0,1771685834340000,0,-545.566,0.5625,-0.03656006,-0.030716527,0.57550603,9.290175e-05,-7.1035014e-05,0,0,0,1
1771685834540000,1771685834386000,0,1771685834388000,0,-545.485,0.5625,-0.04547119,-0.03210646,0.575477,0.00014371586,-7.788176e-05,0,0,0,1
1771685834596000,1771685834438000,0,1771685834444000,0,-545.404,0.5625,-0.0423584,-0.033072222,0.57550603,0.00012470652,-8.229279e-05,0,0,0,1
1771685834644000,1771685834490000,0,1771685834492000,0,-545.337,0.5625,-0.03717041,-0.033458285,0.575477,9.603438e-05,-8.3587285e-05,0,0,0,1
1771685834700000,1771685834542000,0,1771685834548000,0,-545.273,0.5625,-0.017211914,-0.03192783,0.57550603,2.0590574e-05,-7.765281e-05,0,0,0,1
1771685834748000,1771685834594000,0,1771685834596000,0,-545.193,0.5625,-0.0256958,-0.031340756,0.575477,4.5894045e-05,-7.4661046e-05,0,0,0,1
1771685834804000,1771685834646000,0,1771685834652000,0,-545.099,0.5625,-0.036071777,-0.03178643,0.57550603,9.0436806e-05,-7.614717e-05,0,0,0,1
1771685834852000,1771685834698000,0,1771685834700000,0,-545.027,0.5625,-0.036071777,-0.03219012,0.575477,9.044137e-05,-7.749372e-05,0,0,0,1
1771685834908000,1771685834750000,0,1771685834756000,0,-544.959,0.5625,-0.020324707,-0.031072365,0.57550603,2.8711687e-05,-7.2898314e-05,0,0,0,1
1771685834956000,1771685834802000,0,1771685834804000,0,-544.881,0.5625,-0.026794434,-0.03066937,0.575477,4.9902374e-05,-7.073203e-05,0,0,0,1
1771685835012000,1771685834854000,0,1771685834860000,0,-544.79,0.5625,-0.034606934,-0.0310403,0.57550603,8.324082e-05,-7.191039e-05,0,0,0,1
1771685835060000,1771685834906000,0,1771685834908000,0,-544.716,0.5625,-0.036987305,-0.031600524,0.575477,9.509056e-05,-7.409403e-05,0,0,0,1
1771685835116000,1771685834958000,0,1771685834964000,0,-544.632,0.5625,-0.03753662,-0.03215972,0.57550603,9.7931064e-05,-7.633955e-05,0,0,0,1
1771685835164000,1771685835010000,0,1771685835012000,0,-544.555,0.5625,-0.04284668,-0.03316646,0.575477,0.00012760461,-8.1168866e-05,0,0,0,1
1771685835220000,1771685835062000,0,1771685835068000,0,-544.487,0.5625,-0.02722168,-0.032606445,0.57550603,5.150388e-05,-7.837434e-05,0,0,0,1
1771685835268000,1771685835114000,0,1771685835116000,0,-544.406,0.5625,-0.036743164,-0.032996137,0.575477,9.383938e-05,-7.983119e-05,0,0,0,1
1771685835324000,1771685835166000,0,1771685835172000,0,-544.328,0.5625,-0.031311035,-0.032837395,0.57550603,6.814045e-05,-7.8729885e-05,0,0,0,1
1771685835372000,1771685835218000,0,1771685835220000,0,-544.257,0.5625,-0.030883789,-0.032653358,0.575477,6.6296896e-05,-7.755866e-05,0,0,0,1
1771685835428000,1771685835270000,0,1771685835276000,0,-544.18,0.5625,-0.02520752,-0.031951938,0.57550603,4.4164197e-05,-7.4412805e-05,0,0,0,1
1771685835476000,1771685835322000,0,1771685835324000,0,-544.11,0.5625,-0.024291992,-0.03123035,0.575477,4.1016472e-05,-7.1266775e-05,0,0,0,1
1771685835532000,1771685835374000,0,1771685835380000,0,-544.022,0.5625,-0.029663086,-0.031082708,0.57550603,6.115652e-05,-7.031436e-05,0,0,0,1
1771685835580000,1771685835426000,0,1771685835428000,0,-543.947,0.5625,-0.033569336,-0.031316955,0.575477,7.832809e-05,-7.106928e-05,0,0,0,1
1771685835636000,1771685835478000,0,1771685835484000,0,-543.874,0.5625,-0.023742676,-0.030603435,0.57550603,3.9180453e-05,-6.806526e-05,0,0,0,1
1771685835684000,1771685835530000,0,1771685835532000,0,-543.792,0.5625,-0.034851074,-0.031003576,0.575477,8.44237e-05,-6.960627e-05,0,0,0,1
1771685835740000,1771685835582000,0,1771685835588000,0,-543.722,0.5625,-0.022033691,-0.030158587,0.57550603,3.3743076e-05,-6.6227854e-05,0,0,0,1
1771685835788000,1771685835634000,0,1771685835636000,0,-543.651,0.5625,-0.022094727,-0.029398948,0.57547694,3.393199e-05,-6.318549e-05,0,0,0,1
1771685835844000,1771685835686000,0,1771685835692000,0,-543.566,0.5625,-0.024475098,-0.028935106,0.57550603,4.163504e-05,-6.115538e-05,0,0,0,1
1771685835892000,1771685835738000,0,1771685835740000,0,-543.495,0.5625,-0.024475098,-0.02851496,0.57547694,4.1637144e-05,-5.9316702e-05,0,0,0,1
1771685835948000,1771685835790000,0,1771685835796000,0,-543.422,0.5625,-0.014709473,-0.027214443,0.575506,1.5038494e-05,-5.5145567e-05,0,0,0,1
1771685835996000,1771685835842000,0,1771685835844000,0,-543.339,0.5625,-0.02746582,-0.027238123,0.57547694,5.243451e-05,-5.4890177e-05,0,0,0,1
1771685836052000,1771685835894000,0,1771685835900000,0,-543.263,0.5625,-0.021240234,-0.026673105,0.575506,3.1356583e-05,-5.2673244e-05,0,0,0,1
1771685836100000,1771685835946000,0,1771685835948000,0,-543.187,0.5625,-0.026794434,-0.026684534,0.57547694,4.9902374e-05,-5.241222e-05,0,0,0,1
1771685836156000,1771685835998000,0,1771685836004000,0,-543.111,0.5625,-0.020568848,-0.026108418,0.575506,2.9405603e-05,-5.024493e-05,0,0,0,1
1771685836204000,1771685836050000,0,1771685836052000,0,-543.029,0.5625,-0.032165527,-0.026679015,0.57547694,7.191399e-05,-5.2286217e-05,0,0,0,1
1771685836260000,1771685836102000,0,1771685836108000,0,-542.945,0.5625,-0.033813477,-0.027351102,0.575506,7.946754e-05,-5.4846776e-05,0,0,0,1
1771685836308000,1771685836154000,0,1771685836156000,0,-542.874,0.5625,-0.034057617,-0.027982876,0.57547694,8.06233e-05,-5.7275e-05,0,0,0,1
1771685836364000,1771685836206000,0,1771685836212000,0,-542.792,0.5625,-0.033691406,-0.028520636,0.575506,7.889481e-05,-5.931165e-05,0,0,0,1
1771685836412000,1771685836258000,0,1771685836260000,0,-542.715,0.5625,-0.039978027,-0.029599955,0.57547694,0.000111089954,-6.418931e-05,0,0,0,1
1771685836468000,1771685836310000,0,1771685836316000,0,-542.645,0.5625,-0.02746582,-0.029398914,0.575506,5.2431864e-05,-6.308173e-05,0,0,0,1
1771685836516000,1771685836362000,0,1771685836364000,0,-542.578,0.5625,-0.023925781,-0.028883329,0.57547694,3.9789116e-05,-6.0887498e-05,0,0,0,1
1771685836572000,1771685836414000,0,1771685836420000,0,-542.504,0.5625,-0.0154418945,-0.027617106,0.575506,1.6573389e-05,-5.671298e-05,0,0,0,1
1771685836620000,1771685836466000,0,1771685836468000,0,-542.436,0.5625,-0.012878418,-0.02622868,0.57547694,1.1528083e-05,-5.245643e-05,0,0,0,1
1771685836676000,1771685836518000,0,1771685836524000,0,-542.356,0.5625,-0.010437012,-0.02474106,0.575506,7.5711614e-06,-4.822811e-05,0,0,0,1
1771685836724000,1771685836570000,0,1771685836572000,0,-542.278,0.5625,-0.01776123,-0.02408354,0.57547694,2.1926946e-05,-4.5750465e-05,0,0,0,1
1771685836780000,1771685836622000,0,1771685836628000,0,-542.196,0.5625,-0.017211914,-0.023436213,0.575506,2.0590576e-05,-4.338033e-05,0,0,0,1
1771685836828000,1771685836674000,0,1771685836676000,0,-542.119,0.5625,-0.0234375,-0.023436334,0.57547694,3.8181643e-05,-4.28906e-05,0,0,0,1
1771685836884000,1771685836726000,0,1771685836732000,0,-542.053,0.5625,-0.0067749023,-0.021866778,0.575506,3.1901877e-06,-3.9150706e-05,0,0,0,1
1771685836932000,1771685836778000,0,1771685836780000,0,-541.978,0.5625,-0.011108398,-0.020853307,0.57547694,8.576991e-06,-3.6270572e-05,0,0,0,1
1771685836988000,1771685836830000,0,1771685836836000,0,-541.901,0.5625,-0.00579834,-0.019435085,0.575506,2.3367782e-06,-3.307391e-05,0,0,0,1
1771685837036000,1771685836882000,0,1771685836884000,0,-541.823,0.5625,-0.013305664,-0.018857677,0.57547694,1.2305667e-05,-3.111748e-05,0,0,0,1
1771685837092000,1771685836934000,0,1771685836940000,0,-541.746,0.5625,-0.0079956055,-0.017834438,0.575506,4.443374e-06,-2.8604703e-05,0,0,0,1
1771685837140000,1771685836986000,0,1771685836988000,0,-541.645,0.5625,-0.038391113,-0.019770937,0.57547694,0.000102445636,-3.5560734e-05,0,0,0,1
1771685837196000,1771685837038000,0,1771685837044000,0,-541.586,0.5625,-0.014526367,-0.019276883,0.575506,1.4666422e-05,-3.3592427e-05,0,0,0,1
1771685837244000,1771685837090000,0,1771685837092000,0,-541.507,0.5625,-0.022583008,-0.01958833,0.57547694,3.5448316e-05,-3.3767257e-05,0,0,0,1
1771685837300000,1771685837142000,0,1771685837148000,0,-541.433,0.5625,-0.013671875,-0.019030983,0.575506,1.299171e-05,-3.181014e-05,0,0,0,1
1771685837348000,1771685837194000,0,1771685837196000,0,-541.346,0.5625,-0.029663086,-0.020032559,0.57547694,6.115961e-05,-3.4574947e-05,0,0,0,1
1771685837404000,1771685837246000,0,1771685837252000,0,-541.266,0.5625,-0.026550293,-0.020646548,0.575506,4.8994665e-05,-3.5933324e-05,0,0,0,1
1771685837452000,1771685837298000,0,1771685837300000,0,-541.209,0.5625,-0.012268066,-0.01985727,0.57547694,1.0461267e-05,-3.3533783e-05,0,0,0,1
1771685837508000,1771685837350000,0,1771685837356000,0,-541.134,0.5625,-0.0045776367,-0.018417886,0.575506,1.4564407e-06,-3.0512005e-05,0,0,0,1
1771685837556000,1771685837402000,0,1771685837404000,0,-541.045,0.5625,-0.022827148,-0.018833252,0.57547694,3.621891e-05,-3.104961e-05,0,0,0,1
1771685837612000,1771685837454000,0,1771685837460000,0,-540.976,0.5625,-0.008972168,-0.01790431,0.575506,5.5950627e-06,-2.8651719e-05,0,0,0,1
1771685837660000,1771685837506000,0,1771685837508000,0,-540.885,0.5625,-0.02911377,-0.018960273,0.57547694,5.8915415e-05,-3.150265e-05,0,0,0,1
1771685837716000,1771685837558000,0,1771685837564000,0,-540.817,0.5625,-0.014038086,-0.018496588,0.575506,1.3697016e-05,-2.9825305e-05,0,0,0,1
1771685837764000,1771685837610000,0,1771685837612000,0,-540.742,0.5625,-0.018066406,-0.018456064,0.57547694,2.2686923e-05,-2.9152849e-05,0,0,0,1
1771685837820000,1771685837662000,0,1771685837668000,0,-540.681,0.5625,0.0038452148,-0.016355218,0.575506,1.0276646e-06,-2.6309757e-05,0,0,0,1
1771685837868000,1771685837714000,0,1771685837716000,0,-540.602,0.5625,-0.0045776367,-0.015245736,0.57547694,1.4565142e-06,-2.396851e-05,0,0,0,1
1771685837924000,1771685837766000,0,1771685837772000,0,-540.505,0.5625,-0.018981934,-0.015597696,0.575506,2.5043271e-05,-2.4069755e-05,0,0,0,1
1771685837972000,1771685837818000,0,1771685837820000,0,-540.439,0.5625,-0.013977051,-0.015445027,0.57547694,1.3578855e-05,-2.3081482e-05,0,0,0,1
1771685838028000,1771685837870000,0,1771685837876000,0,-540.35,0.5625,-0.020629883,-0.015933456,0.575506,2.9580375e-05,-2.3693698e-05,0,0,0,1
1771685838076000,1771685837922000,0,1771685837924000,0,-540.268,0.5625,-0.03149414,-0.017399319,0.57547694,6.894322e-05,-2.7956334e-05,0,0,0,1
1771685838132000,1771685837974000,0,1771685837980000,0,-540.214,0.5625,-0.0025024414,-0.015995989,0.575506,4.352492e-07,-2.5363768e-05,0,0,0,1
1771685838180000,1771685838026000,0,1771685838028000,0,-540.132,0.5625,-0.013977051,-0.0158058,0.57547694,1.3578855e-05,-2.4253595e-05,0,0,0,1
1771685838236000,1771685838078000,0,1771685838084000,0,-540.051,0.5625,-0.012390137,-0.015484034,0.575506,1.0669949e-05,-2.2973976e-05,0,0,0,1
1771685838284000,1771685838130000,0,1771685838132000,0,-539.99,0.5625,-0.0025634766,-0.01426688,0.57547694,4.5676285e-07,-2.0852789e-05,0,0,0,1
1771685838340000,1771685838182000,0,1771685838188000,0,-539.907,0.5625,-0.003112793,-0.013216132,0.575506,6.7345815e-07,-1.8951838e-05,0,0,0,1
1771685838388000,1771685838234000,0,1771685838236000,0,-539.823,0.5625,-0.016357422,-0.013512051,0.57547694,1.8597808e-05,-1.8918487e-05,0,0,0,1
1771685838444000,1771685838286000,0,1771685838292000,0,-539.739,0.5625,-0.017578125,-0.013895087,0.575506,2.1476091e-05,-1.915942e-05,0,0,0,1
1771685838492000,1771685838338000,0,1771685838340000,0,-539.666,0.5625,-0.01953125,-0.01442603,0.57547694,2.651503e-05,-1.9852341e-05,0,0,0,1
1771685838548000,1771685838390000,0,1771685838396000,0,-539.601,0.5625,-0.0016479492,-0.013222298,0.575506,1.8875471e-07,-1.7999973e-05,0,0,0,1
1771685838596000,1771685838442000,0,1771685838444000,0,-539.529,0.5625,-0.0029296875,-0.012252704,0.57547694,5.9658817e-07,-1.6360524e-05,0,0,0,1
1771685838652000,1771685838494000,0,1771685838500000,0,-539.429,0.5625,-0.020385742,-0.0130188605,0.575506,2.888439e-05,-1.7540307e-05,0,0,0,1
1771685838700000,1771685838546000,0,1771685838548000,0,-539.358,0.5625,-0.020324707,-0.013707092,0.57547694,2.8713137e-05,-1.859282e-05,0,0,0,1
1771685838756000,1771685838598000,0,1771685838604000,0,-539.268,0.5625,-0.02734375,-0.014991704,0.575506,5.196684e-05,-2.1736749e-05,0,0,0,1
1771685838804000,1771685838650000,0,1771685838652000,0,-539.19,0.5625,-0.03387451,-0.01677052,0.57547694,7.975871e-05,-2.7202586e-05,0,0,0,1
1771685838860000,1771685838702000,0,1771685838708000,0,-539.112,0.5625,-0.028686523,-0.017893042,0.575506,5.7196045e-05,-3.0028057e-05,0,0,0,1
1771685838908000,1771685838754000,0,1771685838756000,0,-539.051,0.5625,-0.018127441,-0.017915124,0.57547694,2.2840472e-05,-2.9350966e-05,0,0,0,1
1771685838964000,1771685838806000,0,1771685838812000,0,-538.988,0.5625,0.0018920898,-0.016049227,0.575506,2.488248e-07,-2.6562579e-05,0,0,0,1
1771685839012000,1771685838858000,0,1771685838860000,0,-538.898,0.5625,-0.017333984,-0.016170254,0.57547694,2.088473e-05,-2.6027708e-05,0,0,0,1
1771685839068000,1771685838910000,0,1771685838916000,0,-538.828,0.5625,-0.0043945312,-0.015060946,0.575506,1.3422557e-06,-2.3702267e-05,0,0,0,1
1771685839116000,1771685838962000,0,1771685838964000,0,-538.736,0.5625,-0.025390625,-0.016034031,0.57547694,4.48104e-05,-2.5690715e-05,0,0,0,1
1771685839172000,1771685839014000,0,1771685839020000,0,-538.65,0.5625,-0.028198242,-0.017179936,0.575506,5.5265515e-05,-2.8476747e-05,0,0,0,1
1771685839220000,1771685839066000,0,1771685839068000,0,-538.575,0.5625,-0.03173828,-0.018551374,0.57547694,7.0016256e-05,-3.238989e-05,0,0,0,1
1771685839276000,1771685839118000,0,1771685839124000,0,-538.505,0.5625,-0.018554688,-0.018551687,0.575506,2.3928607e-05,-3.1592812e-05,0,0,0,1
1771685839324000,1771685839170000,0,1771685839172000,0,-538.424,0.5625,-0.028442383,-0.01948342,0.57547694,5.6229474e-05,-3.3913657e-05,0,0,0,1
1771685839380000,1771685839222000,0,1771685839228000,0,-538.356,0.5625,-0.013366699,-0.018907206,0.575506,1.2418196e-05,-3.188872e-05,0,0,0,1
1771685839428000,1771685839274000,0,1771685839276000,0,-538.287,0.5625,-0.011779785,-0.018235782,0.57547694,9.645101e-06,-2.9793307e-05,0,0,0,1
1771685839484000,1771685839326000,0,1771685839332000,0,-538.213,0.5625,-0.0034179688,-0.016839901,0.575506,8.1198186e-07,-2.7063183e-05,0,0,0,1
1771685839532000,1771685839378000,0,1771685839380000,0,-538.125,0.5625,-0.020996094,-0.017231427,0.57547694,3.0641433e-05,-2.7400265e-05,0,0,0,1
1771685839588000,1771685839430000,0,1771685839436000,0,-538.064,0.5625,0.00061035156,-0.0155506795,0.575506,2.5892279e-08,-2.4816642e-05,0,0,0,1
1771685839636000,1771685839482000,0,1771685839484000,0,-537.983,0.5625,-0.010070801,-0.015034459,0.57547694,7.0495284e-06,-2.3142928e-05,0,0,0,1
1771685839692000,1771685839534000,0,1771685839540000,0,-537.897,0.5625,-0.01373291,-0.014911849,0.575506,1.3107966e-05,-2.2197604e-05,0,0,0,1
1771685839740000,1771685839586000,0,1771685839588000,0,-537.826,0.5625,-0.014038086,-0.014829538,0.57547694,1.3697706e-05,-2.1396889e-05,0,0,0,1
1771685839796000,1771685839638000,0,1771685839644000,0,-537.745,0.5625,-0.012634277,-0.014622738,0.575506,1.1094582e-05,-2.0426382e-05,0,0,0,1
1771685839844000,1771685839690000,0,1771685839692000,0,-537.661,0.5625,-0.025756836,-0.015671602,0.57547694,4.611233e-05,-2.2846072e-05,0,0,0,1
1771685839900000,1771685839742000,0,1771685839748000,0,-537.581,0.5625,-0.022888184,-0.016351424,0.575506,3.6411016e-05,-2.4123929e-05,0,0,0,1
1771685839948000,1771685839794000,0,1771685839796000,0,-537.503,0.5625,-0.029846191,-0.01762267,0.57547694,6.1917e-05,-2.7684146e-05,0,0,0,1
1771685840004000,1771685839846000,0,1771685839852000,0,-537.425,0.5625,-0.024902344,-0.018308436,0.575506,4.310132e-05,-2.9136489e-05,0,0,0,1
1771685840052000,1771685839898000,0,1771685839900000,0,-537.349,0.5625,-0.029846191,-0.019395327,0.57547694,6.1917e-05,-3.2224507e-05,0,0,0,1
1771685840108000,1771685839950000,0,1771685839956000,0,-537.275,0.5625,-0.020751953,-0.019523125,0.575506,2.9931474e-05,-3.20085e-05,0,0,0,1
1771685840156000,1771685840002000,0,1771685840004000,0,-537.211,0.5625,-0.013427734,-0.018948922,0.57547694,1.2532495e-05,-3.0173802e-05,0,0,0,1
1771685840212000,1771685840054000,0,1771685840060000,0,-537.138,0.5625,-0.003540039,-0.01749736,0.575506,8.7101625e-07,-2.7413394e-05,0,0,0,1
1771685840260000,1771685840106000,0,1771685840108000,0,-537.056,0.5625,-0.0146484375,-0.017228983,0.57547694,1.49147045e-05,-2.623598e-05,0,0,0,1
1771685840316000,1771685840158000,0,1771685840164000,0,-536.981,0.5625,-0.0068359375,-0.016249929,0.575506,3.2479275e-06,-2.407044e-05,0,0,0,1
1771685840364000,1771685840210000,0,1771685840212000,0,-536.909,0.5625,-0.0079956055,-0.015472347,0.57547694,4.443598e-06,-2.2221535e-05,0,0,0,1
1771685840420000,1771685840262000,0,1771685840268000,0,-536.825,0.5625,-0.009216309,-0.01488301,0.575506,5.9036984e-06,-2.0684347e-05,0,0,0,1
1771685840468000,1771685840314000,0,1771685840316000,0,-536.751,0.5625,-0.012329102,-0.014642424,0.57547694,1.0565618e-05,-1.9731133e-05,0,0,0,1
1771685840524000,1771685840366000,0,1771685840372000,0,-536.675,0.5625,-0.005432129,-0.013774787,0.575506,2.0509274e-06,-1.8065606e-05,0,0,0,1
1771685840572000,1771685840418000,0,1771685840420000,0,-536.595,0.5625,-0.014587402,-0.013851338,0.57547694,1.4790675e-05,-1.7757098e-05,0,0,0,1
1771685840628000,1771685840470000,0,1771685840476000,0,-536.517,0.5625,-0.009521484,-0.013443453,0.575506,6.301145e-06,-1.6677914e-05,0,0,0,1
1771685840676000,1771685840522000,0,1771685840524000,0,-536.444,0.5625,-0.011413574,-0.013252233,0.57547694,9.054727e-06,-1.5959788e-05,0,0,0,1
1771685840732000,1771685840574000,0,1771685840580000,0,-536.364,0.5625,-0.008422852,-0.012797291,0.575506,4.9309256e-06,-1.4920837e-05,0,0,0,1
1771685840780000,1771685840626000,0,1771685840628000,0,-536.285,0.5625,-0.016357422,-0.013132666,0.57547694,1.8597808e-05,-1.5267218e-05,0,0,0,1
1771685840836000,1771685840678000,0,1771685840684000,0,-536.21,0.5625,-0.007873535,-0.012637241,0.575506,4.308734e-06,-1.4234897e-05,0,0,0,1
1771685840884000,1771685840730000,0,1771685840732000,0,-536.119,0.5625,-0.02746582,-0.014034136,0.57547694,5.243451e-05,-1.7833412e-05,0,0,0,1
1771685840940000,1771685840782000,0,1771685840788000,0,-536.049,0.5625,-0.013793945,-0.01401151,0.575506,1.32247405e-05,-1.7399261e-05,0,0,0,1
1771685840988000,1771685840834000,0,1771685840836000,0,-535.971,0.5625,-0.020263672,-0.014600482,0.57547694,2.8540944e-05,-1.844884e-05,0,0,0,1
1771685841044000,1771685840886000,0,1771685840892000,0,-535.891,0.5625,-0.016784668,-0.014806239,0.575506,1.9581035e-05,-1.8555496e-05,0,0,0,1
1771685841092000,1771685840938000,0,1771685840940000,0,-535.805,0.5625,-0.031188965,-0.01634954,0.57547694,6.761359e-05,-2.3176912e-05,0,0,0,1
1771685841148000,1771685840990000,0,1771685840996000,0,-535.721,0.5625,-0.03137207,-0.017764706,0.575506,6.840636e-05,-2.7437658e-05,0,0,0,1
1771685841196000,1771685841042000,0,1771685841044000,0,-535.653,0.5625,-0.027404785,-0.01867283,0.57547694,5.2201725e-05,-2.9770505e-05,0,0,0,1
1771685841252000,1771685841094000,0,1771685841100000,0,-535.562,0.5625,-0.034729004,-0.020185368,0.575506,8.38291e-05,-3.486298e-05,0,0,0,1
1771685841300000,1771685841146000,0,1771685841148000,0,-535.485,0.5625,-0.039794922,-0.022032645,0.57547694,0.00011007467,-4.194814e-05,0,0,0,1
1771685841356000,1771685841198000,0,1771685841204000,0,-535.405,0.5625,-0.0357666,-0.023326423,0.575506,8.8913046e-05,-4.637237e-05,0,0,0,1
1771685841404000,1771685841250000,0,1771685841252000,0,-535.328,0.5625,-0.040771484,-0.024969798,0.57547694,0.00011554339,-5.288848e-05,0,0,0,1
1771685841460000,1771685841302000,0,1771685841308000,0,-535.252,0.5625,-0.03277588,-0.025705153,0.575506,7.46653e-05,-5.493992e-05,0,0,0,1
1771685841508000,1771685841354000,0,1771685841356000,0,-535.181,0.5625,-0.031799316,-0.02627924,0.57547694,7.028581e-05,-5.6385546e-05,0,0,0,1
1771685841564000,1771685841406000,0,1771685841412000,0,-535.108,0.5625,-0.021057129,-0.025787303,0.575506,3.0818286e-05,-5.3977037e-05,0,0,0,1
1771685841612000,1771685841458000,0,1771685841460000,0,-535.017,0.5625,-0.040283203,-0.027152859,0.57547694,0.000112792455,-5.951762e-05,0,0,0,1
1771685841668000,1771685841510000,0,1771685841516000,0,-534.928,0.5625,-0.045410156,-0.028872749,0.575506,0.00014332308,-6.741234e-05,0,0,0,1
1771685841716000,1771685841562000,0,1771685841564000,0,-534.855,0.5625,-0.046142578,-0.030499617,0.57547694,0.00014799116,-7.5003096e-05,0,0,0,1
1771685841772000,1771685841614000,0,1771685841620000,0,-534.781,0.5625,-0.036071777,-0.03102453,0.575506,9.0436806e-05,-7.6457e-05,0,0,0,1
1771685841820000,1771685841666000,0,1771685841668000,0,-534.699,0.5625,-0.046020508,-0.032437194,0.57547694,0.00014720917,-8.312206e-05,0,0,0,1
1771685841876000,1771685841718000,0,1771685841724000,0,-534.635,0.5625,-0.025817871,-0.031813636,0.575506,4.6328794e-05,-7.965603e-05,0,0,0,1
1771685841924000,1771685841770000,0,1771685841772000,0,-534.558,0.5625,-0.03100586,-0.03173754,0.57547694,6.6822024e-05,-7.8447025e-05,0,0,0,1
1771685841980000,1771685841822000,0,1771685841828000,0,-534.479,0.5625,-0.026245117,-0.031220138,0.575506,4.7874822e-05,-7.556703e-05,0,0,0,1
1771685842028000,1771685841874000,0,1771685841876000,0,-534.411,0.5625,-0.022460938,-0.030394996,0.57547694,3.506613e-05,-7.175173e-05,0,0,0,1
1771685842084000,1771685841926000,0,1771685841932000,0,-534.335,0.5625,-0.014831543,-0.028928872,0.575506,1.5289132e-05,-6.643279e-05,0,0,0,1
1771685842132000,1771685841978000,0,1771685841980000,0,-534.261,0.5625,-0.017456055,-0.0278481,0.57547694,2.1179916e-05,-6.2169835e-05,0,0,0,1
1771685842188000,1771685842030000,0,1771685842036000,0,-534.197,0.5625,0.0015258789,-0.025080986,0.575506,1.6182675e-07,-5.6298013e-05,0,0,0,1
1771685842236000,1771685842082000,0,1771685842084000,0,-534.103,0.5625,-0.021728516,-0.024765173,0.57547694,3.2816493e-05,-5.4085987e-05,0,0,0,1
1771685842292000,1771685842134000,0,1771685842140000,0,-534.028,0.5625,-0.013671875,-0.023720153,0.575506,1.299171e-05,-5.021479e-05,0,0,0,1
1771685842340000,1771685842186000,0,1771685842188000,0,-533.958,0.5625,-0.012573242,-0.02267008,0.57547694,1.0988201e-05,-4.651953e-05,0,0,0,1
1771685842396000,1771685842238000,0,1771685842244000,0,-533.865,0.5625,-0.022705078,-0.022673378,0.575506,3.583077e-05,-4.5512617e-05,0,0,0,1
1771685842444000,1771685842290000,0,1771685842292000,0,-533.801,0.5625,-0.015380859,-0.0219864,0.57547694,1.6443462e-05,-4.277422e-05,0,0,0,1
1771685842500000,1771685842342000,0,1771685842348000,0,-533.718,0.5625,-0.0154418945,-0.02136989,0.575506,1.6573389e-05,-4.0306026e-05,0,0,0,1
1771685842548000,1771685842394000,0,1771685842396000,0,-533.637,0.5625,-0.025268555,-0.021737155,0.57547694,4.438057e-05,-4.0689858e-05,0,0,0,1
1771685842604000,1771685842446000,0,1771685842452000,0,-533.567,0.5625,-0.012145996,-0.02083364,0.575506,1.0253601e-05,-3.7822676e-05,0,0,0,1
1771685842652000,1771685842498000,0,1771685842500000,0,-533.492,0.5625,-0.016174316,-0.020394718,0.57547694,1.818377e-05,-3.5972633e-05,0,0,0,1
1771685842708000,1771685842550000,0,1771685842556000,0,-533.416,0.5625,-0.009216309,-0.01934168,0.575506,5.9036984e-06,-3.314005e-05,0,0,0,1
1771685842756000,1771685842602000,0,1771685842604000,0,-533.347,0.5625,-0.0072631836,-0.01820385,0.57547694,3.6667905e-06,-3.0363584e-05,0,0,0,1
1771685842812000,1771685842654000,0,1771685842660000,0,-533.263,0.5625,-0.008483887,-0.017288202,0.575506,5.002647e-06,-2.797451e-05,0,0,0,1
1771685842860000,1771685842706000,0,1771685842708000,0,-533.173,0.5625,-0.027526855,-0.018252714,0.57547694,5.266781e-05,-3.0300691e-05,0,0,0,1
1771685842916000,1771685842758000,0,1771685842764000,0,-533.101,0.5625,-0.016296387,-0.018068422,0.575506,1.8458346e-05,-2.9185108e-05,0,0,0,1
1771685842964000,1771685842810000,0,1771685842812000,0,-533.022,0.5625,-0.024169922,-0.0186432,0.57547694,4.0605282e-05,-3.0260922e-05,0,0,0,1
1771685843020000,1771685842862000,0,1771685842868000,0,-532.923,0.5625,-0.040100098,-0.020664502,0.575506,0.00011176376,-3.7938727e-05,0,0,0,1
1771685843068000,1771685842914000,0,1771685842916000,0,-532.853,0.5625,-0.038330078,-0.02232865,0.57547694,0.00010212015,-4.3984805e-05,0,0,0,1
1771685843124000,1771685842966000,0,1771685842972000,0,-532.786,0.5625,-0.021911621,-0.022289366,0.575506,3.3370226e-05,-4.298488e-05,0,0,0,1
1771685843172000,1771685843018000,0,1771685843020000,0,-532.696,0.5625,-0.04071045,-0.024024686,0.57547694,0.00011519771,-4.9787537e-05,0,0,0,1
1771685843228000,1771685843070000,0,1771685843076000,0,-532.627,0.5625,-0.026184082,-0.024228107,0.575506,4.7652407e-05,-4.95864e-05,0,0,0,1
1771685843276000,1771685843122000,0,1771685843124000,0,-532.555,0.5625,-0.026855469,-0.024475612,0.57547694,5.012998e-05,-4.963761e-05,0,0,0,1
1771685843332000,1771685843174000,0,1771685843180000,0,-532.471,0.5625,-0.02746582,-0.024757298,0.575506,5.2431864e-05,-4.9900835e-05,0,0,0,1
1771685843380000,1771685843226000,0,1771685843228000,0,-532.388,0.5625,-0.038757324,-0.026076142,0.57547694,0.00010440941,-5.50357e-05,0,0,0,1
1771685843436000,1771685843278000,0,1771685843284000,0,-532.313,0.5625,-0.029968262,-0.02644279,0.575506,6.2421364e-05,-5.5731452e-05,0,0,0,1
1771685843484000,1771685843330000,0,1771685843332000,0,-532.22,0.5625,-0.051208496,-0.028775793,0.57547694,0.00018227038,-6.765179e-05,0,0,0,1
1771685843540000,1771685843382000,0,1771685843388000,0,-532.159,0.5625,-0.028259277,-0.028727135,0.575506,5.5505017e-05,-6.650753e-05,0,0,0,1
1771685843588000,1771685843434000,0,1771685843436000,0,-532.086,0.5625,-0.029907227,-0.028838303,0.57547694,6.21705e-05,-6.609897e-05,0,0,0,1
1771685843644000,1771685843486000,0,1771685843492000,0,-532.005,0.5625,-0.027282715,-0.028691761,0.575506,5.1735104e-05,-6.474585e-05,0,0,0,1
1771685843692000,1771685843538000,0,1771685843540000,0,-531.919,0.5625,-0.04156494,-0.029904451,0.57547694,0.00012008435,-6.99589e-05,0,0,0,1
1771685843748000,1771685843590000,0,1771685843596000,0,-531.854,0.5625,-0.022705078,-0.02922625,0.575506,3.583077e-05,-6.674393e-05,0,0,0,1
1771685843796000,1771685843642000,0,1771685843644000,0,-531.797,0.5625,-0.008117676,-0.02723776,0.57547694,4.5803163e-06,-6.0887938e-05,0,0,0,1
1771685843852000,1771685843694000,0,1771685843700000,0,-531.71,0.5625,-0.011962891,-0.025798824,0.575506,9.946778e-06,-5.608913e-05,0,0,0,1
1771685843900000,1771685843746000,0,1771685843748000,0,-531.638,0.5625,-0.012634277,-0.024558686,0.57547694,1.1095142e-05,-5.1850566e-05,0,0,0,1
1771685843956000,1771685843798000,0,1771685843804000,0,-531.564,0.5625,-0.0033569336,-0.02256142,0.575506,7.8324143e-07,-4.7039874e-05,0,0,0,1
1771685844004000,1771685843850000,0,1771685843852000,0,-531.473,0.5625,-0.02331543,-0.02263245,0.57547694,3.7784954e-05,-4.6168032e-05,0,0,0,1
1771685844060000,1771685843902000,0,1771685843908000,0,-531.39,0.5625,-0.023132324,-0.02267954,0.575506,3.7191927e-05,-4.5322457e-05,0,0,0,1
1771685844108000,1771685843954000,0,1771685843956000,0,-531.324,0.5625,-0.0178833,-0.02222772,0.57547694,2.2229384e-05,-4.314702e-05,0,0,0,1
1771685844164000,1771685844006000,0,1771685844012000,0,-531.233,0.5625,-0.025878906,-0.022571672,0.575506,4.6548103e-05,-4.3467415e-05,0,0,0,1
1771685844212000,1771685844058000,0,1771685844060000,0,-531.15,0.5625,-0.037475586,-0.023975663,0.57547694,9.7617776e-05,-4.8568538e-05,0,0,0,1
1771685844268000,1771685844110000,0,1771685844116000,0,-531.058,0.5625,-0.046142578,-0.02606385,0.575506,0.0001479837,-5.7933736e-05,0,0,0,1
1771685844316000,1771685844162000,0,1771685844164000,0,-530.989,0.5625,-0.043273926,-0.027685089,0.57547694,0.00013016214,-6.473786e-05,0,0,0,1
1771685844372000,1771685844214000,0,1771685844220000,0,-530.932,0.5625,-0.016601562,-0.026640989,0.575506,1.9156143e-05,-6.044393e-05,0,0,0,1
1771685844420000,1771685844266000,0,1771685844268000,0,-530.845,0.5625,-0.032165527,-0.027161416,0.57547694,7.191399e-05,-6.152444e-05,0,0,0,1
1771685844476000,1771685844318000,0,1771685844324000,0,-530.775,0.5625,-0.018615723,-0.026356386,0.575506,2.4086292e-05,-5.799766e-05,0,0,0,1
1771685844524000,1771685844370000,0,1771685844372000,0,-530.698,0.5625,-0.024414062,-0.026173413,0.57547694,4.1429736e-05,-5.643691e-05,0,0,0,1
1771685844580000,1771685844422000,0,1771685844428000,0,-530.628,0.5625,-0.011291504,-0.024771493,0.575506,8.8616325e-06,-5.1955183e-05,0,0,0,1
1771685844628000,1771685844474000,0,1771685844476000,0,-530.539,0.5625,-0.02923584,-0.025192047,0.57547694,5.94105e-05,-5.2657495e-05,0,0,0,1
1771685844684000,1771685844526000,0,1771685844532000,0,-530.477,0.5625,-0.008056641,-0.023577841,0.575506,4.5114707e-06,-4.8121998e-05,0,0,0,1
1771685844732000,1771685844578000,0,1771685844580000,0,-530.393,0.5625,-0.021057129,-0.023340382,0.57547694,3.081984e-05,-4.6492085e-05,0,0,0,1
1771685844788000,1771685844630000,0,1771685844636000,0,-530.313,0.5625,-0.018005371,-0.022837808,0.575506,2.2532755e-05,-4.4235047e-05,0,0,0,1
1771685844836000,1771685844682000,0,1771685844684000,0,-530.231,0.5625,-0.028747559,-0.023394523,0.57547694,5.7442587e-05,-4.5479235e-05,0,0,0,1
1771685844892000,1771685844734000,0,1771685844740000,0,-530.162,0.5625,-0.014526367,-0.022559118,0.575506,1.4666422e-05,-4.257658e-05,0,0,0,1
1771685844940000,1771685844786000,0,1771685844788000,0,-530.08,0.5625,-0.025390625,-0.022825854,0.57547694,4.48104e-05,-4.278701e-05,0,0,0,1
1771685844996000,1771685844838000,0,1771685844844000,0,-530.002,0.5625,-0.020324707,-0.022590239,0.575506,2.8711689e-05,-4.1461073e-05,0,0,0,1
1771685845044000,1771685844890000,0,1771685844892000,0,-529.931,0.5625,-0.020019531,-0.02234807,0.57547694,2.7857353e-05,-4.0179562e-05,0,0,0,1
1771685845100000,1771685844942000,0,1771685844948000,0,-529.846,0.5625,-0.022033691,-0.022318454,0.575506,3.3743076e-05,-3.9573228e-05,0,0,0,1
1771685845148000,1771685844994000,0,1771685844996000,0,-529.774,0.5625,-0.022827148,-0.022366375,0.57547694,3.621891e-05,-3.925724e-05,0,0,0,1
1771685845204000,1771685845046000,0,1771685845052000,0,-529.699,0.5625,-0.014831543,-0.021656571,0.575506,1.5289132e-05,-3.6999376e-05,0,0,0,1
1771685845252000,1771685845098000,0,1771685845100000,0,-529.63,0.5625,-0.012756348,-0.020818144,0.57547694,1.1310577e-05,-3.4579418e-05,0,0,0,1
1771685845308000,1771685845150000,0,1771685845156000,0,-529.556,0.5625,-0.0038452148,-0.019219246,0.575506,1.0276646e-06,-3.1418745e-05,0,0,0,1
1771685845356000,1771685845202000,0,1771685845204000,0,-529.473,0.5625,-0.015991211,-0.018915156,0.57547694,1.7774391e-05,-3.0133408e-05,0,0,0,1
1771685845412000,1771685845254000,0,1771685845260000,0,-529.409,0.5625,0.0029296875,-0.016857307,0.575506,5.965581e-07,-2.7238555e-05,0,0,0,1
1771685845460000,1771685845306000,0,1771685845308000,0,-529.32,0.5625,-0.01550293,-0.016729722,0.57547694,1.6705506e-05,-2.624631e-05,0,0,0,1
1771685845516000,1771685845358000,0,1771685845364000,0,-529.248,0.5625,-0.004760742,-0.015602209,0.575506,1.5752862e-06,-2.3922228e-05,0,0,0,1
1771685845564000,1771685845410000,0,1771685845412000,0,-529.166,0.5625,-0.015930176,-0.015633104,0.57547694,1.763897e-05,-2.3330327e-05,0,0,0,1
1771685845620000,1771685845462000,0,1771685845468000,0,-529.084,0.5625,-0.015197754,-0.015592093,0.575506,1.6053471e-05,-2.2644826e-05,0,0,0,1
1771685845668000,1771685845514000,0,1771685845516000,0,-529.014,0.5625,-0.014160156,-0.0154572,0.57547694,1.3936963e-05,-2.182452e-05,0,0,0,1
1771685845724000,1771685845566000,0,1771685845572000,0,-528.936,0.5625,-0.009521484,-0.0148980385,0.575506,6.301145e-06,-2.0362173e-05,0,0,0,1
1771685845772000,1771685845618000,0,1771685845620000,0,-528.859,0.5625,-0.015686035,-0.0149722705,0.57547694,1.7102453e-05,-2.0055099e-05,0,0,0,1
1771685845828000,1771685845670000,0,1771685845676000,0,-528.785,0.5625,-0.006958008,-0.014217304,0.575506,3.3649605e-06,-1.8482839e-05,0,0,0,1
1771685845876000,1771685845722000,0,1771685845724000,0,-528.707,0.5625,-0.014099121,-0.014206171,0.57547694,1.3817075e-05,-1.804331e-05,0,0,0,1
1771685845932000,1771685845774000,0,1771685845780000,0,-528.626,0.5625,-0.012329102,-0.0140293455,0.575506,1.0565085e-05,-1.733884e-05,0,0,0,1
1771685845980000,1771685845826000,0,1771685845828000,0,-528.553,0.5625,-0.014343262,-0.014058918,0.57547694,1.4299732e-05,-1.7052547e-05,0,0,0,1
1771685846036000,1771685845878000,0,1771685845884000,0,-528.471,0.5625,-0.0138549805,-0.014039706,0.575506,1.3342033e-05,-1.6703007e-05,0,0,0,1
1771685846084000,1771685845930000,0,1771685845932000,0,-528.393,0.5625,-0.0211792,-0.014712268,0.57547694,3.1178206e-05,-1.8066612e-05,0,0,0,1
1771685846140000,1771685845982000,0,1771685845988000,0,-528.33,0.5625,-0.0016479492,-0.01348157,0.575506,1.8875471e-07,-1.6382466e-05,0,0,0,1
1771685846188000,1771685846034000,0,1771685846036000,0,-528.239,0.5625,-0.022155762,-0.014298704,0.57547694,3.411972e-05,-1.8053366e-05,0,0,0,1
1771685846244000,1771685846086000,0,1771685846092000,0,-528.168,0.5625,-0.010437012,-0.0139349215,0.575506,7.5711614e-06,-1.7065911e-05,0,0,0,1
1771685846292000,1771685846138000,0,1771685846140000,0,-528.096,0.5625,-0.01171875,-0.013726152,0.57547694,9.545411e-06,-1.6357459e-05,0,0,0,1
1771685846348000,1771685846190000,0,1771685846196000,0,-527.996,0.5625,-0.029418945,-0.0152044585,0.575506,6.0153976e-05,-2.0483218e-05,0,0,0,1
1771685846396000,1771685846242000,0,1771685846244000,0,-527.932,0.5625,-0.022033691,-0.015847793,0.57547694,3.374478e-05,-2.1732496e-05,0,0,0,1
1771685846452000,1771685846294000,0,1771685846300000,0,-527.845,0.5625,-0.026123047,-0.016815752,0.575506,4.7430512e-05,-2.4153323e-05,0,0,0,1
1771685846500000,1771685846346000,0,1771685846348000,0,-527.784,0.5625,-0.015808105,-0.016720828,0.57547694,1.7369675e-05,-2.3514283e-05,0,0,0,1
1771685846556000,1771685846398000,0,1771685846404000,0,-527.71,0.5625,-0.007019043,-0.015806891,0.575506,3.424254e-06,-2.1621745e-05,0,0,0,1
1771685846604000,1771685846450000,0,1771685846452000,0,-527.622,0.5625,-0.024169922,-0.016594714,0.57547694,4.0605282e-05,-2.341005e-05,0,0,0,1
1771685846660000,1771685846502000,0,1771685846508000,0,-527.559,0.5625,-0.0041503906,-0.015422422,0.575506,1.1972589e-06,-2.131754e-05,0,0,0,1
1771685846708000,1771685846554000,0,1771685846556000,0,-527.478,0.5625,-0.014404297,-0.015326512,0.57547694,1.4421691e-05,-2.0667932e-05,0,0,0,1
1771685846764000,1771685846606000,0,1771685846612000,0,-527.4,0.5625,-0.009643555,-0.014791161,0.575506,6.4637484e-06,-1.9329857e-05,0,0,0,1
1771685846812000,1771685846658000,0,1771685846660000,0,-527.322,0.5625,-0.016784668,-0.014978955,0.57547694,1.9582023e-05,-1.935361e-05,0,0,0,1
1771685846868000,1771685846710000,0,1771685846716000,0,-527.252,0.5625,-0.003967285,-0.013941623,0.575506,1.0939488e-06,-1.7633498e-05,0,0,0,1
1771685846916000,1771685846762000,0,1771685846764000,0,-527.161,0.5625,-0.024230957,-0.014910908,0.57547694,4.081062e-05,-1.981685e-05,0,0,0,1
1771685846972000,1771685846814000,0,1771685846820000,0,-527.094,0.5625,-0.008361816,-0.014293965,0.575506,4.8597217e-06,-1.8407845e-05,0,0,0,1
1771685847020000,1771685846866000,0,1771685846868000,0,-527.018,0.5625,-0.013549805,-0.014223862,0.57547694,1.2761394e-05,-1.7875933e-05,0,0,0,1
1771685847076000,1771685846918000,0,1771685846924000,0,-526.935,0.5625,-0.01361084,-0.014166114,0.575506,1.2875971e-05,-1.7404922e-05,0,0,0,1
1771685847124000,1771685846970000,0,1771685846972000,0,-526.863,0.5625,-0.014465332,-0.014194301,0.57547694,1.4544167e-05,-1.7135431e-05,0,0,0,1
1771685847180000,1771685847022000,0,1771685847028000,0,-526.781,0.5625,-0.0134887695,-0.014127838,0.575506,1.2646048e-05,-1.6712518e-05,0,0,0,1
1771685847228000,1771685847074000,0,1771685847076000,0,-526.72,0.5625,-0.0033569336,-0.013113188,0.57547694,7.8328094e-07,-1.5211937e-05,0,0,0,1
1771685847284000,1771685847126000,0,1771685847132000,0,-526.632,0.5625,-0.008666992,-0.012694343,0.575506,5.220919e-06,-1.4270754e-05,0,0,0,1
1771685847332000,1771685847178000,0,1771685847180000,0,-526.556,0.5625,-0.013671875,-0.012786429,0.57547694,1.2992365e-05,-1.4150326e-05,0,0,0,1
1771685847388000,1771685847230000,0,1771685847236000,0,-526.467,0.5625,-0.019836426,-0.013450559,0.575506,2.7348719e-05,-1.5393653e-05,0,0,0,1
1771685847436000,1771685847282000,0,1771685847284000,0,-526.394,0.5625,-0.02166748,-0.014224617,0.57547694,3.263239e-05,-1.7017592e-05,0,0,0,1
1771685847492000,1771685847334000,0,1771685847340000,0,-526.315,0.5625,-0.017578125,-0.014540527,0.575506,2.1476091e-05,-1.7437595e-05,0,0,0,1
1771685847540000,1771685847386000,0,1771685847388000,0,-526.242,0.5625,-0.019348145,-0.014993419,0.57547694,2.6020205e-05,-1.82461e-05,0,0,0,1
1771685847596000,1771685847438000,0,1771685847444000,0,-526.164,0.5625,-0.014343262,-0.014932172,0.575506,1.4299011e-05,-1.7874274e-05,0,0,0,1
1771685847644000,1771685847490000,0,1771685847492000,0,-526.095,0.5625,-0.012329102,-0.014686955,0.57547694,1.0565618e-05,-1.7185777e-05,0,0,0,1
1771685847700000,1771685847542000,0,1771685847548000,0,-526.017,0.5625,-0.0073242188,-0.013993364,0.575506,3.728488e-06,-1.5918062e-05,0,0,0,1
1771685847748000,1771685847594000,0,1771685847596000,0,-525.935,0.5625,-0.018371582,-0.014405805,0.57547694,2.3459846e-05,-1.6628519e-05,0,0,0,1
1771685847804000,1771685847646000,0,1771685847652000,0,-525.855,0.5625,-0.015380859,-0.014497657,0.575506,1.6442633e-05,-1.6611008e-05,0,0,0,1
1771685847852000,1771685847698000,0,1771685847700000,0,-525.77,0.5625,-0.02923584,-0.015886037,0.57547694,5.94105e-05,-2.0642845e-05,0,0,0,1
1771685847908000,1771685847750000,0,1771685847756000,0,-525.699,0.5625,-0.017028809,-0.015993688,0.575506,2.0154808e-05,-2.059687e-05,0,0,0,1
1771685847956000,1771685847802000,0,1771685847804000,0,-525.631,0.5625,-0.013916016,-0.015797965,0.57547694,1.3460521e-05,-1.9924606e-05,0,0,0,1
1771685848012000,1771685847854000,0,1771685847860000,0,-525.555,0.5625,-0.007080078,-0.014976715,0.575506,3.484065e-06,-1.837586e-05,0,0,0,1
1771685848060000,1771685847906000,0,1771685847908000,0,-525.487,0.5625,-0.0040893555,-0.013951094,0.57547694,1.162363e-06,-1.6754298e-05,0,0,0,1
1771685848116000,1771685847958000,0,1771685847964000,0,-525.397,0.5625,-0.011413574,-0.013712052,0.575506,9.054271e-06,-1.6028933e-05,0,0,0,1
1771685848164000,1771685848010000,0,1771685848012000,0,-525.336,0.5625,-0.0014038086,-0.01255258,0.57547694,1.3697706e-07,-1.45318645e-05,0,0,0,1
1771685848220000,1771685848062000,0,1771685848068000,0,-525.248,0.5625,-0.0067749023,-0.012008306,0.575506,3.1901877e-06,-1.3463446e-05,0,0,0,1
1771685848268000,1771685848114000,0,1771685848116000,0,-525.171,0.5625,-0.012756348,-0.012078773,0.57547694,1.1310577e-05,-1.3260639e-05,0,0,0,1
1771685848324000,1771685848166000,0,1771685848172000,0,-525.092,0.5625,-0.008972168,-0.011786122,0.575506,5.5950627e-06,-1.25385195e-05,0,0,0,1
1771685848372000,1771685848218000,0,1771685848220000,0,-525.013,0.5625,-0.017028809,-0.0122799985,0.57547694,2.0155825e-05,-1.3256092e-05,0,0,0,1
1771685848428000,1771685848270000,0,1771685848276000,0,-524.925,0.5625,-0.022155762,-0.013210325,0.575506,3.4117995e-05,-1.5221343e-05,0,0,0,1
1771685848476000,1771685848322000,0,1771685848324000,0,-524.851,0.5625,-0.024902344,-0.014311747,0.57547694,4.3103497e-05,-1.7847924e-05,0,0,0,1
1771685848532000,1771685848374000,0,1771685848380000,0,-524.773,0.5625,-0.01977539,-0.014826437,0.575506,2.7180678e-05,-1.8727096e-05,0,0,0,1
1771685848580000,1771685848426000,0,1771685848428000,0,-524.681,0.5625,-0.040527344,-0.017247537,0.5754769,0.00011416379,-2.771751e-05,0,0,0,1
1771685848636000,1771685848478000,0,1771685848484000,0,-524.602,0.5625,-0.036071777,-0.019020835,0.575506,9.0436806e-05,-3.362585e-05,0,0,0,1
1771685848684000,1771685848530000,0,1771685848532000,0,-524.533,0.5625,-0.0335083,-0.020385597,0.5754769,7.804354e-05,-3.7810125e-05,0,0,0,1
1771685848740000,1771685848582000,0,1771685848588000,0,-524.459,0.5625,-0.024230957,-0.02074784,0.575506,4.080856e-05,-3.8092585e-05,0,0,0,1
1771685848788000,1771685848634000,0,1771685848636000,0,-524.377,0.5625,-0.034851074,-0.022076406,0.5754769,8.4423715e-05,-4.245711e-05,0,0,0,1
1771685848844000,1771685848686000,0,1771685848692000,0,-524.304,0.5625,-0.024475098,-0.022302369,0.575506,4.163504e-05,-4.237967e-05,0,0,0,1
1771685848892000,1771685848738000,0,1771685848740000,0,-524.222,0.5625,-0.03515625,-0.023513243,0.5754769,8.590871e-05,-4.6480232e-05,0,0,0,1
1771685848948000,1771685848790000,0,1771685848796000,0,-524.137,0.5625,-0.0368042,-0.02476529,0.575506,9.414666e-05,-5.097055e-05,0,0,0,1
1771685848996000,1771685848842000,0,1771685848844000,0,-524.063,0.5625,-0.0390625,-0.026112128,0.5754769,0.000106060135,-5.616015e-05,0,0,0,1
1771685849052000,1771685848894000,0,1771685848900000,0,-523.984,0.5625,-0.034606934,-0.026912363,0.575506,8.3240826e-05,-5.8711226e-05,0,0,0,1
1771685849100000,1771685848946000,0,1771685848948000,0,-523.925,0.5625,-0.022033691,-0.026452778,0.5754769,3.3744782e-05,-5.6359313e-05,0,0,0,1
1771685849156000,1771685848998000,0,1771685849004000,0,-523.845,0.5625,-0.018981934,-0.025749004,0.5755059,2.5043275e-05,-5.340925e-05,0,0,0,1
1771685849204000,1771685849050000,0,1771685849052000,0,-523.766,0.5625,-0.026733398,-0.025841737,0.5754769,4.9675295e-05,-5.30575e-05,0,0,0,1
1771685849260000,1771685849102000,0,1771685849108000,0,-523.69,0.5625,-0.01953125,-0.02524727,0.5755059,2.6513697e-05,-5.0557e-05,0,0,0,1
1771685849308000,1771685849154000,0,1771685849156000,0,-523.614,0.5625,-0.024291992,-0.02515728,0.5754769,4.101648e-05,-4.9658254e-05,0,0,0,1
1771685849364000,1771685849206000,0,1771685849212000,0,-523.541,0.5625,-0.014160156,-0.02412132,0.5755059,1.3936262e-05,-4.629314e-05,0,0,0,1
1771685849412000,1771685849258000,0,1771685849260000,0,-523.467,0.5625,-0.017211914,-0.023470433,0.5754769,2.0591617e-05,-4.387198e-05,0,0,0,1
1771685849468000,1771685849310000,0,1771685849316000,0,-523.386,0.5625,-0.014953613,-0.022668125,0.5755059,1.5541842e-05,-4.12032e-05,0,0,0,1
1771685849516000,1771685849362000,0,1771685849364000,0,-523.309,0.5625,-0.020446777,-0.022458868,0.5754769,2.905908e-05,-4.005919e-05,0,0,0,1
1771685849572000,1771685849414000,0,1771685849420000,0,-523.233,0.5625,-0.013061523,-0.02157361,0.5755059,1.1857629e-05,-3.740252e-05,0,0,0,1
1771685849620000,1771685849466000,0,1771685849468000,0,-523.163,0.5625,-0.01159668,-0.020633755,0.5754769,9.347586e-06,-3.475966e-05,0,0,0,1
1771685849676000,1771685849518000,0,1771685849524000,0,-523.071,0.5625,-0.020446777,-0.020616142,0.5755059,2.9057614e-05,-3.422251e-05,0,0,0,1
1771685849724000,1771685849570000,0,1771685849572000,0,-522.985,0.5625,-0.034851074,-0.021957114,0.5754769,8.4423715e-05,-3.895161e-05,0,0,0,1
1771685849780000,1771685849622000,0,1771685849628000,0,-522.904,0.5625,-0.032104492,-0.022913028,0.5755059,7.163773e-05,-4.2030737e-05,0,0,0,1
1771685849828000,1771685849674000,0,1771685849676000,0,-522.841,0.5625,-0.023254395,-0.022945186,0.5754769,3.758739e-05,-4.1612162e-05,0,0,0,1
1771685849884000,1771685849726000,0,1771685849732000,0,-522.761,0.5625,-0.019836426,-0.022652332,0.5755059,2.7348722e-05,-4.0268504e-05,0,0,0,1
1771685849932000,1771685849778000,0,1771685849780000,0,-522.695,0.5625,-0.014343262,-0.021869592,0.5754769,1.4299734e-05,-3.782217e-05,0,0,0,1
1771685849988000,1771685849830000,0,1771685849836000,0,-522.62,0.5625,-0.006164551,-0.020390132,0.5755059,2.6412717e-06,-3.4508026e-05,0,0,0,1
1771685850036000,1771685849882000,0,1771685849884000,0,-522.541,0.5625,-0.013916016,-0.019780252,0.5754769,1.34605225e-05,-3.252529e-05,0,0,0,1
1771685850092000,1771685849934000,0,1771685849940000,0,-522.468,0.5625,-0.0036621094,-0.018261876,0.5755059,9.3212213e-07,-2.9549123e-05,0,0,0,1
1771685850140000,1771685849986000,0,1771685849988000,0,-522.386,0.5625,-0.014526367,-0.01790998,0.5754769,1.4667164e-05,-2.8147198e-05,0,0,0,1
1771685850196000,1771685850038000,0,1771685850044000,0,-522.293,0.5625,-0.024291992,-0.018511184,0.5755059,4.101441e-05,-2.9359328e-05,0,0,0,1
1771685850244000,1771685850090000,0,1771685850092000,0,-522.221,0.5625,-0.024658203,-0.01909025,0.5754769,4.226248e-05,-3.0574844e-05,0,0,0,1
1771685850300000,1771685850142000,0,1771685850148000,0,-522.138,0.5625,-0.024230957,-0.01957452,0.5755059,4.0808565e-05,-3.153889e-05,0,0,0,1
1771685850348000,1771685850194000,0,1771685850196000,0,-522.078,0.5625,-0.012573242,-0.018914979,0.5754769,1.0988203e-05,-2.9602956e-05,0,0,0,1
1771685850404000,1771685850246000,0,1771685850252000,0,-521.998,0.5625,-0.009338379,-0.018012835,0.5755059,6.061124e-06,-2.7385247e-05,0,0,0,1
1771685850452000,1771685850298000,0,1771685850300000,0,-521.922,0.5625,-0.014038086,-0.017638402,0.5754769,1.3697708e-05,-2.6095842e-05,0,0,0,1
1771685850508000,1771685850350000,0,1771685850356000,0,-521.853,0.5625,0.00024414062,-0.015953815,0.5755059,4.1427652e-09,-2.3637147e-05,0,0,0,1
1771685850556000,1771685850402000,0,1771685850404000,0,-521.767,0.5625,-0.0146484375,-0.015830845,0.5754769,1.4914707e-05,-2.2815468e-05,0,0,0,1
1771685850612000,1771685850454000,0,1771685850460000,0,-521.696,0.5625,-0.0026245117,-0.01458677,0.5755059,4.787483e-07,-2.0711284e-05,0,0,0,1
1771685850660000,1771685850506000,0,1771685850508000,0,-521.607,0.5625,-0.020812988,-0.015173297,0.5754769,3.0109322e-05,-2.1596607e-05,0,0,0,1
1771685850716000,1771685850558000,0,1771685850564000,0,-521.537,0.5625,-0.007751465,-0.01447414,0.5755059,4.1761664e-06,-1.995555e-05,0,0,0,1
1771685850764000,1771685850610000,0,1771685850612000,0,-521.459,0.5625,-0.014770508,-0.014502059,0.5754769,1.5164321e-05,-1.9504203e-05,0,0,0,1
1771685850820000,1771685850662000,0,1771685850668000,0,-521.372,0.5625,-0.018920898,-0.014918326,0.5755059,2.4882484e-05,-2.0010853e-05,0,0,0,1
1771685850868000,1771685850714000,0,1771685850716000,0,-521.296,0.5625,-0.02368164,-0.015743855,0.5754769,3.8981245e-05,-2.179792e-05,0,0,0,1
1771685850924000,1771685850766000,0,1771685850772000,0,-521.215,0.5625,-0.02154541,-0.016290378,0.5755059,3.2264114e-05,-2.2783865e-05,0,0,0,1
1771685850972000,1771685850818000,0,1771685850820000,0,-521.151,0.5625,-0.014404297,-0.016112704,0.5754769,1.4421693e-05,-2.1996124e-05,0,0,0,1
1771685851028000,1771685850870000,0,1771685850876000,0,-521.066,0.5625,-0.016296387,-0.016130008,0.5755059,1.845835e-05,-2.1662856e-05,0,0,0,1
1771685851076000,1771685850922000,0,1771685850924000,0,-520.989,0.5625,-0.02178955,-0.016663153,0.5754769,3.300112e-05,-2.2730954e-05,0,0,0,1
1771685851132000,1771685850974000,0,1771685850980000,0,-520.912,0.5625,-0.015380859,-0.016542356,0.5755059,1.6442635e-05,-2.2138576e-05,0,0,0,1
1771685851180000,1771685851026000,0,1771685851028000,0,-520.821,0.5625,-0.03491211,-0.018272841,0.5754769,8.471968e-05,-2.8033897e-05,0,0,0,1
1771685851236000,1771685851078000,0,1771685851084000,0,-520.742,0.5625,-0.030151367,-0.019391833,0.5755059,6.318649e-05,-3.1345375e-05,0,0,0,1
1771685851284000,1771685851130000,0,1771685851132000,0,-520.658,0.5625,-0.042419434,-0.0215611,0.5754769,0.0001250725,-4.0174742e-05,0,0,0,1
1771685851340000,1771685851182000,0,1771685851188000,0,-520.592,0.5625,-0.024658203,-0.021852855,0.5755059,4.2260348e-05,-4.037121e-05,0,0,0,1
1771685851388000,1771685851234000,0,1771685851236000,0,-520.518,0.5625,-0.02734375,-0.022370113,0.5754769,5.1969466e-05,-4.14638e-05,0,0,0,1
1771685851444000,1771685851286000,0,1771685851292000,0,-520.441,0.5625,-0.0211792,-0.022257926,0.5755059,3.1176638e-05,-4.049472e-05,0,0,0,1
1771685851492000,1771685851338000,0,1771685851340000,0,-520.37,0.5625,-0.020568848,-0.02209881,0.5754769,2.9407089e-05,-3.9450235e-05,0,0,0,1
1771685851548000,1771685851390000,0,1771685851396000,0,-520.303,0.5625,-0.0041503906,-0.020408016,0.5755059,1.1972592e-06,-3.5846693e-05,0,0,0,1
1771685851596000,1771685851442000,0,1771685851444000,0,-520.225,0.5625,-0.010925293,-0.019514715,0.5754769,8.296564e-06,-3.3251392e-05,0,0,0,1
1771685851652000,1771685851494000,0,1771685851500000,0,-520.136,0.5625,-0.016723633,-0.019251788,0.5755059,1.943889e-05,-3.1950214e-05,0,0,0,1
1771685851700000,1771685851546000,0,1771685851548000,0,-520.062,0.5625,-0.01953125,-0.019278115,0.5754769,2.6515034e-05,-3.1438205e-05,0,0,0,1
1771685851756000,1771685851598000,0,1771685851604000,0,-519.988,0.5625,-0.010559082,-0.018456757,0.5755059,7.749301e-06,-2.9206642e-05,0,0,0,1
1771685851804000,1771685851650000,0,1771685851652000,0,-519.907,0.5625,-0.020202637,-0.018621225,0.5754769,2.8369273e-05,-2.912776e-05,0,0,0,1
1771685851860000,1771685851702000,0,1771685851708000,0,-519.831,0.5625,-0.012817383,-0.018074486,0.5755059,1.1418497e-05,-2.7459495e-05,0,0,0,1
1771685851908000,1771685851754000,0,1771685851756000,0,-519.764,0.5625,-0.008483887,-0.017171023,0.5754769,5.0029003e-06,-2.534402e-05,0,0,0,1
1771685851964000,1771685851806000,0,1771685851812000,0,-519.694,0.5625,0.0045776367,-0.015122237,0.5755059,1.4564408e-06,-2.2819338e-05,0,0,0,1
1771685852012000,1771685851858000,0,1771685851860000,0,-519.601,0.5625,-0.017456055,-0.015342089,0.5754769,2.117992e-05,-2.26649e-05,0,0,0,1
1771685852068000,1771685851910000,0,1771685851916000,0,-519.526,0.5625,-0.009155273,-0.014759273,0.5755059,5.8257633e-06,-2.1078606e-05,0,0,0,1
1771685852116000,1771685851962000,0,1771685851964000,0,-519.447,0.5625,-0.016906738,-0.0149615705,0.5754769,1.9867892e-05,-2.0964553e-05,0,0,0,1
1771685852172000,1771685852014000,0,1771685852020000,0,-519.365,0.5625,-0.01586914,-0.015047066,0.5755059,1.7503182e-05,-2.0638481e-05,0,0,0,1
1771685852220000,1771685852066000,0,1771685852068000,0,-519.292,0.5625,-0.01776123,-0.015302748,0.5754769,2.192695e-05,-2.0759859e-05,0,0,0,1
1771685852276000,1771685852118000,0,1771685852124000,0,-519.206,0.5625,-0.020812988,-0.01582183,0.5755059,3.0107805e-05,-2.1640462e-05,0,0,0,1
1771685852324000,1771685852170000,0,1771685852172000,0,-519.135,0.5625,-0.020202637,-0.016234513,0.5754769,2.8369273e-05,-2.2274337e-05,0,0,0,1
1771685852380000,1771685852222000,0,1771685852228000,0,-519.062,0.5625,-0.010009766,-0.015648125,0.5755059,6.963988e-06,-2.0832058e-05,0,0,0,1
1771685852428000,1771685852274000,0,1771685852276000,0,-518.979,0.5625,-0.022094727,-0.016255414,0.5754769,3.3931992e-05,-2.206611e-05,0,0,0,1
1771685852484000,1771685852326000,0,1771685852332000,0,-518.893,0.5625,-0.02520752,-0.017098729,0.5755059,4.4164208e-05,-2.4147816e-05,0,0,0,1
1771685852532000,1771685852378000,0,1771685852380000,0,-518.82,0.5625,-0.027038574,-0.018035091,0.5754769,5.0815906e-05,-2.6660027e-05,0,0,0,1
1771685852588000,1771685852430000,0,1771685852436000,0,-518.754,0.5625,-0.010070801,-0.017284833,0.5755059,7.0491737e-06,-2.4812627e-05,0,0,0,1
1771685852636000,1771685852482000,0,1771685852484000,0,-518.678,0.5625,-0.015319824,-0.017099723,0.5754769,1.6313219e-05,-2.4011959e-05,0,0,0,1
1771685852692000,1771685852534000,0,1771685852540000,0,-518.604,0.5625,-0.0064697266,-0.016098347,0.5755059,2.9092569e-06,-2.2024024e-05,0,0,0,1
1771685852740000,1771685852586000,0,1771685852588000,0,-518.529,0.5625,-0.010681152,-0.015588031,0.5754769,7.929912e-06,-2.0696318e-05,0,0,0,1
1771685852796000,1771685852638000,0,1771685852644000,0,-518.454,0.5625,-0.0029907227,-0.014401328,0.5755059,6.216737e-07,-1.8805227e-05,0,0,0,1
1771685852844000,1771685852690000,0,1771685852692000,0,-518.354,0.5625,-0.032226562,-0.016080517,0.5754769,7.2187184e-05,-2.3833963e-05,0,0,0,1
1771685852900000,1771685852742000,0,1771685852748000,0,-518.284,0.5625,-0.019042969,-0.016359588,0.5755059,2.5204583e-05,-2.3963079e-05,0,0,0,1
1771685852948000,1771685852794000,0,1771685852796000,0,-518.206,0.5625,-0.026000977,-0.017267834,0.5754769,4.6990648e-05,-2.6132344e-05,0,0,0,1
1771685853004000,1771685852846000,0,1771685852852000,0,-518.134,0.5625,-0.014953613,-0.017049829,0.5755059,1.5541842e-05,-2.5134688e-05,0,0,0,1
1771685853052000,1771685852898000,0,1771685852900000,0,-518.072,0.5625,-0.005859375,-0.015995655,0.5754769,2.3863531e-06,-2.299173e-05,0,0,0,1
1771685853108000,1771685852950000,0,1771685852956000,0,-517.992,0.5625,-0.0032958984,-0.0147993015,0.5755059,7.5501896e-07,-2.0896967e-05,0,0,0,1
1771685853156000,1771685853002000,0,1771685853004000,0,-517.906,0.5625,-0.018554688,-0.01515307,0.5754769,2.3929819e-05,-2.118267e-05,0,0,0,1
1771685853212000,1771685853054000,0,1771685853060000,0,-517.824,0.5625,-0.017700195,-0.015393017,0.5755059,2.177541e-05,-2.1238508e-05,0,0,0,1
1771685853260000,1771685853106000,0,1771685853108000,0,-517.747,0.5625,-0.02355957,-0.01616233,0.5754769,3.8580412e-05,-2.2872166e-05,0,0,0,1
1771685853316000,1771685853158000,0,1771685853164000,0,-517.679,0.5625,-0.008544922,-0.015444748,0.5755059,5.074887e-06,-2.119561e-05,0,0,0,1
1771685853364000,1771685853210000,0,1771685853212000,0,-517.608,0.5625,-0.0087890625,-0.014817763,0.5754769,5.3692943e-06,-1.9704725e-05,0,0,0,1
1771685853420000,1771685853262000,0,1771685853268000,0,-517.531,0.5625,-0.0031738281,-0.013720871,0.5755059,7.001273e-07,-1.7914437e-05,0,0,0,1
1771685853468000,1771685853314000,0,1771685853316000,0,-517.461,0.5625,-0.0024414062,-0.012658313,0.5754769,4.142974e-07,-1.6265873e-05,0,0,0,1
1771685853524000,1771685853366000,0,1771685853372000,0,-517.367,0.5625,-0.013916016,-0.012776792,0.5755059,1.3459844e-05,-1.6001537e-05,0,0,0,1
1771685853572000,1771685853418000,0,1771685853420000,0,-517.284,0.5625,-0.025939941,-0.014016799,0.5754769,4.6770292e-05,-1.8900044e-05,0,0,0,1
1771685853628000,1771685853470000,0,1771685853476000,0,-517.208,0.5625,-0.018859863,-0.014473029,0.5755059,2.472221e-05,-1.944851e-05,0,0,0,1
1771685853676000,1771685853522000,0,1771685853524000,0,-517.141,0.5625,-0.014770508,-0.014501053,0.5754769,1.5164321e-05,-1.9044926e-05,0,0,0,1
1771685853732000,1771685853574000,0,1771685853580000,0,-517.067,0.5625,-0.0061035156,-0.01370998,0.5755059,2.5892282e-06,-1.7494753e-05,0,0,0,1
1771685853780000,1771685853626000,0,1771685853628000,0,-516.991,0.5625,-0.01171875,-0.0135224005,0.5754769,9.5454125e-06,-1.6745902e-05,0,0,0,1
1771685853836000,1771685853678000,0,1771685853684000,0,-516.899,0.5625,-0.021240234,-0.014249443,0.5755059,3.135659e-05,-1.8122271e-05,0,0,0,1
1771685853884000,1771685853730000,0,1771685853732000,0,-516.813,0.5625,-0.036376953,-0.016333919,0.5754769,9.197817e-05,-2.5079711e-05,0,0,0,1
1771685853940000,1771685853782000,0,1771685853788000,0,-516.741,0.5625,-0.02545166,-0.017192837,0.5755059,4.502383e-05,-2.6958505e-05,0,0,0,1
1771685853988000,1771685853834000,0,1771685853836000,0,-516.69,0.5625,-0.0056152344,-0.016102193,0.5754769,2.1916333e-06,-2.4625395e-05,0,0,0,1
1771685854044000,1771685853886000,0,1771685853892000,0,-516.59,0.5625,-0.023376465,-0.01678745,0.5755059,3.7981128e-05,-2.5883544e-05,0,0,0,1
1771685854092000,1771685853938000,0,1771685853940000,0,-516.526,0.5625,-0.016540527,-0.01676419,0.5754769,1.901651e-05,-2.523665e-05,0,0,0,1
1771685854148000,1771685853990000,0,1771685853996000,0,-516.459,0.5625,-0.0010986328,-0.015288449,0.5755059,8.3890995e-08,-2.2867187e-05,0,0,0,1
1771685854196000,1771685854042000,0,1771685854044000,0,-516.373,0.5625,-0.016662598,-0.015417898,0.5754769,1.9298232e-05,-2.2530981e-05,0,0,0,1
1771685854252000,1771685854094000,0,1771685854100000,0,-516.297,0.5625,-0.010314941,-0.014937185,0.5755059,7.3950946e-06,-2.1105137e-05,0,0,0,1
1771685854300000,1771685854146000,0,1771685854148000,0,-516.212,0.5625,-0.024841309,-0.015870182,0.5754769,4.289247e-05,-2.3157567e-05,0,0,0,1
1771685854356000,1771685854198000,0,1771685854204000,0,-516.13,0.5625,-0.024291992,-0.01666354,0.5755059,4.101441e-05,-2.4839734e-05,0,0,0,1
1771685854404000,1771685854250000,0,1771685854252000,0,-516.073,0.5625,-0.010498047,-0.016082732,0.5754769,7.660359e-06,-2.3221386e-05,0,0,0,1
1771685854460000,1771685854302000,0,1771685854308000,0,-515.982,0.5625,-0.01928711,-0.016384594,0.5755059,2.5854997e-05,-2.346948e-05,0,0,0,1
1771685854508000,1771685854354000,0,1771685854356000,0,-515.91,0.5625,-0.020629883,-0.016784513,0.5754769,2.958187e-05,-2.4045285e-05,0,0,0,1
1771685854564000,1771685854406000,0,1771685854412000,0,-515.834,0.5625,-0.014160156,-0.016537292,0.5755059,1.3936262e-05,-2.3092985e-05,0,0,0,1
1771685854612000,1771685854458000,0,1771685854460000,0,-515.774,0.5625,-0.0036621094,-0.015324412,0.5754769,9.321692e-07,-2.1005371e-05,0,0,0,1
1771685854668000,1771685854510000,0,1771685854516000,0,-515.698,0.5625,0.0020141602,-0.013691068,0.5755059,2.8196695e-07,-1.9000043e-05,0,0,0,1
1771685854716000,1771685854562000,0,1771685854564000,0,-515.62,0.5625,-0.0061035156,-0.012976298,0.5754769,2.5893587e-06,-1.745411e-05,0,0,0,1
1771685854772000,1771685854614000,0,1771685854620000,0,-515.545,0.5625,0.0005493164,-0.011702146,0.5755059,2.0972749e-08,-1.5807906e-05,0,0,0,1
1771685854820000,1771685854666000,0,1771685854668000,0,-515.472,0.5625,-0.0025024414,-0.010835508,0.5754769,4.352712e-07,-1.4359759e-05,0,0,0,1
1771685854876000,1771685854718000,0,1771685854724000,0,-515.389,0.5625,-0.0038452148,-0.010177002,0.5755059,1.0276647e-06,-1.3103837e-05,0,0,0,1
1771685854924000,1771685854770000,0,1771685854772000,0,-515.306,0.5625,-0.016845703,-0.010805213,0.5754769,1.9724699e-05,-1.3727541e-05,0,0,0,1
1771685854980000,1771685854822000,0,1771685854828000,0,-515.231,0.5625,-0.009643555,-0.010695782,0.5755059,6.4637493e-06,-1.3043271e-05,0,0,0,1
1771685855028000,1771685854874000,0,1771685854876000,0,-515.162,0.5625,-0.008483887,-0.010487415,0.5754769,5.0029003e-06,-1.2285845e-05,0,0,0,1
1771685855084000,1771685854926000,0,1771685854932000,0,-515.091,0.5625,0.0022583008,-0.0092867315,0.5755059,3.5446533e-07,-1.10950905e-05,0,0,0,1
1771685855132000,1771685854978000,0,1771685854980000,0,-515.023,0.5625,0.0041503906,-0.008020915,0.5754769,1.1973195e-06,-9.93711e-06,0,0,0,1
1771685855188000,1771685855030000,0,1771685855036000,0,-514.944,0.5625,0.006591797,-0.006644355,0.5755059,3.0200758e-06,-8.716505e-06,0,0,0,1
1771685855236000,1771685855082000,0,1771685855084000,0,-514.856,0.5625,-0.011169434,-0.007070631,0.5754769,8.671504e-06,-8.712266e-06,0,0,0,1
1771685855292000,1771685855134000,0,1771685855140000,0,-514.773,0.5625,-0.0119018555,-0.0075257462,0.5755059,9.84554e-06,-8.819024e-06,0,0,0,1
1771685855340000,1771685855186000,0,1771685855188000,0,-514.699,0.5625,-0.01550293,-0.00827722,0.5754769,1.6705508e-05,-9.561953e-06,0,0,0,1
1771685855396000,1771685855238000,0,1771685855244000,0,-514.62,0.5625,-0.012145996,-0.0086416695,0.5755059,1.0253602e-05,-9.627109e-06,0,0,0,1
1771685855444000,1771685855290000,0,1771685855292000,0,-514.548,0.5625,-0.013671875,-0.009115529,0.5754769,1.29923665e-05,-9.944126e-06,0,0,0,1
1771685855500000,1771685855342000,0,1771685855348000,0,-514.469,0.5625,-0.010375977,-0.009234267,0.5755059,7.4828695e-06,-9.712268e-06,0,0,0,1
1771685855548000,1771685855394000,0,1771685855396000,0,-514.391,0.5625,-0.01776123,-0.010037532,0.5754769,2.192695e-05,-1.08629265e-05,0,0,0,1
1771685855604000,1771685855446000,0,1771685855452000,0,-514.327,0.5625,0.0007324219,-0.009022972,0.5755059,3.7284885e-08,-9.836095e-06,0,0,0,1
1771685855652000,1771685855498000,0,1771685855500000,0,-514.259,0.5625,0.0029907227,-0.007891247,0.5754769,6.2170506e-07,-8.85094e-06,0,0,0,1
1771685855708000,1771685855550000,0,1771685855556000,0,-514.183,0.5625,0.009033203,-0.0062969145,0.5755059,5.6714453e-06,-7.4828886e-06,0,0,0,1
1771685855756000,1771685855602000,0,1771685855604000,0,-514.089,0.5625,-0.014526367,-0.007072153,0.5754769,1.4667164e-05,-8.159668e-06,0,0,0,1
1771685855812000,1771685855654000,0,1771685855660000,0,-514.017,0.5625,-0.0037231445,-0.0067566666,0.5755059,9.634518e-07,-7.4817635e-06,0,0,0,1
1771685855860000,1771685855706000,0,1771685855708000,0,-513.945,0.5625,-0.005126953,-0.0066031427,0.5754769,1.8270516e-06,-6.9490734e-06,0,0,0,1
1771685855916000,1771685855758000,0,1771685855764000,0,-513.857,0.5625,-0.010681152,-0.006987303,0.5755059,7.929511e-06,-7.0414335e-06,0,0,0,1
1771685855964000,1771685855810000,0,1771685855812000,0,-513.765,0.5625,-0.03173828,-0.009318917,0.5754769,7.001626e-05,-1.29738455e-05,0,0,0,1
1771685856020000,1771685855862000,0,1771685855868000,0,-513.69,0.5625,-0.02355957,-0.010660428,0.5755059,3.8578466e-05,-1.5385875e-05,0,0,0,1
1771685856068000,1771685855914000,0,1771685855916000,0,-513.621,0.5625,-0.02142334,-0.011674325,0.5754769,3.190116e-05,-1.6941662e-05,0,0,0,1
1771685856124000,1771685855966000,0,1771685855972000,0,-513.548,0.5625,-0.0115356445,-0.011661261,0.5755059,9.248982e-06,-1.6216989e-05,0,0,0,1
1771685856172000,1771685856018000,0,1771685856020000,0,-513.48,0.5625,-0.008666992,-0.011379193,0.5754769,5.221183e-06,-1.5181152e-05,0,0,0,1
1771685856228000,1771685856070000,0,1771685856076000,0,-513.395,0.5625,-0.011047363,-0.011347934,0.5755059,8.482571e-06,-1.4550126e-05,0,0,0,1
1771685856276000,1771685856122000,0,1771685856124000,0,-513.304,0.5625,-0.031188965,-0.013217016,0.5754769,6.76136e-05,-1.954886e-05,0,0,0,1
1771685856332000,1771685856174000,0,1771685856180000,0,-513.236,0.5625,-0.016052246,-0.013484103,0.5755059,1.7909433e-05,-1.939442e-05,0,0,0,1
1771685856380000,1771685856226000,0,1771685856228000,0,-513.156,0.5625,-0.02508545,-0.014576983,0.5754769,4.3739707e-05,-2.1687816e-05,0,0,0,1
1771685856436000,1771685856278000,0,1771685856284000,0,-513.097,0.5625,-0.001159668,-0.013313033,0.5755059,9.347114e-08,-1.9653566e-05,0,0,0,1
1771685856484000,1771685856330000,0,1771685856332000,0,-513.017,0.5625,-0.010559082,-0.013053603,0.5754769,7.749692e-06,-1.8532186e-05,0,0,0,1
1771685856540000,1771685856382000,0,1771685856388000,0,-512.95,0.5625,0.005065918,-0.011346691,0.5755059,1.7837193e-06,-1.6618369e-05,0,0,0,1
1771685856588000,1771685856434000,0,1771685856436000,0,-512.883,0.5625,0.008483887,-0.009478593,0.5754769,5.0029003e-06,-1.4581583e-05,0,0,0,1
1771685856644000,1771685856486000,0,1771685856492000,0,-512.804,0.5625,0.01171875,-0.0074817417,0.5755059,9.54493e-06,-1.2308796e-05,0,0,0,1
1771685856692000,1771685856538000,0,1771685856540000,0,-512.721,0.5625,-0.0008544922,-0.0068574357,0.5754769,5.075143e-08,-1.1154052e-05,0,0,0,1
1771685856748000,1771685856590000,0,1771685856596000,0,-512.635,0.5625,-0.0043945312,-0.0066254227,0.5755059,1.3422559e-06,-1.0229753e-05,0,0,0,1
1771685856796000,1771685856642000,0,1771685856644000,0,-512.548,0.5625,-0.020690918,-0.0079504335,0.5754769,2.975717e-05,-1.2069292e-05,0,0,0,1
1771685856852000,1771685856694000,0,1771685856700000,0,-512.472,0.5625,-0.0138549805,-0.008506659,0.5755059,1.3342034e-05,-1.2189188e-05,0,0,0,1
1771685856900000,1771685856746000,0,1771685856748000,0,-512.405,0.5625,-0.0099487305,-0.008642507,0.5754769,6.8796676e-06,-1.1689016e-05,0,0,0,1
1771685856956000,1771685856798000,0,1771685856804000,0,-512.333,0.5625,0.0007324219,-0.007759361,0.5755059,3.7284885e-08,-1.0584365e-05,0,0,0,1
1771685857004000,1771685856850000,0,1771685856852000,0,-512.26,0.5625,-0.0014648438,-0.007166399,0.5754769,1.4914707e-07,-9.601337e-06,0,0,0,1
1771685857060000,1771685856902000,0,1771685856908000,0,-512.174,0.5625,-0.0048828125,-0.0069512785,0.5755059,1.657106e-06,-8.852968e-06,0,0,0,1
1771685857108000,1771685856954000,0,1771685856956000,0,-512.082,0.5625,-0.026062012,-0.008751566,0.5754769,4.721152e-05,-1.2466455e-05,0,0,0,1
1771685857164000,1771685857006000,0,1771685857012000,0,-512.015,0.5625,-0.009887695,-0.008858592,0.5755059,6.7951705e-06,-1.1932203e-05,0,0,0,1
1771685857212000,1771685857058000,0,1771685857060000,0,-511.927,0.5625,-0.02670288,-0.010539576,0.5754769,4.9561946e-05,-1.5477035e-05,0,0,0,1
1771685857268000,1771685857110000,0,1771685857116000,0,-511.852,0.5625,-0.01828003,-0.01126875,0.5755059,2.3225442e-05,-1.6206957e-05,0,0,0,1
1771685857316000,1771685857162000,0,1771685857164000,0,-511.785,0.5625,-0.013916016,-0.01151813,0.5754769,1.34605225e-05,-1.5948235e-05,0,0,0,1
1771685857372000,1771685857214000,0,1771685857220000,0,-511.71,0.5625,-0.005706787,-0.010970685,0.5755059,2.263568e-06,-1.46591e-05,0,0,0,1
1771685857420000,1771685857266000,0,1771685857268000,0,-511.62,0.5625,-0.024536133,-0.01224859,0.5754769,4.1845073e-05,-1.7220098e-05,0,0,0,1
1771685857476000,1771685857318000,0,1771685857324000,0,-511.545,0.5625,-0.016113281,-0.012612655,0.5755059,1.8045885e-05,-1.7297889e-05,0,0,0,1
1771685857524000,1771685857370000,0,1771685857372000,0,-511.463,0.5625,-0.02670288,-0.013939995,0.5754769,4.9561946e-05,-2.0337257e-05,0,0,0,1
1771685857580000,1771685857422000,0,1771685857428000,0,-511.384,0.5625,-0.022216797,-0.014719694,0.5755059,3.430624e-05,-2.1653175e-05,0,0,0,1
1771685857628000,1771685857474000,0,1771685857476000,0,-511.318,0.5625,-0.016723633,-0.014908471,0.5754769,1.943987e-05,-2.1444675e-05,0,0,0,1
1771685857684000,1771685857526000,0,1771685857532000,0,-511.243,0.5625,-0.008453369,-0.014300382,0.5755059,4.9667224e-06,-1.9892404e-05,0,0,0,1
1771685857732000,1771685857578000,0,1771685857580000,0,-511.163,0.5625,-0.017303467,-0.014583281,0.5754769,2.081126e-05,-1.9978963e-05,0,0,0,1
1771685857788000,1771685857630000,0,1771685857636000,0,-511.082,0.5625,-0.015136719,-0.014635417,0.5755059,1.5924788e-05,-1.9597048e-05,0,0,0,1
1771685857836000,1771685857682000,0,1771685857684000,0,-511.0,0.5625,-0.025726318,-0.015680213,0.5754769,4.600313e-05,-2.2084578e-05,0,0,0,1
1771685857892000,1771685857734000,0,1771685857740000,0,-510.925,0.5625,-0.017242432,-0.015827378,0.5755059,2.066366e-05,-2.1950724e-05,0,0,0,1
1771685857940000,1771685857786000,0,1771685857788000,0,-510.846,0.5625,-0.024749756,-0.016667891,0.5754769,4.2576892e-05,-2.3893768e-05,0,0,0,1
1771685857996000,1771685857838000,0,1771685857844000,0,-510.778,0.5625,-0.009277344,-0.015971681,0.5755059,5.9821527e-06,-2.2206443e-05,0,0,0,1
1771685858044000,1771685857890000,0,1771685857892000,0,-510.701,0.5625,-0.014862061,-0.015867151,0.5754769,1.535289e-05,-2.1560818e-05,0,0,0,1
1771685858100000,1771685857942000,0,1771685857948000,0,-510.621,0.5625,-0.011474609,-0.015453361,0.5755059,9.151368e-06,-2.0391812e-05,0,0,0,1
1771685858148000,1771685857994000,0,1771685857996000,0,-510.541,0.5625,-0.020050049,-0.015886383,0.5754769,2.7942353e-05,-2.1103095e-05,0,0,0,1
1771685858204000,1771685858046000,0,1771685858052000,0,-510.468,0.5625,-0.009552002,-0.015289666,0.5755059,6.3416023e-06,-1.971252e-05,0,0,0,1
1771685858252000,1771685858098000,0,1771685858100000,0,-510.387,0.5625,-0.019042969,-0.015643239,0.5754769,2.5205854e-05,-2.0230007e-05,0,0,0,1
1771685858308000,1771685858150000,0,1771685858156000,0,-510.311,0.5625,-0.011474609,-0.015250542,0.5755059,9.151368e-06,-1.9186367e-05,0,0,0,1
1771685858356000,1771685858202000,0,1771685858204000,0,-510.231,0.5625,-0.019958496,-0.015694045,0.5754769,2.7687754e-05,-1.9987223e-05,0,0,0,1
1771685858412000,1771685858254000,0,1771685858260000,0,-510.157,0.5625,-0.010253906,-0.0151815675,0.5755059,7.3078377e-06,-1.8792787e-05,0,0,0,1
1771685858460000,1771685858306000,0,1771685858308000,0,-510.081,0.5625,-0.014678955,-0.01513422,0.5754769,1.4976916e-05,-1.843332e-05,0,0,0,1
1771685858516000,1771685858358000,0,1771685858364000,0,-510.004,0.5625,-0.008117676,-0.014473241,0.5755059,4.5800857e-06,-1.7128305e-05,0,0,0,1
1771685858564000,1771685858410000,0,1771685858412000,0,-509.931,0.5625,-0.0095825195,-0.014012521,0.5754769,6.3825105e-06,-1.6116019e-05,0,0,0,1
1771685858620000,1771685858462000,0,1771685858468000,0,-509.841,0.5625,-0.016174316,-0.014216169,0.5755059,1.8182855e-05,-1.6310722e-05,0,0,0,1
1771685858668000,1771685858514000,0,1771685858516000,0,-509.763,0.5625,-0.022491455,-0.014995725,0.5754769,3.5161487e-05,-1.8086519e-05,0,0,0,1
1771685858724000,1771685858566000,0,1771685858572000,0,-509.688,0.5625,-0.013824463,-0.014885388,0.5755059,1.3283323e-05,-1.7634044e-05,0,0,0,1
1771685858772000,1771685858618000,0,1771685858620000,0,-509.611,0.5625,-0.019226074,-0.015294294,0.5754769,2.5692912e-05,-1.8393213e-05,0,0,0,1
1771685858828000,1771685858670000,0,1771685858676000,0,-509.539,0.5625,-0.007598877,-0.014569364,0.5755059,4.0133687e-06,-1.703859e-05,0,0,0,1
1771685858876000,1771685858722000,0,1771685858724000,0,-509.444,0.5625,-0.03112793,-0.01612923,0.5754769,6.7349225e-05,-2.1777998e-05,0,0,0,1
1771685858932000,1771685858774000,0,1771685858780000,0,-509.377,0.5625,-0.014221191,-0.015949486,0.5755059,1.4056661e-05,-2.1050626e-05,0,0,0,1
1771685858980000,1771685858826000,0,1771685858828000,0,-509.299,0.5625,-0.020568848,-0.016384643,0.5754769,2.9407089e-05,-2.1837828e-05,0,0,0,1
1771685859036000,1771685858878000,0,1771685858884000,0,-509.229,0.5625,-0.006866455,-0.0154880015,0.5755059,3.276992e-06,-2.0089343e-05,0,0,0,1
1771685859084000,1771685858930000,0,1771685858932000,0,-509.166,0.5625,0.0014648438,-0.013890994,0.5754769,1.4914707e-07,-1.8182818e-05,0,0,0,1
1771685859140000,1771685858982000,0,1771685858988000,0,-509.071,0.5625,-0.010650635,-0.013585743,0.5755059,7.884265e-06,-1.7212664e-05,0,0,0,1
1771685859188000,1771685859034000,0,1771685859036000,0,-508.981,0.5625,-0.02935791,-0.015071526,0.5754769,5.9907663e-05,-2.1234657e-05,0,0,0,1
1771685859244000,1771685859086000,0,1771685859092000,0,-508.9,0.5625,-0.026763916,-0.016172983,0.5755059,4.9786264e-05,-2.3924302e-05,0,0,0,1
1771685859292000,1771685859138000,0,1771685859140000,0,-508.838,0.5625,-0.017059326,-0.01625648,0.5754769,2.0228135e-05,-2.3576113e-05,0,0,0,1
1771685859348000,1771685859190000,0,1771685859196000,0,-508.766,0.5625,-0.0058898926,-0.015279917,0.5755059,2.4111541e-06,-2.1582313e-05,0,0,0,1
1771685859396000,1771685859242000,0,1771685859244000,0,-508.674,0.5625,-0.026855469,-0.016370367,0.5754769,5.0129987e-05,-2.4271587e-05,0,0,0,1
1771685859452000,1771685859294000,0,1771685859300000,0,-508.593,0.5625,-0.024536133,-0.017139606,0.5755059,4.1842963e-05,-2.5926862e-05,0,0,0,1
1771685859500000,1771685859346000,0,1771685859348000,0,-508.523,0.5625,-0.023040771,-0.017695513,0.5754769,3.6899983e-05,-2.6960563e-05,0,0,0,1
1771685859556000,1771685859398000,0,1771685859404000,0,-508.431,0.5625,-0.031799316,-0.019024132,0.5755059,7.028227e-05,-3.1041593e-05,0,0,0,1
1771685859604000,1771685859450000,0,1771685859452000,0,-508.366,0.5625,-0.025146484,-0.019600876,0.5754769,4.3952812e-05,-3.2257867e-05,0,0,0,1
1771685859660000,1771685859502000,0,1771685859508000,0,-508.28,0.5625,-0.027801514,-0.0203734,0.5755059,5.372137e-05,-3.427979e-05,0,0,0,1
1771685859708000,1771685859554000,0,1771685859556000,0,-508.198,0.5625,-0.038208008,-0.022053473,0.5754769,0.00010147076,-4.0609375e-05,0,0,0,1
1771685859764000,1771685859606000,0,1771685859612000,0,-508.126,0.5625,-0.026611328,-0.022482837,0.5755059,4.922019e-05,-4.142054e-05,0,0,0,1
1771685859812000,1771685859658000,0,1771685859660000,0,-508.051,0.5625,-0.03012085,-0.02320236,0.5754769,6.306183e-05,-4.345921e-05,0,0,0,1
1771685859868000,1771685859710000,0,1771685859716000,0,-507.973,0.5625,-0.024780273,-0.023351004,0.5755059,4.2679803e-05,-4.338579e-05,0,0,0,1
1771685859916000,1771685859762000,0,1771685859764000,0,-507.889,0.5625,-0.037384033,-0.024672957,0.5754769,9.714141e-05,-4.8449725e-05,0,0,0,1
1771685859972000,1771685859814000,0,1771685859820000,0,-507.816,0.5625,-0.02709961,-0.024901554,0.5755059,5.1043007e-05,-4.869402e-05,0,0,0,1
1771685860020000,1771685859866000,0,1771685859868000,0,-507.745,0.5625,-0.026855469,-0.025085619,0.5754769,5.0129987e-05,-4.882929e-05,0,0,0,1
1771685860076000,1771685859918000,0,1771685859924000,0,-507.656,0.5625,-0.032806396,-0.025812939,0.5755059,7.480442e-05,-5.1276224e-05,0,0,0,1
1771685860124000,1771685859970000,0,1771685859972000,0,-507.596,0.5625,-0.02142334,-0.025399426,0.5754769,3.190116e-05,-4.9451035e-05,0,0,0,1
1771685860180000,1771685860022000,0,1771685860028000,0,-507.516,0.5625,-0.018554688,-0.024754632,0.5755059,2.3928611e-05,-4.704675e-05,0,0,0,1
1771685860228000,1771685860074000,0,1771685860076000,0,-507.441,0.5625,-0.02243042,-0.024535684,0.5754769,3.4970908e-05,-4.590917e-05,0,0,0,1
1771685860284000,1771685860126000,0,1771685860132000,0,-507.371,0.5625,-0.009613037,-0.023129927,0.5755059,6.4229043e-06,-4.218945e-05,0,0,0,1
1771685860332000,1771685860178000,0,1771685860180000,0,-507.282,0.5625,-0.027862549,-0.023575753,0.5754769,5.396023e-05,-4.3298292e-05,0,0,0,1
1771685860388000,1771685860230000,0,1771685860236000,0,-507.22,0.5625,-0.006958008,-0.022010313,0.5755059,3.364961e-06,-3.9536455e-05,0,0,0,1
1771685860436000,1771685860282000,0,1771685860284000,0,-507.129,0.5625,-0.027282715,-0.02250699,0.5754769,5.173772e-05,-4.068585e-05,0,0,0,1
1771685860492000,1771685860334000,0,1771685860340000,0,-507.044,0.5625,-0.029418945,-0.023158116,0.5755059,6.0153987e-05,-4.2519805e-05,0,0,0,1
1771685860540000,1771685860386000,0,1771685860388000,0,-506.979,0.5625,-0.023284912,-0.023170061,0.5754769,3.768611e-05,-4.2064457e-05,0,0,0,1
1771685860596000,1771685860438000,0,1771685860444000,0,-506.894,0.5625,-0.025482178,-0.02338787,0.5755059,4.5131867e-05,-4.2353415e-05,0,0,0,1
1771685860644000,1771685860490000,0,1771685860492000,0,-506.832,0.5625,-0.016418457,-0.02273133,0.5754769,1.8736859e-05,-4.0128667e-05,0,0,0,1
1771685860700000,1771685860542000,0,1771685860548000,0,-506.748,0.5625,-0.017669678,-0.022254508,0.5755059,2.1700387e-05,-3.839267e-05,0,0,0,1
1771685860748000,1771685860594000,0,1771685860596000,0,-506.668,0.5625,-0.026611328,-0.022664933,0.5754769,4.9222675e-05,-3.9412887e-05,0,0,0,1
1771685860804000,1771685860646000,0,1771685860652000,0,-506.589,0.5625,-0.022613525,-0.02266009,0.5755059,3.55424e-05,-3.9048275e-05,0,0,0,1
1771685860852000,1771685860698000,0,1771685860700000,0,-506.519,0.5625,-0.021484375,-0.022549333,0.5754769,3.2083193e-05,-3.8392143e-05,0,0,0,1
1771685860908000,1771685860750000,0,1771685860756000,0,-506.435,0.5625,-0.022491455,-0.022543881,0.5755059,3.5159712e-05,-3.8087637e-05,0,0,0,1
1771685860956000,1771685860802000,0,1771685860804000,0,-506.373,0.5625,-0.013336182,-0.021676488,0.5754769,1.2362181e-05,-3.5664223e-05,0,0,0,1
1771685861012000,1771685860854000,0,1771685860860000,0,-506.299,0.5625,-0.004638672,-0.020071477,0.5755059,1.4955382e-06,-3.2445434e-05,0,0,0,1
1771685861060000,1771685860906000,0,1771685860908000,0,-506.218,0.5625,-0.014953613,-0.019589359,0.5754769,1.5542626e-05,-3.085314e-05,0,0,0,1
1771685861116000,1771685860958000,0,1771685860964000,0,-506.133,0.5625,-0.017242432,-0.019368272,0.5755059,2.066366e-05,-2.9893263e-05,0,0,0,1
1771685861164000,1771685861010000,0,1771685861012000,0,-506.065,0.5625,-0.014221191,-0.018883402,0.5754769,1.405737e-05,-2.8401475e-05,0,0,0,1
1771685861220000,1771685861062000,0,1771685861068000,0,-505.989,0.5625,-0.007507324,-0.017811742,0.5755059,3.9172432e-06,-2.609499e-05,0,0,0,1
1771685861268000,1771685861114000,0,1771685861116000,0,-505.905,0.5625,-0.020599365,-0.018074345,0.5754769,2.9494415e-05,-2.6415224e-05,0,0,0,1
1771685861324000,1771685861166000,0,1771685861172000,0,-505.823,0.5625,-0.019561768,-0.018214464,0.5755059,2.6596617e-05,-2.6432312e-05,0,0,0,1
1771685861372000,1771685861218000,0,1771685861220000,0,-505.744,0.5625,-0.027374268,-0.019077344,0.5754769,5.2085536e-05,-2.884892e-05,0,0,0,1
1771685861428000,1771685861270000,0,1771685861276000,0,-505.677,0.5625,-0.011199951,-0.01833527,0.5755059,8.7185135e-06,-2.6952577e-05,0,0,0,1
1771685861476000,1771685861322000,0,1771685861324000,0,-505.601,0.5625,-0.016235352,-0.018137451,0.5754769,1.8321267e-05,-2.6139483e-05,0,0,0,1
1771685861532000,1771685861374000,0,1771685861380000,0,-505.524,0.5625,-0.010406494,-0.017409172,0.5755059,7.5269513e-06,-2.4386129e-05,0,0,0,1
1771685861580000,1771685861426000,0,1771685861428000,0,-505.451,0.5625,-0.012512207,-0.016947864,0.5754769,1.088178e-05,-2.311398e-05,0,0,0,1
1771685861636000,1771685861478000,0,1771685861484000,0,-505.386,0.5625,0.005279541,-0.014853978,0.5755059,1.9373254e-06,-2.0754074e-05,0,0,0,1
1771685861684000,1771685861530000,0,1771685861532000,0,-505.31,0.5625,-0.00015258789,-0.013469064,0.5754769,1.6183492e-09,-1.8799132e-05,0,0,0,1
1771685861740000,1771685861582000,0,1771685861588000,0,-505.231,0.5625,0.0033874512,-0.011881131,0.5755059,7.97547e-07,-1.6953069e-05,0,0,0,1
1771685861788000,1771685861634000,0,1771685861636000,0,-505.157,0.5625,3.0517578e-05,-0.010759018,0.5754769,6.473397e-11,-1.5356034e-05,0,0,0,1
1771685861844000,1771685861686000,0,1771685861692000,0,-505.083,0.5625,0.008605957,-0.008934781,0.5755059,5.1476445e-06,-1.3424528e-05,0,0,0,1
1771685861892000,1771685861738000,0,1771685861740000,0,-504.988,0.5625,-0.01586914,-0.009588018,0.5754769,1.7504066e-05,-1.3808833e-05,0,0,0,1
1771685861948000,1771685861790000,0,1771685861796000,0,-504.915,0.5625,-0.0058288574,-0.009233894,0.5755059,2.361441e-06,-1.2730455e-05,0,0,0,1
1771685861996000,1771685861842000,0,1771685861844000,0,-504.834,0.5625,-0.015655518,-0.00983883,0.5754769,1.7035974e-05,-1.31360475e-05,0,0,0,1
1771685862052000,1771685861894000,0,1771685861900000,0,-504.754,0.5625,-0.012451172,-0.01008492,0.5755059,1.0775332e-05,-1.29136615e-05,0,0,0,1
1771685862100000,1771685861946000,0,1771685861948000,0,-504.678,0.5625,-0.017150879,-0.010750554,0.5754769,2.0445836e-05,-1.3623214e-05,0,0,0,1
1771685862156000,1771685861998000,0,1771685862004000,0,-504.61,0.5625,-0.0017700195,-0.009904562,0.5755059,2.1775409e-07,-1.236038e-05,0,0,0,1
1771685862204000,1771685862050000,0,1771685862052000,0,-504.545,0.5625,0.004486084,-0.008548921,0.5754769,1.3988364e-06,-1.1064222e-05,0,0,0,1
1771685862260000,1771685862102000,0,1771685862108000,0,-504.456,0.5625,-0.0015563965,-0.007890205,0.5755059,1.6836456e-07,-1.0037801e-05,0,0,0,1
1771685862308000,1771685862154000,0,1771685862156000,0,-504.362,0.5625,-0.02444458,-0.009449675,0.5754769,4.153338e-05,-1.30047765e-05,0,0,0,1
1771685862364000,1771685862206000,0,1771685862212000,0,-504.292,0.5625,-0.011138916,-0.009608806,0.5755059,8.623748e-06,-1.2592071e-05,0,0,0,1
1771685862412000,1771685862258000,0,1771685862260000,0,-504.223,0.5625,-0.0087890625,-0.009531584,0.5754769,5.3692943e-06,-1.1911664e-05,0,0,0,1
1771685862468000,1771685862310000,0,1771685862316000,0,-504.148,0.5625,-0.0007019043,-0.008699802,0.5755059,3.4242543e-08,-1.0792776e-05,0,0,0,1
1771685862516000,1771685862362000,0,1771685862364000,0,-504.061,0.5625,-0.01663208,-0.009447046,0.5754769,1.9227607e-05,-1.1587362e-05,0,0,0,1
1771685862572000,1771685862414000,0,1771685862420000,0,-503.986,0.5625,-0.008239746,-0.009333314,0.5755059,4.7188682e-06,-1.094033e-05,0,0,0,1
1771685862620000,1771685862466000,0,1771685862468000,0,-503.914,0.5625,-0.008880615,-0.009290669,0.5754769,5.4817374e-06,-1.0426114e-05,0,0,0,1
1771685862676000,1771685862518000,0,1771685862524000,0,-503.847,0.5625,0.0073547363,-0.0077226236,0.5755059,3.7596242e-06,-9.0897765e-06,0,0,0,1
1771685862724000,1771685862570000,0,1771685862572000,0,-503.775,0.5625,0.006286621,-0.006402912,0.5754769,2.7470508e-06,-7.974713e-06,0,0,0,1
1771685862780000,1771685862622000,0,1771685862628000,0,-503.687,0.5625,0.0011901855,-0.00568762,0.5755059,9.84554e-08,-7.2141975e-06,0,0,0,1
1771685862828000,1771685862674000,0,1771685862676000,0,-503.608,0.5625,-0.006713867,-0.0057842955,0.5754769,3.1331242e-06,-6.8297486e-06,0,0,0,1
1771685862884000,1771685862726000,0,1771685862732000,0,-503.532,0.5625,0.00045776367,-0.005196275,0.5755059,1.4564408e-08,-6.1849946e-06,0,0,0,1
1771685862932000,1771685862778000,0,1771685862780000,0,-503.451,0.5625,-0.009552002,-0.0056065973,0.5754769,6.3419225e-06,-6.1997775e-06,0,0,0,1
1771685862988000,1771685862830000,0,1771685862836000,0,-503.37,0.5625,-0.0074157715,-0.0057770265,0.5755059,3.8222834e-06,-5.975811e-06,0,0,0,1
1771685863036000,1771685862882000,0,1771685862884000,0,-503.288,0.5625,-0.018096924,-0.0069375965,0.5754769,2.2763636e-05,-7.5572725e-06,0,0,0,1
1771685863092000,1771685862934000,0,1771685862940000,0,-503.213,0.5625,-0.00970459,-0.0071982555,0.5755059,6.545828e-06,-7.4619916e-06,0,0,0,1
1771685863140000,1771685862986000,0,1771685862988000,0,-503.148,0.5625,-0.0033874512,-0.0068392665,0.5754769,7.9758723e-07,-6.834185e-06,0,0,0,1
1771685863196000,1771685863038000,0,1771685863044000,0,-503.066,0.5625,-0.0024414062,-0.006424975,0.5755059,4.142765e-07,-6.229411e-06,0,0,0,1
1771685863244000,1771685863090000,0,1771685863092000,0,-502.99,0.5625,-0.0074157715,-0.006518311,0.5754769,3.822476e-06,-6.002671e-06,0,0,0,1
1771685863300000,1771685863142000,0,1771685863148000,0,-502.907,0.5625,-0.007385254,-0.0065999795,0.5755059,3.790889e-06,-5.794315e-06,0,0,0,1
1771685863348000,1771685863194000,0,1771685863196000,0,-502.83,0.5625,-0.013183594,-0.007220175,0.5754769,1.2080913e-05,-6.3865305e-06,0,0,0,1
1771685863404000,1771685863246000,0,1771685863252000,0,-502.749,0.5625,-0.010864258,-0.0075634583,0.5755059,8.20371e-06,-6.557714e-06,0,0,0,1
1771685863452000,1771685863298000,0,1771685863300000,0,-502.684,0.5625,-0.004486084,-0.007273561,0.5754769,1.3988364e-06,-6.071733e-06,0,0,0,1
1771685863508000,1771685863350000,0,1771685863356000,0,-502.593,0.5625,-0.012512207,-0.0077670566,0.5755059,1.0881232e-05,-6.524802e-06,0,0,0,1
1771685863556000,1771685863402000,0,1771685863404000,0,-502.5,0.5625,-0.034179688,-0.010255203,0.5754769,8.120229e-05,-1.3559638e-05,0,0,0,1
1771685863612000,1771685863454000,0,1771685863460000,0,-502.424,0.5625,-0.026550293,-0.011790248,0.5755059,4.8994672e-05,-1.6897722e-05,0,0,0,1
1771685863660000,1771685863506000,0,1771685863508000,0,-502.357,0.5625,-0.021881104,-0.012740836,0.5754769,3.3279022e-05,-1.844089e-05,0,0,0,1
1771685863716000,1771685863558000,0,1771685863564000,0,-502.28,0.5625,-0.015533447,-0.013003908,0.5755059,1.6770497e-05,-1.8283534e-05,0,0,0,1
1771685863764000,1771685863610000,0,1771685863612000,0,-502.211,0.5625,-0.013153076,-0.01301796,0.5754769,1.2025047e-05,-1.7693967e-05,0,0,0,1
1771685863820000,1771685863662000,0,1771685863668000,0,-502.135,0.5625,-0.0059814453,-0.012355099,0.5755059,2.4866947e-06,-1.6261398e-05,0,0,0,1
1771685863868000,1771685863714000,0,1771685863716000,0,-502.057,0.5625,-0.012817383,-0.012398648,0.5754769,1.14190725e-05,-1.5805237e-05,0,0,0,1
1771685863924000,1771685863766000,0,1771685863772000,0,-502.001,0.5625,0.014282227,-0.009885232,0.5755059,1.4177578e-05,-1.2980769e-05,0,0,0,1
1771685863972000,1771685863818000,0,1771685863820000,0,-501.926,0.5625,0.0099487305,-0.008016815,0.5754769,6.8796676e-06,-1.1109858e-05,0,0,0,1
1771685864028000,1771685863870000,0,1771685863876000,0,-501.838,0.5625,0.0046691895,-0.0068217567,0.5755059,1.515281e-06,-9.920534e-06,0,0,0,1
1771685864076000,1771685863922000,0,1771685863924000,0,-501.757,0.5625,-0.0054626465,-0.0066937245,0.5754769,2.074141e-06,-9.181381e-06,0,0,0,1
1771685864132000,1771685863974000,0,1771685863980000,0,-501.679,0.5625,-0.00061035156,-0.006120653,0.5755059,2.5892282e-08,-8.318907e-06,0,0,0,1
1771685864180000,1771685864026000,0,1771685864028000,0,-501.599,0.5625,-0.009674072,-0.0064553954,0.5754769,6.505052e-06,-8.148037e-06,0,0,0,1
1771685864236000,1771685864078000,0,1771685864084000,0,-501.522,0.5625,-0.0037231445,-0.0061980095,0.5755059,9.634518e-07,-7.471228e-06,0,0,0,1
1771685864284000,1771685864130000,0,1771685864132000,0,-501.454,0.5625,-0.0007324219,-0.0056831352,0.5754769,3.7286767e-08,-6.770929e-06,0,0,0,1
1771685864340000,1771685864182000,0,1771685864188000,0,-501.383,0.5625,0.011016846,-0.0041099484,0.5755059,8.43577e-06,-5.3384138e-06,0,0,0,1
1771685864388000,1771685864234000,0,1771685864236000,0,-501.285,0.5625,-0.016296387,-0.0052579464,0.5754769,1.845928e-05,-6.5744375e-06,0,0,0,1
1771685864444000,1771685864286000,0,1771685864292000,0,-501.215,0.5625,-0.0031738281,-0.0050616167,0.5755059,7.001273e-07,-6.0210605e-06,0,0,0,1
1771685864492000,1771685864338000,0,1771685864340000,0,-501.132,0.5625,-0.015197754,-0.00601647,0.5754769,1.6054284e-05,-6.966219e-06,0,0,0,1
1771685864548000,1771685864390000,0,1771685864396000,0,-501.05,0.5625,-0.014129639,-0.006780754,0.5755059,1.3876256e-05,-7.6171646e-06,0,0,0,1
1771685864596000,1771685864442000,0,1771685864444000,0,-500.987,0.5625,-0.00592041,-0.006699707,0.5754769,2.4363278e-06,-7.1291147e-06,0,0,0,1
1771685864652000,1771685864494000,0,1771685864500000,0,-500.903,0.5625,-0.0069274902,-0.0067211646,0.5755059,3.3355086e-06,-6.771746e-06,0,0,0,1
1771685864700000,1771685864546000,0,1771685864548000,0,-500.82,0.5625,-0.018737793,-0.007853166,0.5754769,2.4404448e-05,-8.432798e-06,0,0,0,1
1771685864756000,1771685864598000,0,1771685864604000,0,-500.738,0.5625,-0.017425537,-0.008754911,0.5755059,2.1104865e-05,-9.626543e-06,0,0,0,1
1771685864804000,1771685864650000,0,1771685864652000,0,-500.661,0.5625,-0.022979736,-0.01009493,0.5754769,3.6704743e-05,-1.2177388e-05,0,0,0,1
1771685864860000,1771685864702000,0,1771685864708000,0,-500.596,0.5625,-0.0046081543,-0.00957806,0.5755059,1.4759248e-06,-1.1169279e-05,0,0,0,1
1771685864908000,1771685864754000,0,1771685864756000,0,-500.513,0.5625,-0.016448975,-0.01022532,0.5754769,1.8806577e-05,-1.1888735e-05,0,0,0,1
1771685864964000,1771685864806000,0,1771685864812000,0,-500.434,0.5625,-0.012359619,-0.010426377,0.5755059,1.0617454e-05,-1.1768976e-05,0,0,0,1
1771685865012000,1771685864858000,0,1771685864860000,0,-500.361,0.5625,-0.014038086,-0.0107666105,0.5754769,1.3697708e-05,-1.19506685e-05,0,0,0,1
1771685865068000,1771685864910000,0,1771685864916000,0,-500.279,0.5625,-0.012878418,-0.010965548,0.5755059,1.15275025e-05,-1.1910805e-05,0,0,0,1
1771685865116000,1771685864962000,0,1771685864964000,0,-500.213,0.5625,-0.007537842,-0.010642649,0.5754769,3.949355e-06,-1.1160813e-05,0,0,0,1
1771685865172000,1771685865014000,0,1771685865020000,0,-500.134,0.5625,-0.003479004,-0.009967812,0.5755059,8.4124025e-07,-1.018868e-05,0,0,0,1
1771685865220000,1771685865066000,0,1771685865068000,0,-500.071,0.5625,0.0046081543,-0.008594714,0.5754769,1.4759993e-06,-9.089833e-06,0,0,0,1
1771685865276000,1771685865118000,0,1771685865124000,0,-499.987,0.5625,0.0033569336,-0.007468834,0.5755059,7.8324155e-07,-8.159761e-06,0,0,0,1
1771685865324000,1771685865170000,0,1771685865172000,0,-499.906,0.5625,-0.0066223145,-0.0073890896,0.5754769,3.048258e-06,-7.678243e-06,0,0,0,1
1771685865380000,1771685865222000,0,1771685865228000,0,-499.827,0.5625,-0.0024414062,-0.0069230036,0.5755059,4.142765e-07,-6.993956e-06,0,0,0,1
1771685865428000,1771685865274000,0,1771685865276000,0,-499.747,0.5625,-0.011260986,-0.007331654,0.5754769,8.814242e-06,-7.165432e-06,0,0,0,1
1771685865484000,1771685865326000,0,1771685865332000,0,-499.677,0.5625,0.0019836426,-0.006454126,0.5755059,2.7348722e-07,-6.4646642e-06,0,0,0,1
1771685865532000,1771685865378000,0,1771685865380000,0,-499.594,0.5625,-0.009918213,-0.006780453,0.5754769,6.8375257e-06,-6.499789e-06,0,0,0,1
1771685865588000,1771685865430000,0,1771685865436000,0,-499.503,0.5625,-0.017730713,-0.0078119994,0.5755059,2.1850561e-05,-7.945876e-06,0,0,0,1
1771685865636000,1771685865482000,0,1771685865484000,0,-499.419,0.5625,-0.030151367,-0.009916433,0.5754769,6.318968e-05,-1.3150002e-05,0,0,0,1
1771685865692000,1771685865534000,0,1771685865540000,0,-499.357,0.5625,-0.008300781,-0.009764234,0.5755059,4.7890367e-06,-1.2362375e-05,0,0,0,1
1771685865740000,1771685865586000,0,1771685865588000,0,-499.282,0.5625,-0.01184082,-0.009959854,0.5754769,9.745311e-06,-1.211584e-05,0,0,0,1
1771685865796000,1771685865638000,0,1771685865644000,0,-499.204,0.5625,-0.0061950684,-0.0096052,0.5755059,2.6674877e-06,-1.1225778e-05,0,0,0,1
1771685865844000,1771685865690000,0,1771685865692000,0,-499.123,0.5625,-0.015625,-0.010172282,0.5754769,1.6969621e-05,-1.1766864e-05,0,0,0,1
1771685865900000,1771685865742000,0,1771685865748000,0,-499.058,0.5625,0.0030517578,-0.00892654,0.5755059,6.4730705e-07,-1.0597413e-05,0,0,0,1
1771685865948000,1771685865794000,0,1771685865796000,0,-498.988,0.5625,0.004425049,-0.007668781,0.5754769,1.3610318e-06,-9.470893e-06,0,0,0,1
1771685866004000,1771685865846000,0,1771685865852000,0,-498.911,0.5625,0.010681152,-0.005940164,0.5755059,7.929511e-06,-7.831724e-06,0,0,0,1
1771685866052000,1771685865898000,0,1771685865900000,0,-498.813,0.5625,-0.016143799,-0.006901376,0.5754769,1.8115219e-05,-8.80046e-06,0,0,0,1
1771685866108000,1771685865950000,0,1771685865956000,0,-498.731,0.5625,-0.014434814,-0.007611048,0.5755059,1.4482136e-05,-9.33569e-06,0,0,0,1
1771685866156000,1771685866002000,0,1771685866004000,0,-498.649,0.5625,-0.024627686,-0.009214065,0.5754769,4.2157935e-05,-1.2427641e-05,0,0,0,1
1771685866212000,1771685866054000,0,1771685866060000,0,-498.564,0.5625,-0.025909424,-0.0107868165,0.5755059,4.665796e-05,-1.5652236e-05,0,0,0,1
1771685866260000,1771685866106000,0,1771685866108000,0,-498.471,0.5625,-0.04714966,-0.014212302,0.5754769,0.00015452161,-2.8734135e-05,0,0,0,1
1771685866316000,1771685866158000,0,1771685866164000,0,-498.397,0.5625,-0.03704834,-0.016363524,0.5755059,9.539985e-05,-3.501424e-05,0,0,0,1
1771685866364000,1771685866210000,0,1771685866212000,0,-498.333,0.5625,-0.029052734,-0.017558884,0.5754769,5.8668655e-05,-3.7242553e-05,0,0,0,1
1771685866420000,1771685866262000,0,1771685866268000,0,-498.255,0.5625,-0.023406982,-0.018109791,0.5755059,3.808036e-05,-3.7321475e-05,0,0,0,1
1771685866468000,1771685866314000,0,1771685866316000,0,-498.185,0.5625,-0.021759033,-0.01845356,0.5754769,3.2908745e-05,-3.690578e-05,0,0,0,1
1771685866524000,1771685866366000,0,1771685866372000,0,-498.109,0.5625,-0.014251709,-0.018057734,0.57550585,1.4117056e-05,-3.4759018e-05,0,0,0,1
1771685866572000,1771685866418000,0,1771685866420000,0,-498.034,0.5625,-0.017822266,-0.018035552,0.5754768,2.2077911e-05,-3.356442e-05,0,0,0,1
1771685866628000,1771685866470000,0,1771685866476000,0,-497.953,0.5625,-0.015380859,-0.017785471,0.57550585,1.6442636e-05,-3.19515e-05,0,0,0,1
1771685866676000,1771685866522000,0,1771685866524000,0,-497.868,0.5625,-0.028839111,-0.018826757,0.5754768,5.780906e-05,-3.4387354e-05,0,0,0,1
1771685866732000,1771685866574000,0,1771685866580000,0,-497.807,0.5625,-0.0063171387,-0.017648315,0.57550585,2.7736462e-06,-3.140925e-05,0,0,0,1
1771685866780000,1771685866626000,0,1771685866628000,0,-497.734,0.5625,-0.008483887,-0.016785,0.5754768,5.0029007e-06,-2.8921695e-05,0,0,0,1
1771685866836000,1771685866678000,0,1771685866684000,0,-497.651,0.5625,-0.009552002,-0.01610363,0.57550585,6.341603e-06,-2.6794585e-05,0,0,0,1
1771685866884000,1771685866730000,0,1771685866732000,0,-497.567,0.5625,-0.024017334,-0.016849125,0.5754768,4.0094215e-05,-2.8047449e-05,0,0,0,1
1771685866940000,1771685866782000,0,1771685866788000,0,-497.485,0.5625,-0.025268555,-0.01764226,0.57550585,4.437834e-05,-2.9585866e-05,0,0,0,1
1771685866988000,1771685866834000,0,1771685866836000,0,-497.414,0.5625,-0.027557373,-0.018576292,0.5754768,5.2784664e-05,-3.1771262e-05,0,0,0,1
1771685867044000,1771685866886000,0,1771685866892000,0,-497.354,0.5625,-0.008361816,-0.01761406,0.57550585,4.8597226e-06,-2.9236116e-05,0,0,0,1
1771685867092000,1771685866938000,0,1771685866940000,0,-497.284,0.5625,-0.011383057,-0.01702708,0.5754768,9.006373e-06,-2.7330416e-05,0,0,0,1
1771685867148000,1771685866990000,0,1771685866996000,0,-497.21,0.5625,-0.00793457,-0.016170539,0.57550585,4.375796e-06,-2.5168025e-05,0,0,0,1
1771685867196000,1771685867042000,0,1771685867044000,0,-497.144,0.5625,-0.008148193,-0.015414811,0.5754768,4.61482e-06,-2.3231853e-05,0,0,0,1
1771685867252000,1771685867094000,0,1771685867100000,0,-497.069,0.5625,-0.007232666,-0.014644029,0.57550585,3.6358592e-06,-2.1385853e-05,0,0,0,1
1771685867300000,1771685867146000,0,1771685867148000,0,-496.991,0.5625,-0.020690918,-0.015213663,0.5754768,2.9757173e-05,-2.2174456e-05,0,0,0,1
1771685867356000,1771685867198000,0,1771685867204000,0,-496.929,0.5625,-0.008026123,-0.014536575,0.57550585,4.4773583e-06,-2.0507337e-05,0,0,0,1
1771685867404000,1771685867250000,0,1771685867252000,0,-496.862,0.5625,-0.01171875,-0.014271128,0.5754768,9.545413e-06,-1.9474692e-05,0,0,0,1
1771685867460000,1771685867302000,0,1771685867308000,0,-496.786,0.5625,-0.01449585,-0.014292298,0.57550585,1.4604866e-05,-1.901594e-05,0,0,0,1
1771685867508000,1771685867354000,0,1771685867356000,0,-496.711,0.5625,-0.027130127,-0.015501658,0.5754768,5.116062e-05,-2.2044063e-05,0,0,0,1
1771685867564000,1771685867406000,0,1771685867412000,0,-496.641,0.5625,-0.024810791,-0.016378606,0.57550585,4.2784992e-05,-2.399792e-05,0,0,0,1
1771685867612000,1771685867458000,0,1771685867460000,0,-496.586,0.5625,-0.018463135,-0.016574975,0.5754768,2.3694252e-05,-2.3969313e-05,0,0,0,1
1771685867668000,1771685867510000,0,1771685867516000,0,-496.52,0.5625,-0.013671875,-0.016301494,0.57550585,1.29917125e-05,-2.293519e-05,0,0,0,1
1771685867716000,1771685867562000,0,1771685867564000,0,-496.467,0.5625,-0.0066223145,-0.015389687,0.5754768,3.0482581e-06,-2.1061784e-05,0,0,0,1
1771685867772000,1771685867614000,0,1771685867620000,0,-496.403,0.5625,-0.0013427734,-0.014066427,0.57550585,1.2531865e-07,-1.9089508e-05,0,0,0,1
1771685867820000,1771685867666000,0,1771685867668000,0,-496.344,0.5625,-0.0016174316,-0.012893695,0.5754768,1.8183773e-07,-1.730835e-05,0,0,0,1
1771685867876000,1771685867718000,0,1771685867724000,0,-496.272,0.5625,-0.005645752,-0.012210918,0.57550585,2.2154086e-06,-1.5886551e-05,0,0,0,1
1771685867924000,1771685867770000,0,1771685867772000,0,-496.211,0.5625,-0.00881958,-0.011891444,0.5754768,5.4066463e-06,-1.4899314e-05,0,0,0,1
1771685867980000,1771685867822000,0,1771685867828000,0,-496.14,0.5625,-0.012969971,-0.011993045,0.57550585,1.1691985e-05,-1.4597174e-05,0,0,0,1
1771685868028000,1771685867874000,0,1771685867876000,0,-496.073,0.5625,-0.023101807,-0.013039523,0.5754768,3.709574e-05,-1.6716604e-05,0,0,0,1
1771685868084000,1771685867926000,0,1771685867932000,0,-496.008,0.5625,-0.022094727,-0.013892549,0.57550585,3.3930286e-05,-1.8338182e-05,0,0,0,1
1771685868132000,1771685867978000,0,1771685867980000,0,-495.942,0.5625,-0.031982422,-0.015596667,0.5754768,7.109758e-05,-2.330827e-05,0,0,0,1
1771685868188000,1771685868030000,0,1771685868036000,0,-495.881,0.5625,-0.027923584,-0.016757898,0.57550585,5.4194166e-05,-2.6217811e-05,0,0,0,1
1771685868236000,1771685868082000,0,1771685868084000,0,-495.833,0.5625,-0.020629883,-0.01712265,0.5754768,2.9581874e-05,-2.6534715e-05,0,0,0,1
1771685868292000,1771685868134000,0,1771685868140000,0,-495.778,0.5625,-0.011932373,-0.016633712,0.57550585,9.896095e-06,-2.4967308e-05,0,0,0,1
1771685868340000,1771685868186000,0,1771685868188000,0,-495.718,0.5625,-0.017944336,-0.016757177,0.5754768,2.2381384e-05,-2.4723708e-05,0,0,0,1
1771685868396000,1771685868238000,0,1771685868244000,0,-495.661,0.5625,-0.012359619,-0.016342914,0.57550585,1.0617455e-05,-2.3394858e-05,0,0,0,1
1771685868444000,1771685868290000,0,1771685868292000,0,-495.608,0.5625,-0.012237549,-0.015956176,0.5754768,1.0409288e-05,-2.217158e-05,0,0,0,1
1771685868500000,1771685868342000,0,1771685868348000,0,-495.537,0.5625,-0.021820068,-0.016508572,0.57550585,3.3091957e-05,-2.3200311e-05,0,0,0,1
1771685868548000,1771685868394000,0,1771685868396000,0,-495.478,0.5625,-0.028381348,-0.017627021,0.5754768,5.5988414e-05,-2.6289046e-05,0,0,0,1
1771685868604000,1771685868446000,0,1771685868452000,0,-495.423,0.5625,-0.022491455,-0.018085266,0.57550585,3.5159715e-05,-2.712469e-05,0,0,0,1
1771685868652000,1771685868498000,0,1771685868500000,0,-495.36,0.5625,-0.03378296,-0.019564034,0.5754768,7.932819e-05,-3.204241e-05,0,0,0,1
1771685868708000,1771685868550000,0,1771685868556000,0,-495.307,0.5625,-0.026824951,-0.020248033,0.57550585,5.00136e-05,-3.373535e-05,0,0,0,1
1771685868756000,1771685868602000,0,1771685868604000,0,-495.24,0.5625,-0.04296875,-0.022388391,0.5754768,0.00012833277,-4.26467e-05,0,0,0,1
1771685868812000,1771685868654000,0,1771685868660000,0,-495.182,0.5625,-0.041900635,-0.024226502,0.57550585,0.00012202574,-5.0124436e-05,0,0,0,1
1771685868860000,1771685868706000,0,1771685868708000,0,-495.127,0.5625,-0.04663086,-0.026337057,0.5754768,0.00015113984,-5.964038e-05,0,0,0,1
1771685868916000,1771685868758000,0,1771685868764000,0,-495.069,0.5625,-0.04660034,-0.028245918,0.57550585,0.00015093447,-6.824055e-05,0,0,0,1
1771685868964000,1771685868810000,0,1771685868812000,0,-495.013,0.5625,-0.05303955,-0.03058155,0.5754768,0.00019553829,-8.023237e-05,0,0,0,1
1771685869020000,1771685868862000,0,1771685868868000,0,-494.978,0.5625,-0.030792236,-0.030601397,0.57550585,6.5901106e-05,-7.888232e-05,0,0,0,1
1771685869068000,1771685868914000,0,1771685868916000,0,-494.934,0.5625,-0.026367188,-0.030202523,0.5754768,4.8323654e-05,-7.6003605e-05,0,0,0,1
1771685869124000,1771685868966000,0,1771685868972000,0,-494.869,0.5625,-0.035491943,-0.030700801,0.57550585,8.755275e-05,-7.7091565e-05,0,0,0,1
1771685869172000,1771685869018000,0,1771685869020000,0,-494.81,0.5625,-0.046661377,-0.032204334,0.5754768,0.00015133774,-8.408577e-05,0,0,0,1
1771685869228000,1771685869070000,0,1771685869076000,0,-494.76,0.5625,-0.0413208,-0.033063132,0.57550585,0.000118671844,-8.734388e-05,0,0,0,1
1771685869276000,1771685869122000,0,1771685869124000,0,-494.721,0.5625,-0.033172607,-0.033073444,0.5754768,7.648766e-05,-8.632119e-05,0,0,0,1
1771685869332000,1771685869174000,0,1771685869180000,0,-494.676,0.5625,-0.023895264,-0.032208834,0.57550585,3.9685685e-05,-8.192799e-05,0,0,0,1
1771685869380000,1771685869226000,0,1771685869228000,0,-494.626,0.5625,-0.027801514,-0.03179365,0.5754768,5.3724085e-05,-7.92711e-05,0,0,0,1
1771685869436000,1771685869278000,0,1771685869284000,0,-494.564,0.5625,-0.036590576,-0.032245535,0.57550585,9.305693e-05,-8.0569764e-05,0,0,0,1
1771685869484000,1771685869330000,0,1771685869332000,0,-494.511,0.5625,-0.044128418,-0.033364937,0.5754768,0.0001353533,-8.5730535e-05,0,0,0,1
1771685869540000,1771685869382000,0,1771685869388000,0,-494.465,0.5625,-0.03753662,-0.03375792,0.57550585,9.793109e-05,-8.687986e-05,0,0,0,1
1771685869588000,1771685869434000,0,1771685869436000,0,-494.416,0.5625,-0.0418396,-0.03451924,0.5754768,0.00012167663,-9.015782e-05,0,0,0,1
1771685869644000,1771685869486000,0,1771685869492000,0,-494.377,0.5625,-0.029052734,-0.03400428,0.57550585,5.86657e-05,-8.719117e-05,0,0,0,1
1771685869692000,1771685869538000,0,1771685869540000,0,-494.319,0.5625,-0.04324341,-0.034874633,0.5754768,0.00012997864,-9.1221875e-05,0,0,0,1
1771685869748000,1771685869590000,0,1771685869596000,0,-494.278,0.5625,-0.033416748,-0.034737296,0.57550585,7.761374e-05,-8.9939946e-05,0,0,0,1
1771685869796000,1771685869642000,0,1771685869644000,0,-494.243,0.5625,-0.025360107,-0.033853937,0.5754768,4.470276e-05,-8.567847e-05,0,0,0,1
1771685869852000,1771685869694000,0,1771685869700000,0,-494.195,0.5625,-0.023895264,-0.0329158,0.57550585,3.9685685e-05,-8.134582e-05,0,0,0,1
1771685869900000,1771685869746000,0,1771685869748000,0,-494.155,0.5625,-0.021728516,-0.031861927,0.5754768,3.28165e-05,-7.677422e-05,0,0,0,1
1771685869956000,1771685869798000,0,1771685869804000,0,-494.108,0.5625,-0.020050049,-0.030749215,0.57550585,2.7940945e-05,-7.217398e-05,0,0,0,1
1771685870004000,1771685869850000,0,1771685869852000,0,-494.074,0.5625,-0.0126953125,-0.029048484,0.5754768,1.1202603e-05,-6.64303e-05,0,0,0,1
1771685870060000,1771685869902000,0,1771685869908000,0,-494.03,0.5625,-0.009124756,-0.02717161,0.57550585,5.78699e-06,-6.0717524e-05,0,0,0,1
1771685870108000,1771685869954000,0,1771685869956000,0,-493.984,0.5625,-0.0146484375,-0.02599189,0.5754768,1.4914708e-05,-5.6402765e-05,0,0,0,1
1771685870164000,1771685870006000,0,1771685870012000,0,-493.938,0.5625,-0.013793945,-0.024842808,0.57550585,1.3224743e-05,-5.2335272e-05,0,0,0,1
1771685870212000,1771685870058000,0,1771685870060000,0,-493.887,0.5625,-0.025024414,-0.024859916,0.5754768,4.3527125e-05,-5.1505518e-05,0,0,0,1
1771685870268000,1771685870110000,0,1771685870116000,0,-493.851,0.5625,-0.014862061,-0.023918089,0.57550585,1.5352118e-05,-4.8099762e-05,0,0,0,1
1771685870316000,1771685870162000,0,1771685870164000,0,-493.804,0.5625,-0.022705078,-0.023803819,0.5754768,3.5832585e-05,-4.694416e-05,0,0,0,1
1771685870372000,1771685870214000,0,1771685870220000,0,-493.773,0.5625,-0.0082092285,-0.022334764,0.57550585,4.6839787e-06,-4.2963125e-05,0,0,0,1
1771685870420000,1771685870266000,0,1771685870268000,0,-493.726,0.5625,-0.016815186,-0.021814803,0.5754768,1.96533e-05,-4.076727e-05,0,0,0,1
1771685870476000,1771685870318000,0,1771685870324000,0,-493.685,0.5625,-0.013153076,-0.020998843,0.57550585,1.2024441e-05,-3.8059614e-05,0,0,0,1
1771685870524000,1771685870370000,0,1771685870372000,0,-493.644,0.5625,-0.016021729,-0.020529984,0.5754768,1.7842302e-05,-3.6155085e-05,0,0,0,1
1771685870580000,1771685870422000,0,1771685870428000,0,-493.599,0.5625,-0.016967773,-0.020194413,0.57550585,2.0010593e-05,-3.4634228e-05,0,0,0,1
1771685870628000,1771685870474000,0,1771685870476000,0,-493.551,0.5625,-0.02758789,-0.0208909,0.5754768,5.290164e-05,-3.635507e-05,0,0,0,1
1771685870684000,1771685870526000,0,1771685870532000,0,-493.51,0.5625,-0.024871826,-0.021265917,0.57550585,4.2995754e-05,-3.6980644e-05,0,0,0,1
1771685870732000,1771685870578000,0,1771685870580000,0,-493.472,0.5625,-0.025817871,-0.021694724,0.5754768,4.633114e-05,-3.786149e-05,0,0,0,1
1771685870788000,1771685870630000,0,1771685870636000,0,-493.435,0.5625,-0.01977539,-0.021513917,0.57550585,2.7180684e-05,-3.6855326e-05,0,0,0,1
1771685870836000,1771685870682000,0,1771685870684000,0,-493.399,0.5625,-0.01928711,-0.021304145,0.5754768,2.5856303e-05,-3.5819186e-05,0,0,0,1
1771685870892000,1771685870734000,0,1771685870740000,0,-493.364,0.5625,-0.012176514,-0.020444296,0.57550585,1.0305193e-05,-3.3415694e-05,0,0,0,1
1771685870940000,1771685870786000,0,1771685870788000,0,-493.315,0.5625,-0.025360107,-0.02090738,0.5754768,4.470276e-05,-3.447897e-05,0,0,0,1
1771685870996000,1771685870838000,0,1771685870844000,0,-493.288,0.5625,-0.010803223,-0.019955538,0.57550585,8.111793e-06,-3.1995107e-05,0,0,0,1
1771685871044000,1771685870890000,0,1771685870892000,0,-493.242,0.5625,-0.021514893,-0.020102434,0.5754768,3.2174405e-05,-3.2011998e-05,0,0,0,1
1771685871100000,1771685870942000,0,1771685870948000,0,-493.202,0.5625,-0.020629883,-0.020152122,0.57550585,2.958038e-05,-3.1782933e-05,0,0,0,1
1771685871148000,1771685870994000,0,1771685870996000,0,-493.18,0.5625,-0.007965088,-0.019004067,0.5754768,4.4097433e-06,-2.9204299e-05,0,0,0,1
1771685871204000,1771685871046000,0,1771685871052000,0,-493.136,0.5625,-0.012023926,-0.018346518,0.57550585,1.0048537e-05,-2.739977e-05,0,0,0,1
1771685871252000,1771685871098000,0,1771685871100000,0,-493.094,0.5625,-0.019958496,-0.01849837,0.5754768,2.7687756e-05,-2.7426899e-05,0,0,0,1
1771685871308000,1771685871150000,0,1771685871156000,0,-493.074,0.5625,-0.00033569336,-0.016787393,0.57550585,7.832416e-09,-2.4843943e-05,0,0,0,1
1771685871356000,1771685871202000,0,1771685871204000,0,-493.032,0.5625,-0.009155273,-0.016068425,0.5754768,5.8260575e-06,-2.3052402e-05,0,0,0,1
1771685871412000,1771685871254000,0,1771685871260000,0,-493.002,0.5625,-0.00064086914,-0.0146151045,0.57550585,2.8546243e-08,-2.0883488e-05,0,0,0,1
1771685871460000,1771685871306000,0,1771685871308000,0,-492.959,0.5625,-0.010955811,-0.0142703885,0.5754768,8.3429795e-06,-1.9702136e-05,0,0,0,1
1771685871516000,1771685871358000,0,1771685871364000,0,-492.918,0.5625,-0.013824463,-0.014228381,0.57550585,1.3283324e-05,-1.9097466e-05,0,0,0,1
1771685871564000,1771685871410000,0,1771685871412000,0,-492.871,0.5625,-0.02822876,-0.015547258,0.5754768,5.5388005e-05,-2.251614e-05,0,0,0,1
1771685871620000,1771685871462000,0,1771685871468000,0,-492.84,0.5625,-0.021118164,-0.016072053,0.57550585,3.0997206e-05,-2.331508e-05,0,0,0,1
1771685871668000,1771685871514000,0,1771685871516000,0,-492.812,0.5625,-0.01651001,-0.016113311,0.5754768,1.8946404e-05,-2.2903538e-05,0,0,0,1
1771685871724000,1771685871566000,0,1771685871572000,0,-492.789,0.5625,-0.0016479492,-0.0147506315,0.57550585,1.8875475e-07,-2.0763739e-05,0,0,0,1
1771685871772000,1771685871618000,0,1771685871620000,0,-492.741,0.5625,-0.017486572,-0.015008365,0.5754768,2.1254042e-05,-2.0809926e-05,0,0,0,1
1771685871828000,1771685871670000,0,1771685871676000,0,-492.705,0.5625,-0.015594482,-0.015063579,0.57550585,1.6902548e-05,-2.044184e-05,0,0,0,1
1771685871876000,1771685871722000,0,1771685871724000,0,-492.661,0.5625,-0.027130127,-0.016200284,0.5754768,5.116062e-05,-2.3335637e-05,0,0,0,1
1771685871932000,1771685871774000,0,1771685871780000,0,-492.633,0.5625,-0.017028809,-0.016278332,0.57550585,2.0154812e-05,-2.3035995e-05,0,0,0,1
1771685871980000,1771685871826000,0,1771685871828000,0,-492.6,0.5625,-0.01751709,-0.016395027,0.5754768,2.1328291e-05,-2.2875123e-05,0,0,0,1
1771685872036000,1771685871878000,0,1771685871884000,0,-492.562,0.5625,-0.017608643,-0.016509352,0.57550585,2.155073e-05,-2.2750362e-05,0,0,0,1
1771685872084000,1771685871930000,0,1771685871932000,0,-492.531,0.5625,-0.016143799,-0.016474916,0.5754768,1.811522e-05,-2.231372e-05,0,0,0,1
1771685872140000,1771685871982000,0,1771685871988000,0,-492.492,0.5625,-0.017303467,-0.016552968,0.57550585,2.081021e-05,-2.2172084e-05,0,0,0,1
1771685872188000,1771685872034000,0,1771685872036000,0,-492.455,0.5625,-0.021820068,-0.017049145,0.5754768,3.3093627e-05,-2.3200924e-05,0,0,0,1
1771685872244000,1771685872086000,0,1771685872092000,0,-492.438,0.5625,-0.00064086914,-0.015503438,0.57550585,2.8546243e-08,-2.1018019e-05,0,0,0,1
1771685872292000,1771685872138000,0,1771685872140000,0,-492.388,0.5625,-0.018310547,-0.015767876,0.5754768,2.330423e-05,-2.1233387e-05,0,0,0,1
1771685872348000,1771685872190000,0,1771685872196000,0,-492.346,0.5625,-0.02218628,-0.016372507,0.57550585,3.421206e-05,-2.2456015e-05,0,0,0,1
1771685872396000,1771685872242000,0,1771685872244000,0,-492.307,0.5625,-0.0284729,-0.0175124,0.5754768,5.6350214e-05,-2.5648947e-05,0,0,0,1
1771685872452000,1771685872294000,0,1771685872300000,0,-492.288,0.5625,-0.009124756,-0.01672226,0.57550585,5.78699e-06,-2.3777893e-05,0,0,0,1
1771685872500000,1771685872346000,0,1771685872348000,0,-492.241,0.5625,-0.023651123,-0.01737498,0.5754768,3.8880844e-05,-2.5200636e-05,0,0,0,1
1771685872556000,1771685872398000,0,1771685872404000,0,-492.215,0.5625,-0.011444092,-0.016816273,0.57550585,9.102756e-06,-2.3684168e-05,0,0,0,1
1771685872604000,1771685872450000,0,1771685872452000,0,-492.167,0.5625,-0.026947021,-0.01777062,0.5754768,5.047237e-05,-2.6207694e-05,0,0,0,1
1771685872660000,1771685872502000,0,1771685872508000,0,-492.128,0.5625,-0.027648926,-0.018701185,0.57550585,5.3133295e-05,-2.8744164e-05,0,0,0,1
1771685872708000,1771685872554000,0,1771685872556000,0,-492.111,0.5625,-0.01171875,-0.01804342,0.5754768,9.545413e-06,-2.6935586e-05,0,0,0,1
1771685872764000,1771685872606000,0,1771685872612000,0,-492.062,0.5625,-0.022766113,-0.01848831,0.57550585,3.6023677e-05,-2.779171e-05,0,0,0,1
1771685872812000,1771685872658000,0,1771685872660000,0,-492.035,0.5625,-0.016906738,-0.018339321,0.5754768,1.9867892e-05,-2.7045264e-05,0,0,0,1
1771685872868000,1771685872710000,0,1771685872716000,0,-492.005,0.5625,-0.008728027,-0.01743391,0.57550585,5.294713e-06,-2.4996298e-05,0,0,0,1
1771685872916000,1771685872762000,0,1771685872764000,0,-491.975,0.5625,-0.0061950684,-0.016375178,0.5754768,2.6676223e-06,-2.2892871e-05,0,0,0,1
1771685872972000,1771685872814000,0,1771685872820000,0,-491.957,0.5625,0.01373291,-0.013538909,0.57550585,1.3107969e-05,-1.9501487e-05,0,0,0,1
1771685873020000,1771685872866000,0,1771685872868000,0,-491.905,0.5625,-0.006164551,-0.0128442235,0.5754768,2.641405e-06,-1.7913218e-05,0,0,0,1
1771685873076000,1771685872918000,0,1771685872924000,0,-491.867,0.5625,-0.006225586,-0.012220728,0.57550585,2.6938333e-06,-1.6479507e-05,0,0,0,1
1771685873124000,1771685872970000,0,1771685872972000,0,-491.835,0.5625,-0.0057373047,-0.011609971,0.5754768,2.2879576e-06,-1.5142622e-05,0,0,0,1
1771685873180000,1771685873022000,0,1771685873028000,0,-491.806,0.5625,0.0032348633,-0.010211544,0.57550585,7.273143e-07,-1.3647628e-05,0,0,0,1
1771685873228000,1771685873074000,0,1771685873076000,0,-491.777,0.5625,0.0064086914,-0.00864587,0.5754768,2.8547684e-06,-1.20930545e-05,0,0,0,1
1771685873284000,1771685873126000,0,1771685873132000,0,-491.735,0.5625,0.0018920898,-0.0076531633,0.5755059,2.4882482e-07,-1.0930414e-05,0,0,0,1
1771685873332000,1771685873178000,0,1771685873180000,0,-491.697,0.5625,-0.0038757324,-0.0072973184,0.5754769,1.0440942e-06,-9.999094e-06,0,0,0,1
1771685873388000,1771685873230000,0,1771685873236000,0,-491.658,0.5625,-0.0051879883,-0.0070986133,0.5755059,1.8707174e-06,-9.233378e-06,0,0,0,1
1771685873436000,1771685873282000,0,1771685873284000,0,-491.62,0.5625,-0.010772705,-0.0074447235,0.5754769,8.066435e-06,-9.123448e-06,0,0,0,1
1771685873492000,1771685873334000,0,1771685873340000,0,-491.578,0.5625,-0.014770508,-0.008134834,0.5755059,1.5163556e-05,-9.692443e-06,0,0,0,1
1771685873540000,1771685873386000,0,1771685873388000,0,-491.531,0.5625,-0.029083252,-0.010108235,0.5754769,5.8791975e-05,-1.4317762e-05,0,0,0,1
1771685873596000,1771685873438000,0,1771685873444000,0,-491.495,0.5625,-0.026672363,-0.011668624,0.5755059,4.9446233e-05,-1.7626966e-05,0,0,0,1
1771685873644000,1771685873490000,0,1771685873492000,0,-491.473,0.5625,-0.015686035,-0.012047077,0.5754769,1.7102457e-05,-1.7577555e-05,0,0,0,1
1771685873700000,1771685873542000,0,1771685873548000,0,-491.445,0.5625,-0.0054626465,-0.011426805,0.5755059,2.0740365e-06,-1.611708e-05,0,0,0,1
1771685873748000,1771685873594000,0,1771685873596000,0,-491.4,0.5625,-0.018005371,-0.012046524,0.5754769,2.2533895e-05,-1.6721562e-05,0,0,0,1
1771685873804000,1771685873646000,0,1771685873652000,0,-491.36,0.5625,-0.019805908,-0.012777481,0.5755059,2.7264638e-05,-1.771475e-05,0,0,0,1
1771685873852000,1771685873698000,0,1771685873700000,0,-491.328,0.5625,-0.018920898,-0.013356209,0.5754769,2.4883739e-05,-1.839009e-05,0,0,0,1
1771685873908000,1771685873750000,0,1771685873756000,0,-491.299,0.5625,-0.009674072,-0.0130093405,0.5755059,6.504724e-06,-1.7270455e-05,0,0,0,1
1771685873956000,1771685873802000,0,1771685873804000,0,-491.253,0.5625,-0.023162842,-0.01396583,0.5754769,3.729201e-05,-1.9156543e-05,0,0,0,1
1771685874012000,1771685873854000,0,1771685873860000,0,-491.225,0.5625,-0.012664795,-0.013843269,0.5755059,1.1148246e-05,-1.840214e-05,0,0,0,1
1771685874060000,1771685873906000,0,1771685873908000,0,-491.2,0.5625,-0.0048217773,-0.012993419,0.5754769,1.6160188e-06,-1.6820837e-05,0,0,0,1
1771685874116000,1771685873958000,0,1771685873964000,0,-491.169,0.5625,0.002319336,-0.011550913,0.5755059,3.7388455e-07,-1.5201044e-05,0,0,0,1
1771685874164000,1771685874010000,0,1771685874012000,0,-491.126,0.5625,-0.008270264,-0.011241866,0.5754769,4.7541275e-06,-1.4216915e-05,0,0,0,1
1771685874220000,1771685874062000,0,1771685874068000,0,-491.089,0.5625,-0.0071105957,-0.010852689,0.5755059,3.5141652e-06,-1.3208684e-05,0,0,0,1
1771685874268000,1771685874114000,0,1771685874116000,0,-491.049,0.5625,-0.014221191,-0.011170012,0.5754769,1.405737e-05,-1.32886325e-05,0,0,0,1
1771685874324000,1771685874166000,0,1771685874172000,0,-491.014,0.5625,-0.01071167,-0.011126835,0.5755059,7.974888e-06,-1.2788062e-05,0,0,0,1
1771685874372000,1771685874218000,0,1771685874220000,0,-490.991,0.5625,-0.00079345703,-0.010153401,0.5754769,4.3760163e-08,-1.1587512e-05,0,0,0,1
1771685874428000,1771685874270000,0,1771685874276000,0,-490.954,0.5625,0.00036621094,-0.009162422,0.5755059,9.321221e-09,-1.0495057e-05,0,0,0,1
1771685874476000,1771685874322000,0,1771685874324000,0,-490.92,0.5625,-0.0009765625,-0.008391291,0.5754769,6.628758e-08,-9.512636e-06,0,0,0,1
1771685874532000,1771685874374000,0,1771685874380000,0,-490.871,0.5625,-0.011871338,-0.008719121,0.5755059,9.795115e-06,-9.539246e-06,0,0,0,1
1771685874580000,1771685874426000,0,1771685874428000,0,-490.826,0.5625,-0.023834229,-0.010143008,0.5754769,3.9485196e-05,-1.2360241e-05,0,0,0,1
1771685874636000,1771685874478000,0,1771685874484000,0,-490.795,0.5625,-0.015960693,-0.010691051,0.5755059,1.7705725e-05,-1.2863801e-05,0,0,0,1
1771685874684000,1771685874530000,0,1771685874532000,0,-490.77,0.5625,-0.007965088,-0.010434258,0.5754769,4.409743e-06,-1.2067404e-05,0,0,0,1
1771685874740000,1771685874582000,0,1771685874588000,0,-490.742,0.5625,0.0024108887,-0.009224208,0.5755059,4.0398433e-07,-1.0892563e-05,0,0,0,1
1771685874788000,1771685874634000,0,1771685874636000,0,-490.71,0.5625,0.0030517578,-0.008067776,0.5754769,6.473397e-07,-9.805471e-06,0,0,0,1
1771685874844000,1771685874686000,0,1771685874692000,0,-490.67,0.5625,0.0011901855,-0.0071956497,0.5755059,9.84554e-08,-8.872492e-06,0,0,0,1
1771685874892000,1771685874738000,0,1771685874740000,0,-490.624,0.5625,-0.012176514,-0.0076648616,0.5754769,1.0305713e-05,-9.0075055e-06,0,0,0,1
1771685874948000,1771685874790000,0,1771685874796000,0,-490.591,0.5625,-0.0067443848,-0.00757815,0.5755059,3.1615123e-06,-8.4567955e-06,0,0,0,1
1771685874996000,1771685874842000,0,1771685874844000,0,-490.546,0.5625,-0.018920898,-0.00864667,0.5754769,2.4883739e-05,-1.0004262e-05,0,0,0,1
1771685875052000,1771685874894000,0,1771685874900000,0,-490.513,0.5625,-0.013153076,-0.009071186,0.5755059,1.202444e-05,-1.0194568e-05,0,0,0,1
1771685875100000,1771685874946000,0,1771685874948000,0,-490.456,0.5625,-0.037109375,-0.011712465,0.5754769,9.5719275e-05,-1.8251245e-05,0,0,0,1
1771685875156000,1771685874998000,0,1771685875004000,0,-490.429,0.5625,-0.025177002,-0.012980863,0.5755059,4.4057335e-05,-2.0682253e-05,0,0,0,1
1771685875204000,1771685875050000,0,1771685875052000,0,-490.402,0.5625,-0.018920898,-0.013540432,0.5754769,2.4883739e-05,-2.1078045e-05,0,0,0,1
1771685875260000,1771685875102000,0,1771685875108000,0,-490.369,0.5625,-0.013336182,-0.013521191,0.5755059,1.2361558e-05,-2.0256926e-05,0,0,0,1
1771685875308000,1771685875154000,0,1771685875156000,0,-490.348,0.5625,-0.0012817383,-0.0123681985,0.5754769,1.14190726e-07,-1.8359422e-05,0,0,0,1
1771685875364000,1771685875206000,0,1771685875212000,0,-490.316,0.5625,0.005065918,-0.010725854,0.5755059,1.7837193e-06,-1.646188e-05,0,0,0,1
1771685875412000,1771685875258000,0,1771685875260000,0,-490.277,0.5625,-0.0011901855,-0.009827566,0.5754769,9.846037e-08,-1.4920398e-05,0,0,0,1
1771685875468000,1771685875310000,0,1771685875316000,0,-490.237,0.5625,-0.0028381348,-0.009169142,0.57550585,5.598559e-07,-1.3567593e-05,0,0,0,1
1771685875516000,1771685875362000,0,1771685875364000,0,-490.203,0.5625,-0.0040283203,-0.0086848615,0.5754768,1.1279247e-06,-1.239574e-05,0,0,0,1
1771685875572000,1771685875414000,0,1771685875420000,0,-490.169,0.5625,0.00039672852,-0.0078293495,0.57550585,1.093949e-08,-1.12269945e-05,0,0,0,1
1771685875620000,1771685875466000,0,1771685875468000,0,-490.129,0.5625,-0.0067749023,-0.0077300174,0.5754768,3.1903492e-06,-1.0469919e-05,0,0,0,1
1771685875676000,1771685875518000,0,1771685875524000,0,-490.083,0.5625,-0.014312744,-0.008350129,0.57550585,1.4238231e-05,-1.0824905e-05,0,0,0,1
1771685875724000,1771685875570000,0,1771685875572000,0,-490.046,0.5625,-0.018218994,-0.009279805,0.5754768,2.307177e-05,-1.19785955e-05,0,0,0,1
1771685875780000,1771685875622000,0,1771685875628000,0,-490.021,0.5625,-0.004547119,-0.008833973,0.57550585,1.4370864e-06,-1.0985555e-05,0,0,0,1
1771685875828000,1771685875674000,0,1771685875676000,0,-489.999,0.5625,0.0063171387,-0.007406694,0.5754768,2.773786e-06,-9.689385e-06,0,0,0,1
1771685875884000,1771685875726000,0,1771685875732000,0,-489.963,0.5625,0.008544922,-0.0059040054,0.57550585,5.0748877e-06,-8.298547e-06,0,0,0,1
1771685875932000,1771685875778000,0,1771685875780000,0,-489.924,0.5625,0.0022583008,-0.0051350924,0.5754768,3.5448323e-07,-7.4834065e-06,0,0,0,1
1771685875988000,1771685875830000,0,1771685875836000,0,-489.877,0.5625,-0.006164551,-0.0052320706,0.57550585,2.641272e-06,-7.0272636e-06,0,0,0,1
1771685876036000,1771685875882000,0,1771685875884000,0,-489.843,0.5625,-0.0069274902,-0.005391784,0.5754768,3.335677e-06,-6.6795055e-06,0,0,0,1
1771685876092000,1771685875934000,0,1771685875940000,0,-489.808,0.5625,-0.0031433105,-0.0051799715,0.57550585,6.867281e-07,-6.1149685e-06,0,0,0,1
1771685876140000,1771685875986000,0,1771685875988000,0,-489.77,0.5625,-0.008056641,-0.005450962,0.5754768,4.511699e-06,-5.963936e-06,0,0,0,1
1771685876196000,1771685876038000,0,1771685876044000,0,-489.735,0.5625,-0.0043029785,-0.005342819,0.57550585,1.2869112e-06,-5.5233468e-06,0,0,0,1
1771685876244000,1771685876090000,0,1771685876092000,0,-489.706,0.5625,-0.00012207031,-0.004851009,0.5754768,1.0357436e-09,-5.003129e-06,0,0,0,1
1771685876300000,1771685876142000,0,1771685876148000,0,-489.668,0.5625,0.0005187988,-0.0043451576,0.57550585,1.8707174e-08,-4.5300576e-06,0,0,0,1
1771685876348000,1771685876194000,0,1771685876196000,0,-489.63,0.5625,-0.004211426,-0.0043325596,0.5754768,1.2327938e-06,-4.2194456e-06,0,0,0,1
1771685876404000,1771685876246000,0,1771685876252000,0,-489.595,0.5625,-0.00030517578,-0.003953168,0.57550585,6.473071e-09,-3.822571e-06,0,0,0,1
1771685876452000,1771685876298000,0,1771685876300000,0,-489.561,0.5625,-0.0010986328,-0.0036842627,0.5754768,8.389523e-08,-3.4703771e-06,0,0,0,1
1771685876508000,1771685876350000,0,1771685876356000,0,-489.518,0.5625,-0.0053100586,-0.0038374173,0.57550585,1.959787e-06,-3.328075e-06,0,0,0,1
1771685876556000,1771685876402000,0,1771685876404000,0,-489.497,0.5625,0.0069885254,-0.0028175819,0.5754768,3.3947144e-06,-2.6947687e-06,0,0,0,1
1771685876612000,1771685876454000,0,1771685876460000,0,-489.464,0.5625,0.012573242,-0.0013677215,0.57550585,1.0987649e-05,-1.4058451e-06,0,0,0,1
1771685876660000,1771685876506000,0,1771685876508000,0,-489.423,0.5625,0.0043640137,-0.00082777534,0.5754768,1.3237451e-06,-1.1487098e-06,0,0,0,1
1771685876716000,1771685876558000,0,1771685876564000,0,-489.381,0.5625,0.00091552734,-0.00066355115,0.57550585,5.8257637e-08,-1.03501e-06,0,0,0,1
1771685876764000,1771685876610000,0,1771685876612000,0,-489.348,0.5625,0.0010070801,-0.00050617283,0.5754768,7.04953e-08,-9.3086817e-07,0,0,0,1
1771685876820000,1771685876662000,0,1771685876668000,0,-489.319,0.5625,0.0107421875,0.0005534554,0.57550585,8.020394e-06,-8.763334e-08,0,0,0,1
1771685876868000,1771685876714000,0,1771685876716000,0,-489.277,0.5625,0.001739502,0.0006651844,0.5754768,2.1032068e-07,-5.9565203e-08,0,0,0,1
1771685876924000,1771685876766000,0,1771685876772000,0,-489.224,0.5625,-0.012481689,-0.0005732893,0.57550585,1.08282175e-05,-1.0740035e-06,0,0,0,1
1771685876972000,1771685876818000,0,1771685876820000,0,-489.191,0.5625,-0.011993408,-0.0016490975,0.5754768,9.998098e-06,-1.9146792e-06,0,0,0,1
1771685877028000,1771685876870000,0,1771685876876000,0,-489.153,0.5625,-0.010925293,-0.0025229421,0.57550585,8.296147e-06,-2.515832e-06,0,0,0,1
1771685877076000,1771685876922000,0,1771685876924000,0,-489.111,0.5625,-0.019439697,-0.0041165496,0.5754768,2.626704e-05,-4.753265e-06,0,0,0,1
1771685877132000,1771685876974000,0,1771685876980000,0,-489.079,0.5625,-0.012176514,-0.0048758215,0.57550585,1.0305193e-05,-5.2762725e-06,0,0,0,1
1771685877180000,1771685877026000,0,1771685877028000,0,-489.038,0.5625,-0.01965332,-0.006267905,0.5754768,2.684751e-05,-7.3083456e-06,0,0,0,1
1771685877236000,1771685877078000,0,1771685877084000,0,-489.001,0.5625,-0.017364502,-0.0073132366,0.57550585,2.0957279e-05,-8.594115e-06,0,0,0,1
1771685877284000,1771685877130000,0,1771685877132000,0,-488.95,0.5625,-0.034698486,-0.009893007,0.5754768,8.368608e-05,-1.5667996e-05,0,0,0,1
1771685877340000,1771685877182000,0,1771685877188000,0,-488.908,0.5625,-0.037139893,-0.012459742,0.57550585,9.587194e-05,-2.3223442e-05,0,0,0,1
1771685877388000,1771685877234000,0,1771685877236000,0,-488.888,0.5625,-0.023071289,-0.013459381,0.5754768,3.6997797e-05,-2.4521025e-05,0,0,0,1
1771685877444000,1771685877286000,0,1771685877292000,0,-488.862,0.5625,-0.009552002,-0.013091294,0.57550585,6.341603e-06,-2.280847e-05,0,0,0,1
1771685877492000,1771685877338000,0,1771685877340000,0,-488.83,0.5625,-0.007904053,-0.012602641,0.5754768,4.3424197e-06,-2.1068914e-05,0,0,0,1
1771685877548000,1771685877390000,0,1771685877396000,0,-488.792,0.5625,-0.0067443848,-0.012050777,0.57550585,3.1615125e-06,-1.9381985e-05,0,0,0,1
1771685877596000,1771685877442000,0,1771685877444000,0,-488.752,0.5625,-0.013183594,-0.012157491,0.5754768,1.2080914e-05,-1.8694203e-05,0,0,0,1
1771685877652000,1771685877494000,0,1771685877500000,0,-488.73,0.5625,0.004119873,-0.010624116,0.57550585,1.1797172e-06,-1.6822023e-05,0,0,0,1
1771685877700000,1771685877546000,0,1771685877548000,0,-488.678,0.5625,-0.014556885,-0.010994595,0.5754768,1.47288565e-05,-1.6624841e-05,0,0,0,1
1771685877756000,1771685877598000,0,1771685877604000,0,-488.634,0.5625,-0.019439697,-0.011790148,0.57550585,2.6265716e-05,-1.7533039e-05,0,0,0,1
1771685877804000,1771685877650000,0,1771685877652000,0,-488.602,0.5625,-0.017791748,-0.012355516,0.5754768,2.2002367e-05,-1.7954062e-05,0,0,0,1
1771685877860000,1771685877702000,0,1771685877708000,0,-488.572,0.5625,-0.008544922,-0.011996547,0.57550585,5.0748877e-06,-1.6740807e-05,0,0,0,1
1771685877908000,1771685877754000,0,1771685877756000,0,-488.544,0.5625,-0.0032653809,-0.0111740455,0.5754768,7.411393e-07,-1.52335915e-05,0,0,0,1
1771685877964000,1771685877806000,0,1771685877812000,0,-488.49,0.5625,-0.018676758,-0.0118808225,0.57550585,2.4244498e-05,-1.6082446e-05,0,0,0,1
1771685878012000,1771685877858000,0,1771685877860000,0,-488.463,0.5625,-0.012145996,-0.011905802,0.5754768,1.0254121e-05,-1.55334e-05,0,0,0,1
1771685878068000,1771685877910000,0,1771685877916000,0,-488.433,0.5625,-0.0032348633,-0.011088975,0.57550585,7.273143e-07,-1.4138624e-05,0,0,0,1
1771685878116000,1771685877962000,0,1771685877964000,0,-488.406,0.5625,0.0029296875,-0.009768376,0.5754768,5.9658834e-07,-1.2750524e-05,0,0,0,1
1771685878172000,1771685878014000,0,1771685878020000,0,-488.378,0.5625,0.0134887695,-0.0075774854,0.57550585,1.264605e-05,-1.0358092e-05,0,0,0,1
1771685878220000,1771685878066000,0,1771685878068000,0,-488.341,0.5625,0.009277344,-0.0059897113,0.5754768,5.982455e-06,-8.818765e-06,0,0,0,1
1771685878276000,1771685878118000,0,1771685878124000,0,-488.292,0.5625,-0.001373291,-0.005554831,0.57550585,1.3107969e-07,-8.00036e-06,0,0,0,1
1771685878324000,1771685878170000,0,1771685878172000,0,-488.232,0.5625,-0.02822876,-0.007690781,0.5754768,5.5388005e-05,-1.2464414e-05,0,0,0,1
1771685878380000,1771685878222000,0,1771685878228000,0,-488.198,0.5625,-0.022918701,-0.009125295,0.57550585,3.6508183e-05,-1.4729407e-05,0,0,0,1
1771685878428000,1771685878274000,0,1771685878276000,0,-488.154,0.5625,-0.03326416,-0.011399247,0.5754768,7.691044e-05,-2.058704e-05,0,0,0,1
1771685878484000,1771685878326000,0,1771685878332000,0,-488.126,0.5625,-0.021820068,-0.0123809185,0.57550585,3.3091957e-05,-2.176504e-05,0,0,0,1
1771685878532000,1771685878378000,0,1771685878380000,0,-488.091,0.5625,-0.02319336,-0.013399482,0.5754768,3.7390342e-05,-2.323699e-05,0,0,0,1
1771685878588000,1771685878430000,0,1771685878436000,0,-488.05,0.5625,-0.025024414,-0.014494584,0.57550585,4.3524928e-05,-2.5148172e-05,0,0,0,1
1771685878636000,1771685878482000,0,1771685878484000,0,-488.011,0.5625,-0.030334473,-0.015986748,0.5754768,6.3959495e-05,-2.8804312e-05,0,0,0,1
1771685878692000,1771685878534000,0,1771685878540000,0,-487.991,0.5625,-0.023223877,-0.016668506,0.57550585,3.7486912e-05,-2.9622239e-05,0,0,0,1
1771685878740000,1771685878586000,0,1771685878588000,0,-487.992,0.5625,-0.0012207031,-0.015213278,0.5754768,1.0357436e-07,-2.6841495e-05,0,0,0,1
1771685878796000,1771685878638000,0,1771685878644000,0,-487.99,0.5625,0.022369385,-0.011672882,0.57550585,3.47791e-05,-2.1036656e-05,0,0,0,1
1771685878844000,1771685878690000,0,1771685878692000,0,-487.982,0.5625,0.03387451,-0.007382185,0.5754768,7.975873e-05,-1.1541438e-05,0,0,0,1
1771685878900000,1771685878742000,0,1771685878748000,0,-487.981,0.5625,0.05706787,-0.0013108025,0.57550585,0.00022635682,1.086927e-05,0,0,0,1
1771685878948000,1771685878794000,0,1771685878796000,0,-487.984,0.5625,0.07821655,0.0061809053,0.5754768,0.00042523548,4.990377e-05,0,0,0,1
1771685879004000,1771685878846000,0,1771685878852000,0,-487.978,0.5625,0.094573975,0.014507789,0.57550585,0.00062166085,0.00010376495,0,0,0,1
1771685879052000,1771685878898000,0,1771685878900000,0,-487.992,0.5625,0.12530518,0.024945226,0.5754768,0.0010913654,0.00019679978,0,0,0,1
1771685879108000,1771685878950000,0,1771685878956000,0,-488.006,0.5625,0.16003418,0.037670996,0.57550585,0.0017800644,0.00034594792,0,0,0,1
1771685879156000,1771685879002000,0,1771685879004000,0,-488.004,0.5625,0.17279053,0.050399646,0.5754768,0.0020752575,0.00050885393,0,0,0,1
1771685879212000,1771685879054000,0,1771685879060000,0,-487.997,0.5625,0.18463135,0.06304466,0.57550585,0.0023693058,0.00068411394,0,0,0,1
1771685879260000,1771685879106000,0,1771685879108000,0,-488.005,0.5625,0.20617676,0.07652812,0.5754768,0.0029546875,0.0008980086,0,0,0,1
1771685879316000,1771685879158000,0,1771685879164000,0,-487.992,0.5625,0.2107544,0.089172624,0.57550585,0.0030871911,0.001104236,0,0,0,1
1771685879364000,1771685879210000,0,1771685879212000,0,-487.995,0.5625,0.22628784,0.10208928,0.5754768,0.0035592178,0.0013355024,0,0,0,1
1771685879420000,1771685879262000,0,1771685879268000,0,-488.011,0.5625,0.25857544,0.11683073,0.57550585,0.0046471297,0.0016474673,0,0,0,1
1771685879468000,1771685879314000,0,1771685879316000,0,-488.019,0.5625,0.2774048,0.13195728,0.5754768,0.005348845,0.001996148,0,0,0,1
1771685879524000,1771685879366000,0,1771685879372000,0,-488.023,0.5625,0.29574585,0.14738664,0.57550585,0.0060792156,0.0023807848,0,0,0,1
1771685879572000,1771685879418000,0,1771685879420000,0,-488.006,0.5625,0.28811646,0.1606438,0.5754768,0.0057698996,0.0027000492,0,0,0,1
1771685879628000,1771685879470000,0,1771685879476000,0,-488.002,0.5625,0.2977295,0.17355767,0.57550585,0.0061610388,0.0030260845,0,0,0,1
1771685879676000,1771685879522000,0,1771685879524000,0,-487.99,0.5625,0.29458618,0.1849589,0.5754768,0.0060319384,0.0033092448,0,0,0,1
1771685879732000,1771685879574000,0,1771685879580000,0,-488.004,0.5625,0.32125854,0.19779873,0.57550585,0.00717331,0.003673251,0,0,0,1
1771685879780000,1771685879626000,0,1771685879628000,0,-488.001,0.5625,0.3260193,0.20987748,0.5754768,0.007387861,0.004023178,0,0,0,1
1771685879836000,1771685879678000,0,1771685879684000,0,-487.997,0.5625,0.33340454,0.22151409,0.57550585,0.007725974,0.0043719923,0,0,0,1
1771685879884000,1771685879730000,0,1771685879732000,0,-488.008,0.5625,0.3513794,0.23374778,0.5754768,0.008581925,0.00476858,0,0,0,1
1771685879940000,1771685879782000,0,1771685879788000,0,-488.006,0.5625,0.35964966,0.2456081,0.57550585,0.008990204,0.0051662694,0,0,0,1
1771685879988000,1771685879834000,0,1771685879836000,0,-488.0,0.5625,0.35964966,0.25635114,0.5754768,0.0089906575,0.005526538,0,0,0,1
1771685880044000,1771685879886000,0,1771685879892000,0,-488.001,0.5625,0.37002563,0.26705962,0.57550585,0.009516426,0.005902397,0,0,0,1
1771685880092000,1771685879938000,0,1771685879940000,0,-487.996,0.5625,0.37008667,0.27676508,0.5754768,0.0095200455,0.00624319,0,0,0,1
1771685880148000,1771685879990000,0,1771685879996000,0,-487.998,0.5625,0.38052368,0.28653944,0.57550585,0.01006407,0.006603128,0,0,0,1
1771685880196000,1771685880042000,0,1771685880044000,0,-487.994,0.5625,0.38098145,0.29543614,0.5754768,0.010088807,0.006931489,0,0,0,1
1771685880252000,1771685880094000,0,1771685880100000,0,-487.997,0.5625,0.39163208,0.30449808,0.57550585,0.010660234,0.0072827474,0,0,0,1
1771685880300000,1771685880146000,0,1771685880148000,0,-487.99,0.5625,0.38824463,0.31238726,0.5754768,0.010477147,0.0075836694,0,0,0,1
1771685880356000,1771685880198000,0,1771685880204000,0,-487.993,0.5625,0.3981018,0.3204618,0.57550585,0.0110153565,0.0079069445,0,0,0,1
1771685880404000,1771685880250000,0,1771685880252000,0,-487.995,0.5625,0.40307617,0.32824433,0.5754768,0.011292923,0.008225913,0,0,0,1
1771685880460000,1771685880302000,0,1771685880308000,0,-488.004,0.5625,0.4180603,0.33670527,0.57550585,0.012147534,0.008595341,0,0,0,1
1771685880508000,1771685880354000,0,1771685880356000,0,-488.012,0.5625,0.42825317,0.34532934,0.5754768,0.012747744,0.008986509,0,0,0,1
1771685880564000,1771685880406000,0,1771685880412000,0,-488.003,0.5625,0.42410278,0.35275003,0.57550585,0.012501222,0.009317606,0,0,0,1
1771685880612000,1771685880458000,0,1771685880460000,0,-488.0,0.5625,0.42260742,0.3593308,0.5754768,0.012413847,0.009609281,0,0,0,1
1771685880668000,1771685880510000,0,1771685880516000,0,-487.994,0.5625,0.42095947,0.3651364,0.57550585,0.012316599,0.009864318,0,0,0,1
1771685880716000,1771685880562000,0,1771685880564000,0,-488.012,0.5625,0.44003296,0.37219188,0.5754768,0.013458683,0.010202918,0,0,0,1
1771685880772000,1771685880614000,0,1771685880620000,0,-488.016,0.5625,0.4472046,0.3792583,0.57550585,0.013900254,0.010551218,0,0,0,1
1771685880820000,1771685880666000,0,1771685880668000,0,-488.01,0.5625,0.44119263,0.3850927,0.5754768,0.013529714,0.010831801,0,0,0,1
1771685880876000,1771685880718000,0,1771685880724000,0,-487.996,0.5625,0.42980957,0.38930517,0.57550585,0.012839923,0.011020972,0,0,0,1
1771685880924000,1771685880770000,0,1771685880772000,0,-487.997,0.5625,0.4307251,0.39320704,0.5754768,0.012895331,0.011197543,0,0,0,1
1771685880980000,1771685880822000,0,1771685880828000,0,-487.996,0.5625,0.43206787,0.39686784,0.57550585,0.012975204,0.011365004,0,0,0,1
1771685881028000,1771685880874000,0,1771685880876000,0,-488.008,0.5625,0.44360352,0.40127048,0.5754768,0.0136779845,0.011582893,0,0,0,1
1771685881084000,1771685880926000,0,1771685880932000,0,-488.006,0.5625,0.44317627,0.40521812,0.57550585,0.013650961,0.011777711,0,0,0,1
1771685881132000,1771685880978000,0,1771685880980000,0,-488.003,0.5625,0.43893433,0.40839428,0.5754768,0.013391562,0.01192974,0,0,0,1
1771685881188000,1771685881030000,0,1771685881036000,0,-488.004,0.5625,0.4411621,0.4114811,0.57550585,0.0135271605,0.012080221,0,0,0,1
1771685881236000,1771685881082000,0,1771685881084000,0,-488.005,0.5625,0.44067383,0.41423115,0.5754768,0.013497914,0.012213772,0,0,0,1
1771685881292000,1771685881134000,0,1771685881140000,0,-488.013,0.5625,0.4492798,0.41753283,0.57550585,0.014029558,0.012384824,0,0,0,1
1771685881340000,1771685881186000,0,1771685881188000,0,-488.007,0.5625,0.44119263,0.41976166,0.5754768,0.013529714,0.012492676,0,0,0,1
1771685881396000,1771685881238000,0,1771685881244000,0,-487.996,0.5625,0.4302063,0.42074558,0.57550585,0.012863637,0.012527622,0,0,0,1
1771685881444000,1771685881290000,0,1771685881292000,0,-488.002,0.5625,0.4340515,0.42199904,0.5754768,0.013095277,0.012581097,0,0,0,1
1771685881500000,1771685881342000,0,1771685881348000,0,-487.998,0.5625,0.42977905,0.42273194,0.57550585,0.012838099,0.012605308,0,0,0,1
1771685881548000,1771685881394000,0,1771685881396000,0,-488.001,0.5625,0.43032837,0.42344755,0.5754768,0.012871588,0.012630392,0,0,0,1
1771685881604000,1771685881446000,0,1771685881452000,0,-488.001,0.5625,0.42962646,0.42402962,0.57550585,0.012828984,0.0126491,0,0,0,1
1771685881652000,1771685881498000,0,1771685881500000,0,-487.998,0.5625,0.42382812,0.42401063,0.5754769,0.012485664,0.012633705,0,0,0,1
1771685881708000,1771685881550000,0,1771685881556000,0,-488.0,0.5625,0.4248352,0.4240883,0.5755059,0.012544438,0.012625296,0,0,0,1
1771685881756000,1771685881602000,0,1771685881604000,0,-488.01,0.5625,0.43185425,0.4248199,0.5754769,0.01296303,0.0126571115,0,0,0,1
1771685881812000,1771685881654000,0,1771685881660000,0,-487.993,0.5625,0.413208,0.42372602,0.5755059,0.011867183,0.012582698,0,0,0,1
1771685881860000,1771685881706000,0,1771685881708000,0,-487.989,0.5625,0.40615845,0.4220711,0.5754769,0.011466295,0.012477529,0,0,0,1
1771685881916000,1771685881758000,0,1771685881764000,0,-487.991,0.5625,0.40664673,0.4206181,0.5755059,0.011493301,0.012384812,0,0,0,1
1771685881964000,1771685881810000,0,1771685881812000,0,-487.997,0.5625,0.4093933,0.41956067,0.5754769,0.011649669,0.01231556,0,0,0,1
1771685882020000,1771685881862000,0,1771685881868000,0,-487.998,0.5625,0.40841675,0.41851088,0.5755059,0.011593573,0.012247547,0,0,0,1
1771685882068000,1771685881914000,0,1771685881916000,0,-487.995,0.5625,0.40179443,0.41693616,0.5754769,0.011221216,0.012150863,0,0,0,1
1771685882124000,1771685881966000,0,1771685881972000,0,-487.991,0.5625,0.39569092,0.41493478,0.5755059,0.010882342,0.012031365,0,0,0,1
1771685882172000,1771685882018000,0,1771685882020000,0,-488.0,0.5625,0.40109253,0.4136308,0.5754769,0.011182046,0.011951357,0,0,0,1
1771685882228000,1771685882070000,0,1771685882076000,0,-488.001,0.5625,0.39956665,0.41230592,0.5755059,0.011096568,0.011870833,0,0,0,1
1771685882276000,1771685882122000,0,1771685882124000,0,-488.01,0.5625,0.40457153,0.4115773,0.5754769,0.011376869,0.0118243005,0,0,0,1
1771685882332000,1771685882174000,0,1771685882180000,0,-488.014,0.5625,0.4055481,0.41100934,0.5755059,0.011431282,0.011787277,0,0,0,1
1771685882380000,1771685882226000,0,1771685882228000,0,-488.007,0.5625,0.3940735,0.40941393,0.5754769,0.010794102,0.011693717,0,0,0,1
1771685882436000,1771685882278000,0,1771685882284000,0,-487.999,0.5625,0.38302612,0.40692812,0.5755059,0.010196873,0.01155271,0,0,0,1
1771685882484000,1771685882330000,0,1771685882332000,0,-488.007,0.5625,0.38687134,0.4050387,0.5754769,0.010403159,0.011444419,0,0,0,1
1771685882540000,1771685882382000,0,1771685882388000,0,-488.002,0.5625,0.37875366,0.4025626,0.5755059,0.00997066,0.011305586,0,0,0,1
1771685882588000,1771685882434000,0,1771685882436000,0,-488.006,0.5625,0.37841797,0.4002881,0.5754769,0.009953495,0.011178216,0,0,0,1
1771685882644000,1771685882486000,0,1771685882492000,0,-488.011,0.5625,0.37994385,0.3983716,0.5755059,0.010033421,0.011070373,0,0,0,1
1771685882692000,1771685882538000,0,1771685882540000,0,-488.002,0.5625,0.36639404,0.39535922,0.5754769,0.009331016,0.01090652,0,0,0,1
1771685882748000,1771685882590000,0,1771685882596000,0,-488.0,0.5625,0.36099243,0.39212176,0.5755059,0.00905746,0.010732333,0,0,0,1
1771685882796000,1771685882642000,0,1771685882644000,0,-487.998,0.5625,0.3545227,0.38857982,0.5754769,0.008736153,0.010544287,0,0,0,1
1771685882852000,1771685882694000,0,1771685882700000,0,-488.002,0.5625,0.3552246,0.38543767,0.5755059,0.008770337,0.010377176,0,0,0,1
1771685882900000,1771685882746000,0,1771685882748000,0,-488.002,0.5625,0.35064697,0.38216028,0.5754769,0.008546185,0.010204691,0,0,0,1
1771685882956000,1771685882798000,0,1771685882804000,0,-488.001,0.5625,0.3460083,0.37875465,0.5755059,0.008321147,0.010027256,0,0,0,1
1771685883004000,1771685882850000,0,1771685882852000,0,-487.997,0.5625,0.33743286,0.37486202,0.5754769,0.007914197,0.0098282,0,0,0,1
1771685883060000,1771685882902000,0,1771685882908000,0,-487.987,0.5625,0.32385254,0.37005678,0.5755059,0.0072896187,0.009589058,0,0,0,1
1771685883108000,1771685882954000,0,1771685882956000,0,-488.0,0.5625,0.33255005,0.36652353,0.5754769,0.00768681,0.009409861,0,0,0,1
1771685883164000,1771685883006000,0,1771685883012000,0,-487.985,0.5625,0.31381226,0.361558,0.5755059,0.0068446305,0.009168209,0,0,0,1
1771685883212000,1771685883058000,0,1771685883060000,0,-487.987,0.5625,0.31155396,0.35684747,0.5754769,0.0067468127,0.008940106,0,0,0,1
1771685883268000,1771685883110000,0,1771685883116000,0,-488.007,0.5625,0.32800293,0.35413024,0.5755059,0.007477659,0.008802339,0,0,0,1
1771685883316000,1771685883162000,0,1771685883164000,0,-487.994,0.5625,0.31021118,0.34999293,0.5754769,0.0066887815,0.008603236,0,0,0,1
1771685883372000,1771685883214000,0,1771685883220000,0,-487.997,0.5625,0.30944824,0.3461735,0.5755059,0.006655585,0.008419761,0,0,0,1
1771685883420000,1771685883266000,0,1771685883268000,0,-488.011,0.5625,0.31881714,0.34359646,0.5754769,0.007065053,0.008292144,0,0,0,1
1771685883476000,1771685883318000,0,1771685883324000,0,-487.992,0.5625,0.29559326,0.33907443,0.5755059,0.0060729436,0.008083089,0,0,0,1
1771685883524000,1771685883370000,0,1771685883372000,0,-487.991,0.5625,0.2901001,0.3344609,0.5754769,0.0058496227,0.00787269,0,0,0,1
1771685883580000,1771685883422000,0,1771685883428000,0,-487.998,0.5625,0.29318237,0.33057237,0.5755059,0.005974285,0.007693855,0,0,0,1
1771685883628000,1771685883474000,0,1771685883476000,0,-487.998,0.5625,0.28851318,0.32661027,0.5754769,0.0057858,0.0075141108,0,0,0,1
1771685883684000,1771685883526000,0,1771685883532000,0,-487.999,0.5625,0.28536987,0.3227253,0.5755059,0.0056601306,0.0073394603,0,0,0,1
1771685883732000,1771685883578000,0,1771685883580000,0,-487.982,0.5625,0.26379395,0.31717378,0.5754769,0.0048368406,0.0071037062,0,0,0,1
1771685883788000,1771685883630000,0,1771685883636000,0,-487.983,0.5625,0.26098633,0.31188077,0.5755059,0.00473419,0.006880491,0,0,0,1
1771685883836000,1771685883682000,0,1771685883684000,0,-487.983,0.5625,0.25674438,0.30668676,0.5754769,0.004581778,0.0066639455,0,0,0,1
1771685883892000,1771685883734000,0,1771685883740000,0,-487.99,0.5625,0.25985718,0.30227527,0.5755059,0.0046933144,0.0064783064,0,0,0,1
1771685883940000,1771685883786000,0,1771685883788000,0,-487.995,0.5625,0.26052856,0.29834262,0.5754769,0.0047178357,0.006312465,0,0,0,1
1771685883996000,1771685883838000,0,1771685883844000,0,-487.995,0.5625,0.2564392,0.29439518,0.5755059,0.0045706616,0.006148382,0,0,0,1
1771685884044000,1771685883890000,0,1771685883892000,0,-487.993,0.5625,0.24993896,0.29020727,0.5754769,0.0043421024,0.0059782253,0,0,0,1
1771685884100000,1771685883942000,0,1771685883948000,0,-488.004,0.5625,0.2567749,0.28705785,0.5755059,0.0045826356,0.0058467565,0,0,0,1
