timestamp,timestamp_sample,pub_timestamp,position_drift_rate_horizontal_m_s,position_drift_rate_vertical_m_s,filtered_horizontal_speed_m_s,publisher_id,checks_passed,check_fail_gps_fix,check_fail_min_sat_count,check_fail_max_pdop,check_fail_max_horz_err,check_fail_max_vert_err,check_fail_max_spd_err,check_fail_max_horz_drift,check_fail_max_vert_drift,check_fail_max_horz_spd_err,check_fail_max_vert_spd_err,check_fail_spoofed_gps
1771685725396000,1771685725238000,1771685725396000,0.0005197711,0.001346018,0.0,160,1,0,0,0,0,0,0,0,0,0,0,0
1771685725444000,1771685725290000,1771685725444000,0.0005197711,0.001346018,0.0,160,1,0,0,0,0,0,0,0,0,0,0,0
1771685725500000,1771685725342000,1771685725500000,0.0005197711,0.001346018,0.0,160,1,0,0,0,0,0,0,0,0,0,0,0
1771685725548000,1771685725394000,1771685725548000,0.0005197711,0.001346018,0.0,160,1,0,0,0,0,0,0,0,0,0,0,0
1771685725604000,1771685725446000,1771685725604000,0.0005197711,0.001346018,0.0,160,1,0,0,0,0,0,0,0,0,0,0,0
1771685725652000,1771685725498000,1771685725652000,0.0005197711,0.001346018,0.0,160,1,0,0,0,0,0,0,0,0,0,0,0
1771685725708000,1771685725550000,1771685725708000,0.0005197711,0.001346018,0.0,160,1,0,0,0,0,0,0,0,0,0,0,0
1771685725756000,1771685725602000,1771685725756000,0.0005197711,0.001346018,0.0,160,1,0,0,0,0,0,0,0,0,0,0,0
1771685725812000,1771685725654000,1771685725812000,0.0005197711,0.001346018,0.0,160,1,0,0,0,0,0,0,0,0,0,0,0
1771685725860000,1771685725706000,1771685725860000,0.0005197711,0.001346018,0.0,160,1,0,0,0,0,0,0,0,0,0,0,0
1771685725916000,1771685725758000,1771685725916000,0.0005197711,0.001346018,0.0,160,1,0,0,0,0,0,0,0,0,0,0,0
1771685725964000,1771685725810000,1771685725964000,0.0005197711,0.001346018,0.0,160,1,0,0,0,0,0,0,0,0,0,0,0
1771685726020000,1771685725862000,1771685726020000,0.0005197711,0.001346018,0.0,160,1,0,0,0,0,0,0,0,0,0,0,0
1771685726068000,1771685725914000,1771685726068000,0.0005197711,0.001346018,0.0,160,1,0,0,0,0,0,0,0,0,0,0,0
1771685726124000,1771685725966000,1771685726124000,0.0005197711,0.001346018,0.0,160,1,0,0,0,0,0,0,0,0,0,0,0
1771685726172000,1771685726018000,1771685726172000,0.0005197711,0.001346018,0.0,160,1,0,0,0,0,0,0,0,0,0,0,0
1771685726228000,1771685726070000,1771685726228000,0.0005197711,0.001346018,0.0,160,1,0,0,0,0,0,0,0,0,0,0,0
1771685726276000,1771685726122000,1771685726276000,0.0005197711,0.001346018,0.0,160,1,0,0,0,0,0,0,0,0,0,0,0
1771685726332000,1771685726174000,1771685726332000,0.0005197711,0.001346018,0.0,160,1,0,0,0,0,0,0,0,0,0,0,0
1771685726380000,1771685726226000,1771685726380000,0.0005197711,0.001346018,0.0,160,1,0,0,0,0,0,0,0,0,0,0,0
1771685726436000,1771685726278000,1771685726436000,0.0005197711,0.001346018,0.0,160,1,0,0,0,0,0,0,0,0,0,0,0
1771685726484000,1771685726330000,1771685726484000,0.0005197711,0.001346018,0.0,160,1,0,0,0,0,0,0,0,0,0,0,0
1771685726540000,1771685726382000,1771685726540000,0.0005197711,0.001346018,0.0,160,1,0,0,0,0,0,0,0,0,0,0,0
1771685726588000,1771685726434000,1771685726588000,0.0005197711,0.001346018,0.0,160,1,0,0,0,0,0,0,0,0,0,0,0
1771685726644000,1771685726486000,1771685726644000,0.0005197711,0.001346018,0.0,160,1,0,0,0,0,0,0,0,0,0,0,0
1771685726692000,1771685726538000,1771685726692000,0.0005197711,0.001346018,0.0,160,1,0,0,0,0,0,0,0,0,0,0,0
1771685726748000,1771685726590000,1771685726748000,0.0005197711,0.001346018,0.0,160,1,0,0,0,0,0,0,0,0,0,0,0
1771685726796000,1771685726642000,1771685726796000,0.0005197711,0.001346018,0.0,160,1,0,0,0,0,0,0,0,0,0,0,0
1771685726852000,1771685726694000,1771685726852000,0.0005197711,0.001346018,0.0,160,1,0,0,0,0,0,0,0,0,0,0,0
1771685726900000,1771685726746000,1771685726900000,0.0005197711,0.001346018,0.0,160,1,0,0,0,0,0,0,0,0,0,0,0
1771685726956000,1771685726798000,1771685726956000,0.0005197711,0.001346018,0.0,160,1,0,0,0,0,0,0,0,0,0,0,0
1771685727004000,1771685726850000,1771685727004000,0.0005197711,0.001346018,0.0,160,1,0,0,0,0,0,0,0,0,0,0,0
1771685727060000,1771685726902000,1771685727060000,0.0005197711,0.001346018,0.0,160,1,0,0,0,0,0,0,0,0,0,0,0
1771685727108000,1771685726954000,1771685727108000,0.0005197711,0.001346018,0.0,160,1,0,0,0,0,0,0,0,0,0,0,0
1771685727164000,1771685727006000,1771685727164000,0.0005197711,0.001346018,0.0,160,1,0,0,0,0,0,0,0,0,0,0,0
1771685727212000,1771685727058000,1771685727212000,0.0005197711,0.001346018,0.0,160,1,0,0,0,0,0,0,0,0,0,0,0
1771685727268000,1771685727110000,1771685727268000,0.0005197711,0.001346018,0.0,160,1,0,0,0,0,0,0,0,0,0,0,0
1771685727316000,1771685727162000,1771685727316000,0.0005197711,0.001346018,0.0,160,1,0,0,0,0,0,0,0,0,0,0,0
1771685727372000,1771685727214000,1771685727372000,0.0005197711,0.001346018,0.0,160,1,0,0,0,0,0,0,0,0,0,0,0
1771685727420000,1771685727266000,1771685727420000,0.0005197711,0.001346018,0.0,160,1,0,0,0,0,0,0,0,0,0,0,0
1771685727476000,1771685727318000,1771685727476000,0.0005197711,0.001346018,0.0,160,1,0,0,0,0,0,0,0,0,0,0,0
1771685727524000,1771685727370000,1771685727524000,0.0005197711,0.001346018,0.0,160,1,0,0,0,0,0,0,0,0,0,0,0
1771685727580000,1771685727422000,1771685727580000,0.0005197711,0.001346018,0.0,160,1,0,0,0,0,0,0,0,0,0,0,0
1771685727628000,1771685727474000,1771685727628000,0.0005197711,0.001346018,0.0,160,1,0,0,0,0,0,0,0,0,0,0,0
1771685727684000,1771685727526000,1771685727684000,0.0005197711,0.001346018,0.0,160,1,0,0,0,0,0,0,0,0,0,0,0
1771685727732000,1771685727578000,1771685727732000,0.0005197711,0.001346018,0.0,160,1,0,0,0,0,0,0,0,0,0,0,0
1771685727788000,1771685727630000,1771685727788000,0.0005197711,0.001346018,0.0,160,1,0,0,0,0,0,0,0,0,0,0,0
1771685727836000,1771685727682000,1771685727836000,0.0005197711,0.001346018,0.0,160,1,0,0,0,0,0,0,0,0,0,0,0
1771685727892000,1771685727734000,1771685727892000,0.0005197711,0.001346018,0.0,160,1,0,0,0,0,0,0,0,0,0,0,0
1771685727940000,1771685727786000,1771685727940000,0.0005197711,0.001346018,0.0,160,1,0,0,0,0,0,0,0,0,0,0,0
1771685727996000,1771685727838000,1771685727996000,0.0005197711,0.001346018,0.0,160,1,0,0,0,0,0,0,0,0,0,0,0
1771685728044000,1771685727890000,1771685728044000,0.0005197711,0.001346018,0.0,160,1,0,0,0,0,0,0,0,0,0,0,0
1771685728100000,1771685727942000,1771685728100000,0.0005197711,0.001346018,0.0,160,1,0,0,0,0,0,0,0,0,0,0,0
1771685728148000,1771685727994000,1771685728148000,0.0005197711,0.001346018,0.0,160,1,0,0,0,0,0,0,0,0,0,0,0
1771685728204000,1771685728046000,1771685728204000,0.0005197711,0.001346018,0.0,160,1,0,0,0,0,0,0,0,0,0,0,0
1771685728252000,1771685728098000,1771685728252000,0.0005197711,0.001346018,0.0,160,1,0,0,0,0,0,0,0,0,0,0,0
1771685728308000,1771685728150000,1771685728308000,0.0005197711,0.001346018,0.0,160,1,0,0,0,0,0,0,0,0,0,0,0
1771685728356000,1771685728202000,1771685728356000,0.0005197711,0.001346018,0.0,160,1,0,0,0,0,0,0,0,0,0,0,0
1771685728412000,1771685728254000,1771685728412000,0.0005197711,0.001346018,0.0,160,1,0,0,0,0,0,0,0,0,0,0,0
1771685728460000,1771685728306000,1771685728460000,0.0005197711,0.001346018,0.0,160,1,0,0,0,0,0,0,0,0,0,0,0
1771685728516000,1771685728358000,1771685728516000,0.0005197711,0.001346018,0.0,160,1,0,0,0,0,0,0,0,0,0,0,0
1771685728564000,1771685728410000,1771685728564000,0.0005197711,0.001346018,0.0,160,1,0,0,0,0,0,0,0,0,0,0,0
1771685728620000,1771685728462000,1771685728620000,0.0005197711,0.001346018,0.0,160,1,0,0,0,0,0,0,0,0,0,0,0
1771685728668000,1771685728514000,1771685728668000,0.0005197711,0.001346018,0.0,160,1,0,0,0,0,0,0,0,0,0,0,0
1771685728724000,1771685728566000,1771685728724000,0.0005197711,0.001346018,0.0,160,1,0,0,0,0,0,0,0,0,0,0,0
1771685728772000,1771685728618000,1771685728772000,0.0005197711,0.001346018,0.0,160,1,0,0,0,0,0,0,0,0,0,0,0
1771685728828000,1771685728670000,1771685728828000,0.0005197711,0.001346018,0.0,160,1,0,0,0,0,0,0,0,0,0,0,0
1771685728876000,1771685728722000,1771685728876000,0.0005197711,0.001346018,0.0,160,1,0,0,0,0,0,0,0,0,0,0,0
1771685728932000,1771685728774000,1771685728932000,0.0005197711,0.001346018,0.0,160,1,0,0,0,0,0,0,0,0,0,0,0
1771685728980000,1771685728826000,1771685728980000,0.0005197711,0.001346018,0.0,160,1,0,0,0,0,0,0,0,0,0,0,0
1771685729036000,1771685728878000,1771685729036000,0.0005197711,0.001346018,0.0,160,1,0,0,0,0,0,0,0,0,0,0,0
1771685729084000,1771685728930000,1771685729084000,0.0005197711,0.001346018,0.0,160,1,0,0,0,0,0,0,0,0,0,0,0
1771685729140000,1771685728982000,1771685729140000,0.0005197711,0.001346018,0.0,160,1,0,0,0,0,0,0,0,0,0,0,0
1771685729188000,1771685729034000,1771685729188000,0.0005197711,0.001346018,0.0,160,1,0,0,0,0,0,0,0,0,0,0,0
1771685729244000,1771685729086000,1771685729244000,0.0005197711,0.001346018,0.0,160,1,0,0,0,0,0,0,0,0,0,0,0
1771685729292000,1771685729138000,1771685729292000,0.0005197711,0.001346018,0.0,160,1,0,0,0,0,0,0,0,0,0,0,0
1771685729348000,1771685729190000,1771685729348000,0.0005197711,0.001346018,0.0,160,1,0,0,0,0,0,0,0,0,0,0,0
1771685729396000,1771685729242000,1771685729396000,0.0005197711,0.001346018,0.0,160,1,0,0,0,0,0,0,0,0,0,0,0
1771685729452000,1771685729294000,1771685729452000,0.0005197711,0.001346018,0.0,160,1,0,0,0,0,0,0,0,0,0,0,0
1771685729500000,1771685729346000,1771685729500000,0.0005197711,0.001346018,0.0,160,1,0,0,0,0,0,0,0,0,0,0,0
1771685729556000,1771685729398000,1771685729556000,0.0005197711,0.001346018,0.0,160,1,0,0,0,0,0,0,0,0,0,0,0
1771685729604000,1771685729450000,1771685729604000,0.0005197711,0.001346018,0.0,160,1,0,0,0,0,0,0,0,0,0,0,0
1771685729660000,1771685729502000,1771685729660000,0.0005197711,0.001346018,0.0,160,1,0,0,0,0,0,0,0,0,0,0,0
1771685729708000,1771685729554000,1771685729708000,0.0005197711,0.001346018,0.0,160,1,0,0,0,0,0,0,0,0,0,0,0
1771685729764000,1771685729606000,1771685729764000,0.0005197711,0.001346018,0.0,160,1,0,0,0,0,0,0,0,0,0,0,0
1771685729812000,1771685729658000,1771685729812000,0.0005197711,0.001346018,0.0,160,1,0,0,0,0,0,0,0,0,0,0,0
1771685729868000,1771685729710000,1771685729868000,0.0005197711,0.001346018,0.0,160,1,0,0,0,0,0,0,0,0,0,0,0
1771685729916000,1771685729762000,1771685729916000,0.0005197711,0.001346018,0.0,160,1,0,0,0,0,0,0,0,0,0,0,0
1771685729972000,1771685729814000,1771685729972000,0.0005197711,0.001346018,0.0,160,1,0,0,0,0,0,0,0,0,0,0,0
1771685730020000,1771685729866000,1771685730020000,0.0005197711,0.001346018,0.0,160,1,0,0,0,0,0,0,0,0,0,0,0
1771685730076000,1771685729918000,1771685730076000,0.0005197711,0.001346018,0.0,160,1,0,0,0,0,0,0,0,0,0,0,0
1771685730124000,1771685729970000,1771685730124000,0.0005197711,0.001346018,0.0,160,1,0,0,0,0,0,0,0,0,0,0,0
1771685730180000,1771685730022000,1771685730180000,0.0005197711,0.001346018,0.0,160,1,0,0,0,0,0,0,0,0,0,0,0
1771685730228000,1771685730074000,1771685730228000,0.0005197711,0.001346018,0.0,160,1,0,0,0,0,0,0,0,0,0,0,0
1771685730284000,1771685730126000,1771685730284000,0.0005197711,0.001346018,0.0,160,1,0,0,0,0,0,0,0,0,0,0,0
1771685730332000,1771685730178000,1771685730332000,0.0005197711,0.001346018,0.0,160,1,0,0,0,0,0,0,0,0,0,0,0
1771685730388000,1771685730230000,1771685730388000,0.0005197711,0.001346018,0.0,160,1,0,0,0,0,0,0,0,0,0,0,0
1771685730436000,1771685730282000,1771685730436000,0.0005197711,0.001346018,0.0,160,1,0,0,0,0,0,0,0,0,0,0,0
1771685730492000,1771685730334000,1771685730492000,0.0005197711,0.001346018,0.0,160,1,0,0,0,0,0,0,0,0,0,0,0
1771685730540000,1771685730386000,1771685730540000,0.0005197711,0.001346018,0.0,160,1,0,0,0,0,0,0,0,0,0,0,0
1771685730596000,1771685730438000,1771685730596000,0.0005197711,0.001346018,0.0,160,1,0,0,0,0,0,0,0,0,0,0,0
1771685730644000,1771685730490000,1771685730644000,0.0005197711,0.001346018,0.0,160,1,0,0,0,0,0,0,0,0,0,0,0
1771685730700000,1771685730542000,1771685730700000,0.0005197711,0.001346018,0.0,160,1,0,0,0,0,0,0,0,0,0,0,0
1771685730748000,1771685730594000,1771685730748000,0.0005197711,0.001346018,0.0,160,1,0,0,0,0,0,0,0,0,0,0,0
1771685730804000,1771685730646000,1771685730804000,0.0005197711,0.001346018,0.0,160,1,0,0,0,0,0,0,0,0,0,0,0
1771685730852000,1771685730698000,1771685730852000,0.0005197711,0.001346018,0.0,160,1,0,0,0,0,0,0,0,0,0,0,0
1771685730908000,1771685730750000,1771685730908000,0.0005197711,0.001346018,0.0,160,1,0,0,0,0,0,0,0,0,0,0,0
1771685730956000,1771685730802000,1771685730956000,0.0005197711,0.001346018,0.0,160,1,0,0,0,0,0,0,0,0,0,0,0
1771685731012000,1771685730854000,1771685731012000,0.0005197711,0.001346018,0.0,160,1,0,0,0,0,0,0,0,0,0,0,0
1771685731060000,1771685730906000,1771685731060000,0.0005197711,0.001346018,0.0,160,1,0,0,0,0,0,0,0,0,0,0,0
1771685731116000,1771685730958000,1771685731116000,0.0005197711,0.001346018,0.0,160,1,0,0,0,0,0,0,0,0,0,0,0
1771685731164000,1771685731010000,1771685731164000,0.0005197711,0.001346018,0.0,160,1,0,0,0,0,0,0,0,0,0,0,0
1771685731220000,1771685731062000,1771685731220000,0.0005197711,0.001346018,0.0,160,1,0,0,0,0,0,0,0,0,0,0,0
1771685731268000,1771685731114000,1771685731268000,0.0005197711,0.001346018,0.0,160,1,0,0,0,0,0,0,0,0,0,0,0
1771685731324000,1771685731166000,1771685731324000,0.0005197711,0.001346018,0.0,160,1,0,0,0,0,0,0,0,0,0,0,0
1771685731372000,1771685731218000,1771685731372000,0.0005197711,0.001346018,0.0,160,1,0,0,0,0,0,0,0,0,0,0,0
1771685731428000,1771685731270000,1771685731428000,0.0005197711,0.001346018,0.0,160,1,0,0,0,0,0,0,0,0,0,0,0
1771685731476000,1771685731322000,1771685731476000,0.0005197711,0.001346018,0.0,160,1,0,0,0,0,0,0,0,0,0,0,0
1771685731532000,1771685731374000,1771685731532000,0.0005197711,0.001346018,0.0,160,1,0,0,0,0,0,0,0,0,0,0,0
1771685731580000,1771685731426000,1771685731580000,0.0005197711,0.001346018,0.0,160,1,0,0,0,0,0,0,0,0,0,0,0
1771685731636000,1771685731478000,1771685731636000,0.0005197711,0.001346018,0.0,160,1,0,0,0,0,0,0,0,0,0,0,0
1771685731684000,1771685731530000,1771685731684000,0.0005197711,0.001346018,0.0,160,1,0,0,0,0,0,0,0,0,0,0,0
1771685731740000,1771685731582000,1771685731740000,0.0005197711,0.001346018,0.0,160,1,0,0,0,0,0,0,0,0,0,0,0
1771685731788000,1771685731634000,1771685731788000,0.0005197711,0.001346018,0.0,160,1,0,0,0,0,0,0,0,0,0,0,0
1771685731844000,1771685731686000,1771685731844000,0.0005197711,0.001346018,0.0,160,1,0,0,0,0,0,0,0,0,0,0,0
1771685731892000,1771685731738000,1771685731892000,0.0005197711,0.001346018,0.0,160,1,0,0,0,0,0,0,0,0,0,0,0
1771685731948000,1771685731790000,1771685731948000,0.0005197711,0.001346018,0.0,160,1,0,0,0,0,0,0,0,0,0,0,0
1771685731996000,1771685731842000,1771685731996000,0.0005197711,0.001346018,0.0,160,1,0,0,0,0,0,0,0,0,0,0,0
1771685732052000,1771685731894000,1771685732052000,0.0005197711,0.001346018,0.0,160,1,0,0,0,0,0,0,0,0,0,0,0
1771685732100000,1771685731946000,1771685732100000,0.0005197711,0.001346018,0.0,160,1,0,0,0,0,0,0,0,0,0,0,0
1771685732156000,1771685731998000,1771685732156000,0.0005197711,0.001346018,0.0,160,1,0,0,0,0,0,0,0,0,0,0,0
1771685732204000,1771685732050000,1771685732204000,0.0005197711,0.001346018,0.0,160,1,0,0,0,0,0,0,0,0,0,0,0
1771685732260000,1771685732102000,1771685732260000,0.0005197711,0.001346018,0.0,160,1,0,0,0,0,0,0,0,0,0,0,0
1771685732308000,1771685732154000,1771685732308000,0.0005197711,0.001346018,0.0,160,1,0,0,0,0,0,0,0,0,0,0,0
1771685732364000,1771685732206000,1771685732364000,0.0005197711,0.001346018,0.0,160,1,0,0,0,0,0,0,0,0,0,0,0
1771685732412000,1771685732258000,1771685732412000,0.0005197711,0.001346018,0.0,160,1,0,0,0,0,0,0,0,0,0,0,0
1771685732468000,1771685732310000,1771685732468000,0.0005197711,0.001346018,0.0,160,1,0,0,0,0,0,0,0,0,0,0,0
1771685732516000,1771685732362000,1771685732516000,0.0005197711,0.001346018,0.0,160,1,0,0,0,0,0,0,0,0,0,0,0
1771685732572000,1771685732414000,1771685732572000,0.0005197711,0.001346018,0.0,160,1,0,0,0,0,0,0,0,0,0,0,0
1771685732620000,1771685732466000,1771685732620000,0.0005197711,0.001346018,0.0,160,1,0,0,0,0,0,0,0,0,0,0,0
1771685732676000,1771685732518000,1771685732676000,0.0005197711,0.001346018,0.0,160,1,0,0,0,0,0,0,0,0,0,0,0
1771685732724000,1771685732570000,1771685732724000,0.0005197711,0.001346018,0.0,160,1,0,0,0,0,0,0,0,0,0,0,0
1771685732780000,1771685732622000,1771685732780000,0.0005197711,0.001346018,0.0,160,1,0,0,0,0,0,0,0,0,0,0,0
1771685732828000,1771685732674000,1771685732828000,0.0005197711,0.001346018,0.0,160,1,0,0,0,0,0,0,0,0,0,0,0
1771685732884000,1771685732726000,1771685732884000,0.0005197711,0.001346018,0.0,160,1,0,0,0,0,0,0,0,0,0,0,0
1771685732932000,1771685732778000,1771685732932000,0.0005197711,0.001346018,0.0,160,1,0,0,0,0,0,0,0,0,0,0,0
1771685732988000,1771685732830000,1771685732988000,0.0005197711,0.001346018,0.0,160,1,0,0,0,0,0,0,0,0,0,0,0
1771685733036000,1771685732882000,1771685733036000,0.0005197711,0.001346018,0.0,160,1,0,0,0,0,0,0,0,0,0,0,0
1771685733092000,1771685732934000,1771685733092000,0.0005197711,0.001346018,0.0,160,1,0,0,0,0,0,0,0,0,0,0,0
1771685733140000,1771685732986000,1771685733140000,0.0005197711,0.001346018,0.0,160,1,0,0,0,0,0,0,0,0,0,0,0
1771685733196000,1771685733038000,1771685733196000,0.0005197711,0.001346018,0.0,160,1,0,0,0,0,0,0,0,0,0,0,0
1771685733244000,1771685733090000,1771685733244000,0.0005197711,0.001346018,0.0,160,1,0,0,0,0,0,0,0,0,0,0,0
1771685733300000,1771685733142000,1771685733300000,0.0005197711,0.001346018,0.0,160,1,0,0,0,0,0,0,0,0,0,0,0
1771685733348000,1771685733194000,1771685733348000,0.0005197711,0.001346018,0.0,160,1,0,0,0,0,0,0,0,0,0,0,0
1771685733404000,1771685733246000,1771685733404000,0.0005197711,0.001346018,0.0,160,1,0,0,0,0,0,0,0,0,0,0,0
1771685733452000,1771685733298000,1771685733452000,0.0005197711,0.001346018,0.0,160,1,0,0,0,0,0,0,0,0,0,0,0
1771685733508000,1771685733350000,1771685733508000,0.0005197711,0.001346018,0.0,160,1,0,0,0,0,0,0,0,0,0,0,0
1771685733556000,1771685733402000,1771685733556000,0.0005197711,0.001346018,0.0,160,1,0,0,0,0,0,0,0,0,0,0,0
1771685733612000,1771685733454000,1771685733612000,0.0005197711,0.001346018,0.0,160,1,0,0,0,0,0,0,0,0,0,0,0
1771685733660000,1771685733506000,1771685733660000,0.0005197711,0.001346018,0.0,160,1,0,0,0,0,0,0,0,0,0,0,0
1771685733716000,1771685733558000,1771685733716000,0.0005197711,0.001346018,0.0,160,1,0,0,0,0,0,0,0,0,0,0,0
1771685733764000,1771685733610000,1771685733764000,0.0005197711,0.001346018,0.0,160,1,0,0,0,0,0,0,0,0,0,0,0
1771685733820000,1771685733662000,1771685733820000,0.0005197711,0.001346018,0.0,160,1,0,0,0,0,0,0,0,0,0,0,0
1771685733868000,1771685733714000,1771685733868000,0.0005197711,0.001346018,0.0,160,1,0,0,0,0,0,0,0,0,0,0,0
1771685733924000,1771685733766000,1771685733924000,0.0005197711,0.001346018,0.0,160,1,0,0,0,0,0,0,0,0,0,0,0
1771685733972000,1771685733818000,1771685733972000,0.0005197711,0.001346018,0.0,160,1,0,0,0,0,0,0,0,0,0,0,0
1771685734028000,1771685733870000,1771685734028000,0.0005197711,0.001346018,0.0,160,1,0,0,0,0,0,0,0,0,0,0,0
1771685734076000,1771685733922000,1771685734076000,0.0005197711,0.001346018,0.0,160,1,0,0,0,0,0,0,0,0,0,0,0
1771685734132000,1771685733974000,1771685734132000,0.0005197711,0.001346018,0.0,160,1,0,0,0,0,0,0,0,0,0,0,0
1771685734180000,1771685734026000,1771685734180000,0.0005197711,0.001346018,0.0,160,1,0,0,0,0,0,0,0,0,0,0,0
1771685734236000,1771685734078000,1771685734236000,0.0005197711,0.001346018,0.0,160,1,0,0,0,0,0,0,0,0,0,0,0
1771685734284000,1771685734130000,1771685734284000,0.0005197711,0.001346018,0.0,160,1,0,0,0,0,0,0,0,0,0,0,0
1771685734340000,1771685734182000,1771685734340000,0.0005197711,0.001346018,0.0,160,1,0,0,0,0,0,0,0,0,0,0,0
1771685734388000,1771685734234000,1771685734388000,0.0005197711,0.001346018,0.0,160,1,0,0,0,0,0,0,0,0,0,0,0
1771685734444000,1771685734286000,1771685734444000,0.0005197711,0.001346018,0.0,160,1,0,0,0,0,0,0,0,0,0,0,0
1771685734492000,1771685734338000,1771685734492000,0.0005197711,0.001346018,0.0,160,1,0,0,0,0,0,0,0,0,0,0,0
1771685734548000,1771685734390000,1771685734548000,0.0005197711,0.001346018,0.0,160,1,0,0,0,0,0,0,0,0,0,0,0
1771685734596000,1771685734442000,1771685734596000,0.0005197711,0.001346018,0.0,160,1,0,0,0,0,0,0,0,0,0,0,0
1771685734652000,1771685734494000,1771685734652000,0.0005197711,0.001346018,0.0,160,1,0,0,0,0,0,0,0,0,0,0,0
1771685734700000,1771685734546000,1771685734700000,0.0005197711,0.001346018,0.0,160,1,0,0,0,0,0,0,0,0,0,0,0
1771685734756000,1771685734598000,1771685734756000,0.0005197711,0.001346018,0.0,160,1,0,0,0,0,0,0,0,0,0,0,0
1771685734804000,1771685734650000,1771685734804000,0.0005197711,0.001346018,0.0,160,1,0,0,0,0,0,0,0,0,0,0,0
1771685734860000,1771685734702000,1771685734860000,0.0005197711,0.001346018,0.0,160,1,0,0,0,0,0,0,0,0,0,0,0
1771685734908000,1771685734754000,1771685734908000,0.0005197711,0.001346018,0.0,160,1,0,0,0,0,0,0,0,0,0,0,0
1771685734964000,1771685734806000,1771685734964000,0.0005197711,0.001346018,0.0,160,1,0,0,0,0,0,0,0,0,0,0,0
1771685735012000,1771685734858000,1771685735012000,0.0005197711,0.001346018,0.0,160,1,0,0,0,0,0,0,0,0,0,0,0
1771685735068000,1771685734910000,1771685735068000,0.0005197711,0.001346018,0.0,160,1,0,0,0,0,0,0,0,0,0,0,0
1771685735116000,1771685734962000,1771685735116000,0.0005197711,0.001346018,0.0,160,1,0,0,0,0,0,0,0,0,0,0,0
1771685735172000,1771685735014000,1771685735172000,0.0005197711,0.001346018,0.0,160,1,0,0,0,0,0,0,0,0,0,0,0
1771685735220000,1771685735066000,1771685735220000,0.0005197711,0.001346018,0.0,160,1,0,0,0,0,0,0,0,0,0,0,0
1771685735276000,1771685735118000,1771685735276000,0.0005197711,0.001346018,0.0,160,1,0,0,0,0,0,0,0,0,0,0,0
1771685735324000,1771685735170000,1771685735324000,0.0005197711,0.001346018,0.0,160,1,0,0,0,0,0,0,0,0,0,0,0
1771685735380000,1771685735222000,1771685735380000,0.0005197711,0.001346018,0.0,160,1,0,0,0,0,0,0,0,0,0,0,0
1771685735428000,1771685735274000,1771685735428000,0.0005197711,0.001346018,0.0,160,1,0,0,0,0,0,0,0,0,0,0,0
1771685735484000,1771685735326000,1771685735484000,0.0005197711,0.001346018,0.0,160,1,0,0,0,0,0,0,0,0,0,0,0
1771685735532000,1771685735378000,1771685735532000,0.0005197711,0.001346018,0.0,160,1,0,0,0,0,0,0,0,0,0,0,0
1771685735588000,1771685735430000,1771685735588000,0.0005197711,0.001346018,0.0,160,1,0,0,0,0,0,0,0,0,0,0,0
1771685735636000,1771685735482000,1771685735636000,0.0005197711,0.001346018,0.0,160,1,0,0,0,0,0,0,0,0,0,0,0
1771685735692000,1771685735534000,1771685735692000,0.0005197711,0.001346018,0.0,160,1,0,0,0,0,0,0,0,0,0,0,0
1771685735740000,1771685735586000,1771685735740000,0.0005197711,0.001346018,0.0,160,1,0,0,0,0,0,0,0,0,0,0,0
1771685735796000,1771685735638000,1771685735796000,0.0005197711,0.001346018,0.0,160,1,0,0,0,0,0,0,0,0,0,0,0
1771685735844000,1771685735690000,1771685735844000,0.0005197711,0.001346018,0.0,160,1,0,0,0,0,0,0,0,0,0,0,0
1771685735900000,1771685735742000,1771685735900000,0.0005197711,0.001346018,0.0,160,1,0,0,0,0,0,0,0,0,0,0,0
1771685735948000,1771685735794000,1771685735948000,0.0005197711,0.001346018,0.0,160,1,0,0,0,0,0,0,0,0,0,0,0
1771685736004000,1771685735846000,1771685736004000,0.0005197711,0.001346018,0.0,160,1,0,0,0,0,0,0,0,0,0,0,0
1771685736052000,1771685735898000,1771685736052000,0.0005197711,0.001346018,0.0,160,1,0,0,0,0,0,0,0,0,0,0,0
1771685736108000,1771685735950000,1771685736108000,0.0005197711,0.001346018,0.0,160,1,0,0,0,0,0,0,0,0,0,0,0
1771685736156000,1771685736002000,1771685736156000,0.0005197711,0.001346018,0.0,160,1,0,0,0,0,0,0,0,0,0,0,0
1771685736212000,1771685736054000,1771685736212000,0.0005197711,0.001346018,0.0,160,1,0,0,0,0,0,0,0,0,0,0,0
1771685736260000,1771685736106000,1771685736260000,0.0005197711,0.001346018,0.0,160,1,0,0,0,0,0,0,0,0,0,0,0
1771685736316000,1771685736158000,1771685736316000,0.0005197711,0.001346018,0.0,160,1,0,0,0,0,0,0,0,0,0,0,0
1771685736364000,1771685736210000,1771685736364000,0.0005197711,0.001346018,0.0,160,1,0,0,0,0,0,0,0,0,0,0,0
1771685736420000,1771685736262000,1771685736420000,0.0005197711,0.001346018,0.0,160,1,0,0,0,0,0,0,0,0,0,0,0
1771685736468000,1771685736314000,1771685736468000,0.0005197711,0.001346018,0.0,160,1,0,0,0,0,0,0,0,0,0,0,0
1771685736524000,1771685736366000,1771685736524000,0.0005197711,0.001346018,0.0,160,1,0,0,0,0,0,0,0,0,0,0,0
1771685736572000,1771685736418000,1771685736572000,0.0005197711,0.001346018,0.0,160,1,0,0,0,0,0,0,0,0,0,0,0
1771685736628000,1771685736470000,1771685736628000,0.0005197711,0.001346018,0.0,160,1,0,0,0,0,0,0,0,0,0,0,0
1771685736676000,1771685736522000,1771685736676000,0.0005197711,0.001346018,0.0,160,1,0,0,0,0,0,0,0,0,0,0,0
1771685736732000,1771685736574000,1771685736732000,0.0005197711,0.001346018,0.0,160,1,0,0,0,0,0,0,0,0,0,0,0
1771685736780000,1771685736626000,1771685736780000,0.0005197711,0.001346018,0.0,160,1,0,0,0,0,0,0,0,0,0,0,0
1771685736836000,1771685736678000,1771685736836000,0.0005197711,0.001346018,0.0,160,1,0,0,0,0,0,0,0,0,0,0,0
1771685736884000,1771685736730000,1771685736884000,0.0005197711,0.001346018,0.0,160,1,0,0,0,0,0,0,0,0,0,0,0
1771685736940000,1771685736782000,1771685736940000,0.0005197711,0.001346018,0.0,160,1,0,0,0,0,0,0,0,0,0,0,0
1771685736988000,1771685736834000,1771685736988000,0.0005197711,0.001346018,0.0,160,1,0,0,0,0,0,0,0,0,0,0,0
1771685737044000,1771685736886000,1771685737044000,0.0005197711,0.001346018,0.0,160,1,0,0,0,0,0,0,0,0,0,0,0
1771685737092000,1771685736938000,1771685737092000,0.0005197711,0.001346018,0.0,160,1,0,0,0,0,0,0,0,0,0,0,0
1771685737148000,1771685736990000,1771685737148000,0.0005197711,0.001346018,0.0,160,1,0,0,0,0,0,0,0,0,0,0,0
1771685737196000,1771685737042000,1771685737196000,0.0005197711,0.001346018,0.0,160,1,0,0,0,0,0,0,0,0,0,0,0
1771685737252000,1771685737094000,1771685737252000,0.0005197711,0.001346018,0.0,160,1,0,0,0,0,0,0,0,0,0,0,0
1771685737300000,1771685737146000,1771685737300000,0.0005197711,0.001346018,0.0,160,1,0,0,0,0,0,0,0,0,0,0,0
1771685737356000,1771685737198000,1771685737356000,0.0005197711,0.001346018,0.0,160,1,0,0,0,0,0,0,0,0,0,0,0
1771685737404000,1771685737250000,1771685737404000,0.0005197711,0.001346018,0.0,160,1,0,0,0,0,0,0,0,0,0,0,0
1771685737460000,1771685737302000,1771685737460000,0.0005197711,0.001346018,0.0,160,1,0,0,0,0,0,0,0,0,0,0,0
1771685737508000,1771685737354000,1771685737508000,0.0005197711,0.001346018,0.0,160,1,0,0,0,0,0,0,0,0,0,0,0
1771685737564000,1771685737406000,1771685737564000,0.0005197711,0.001346018,0.0,160,1,0,0,0,0,0,0,0,0,0,0,0
1771685737612000,1771685737458000,1771685737612000,0.0005197711,0.001346018,0.0,160,1,0,0,0,0,0,0,0,0,0,0,0
1771685737668000,1771685737510000,1771685737668000,0.0005197711,0.001346018,0.0,160,1,0,0,0,0,0,0,0,0,0,0,0
1771685737716000,1771685737562000,1771685737716000,0.0005197711,0.001346018,0.0,160,1,0,0,0,0,0,0,0,0,0,0,0
1771685737772000,1771685737614000,1771685737772000,0.0005197711,0.001346018,0.0,160,1,0,0,0,0,0,0,0,0,0,0,0
1771685737820000,1771685737666000,1771685737820000,0.0005197711,0.001346018,0.0,160,1,0,0,0,0,0,0,0,0,0,0,0
1771685737876000,1771685737718000,1771685737876000,0.0005197711,0.001346018,0.0,160,1,0,0,0,0,0,0,0,0,0,0,0
1771685737924000,1771685737770000,1771685737924000,0.0005197711,0.001346018,0.0,160,1,0,0,0,0,0,0,0,0,0,0,0
1771685737980000,1771685737822000,1771685737980000,0.0005197711,0.001346018,0.0,160,1,0,0,0,0,0,0,0,0,0,0,0
1771685738028000,1771685737874000,1771685738028000,0.0005197711,0.001346018,0.0,160,1,0,0,0,0,0,0,0,0,0,0,0
1771685738084000,1771685737926000,1771685738084000,0.0005197711,0.001346018,0.0,160,1,0,0,0,0,0,0,0,0,0,0,0
1771685738132000,1771685737978000,1771685738132000,0.0005197711,0.001346018,0.0,160,1,0,0,0,0,0,0,0,0,0,0,0
1771685738188000,1771685738030000,1771685738188000,0.0005197711,0.001346018,0.0,160,1,0,0,0,0,0,0,0,0,0,0,0
1771685738236000,1771685738082000,1771685738236000,0.0005197711,0.001346018,0.0,160,1,0,0,0,0,0,0,0,0,0,0,0
1771685738292000,1771685738134000,1771685738292000,0.0005197711,0.001346018,0.0,160,1,0,0,0,0,0,0,0,0,0,0,0
1771685738340000,1771685738186000,1771685738340000,0.0005197711,0.001346018,0.0,160,1,0,0,0,0,0,0,0,0,0,0,0
1771685738396000,1771685738238000,1771685738396000,0.0005197711,0.001346018,0.0,160,1,0,0,0,0,0,0,0,0,0,0,0
1771685738444000,1771685738290000,1771685738444000,0.0005197711,0.001346018,0.0,160,1,0,0,0,0,0,0,0,0,0,0,0
1771685738500000,1771685738342000,1771685738500000,0.0005197711,0.001346018,0.0,160,1,0,0,0,0,0,0,0,0,0,0,0
1771685738548000,1771685738394000,1771685738548000,0.0005197711,0.001346018,0.0,160,1,0,0,0,0,0,0,0,0,0,0,0
1771685738604000,1771685738446000,1771685738604000,0.0005197711,0.001346018,0.0,160,1,0,0,0,0,0,0,0,0,0,0,0
1771685738652000,1771685738498000,1771685738652000,0.0005197711,0.001346018,0.0,160,1,0,0,0,0,0,0,0,0,0,0,0
1771685738708000,1771685738550000,1771685738708000,0.0005197711,0.001346018,0.0,160,1,0,0,0,0,0,0,0,0,0,0,0
1771685738756000,1771685738602000,1771685738756000,0.0005197711,0.001346018,0.0,160,1,0,0,0,0,0,0,0,0,0,0,0
1771685738812000,1771685738654000,1771685738812000,0.0005197711,0.001346018,0.0,160,1,0,0,0,0,0,0,0,0,0,0,0
1771685738860000,1771685738706000,1771685738860000,0.0005197711,0.001346018,0.0,160,1,0,0,0,0,0,0,0,0,0,0,0
1771685738916000,1771685738758000,1771685738916000,0.0005197711,0.001346018,0.0,160,1,0,0,0,0,0,0,0,0,0,0,0
1771685738964000,1771685738810000,1771685738964000,0.0005197711,0.001346018,0.0,160,1,0,0,0,0,0,0,0,0,0,0,0
1771685739020000,1771685738862000,1771685739020000,0.0005197711,0.001346018,0.0,160,1,0,0,0,0,0,0,0,0,0,0,0
1771685739068000,1771685738914000,1771685739068000,0.0005197711,0.001346018,0.0,160,1,0,0,0,0,0,0,0,0,0,0,0
1771685739124000,1771685738966000,1771685739124000,0.0005197711,0.001346018,0.0,160,1,0,0,0,0,0,0,0,0,0,0,0
1771685739172000,1771685739018000,1771685739172000,0.0005197711,0.001346018,0.0,160,1,0,0,0,0,0,0,0,0,0,0,0
1771685739228000,1771685739070000,1771685739228000,0.0005197711,0.001346018,0.0,160,1,0,0,0,0,0,0,0,0,0,0,0
1771685739276000,1771685739122000,1771685739276000,0.0005197711,0.001346018,0.0,160,1,0,0,0,0,0,0,0,0,0,0,0
1771685739332000,1771685739174000,1771685739332000,0.0005197711,0.001346018,0.0,160,1,0,0,0,0,0,0,0,0,0,0,0
1771685739380000,1771685739226000,1771685739380000,0.0005197711,0.001346018,0.0,160,1,0,0,0,0,0,0,0,0,0,0,0
1771685739436000,1771685739278000,1771685739436000,0.0005197711,0.001346018,0.0,160,1,0,0,0,0,0,0,0,0,0,0,0
1771685739484000,1771685739330000,1771685739484000,0.0005197711,0.001346018,0.0,160,1,0,0,0,0,0,0,0,0,0,0,0
1771685739540000,1771685739382000,1771685739540000,0.0005197711,0.001346018,0.0,160,1,0,0,0,0,0,0,0,0,0,0,0
1771685739588000,1771685739434000,1771685739588000,0.0005197711,0.001346018,0.0,160,1,0,0,0,0,0,0,0,0,0,0,0
1771685739644000,1771685739486000,1771685739644000,0.0005197711,0.001346018,0.0,160,1,0,0,0,0,0,0,0,0,0,0,0
1771685739692000,1771685739538000,1771685739692000,0.0005197711,0.001346018,0.0,160,1,0,0,0,0,0,0,0,0,0,0,0
1771685739748000,1771685739590000,1771685739748000,0.0005197711,0.001346018,0.0,160,1,0,0,0,0,0,0,0,0,0,0,0
1771685739796000,1771685739642000,1771685739796000,0.0005197711,0.001346018,0.0,160,1,0,0,0,0,0,0,0,0,0,0,0
1771685739852000,1771685739694000,1771685739852000,0.0005197711,0.001346018,0.0,160,1,0,0,0,0,0,0,0,0,0,0,0
1771685739900000,1771685739746000,1771685739900000,0.0005197711,0.001346018,0.0,160,1,0,0,0,0,0,0,0,0,0,0,0
1771685739956000,1771685739798000,1771685739956000,0.0005197711,0.001346018,0.0,160,1,0,0,0,0,0,0,0,0,0,0,0
1771685740004000,1771685739850000,1771685740004000,0.0005197711,0.001346018,0.0,160,1,0,0,0,0,0,0,0,0,0,0,0
1771685740060000,1771685739902000,1771685740060000,0.0005197711,0.001346018,0.0,160,1,0,0,0,0,0,0,0,0,0,0,0
1771685740108000,1771685739954000,1771685740108000,0.0005197711,0.001346018,0.0,160,1,0,0,0,0,0,0,0,0,0,0,0
1771685740164000,1771685740006000,1771685740164000,0.0005197711,0.001346018,0.0,160,1,0,0,0,0,0,0,0,0,0,0,0
1771685740212000,1771685740058000,1771685740212000,0.0005197711,0.001346018,0.0,160,1,0,0,0,0,0,0,0,0,0,0,0
1771685740268000,1771685740110000,1771685740268000,0.0005197711,0.001346018,0.0,160,1,0,0,0,0,0,0,0,0,0,0,0
1771685740316000,1771685740162000,1771685740316000,0.0005197711,0.001346018,0.0,160,1,0,0,0,0,0,0,0,0,0,0,0
1771685740372000,1771685740214000,1771685740372000,0.0005197711,0.001346018,0.0,160,1,0,0,0,0,0,0,0,0,0,0,0
1771685740420000,1771685740266000,1771685740420000,0.0005197711,0.001346018,0.0,160,1,0,0,0,0,0,0,0,0,0,0,0
1771685740476000,1771685740318000,1771685740476000,0.0005197711,0.001346018,0.0,160,1,0,0,0,0,0,0,0,0,0,0,0
1771685740524000,1771685740370000,1771685740524000,0.0005197711,0.001346018,0.0,160,1,0,0,0,0,0,0,0,0,0,0,0
1771685740580000,1771685740422000,1771685740580000,0.0005197711,0.001346018,0.0,160,1,0,0,0,0,0,0,0,0,0,0,0
1771685740628000,1771685740474000,1771685740628000,0.0005197711,0.001346018,0.0,160,1,0,0,0,0,0,0,0,0,0,0,0
1771685740684000,1771685740526000,1771685740684000,0.0005197711,0.001346018,0.0,160,1,0,0,0,0,0,0,0,0,0,0,0
1771685740732000,1771685740578000,1771685740732000,0.0005197711,0.001346018,0.0,160,1,0,0,0,0,0,0,0,0,0,0,0
1771685740788000,1771685740630000,1771685740788000,0.0005197711,0.001346018,0.0,160,1,0,0,0,0,0,0,0,0,0,0,0
1771685740836000,1771685740682000,1771685740836000,0.0005197711,0.001346018,0.0,160,1,0,0,0,0,0,0,0,0,0,0,0
1771685740892000,1771685740734000,1771685740892000,0.0005197711,0.001346018,0.0,160,1,0,0,0,0,0,0,0,0,0,0,0
1771685740940000,1771685740786000,1771685740940000,0.0005197711,0.001346018,0.0,160,1,0,0,0,0,0,0,0,0,0,0,0
1771685740996000,1771685740838000,1771685740996000,0.0005197711,0.001346018,0.0,160,1,0,0,0,0,0,0,0,0,0,0,0
1771685741044000,1771685740890000,1771685741044000,0.0005197711,0.001346018,0.0,160,1,0,0,0,0,0,0,0,0,0,0,0
1771685741100000,1771685740942000,1771685741100000,0.0005197711,0.001346018,0.0,160,1,0,0,0,0,0,0,0,0,0,0,0
1771685741148000,1771685740994000,1771685741148000,0.0005197711,0.001346018,0.0,160,1,0,0,0,0,0,0,0,0,0,0,0
1771685741204000,1771685741046000,1771685741204000,0.0005197711,0.001346018,0.0,160,1,0,0,0,0,0,0,0,0,0,0,0
1771685741252000,1771685741098000,1771685741252000,0.0005197711,0.001346018,0.0,160,1,0,0,0,0,0,0,0,0,0,0,0
1771685741308000,1771685741150000,1771685741308000,0.0005197711,0.001346018,0.0,160,1,0,0,0,0,0,0,0,0,0,0,0
1771685741356000,1771685741202000,1771685741356000,0.0005197711,0.001346018,0.0,160,1,0,0,0,0,0,0,0,0,0,0,0
1771685741412000,1771685741254000,1771685741412000,0.0005197711,0.001346018,0.0,160,1,0,0,0,0,0,0,0,0,0,0,0
1771685741460000,1771685741306000,1771685741460000,0.0005197711,0.001346018,0.0,160,1,0,0,0,0,0,0,0,0,0,0,0
1771685741516000,1771685741358000,1771685741516000,0.0005197711,0.001346018,0.0,160,1,0,0,0,0,0,0,0,0,0,0,0
1771685741564000,1771685741410000,1771685741564000,0.0005197711,0.001346018,0.0,160,1,0,0,0,0,0,0,0,0,0,0,0
1771685741620000,1771685741462000,1771685741620000,0.0005197711,0.001346018,0.0,160,1,0,0,0,0,0,0,0,0,0,0,0
1771685741668000,1771685741514000,1771685741668000,0.0005197711,0.001346018,0.0,160,1,0,0,0,0,0,0,0,0,0,0,0
1771685741724000,1771685741566000,1771685741724000,0.0005197711,0.001346018,0.0,160,1,0,0,0,0,0,0,0,0,0,0,0
1771685741772000,1771685741618000,1771685741772000,0.0005197711,0.001346018,0.0,160,1,0,0,0,0,0,0,0,0,0,0,0
1771685741828000,1771685741670000,1771685741828000,0.0005197711,0.001346018,0.0,160,1,0,0,0,0,0,0,0,0,0,0,0
1771685741876000,1771685741722000,1771685741876000,0.0005197711,0.001346018,0.0,160,1,0,0,0,0,0,0,0,0,0,0,0
1771685741932000,1771685741774000,1771685741932000,0.0005197711,0.001346018,0.0,160,1,0,0,0,0,0,0,0,0,0,0,0
1771685741980000,1771685741826000,1771685741980000,0.0005197711,0.001346018,0.0,160,1,0,0,0,0,0,0,0,0,0,0,0
1771685742036000,1771685741878000,1771685742036000,0.0005197711,0.001346018,0.0,160,1,0,0,0,0,0,0,0,0,0,0,0
1771685742084000,1771685741930000,1771685742084000,0.0005197711,0.001346018,0.0,160,1,0,0,0,0,0,0,0,0,0,0,0
1771685742140000,1771685741982000,1771685742140000,0.0005197711,0.001346018,0.0,160,1,0,0,0,0,0,0,0,0,0,0,0
1771685742188000,1771685742034000,1771685742188000,0.0005197711,0.001346018,0.0,160,1,0,0,0,0,0,0,0,0,0,0,0
1771685742244000,1771685742086000,1771685742244000,0.0005197711,0.001346018,0.0,160,1,0,0,0,0,0,0,0,0,0,0,0
1771685742292000,1771685742138000,1771685742292000,0.0005197711,0.001346018,0.0,160,1,0,0,0,0,0,0,0,0,0,0,0
1771685742348000,1771685742190000,1771685742348000,0.0005197711,0.001346018,0.0,160,1,0,0,0,0,0,0,0,0,0,0,0
1771685742396000,1771685742242000,1771685742396000,0.0005197711,0.001346018,0.0,160,1,0,0,0,0,0,0,0,0,0,0,0
1771685742452000,1771685742294000,1771685742452000,0.0005197711,0.001346018,0.0,160,1,0,0,0,0,0,0,0,0,0,0,0
1771685742500000,1771685742346000,1771685742500000,0.0005197711,0.001346018,0.0,160,1,0,0,0,0,0,0,0,0,0,0,0
1771685742556000,1771685742398000,1771685742556000,0.0005197711,0.001346018,0.0,160,1,0,0,0,0,0,0,0,0,0,0,0
1771685742604000,1771685742450000,1771685742604000,0.0005197711,0.001346018,0.0,160,1,0,0,0,0,0,0,0,0,0,0,0
1771685742660000,1771685742502000,1771685742660000,0.0005197711,0.001346018,0.0,160,1,0,0,0,0,0,0,0,0,0,0,0
1771685742708000,1771685742554000,1771685742708000,0.0005197711,0.001346018,0.0,160,1,0,0,0,0,0,0,0,0,0,0,0
1771685742764000,1771685742606000,1771685742764000,0.0005197711,0.001346018,0.0,160,1,0,0,0,0,0,0,0,0,0,0,0
1771685742812000,1771685742658000,1771685742812000,0.0005197711,0.001346018,0.0,160,1,0,0,0,0,0,0,0,0,0,0,0
1771685742868000,1771685742710000,1771685742868000,0.0005197711,0.001346018,0.0,160,1,0,0,0,0,0,0,0,0,0,0,0
1771685742916000,1771685742762000,1771685742916000,0.0005197711,0.001346018,0.0,160,1,0,0,0,0,0,0,0,0,0,0,0
1771685742972000,1771685742814000,1771685742972000,0.0005197711,0.001346018,0.0,160,1,0,0,0,0,0,0,0,0,0,0,0
1771685743020000,1771685742866000,1771685743020000,0.0005197711,0.001346018,0.0,160,1,0,0,0,0,0,0,0,0,0,0,0
1771685743076000,1771685742918000,1771685743076000,0.0005197711,0.001346018,0.0,160,1,0,0,0,0,0,0,0,0,0,0,0
1771685743124000,1771685742970000,1771685743124000,0.0005197711,0.001346018,0.0,160,1,0,0,0,0,0,0,0,0,0,0,0
1771685743180000,1771685743022000,1771685743180000,0.0005197711,0.001346018,0.0,160,1,0,0,0,0,0,0,0,0,0,0,0
1771685743228000,1771685743074000,1771685743228000,0.0005197711,0.001346018,0.0,160,1,0,0,0,0,0,0,0,0,0,0,0
1771685743284000,1771685743126000,1771685743284000,0.0005197711,0.001346018,0.0,160,1,0,0,0,0,0,0,0,0,0,0,0
1771685743332000,1771685743178000,1771685743332000,0.0005197711,0.001346018,0.0,160,1,0,0,0,0,0,0,0,0,0,0,0
1771685743388000,1771685743230000,1771685743388000,0.0005197711,0.001346018,0.0,160,1,0,0,0,0,0,0,0,0,0,0,0
1771685743436000,1771685743282000,1771685743436000,0.0005197711,0.001346018,0.0,160,1,0,0,0,0,0,0,0,0,0,0,0
1771685743492000,1771685743334000,1771685743492000,0.0005197711,0.001346018,0.0,160,1,0,0,0,0,0,0,0,0,0,0,0
1771685743540000,1771685743386000,1771685743540000,0.0005197711,0.001346018,0.0,160,1,0,0,0,0,0,0,0,0,0,0,0
1771685743596000,1771685743438000,1771685743596000,0.0005197711,0.001346018,0.0,160,1,0,0,0,0,0,0,0,0,0,0,0
1771685743644000,1771685743490000,1771685743644000,0.0005197711,0.001346018,0.0,160,1,0,0,0,0,0,0,0,0,0,0,0
1771685743700000,1771685743542000,1771685743700000,0.0005197711,0.001346018,0.0,160,1,0,0,0,0,0,0,0,0,0,0,0
1771685743748000,1771685743594000,1771685743748000,0.0005197711,0.001346018,0.0,160,1,0,0,0,0,0,0,0,0,0,0,0
1771685743804000,1771685743646000,1771685743804000,0.0005197711,0.001346018,0.0,160,1,0,0,0,0,0,0,0,0,0,0,0
1771685743852000,1771685743698000,1771685743852000,0.0005197711,0.001346018,0.0,160,1,0,0,0,0,0,0,0,0,0,0,0
1771685743908000,1771685743750000,1771685743908000,0.0005197711,0.001346018,0.0,160,1,0,0,0,0,0,0,0,0,0,0,0
1771685743956000,1771685743802000,1771685743956000,0.0005197711,0.001346018,0.0,160,1,0,0,0,0,0,0,0,0,0,0,0
1771685744012000,1771685743854000,1771685744012000,0.0005197711,0.001346018,0.0,160,1,0,0,0,0,0,0,0,0,0,0,0
1771685744060000,1771685743906000,1771685744060000,0.0005197711,0.001346018,0.0,160,1,0,0,0,0,0,0,0,0,0,0,0
1771685744116000,1771685743958000,1771685744116000,0.0005197711,0.001346018,0.0,160,1,0,0,0,0,0,0,0,0,0,0,0
1771685744164000,1771685744010000,1771685744164000,0.0005197711,0.001346018,0.0,160,1,0,0,0,0,0,0,0,0,0,0,0
1771685744220000,1771685744062000,1771685744220000,0.0005197711,0.001346018,0.0,160,1,0,0,0,0,0,0,0,0,0,0,0
1771685744268000,1771685744114000,1771685744268000,0.0005197711,0.001346018,0.0,160,1,0,0,0,0,0,0,0,0,0,0,0
1771685744324000,1771685744166000,1771685744324000,0.0005197711,0.001346018,0.0,160,1,0,0,0,0,0,0,0,0,0,0,0
1771685744372000,1771685744218000,1771685744372000,0.0005197711,0.001346018,0.0,160,1,0,0,0,0,0,0,0,0,0,0,0
1771685744428000,1771685744270000,1771685744428000,0.0005197711,0.001346018,0.0,160,1,0,0,0,0,0,0,0,0,0,0,0
1771685744476000,1771685744322000,1771685744476000,0.0005197711,0.001346018,0.0,160,1,0,0,0,0,0,0,0,0,0,0,0
1771685744532000,1771685744374000,1771685744532000,0.0005197711,0.001346018,0.0,160,1,0,0,0,0,0,0,0,0,0,0,0
1771685744580000,1771685744426000,1771685744580000,0.0005197711,0.001346018,0.0,160,1,0,0,0,0,0,0,0,0,0,0,0
1771685744636000,1771685744478000,1771685744636000,0.0005197711,0.001346018,0.0,160,1,0,0,0,0,0,0,0,0,0,0,0
1771685744684000,1771685744530000,1771685744684000,0.0005197711,0.001346018,0.0,160,1,0,0,0,0,0,0,0,0,0,0,0
1771685744740000,1771685744582000,1771685744740000,0.0005197711,0.001346018,0.0,160,1,0,0,0,0,0,0,0,0,0,0,0
1771685744788000,1771685744634000,1771685744788000,0.0005197711,0.001346018,0.0,160,1,0,0,0,0,0,0,0,0,0,0,0
1771685744844000,1771685744686000,1771685744844000,0.0005197711,0.001346018,0.0,160,1,0,0,0,0,0,0,0,0,0,0,0
1771685744892000,1771685744738000,1771685744892000,0.0005197711,0.001346018,0.0,160,1,0,0,0,0,0,0,0,0,0,0,0
1771685744948000,1771685744790000,1771685744948000,0.0005197711,0.001346018,0.0,160,1,0,0,0,0,0,0,0,0,0,0,0
1771685744996000,1771685744842000,1771685744996000,0.0005197711,0.001346018,0.0,160,1,0,0,0,0,0,0,0,0,0,0,0
1771685745052000,1771685744894000,1771685745052000,0.0005197711,0.001346018,0.0,160,1,0,0,0,0,0,0,0,0,0,0,0
1771685745100000,1771685744946000,1771685745100000,0.0005197711,0.001346018,0.0,160,1,0,0,0,0,0,0,0,0,0,0,0
1771685745156000,1771685744998000,1771685745156000,0.0005197711,0.001346018,0.0,160,1,0,0,0,0,0,0,0,0,0,0,0
1771685745204000,1771685745050000,1771685745204000,0.0005197711,0.001346018,0.0,160,1,0,0,0,0,0,0,0,0,0,0,0
1771685745260000,1771685745102000,1771685745260000,0.0005197711,0.001346018,0.0,160,1,0,0,0,0,0,0,0,0,0,0,0
1771685745308000,1771685745154000,1771685745308000,0.0005197711,0.001346018,0.0,160,1,0,0,0,0,0,0,0,0,0,0,0
1771685745364000,1771685745206000,1771685745364000,0.0005197711,0.001346018,0.0,160,1,0,0,0,0,0,0,0,0,0,0,0
1771685745412000,1771685745258000,1771685745412000,0.0005197711,0.001346018,0.0,160,1,0,0,0,0,0,0,0,0,0,0,0
1771685745468000,1771685745310000,1771685745468000,0.0005197711,0.001346018,0.0,160,1,0,0,0,0,0,0,0,0,0,0,0
1771685745516000,1771685745362000,1771685745516000,0.0005197711,0.001346018,0.0,160,1,0,0,0,0,0,0,0,0,0,0,0
1771685745572000,1771685745414000,1771685745572000,0.0005197711,0.001346018,0.0,160,1,0,0,0,0,0,0,0,0,0,0,0
1771685745620000,1771685745466000,1771685745620000,0.0005197711,0.001346018,0.0,160,1,0,0,0,0,0,0,0,0,0,0,0
1771685745676000,1771685745518000,1771685745676000,0.0005197711,0.001346018,0.0,160,1,0,0,0,0,0,0,0,0,0,0,0
1771685745724000,1771685745570000,1771685745724000,0.0005197711,0.001346018,0.0,160,1,0,0,0,0,0,0,0,0,0,0,0
1771685745780000,1771685745622000,1771685745780000,0.0005197711,0.001346018,0.0,160,1,0,0,0,0,0,0,0,0,0,0,0
1771685745828000,1771685745674000,1771685745828000,0.0005197711,0.001346018,0.0,160,1,0,0,0,0,0,0,0,0,0,0,0
1771685745884000,1771685745726000,1771685745884000,0.0005197711,0.001346018,0.0,160,1,0,0,0,0,0,0,0,0,0,0,0
1771685745932000,1771685745778000,1771685745932000,0.0005197711,0.001346018,0.0,160,1,0,0,0,0,0,0,0,0,0,0,0
1771685745988000,1771685745830000,1771685745988000,0.0005197711,0.001346018,0.0,160,1,0,0,0,0,0,0,0,0,0,0,0
1771685746036000,1771685745882000,1771685746036000,0.0005197711,0.001346018,0.0,160,1,0,0,0,0,0,0,0,0,0,0,0
1771685746092000,1771685745934000,1771685746092000,0.0005197711,0.001346018,0.0,160,1,0,0,0,0,0,0,0,0,0,0,0
1771685746140000,1771685745986000,1771685746140000,0.0005197711,0.001346018,0.0,160,1,0,0,0,0,0,0,0,0,0,0,0
1771685746196000,1771685746038000,1771685746196000,0.0005197711,0.001346018,0.0,160,1,0,0,0,0,0,0,0,0,0,0,0
1771685746244000,1771685746090000,1771685746244000,0.0005197711,0.001346018,0.0,160,1,0,0,0,0,0,0,0,0,0,0,0
1771685746300000,1771685746142000,1771685746300000,0.0005197711,0.001346018,0.0,160,1,0,0,0,0,0,0,0,0,0,0,0
1771685746348000,1771685746194000,1771685746348000,0.0005197711,0.001346018,0.0,160,1,0,0,0,0,0,0,0,0,0,0,0
1771685746404000,1771685746246000,1771685746404000,0.0005197711,0.001346018,0.0,160,1,0,0,0,0,0,0,0,0,0,0,0
1771685746452000,1771685746298000,1771685746452000,0.0005197711,0.001346018,0.0,160,1,0,0,0,0,0,0,0,0,0,0,0
1771685746508000,1771685746350000,1771685746508000,0.0005197711,0.001346018,0.0,160,1,0,0,0,0,0,0,0,0,0,0,0
1771685746556000,1771685746402000,1771685746556000,0.0005197711,0.001346018,0.0,160,1,0,0,0,0,0,0,0,0,0,0,0
1771685746612000,1771685746454000,1771685746612000,0.0005197711,0.001346018,0.0,160,1,0,0,0,0,0,0,0,0,0,0,0
1771685746660000,1771685746506000,1771685746660000,0.0005197711,0.001346018,0.0,160,1,0,0,0,0,0,0,0,0,0,0,0
1771685746716000,1771685746558000,1771685746716000,0.0005197711,0.001346018,0.0,160,1,0,0,0,0,0,0,0,0,0,0,0
1771685746764000,1771685746610000,1771685746764000,0.0005197711,0.001346018,0.0,160,1,0,0,0,0,0,0,0,0,0,0,0
1771685746820000,1771685746662000,1771685746820000,0.0005197711,0.001346018,0.0,160,1,0,0,0,0,0,0,0,0,0,0,0
1771685746868000,1771685746714000,1771685746868000,0.0005197711,0.001346018,0.0,160,1,0,0,0,0,0,0,0,0,0,0,0
1771685746924000,1771685746766000,1771685746924000,0.0005197711,0.001346018,0.0,160,1,0,0,0,0,0,0,0,0,0,0,0
1771685746972000,1771685746818000,1771685746972000,0.0005197711,0.001346018,0.0,160,1,0,0,0,0,0,0,0,0,0,0,0
1771685747028000,1771685746870000,1771685747028000,0.0005197711,0.001346018,0.0,160,1,0,0,0,0,0,0,0,0,0,0,0
1771685747076000,1771685746922000,1771685747076000,0.0005197711,0.001346018,0.0,160,1,0,0,0,0,0,0,0,0,0,0,0
1771685747132000,1771685746974000,1771685747132000,0.0005197711,0.001346018,0.0,160,1,0,0,0,0,0,0,0,0,0,0,0
1771685747180000,1771685747026000,1771685747180000,0.0005197711,0.001346018,0.0,160,1,0,0,0,0,0,0,0,0,0,0,0
1771685747236000,1771685747078000,1771685747236000,0.0005197711,0.001346018,0.0,160,1,0,0,0,0,0,0,0,0,0,0,0
1771685747284000,1771685747130000,1771685747284000,0.0005197711,0.001346018,0.0,160,1,0,0,0,0,0,0,0,0,0,0,0
1771685747340000,1771685747182000,1771685747340000,0.0005197711,0.001346018,0.0,160,1,0,0,0,0,0,0,0,0,0,0,0
1771685747388000,1771685747234000,1771685747388000,0.0005197711,0.001346018,0.0,160,1,0,0,0,0,0,0,0,0,0,0,0
1771685747444000,1771685747286000,1771685747444000,0.0005197711,0.001346018,0.0,160,1,0,0,0,0,0,0,0,0,0,0,0
1771685747492000,1771685747338000,1771685747492000,0.0005197711,0.001346018,0.0,160,1,0,0,0,0,0,0,0,0,0,0,0
1771685747548000,1771685747390000,1771685747548000,0.0005197711,0.001346018,0.0,160,1,0,0,0,0,0,0,0,0,0,0,0
1771685747596000,1771685747442000,1771685747596000,0.0005197711,0.001346018,0.0,160,1,0,0,0,0,0,0,0,0,0,0,0
1771685747652000,1771685747494000,1771685747652000,0.0005197711,0.001346018,0.0,160,1,0,0,0,0,0,0,0,0,0,0,0
1771685747700000,1771685747546000,1771685747700000,0.0005197711,0.001346018,0.0,160,1,0,0,0,0,0,0,0,0,0,0,0
1771685747756000,1771685747598000,1771685747756000,0.0005197711,0.001346018,0.0,160,1,0,0,0,0,0,0,0,0,0,0,0
1771685747804000,1771685747650000,1771685747804000,0.0005197711,0.001346018,0.0,160,1,0,0,0,0,0,0,0,0,0,0,0
1771685747860000,1771685747702000,1771685747860000,0.0005197711,0.001346018,0.0,160,1,0,0,0,0,0,0,0,0,0,0,0
1771685747908000,1771685747754000,1771685747908000,0.0005197711,0.001346018,0.0,160,1,0,0,0,0,0,0,0,0,0,0,0
1771685747964000,1771685747806000,1771685747964000,0.0005197711,0.001346018,0.0,160,1,0,0,0,0,0,0,0,0,0,0,0
1771685748012000,1771685747858000,1771685748012000,0.0005197711,0.001346018,0.0,160,1,0,0,0,0,0,0,0,0,0,0,0
1771685748068000,1771685747910000,1771685748068000,0.0005197711,0.001346018,0.0,160,1,0,0,0,0,0,0,0,0,0,0,0
1771685748116000,1771685747962000,1771685748116000,0.0005197711,0.001346018,0.0,160,1,0,0,0,0,0,0,0,0,0,0,0
1771685748172000,1771685748014000,1771685748172000,0.0005197711,0.001346018,0.0,160,1,0,0,0,0,0,0,0,0,0,0,0
1771685748220000,1771685748066000,1771685748220000,0.0005197711,0.001346018,0.0,160,1,0,0,0,0,0,0,0,0,0,0,0
1771685748276000,1771685748118000,1771685748276000,0.0005197711,0.001346018,0.0,160,1,0,0,0,0,0,0,0,0,0,0,0
1771685748324000,1771685748170000,1771685748324000,0.0005197711,0.001346018,0.0,160,1,0,0,0,0,0,0,0,0,0,0,0
1771685748380000,1771685748222000,1771685748380000,0.0005197711,0.001346018,0.0,160,1,0,0,0,0,0,0,0,0,0,0,0
1771685748428000,1771685748274000,1771685748428000,0.0005197711,0.001346018,0.0,160,1,0,0,0,0,0,0,0,0,0,0,0
1771685748484000,1771685748326000,1771685748484000,0.0005197711,0.001346018,0.0,160,1,0,0,0,0,0,0,0,0,0,0,0
1771685748532000,1771685748378000,1771685748532000,0.0005197711,0.001346018,0.0,160,1,0,0,0,0,0,0,0,0,0,0,0
1771685748588000,1771685748430000,1771685748588000,0.0005197711,0.001346018,0.0,160,1,0,0,0,0,0,0,0,0,0,0,0
1771685748636000,1771685748482000,1771685748636000,0.0005197711,0.001346018,0.0,160,1,0,0,0,0,0,0,0,0,0,0,0
1771685748692000,1771685748534000,1771685748692000,0.0005197711,0.001346018,0.0,160,1,0,0,0,0,0,0,0,0,0,0,0
1771685748740000,1771685748586000,1771685748740000,0.0005197711,0.001346018,0.0,160,1,0,0,0,0,0,0,0,0,0,0,0
1771685748796000,1771685748638000,1771685748796000,0.0005197711,0.001346018,0.0,160,1,0,0,0,0,0,0,0,0,0,0,0
1771685748844000,1771685748690000,1771685748844000,0.0005197711,0.001346018,0.0,160,1,0,0,0,0,0,0,0,0,0,0,0
1771685748900000,1771685748742000,1771685748900000,0.0005197711,0.001346018,0.0,160,1,0,0,0,0,0,0,0,0,0,0,0
1771685748948000,1771685748794000,1771685748948000,0.0005197711,0.001346018,0.0,160,1,0,0,0,0,0,0,0,0,0,0,0
1771685749004000,1771685748846000,1771685749004000,0.0005197711,0.001346018,0.0,160,1,0,0,0,0,0,0,0,0,0,0,0
1771685749052000,1771685748898000,1771685749052000,0.0005197711,0.001346018,0.0,160,1,0,0,0,0,0,0,0,0,0,0,0
1771685749108000,1771685748950000,1771685749108000,0.0005197711,0.001346018,0.0,160,1,0,0,0,0,0,0,0,0,0,0,0
1771685749156000,1771685749002000,1771685749156000,0.0005197711,0.001346018,0.0,160,1,0,0,0,0,0,0,0,0,0,0,0
1771685749212000,1771685749054000,1771685749212000,0.0005197711,0.001346018,0.0,160,1,0,0,0,0,0,0,0,0,0,0,0
1771685749260000,1771685749106000,1771685749260000,0.0005197711,0.001346018,0.0,160,1,0,0,0,0,0,0,0,0,0,0,0
1771685749316000,1771685749158000,1771685749316000,0.0005197711,0.001346018,0.0,160,1,0,0,0,0,0,0,0,0,0,0,0
1771685749364000,1771685749210000,1771685749364000,0.0005197711,0.001346018,0.0,160,1,0,0,0,0,0,0,0,0,0,0,0
1771685749420000,1771685749262000,1771685749420000,0.0005197711,0.001346018,0.0,160,1,0,0,0,0,0,0,0,0,0,0,0
1771685749468000,1771685749314000,1771685749468000,0.0005197711,0.001346018,0.0,160,1,0,0,0,0,0,0,0,0,0,0,0
1771685749524000,1771685749366000,1771685749524000,0.0005197711,0.001346018,0.0,160,1,0,0,0,0,0,0,0,0,0,0,0
1771685749572000,1771685749418000,1771685749572000,0.0005197711,0.001346018,0.0,160,1,0,0,0,0,0,0,0,0,0,0,0
1771685749628000,1771685749470000,1771685749628000,0.0005197711,0.001346018,0.0,160,1,0,0,0,0,0,0,0,0,0,0,0
1771685749676000,1771685749522000,1771685749676000,0.0005197711,0.001346018,0.0,160,1,0,0,0,0,0,0,0,0,0,0,0
1771685749732000,1771685749574000,1771685749732000,0.0005197711,0.001346018,0.0,160,1,0,0,0,0,0,0,0,0,0,0,0
1771685749780000,1771685749626000,1771685749780000,0.0005197711,0.001346018,0.0,160,1,0,0,0,0,0,0,0,0,0,0,0
1771685749836000,1771685749678000,1771685749836000,0.0005197711,0.001346018,0.0,160,1,0,0,0,0,0,0,0,0,0,0,0
1771685749884000,1771685749730000,1771685749884000,0.0005197711,0.001346018,0.0,160,1,0,0,0,0,0,0,0,0,0,0,0
1771685749940000,1771685749782000,1771685749940000,0.0005197711,0.001346018,0.0,160,1,0,0,0,0,0,0,0,0,0,0,0
1771685749988000,1771685749834000,1771685749988000,0.0005197711,0.001346018,0.0,160,1,0,0,0,0,0,0,0,0,0,0,0
1771685750044000,1771685749886000,1771685750044000,0.0005197711,0.001346018,0.0,160,1,0,0,0,0,0,0,0,0,0,0,0
1771685750092000,1771685749938000,1771685750092000,0.0005197711,0.001346018,0.0,160,1,0,0,0,0,0,0,0,0,0,0,0
1771685750148000,1771685749990000,1771685750148000,0.0005197711,0.001346018,0.0,160,1,0,0,0,0,0,0,0,0,0,0,0
1771685750196000,1771685750042000,1771685750196000,0.0005197711,0.001346018,0.0,160,1,0,0,0,0,0,0,0,0,0,0,0
1771685750252000,1771685750094000,1771685750252000,0.0005197711,0.001346018,0.0,160,1,0,0,0,0,0,0,0,0,0,0,0
1771685750300000,1771685750146000,1771685750300000,0.0005197711,0.001346018,0.0,160,1,0,0,0,0,0,0,0,0,0,0,0
1771685750356000,1771685750198000,1771685750356000,0.0005197711,0.001346018,0.0,160,1,0,0,0,0,0,0,0,0,0,0,0
1771685750404000,1771685750250000,1771685750404000,0.0005197711,0.001346018,0.0,160,1,0,0,0,0,0,0,0,0,0,0,0
1771685750460000,1771685750302000,1771685750460000,0.0005197711,0.001346018,0.0,160,1,0,0,0,0,0,0,0,0,0,0,0
1771685750508000,1771685750354000,1771685750508000,0.0005197711,0.001346018,0.0,160,1,0,0,0,0,0,0,0,0,0,0,0
1771685750564000,1771685750406000,1771685750564000,0.0005197711,0.001346018,0.0,160,1,0,0,0,0,0,0,0,0,0,0,0
1771685750612000,1771685750458000,1771685750612000,0.0005197711,0.001346018,0.0,160,1,0,0,0,0,0,0,0,0,0,0,0
1771685750668000,1771685750510000,1771685750668000,0.0005197711,0.001346018,0.0,160,1,0,0,0,0,0,0,0,0,0,0,0
1771685750716000,1771685750562000,1771685750716000,0.0005197711,0.001346018,0.0,160,1,0,0,0,0,0,0,0,0,0,0,0
1771685750772000,1771685750614000,1771685750772000,0.0005197711,0.001346018,0.0,160,1,0,0,0,0,0,0,0,0,0,0,0
1771685750820000,1771685750666000,1771685750820000,0.0005197711,0.001346018,0.0,160,1,0,0,0,0,0,0,0,0,0,0,0
1771685750876000,1771685750718000,1771685750876000,0.0005197711,0.001346018,0.0,160,1,0,0,0,0,0,0,0,0,0,0,0
1771685750924000,1771685750770000,1771685750924000,0.0005197711,0.001346018,0.0,160,1,0,0,0,0,0,0,0,0,0,0,0
1771685750980000,1771685750822000,1771685750980000,0.0005197711,0.001346018,0.0,160,1,0,0,0,0,0,0,0,0,0,0,0
1771685751028000,1771685750874000,1771685751028000,0.0005197711,0.001346018,0.0,160,1,0,0,0,0,0,0,0,0,0,0,0
1771685751084000,1771685750926000,1771685751084000,0.0005197711,0.001346018,0.0,160,1,0,0,0,0,0,0,0,0,0,0,0
1771685751132000,1771685750978000,1771685751132000,0.0005197711,0.001346018,0.0,160,1,0,0,0,0,0,0,0,0,0,0,0
1771685751188000,1771685751030000,1771685751188000,0.0005197711,0.001346018,0.0,160,1,0,0,0,0,0,0,0,0,0,0,0
1771685751236000,1771685751082000,1771685751236000,0.0005197711,0.001346018,0.0,160,1,0,0,0,0,0,0,0,0,0,0,0
1771685751292000,1771685751134000,1771685751292000,0.0005197711,0.001346018,0.0,160,1,0,0,0,0,0,0,0,0,0,0,0
1771685751340000,1771685751186000,1771685751340000,0.0005197711,0.001346018,0.0,160,1,0,0,0,0,0,0,0,0,0,0,0
1771685751396000,1771685751238000,1771685751396000,0.0005197711,0.001346018,0.0,160,1,0,0,0,0,0,0,0,0,0,0,0
1771685751444000,1771685751290000,1771685751444000,0.0005197711,0.001346018,0.0,160,1,0,0,0,0,0,0,0,0,0,0,0
1771685751500000,1771685751342000,1771685751500000,0.0005197711,0.001346018,0.0,160,1,0,0,0,0,0,0,0,0,0,0,0
1771685751548000,1771685751394000,1771685751548000,0.0005197711,0.001346018,0.0,160,1,0,0,0,0,0,0,0,0,0,0,0
1771685751604000,1771685751446000,1771685751604000,0.0005197711,0.001346018,0.0,160,1,0,0,0,0,0,0,0,0,0,0,0
1771685751652000,1771685751498000,1771685751652000,0.0005197711,0.001346018,0.0,160,1,0,0,0,0,0,0,0,0,0,0,0
1771685751708000,1771685751550000,1771685751708000,0.0005197711,0.001346018,0.0,160,1,0,0,0,0,0,0,0,0,0,0,0
1771685751756000,1771685751602000,1771685751756000,0.0005197711,0.001346018,0.0,160,1,0,0,0,0,0,0,0,0,0,0,0
1771685751812000,1771685751654000,1771685751812000,0.0005197711,0.001346018,0.0,160,1,0,0,0,0,0,0,0,0,0,0,0
1771685751860000,1771685751706000,1771685751860000,0.0005197711,0.001346018,0.0,160,1,0,0,0,0,0,0,0,0,0,0,0
1771685751916000,1771685751758000,1771685751916000,0.0005197711,0.001346018,0.0,160,1,0,0,0,0,0,0,0,0,0,0,0
1771685751964000,1771685751810000,1771685751964000,0.0005197711,0.001346018,0.0,160,1,0,0,0,0,0,0,0,0,0,0,0
1771685752020000,1771685751862000,1771685752020000,0.0005197711,0.001346018,0.0,160,1,0,0,0,0,0,0,0,0,0,0,0
1771685752068000,1771685751914000,1771685752068000,0.0005197711,0.001346018,0.0,160,1,0,0,0,0,0,0,0,0,0,0,0
1771685752124000,1771685751966000,1771685752124000,0.0005197711,0.001346018,0.0,160,1,0,0,0,0,0,0,0,0,0,0,0
1771685752172000,1771685752018000,1771685752172000,0.0005197711,0.001346018,0.0,160,1,0,0,0,0,0,0,0,0,0,0,0
1771685752228000,1771685752070000,1771685752228000,0.0005197711,0.001346018,0.0,160,1,0,0,0,0,0,0,0,0,0,0,0
1771685752276000,1771685752122000,1771685752276000,0.0005197711,0.001346018,0.0,160,1,0,0,0,0,0,0,0,0,0,0,0
1771685752332000,1771685752174000,1771685752332000,0.0005197711,0.001346018,0.0,160,1,0,0,0,0,0,0,0,0,0,0,0
1771685752380000,1771685752226000,1771685752380000,0.0005197711,0.001346018,0.0,160,1,0,0,0,0,0,0,0,0,0,0,0
1771685752436000,1771685752278000,1771685752436000,0.0005197711,0.001346018,0.0,160,1,0,0,0,0,0,0,0,0,0,0,0
1771685752484000,1771685752330000,1771685752484000,0.0005197711,0.001346018,0.0,160,1,0,0,0,0,0,0,0,0,0,0,0
1771685752540000,1771685752382000,1771685752540000,0.0005197711,0.001346018,0.0,160,1,0,0,0,0,0,0,0,0,0,0,0
1771685752588000,1771685752434000,1771685752588000,0.0005197711,0.001346018,0.0,160,1,0,0,0,0,0,0,0,0,0,0,0
1771685752644000,1771685752486000,1771685752644000,0.0005197711,0.001346018,0.0,160,1,0,0,0,0,0,0,0,0,0,0,0
1771685752692000,1771685752538000,1771685752692000,0.0005197711,0.001346018,0.0,160,1,0,0,0,0,0,0,0,0,0,0,0
1771685752748000,1771685752590000,1771685752748000,0.0005197711,0.001346018,0.0,160,1,0,0,0,0,0,0,0,0,0,0,0
1771685752796000,1771685752642000,1771685752796000,0.0005197711,0.001346018,0.0,160,1,0,0,0,0,0,0,0,0,0,0,0
1771685752852000,1771685752694000,1771685752852000,0.0005197711,0.001346018,0.0,160,1,0,0,0,0,0,0,0,0,0,0,0
1771685752900000,1771685752746000,1771685752900000,0.0005197711,0.001346018,0.0,160,1,0,0,0,0,0,0,0,0,0,0,0
1771685752956000,1771685752798000,1771685752956000,0.0005197711,0.001346018,0.0,160,1,0,0,0,0,0,0,0,0,0,0,0
1771685753004000,1771685752850000,1771685753004000,0.0005197711,0.001346018,0.0,160,1,0,0,0,0,0,0,0,0,0,0,0
1771685753060000,1771685752902000,1771685753060000,0.0005197711,0.001346018,0.0,160,1,0,0,0,0,0,0,0,0,0,0,0
1771685753108000,1771685752954000,1771685753108000,0.0005197711,0.001346018,0.0,160,1,0,0,0,0,0,0,0,0,0,0,0
1771685753164000,1771685753006000,1771685753164000,0.0005197711,0.001346018,0.0,160,1,0,0,0,0,0,0,0,0,0,0,0
1771685753212000,1771685753058000,1771685753212000,0.0005197711,0.001346018,0.0,160,1,0,0,0,0,0,0,0,0,0,0,0
1771685753268000,1771685753110000,1771685753268000,0.0005197711,0.001346018,0.0,160,1,0,0,0,0,0,0,0,0,0,0,0
1771685753316000,1771685753162000,1771685753316000,0.0005197711,0.001346018,0.0,160,1,0,0,0,0,0,0,0,0,0,0,0
1771685753372000,1771685753214000,1771685753372000,0.0005197711,0.001346018,0.0,160,1,0,0,0,0,0,0,0,0,0,0,0
1771685753420000,1771685753266000,1771685753420000,0.0005197711,0.001346018,0.0,160,1,0,0,0,0,0,0,0,0,0,0,0
1771685753476000,1771685753318000,1771685753476000,0.0005197711,0.001346018,0.0,160,1,0,0,0,0,0,0,0,0,0,0,0
1771685753524000,1771685753370000,1771685753524000,0.0005197711,0.001346018,0.0,160,1,0,0,0,0,0,0,0,0,0,0,0
1771685753580000,1771685753422000,1771685753580000,0.0005197711,0.001346018,0.0,160,1,0,0,0,0,0,0,0,0,0,0,0
1771685753628000,1771685753474000,1771685753628000,0.0005197711,0.001346018,0.0,160,1,0,0,0,0,0,0,0,0,0,0,0
1771685753684000,1771685753526000,1771685753684000,0.0005197711,0.001346018,0.0,160,1,0,0,0,0,0,0,0,0,0,0,0
1771685753732000,1771685753578000,1771685753732000,0.0005197711,0.001346018,0.0,160,1,0,0,0,0,0,0,0,0,0,0,0
1771685753788000,1771685753630000,1771685753788000,0.0005197711,0.001346018,0.0,160,1,0,0,0,0,0,0,0,0,0,0,0
1771685753836000,1771685753682000,1771685753836000,0.0005197711,0.001346018,0.0,160,1,0,0,0,0,0,0,0,0,0,0,0
1771685753892000,1771685753734000,1771685753892000,0.0005197711,0.001346018,0.0,160,1,0,0,0,0,0,0,0,0,0,0,0
1771685753940000,1771685753786000,1771685753940000,0.0005197711,0.001346018,0.0,160,1,0,0,0,0,0,0,0,0,0,0,0
1771685753996000,1771685753838000,1771685753996000,0.0005197711,0.001346018,0.0,160,1,0,0,0,0,0,0,0,0,0,0,0
1771685754044000,1771685753890000,1771685754044000,0.0005197711,0.001346018,0.0,160,1,0,0,0,0,0,0,0,0,0,0,0
1771685754100000,1771685753942000,1771685754100000,0.0005197711,0.001346018,0.0,160,1,0,0,0,0,0,0,0,0,0,0,0
1771685754148000,1771685753994000,1771685754148000,0.0005197711,0.001346018,0.0,160,1,0,0,0,0,0,0,0,0,0,0,0
1771685754204000,1771685754046000,1771685754204000,0.0005197711,0.001346018,0.0,160,1,0,0,0,0,0,0,0,0,0,0,0
1771685754252000,1771685754098000,1771685754252000,0.0005197711,0.001346018,0.0,160,1,0,0,0,0,0,0,0,0,0,0,0
1771685754308000,1771685754150000,1771685754308000,0.0005197711,0.001346018,0.0,160,1,0,0,0,0,0,0,0,0,0,0,0
1771685754356000,1771685754202000,1771685754356000,0.0005197711,0.001346018,0.0,160,1,0,0,0,0,0,0,0,0,0,0,0
1771685754412000,1771685754254000,1771685754412000,0.0005197711,0.001346018,0.0,160,1,0,0,0,0,0,0,0,0,0,0,0
1771685754460000,1771685754306000,1771685754460000,0.0005197711,0.001346018,0.0,160,1,0,0,0,0,0,0,0,0,0,0,0
1771685754516000,1771685754358000,1771685754516000,0.0005197711,0.001346018,0.0,160,1,0,0,0,0,0,0,0,0,0,0,0
1771685754564000,1771685754410000,1771685754564000,0.0005197711,0.001346018,0.0,160,1,0,0,0,0,0,0,0,0,0,0,0
1771685754620000,1771685754462000,1771685754620000,0.0005197711,0.001346018,0.0,160,1,0,0,0,0,0,0,0,0,0,0,0
1771685754668000,1771685754514000,1771685754668000,0.0005197711,0.001346018,0.0,160,1,0,0,0,0,0,0,0,0,0,0,0
1771685754724000,1771685754566000,1771685754724000,0.0005197711,0.001346018,0.0,160,1,0,0,0,0,0,0,0,0,0,0,0
1771685754772000,1771685754618000,1771685754772000,0.0005197711,0.001346018,0.0,160,1,0,0,0,0,0,0,0,0,0,0,0
1771685754828000,1771685754670000,1771685754828000,0.0005197711,0.001346018,0.0,160,1,0,0,0,0,0,0,0,0,0,0,0
1771685754876000,1771685754722000,1771685754876000,0.0005197711,0.001346018,0.0,160,1,0,0,0,0,0,0,0,0,0,0,0
1771685754932000,1771685754774000,1771685754932000,0.0005197711,0.001346018,0.0,160,1,0,0,0,0,0,0,0,0,0,0,0
1771685754980000,1771685754826000,1771685754980000,0.0005197711,0.001346018,0.0,160,1,0,0,0,0,0,0,0,0,0,0,0
1771685755036000,1771685754878000,1771685755036000,0.0005197711,0.001346018,0.0,160,1,0,0,0,0,0,0,0,0,0,0,0
1771685755084000,1771685754930000,1771685755084000,0.0005197711,0.001346018,0.0,160,1,0,0,0,0,0,0,0,0,0,0,0
1771685755140000,1771685754982000,1771685755140000,0.0005197711,0.001346018,0.0,160,1,0,0,0,0,0,0,0,0,0,0,0
1771685755188000,1771685755034000,1771685755188000,0.0005197711,0.001346018,0.0,160,1,0,0,0,0,0,0,0,0,0,0,0
1771685755244000,1771685755086000,1771685755244000,0.0005197711,0.001346018,0.0,160,1,0,0,0,0,0,0,0,0,0,0,0
1771685755292000,1771685755138000,1771685755292000,0.0005197711,0.001346018,0.0,160,1,0,0,0,0,0,0,0,0,0,0,0
1771685755348000,1771685755190000,1771685755348000,0.0005197711,0.001346018,0.0,160,1,0,0,0,0,0,0,0,0,0,0,0
1771685755396000,1771685755242000,1771685755396000,0.0005197711,0.001346018,0.0,160,1,0,0,0,0,0,0,0,0,0,0,0
1771685755452000,1771685755294000,1771685755452000,0.0005197711,0.001346018,0.0,160,1,0,0,0,0,0,0,0,0,0,0,0
1771685755500000,1771685755346000,1771685755500000,0.0005197711,0.001346018,0.0,160,1,0,0,0,0,0,0,0,0,0,0,0
1771685755556000,1771685755398000,1771685755556000,0.0005197711,0.001346018,0.0,160,1,0,0,0,0,0,0,0,0,0,0,0
1771685755604000,1771685755450000,1771685755604000,0.0005197711,0.001346018,0.0,160,1,0,0,0,0,0,0,0,0,0,0,0
1771685755660000,1771685755502000,1771685755660000,0.0005197711,0.001346018,0.0,160,1,0,0,0,0,0,0,0,0,0,0,0
1771685755708000,1771685755554000,1771685755708000,0.0005197711,0.001346018,0.0,160,1,0,0,0,0,0,0,0,0,0,0,0
1771685755764000,1771685755606000,1771685755764000,0.0005197711,0.001346018,0.0,160,1,0,0,0,0,0,0,0,0,0,0,0
1771685755812000,1771685755658000,1771685755812000,0.0005197711,0.001346018,0.0,160,1,0,0,0,0,0,0,0,0,0,0,0
1771685755868000,1771685755710000,1771685755868000,0.0005197711,0.001346018,0.0,160,1,0,0,0,0,0,0,0,0,0,0,0
1771685755916000,1771685755762000,1771685755916000,0.0005197711,0.001346018,0.0,160,1,0,0,0,0,0,0,0,0,0,0,0
1771685755972000,1771685755814000,1771685755972000,0.0005197711,0.001346018,0.0,160,1,0,0,0,0,0,0,0,0,0,0,0
1771685756020000,1771685755866000,1771685756020000,0.0005197711,0.001346018,0.0,160,1,0,0,0,0,0,0,0,0,0,0,0
1771685756076000,1771685755918000,1771685756076000,0.0005197711,0.001346018,0.0,160,1,0,0,0,0,0,0,0,0,0,0,0
1771685756124000,1771685755970000,1771685756124000,0.0005197711,0.001346018,0.0,160,1,0,0,0,0,0,0,0,0,0,0,0
1771685756180000,1771685756022000,1771685756180000,0.0005197711,0.001346018,0.0,160,1,0,0,0,0,0,0,0,0,0,0,0
1771685756228000,1771685756074000,1771685756228000,0.0005197711,0.001346018,0.0,160,1,0,0,0,0,0,0,0,0,0,0,0
1771685756284000,1771685756126000,1771685756284000,0.0005197711,0.001346018,0.0,160,1,0,0,0,0,0,0,0,0,0,0,0
1771685756332000,1771685756178000,1771685756332000,0.0005197711,0.001346018,0.0,160,1,0,0,0,0,0,0,0,0,0,0,0
1771685756388000,1771685756230000,1771685756388000,0.0005197711,0.001346018,0.0,160,1,0,0,0,0,0,0,0,0,0,0,0
1771685756436000,1771685756282000,1771685756436000,0.0005197711,0.001346018,0.0,160,1,0,0,0,0,0,0,0,0,0,0,0
1771685756492000,1771685756334000,1771685756492000,0.0005197711,0.001346018,0.0,160,1,0,0,0,0,0,0,0,0,0,0,0
1771685756540000,1771685756386000,1771685756540000,0.0005197711,0.001346018,0.0,160,1,0,0,0,0,0,0,0,0,0,0,0
1771685756596000,1771685756438000,1771685756596000,0.0005197711,0.001346018,0.0,160,1,0,0,0,0,0,0,0,0,0,0,0
1771685756644000,1771685756490000,1771685756644000,0.0005197711,0.001346018,0.0,160,1,0,0,0,0,0,0,0,0,0,0,0
1771685756700000,1771685756542000,1771685756700000,0.0005197711,0.001346018,0.0,160,1,0,0,0,0,0,0,0,0,0,0,0
1771685756748000,1771685756594000,1771685756748000,0.0005197711,0.001346018,0.0,160,1,0,0,0,0,0,0,0,0,0,0,0
1771685756804000,1771685756646000,1771685756804000,0.0005197711,0.001346018,0.0,160,1,0,0,0,0,0,0,0,0,0,0,0
1771685756852000,1771685756698000,1771685756852000,0.0005197711,0.001346018,0.0,160,1,0,0,0,0,0,0,0,0,0,0,0
1771685756908000,1771685756750000,1771685756908000,0.0005197711,0.001346018,0.0,160,1,0,0,0,0,0,0,0,0,0,0,0
1771685756956000,1771685756802000,1771685756956000,0.0005197711,0.001346018,0.0,160,1,0,0,0,0,0,0,0,0,0,0,0
1771685757012000,1771685756854000,1771685757012000,0.0005197711,0.001346018,0.0,160,1,0,0,0,0,0,0,0,0,0,0,0
1771685757060000,1771685756906000,1771685757060000,0.0005197711,0.001346018,0.0,160,1,0,0,0,0,0,0,0,0,0,0,0
1771685757116000,1771685756958000,1771685757116000,0.0005197711,0.001346018,0.0,160,1,0,0,0,0,0,0,0,0,0,0,0
1771685757164000,1771685757010000,1771685757164000,0.0005197711,0.001346018,0.0,160,1,0,0,0,0,0,0,0,0,0,0,0
1771685757220000,1771685757062000,1771685757220000,0.0005197711,0.001346018,0.0,160,1,0,0,0,0,0,0,0,0,0,0,0
1771685757268000,1771685757114000,1771685757268000,0.0005197711,0.001346018,0.0,160,1,0,0,0,0,0,0,0,0,0,0,0
1771685757324000,1771685757166000,1771685757324000,0.0005197711,0.001346018,0.0,160,1,0,0,0,0,0,0,0,0,0,0,0
1771685757372000,1771685757218000,1771685757372000,0.0005197711,0.001346018,0.0,160,1,0,0,0,0,0,0,0,0,0,0,0
1771685757428000,1771685757270000,1771685757428000,0.0005197711,0.001346018,0.0,160,1,0,0,0,0,0,0,0,0,0,0,0
1771685757476000,1771685757322000,1771685757476000,0.0005197711,0.001346018,0.0,160,1,0,0,0,0,0,0,0,0,0,0,0
1771685757532000,1771685757374000,1771685757532000,0.0005197711,0.001346018,0.0,160,1,0,0,0,0,0,0,0,0,0,0,0
1771685757580000,1771685757426000,1771685757580000,0.0005197711,0.001346018,0.0,160,1,0,0,0,0,0,0,0,0,0,0,0
1771685757636000,1771685757478000,1771685757636000,0.0005197711,0.001346018,0.0,160,1,0,0,0,0,0,0,0,0,0,0,0
1771685757684000,1771685757530000,1771685757684000,0.0005197711,0.001346018,0.0,160,1,0,0,0,0,0,0,0,0,0,0,0
1771685757740000,1771685757582000,1771685757740000,0.0005197711,0.001346018,0.0,160,1,0,0,0,0,0,0,0,0,0,0,0
1771685757788000,1771685757634000,1771685757788000,0.0005197711,0.001346018,0.0,160,1,0,0,0,0,0,0,0,0,0,0,0
1771685757844000,1771685757686000,1771685757844000,0.0005197711,0.001346018,0.0,160,1,0,0,0,0,0,0,0,0,0,0,0
1771685757892000,1771685757738000,1771685757892000,0.0005197711,0.001346018,0.0,160,1,0,0,0,0,0,0,0,0,0,0,0
1771685757948000,1771685757790000,1771685757948000,0.0005197711,0.001346018,0.0,160,1,0,0,0,0,0,0,0,0,0,0,0
1771685757996000,1771685757842000,1771685757996000,0.0005197711,0.001346018,0.0,160,1,0,0,0,0,0,0,0,0,0,0,0
1771685758052000,1771685757894000,1771685758052000,0.0005197711,0.001346018,0.0,160,1,0,0,0,0,0,0,0,0,0,0,0
1771685758100000,1771685757946000,1771685758100000,0.0005197711,0.001346018,0.0,160,1,0,0,0,0,0,0,0,0,0,0,0
1771685758156000,1771685757998000,1771685758156000,0.0005197711,0.001346018,0.0,160,1,0,0,0,0,0,0,0,0,0,0,0
1771685758204000,1771685758050000,1771685758204000,0.0005197711,0.001346018,0.0,160,1,0,0,0,0,0,0,0,0,0,0,0
1771685758260000,1771685758102000,1771685758260000,0.0005197711,0.001346018,0.0,160,1,0,0,0,0,0,0,0,0,0,0,0
1771685758308000,1771685758154000,1771685758308000,0.0005197711,0.001346018,0.0,160,1,0,0,0,0,0,0,0,0,0,0,0
1771685758364000,1771685758206000,1771685758364000,0.0005197711,0.001346018,0.0,160,1,0,0,0,0,0,0,0,0,0,0,0
1771685758412000,1771685758258000,1771685758412000,0.0005197711,0.001346018,0.0,160,1,0,0,0,0,0,0,0,0,0,0,0
1771685758468000,1771685758310000,1771685758468000,0.0005197711,0.001346018,0.0,160,1,0,0,0,0,0,0,0,0,0,0,0
1771685758516000,1771685758362000,1771685758516000,0.0005197711,0.001346018,0.0,160,1,0,0,0,0,0,0,0,0,0,0,0
1771685758572000,1771685758414000,1771685758572000,0.0005197711,0.001346018,0.0,160,1,0,0,0,0,0,0,0,0,0,0,0
1771685758620000,1771685758466000,1771685758620000,0.0005197711,0.001346018,0.0,160,1,0,0,0,0,0,0,0,0,0,0,0
1771685758676000,1771685758518000,1771685758676000,0.0005197711,0.001346018,0.0,160,1,0,0,0,0,0,0,0,0,0,0,0
1771685758724000,1771685758570000,1771685758724000,0.0005197711,0.001346018,0.0,160,1,0,0,0,0,0,0,0,0,0,0,0
1771685758780000,1771685758622000,1771685758780000,0.0005197711,0.001346018,0.0,160,1,0,0,0,0,0,0,0,0,0,0,0
1771685758828000,1771685758674000,1771685758828000,0.0005197711,0.001346018,0.0,160,1,0,0,0,0,0,0,0,0,0,0,0
1771685758884000,1771685758726000,1771685758884000,0.0005197711,0.001346018,0.0,160,1,0,0,0,0,0,0,0,0,0,0,0
1771685758932000,1771685758778000,1771685758932000,0.0005197711,0.001346018,0.0,160,1,0,0,0,0,0,0,0,0,0,0,0
1771685758988000,1771685758830000,1771685758988000,0.0005197711,0.001346018,0.0,160,1,0,0,0,0,0,0,0,0,0,0,0
1771685759036000,1771685758882000,1771685759036000,0.0005197711,0.001346018,0.0,160,1,0,0,0,0,0,0,0,0,0,0,0
1771685759092000,1771685758934000,1771685759092000,0.0005197711,0.001346018,0.0,160,1,0,0,0,0,0,0,0,0,0,0,0
1771685759140000,1771685758986000,1771685759140000,0.0005197711,0.001346018,0.0,160,1,0,0,0,0,0,0,0,0,0,0,0
1771685759196000,1771685759038000,1771685759196000,0.0005197711,0.001346018,0.0,160,1,0,0,0,0,0,0,0,0,0,0,0
1771685759244000,1771685759090000,1771685759244000,0.0005197711,0.001346018,0.0,160,1,0,0,0,0,0,0,0,0,0,0,0
1771685759300000,1771685759142000,1771685759300000,0.0005197711,0.001346018,0.0,160,1,0,0,0,0,0,0,0,0,0,0,0
1771685759348000,1771685759194000,1771685759348000,0.0005197711,0.001346018,0.0,160,1,0,0,0,0,0,0,0,0,0,0,0
1771685759404000,1771685759246000,1771685759404000,0.0005197711,0.001346018,0.0,160,1,0,0,0,0,0,0,0,0,0,0,0
1771685759452000,1771685759298000,1771685759452000,0.0005197711,0.001346018,0.0,160,1,0,0,0,0,0,0,0,0,0,0,0
1771685759508000,1771685759350000,1771685759508000,0.0005197711,0.001346018,0.0,160,1,0,0,0,0,0,0,0,0,0,0,0
1771685759556000,1771685759402000,1771685759556000,0.0005197711,0.001346018,0.0,160,1,0,0,0,0,0,0,0,0,0,0,0
1771685759612000,1771685759454000,1771685759612000,0.0005197711,0.001346018,0.0,160,1,0,0,0,0,0,0,0,0,0,0,0
1771685759660000,1771685759506000,1771685759660000,0.0005197711,0.001346018,0.0,160,1,0,0,0,0,0,0,0,0,0,0,0
1771685759716000,1771685759558000,1771685759716000,0.0005197711,0.001346018,0.0,160,1,0,0,0,0,0,0,0,0,0,0,0
1771685759764000,1771685759610000,1771685759764000,0.0005197711,0.001346018,0.0,160,1,0,0,0,0,0,0,0,0,0,0,0
1771685759820000,1771685759662000,1771685759820000,0.0005197711,0.001346018,0.0,160,1,0,0,0,0,0,0,0,0,0,0,0
1771685759868000,1771685759714000,1771685759868000,0.0005197711,0.001346018,0.0,160,1,0,0,0,0,0,0,0,0,0,0,0
1771685759924000,1771685759766000,1771685759924000,0.0005197711,0.001346018,0.0,160,1,0,0,0,0,0,0,0,0,0,0,0
1771685759972000,1771685759818000,1771685759972000,0.0005197711,0.001346018,0.0,160,1,0,0,0,0,0,0,0,0,0,0,0
1771685760028000,1771685759870000,1771685760028000,0.0005197711,0.001346018,0.0,160,1,0,0,0,0,0,0,0,0,0,0,0
1771685760076000,1771685759922000,1771685760076000,0.0005197711,0.001346018,0.0,160,1,0,0,0,0,0,0,0,0,0,0,0
1771685760132000,1771685759974000,1771685760132000,0.0005197711,0.001346018,0.0,160,1,0,0,0,0,0,0,0,0,0,0,0
1771685760180000,1771685760026000,1771685760180000,0.0005197711,0.001346018,0.0,160,1,0,0,0,0,0,0,0,0,0,0,0
1771685760236000,1771685760078000,1771685760236000,0.0005197711,0.001346018,0.0,160,1,0,0,0,0,0,0,0,0,0,0,0
1771685760284000,1771685760130000,1771685760284000,0.0005197711,0.001346018,0.0,160,1,0,0,0,0,0,0,0,0,0,0,0
1771685760340000,1771685760182000,1771685760340000,0.0005197711,0.001346018,0.0,160,1,0,0,0,0,0,0,0,0,0,0,0
1771685760388000,1771685760234000,1771685760388000,0.0005197711,0.001346018,0.0,160,1,0,0,0,0,0,0,0,0,0,0,0
1771685760444000,1771685760286000,1771685760444000,0.0005197711,0.001346018,0.0,160,1,0,0,0,0,0,0,0,0,0,0,0
1771685760492000,1771685760338000,1771685760492000,0.0005197711,0.001346018,0.0,160,1,0,0,0,0,0,0,0,0,0,0,0
1771685760548000,1771685760390000,1771685760548000,0.0005197711,0.001346018,0.0,160,1,0,0,0,0,0,0,0,0,0,0,0
1771685760596000,1771685760442000,1771685760596000,0.0005197711,0.001346018,0.0,160,1,0,0,0,0,0,0,0,0,0,0,0
1771685760652000,1771685760494000,1771685760652000,0.0005197711,0.001346018,0.0,160,1,0,0,0,0,0,0,0,0,0,0,0
1771685760700000,1771685760546000,1771685760700000,0.0005197711,0.001346018,0.0,160,1,0,0,0,0,0,0,0,0,0,0,0
1771685760756000,1771685760598000,1771685760756000,0.0005197711,0.001346018,0.0,160,1,0,0,0,0,0,0,0,0,0,0,0
1771685760804000,1771685760650000,1771685760804000,0.0005197711,0.001346018,0.0,160,1,0,0,0,0,0,0,0,0,0,0,0
1771685760860000,1771685760702000,1771685760860000,0.0005197711,0.001346018,0.0,160,1,0,0,0,0,0,0,0,0,0,0,0
1771685760908000,1771685760754000,1771685760908000,0.0005197711,0.001346018,0.0,160,1,0,0,0,0,0,0,0,0,0,0,0
1771685760964000,1771685760806000,1771685760964000,0.0005197711,0.001346018,0.0,160,1,0,0,0,0,0,0,0,0,0,0,0
1771685761012000,1771685760858000,1771685761012000,0.0005197711,0.001346018,0.0,160,1,0,0,0,0,0,0,0,0,0,0,0
1771685761068000,1771685760910000,1771685761068000,0.0005197711,0.001346018,0.0,160,1,0,0,0,0,0,0,0,0,0,0,0
1771685761116000,1771685760962000,1771685761116000,0.0005197711,0.001346018,0.0,160,1,0,0,0,0,0,0,0,0,0,0,0
1771685761172000,1771685761014000,1771685761172000,0.0005197711,0.001346018,0.0,160,1,0,0,0,0,0,0,0,0,0,0,0
1771685761220000,1771685761066000,1771685761220000,0.0005197711,0.001346018,0.0,160,1,0,0,0,0,0,0,0,0,0,0,0
1771685761276000,1771685761118000,1771685761276000,0.0005197711,0.001346018,0.0,160,1,0,0,0,0,0,0,0,0,0,0,0
1771685761324000,1771685761170000,1771685761324000,0.0005197711,0.001346018,0.0,160,1,0,0,0,0,0,0,0,0,0,0,0
1771685761380000,1771685761222000,1771685761380000,0.0005197711,0.001346018,0.0,160,1,0,0,0,0,0,0,0,0,0,0,0
1771685761428000,1771685761274000,1771685761428000,0.0005197711,0.001346018,0.0,160,1,0,0,0,0,0,0,0,0,0,0,0
1771685761484000,1771685761326000,1771685761484000,0.0005197711,0.001346018,0.0,160,1,0,0,0,0,0,0,0,0,0,0,0
1771685761532000,1771685761378000,1771685761532000,0.0005197711,0.001346018,0.0,160,1,0,0,0,0,0,0,0,0,0,0,0
1771685761588000,1771685761430000,1771685761588000,0.0005197711,0.001346018,0.0,160,1,0,0,0,0,0,0,0,0,0,0,0
1771685761636000,1771685761482000,1771685761636000,0.0005197711,0.001346018,0.0,160,1,0,0,0,0,0,0,0,0,0,0,0
1771685761692000,1771685761534000,1771685761692000,0.0005197711,0.001346018,0.0,160,1,0,0,0,0,0,0,0,0,0,0,0
1771685761740000,1771685761586000,1771685761740000,0.0005197711,0.001346018,0.0,160,1,0,0,0,0,0,0,0,0,0,0,0
1771685761796000,1771685761638000,1771685761796000,0.0005197711,0.001346018,0.0,160,1,0,0,0,0,0,0,0,0,0,0,0
1771685761844000,1771685761690000,1771685761844000,0.0005197711,0.001346018,0.0,160,1,0,0,0,0,0,0,0,0,0,0,0
1771685761900000,1771685761742000,1771685761900000,0.0005197711,0.001346018,0.0,160,1,0,0,0,0,0,0,0,0,0,0,0
1771685761948000,1771685761794000,1771685761948000,0.0005197711,0.001346018,0.0,160,1,0,0,0,0,0,0,0,0,0,0,0
1771685762004000,1771685761846000,1771685762004000,0.0005197711,0.001346018,0.0,160,1,0,0,0,0,0,0,0,0,0,0,0
1771685762052000,1771685761898000,1771685762052000,0.0005197711,0.001346018,0.0,160,1,0,0,0,0,0,0,0,0,0,0,0
1771685762108000,1771685761950000,1771685762108000,0.0005197711,0.001346018,0.0,160,1,0,0,0,0,0,0,0,0,0,0,0
1771685762156000,1771685762002000,1771685762156000,0.0005197711,0.001346018,0.0,160,1,0,0,0,0,0,0,0,0,0,0,0
1771685762212000,1771685762054000,1771685762212000,0.0005197711,0.001346018,0.0,160,1,0,0,0,0,0,0,0,0,0,0,0
1771685762260000,1771685762106000,1771685762260000,0.0005197711,0.001346018,0.0,160,1,0,0,0,0,0,0,0,0,0,0,0
1771685762316000,1771685762158000,1771685762316000,0.0005197711,0.001346018,0.0,160,1,0,0,0,0,0,0,0,0,0,0,0
1771685762364000,1771685762210000,1771685762364000,0.0005197711,0.001346018,0.0,160,1,0,0,0,0,0,0,0,0,0,0,0
1771685762420000,1771685762262000,1771685762420000,0.0005197711,0.001346018,0.0,160,1,0,0,0,0,0,0,0,0,0,0,0
1771685762468000,1771685762314000,1771685762468000,0.0005197711,0.001346018,0.0,160,1,0,0,0,0,0,0,0,0,0,0,0
1771685762524000,1771685762366000,1771685762524000,0.0005197711,0.001346018,0.0,160,1,0,0,0,0,0,0,0,0,0,0,0
1771685762572000,1771685762418000,1771685762572000,0.0005197711,0.001346018,0.0,160,1,0,0,0,0,0,0,0,0,0,0,0
1771685762628000,1771685762470000,1771685762628000,0.0005197711,0.001346018,0.0,160,1,0,0,0,0,0,0,0,0,0,0,0
1771685762676000,1771685762522000,1771685762676000,0.0005197711,0.001346018,0.0,160,1,0,0,0,0,0,0,0,0,0,0,0
1771685762732000,1771685762574000,1771685762732000,0.0005197711,0.001346018,0.0,160,1,0,0,0,0,0,0,0,0,0,0,0
1771685762780000,1771685762626000,1771685762780000,0.0005197711,0.001346018,0.0,160,1,0,0,0,0,0,0,0,0,0,0,0
1771685762836000,1771685762678000,1771685762836000,0.0005197711,0.001346018,0.0,160,1,0,0,0,0,0,0,0,0,0,0,0
1771685762884000,1771685762730000,1771685762884000,0.0005197711,0.001346018,0.0,160,1,0,0,0,0,0,0,0,0,0,0,0
1771685762940000,1771685762782000,1771685762940000,0.0005197711,0.001346018,0.0,160,1,0,0,0,0,0,0,0,0,0,0,0
1771685762988000,1771685762834000,1771685762988000,0.0005197711,0.001346018,0.0,160,1,0,0,0,0,0,0,0,0,0,0,0
1771685763044000,1771685762886000,1771685763044000,0.0005197711,0.001346018,0.0,160,1,0,0,0,0,0,0,0,0,0,0,0
1771685763092000,1771685762938000,1771685763092000,0.0005197711,0.001346018,0.0,160,1,0,0,0,0,0,0,0,0,0,0,0
1771685763148000,1771685762990000,1771685763148000,0.0005197711,0.001346018,0.0,160,1,0,0,0,0,0,0,0,0,0,0,0
1771685763196000,1771685763042000,1771685763196000,0.0005197711,0.001346018,0.0,160,1,0,0,0,0,0,0,0,0,0,0,0
1771685763252000,1771685763094000,1771685763252000,0.0005197711,0.001346018,0.0,160,1,0,0,0,0,0,0,0,0,0,0,0
1771685763300000,1771685763146000,1771685763300000,0.0005197711,0.001346018,0.0,160,1,0,0,0,0,0,0,0,0,0,0,0
1771685763356000,1771685763198000,1771685763356000,0.0005197711,0.001346018,0.0,160,1,0,0,0,0,0,0,0,0,0,0,0
1771685763404000,1771685763250000,1771685763404000,0.0005197711,0.001346018,0.0,160,1,0,0,0,0,0,0,0,0,0,0,0
1771685763460000,1771685763302000,1771685763460000,0.0005197711,0.001346018,0.0,160,1,0,0,0,0,0,0,0,0,0,0,0
1771685763508000,1771685763354000,1771685763508000,0.0005197711,0.001346018,0.0,160,1,0,0,0,0,0,0,0,0,0,0,0
1771685763564000,1771685763406000,1771685763564000,0.0005197711,0.001346018,0.0,160,1,0,0,0,0,0,0,0,0,0,0,0
1771685763612000,1771685763458000,1771685763612000,0.0005197711,0.001346018,0.0,160,1,0,0,0,0,0,0,0,0,0,0,0
1771685763668000,1771685763510000,1771685763668000,0.0005197711,0.001346018,0.0,160,1,0,0,0,0,0,0,0,0,0,0,0
1771685763716000,1771685763562000,1771685763716000,0.0005197711,0.001346018,0.0,160,1,0,0,0,0,0,0,0,0,0,0,0
1771685763772000,1771685763614000,1771685763772000,0.0005197711,0.001346018,0.0,160,1,0,0,0,0,0,0,0,0,0,0,0
1771685763820000,1771685763666000,1771685763820000,0.0005197711,0.001346018,0.0,160,1,0,0,0,0,0,0,0,0,0,0,0
1771685763876000,1771685763718000,1771685763876000,0.0005197711,0.001346018,0.0,160,1,0,0,0,0,0,0,0,0,0,0,0
1771685763924000,1771685763770000,1771685763924000,0.0005197711,0.001346018,0.0,160,1,0,0,0,0,0,0,0,0,0,0,0
1771685763980000,1771685763822000,1771685763980000,0.0005197711,0.001346018,0.0,160,1,0,0,0,0,0,0,0,0,0,0,0
1771685764028000,1771685763874000,1771685764028000,0.0005197711,0.001346018,0.0,160,1,0,0,0,0,0,0,0,0,0,0,0
1771685764084000,1771685763926000,1771685764084000,0.0005197711,0.001346018,0.0,160,1,0,0,0,0,0,0,0,0,0,0,0
1771685764132000,1771685763978000,1771685764132000,0.0005197711,0.001346018,0.0,160,1,0,0,0,0,0,0,0,0,0,0,0
1771685764188000,1771685764030000,1771685764188000,0.0005197711,0.001346018,0.0,160,1,0,0,0,0,0,0,0,0,0,0,0
1771685764236000,1771685764082000,1771685764236000,0.0005197711,0.001346018,0.0,160,1,0,0,0,0,0,0,0,0,0,0,0
1771685764292000,1771685764134000,1771685764292000,0.0005197711,0.001346018,0.0,160,1,0,0,0,0,0,0,0,0,0,0,0
1771685764340000,1771685764186000,1771685764340000,0.0005197711,0.001346018,0.0,160,1,0,0,0,0,0,0,0,0,0,0,0
1771685764396000,1771685764238000,1771685764396000,0.0005197711,0.001346018,0.0,160,1,0,0,0,0,0,0,0,0,0,0,0
1771685764444000,1771685764290000,1771685764444000,0.0005197711,0.001346018,0.0,160,1,0,0,0,0,0,0,0,0,0,0,0
1771685764500000,1771685764342000,1771685764500000,0.0005197711,0.001346018,0.0,160,1,0,0,0,0,0,0,0,0,0,0,0
1771685764548000,1771685764394000,1771685764548000,0.0005197711,0.001346018,0.0,160,1,0,0,0,0,0,0,0,0,0,0,0
1771685764604000,1771685764446000,1771685764604000,0.0005197711,0.001346018,0.0,160,1,0,0,0,0,0,0,0,0,0,0,0
1771685764652000,1771685764498000,1771685764652000,0.0005197711,0.001346018,0.0,160,1,0,0,0,0,0,0,0,0,0,0,0
1771685764708000,1771685764550000,1771685764708000,0.0005197711,0.001346018,0.0,160,1,0,0,0,0,0,0,0,0,0,0,0
1771685764756000,1771685764602000,1771685764756000,0.0005197711,0.001346018,0.0,160,1,0,0,0,0,0,0,0,0,0,0,0
1771685764812000,1771685764654000,1771685764812000,0.0005197711,0.001346018,0.0,160,1,0,0,0,0,0,0,0,0,0,0,0
1771685764860000,1771685764706000,1771685764860000,0.0005197711,0.001346018,0.0,160,1,0,0,0,0,0,0,0,0,0,0,0
1771685764916000,1771685764758000,1771685764916000,0.0005197711,0.001346018,0.0,160,1,0,0,0,0,0,0,0,0,0,0,0
1771685764964000,1771685764810000,1771685764964000,0.0005197711,0.001346018,0.0,160,1,0,0,0,0,0,0,0,0,0,0,0
1771685765020000,1771685764862000,1771685765020000,0.0005197711,0.001346018,0.0,160,1,0,0,0,0,0,0,0,0,0,0,0
1771685765068000,1771685764914000,1771685765068000,0.0005197711,0.001346018,0.0,160,1,0,0,0,0,0,0,0,0,0,0,0
1771685765124000,1771685764966000,1771685765124000,0.0005197711,0.001346018,0.0,160,1,0,0,0,0,0,0,0,0,0,0,0
1771685765172000,1771685765018000,1771685765172000,0.0005197711,0.001346018,0.0,160,1,0,0,0,0,0,0,0,0,0,0,0
1771685765228000,1771685765070000,1771685765228000,0.0005197711,0.001346018,0.0,160,1,0,0,0,0,0,0,0,0,0,0,0
1771685765276000,1771685765122000,1771685765276000,0.0005197711,0.001346018,0.0,160,1,0,0,0,0,0,0,0,0,0,0,0
1771685765332000,1771685765174000,1771685765332000,0.0005197711,0.001346018,0.0,160,1,0,0,0,0,0,0,0,0,0,0,0
1771685765380000,1771685765226000,1771685765380000,0.0005197711,0.001346018,0.0,160,1,0,0,0,0,0,0,0,0,0,0,0
1771685765436000,1771685765278000,1771685765436000,0.0005197711,0.001346018,0.0,160,1,0,0,0,0,0,0,0,0,0,0,0
1771685765484000,1771685765330000,1771685765484000,0.0005197711,0.001346018,0.0,160,1,0,0,0,0,0,0,0,0,0,0,0
1771685765540000,1771685765382000,1771685765540000,0.0005197711,0.001346018,0.0,160,1,0,0,0,0,0,0,0,0,0,0,0
1771685765588000,1771685765434000,1771685765588000,0.0005197711,0.001346018,0.0,160,1,0,0,0,0,0,0,0,0,0,0,0
1771685765644000,1771685765486000,1771685765644000,0.0005197711,0.001346018,0.0,160,1,0,0,0,0,0,0,0,0,0,0,0
1771685765692000,1771685765538000,1771685765692000,0.0005197711,0.001346018,0.0,160,1,0,0,0,0,0,0,0,0,0,0,0
1771685765748000,1771685765590000,1771685765748000,0.0005197711,0.001346018,0.0,160,1,0,0,0,0,0,0,0,0,0,0,0
1771685765796000,1771685765642000,1771685765796000,0.0005197711,0.001346018,0.0,160,1,0,0,0,0,0,0,0,0,0,0,0
1771685765852000,1771685765694000,1771685765852000,0.0005197711,0.001346018,0.0,160,1,0,0,0,0,0,0,0,0,0,0,0
1771685765900000,1771685765746000,1771685765900000,0.0005197711,0.001346018,0.0,160,1,0,0,0,0,0,0,0,0,0,0,0
1771685765956000,1771685765798000,1771685765956000,0.0005197711,0.001346018,0.0,160,1,0,0,0,0,0,0,0,0,0,0,0
1771685766004000,1771685765850000,1771685766004000,0.0005197711,0.001346018,0.0,160,1,0,0,0,0,0,0,0,0,0,0,0
1771685766060000,1771685765902000,1771685766060000,0.0005197711,0.001346018,0.0,160,1,0,0,0,0,0,0,0,0,0,0,0
1771685766108000,1771685765954000,1771685766108000,0.0005197711,0.001346018,0.0,160,1,0,0,0,0,0,0,0,0,0,0,0
1771685766164000,1771685766006000,1771685766164000,0.0005197711,0.001346018,0.0,160,1,0,0,0,0,0,0,0,0,0,0,0
1771685766212000,1771685766058000,1771685766212000,0.0005197711,0.001346018,0.0,160,1,0,0,0,0,0,0,0,0,0,0,0
1771685766268000,1771685766110000,1771685766268000,0.0005197711,0.001346018,0.0,160,1,0,0,0,0,0,0,0,0,0,0,0
1771685766316000,1771685766162000,1771685766316000,0.0005197711,0.001346018,0.0,160,1,0,0,0,0,0,0,0,0,0,0,0
1771685766372000,1771685766214000,1771685766372000,0.0005197711,0.001346018,0.0,160,1,0,0,0,0,0,0,0,0,0,0,0
1771685766420000,1771685766266000,1771685766420000,0.0005197711,0.001346018,0.0,160,1,0,0,0,0,0,0,0,0,0,0,0
1771685766476000,1771685766318000,1771685766476000,0.0005197711,0.001346018,0.0,160,1,0,0,0,0,0,0,0,0,0,0,0
1771685766524000,1771685766370000,1771685766524000,0.0005197711,0.001346018,0.0,160,1,0,0,0,0,0,0,0,0,0,0,0
1771685766580000,1771685766422000,1771685766580000,0.0005197711,0.001346018,0.0,160,1,0,0,0,0,0,0,0,0,0,0,0
1771685766628000,1771685766474000,1771685766628000,0.0005197711,0.001346018,0.0,160,1,0,0,0,0,0,0,0,0,0,0,0
1771685766684000,1771685766526000,1771685766684000,0.0005197711,0.001346018,0.0,160,1,0,0,0,0,0,0,0,0,0,0,0
1771685766732000,1771685766578000,1771685766732000,0.0005197711,0.001346018,0.0,160,1,0,0,0,0,0,0,0,0,0,0,0
1771685766788000,1771685766630000,1771685766788000,0.0005197711,0.001346018,0.0,160,1,0,0,0,0,0,0,0,0,0,0,0
1771685766836000,1771685766682000,1771685766836000,0.0005197711,0.001346018,0.0,160,1,0,0,0,0,0,0,0,0,0,0,0
1771685766892000,1771685766734000,1771685766892000,0.0005197711,0.001346018,0.0,160,1,0,0,0,0,0,0,0,0,0,0,0
1771685766940000,1771685766786000,1771685766940000,0.0005197711,0.001346018,0.0,160,1,0,0,0,0,0,0,0,0,0,0,0
1771685766996000,1771685766838000,1771685766996000,0.0005197711,0.001346018,0.0,160,1,0,0,0,0,0,0,0,0,0,0,0
1771685767044000,1771685766890000,1771685767044000,0.0005197711,0.001346018,0.0,160,1,0,0,0,0,0,0,0,0,0,0,0
1771685767100000,1771685766942000,1771685767100000,0.0005197711,0.001346018,0.0,160,1,0,0,0,0,0,0,0,0,0,0,0
1771685767148000,1771685766994000,1771685767148000,0.0005197711,0.001346018,0.0,160,1,0,0,0,0,0,0,0,0,0,0,0
1771685767204000,1771685767046000,1771685767204000,0.0005197711,0.001346018,0.0,160,1,0,0,0,0,0,0,0,0,0,0,0
1771685767252000,1771685767098000,1771685767252000,0.0005197711,0.001346018,0.0,160,1,0,0,0,0,0,0,0,0,0,0,0
1771685767308000,1771685767150000,1771685767308000,0.0005197711,0.001346018,0.0,160,1,0,0,0,0,0,0,0,0,0,0,0
1771685767356000,1771685767202000,1771685767356000,0.0005197711,0.001346018,0.0,160,1,0,0,0,0,0,0,0,0,0,0,0
1771685767412000,1771685767254000,1771685767412000,0.0005197711,0.001346018,0.0,160,1,0,0,0,0,0,0,0,0,0,0,0
1771685767460000,1771685767306000,1771685767460000,0.0005197711,0.001346018,0.0,160,1,0,0,0,0,0,0,0,0,0,0,0
1771685767516000,1771685767358000,1771685767516000,0.0005197711,0.001346018,0.0,160,1,0,0,0,0,0,0,0,0,0,0,0
1771685767564000,1771685767410000,1771685767564000,0.0005197711,0.001346018,0.0,160,1,0,0,0,0,0,0,0,0,0,0,0
1771685767620000,1771685767462000,1771685767620000,0.0005197711,0.001346018,0.0,160,1,0,0,0,0,0,0,0,0,0,0,0
1771685767668000,1771685767514000,1771685767668000,0.0005197711,0.001346018,0.0,160,1,0,0,0,0,0,0,0,0,0,0,0
1771685767724000,1771685767566000,1771685767724000,0.0005197711,0.001346018,0.0,160,1,0,0,0,0,0,0,0,0,0,0,0
1771685767772000,1771685767618000,1771685767772000,0.0005197711,0.001346018,0.0,160,1,0,0,0,0,0,0,0,0,0,0,0
1771685767828000,1771685767670000,1771685767828000,0.0005197711,0.001346018,0.0,160,1,0,0,0,0,0,0,0,0,0,0,0
1771685767876000,1771685767722000,1771685767876000,0.0005197711,0.001346018,0.0,160,1,0,0,0,0,0,0,0,0,0,0,0
1771685767932000,1771685767774000,1771685767932000,0.0005197711,0.001346018,0.0,160,1,0,0,0,0,0,0,0,0,0,0,0
1771685767980000,1771685767826000,1771685767980000,0.0005197711,0.001346018,0.0,160,1,0,0,0,0,0,0,0,0,0,0,0
1771685768036000,1771685767878000,1771685768036000,0.0005197711,0.001346018,0.0,160,1,0,0,0,0,0,0,0,0,0,0,0
1771685768084000,1771685767930000,1771685768084000,0.0005197711,0.001346018,0.0,160,1,0,0,0,0,0,0,0,0,0,0,0
1771685768140000,1771685767982000,1771685768140000,0.0005197711,0.001346018,0.0,160,1,0,0,0,0,0,0,0,0,0,0,0
1771685768188000,1771685768034000,1771685768188000,0.0005197711,0.001346018,0.0,160,1,0,0,0,0,0,0,0,0,0,0,0
1771685768244000,1771685768086000,1771685768244000,0.0005197711,0.001346018,0.0,160,1,0,0,0,0,0,0,0,0,0,0,0
1771685768292000,1771685768138000,1771685768292000,0.0005197711,0.001346018,0.0,160,1,0,0,0,0,0,0,0,0,0,0,0
1771685768348000,1771685768190000,1771685768348000,0.0005197711,0.001346018,0.0,160,1,0,0,0,0,0,0,0,0,0,0,0
1771685768396000,1771685768242000,1771685768396000,0.0005197711,0.001346018,0.0,160,1,0,0,0,0,0,0,0,0,0,0,0
1771685768452000,1771685768294000,1771685768452000,0.0005197711,0.001346018,0.0,160,1,0,0,0,0,0,0,0,0,0,0,0
1771685768500000,1771685768346000,1771685768500000,0.0005197711,0.001346018,0.0,160,1,0,0,0,0,0,0,0,0,0,0,0
1771685768556000,1771685768398000,1771685768556000,0.0005197711,0.001346018,0.0,160,1,0,0,0,0,0,0,0,0,0,0,0
1771685768604000,1771685768450000,1771685768604000,0.0005197711,0.001346018,0.0,160,1,0,0,0,0,0,0,0,0,0,0,0
1771685768660000,1771685768502000,1771685768660000,0.0005197711,0.001346018,0.0,160,1,0,0,0,0,0,0,0,0,0,0,0
1771685768708000,1771685768554000,1771685768708000,0.0005197711,0.001346018,0.0,160,1,0,0,0,0,0,0,0,0,0,0,0
1771685768764000,1771685768606000,1771685768764000,0.0005197711,0.001346018,0.0,160,1,0,0,0,0,0,0,0,0,0,0,0
1771685768812000,1771685768658000,1771685768812000,0.0005197711,0.001346018,0.0,160,1,0,0,0,0,0,0,0,0,0,0,0
1771685768868000,1771685768710000,1771685768868000,0.0005197711,0.001346018,0.0,160,1,0,0,0,0,0,0,0,0,0,0,0
1771685768916000,1771685768762000,1771685768916000,0.0005197711,0.001346018,0.0,160,1,0,0,0,0,0,0,0,0,0,0,0
1771685768972000,1771685768814000,1771685768972000,0.0005197711,0.001346018,0.0,160,1,0,0,0,0,0,0,0,0,0,0,0
1771685769020000,1771685768866000,1771685769020000,0.0005197711,0.001346018,0.0,160,1,0,0,0,0,0,0,0,0,0,0,0
1771685769076000,1771685768918000,1771685769076000,0.0005197711,0.001346018,0.0,160,1,0,0,0,0,0,0,0,0,0,0,0
1771685769124000,1771685768970000,1771685769124000,0.0005197711,0.001346018,0.0,160,1,0,0,0,0,0,0,0,0,0,0,0
1771685769180000,1771685769022000,1771685769180000,0.0005197711,0.001346018,0.0,160,1,0,0,0,0,0,0,0,0,0,0,0
1771685769228000,1771685769074000,1771685769228000,0.0005197711,0.001346018,0.0,160,1,0,0,0,0,0,0,0,0,0,0,0
1771685769284000,1771685769126000,1771685769284000,0.0005197711,0.001346018,0.0,160,1,0,0,0,0,0,0,0,0,0,0,0
1771685769332000,1771685769178000,1771685769332000,0.0005197711,0.001346018,0.0,160,1,0,0,0,0,0,0,0,0,0,0,0
1771685769388000,1771685769230000,1771685769388000,0.0005197711,0.001346018,0.0,160,1,0,0,0,0,0,0,0,0,0,0,0
1771685769436000,1771685769282000,1771685769436000,0.0005197711,0.001346018,0.0,160,1,0,0,0,0,0,0,0,0,0,0,0
1771685769492000,1771685769334000,1771685769492000,0.0005197711,0.001346018,0.0,160,1,0,0,0,0,0,0,0,0,0,0,0
1771685769540000,1771685769386000,1771685769540000,0.0005197711,0.001346018,0.0,160,1,0,0,0,0,0,0,0,0,0,0,0
1771685769596000,1771685769438000,1771685769596000,0.0005197711,0.001346018,0.0,160,1,0,0,0,0,0,0,0,0,0,0,0
1771685769644000,1771685769490000,1771685769644000,0.0005197711,0.001346018,0.0,160,1,0,0,0,0,0,0,0,0,0,0,0
1771685769700000,1771685769542000,1771685769700000,0.0005197711,0.001346018,0.0,160,1,0,0,0,0,0,0,0,0,0,0,0
1771685769748000,1771685769594000,1771685769748000,0.0005197711,0.001346018,0.0,160,1,0,0,0,0,0,0,0,0,0,0,0
1771685769804000,1771685769646000,1771685769804000,0.0005197711,0.001346018,0.0,160,1,0,0,0,0,0,0,0,0,0,0,0
1771685769852000,1771685769698000,1771685769852000,0.0005197711,0.001346018,0.0,160,1,0,0,0,0,0,0,0,0,0,0,0
1771685769908000,1771685769750000,1771685769908000,0.0005197711,0.001346018,0.0,160,1,0,0,0,0,0,0,0,0,0,0,0
1771685769956000,1771685769802000,1771685769956000,0.0005197711,0.001346018,0.0,160,1,0,0,0,0,0,0,0,0,0,0,0
1771685770012000,1771685769854000,1771685770012000,0.0005197711,0.001346018,0.0,160,1,0,0,0,0,0,0,0,0,0,0,0
1771685770060000,1771685769906000,1771685770060000,0.0005197711,0.001346018,0.0,160,1,0,0,0,0,0,0,0,0,0,0,0
1771685770116000,1771685769958000,1771685770116000,0.0005197711,0.001346018,0.0,160,1,0,0,0,0,0,0,0,0,0,0,0
1771685770164000,1771685770010000,1771685770164000,0.0005197711,0.001346018,0.0,160,1,0,0,0,0,0,0,0,0,0,0,0
1771685770220000,1771685770062000,1771685770220000,0.0005197711,0.001346018,0.0,160,1,0,0,0,0,0,0,0,0,0,0,0
1771685770268000,1771685770114000,1771685770268000,0.0005197711,0.001346018,0.0,160,1,0,0,0,0,0,0,0,0,0,0,0
1771685770324000,1771685770166000,1771685770324000,0.0005197711,0.001346018,0.0,160,1,0,0,0,0,0,0,0,0,0,0,0
1771685770372000,1771685770218000,1771685770372000,0.0005197711,0.001346018,0.0,160,1,0,0,0,0,0,0,0,0,0,0,0
1771685770428000,1771685770270000,1771685770428000,0.0005197711,0.001346018,0.0,160,1,0,0,0,0,0,0,0,0,0,0,0
1771685770476000,1771685770322000,1771685770476000,0.0005197711,0.001346018,0.0,160,1,0,0,0,0,0,0,0,0,0,0,0
1771685770532000,1771685770374000,1771685770532000,0.0005197711,0.001346018,0.0,160,1,0,0,0,0,0,0,0,0,0,0,0
1771685770580000,1771685770426000,1771685770580000,0.0005197711,0.001346018,0.0,160,1,0,0,0,0,0,0,0,0,0,0,0
1771685770636000,1771685770478000,1771685770636000,0.0005197711,0.001346018,0.0,160,1,0,0,0,0,0,0,0,0,0,0,0
1771685770684000,1771685770530000,1771685770684000,0.0005197711,0.001346018,0.0,160,1,0,0,0,0,0,0,0,0,0,0,0
1771685770740000,1771685770582000,1771685770740000,0.0005197711,0.001346018,0.0,160,1,0,0,0,0,0,0,0,0,0,0,0
1771685770788000,1771685770634000,1771685770788000,0.0005197711,0.001346018,0.0,160,1,0,0,0,0,0,0,0,0,0,0,0
1771685770844000,1771685770686000,1771685770844000,0.0005197711,0.001346018,0.0,160,1,0,0,0,0,0,0,0,0,0,0,0
1771685770892000,1771685770738000,1771685770892000,0.0005197711,0.001346018,0.0,160,1,0,0,0,0,0,0,0,0,0,0,0
1771685770948000,1771685770790000,1771685770948000,0.0005197711,0.001346018,0.0,160,1,0,0,0,0,0,0,0,0,0,0,0
1771685770996000,1771685770842000,1771685770996000,0.0005197711,0.001346018,0.0,160,1,0,0,0,0,0,0,0,0,0,0,0
1771685771052000,1771685770894000,1771685771052000,0.0005197711,0.001346018,0.0,160,1,0,0,0,0,0,0,0,0,0,0,0
1771685771100000,1771685770946000,1771685771100000,0.0005197711,0.001346018,0.0,160,1,0,0,0,0,0,0,0,0,0,0,0
1771685771156000,1771685770998000,1771685771156000,0.0005197711,0.001346018,0.0,160,1,0,0,0,0,0,0,0,0,0,0,0
1771685771204000,1771685771050000,1771685771204000,0.0005197711,0.001346018,0.0,160,1,0,0,0,0,0,0,0,0,0,0,0
1771685771260000,1771685771102000,1771685771260000,0.0005197711,0.001346018,0.0,160,1,0,0,0,0,0,0,0,0,0,0,0
1771685771308000,1771685771154000,1771685771308000,0.0005197711,0.001346018,0.0,160,1,0,0,0,0,0,0,0,0,0,0,0
1771685771364000,1771685771206000,1771685771364000,0.0005197711,0.001346018,0.0,160,1,0,0,0,0,0,0,0,0,0,0,0
1771685771412000,1771685771258000,1771685771412000,0.0005197711,0.001346018,0.0,160,1,0,0,0,0,0,0,0,0,0,0,0
1771685771468000,1771685771310000,1771685771468000,0.0005197711,0.001346018,0.0,160,1,0,0,0,0,0,0,0,0,0,0,0
1771685771516000,1771685771362000,1771685771516000,0.0005197711,0.001346018,0.0,160,1,0,0,0,0,0,0,0,0,0,0,0
1771685771572000,1771685771414000,1771685771572000,0.0005197711,0.001346018,0.0,160,1,0,0,0,0,0,0,0,0,0,0,0
1771685771620000,1771685771466000,1771685771620000,0.0005197711,0.001346018,0.0,160,1,0,0,0,0,0,0,0,0,0,0,0
1771685771676000,1771685771518000,1771685771676000,0.0005197711,0.001346018,0.0,160,1,0,0,0,0,0,0,0,0,0,0,0
1771685771724000,1771685771570000,1771685771724000,0.0005197711,0.001346018,0.0,160,1,0,0,0,0,0,0,0,0,0,0,0
1771685771780000,1771685771622000,1771685771780000,0.0005197711,0.001346018,0.0,160,1,0,0,0,0,0,0,0,0,0,0,0
1771685771828000,1771685771674000,1771685771828000,0.0005197711,0.001346018,0.0,160,1,0,0,0,0,0,0,0,0,0,0,0
1771685771884000,1771685771726000,1771685771884000,0.0005197711,0.001346018,0.0,160,1,0,0,0,0,0,0,0,0,0,0,0
1771685771932000,1771685771778000,1771685771932000,0.0005197711,0.001346018,0.0,160,1,0,0,0,0,0,0,0,0,0,0,0
1771685771988000,1771685771830000,1771685771988000,0.0005197711,0.001346018,0.0,160,1,0,0,0,0,0,0,0,0,0,0,0
1771685772036000,1771685771882000,1771685772036000,0.0005197711,0.001346018,0.0,160,1,0,0,0,0,0,0,0,0,0,0,0
1771685772092000,1771685771934000,1771685772092000,0.0005197711,0.001346018,0.0,160,1,0,0,0,0,0,0,0,0,0,0,0
1771685772140000,1771685771986000,1771685772140000,0.0005197711,0.001346018,0.0,160,1,0,0,0,0,0,0,0,0,0,0,0
1771685772196000,1771685772038000,1771685772196000,0.0005197711,0.001346018,0.0,160,1,0,0,0,0,0,0,0,0,0,0,0
1771685772244000,1771685772090000,1771685772244000,0.0005197711,0.001346018,0.0,160,1,0,0,0,0,0,0,0,0,0,0,0
1771685772300000,1771685772142000,1771685772300000,0.0005197711,0.001346018,0.0,160,1,0,0,0,0,0,0,0,0,0,0,0
1771685772348000,1771685772194000,1771685772348000,0.0005197711,0.001346018,0.0,160,1,0,0,0,0,0,0,0,0,0,0,0
1771685772404000,1771685772246000,1771685772404000,0.0005197711,0.001346018,0.0,160,1,0,0,0,0,0,0,0,0,0,0,0
1771685772452000,1771685772298000,1771685772452000,0.0005197711,0.001346018,0.0,160,1,0,0,0,0,0,0,0,0,0,0,0
1771685772508000,1771685772350000,1771685772508000,0.0005197711,0.001346018,0.0,160,1,0,0,0,0,0,0,0,0,0,0,0
1771685772556000,1771685772402000,1771685772556000,0.0005197711,0.001346018,0.0,160,1,0,0,0,0,0,0,0,0,0,0,0
1771685772612000,1771685772454000,1771685772612000,0.0005197711,0.001346018,0.0,160,1,0,0,0,0,0,0,0,0,0,0,0
1771685772660000,1771685772506000,1771685772660000,0.0005197711,0.001346018,0.0,160,1,0,0,0,0,0,0,0,0,0,0,0
1771685772716000,1771685772558000,1771685772716000,0.0005197711,0.001346018,0.0,160,1,0,0,0,0,0,0,0,0,0,0,0
1771685772764000,1771685772610000,1771685772764000,0.0005197711,0.001346018,0.0,160,1,0,0,0,0,0,0,0,0,0,0,0
1771685772820000,1771685772662000,1771685772820000,0.0005197711,0.001346018,0.0,160,1,0,0,0,0,0,0,0,0,0,0,0
1771685772868000,1771685772714000,1771685772868000,0.0005197711,0.001346018,0.0,160,1,0,0,0,0,0,0,0,0,0,0,0
1771685772924000,1771685772766000,1771685772924000,0.0005197711,0.001346018,0.0,160,1,0,0,0,0,0,0,0,0,0,0,0
1771685772972000,1771685772818000,1771685772972000,0.0005197711,0.001346018,0.0,160,1,0,0,0,0,0,0,0,0,0,0,0
1771685773028000,1771685772870000,1771685773028000,0.0005197711,0.001346018,0.0,160,1,0,0,0,0,0,0,0,0,0,0,0
1771685773076000,1771685772922000,1771685773076000,0.0005197711,0.001346018,0.0,160,1,0,0,0,0,0,0,0,0,0,0,0
1771685773132000,1771685772974000,1771685773132000,0.0005197711,0.001346018,0.0,160,1,0,0,0,0,0,0,0,0,0,0,0
1771685773180000,1771685773026000,1771685773180000,0.0005197711,0.001346018,0.0,160,1,0,0,0,0,0,0,0,0,0,0,0
1771685773236000,1771685773078000,1771685773236000,0.0005197711,0.001346018,0.0,160,1,0,0,0,0,0,0,0,0,0,0,0
1771685773284000,1771685773130000,1771685773284000,0.0005197711,0.001346018,0.0,160,1,0,0,0,0,0,0,0,0,0,0,0
1771685773340000,1771685773182000,1771685773340000,0.0005197711,0.001346018,0.0,160,1,0,0,0,0,0,0,0,0,0,0,0
1771685773388000,1771685773234000,1771685773388000,0.0005197711,0.001346018,0.0,160,1,0,0,0,0,0,0,0,0,0,0,0
1771685773444000,1771685773286000,1771685773444000,0.0005197711,0.001346018,0.0,160,1,0,0,0,0,0,0,0,0,0,0,0
1771685773492000,1771685773338000,1771685773492000,0.0005197711,0.001346018,0.0,160,1,0,0,0,0,0,0,0,0,0,0,0
1771685773548000,1771685773390000,1771685773548000,0.0005197711,0.001346018,0.0,160,1,0,0,0,0,0,0,0,0,0,0,0
1771685773596000,1771685773442000,1771685773596000,0.0005197711,0.001346018,0.0,160,1,0,0,0,0,0,0,0,0,0,0,0
1771685773652000,1771685773494000,1771685773652000,0.0005197711,0.001346018,0.0,160,1,0,0,0,0,0,0,0,0,0,0,0
1771685773700000,1771685773546000,1771685773700000,0.0005197711,0.001346018,0.0,160,1,0,0,0,0,0,0,0,0,0,0,0
1771685773756000,1771685773598000,1771685773756000,0.0005197711,0.001346018,0.0,160,1,0,0,0,0,0,0,0,0,0,0,0
1771685773804000,1771685773650000,1771685773804000,0.0005197711,0.001346018,0.0,160,1,0,0,0,0,0,0,0,0,0,0,0
1771685773860000,1771685773702000,1771685773860000,0.0005197711,0.001346018,0.0,160,1,0,0,0,0,0,0,0,0,0,0,0
1771685773908000,1771685773754000,1771685773908000,0.0005197711,0.001346018,0.0,160,1,0,0,0,0,0,0,0,0,0,0,0
1771685773964000,1771685773806000,1771685773964000,0.0005197711,0.001346018,0.0,160,1,0,0,0,0,0,0,0,0,0,0,0
1771685774012000,1771685773858000,1771685774012000,0.0005197711,0.001346018,0.0,160,1,0,0,0,0,0,0,0,0,0,0,0
1771685774068000,1771685773910000,1771685774068000,0.0005197711,0.001346018,0.0,160,1,0,0,0,0,0,0,0,0,0,0,0
1771685774116000,1771685773962000,1771685774116000,0.0005197711,0.001346018,0.0,160,1,0,0,0,0,0,0,0,0,0,0,0
1771685774172000,1771685774014000,1771685774172000,0.0005197711,0.001346018,0.0,160,1,0,0,0,0,0,0,0,0,0,0,0
1771685774220000,1771685774066000,1771685774220000,0.0005197711,0.001346018,0.0,160,1,0,0,0,0,0,0,0,0,0,0,0
1771685774276000,1771685774118000,1771685774276000,0.0005197711,0.001346018,0.0,160,1,0,0,0,0,0,0,0,0,0,0,0
1771685774324000,1771685774170000,1771685774324000,0.0005197711,0.001346018,0.0,160,1,0,0,0,0,0,0,0,0,0,0,0
1771685774380000,1771685774222000,1771685774380000,0.0005197711,0.001346018,0.0,160,1,0,0,0,0,0,0,0,0,0,0,0
1771685774428000,1771685774274000,1771685774428000,0.0005197711,0.001346018,0.0,160,1,0,0,0,0,0,0,0,0,0,0,0
1771685774484000,1771685774326000,1771685774484000,0.0005197711,0.001346018,0.0,160,1,0,0,0,0,0,0,0,0,0,0,0
1771685774532000,1771685774378000,1771685774532000,0.0005197711,0.001346018,0.0,160,1,0,0,0,0,0,0,0,0,0,0,0
1771685774588000,1771685774430000,1771685774588000,0.0005197711,0.001346018,0.0,160,1,0,0,0,0,0,0,0,0,0,0,0
1771685774636000,1771685774482000,1771685774636000,0.0005197711,0.001346018,0.0,160,1,0,0,0,0,0,0,0,0,0,0,0
1771685774692000,1771685774534000,1771685774692000,0.0005197711,0.001346018,0.0,160,1,0,0,0,0,0,0,0,0,0,0,0
1771685774740000,1771685774586000,1771685774740000,0.0005197711,0.001346018,0.0,160,1,0,0,0,0,0,0,0,0,0,0,0
1771685774796000,1771685774638000,1771685774796000,0.0005197711,0.001346018,0.0,160,1,0,0,0,0,0,0,0,0,0,0,0
1771685774844000,1771685774690000,1771685774844000,0.0005197711,0.001346018,0.0,160,1,0,0,0,0,0,0,0,0,0,0,0
1771685774900000,1771685774742000,1771685774900000,0.0005197711,0.001346018,0.0,160,1,0,0,0,0,0,0,0,0,0,0,0
1771685774948000,1771685774794000,1771685774948000,0.0005197711,0.001346018,0.0,160,1,0,0,0,0,0,0,0,0,0,0,0
1771685775004000,1771685774846000,1771685775004000,0.0005197711,0.001346018,0.0,160,1,0,0,0,0,0,0,0,0,0,0,0
1771685775052000,1771685774898000,1771685775052000,0.0005197711,0.001346018,0.0,160,1,0,0,0,0,0,0,0,0,0,0,0
1771685775108000,1771685774950000,1771685775108000,0.0005197711,0.001346018,0.0,160,1,0,0,0,0,0,0,0,0,0,0,0
1771685775156000,1771685775002000,1771685775156000,0.0005197711,0.001346018,0.0,160,1,0,0,0,0,0,0,0,0,0,0,0
1771685775212000,1771685775054000,1771685775212000,0.0005197711,0.001346018,0.0,160,1,0,0,0,0,0,0,0,0,0,0,0
1771685775260000,1771685775106000,1771685775260000,0.0005197711,0.001346018,0.0,160,1,0,0,0,0,0,0,0,0,0,0,0
1771685775316000,1771685775158000,1771685775316000,0.0005197711,0.001346018,0.0,160,1,0,0,0,0,0,0,0,0,0,0,0
1771685775364000,1771685775210000,1771685775364000,0.0005197711,0.001346018,0.0,160,1,0,0,0,0,0,0,0,0,0,0,0
1771685775420000,1771685775262000,1771685775420000,0.0005197711,0.001346018,0.0,160,1,0,0,0,0,0,0,0,0,0,0,0
1771685775468000,1771685775314000,1771685775468000,0.0005197711,0.001346018,0.0,160,1,0,0,0,0,0,0,0,0,0,0,0
1771685775524000,1771685775366000,1771685775524000,0.0005197711,0.001346018,0.0,160,1,0,0,0,0,0,0,0,0,0,0,0
1771685775572000,1771685775418000,1771685775572000,0.0005197711,0.001346018,0.0,160,1,0,0,0,0,0,0,0,0,0,0,0
1771685775628000,1771685775470000,1771685775628000,0.0005197711,0.001346018,0.0,160,1,0,0,0,0,0,0,0,0,0,0,0
1771685775676000,1771685775522000,1771685775676000,0.0005197711,0.001346018,0.0,160,1,0,0,0,0,0,0,0,0,0,0,0
1771685775732000,1771685775574000,1771685775732000,0.0005197711,0.001346018,0.0,160,1,0,0,0,0,0,0,0,0,0,0,0
1771685775780000,1771685775626000,1771685775780000,0.0005197711,0.001346018,0.0,160,1,0,0,0,0,0,0,0,0,0,0,0
1771685775836000,1771685775678000,1771685775836000,0.0005197711,0.001346018,0.0,160,1,0,0,0,0,0,0,0,0,0,0,0
1771685775884000,1771685775730000,1771685775884000,0.0005197711,0.001346018,0.0,160,1,0,0,0,0,0,0,0,0,0,0,0
1771685775940000,1771685775782000,1771685775940000,0.0005197711,0.001346018,0.0,160,1,0,0,0,0,0,0,0,0,0,0,0
1771685775988000,1771685775834000,1771685775988000,0.0005197711,0.001346018,0.0,160,1,0,0,0,0,0,0,0,0,0,0,0
1771685776044000,1771685775886000,1771685776044000,0.0005197711,0.001346018,0.0,160,1,0,0,0,0,0,0,0,0,0,0,0
1771685776092000,1771685775938000,1771685776092000,0.0005197711,0.001346018,0.0,160,1,0,0,0,0,0,0,0,0,0,0,0
1771685776148000,1771685775990000,1771685776148000,0.0005197711,0.001346018,0.0,160,1,0,0,0,0,0,0,0,0,0,0,0
1771685776196000,1771685776042000,1771685776196000,0.0005197711,0.001346018,0.0,160,1,0,0,0,0,0,0,0,0,0,0,0
1771685776252000,1771685776094000,1771685776252000,0.0005197711,0.001346018,0.0,160,1,0,0,0,0,0,0,0,0,0,0,0
1771685776300000,1771685776146000,1771685776300000,0.0005197711,0.001346018,0.0,160,1,0,0,0,0,0,0,0,0,0,0,0
1771685776356000,1771685776198000,1771685776356000,0.0005197711,0.001346018,0.0,160,1,0,0,0,0,0,0,0,0,0,0,0
1771685776404000,1771685776250000,1771685776404000,0.0005197711,0.001346018,0.0,160,1,0,0,0,0,0,0,0,0,0,0,0
1771685776460000,1771685776302000,1771685776460000,0.0005197711,0.001346018,0.0,160,1,0,0,0,0,0,0,0,0,0,0,0
1771685776508000,1771685776354000,1771685776508000,0.0005197711,0.001346018,0.0,160,1,0,0,0,0,0,0,0,0,0,0,0
1771685776564000,1771685776406000,1771685776564000,0.0005197711,0.001346018,0.0,160,1,0,0,0,0,0,0,0,0,0,0,0
1771685776612000,1771685776458000,1771685776612000,0.0005197711,0.001346018,0.0,160,1,0,0,0,0,0,0,0,0,0,0,0
1771685776668000,1771685776510000,1771685776668000,0.0005197711,0.001346018,0.0,160,1,0,0,0,0,0,0,0,0,0,0,0
1771685776716000,1771685776562000,1771685776716000,0.0005197711,0.001346018,0.0,160,1,0,0,0,0,0,0,0,0,0,0,0
1771685776772000,1771685776614000,1771685776772000,0.0005197711,0.001346018,0.0,160,1,0,0,0,0,0,0,0,0,0,0,0
1771685776820000,1771685776666000,1771685776820000,0.0005197711,0.001346018,0.0,160,1,0,0,0,0,0,0,0,0,0,0,0
1771685776876000,1771685776718000,1771685776876000,0.0005197711,0.001346018,0.0,160,1,0,0,0,0,0,0,0,0,0,0,0
1771685776924000,1771685776770000,1771685776924000,0.0005197711,0.001346018,0.0,160,1,0,0,0,0,0,0,0,0,0,0,0
1771685776980000,1771685776822000,1771685776980000,0.0005197711,0.001346018,0.0,160,1,0,0,0,0,0,0,0,0,0,0,0
1771685777028000,1771685776874000,1771685777028000,0.0005197711,0.001346018,0.0,160,1,0,0,0,0,0,0,0,0,0,0,0
1771685777084000,1771685776926000,1771685777084000,0.0005197711,0.001346018,0.0,160,1,0,0,0,0,0,0,0,0,0,0,0
1771685777132000,1771685776978000,1771685777132000,0.0005197711,0.001346018,0.0,160,1,0,0,0,0,0,0,0,0,0,0,0
1771685777188000,1771685777030000,1771685777188000,0.0005197711,0.001346018,0.0,160,1,0,0,0,0,0,0,0,0,0,0,0
1771685777236000,1771685777082000,1771685777236000,0.0005197711,0.001346018,0.0,160,1,0,0,0,0,0,0,0,0,0,0,0
1771685777292000,1771685777134000,1771685777292000,0.0005197711,0.001346018,0.0,160,1,0,0,0,0,0,0,0,0,0,0,0
1771685777340000,1771685777186000,1771685777340000,0.0005197711,0.001346018,0.0,160,1,0,0,0,0,0,0,0,0,0,0,0
1771685777396000,1771685777238000,1771685777396000,0.0005197711,0.001346018,0.0,160,1,0,0,0,0,0,0,0,0,0,0,0
1771685777444000,1771685777290000,1771685777444000,0.0005197711,0.001346018,0.0,160,1,0,0,0,0,0,0,0,0,0,0,0
1771685777500000,1771685777342000,1771685777500000,0.0005197711,0.001346018,0.0,160,1,0,0,0,0,0,0,0,0,0,0,0
1771685777548000,1771685777394000,1771685777548000,0.0005197711,0.001346018,0.0,160,1,0,0,0,0,0,0,0,0,0,0,0
1771685777604000,1771685777446000,1771685777604000,0.0005197711,0.001346018,0.0,160,1,0,0,0,0,0,0,0,0,0,0,0
1771685777652000,1771685777498000,1771685777652000,0.0005197711,0.001346018,0.0,160,1,0,0,0,0,0,0,0,0,0,0,0
1771685777708000,1771685777550000,1771685777708000,0.0005197711,0.001346018,0.0,160,1,0,0,0,0,0,0,0,0,0,0,0
1771685777756000,1771685777602000,1771685777756000,0.0005197711,0.001346018,0.0,160,1,0,0,0,0,0,0,0,0,0,0,0
1771685777812000,1771685777654000,1771685777812000,0.0005197711,0.001346018,0.0,160,1,0,0,0,0,0,0,0,0,0,0,0
1771685777860000,1771685777706000,1771685777860000,0.0005197711,0.001346018,0.0,160,1,0,0,0,0,0,0,0,0,0,0,0
1771685777916000,1771685777758000,1771685777916000,0.0005197711,0.001346018,0.0,160,1,0,0,0,0,0,0,0,0,0,0,0
1771685777964000,1771685777810000,1771685777964000,0.0005197711,0.001346018,0.0,160,1,0,0,0,0,0,0,0,0,0,0,0
1771685778020000,1771685777862000,1771685778020000,0.0005197711,0.001346018,0.0,160,1,0,0,0,0,0,0,0,0,0,0,0
1771685778068000,1771685777914000,1771685778068000,0.0005197711,0.001346018,0.0,160,1,0,0,0,0,0,0,0,0,0,0,0
1771685778124000,1771685777966000,1771685778124000,0.0005197711,0.001346018,0.0,160,1,0,0,0,0,0,0,0,0,0,0,0
1771685778172000,1771685778018000,1771685778172000,0.0005197711,0.001346018,0.0,160,1,0,0,0,0,0,0,0,0,0,0,0
1771685778228000,1771685778070000,1771685778228000,0.0005197711,0.001346018,0.0,160,1,0,0,0,0,0,0,0,0,0,0,0
1771685778276000,1771685778122000,1771685778276000,0.0005197711,0.001346018,0.0,160,1,0,0,0,0,0,0,0,0,0,0,0
1771685778332000,1771685778174000,1771685778332000,0.0005197711,0.001346018,0.0,160,1,0,0,0,0,0,0,0,0,0,0,0
1771685778380000,1771685778226000,1771685778380000,0.0005197711,0.001346018,0.0,160,1,0,0,0,0,0,0,0,0,0,0,0
1771685778436000,1771685778278000,1771685778436000,0.0005197711,0.001346018,0.0,160,1,0,0,0,0,0,0,0,0,0,0,0
1771685778484000,1771685778330000,1771685778484000,0.0005197711,0.001346018,0.0,160,1,0,0,0,0,0,0,0,0,0,0,0
1771685778540000,1771685778382000,1771685778540000,0.0005197711,0.001346018,0.0,160,1,0,0,0,0,0,0,0,0,0,0,0
1771685778588000,1771685778434000,1771685778588000,0.0005197711,0.001346018,0.0,160,1,0,0,0,0,0,0,0,0,0,0,0
1771685778644000,1771685778486000,1771685778644000,0.0005197711,0.001346018,0.0,160,1,0,0,0,0,0,0,0,0,0,0,0
1771685778692000,1771685778538000,1771685778692000,0.0005197711,0.001346018,0.0,160,1,0,0,0,0,0,0,0,0,0,0,0
1771685778748000,1771685778590000,1771685778748000,0.0005197711,0.001346018,0.0,160,1,0,0,0,0,0,0,0,0,0,0,0
1771685778796000,1771685778642000,1771685778796000,0.0005197711,0.001346018,0.0,160,1,0,0,0,0,0,0,0,0,0,0,0
1771685778852000,1771685778694000,1771685778852000,0.0005197711,0.001346018,0.0,160,1,0,0,0,0,0,0,0,0,0,0,0
1771685778900000,1771685778746000,1771685778900000,0.0005197711,0.001346018,0.0,160,1,0,0,0,0,0,0,0,0,0,0,0
1771685778956000,1771685778798000,1771685778956000,0.0005197711,0.001346018,0.0,160,1,0,0,0,0,0,0,0,0,0,0,0
1771685779004000,1771685778850000,1771685779004000,0.0005197711,0.001346018,0.0,160,1,0,0,0,0,0,0,0,0,0,0,0
1771685779060000,1771685778902000,1771685779060000,0.0005197711,0.001346018,0.0,160,1,0,0,0,0,0,0,0,0,0,0,0
1771685779108000,1771685778954000,1771685779108000,0.0005197711,0.001346018,0.0,160,1,0,0,0,0,0,0,0,0,0,0,0
1771685779164000,1771685779006000,1771685779164000,0.0005197711,0.001346018,0.0,160,1,0,0,0,0,0,0,0,0,0,0,0
1771685779212000,1771685779058000,1771685779212000,0.0005197711,0.001346018,0.0,160,1,0,0,0,0,0,0,0,0,0,0,0
1771685779268000,1771685779110000,1771685779268000,0.0005197711,0.001346018,0.0,160,1,0,0,0,0,0,0,0,0,0,0,0
1771685779316000,1771685779162000,1771685779316000,0.0005197711,0.001346018,0.0,160,1,0,0,0,0,0,0,0,0,0,0,0
1771685779372000,1771685779214000,1771685779372000,0.0005197711,0.001346018,0.0,160,1,0,0,0,0,0,0,0,0,0,0,0
1771685779420000,1771685779266000,1771685779420000,0.0005197711,0.001346018,0.0,160,1,0,0,0,0,0,0,0,0,0,0,0
1771685779476000,1771685779318000,1771685779476000,0.0005197711,0.001346018,0.0,160,1,0,0,0,0,0,0,0,0,0,0,0
1771685779524000,1771685779370000,1771685779524000,0.0005197711,0.001346018,0.0,160,1,0,0,0,0,0,0,0,0,0,0,0
1771685779580000,1771685779422000,1771685779580000,0.0005197711,0.001346018,0.0,160,1,0,0,0,0,0,0,0,0,0,0,0
1771685779628000,1771685779474000,1771685779628000,0.0005197711,0.001346018,0.0,160,1,0,0,0,0,0,0,0,0,0,0,0
1771685779684000,1771685779526000,1771685779684000,0.0005197711,0.001346018,0.0,160,1,0,0,0,0,0,0,0,0,0,0,0
1771685779732000,1771685779578000,1771685779732000,0.0005197711,0.001346018,0.0,160,1,0,0,0,0,0,0,0,0,0,0,0
1771685779788000,1771685779630000,1771685779788000,0.0005197711,0.001346018,0.0,160,1,0,0,0,0,0,0,0,0,0,0,0
1771685779836000,1771685779682000,1771685779836000,0.0005197711,0.001346018,0.0,160,1,0,0,0,0,0,0,0,0,0,0,0
1771685779892000,1771685779734000,1771685779892000,0.0005197711,0.001346018,0.0,160,1,0,0,0,0,0,0,0,0,0,0,0
1771685779940000,1771685779786000,1771685779940000,0.0005197711,0.001346018,0.0,160,1,0,0,0,0,0,0,0,0,0,0,0
1771685779996000,1771685779838000,1771685779996000,0.0005197711,0.001346018,0.0,160,1,0,0,0,0,0,0,0,0,0,0,0
1771685780044000,1771685779890000,1771685780044000,0.0005197711,0.001346018,0.0,160,1,0,0,0,0,0,0,0,0,0,0,0
1771685780100000,1771685779942000,1771685780100000,0.0005197711,0.001346018,0.0,160,1,0,0,0,0,0,0,0,0,0,0,0
1771685780148000,1771685779994000,1771685780148000,0.0005197711,0.001346018,0.0,160,1,0,0,0,0,0,0,0,0,0,0,0
1771685780204000,1771685780046000,1771685780204000,0.0005197711,0.001346018,0.0,160,1,0,0,0,0,0,0,0,0,0,0,0
1771685780252000,1771685780098000,1771685780252000,0.0005197711,0.001346018,0.0,160,1,0,0,0,0,0,0,0,0,0,0,0
1771685780308000,1771685780150000,1771685780308000,0.0005197711,0.001346018,0.0,160,1,0,0,0,0,0,0,0,0,0,0,0
1771685780356000,1771685780202000,1771685780356000,0.0005197711,0.001346018,0.0,160,1,0,0,0,0,0,0,0,0,0,0,0
1771685780412000,1771685780254000,1771685780412000,0.0005197711,0.001346018,0.0,160,1,0,0,0,0,0,0,0,0,0,0,0
1771685780460000,1771685780306000,1771685780460000,0.0005197711,0.001346018,0.0,160,1,0,0,0,0,0,0,0,0,0,0,0
1771685780516000,1771685780358000,1771685780516000,0.0005197711,0.001346018,0.0,160,1,0,0,0,0,0,0,0,0,0,0,0
1771685780564000,1771685780410000,1771685780564000,0.0005197711,0.001346018,0.0,160,1,0,0,0,0,0,0,0,0,0,0,0
1771685780620000,1771685780462000,1771685780620000,0.0005197711,0.001346018,0.0,160,1,0,0,0,0,0,0,0,0,0,0,0
1771685780668000,1771685780514000,1771685780668000,0.0005197711,0.001346018,0.0,160,1,0,0,0,0,0,0,0,0,0,0,0
1771685780724000,1771685780566000,1771685780724000,0.0005197711,0.001346018,0.0,160,1,0,0,0,0,0,0,0,0,0,0,0
1771685780772000,1771685780618000,1771685780772000,0.0005197711,0.001346018,0.0,160,1,0,0,0,0,0,0,0,0,0,0,0
1771685780828000,1771685780670000,1771685780828000,0.0005197711,0.001346018,0.0,160,1,0,0,0,0,0,0,0,0,0,0,0
1771685780876000,1771685780722000,1771685780876000,0.0005197711,0.001346018,0.0,160,1,0,0,0,0,0,0,0,0,0,0,0
1771685780932000,1771685780774000,1771685780932000,0.0005197711,0.001346018,0.0,160,1,0,0,0,0,0,0,0,0,0,0,0
1771685780980000,1771685780826000,1771685780980000,0.0005197711,0.001346018,0.0,160,1,0,0,0,0,0,0,0,0,0,0,0
1771685781036000,1771685780878000,1771685781036000,0.0005197711,0.001346018,0.0,160,1,0,0,0,0,0,0,0,0,0,0,0
1771685781084000,1771685780930000,1771685781084000,0.0005197711,0.001346018,0.0,160,1,0,0,0,0,0,0,0,0,0,0,0
1771685781140000,1771685780982000,1771685781140000,0.0005197711,0.001346018,0.0,160,1,0,0,0,0,0,0,0,0,0,0,0
1771685781188000,1771685781034000,1771685781188000,0.0005197711,0.001346018,0.0,160,1,0,0,0,0,0,0,0,0,0,0,0
1771685781244000,1771685781086000,1771685781244000,0.0005197711,0.001346018,0.0,160,1,0,0,0,0,0,0,0,0,0,0,0
1771685781292000,1771685781138000,1771685781292000,0.0005197711,0.001346018,0.0,160,1,0,0,0,0,0,0,0,0,0,0,0
1771685781348000,1771685781190000,1771685781348000,0.0005197711,0.001346018,0.0,160,1,0,0,0,0,0,0,0,0,0,0,0
1771685781396000,1771685781242000,1771685781396000,0.0005197711,0.001346018,0.0,160,1,0,0,0,0,0,0,0,0,0,0,0
1771685781452000,1771685781294000,1771685781452000,0.0005197711,0.001346018,0.0,160,1,0,0,0,0,0,0,0,0,0,0,0
1771685781500000,1771685781346000,1771685781500000,0.0005197711,0.001346018,0.0,160,1,0,0,0,0,0,0,0,0,0,0,0
1771685781556000,1771685781398000,1771685781556000,0.0005197711,0.001346018,0.0,160,1,0,0,0,0,0,0,0,0,0,0,0
1771685781604000,1771685781450000,1771685781604000,0.0005197711,0.001346018,0.0,160,1,0,0,0,0,0,0,0,0,0,0,0
1771685781660000,1771685781502000,1771685781660000,0.0005197711,0.001346018,0.0,160,1,0,0,0,0,0,0,0,0,0,0,0
1771685781708000,1771685781554000,1771685781708000,0.0005197711,0.001346018,0.0,160,1,0,0,0,0,0,0,0,0,0,0,0
1771685781764000,1771685781606000,1771685781764000,0.0005197711,0.001346018,0.0,160,1,0,0,0,0,0,0,0,0,0,0,0
1771685781812000,1771685781658000,1771685781812000,0.0005197711,0.001346018,0.0,160,1,0,0,0,0,0,0,0,0,0,0,0
1771685781868000,1771685781710000,1771685781868000,0.0005197711,0.001346018,0.0,160,1,0,0,0,0,0,0,0,0,0,0,0
1771685781916000,1771685781762000,1771685781916000,0.0005197711,0.001346018,0.0,160,1,0,0,0,0,0,0,0,0,0,0,0
1771685781972000,1771685781814000,1771685781972000,0.0005197711,0.001346018,0.0,160,1,0,0,0,0,0,0,0,0,0,0,0
1771685782020000,1771685781866000,1771685782020000,0.0005197711,0.001346018,0.0,160,1,0,0,0,0,0,0,0,0,0,0,0
1771685782076000,1771685781918000,1771685782076000,0.0005197711,0.001346018,0.0,160,1,0,0,0,0,0,0,0,0,0,0,0
1771685782124000,1771685781970000,1771685782124000,0.0005197711,0.001346018,0.0,160,1,0,0,0,0,0,0,0,0,0,0,0
1771685782180000,1771685782022000,1771685782180000,0.0005197711,0.001346018,0.0,160,1,0,0,0,0,0,0,0,0,0,0,0
1771685782228000,1771685782074000,1771685782228000,0.0005197711,0.001346018,0.0,160,1,0,0,0,0,0,0,0,0,0,0,0
1771685782284000,1771685782126000,1771685782284000,0.0005197711,0.001346018,0.0,160,1,0,0,0,0,0,0,0,0,0,0,0
1771685782332000,1771685782178000,1771685782332000,0.0005197711,0.001346018,0.0,160,1,0,0,0,0,0,0,0,0,0,0,0
1771685782388000,1771685782230000,1771685782388000,0.0005197711,0.001346018,0.0,160,1,0,0,0,0,0,0,0,0,0,0,0
1771685782436000,1771685782282000,1771685782436000,0.0005197711,0.001346018,0.0,160,1,0,0,0,0,0,0,0,0,0,0,0
1771685782492000,1771685782334000,1771685782492000,0.0005197711,0.001346018,0.0,160,1,0,0,0,0,0,0,0,0,0,0,0
1771685782540000,1771685782386000,1771685782540000,0.0005197711,0.001346018,0.0,160,1,0,0,0,0,0,0,0,0,0,0,0
1771685782596000,1771685782438000,1771685782596000,0.0005197711,0.001346018,0.0,160,1,0,0,0,0,0,0,0,0,0,0,0
1771685782644000,1771685782490000,1771685782644000,0.0005197711,0.001346018,0.0,160,1,0,0,0,0,0,0,0,0,0,0,0
1771685782700000,1771685782542000,1771685782700000,0.0005197711,0.001346018,0.0,160,1,0,0,0,0,0,0,0,0,0,0,0
1771685782748000,1771685782594000,1771685782748000,0.0005197711,0.001346018,0.0,160,1,0,0,0,0,0,0,0,0,0,0,0
1771685782804000,1771685782646000,1771685782804000,0.0005197711,0.001346018,0.0,160,1,0,0,0,0,0,0,0,0,0,0,0
1771685782852000,1771685782698000,1771685782852000,0.0005197711,0.001346018,0.0,160,1,0,0,0,0,0,0,0,0,0,0,0
1771685782908000,1771685782750000,1771685782908000,0.0005197711,0.001346018,0.0,160,1,0,0,0,0,0,0,0,0,0,0,0
1771685782956000,1771685782802000,1771685782956000,0.0005197711,0.001346018,0.0,160,1,0,0,0,0,0,0,0,0,0,0,0
1771685783012000,1771685782854000,1771685783012000,0.0005197711,0.001346018,0.0,160,1,0,0,0,0,0,0,0,0,0,0,0
1771685783060000,1771685782906000,1771685783060000,0.0005197711,0.001346018,0.0,160,1,0,0,0,0,0,0,0,0,0,0,0
1771685783116000,1771685782958000,1771685783116000,0.0005197711,0.001346018,0.0,160,1,0,0,0,0,0,0,0,0,0,0,0
1771685783164000,1771685783010000,1771685783164000,0.0005197711,0.001346018,0.0,160,1,0,0,0,0,0,0,0,0,0,0,0
1771685783220000,1771685783062000,1771685783220000,0.0005197711,0.001346018,0.0,160,1,0,0,0,0,0,0,0,0,0,0,0
1771685783268000,1771685783114000,1771685783268000,0.0005197711,0.001346018,0.0,160,1,0,0,0,0,0,0,0,0,0,0,0
1771685783324000,1771685783166000,1771685783324000,0.0005197711,0.001346018,0.0,160,1,0,0,0,0,0,0,0,0,0,0,0
1771685783372000,1771685783218000,1771685783372000,0.0005197711,0.001346018,0.0,160,1,0,0,0,0,0,0,0,0,0,0,0
1771685783428000,1771685783270000,1771685783428000,0.0005197711,0.001346018,0.0,160,1,0,0,0,0,0,0,0,0,0,0,0
1771685783476000,1771685783322000,1771685783476000,0.0005197711,0.001346018,0.0,160,1,0,0,0,0,0,0,0,0,0,0,0
1771685783532000,1771685783374000,1771685783532000,0.0005197711,0.001346018,0.0,160,1,0,0,0,0,0,0,0,0,0,0,0
1771685783580000,1771685783426000,1771685783580000,0.0005197711,0.001346018,0.0,160,1,0,0,0,0,0,0,0,0,0,0,0
1771685783636000,1771685783478000,1771685783636000,0.0005197711,0.001346018,0.0,160,1,0,0,0,0,0,0,0,0,0,0,0
1771685783684000,1771685783530000,1771685783684000,0.0005197711,0.001346018,0.0,160,1,0,0,0,0,0,0,0,0,0,0,0
1771685783740000,1771685783582000,1771685783740000,0.0005197711,0.001346018,0.0,160,1,0,0,0,0,0,0,0,0,0,0,0
1771685783788000,1771685783634000,1771685783788000,0.0005197711,0.001346018,0.0,160,1,0,0,0,0,0,0,0,0,0,0,0
1771685783844000,1771685783686000,1771685783844000,0.0005197711,0.001346018,0.0,160,1,0,0,0,0,0,0,0,0,0,0,0
1771685783892000,1771685783738000,1771685783892000,0.0005197711,0.001346018,0.0,160,1,0,0,0,0,0,0,0,0,0,0,0
1771685783948000,1771685783790000,1771685783948000,0.0005197711,0.001346018,0.0,160,1,0,0,0,0,0,0,0,0,0,0,0
1771685783996000,1771685783842000,1771685783996000,0.0005197711,0.001346018,0.0,160,1,0,0,0,0,0,0,0,0,0,0,0
1771685784052000,1771685783894000,1771685784052000,0.0005197711,0.001346018,0.0,160,1,0,0,0,0,0,0,0,0,0,0,0
1771685784100000,1771685783946000,1771685784100000,0.0005197711,0.001346018,0.0,160,1,0,0,0,0,0,0,0,0,0,0,0
1771685784156000,1771685783998000,1771685784156000,0.0005197711,0.001346018,0.0,160,1,0,0,0,0,0,0,0,0,0,0,0
1771685784204000,1771685784050000,1771685784204000,0.0005197711,0.001346018,0.0,160,1,0,0,0,0,0,0,0,0,0,0,0
1771685784260000,1771685784102000,1771685784260000,0.0005197711,0.001346018,0.0,160,1,0,0,0,0,0,0,0,0,0,0,0
1771685784308000,1771685784154000,1771685784308000,0.0005197711,0.001346018,0.0,160,1,0,0,0,0,0,0,0,0,0,0,0
1771685784364000,1771685784206000,1771685784364000,0.0005197711,0.001346018,0.0,160,1,0,0,0,0,0,0,0,0,0,0,0
1771685784412000,1771685784258000,1771685784412000,0.0005197711,0.001346018,0.0,160,1,0,0,0,0,0,0,0,0,0,0,0
1771685784468000,1771685784310000,1771685784468000,0.0005197711,0.001346018,0.0,160,1,0,0,0,0,0,0,0,0,0,0,0
1771685784516000,1771685784362000,1771685784516000,0.0005197711,0.001346018,0.0,160,1,0,0,0,0,0,0,0,0,0,0,0
1771685784572000,1771685784414000,1771685784572000,0.0005197711,0.001346018,0.0,160,1,0,0,0,0,0,0,0,0,0,0,0
1771685784620000,1771685784466000,1771685784620000,0.0005197711,0.001346018,0.0,160,1,0,0,0,0,0,0,0,0,0,0,0
1771685784676000,1771685784518000,1771685784676000,0.0005197711,0.001346018,0.0,160,1,0,0,0,0,0,0,0,0,0,0,0
1771685784724000,1771685784570000,1771685784724000,0.0005197711,0.001346018,0.0,160,1,0,0,0,0,0,0,0,0,0,0,0
1771685784780000,1771685784622000,1771685784780000,0.0005197711,0.001346018,0.0,160,1,0,0,0,0,0,0,0,0,0,0,0
1771685784828000,1771685784674000,1771685784828000,0.0005197711,0.001346018,0.0,160,1,0,0,0,0,0,0,0,0,0,0,0
1771685784884000,1771685784726000,1771685784884000,0.0005197711,0.001346018,0.0,160,1,0,0,0,0,0,0,0,0,0,0,0
1771685784932000,1771685784778000,1771685784932000,0.0005197711,0.001346018,0.0,160,1,0,0,0,0,0,0,0,0,0,0,0
1771685784988000,1771685784830000,1771685784988000,0.0005197711,0.001346018,0.0,160,1,0,0,0,0,0,0,0,0,0,0,0
1771685785036000,1771685784882000,1771685785036000,0.0005197711,0.001346018,0.0,160,1,0,0,0,0,0,0,0,0,0,0,0
1771685785092000,1771685784934000,1771685785092000,0.0005197711,0.001346018,0.0,160,1,0,0,0,0,0,0,0,0,0,0,0
1771685785140000,1771685784986000,1771685785140000,0.0005197711,0.001346018,0.0,160,1,0,0,0,0,0,0,0,0,0,0,0
1771685785196000,1771685785038000,1771685785196000,0.0005197711,0.001346018,0.0,160,1,0,0,0,0,0,0,0,0,0,0,0
1771685785244000,1771685785090000,1771685785244000,0.0005197711,0.001346018,0.0,160,1,0,0,0,0,0,0,0,0,0,0,0
1771685785300000,1771685785142000,1771685785300000,0.0005197711,0.001346018,0.0,160,1,0,0,0,0,0,0,0,0,0,0,0
1771685785348000,1771685785194000,1771685785348000,0.0005197711,0.001346018,0.0,160,1,0,0,0,0,0,0,0,0,0,0,0
1771685785404000,1771685785246000,1771685785404000,0.0005197711,0.001346018,0.0,160,1,0,0,0,0,0,0,0,0,0,0,0
1771685785452000,1771685785298000,1771685785452000,0.0005197711,0.001346018,0.0,160,1,0,0,0,0,0,0,0,0,0,0,0
1771685785508000,1771685785350000,1771685785508000,0.0005197711,0.001346018,0.0,160,1,0,0,0,0,0,0,0,0,0,0,0
1771685785556000,1771685785402000,1771685785556000,0.0005197711,0.001346018,0.0,160,1,0,0,0,0,0,0,0,0,0,0,0
1771685785612000,1771685785454000,1771685785612000,0.0005197711,0.001346018,0.0,160,1,0,0,0,0,0,0,0,0,0,0,0
1771685785660000,1771685785506000,1771685785660000,0.0005197711,0.001346018,0.0,160,1,0,0,0,0,0,0,0,0,0,0,0
1771685785716000,1771685785558000,1771685785716000,0.0005197711,0.001346018,0.0,160,1,0,0,0,0,0,0,0,0,0,0,0
1771685785764000,1771685785610000,1771685785764000,0.0005197711,0.001346018,0.0,160,1,0,0,0,0,0,0,0,0,0,0,0
1771685785820000,1771685785662000,1771685785820000,0.0005197711,0.001346018,0.0,160,1,0,0,0,0,0,0,0,0,0,0,0
1771685785868000,1771685785714000,1771685785868000,0.0005197711,0.001346018,0.0,160,1,0,0,0,0,0,0,0,0,0,0,0
1771685785924000,1771685785766000,1771685785924000,0.0005197711,0.001346018,0.0,160,1,0,0,0,0,0,0,0,0,0,0,0
1771685785972000,1771685785818000,1771685785972000,0.0005197711,0.001346018,0.0,160,1,0,0,0,0,0,0,0,0,0,0,0
1771685786028000,1771685785870000,1771685786028000,0.0005197711,0.001346018,0.0,160,1,0,0,0,0,0,0,0,0,0,0,0
1771685786076000,1771685785922000,1771685786076000,0.0005197711,0.001346018,0.0,160,1,0,0,0,0,0,0,0,0,0,0,0
1771685786132000,1771685785974000,1771685786132000,0.0005197711,0.001346018,0.0,160,1,0,0,0,0,0,0,0,0,0,0,0
1771685786180000,1771685786026000,1771685786180000,0.0005197711,0.001346018,0.0,160,1,0,0,0,0,0,0,0,0,0,0,0
1771685786236000,1771685786078000,1771685786236000,0.0005197711,0.001346018,0.0,160,1,0,0,0,0,0,0,0,0,0,0,0
1771685786284000,1771685786130000,1771685786284000,0.0005197711,0.001346018,0.0,160,1,0,0,0,0,0,0,0,0,0,0,0
1771685786340000,1771685786182000,1771685786340000,0.0005197711,0.001346018,0.0,160,1,0,0,0,0,0,0,0,0,0,0,0
1771685786388000,1771685786234000,1771685786388000,0.0005197711,0.001346018,0.0,160,1,0,0,0,0,0,0,0,0,0,0,0
1771685786444000,1771685786286000,1771685786444000,0.0005197711,0.001346018,0.0,160,1,0,0,0,0,0,0,0,0,0,0,0
1771685786492000,1771685786338000,1771685786492000,0.0005197711,0.001346018,0.0,160,1,0,0,0,0,0,0,0,0,0,0,0
1771685786548000,1771685786390000,1771685786548000,0.0005197711,0.001346018,0.0,160,1,0,0,0,0,0,0,0,0,0,0,0
1771685786596000,1771685786442000,1771685786596000,0.0005197711,0.001346018,0.0,160,1,0,0,0,0,0,0,0,0,0,0,0
1771685786652000,1771685786494000,1771685786652000,0.0005197711,0.001346018,0.0,160,1,0,0,0,0,0,0,0,0,0,0,0
1771685786700000,1771685786546000,1771685786700000,0.0005197711,0.001346018,0.0,160,1,0,0,0,0,0,0,0,0,0,0,0
1771685786756000,1771685786598000,1771685786756000,0.0005197711,0.001346018,0.0,160,1,0,0,0,0,0,0,0,0,0,0,0
1771685786804000,1771685786650000,1771685786804000,0.0005197711,0.001346018,0.0,160,1,0,0,0,0,0,0,0,0,0,0,0
1771685786860000,1771685786702000,1771685786860000,0.0005197711,0.001346018,0.0,160,1,0,0,0,0,0,0,0,0,0,0,0
1771685786908000,1771685786754000,1771685786908000,0.0005197711,0.001346018,0.0,160,1,0,0,0,0,0,0,0,0,0,0,0
1771685786964000,1771685786806000,1771685786964000,0.0005197711,0.001346018,0.0,160,1,0,0,0,0,0,0,0,0,0,0,0
1771685787012000,1771685786858000,1771685787012000,0.0005197711,0.001346018,0.0,160,1,0,0,0,0,0,0,0,0,0,0,0
1771685787068000,1771685786910000,1771685787068000,0.0005197711,0.001346018,0.0,160,1,0,0,0,0,0,0,0,0,0,0,0
1771685787116000,1771685786962000,1771685787116000,0.0005197711,0.001346018,0.0,160,1,0,0,0,0,0,0,0,0,0,0,0
1771685787172000,1771685787014000,1771685787172000,0.0005197711,0.001346018,0.0,160,1,0,0,0,0,0,0,0,0,0,0,0
1771685787220000,1771685787066000,1771685787220000,0.0005197711,0.001346018,0.0,160,1,0,0,0,0,0,0,0,0,0,0,0
1771685787276000,1771685787118000,1771685787276000,0.0005197711,0.001346018,0.0,160,1,0,0,0,0,0,0,0,0,0,0,0
1771685787324000,1771685787170000,1771685787324000,0.0005197711,0.001346018,0.0,160,1,0,0,0,0,0,0,0,0,0,0,0
1771685787380000,1771685787222000,1771685787380000,0.0005197711,0.001346018,0.0,160,1,0,0,0,0,0,0,0,0,0,0,0
1771685787428000,1771685787274000,1771685787428000,0.0005197711,0.001346018,0.0,160,1,0,0,0,0,0,0,0,0,0,0,0
1771685787484000,1771685787326000,1771685787484000,0.0005197711,0.001346018,0.0,160,1,0,0,0,0,0,0,0,0,0,0,0
1771685787532000,1771685787378000,1771685787532000,0.0005197711,0.001346018,0.0,160,1,0,0,0,0,0,0,0,0,0,0,0
1771685787588000,1771685787430000,1771685787588000,0.0005197711,0.001346018,0.0,160,1,0,0,0,0,0,0,0,0,0,0,0
1771685787636000,1771685787482000,1771685787636000,0.0005197711,0.001346018,0.0,160,1,0,0,0,0,0,0,0,0,0,0,0
1771685787692000,1771685787534000,1771685787692000,0.0005197711,0.001346018,0.0,160,1,0,0,0,0,0,0,0,0,0,0,0
1771685787740000,1771685787586000,1771685787740000,0.0005197711,0.001346018,0.0,160,1,0,0,0,0,0,0,0,0,0,0,0
1771685787796000,1771685787638000,1771685787796000,0.0005197711,0.001346018,0.0,160,1,0,0,0,0,0,0,0,0,0,0,0
1771685787844000,1771685787690000,1771685787844000,0.0005197711,0.001346018,0.0,160,1,0,0,0,0,0,0,0,0,0,0,0
1771685787900000,1771685787742000,1771685787900000,0.0005197711,0.001346018,0.0,160,1,0,0,0,0,0,0,0,0,0,0,0
1771685787948000,1771685787794000,1771685787948000,0.0005197711,0.001346018,0.0,160,1,0,0,0,0,0,0,0,0,0,0,0
1771685788004000,1771685787846000,1771685788004000,0.0005197711,0.001346018,0.0,160,1,0,0,0,0,0,0,0,0,0,0,0
1771685788052000,1771685787898000,1771685788052000,0.0005197711,0.001346018,0.0,160,1,0,0,0,0,0,0,0,0,0,0,0
1771685788108000,1771685787950000,1771685788108000,0.0005197711,0.001346018,0.0,160,1,0,0,0,0,0,0,0,0,0,0,0
1771685788156000,1771685788002000,1771685788156000,0.0005197711,0.001346018,0.0,160,1,0,0,0,0,0,0,0,0,0,0,0
1771685788212000,1771685788054000,1771685788212000,0.0005197711,0.001346018,0.0,160,1,0,0,0,0,0,0,0,0,0,0,0
1771685788260000,1771685788106000,1771685788260000,0.0005197711,0.001346018,0.0,160,1,0,0,0,0,0,0,0,0,0,0,0
1771685788316000,1771685788158000,1771685788316000,0.0005197711,0.001346018,0.0,160,1,0,0,0,0,0,0,0,0,0,0,0
1771685788364000,1771685788210000,1771685788364000,0.0005197711,0.001346018,0.0,160,1,0,0,0,0,0,0,0,0,0,0,0
1771685788420000,1771685788262000,1771685788420000,0.0005197711,0.001346018,0.0,160,1,0,0,0,0,0,0,0,0,0,0,0
1771685788468000,1771685788314000,1771685788468000,0.0005197711,0.001346018,0.0,160,1,0,0,0,0,0,0,0,0,0,0,0
1771685788524000,1771685788366000,1771685788524000,0.0005197711,0.001346018,0.0,160,1,0,0,0,0,0,0,0,0,0,0,0
1771685788572000,1771685788418000,1771685788572000,0.0005197711,0.001346018,0.0,160,1,0,0,0,0,0,0,0,0,0,0,0
1771685788628000,1771685788470000,1771685788628000,0.0005197711,0.001346018,0.0,160,1,0,0,0,0,0,0,0,0,0,0,0
1771685788676000,1771685788522000,1771685788676000,0.0005197711,0.001346018,0.0,160,1,0,0,0,0,0,0,0,0,0,0,0
1771685788732000,1771685788574000,1771685788732000,0.0005197711,0.001346018,0.0,160,1,0,0,0,0,0,0,0,0,0,0,0
1771685788780000,1771685788626000,1771685788780000,0.0005197711,0.001346018,0.0,160,1,0,0,0,0,0,0,0,0,0,0,0
1771685788836000,1771685788678000,1771685788836000,0.0005197711,0.001346018,0.0,160,1,0,0,0,0,0,0,0,0,0,0,0
1771685788884000,1771685788730000,1771685788884000,0.0005197711,0.001346018,0.0,160,1,0,0,0,0,0,0,0,0,0,0,0
1771685788940000,1771685788782000,1771685788940000,0.0005197711,0.001346018,0.0,160,1,0,0,0,0,0,0,0,0,0,0,0
1771685788988000,1771685788834000,1771685788988000,0.0005197711,0.001346018,0.0,160,1,0,0,0,0,0,0,0,0,0,0,0
1771685789044000,1771685788886000,1771685789044000,0.0005197711,0.001346018,0.0,160,1,0,0,0,0,0,0,0,0,0,0,0
1771685789092000,1771685788938000,1771685789092000,0.0005197711,0.001346018,0.0,160,1,0,0,0,0,0,0,0,0,0,0,0
1771685789148000,1771685788990000,1771685789148000,0.0005197711,0.001346018,0.0,160,1,0,0,0,0,0,0,0,0,0,0,0
1771685789196000,1771685789042000,1771685789196000,0.0005197711,0.001346018,0.0,160,1,0,0,0,0,0,0,0,0,0,0,0
1771685789252000,1771685789094000,1771685789252000,0.0005197711,0.001346018,0.0,160,1,0,0,0,0,0,0,0,0,0,0,0
1771685789300000,1771685789146000,1771685789300000,0.0005197711,0.001346018,0.0,160,1,0,0,0,0,0,0,0,0,0,0,0
1771685789356000,1771685789198000,1771685789356000,0.0005197711,0.001346018,0.0,160,1,0,0,0,0,0,0,0,0,0,0,0
1771685789404000,1771685789250000,1771685789404000,0.0005197711,0.001346018,0.0,160,1,0,0,0,0,0,0,0,0,0,0,0
1771685789460000,1771685789302000,1771685789460000,0.0005197711,0.001346018,0.0,160,1,0,0,0,0,0,0,0,0,0,0,0
1771685789508000,1771685789354000,1771685789508000,0.0005197711,0.001346018,0.0,160,1,0,0,0,0,0,0,0,0,0,0,0
1771685789564000,1771685789406000,1771685789564000,0.0005197711,0.001346018,0.0,160,1,0,0,0,0,0,0,0,0,0,0,0
1771685789612000,1771685789458000,1771685789612000,0.0005197711,0.001346018,0.0,160,1,0,0,0,0,0,0,0,0,0,0,0
1771685789668000,1771685789510000,1771685789668000,0.0005197711,0.001346018,0.0,160,1,0,0,0,0,0,0,0,0,0,0,0
1771685789716000,1771685789562000,1771685789716000,0.0005197711,0.001346018,0.0,160,1,0,0,0,0,0,0,0,0,0,0,0
1771685789772000,1771685789614000,1771685789772000,0.0005197711,0.001346018,0.0,160,1,0,0,0,0,0,0,0,0,0,0,0
1771685789820000,1771685789666000,1771685789820000,0.0005197711,0.001346018,0.0,160,1,0,0,0,0,0,0,0,0,0,0,0
1771685789876000,1771685789718000,1771685789876000,0.0005197711,0.001346018,0.0,160,1,0,0,0,0,0,0,0,0,0,0,0
1771685789924000,1771685789770000,1771685789924000,0.0005197711,0.001346018,0.0,160,1,0,0,0,0,0,0,0,0,0,0,0
1771685789980000,1771685789822000,1771685789980000,0.0005197711,0.001346018,0.0,160,1,0,0,0,0,0,0,0,0,0,0,0
1771685790028000,1771685789874000,1771685790028000,0.0005197711,0.001346018,0.0,160,1,0,0,0,0,0,0,0,0,0,0,0
1771685790084000,1771685789926000,1771685790084000,0.0005197711,0.001346018,0.0,160,1,0,0,0,0,0,0,0,0,0,0,0
1771685790132000,1771685789978000,1771685790132000,0.0005197711,0.001346018,0.0,160,1,0,0,0,0,0,0,0,0,0,0,0
1771685790188000,1771685790030000,1771685790188000,0.0005197711,0.001346018,0.0,160,1,0,0,0,0,0,0,0,0,0,0,0
1771685790236000,1771685790082000,1771685790236000,0.0005197711,0.001346018,0.0,160,1,0,0,0,0,0,0,0,0,0,0,0
1771685790292000,1771685790134000,1771685790292000,0.0005197711,0.001346018,0.0,160,1,0,0,0,0,0,0,0,0,0,0,0
1771685790340000,1771685790186000,1771685790340000,0.0005197711,0.001346018,0.0,160,1,0,0,0,0,0,0,0,0,0,0,0
1771685790396000,1771685790238000,1771685790396000,0.0005197711,0.001346018,0.0,160,1,0,0,0,0,0,0,0,0,0,0,0
1771685790444000,1771685790290000,1771685790444000,0.0005197711,0.001346018,0.0,160,1,0,0,0,0,0,0,0,0,0,0,0
1771685790500000,1771685790342000,1771685790500000,0.0005197711,0.001346018,0.0,160,1,0,0,0,0,0,0,0,0,0,0,0
1771685790548000,1771685790394000,1771685790548000,0.0005197711,0.001346018,0.0,160,1,0,0,0,0,0,0,0,0,0,0,0
1771685790604000,1771685790446000,1771685790604000,0.0005197711,0.001346018,0.0,160,1,0,0,0,0,0,0,0,0,0,0,0
1771685790652000,1771685790498000,1771685790652000,0.0005197711,0.001346018,0.0,160,1,0,0,0,0,0,0,0,0,0,0,0
1771685790708000,1771685790550000,1771685790708000,0.0005197711,0.001346018,0.0,160,1,0,0,0,0,0,0,0,0,0,0,0
1771685790756000,1771685790602000,1771685790756000,0.0005197711,0.001346018,0.0,160,1,0,0,0,0,0,0,0,0,0,0,0
1771685790812000,1771685790654000,1771685790812000,0.0005197711,0.001346018,0.0,160,1,0,0,0,0,0,0,0,0,0,0,0
1771685790860000,1771685790706000,1771685790860000,0.0005197711,0.001346018,0.0,160,1,0,0,0,0,0,0,0,0,0,0,0
1771685790916000,1771685790758000,1771685790916000,0.0005197711,0.001346018,0.0,160,1,0,0,0,0,0,0,0,0,0,0,0
1771685790964000,1771685790810000,1771685790964000,0.0005197711,0.001346018,0.0,160,1,0,0,0,0,0,0,0,0,0,0,0
1771685791020000,1771685790862000,1771685791020000,0.0005197711,0.001346018,0.0,160,1,0,0,0,0,0,0,0,0,0,0,0
1771685791068000,1771685790914000,1771685791068000,0.0005197711,0.001346018,0.0,160,1,0,0,0,0,0,0,0,0,0,0,0
1771685791124000,1771685790966000,1771685791124000,0.0005197711,0.001346018,0.0,160,1,0,0,0,0,0,0,0,0,0,0,0
1771685791172000,1771685791018000,1771685791172000,0.0005197711,0.001346018,0.0,160,1,0,0,0,0,0,0,0,0,0,0,0
1771685791228000,1771685791070000,1771685791228000,0.0005197711,0.001346018,0.0,160,1,0,0,0,0,0,0,0,0,0,0,0
1771685791276000,1771685791122000,1771685791276000,0.0005197711,0.001346018,0.0,160,1,0,0,0,0,0,0,0,0,0,0,0
1771685791332000,1771685791174000,1771685791332000,0.0005197711,0.001346018,0.0,160,1,0,0,0,0,0,0,0,0,0,0,0
1771685791380000,1771685791226000,1771685791380000,0.0005197711,0.001346018,0.0,160,1,0,0,0,0,0,0,0,0,0,0,0
1771685791436000,1771685791278000,1771685791436000,0.0005197711,0.001346018,0.0,160,1,0,0,0,0,0,0,0,0,0,0,0
1771685791484000,1771685791330000,1771685791484000,0.0005197711,0.001346018,0.0,160,1,0,0,0,0,0,0,0,0,0,0,0
1771685791540000,1771685791382000,1771685791540000,0.0005197711,0.001346018,0.0,160,1,0,0,0,0,0,0,0,0,0,0,0
1771685791588000,1771685791434000,1771685791588000,0.0005197711,0.001346018,0.0,160,1,0,0,0,0,0,0,0,0,0,0,0
1771685791644000,1771685791486000,1771685791644000,0.0005197711,0.001346018,0.0,160,1,0,0,0,0,0,0,0,0,0,0,0
1771685791692000,1771685791538000,1771685791692000,0.0005197711,0.001346018,0.0,160,1,0,0,0,0,0,0,0,0,0,0,0
1771685791748000,1771685791590000,1771685791748000,0.0005197711,0.001346018,0.0,160,1,0,0,0,0,0,0,0,0,0,0,0
1771685791796000,1771685791642000,1771685791796000,0.0005197711,0.001346018,0.0,160,1,0,0,0,0,0,0,0,0,0,0,0
1771685791852000,1771685791694000,1771685791852000,0.0005197711,0.001346018,0.0,160,1,0,0,0,0,0,0,0,0,0,0,0
1771685791900000,1771685791746000,1771685791900000,0.0005197711,0.001346018,0.0,160,1,0,0,0,0,0,0,0,0,0,0,0
1771685791956000,1771685791798000,1771685791956000,0.0005197711,0.001346018,0.0,160,1,0,0,0,0,0,0,0,0,0,0,0
1771685792004000,1771685791850000,1771685792004000,0.0005197711,0.001346018,0.0,160,1,0,0,0,0,0,0,0,0,0,0,0
1771685792060000,1771685791902000,1771685792060000,0.0005197711,0.001346018,0.0,160,1,0,0,0,0,0,0,0,0,0,0,0
1771685792108000,1771685791954000,1771685792108000,0.0005197711,0.001346018,0.0,160,1,0,0,0,0,0,0,0,0,0,0,0
1771685792164000,1771685792006000,1771685792164000,0.0005197711,0.001346018,0.0,160,1,0,0,0,0,0,0,0,0,0,0,0
1771685792212000,1771685792058000,1771685792212000,0.0005197711,0.001346018,0.0,160,1,0,0,0,0,0,0,0,0,0,0,0
1771685792268000,1771685792110000,1771685792268000,0.0005197711,0.001346018,0.0,160,1,0,0,0,0,0,0,0,0,0,0,0
1771685792316000,1771685792162000,1771685792316000,0.0005197711,0.001346018,0.0,160,1,0,0,0,0,0,0,0,0,0,0,0
1771685792372000,1771685792214000,1771685792372000,0.0005197711,0.001346018,0.0,160,1,0,0,0,0,0,0,0,0,0,0,0
1771685792420000,1771685792266000,1771685792420000,0.0005197711,0.001346018,0.0,160,1,0,0,0,0,0,0,0,0,0,0,0
1771685792476000,1771685792318000,1771685792476000,0.0005197711,0.001346018,0.0,160,1,0,0,0,0,0,0,0,0,0,0,0
1771685792524000,1771685792370000,1771685792524000,0.0005197711,0.001346018,0.0,160,1,0,0,0,0,0,0,0,0,0,0,0
1771685792580000,1771685792422000,1771685792580000,0.0005197711,0.001346018,0.0,160,1,0,0,0,0,0,0,0,0,0,0,0
1771685792628000,1771685792474000,1771685792628000,0.0005197711,0.001346018,0.0,160,1,0,0,0,0,0,0,0,0,0,0,0
1771685792684000,1771685792526000,1771685792684000,0.0005197711,0.001346018,0.0,160,1,0,0,0,0,0,0,0,0,0,0,0
1771685792732000,1771685792578000,1771685792732000,0.0005197711,0.001346018,0.0,160,1,0,0,0,0,0,0,0,0,0,0,0
1771685792788000,1771685792630000,1771685792788000,0.0005197711,0.001346018,0.0,160,1,0,0,0,0,0,0,0,0,0,0,0
1771685792836000,1771685792682000,1771685792836000,0.0005197711,0.001346018,0.0,160,1,0,0,0,0,0,0,0,0,0,0,0
1771685792892000,1771685792734000,1771685792892000,0.0005197711,0.001346018,0.0,160,1,0,0,0,0,0,0,0,0,0,0,0
1771685792940000,1771685792786000,1771685792940000,0.0005197711,0.001346018,0.0,160,1,0,0,0,0,0,0,0,0,0,0,0
1771685792996000,1771685792838000,1771685792996000,0.0005197711,0.001346018,0.0,160,1,0,0,0,0,0,0,0,0,0,0,0
1771685793044000,1771685792890000,1771685793044000,0.0005197711,0.001346018,0.0,160,1,0,0,0,0,0,0,0,0,0,0,0
1771685793100000,1771685792942000,1771685793100000,0.0005197711,0.001346018,0.0,160,1,0,0,0,0,0,0,0,0,0,0,0
1771685793148000,1771685792994000,1771685793148000,0.0005197711,0.001346018,0.0,160,1,0,0,0,0,0,0,0,0,0,0,0
1771685793204000,1771685793046000,1771685793204000,0.0005197711,0.001346018,0.0,160,1,0,0,0,0,0,0,0,0,0,0,0
1771685793252000,1771685793098000,1771685793252000,0.0005197711,0.001346018,0.0,160,1,0,0,0,0,0,0,0,0,0,0,0
1771685793308000,1771685793150000,1771685793308000,0.0005197711,0.001346018,0.0,160,1,0,0,0,0,0,0,0,0,0,0,0
1771685793356000,1771685793202000,1771685793356000,0.0005197711,0.001346018,0.0,160,1,0,0,0,0,0,0,0,0,0,0,0
1771685793412000,1771685793254000,1771685793412000,0.0005197711,0.001346018,0.0,160,1,0,0,0,0,0,0,0,0,0,0,0
1771685793460000,1771685793306000,1771685793460000,0.0005197711,0.001346018,0.0,160,1,0,0,0,0,0,0,0,0,0,0,0
1771685793516000,1771685793358000,1771685793516000,0.0005197711,0.001346018,0.0,160,1,0,0,0,0,0,0,0,0,0,0,0
1771685793564000,1771685793410000,1771685793564000,0.0005197711,0.001346018,0.0,160,1,0,0,0,0,0,0,0,0,0,0,0
1771685793620000,1771685793462000,1771685793620000,0.0005197711,0.001346018,0.0,160,1,0,0,0,0,0,0,0,0,0,0,0
1771685793668000,1771685793514000,1771685793668000,0.0005197711,0.001346018,0.0,160,1,0,0,0,0,0,0,0,0,0,0,0
1771685793724000,1771685793566000,1771685793724000,0.0005197711,0.001346018,0.0,160,1,0,0,0,0,0,0,0,0,0,0,0
1771685793772000,1771685793618000,1771685793772000,0.0005197711,0.001346018,0.0,160,1,0,0,0,0,0,0,0,0,0,0,0
1771685793828000,1771685793670000,1771685793828000,0.0005197711,0.001346018,0.0,160,1,0,0,0,0,0,0,0,0,0,0,0
1771685793876000,1771685793722000,1771685793876000,0.0005197711,0.001346018,0.0,160,1,0,0,0,0,0,0,0,0,0,0,0
1771685793932000,1771685793774000,1771685793932000,0.0005197711,0.001346018,0.0,160,1,0,0,0,0,0,0,0,0,0,0,0
1771685793980000,1771685793826000,1771685793980000,0.0005197711,0.001346018,0.0,160,1,0,0,0,0,0,0,0,0,0,0,0
1771685794036000,1771685793878000,1771685794036000,0.0005197711,0.001346018,0.0,160,1,0,0,0,0,0,0,0,0,0,0,0
1771685794084000,1771685793930000,1771685794084000,0.0005197711,0.001346018,0.0,160,1,0,0,0,0,0,0,0,0,0,0,0
1771685794140000,1771685793982000,1771685794140000,0.0005197711,0.001346018,0.0,160,1,0,0,0,0,0,0,0,0,0,0,0
1771685794188000,1771685794034000,1771685794188000,0.0005197711,0.001346018,0.0,160,1,0,0,0,0,0,0,0,0,0,0,0
1771685794244000,1771685794086000,1771685794244000,0.0005197711,0.001346018,0.0,160,1,0,0,0,0,0,0,0,0,0,0,0
1771685794292000,1771685794138000,1771685794292000,0.0005197711,0.001346018,0.0,160,1,0,0,0,0,0,0,0,0,0,0,0
1771685794348000,1771685794190000,1771685794348000,0.0005197711,0.001346018,0.0,160,1,0,0,0,0,0,0,0,0,0,0,0
1771685794396000,1771685794242000,1771685794396000,0.0005197711,0.001346018,0.0,160,1,0,0,0,0,0,0,0,0,0,0,0
1771685794452000,1771685794294000,1771685794452000,0.0005197711,0.001346018,0.0,160,1,0,0,0,0,0,0,0,0,0,0,0
1771685794500000,1771685794346000,1771685794500000,0.0005197711,0.001346018,0.0,160,1,0,0,0,0,0,0,0,0,0,0,0
1771685794556000,1771685794398000,1771685794556000,0.0005197711,0.001346018,0.0,160,1,0,0,0,0,0,0,0,0,0,0,0
1771685794604000,1771685794450000,1771685794604000,0.0005197711,0.001346018,0.0,160,1,0,0,0,0,0,0,0,0,0,0,0
1771685794660000,1771685794502000,1771685794660000,0.0005197711,0.001346018,0.0,160,1,0,0,0,0,0,0,0,0,0,0,0
1771685794708000,1771685794554000,1771685794708000,0.0005197711,0.001346018,0.0,160,1,0,0,0,0,0,0,0,0,0,0,0
1771685794764000,1771685794606000,1771685794764000,0.0005197711,0.001346018,0.0,160,1,0,0,0,0,0,0,0,0,0,0,0
1771685794812000,1771685794658000,1771685794812000,0.0005197711,0.001346018,0.0,160,1,0,0,0,0,0,0,0,0,0,0,0
1771685794868000,1771685794710000,1771685794868000,0.0005197711,0.001346018,0.0,160,1,0,0,0,0,0,0,0,0,0,0,0
1771685794916000,1771685794762000,1771685794916000,0.0005197711,0.001346018,0.0,160,1,0,0,0,0,0,0,0,0,0,0,0
1771685794972000,1771685794814000,1771685794972000,0.0005197711,0.001346018,0.0,160,1,0,0,0,0,0,0,0,0,0,0,0
1771685795020000,1771685794866000,1771685795020000,0.0005197711,0.001346018,0.0,160,1,0,0,0,0,0,0,0,0,0,0,0
1771685795076000,1771685794918000,1771685795076000,0.0005197711,0.001346018,0.0,160,1,0,0,0,0,0,0,0,0,0,0,0
1771685795124000,1771685794970000,1771685795124000,0.0005197711,0.001346018,0.0,160,1,0,0,0,0,0,0,0,0,0,0,0
1771685795180000,1771685795022000,1771685795180000,0.0005197711,0.001346018,0.0,160,1,0,0,0,0,0,0,0,0,0,0,0
1771685795228000,1771685795074000,1771685795228000,0.0005197711,0.001346018,0.0,160,1,0,0,0,0,0,0,0,0,0,0,0
1771685795284000,1771685795126000,1771685795284000,0.0005197711,0.001346018,0.0,160,1,0,0,0,0,0,0,0,0,0,0,0
1771685795332000,1771685795178000,1771685795332000,0.0005197711,0.001346018,0.0,160,1,0,0,0,0,0,0,0,0,0,0,0
1771685795388000,1771685795230000,1771685795388000,0.0005197711,0.001346018,0.0,160,1,0,0,0,0,0,0,0,0,0,0,0
1771685795436000,1771685795282000,1771685795436000,0.0005197711,0.001346018,0.0,160,1,0,0,0,0,0,0,0,0,0,0,0
1771685795492000,1771685795334000,1771685795492000,0.0005197711,0.001346018,0.0,160,1,0,0,0,0,0,0,0,0,0,0,0
1771685795540000,1771685795386000,1771685795540000,0.0005197711,0.001346018,0.0,160,1,0,0,0,0,0,0,0,0,0,0,0
1771685795596000,1771685795438000,1771685795596000,0.0005197711,0.001346018,0.0,160,1,0,0,0,0,0,0,0,0,0,0,0
1771685795644000,1771685795490000,1771685795644000,0.0005197711,0.001346018,0.0,160,1,0,0,0,0,0,0,0,0,0,0,0
1771685795700000,1771685795542000,1771685795700000,0.0005197711,0.001346018,0.0,160,1,0,0,0,0,0,0,0,0,0,0,0
1771685795748000,1771685795594000,1771685795748000,0.0005197711,0.001346018,0.0,160,1,0,0,0,0,0,0,0,0,0,0,0
1771685795804000,1771685795646000,1771685795804000,0.0005197711,0.001346018,0.0,160,1,0,0,0,0,0,0,0,0,0,0,0
1771685795852000,1771685795698000,1771685795852000,0.0005197711,0.001346018,0.0,160,1,0,0,0,0,0,0,0,0,0,0,0
1771685795908000,1771685795750000,1771685795908000,0.0005197711,0.001346018,0.0,160,1,0,0,0,0,0,0,0,0,0,0,0
1771685795956000,1771685795802000,1771685795956000,0.0005197711,0.001346018,0.0,160,1,0,0,0,0,0,0,0,0,0,0,0
1771685796012000,1771685795854000,1771685796012000,0.0005197711,0.001346018,0.0,160,1,0,0,0,0,0,0,0,0,0,0,0
1771685796060000,1771685795906000,1771685796060000,0.0005197711,0.001346018,0.0,160,1,0,0,0,0,0,0,0,0,0,0,0
1771685796116000,1771685795958000,1771685796116000,0.0005197711,0.001346018,0.0,160,1,0,0,0,0,0,0,0,0,0,0,0
1771685796164000,1771685796010000,1771685796164000,0.0005197711,0.001346018,0.0,160,1,0,0,0,0,0,0,0,0,0,0,0
1771685796220000,1771685796062000,1771685796220000,0.0005197711,0.001346018,0.0,160,1,0,0,0,0,0,0,0,0,0,0,0
1771685796268000,1771685796114000,1771685796268000,0.0005197711,0.001346018,0.0,160,1,0,0,0,0,0,0,0,0,0,0,0
1771685796324000,1771685796166000,1771685796324000,0.0005197711,0.001346018,0.0,160,1,0,0,0,0,0,0,0,0,0,0,0
1771685796372000,1771685796218000,1771685796372000,0.0005197711,0.001346018,0.0,160,1,0,0,0,0,0,0,0,0,0,0,0
1771685796428000,1771685796270000,1771685796428000,0.0005197711,0.001346018,0.0,160,1,0,0,0,0,0,0,0,0,0,0,0
1771685796476000,1771685796322000,1771685796476000,0.0005197711,0.001346018,0.0,160,1,0,0,0,0,0,0,0,0,0,0,0
1771685796532000,1771685796374000,1771685796532000,0.0005197711,0.001346018,0.0,160,1,0,0,0,0,0,0,0,0,0,0,0
1771685796580000,1771685796426000,1771685796580000,0.0005197711,0.001346018,0.0,160,1,0,0,0,0,0,0,0,0,0,0,0
1771685796636000,1771685796478000,1771685796636000,0.0005197711,0.001346018,0.0,160,1,0,0,0,0,0,0,0,0,0,0,0
1771685796684000,1771685796530000,1771685796684000,0.0005197711,0.001346018,0.0,160,1,0,0,0,0,0,0,0,0,0,0,0
1771685796740000,1771685796582000,1771685796740000,0.0005197711,0.001346018,0.0,160,1,0,0,0,0,0,0,0,0,0,0,0
1771685796788000,1771685796634000,1771685796788000,0.0005197711,0.001346018,0.0,160,1,0,0,0,0,0,0,0,0,0,0,0
1771685796844000,1771685796686000,1771685796844000,0.0005197711,0.001346018,0.0,160,1,0,0,0,0,0,0,0,0,0,0,0
1771685796892000,1771685796738000,1771685796892000,0.0005197711,0.001346018,0.0,160,1,0,0,0,0,0,0,0,0,0,0,0
1771685796948000,1771685796790000,1771685796948000,0.0005197711,0.001346018,0.0,160,1,0,0,0,0,0,0,0,0,0,0,0
1771685796996000,1771685796842000,1771685796996000,0.0005197711,0.001346018,0.0,160,1,0,0,0,0,0,0,0,0,0,0,0
1771685797052000,1771685796894000,1771685797052000,0.0005197711,0.001346018,0.0,160,1,0,0,0,0,0,0,0,0,0,0,0
1771685797100000,1771685796946000,1771685797100000,0.0005197711,0.001346018,0.0,160,1,0,0,0,0,0,0,0,0,0,0,0
1771685797156000,1771685796998000,1771685797156000,0.0005197711,0.001346018,0.0,160,1,0,0,0,0,0,0,0,0,0,0,0
1771685797204000,1771685797050000,1771685797204000,0.0005197711,0.001346018,0.0,160,1,0,0,0,0,0,0,0,0,0,0,0
1771685797260000,1771685797102000,1771685797260000,0.0005197711,0.001346018,0.0,160,1,0,0,0,0,0,0,0,0,0,0,0
1771685797308000,1771685797154000,1771685797308000,0.0005197711,0.001346018,0.0,160,1,0,0,0,0,0,0,0,0,0,0,0
1771685797364000,1771685797206000,1771685797364000,0.0005197711,0.001346018,0.0,160,1,0,0,0,0,0,0,0,0,0,0,0
1771685797412000,1771685797258000,1771685797412000,0.0005197711,0.001346018,0.0,160,1,0,0,0,0,0,0,0,0,0,0,0
1771685797468000,1771685797310000,1771685797468000,0.0005197711,0.001346018,0.0,160,1,0,0,0,0,0,0,0,0,0,0,0
1771685797516000,1771685797362000,1771685797516000,0.0005197711,0.001346018,0.0,160,1,0,0,0,0,0,0,0,0,0,0,0
1771685797572000,1771685797414000,1771685797572000,0.0005197711,0.001346018,0.0,160,1,0,0,0,0,0,0,0,0,0,0,0
1771685797620000,1771685797466000,1771685797620000,0.0005197711,0.001346018,0.0,160,1,0,0,0,0,0,0,0,0,0,0,0
1771685797676000,1771685797518000,1771685797676000,0.0005197711,0.001346018,0.0,160,1,0,0,0,0,0,0,0,0,0,0,0
1771685797724000,1771685797570000,1771685797724000,0.0005197711,0.001346018,0.0,160,1,0,0,0,0,0,0,0,0,0,0,0
1771685797780000,1771685797622000,1771685797780000,0.0005197711,0.001346018,0.0,160,1,0,0,0,0,0,0,0,0,0,0,0
1771685797828000,1771685797674000,1771685797828000,0.0005197711,0.001346018,0.0,160,1,0,0,0,0,0,0,0,0,0,0,0
1771685797884000,1771685797726000,1771685797884000,0.0005197711,0.001346018,0.0,160,1,0,0,0,0,0,0,0,0,0,0,0
1771685797932000,1771685797778000,1771685797932000,0.0005197711,0.001346018,0.0,160,1,0,0,0,0,0,0,0,0,0,0,0
1771685797988000,1771685797830000,1771685797988000,0.0005197711,0.001346018,0.0,160,1,0,0,0,0,0,0,0,0,0,0,0
1771685798036000,1771685797882000,1771685798036000,0.0005197711,0.001346018,0.0,160,1,0,0,0,0,0,0,0,0,0,0,0
1771685798092000,1771685797934000,1771685798092000,0.0005197711,0.001346018,0.0,160,1,0,0,0,0,0,0,0,0,0,0,0
1771685798140000,1771685797986000,1771685798140000,0.0005197711,0.001346018,0.0,160,1,0,0,0,0,0,0,0,0,0,0,0
1771685798196000,1771685798038000,1771685798196000,0.0005197711,0.001346018,0.0,160,1,0,0,0,0,0,0,0,0,0,0,0
1771685798244000,1771685798090000,1771685798244000,0.0005197711,0.001346018,0.0,160,1,0,0,0,0,0,0,0,0,0,0,0
1771685798300000,1771685798142000,1771685798300000,0.0005197711,0.001346018,0.0,160,1,0,0,0,0,0,0,0,0,0,0,0
1771685798348000,1771685798194000,1771685798348000,0.0005197711,0.001346018,0.0,160,1,0,0,0,0,0,0,0,0,0,0,0
1771685798404000,1771685798246000,1771685798404000,0.0005197711,0.001346018,0.0,160,1,0,0,0,0,0,0,0,0,0,0,0
1771685798452000,1771685798298000,1771685798452000,0.0005197711,0.001346018,0.0,160,1,0,0,0,0,0,0,0,0,0,0,0
1771685798508000,1771685798350000,1771685798508000,0.0005197711,0.001346018,0.0,160,1,0,0,0,0,0,0,0,0,0,0,0
1771685798556000,1771685798402000,1771685798556000,0.0005197711,0.001346018,0.0,160,1,0,0,0,0,0,0,0,0,0,0,0
1771685798612000,1771685798454000,1771685798612000,0.0005197711,0.001346018,0.0,160,1,0,0,0,0,0,0,0,0,0,0,0
1771685798660000,1771685798506000,1771685798660000,0.0005197711,0.001346018,0.0,160,1,0,0,0,0,0,0,0,0,0,0,0
1771685798716000,1771685798558000,1771685798716000,0.0005197711,0.001346018,0.0,160,1,0,0,0,0,0,0,0,0,0,0,0
1771685798764000,1771685798610000,1771685798764000,0.0005197711,0.001346018,0.0,160,1,0,0,0,0,0,0,0,0,0,0,0
1771685798820000,1771685798662000,1771685798820000,0.0005197711,0.001346018,0.0,160,1,0,0,0,0,0,0,0,0,0,0,0
1771685798868000,1771685798714000,1771685798868000,0.0005197711,0.001346018,0.0,160,1,0,0,0,0,0,0,0,0,0,0,0
1771685798924000,1771685798766000,1771685798924000,0.0005197711,0.001346018,0.0,160,1,0,0,0,0,0,0,0,0,0,0,0
1771685798972000,1771685798818000,1771685798972000,0.0005197711,0.001346018,0.0,160,1,0,0,0,0,0,0,0,0,0,0,0
1771685799028000,1771685798870000,1771685799028000,0.0005197711,0.001346018,0.0,160,1,0,0,0,0,0,0,0,0,0,0,0
1771685799076000,1771685798922000,1771685799076000,0.0005197711,0.001346018,0.0,160,1,0,0,0,0,0,0,0,0,0,0,0
1771685799132000,1771685798974000,1771685799132000,0.0005197711,0.001346018,0.0,160,1,0,0,0,0,0,0,0,0,0,0,0
1771685799180000,1771685799026000,1771685799180000,0.0005197711,0.001346018,0.0,160,1,0,0,0,0,0,0,0,0,0,0,0
1771685799236000,1771685799078000,1771685799236000,0.0005197711,0.001346018,0.0,160,1,0,0,0,0,0,0,0,0,0,0,0
1771685799284000,1771685799130000,1771685799284000,0.0005197711,0.001346018,0.0,160,1,0,0,0,0,0,0,0,0,0,0,0
1771685799340000,1771685799182000,1771685799340000,0.0005197711,0.001346018,0.0,160,1,0,0,0,0,0,0,0,0,0,0,0
1771685799388000,1771685799234000,1771685799388000,0.0005197711,0.001346018,0.0,160,1,0,0,0,0,0,0,0,0,0,0,0
1771685799444000,1771685799286000,1771685799444000,0.0005197711,0.001346018,0.0,160,1,0,0,0,0,0,0,0,0,0,0,0
1771685799492000,1771685799338000,1771685799492000,0.0005197711,0.001346018,0.0,160,1,0,0,0,0,0,0,0,0,0,0,0
1771685799548000,1771685799390000,1771685799548000,0.0005197711,0.001346018,0.0,160,1,0,0,0,0,0,0,0,0,0,0,0
1771685799596000,1771685799442000,1771685799596000,0.0005197711,0.001346018,0.0,160,1,0,0,0,0,0,0,0,0,0,0,0
1771685799652000,1771685799494000,1771685799652000,0.0005197711,0.001346018,0.0,160,1,0,0,0,0,0,0,0,0,0,0,0
1771685799700000,1771685799546000,1771685799700000,0.0005197711,0.001346018,0.0,160,1,0,0,0,0,0,0,0,0,0,0,0
1771685799756000,1771685799598000,1771685799756000,0.0005197711,0.001346018,0.0,160,1,0,0,0,0,0,0,0,0,0,0,0
1771685799804000,1771685799650000,1771685799804000,0.0005197711,0.001346018,0.0,160,1,0,0,0,0,0,0,0,0,0,0,0
1771685799860000,1771685799702000,1771685799860000,0.0005197711,0.001346018,0.0,160,1,0,0,0,0,0,0,0,0,0,0,0
1771685799908000,1771685799754000,1771685799908000,0.0005197711,0.001346018,0.0,160,1,0,0,0,0,0,0,0,0,0,0,0
1771685799964000,1771685799806000,1771685799964000,0.0005197711,0.001346018,0.0,160,1,0,0,0,0,0,0,0,0,0,0,0
1771685800012000,1771685799858000,1771685800012000,0.0005197711,0.001346018,0.0,160,1,0,0,0,0,0,0,0,0,0,0,0
1771685800068000,1771685799910000,1771685800068000,0.0005197711,0.001346018,0.0,160,1,0,0,0,0,0,0,0,0,0,0,0
1771685800116000,1771685799962000,1771685800116000,0.0005197711,0.001346018,0.0,160,1,0,0,0,0,0,0,0,0,0,0,0
1771685800172000,1771685800014000,1771685800172000,0.0005197711,0.001346018,0.0,160,1,0,0,0,0,0,0,0,0,0,0,0
1771685800220000,1771685800066000,1771685800220000,0.0005197711,0.001346018,0.0,160,1,0,0,0,0,0,0,0,0,0,0,0
1771685800276000,1771685800118000,1771685800276000,0.0005197711,0.001346018,0.0,160,1,0,0,0,0,0,0,0,0,0,0,0
1771685800324000,1771685800170000,1771685800324000,0.0005197711,0.001346018,0.0,160,1,0,0,0,0,0,0,0,0,0,0,0
1771685800380000,1771685800222000,1771685800380000,0.0005197711,0.001346018,0.0,160,1,0,0,0,0,0,0,0,0,0,0,0
1771685800428000,1771685800274000,1771685800428000,0.0005197711,0.001346018,0.0,160,1,0,0,0,0,0,0,0,0,0,0,0
1771685800484000,1771685800326000,1771685800484000,0.0005197711,0.001346018,0.0,160,1,0,0,0,0,0,0,0,0,0,0,0
1771685800532000,1771685800378000,1771685800532000,0.0005197711,0.001346018,0.0,160,1,0,0,0,0,0,0,0,0,0,0,0
1771685800588000,1771685800430000,1771685800588000,0.0005197711,0.001346018,0.0,160,1,0,0,0,0,0,0,0,0,0,0,0
1771685800636000,1771685800482000,1771685800636000,0.0005197711,0.001346018,0.0,160,1,0,0,0,0,0,0,0,0,0,0,0
1771685800692000,1771685800534000,1771685800692000,0.0005197711,0.001346018,0.0,160,1,0,0,0,0,0,0,0,0,0,0,0
1771685800740000,1771685800586000,1771685800740000,0.0005197711,0.001346018,0.0,160,1,0,0,0,0,0,0,0,0,0,0,0
1771685800796000,1771685800638000,1771685800796000,0.0005197711,0.001346018,0.0,160,1,0,0,0,0,0,0,0,0,0,0,0
1771685800844000,1771685800690000,1771685800844000,0.0005197711,0.001346018,0.0,160,1,0,0,0,0,0,0,0,0,0,0,0
1771685800900000,1771685800742000,1771685800900000,0.0005197711,0.001346018,0.0,160,1,0,0,0,0,0,0,0,0,0,0,0
1771685800948000,1771685800794000,1771685800948000,0.0005197711,0.001346018,0.0,160,1,0,0,0,0,0,0,0,0,0,0,0
1771685801004000,1771685800846000,1771685801004000,0.0005197711,0.001346018,0.0,160,1,0,0,0,0,0,0,0,0,0,0,0
1771685801052000,1771685800898000,1771685801052000,0.0005197711,0.001346018,0.0,160,1,0,0,0,0,0,0,0,0,0,0,0
1771685801108000,1771685800950000,1771685801108000,0.0005197711,0.001346018,0.0,160,1,0,0,0,0,0,0,0,0,0,0,0
1771685801156000,1771685801002000,1771685801156000,0.0005197711,0.001346018,0.0,160,1,0,0,0,0,0,0,0,0,0,0,0
1771685801212000,1771685801054000,1771685801212000,0.0005197711,0.001346018,0.0,160,1,0,0,0,0,0,0,0,0,0,0,0
1771685801260000,1771685801106000,1771685801260000,0.0005197711,0.001346018,0.0,160,1,0,0,0,0,0,0,0,0,0,0,0
1771685801316000,1771685801158000,1771685801316000,0.0005197711,0.001346018,0.0,160,1,0,0,0,0,0,0,0,0,0,0,0
1771685801364000,1771685801210000,1771685801364000,0.0005197711,0.001346018,0.0,160,1,0,0,0,0,0,0,0,0,0,0,0
1771685801420000,1771685801262000,1771685801420000,0.0005197711,0.001346018,0.0,160,1,0,0,0,0,0,0,0,0,0,0,0
1771685801468000,1771685801314000,1771685801468000,0.0005197711,0.001346018,0.0,160,1,0,0,0,0,0,0,0,0,0,0,0
1771685801524000,1771685801366000,1771685801524000,0.0005197711,0.001346018,0.0,160,1,0,0,0,0,0,0,0,0,0,0,0
1771685801572000,1771685801418000,1771685801572000,0.0005197711,0.001346018,0.0,160,1,0,0,0,0,0,0,0,0,0,0,0
1771685801628000,1771685801470000,1771685801628000,0.0005197711,0.001346018,0.0,160,1,0,0,0,0,0,0,0,0,0,0,0
1771685801676000,1771685801522000,1771685801676000,0.0005197711,0.001346018,0.0,160,1,0,0,0,0,0,0,0,0,0,0,0
1771685801732000,1771685801574000,1771685801732000,0.0005197711,0.001346018,0.0,160,1,0,0,0,0,0,0,0,0,0,0,0
1771685801780000,1771685801626000,1771685801780000,0.0005197711,0.001346018,0.0,160,1,0,0,0,0,0,0,0,0,0,0,0
1771685801836000,1771685801678000,1771685801836000,0.0005197711,0.001346018,0.0,160,1,0,0,0,0,0,0,0,0,0,0,0
1771685801884000,1771685801730000,1771685801884000,0.0005197711,0.001346018,0.0,160,1,0,0,0,0,0,0,0,0,0,0,0
1771685801940000,1771685801782000,1771685801940000,0.0005197711,0.001346018,0.0,160,1,0,0,0,0,0,0,0,0,0,0,0
1771685801988000,1771685801834000,1771685801988000,0.0005197711,0.001346018,0.0,160,1,0,0,0,0,0,0,0,0,0,0,0
1771685802044000,1771685801886000,1771685802044000,0.0005197711,0.001346018,0.0,160,1,0,0,0,0,0,0,0,0,0,0,0
1771685802092000,1771685801938000,1771685802092000,0.0005197711,0.001346018,0.0,160,1,0,0,0,0,0,0,0,0,0,0,0
1771685802148000,1771685801990000,1771685802148000,0.0005197711,0.001346018,0.0,160,1,0,0,0,0,0,0,0,0,0,0,0
1771685802196000,1771685802042000,1771685802196000,0.0005197711,0.001346018,0.0,160,1,0,0,0,0,0,0,0,0,0,0,0
1771685802252000,1771685802094000,1771685802252000,0.0005197711,0.001346018,0.0,160,1,0,0,0,0,0,0,0,0,0,0,0
1771685802300000,1771685802146000,1771685802300000,0.0005197711,0.001346018,0.0,160,1,0,0,0,0,0,0,0,0,0,0,0
1771685802356000,1771685802198000,1771685802356000,0.0005197711,0.001346018,0.0,160,1,0,0,0,0,0,0,0,0,0,0,0
1771685802404000,1771685802250000,1771685802404000,0.0005197711,0.001346018,0.0,160,1,0,0,0,0,0,0,0,0,0,0,0
1771685802460000,1771685802302000,1771685802460000,0.0005197711,0.001346018,0.0,160,1,0,0,0,0,0,0,0,0,0,0,0
1771685802508000,1771685802354000,1771685802508000,0.0005197711,0.001346018,0.0,160,1,0,0,0,0,0,0,0,0,0,0,0
1771685802564000,1771685802406000,1771685802564000,0.0005197711,0.001346018,0.0,160,1,0,0,0,0,0,0,0,0,0,0,0
1771685802612000,1771685802458000,1771685802612000,0.0005197711,0.001346018,0.0,160,1,0,0,0,0,0,0,0,0,0,0,0
1771685802668000,1771685802510000,1771685802668000,0.0005197711,0.001346018,0.0,160,1,0,0,0,0,0,0,0,0,0,0,0
1771685802716000,1771685802562000,1771685802716000,0.0005197711,0.001346018,0.0,160,1,0,0,0,0,0,0,0,0,0,0,0
1771685802772000,1771685802614000,1771685802772000,0.0005197711,0.001346018,0.0,160,1,0,0,0,0,0,0,0,0,0,0,0
1771685802820000,1771685802666000,1771685802820000,0.0005197711,0.001346018,0.0,160,1,0,0,0,0,0,0,0,0,0,0,0
1771685802876000,1771685802718000,1771685802876000,0.0005197711,0.001346018,0.0,160,1,0,0,0,0,0,0,0,0,0,0,0
1771685802924000,1771685802770000,1771685802924000,0.0005197711,0.001346018,0.0,160,1,0,0,0,0,0,0,0,0,0,0,0
1771685802980000,1771685802822000,1771685802980000,0.0005197711,0.001346018,0.0,160,1,0,0,0,0,0,0,0,0,0,0,0
1771685803028000,1771685802874000,1771685803028000,0.0005197711,0.001346018,0.0,160,1,0,0,0,0,0,0,0,0,0,0,0
1771685803084000,1771685802926000,1771685803084000,0.0005197711,0.001346018,0.0,160,1,0,0,0,0,0,0,0,0,0,0,0
1771685803132000,1771685802978000,1771685803132000,0.0005197711,0.001346018,0.0,160,1,0,0,0,0,0,0,0,0,0,0,0
1771685803188000,1771685803030000,1771685803188000,0.0005197711,0.001346018,0.0,160,1,0,0,0,0,0,0,0,0,0,0,0
1771685803236000,1771685803082000,1771685803236000,0.0005197711,0.001346018,0.0,160,1,0,0,0,0,0,0,0,0,0,0,0
1771685803292000,1771685803134000,1771685803292000,0.0005197711,0.001346018,0.0,160,1,0,0,0,0,0,0,0,0,0,0,0
1771685803340000,1771685803186000,1771685803340000,0.0005197711,0.001346018,0.0,160,1,0,0,0,0,0,0,0,0,0,0,0
1771685803396000,1771685803238000,1771685803396000,0.0005197711,0.001346018,0.0,160,1,0,0,0,0,0,0,0,0,0,0,0
1771685803444000,1771685803290000,1771685803444000,0.0005197711,0.001346018,0.0,160,1,0,0,0,0,0,0,0,0,0,0,0
1771685803500000,1771685803342000,1771685803500000,0.0005197711,0.001346018,0.0,160,1,0,0,0,0,0,0,0,0,0,0,0
1771685803548000,1771685803394000,1771685803548000,0.0005197711,0.001346018,0.0,160,1,0,0,0,0,0,0,0,0,0,0,0
1771685803604000,1771685803446000,1771685803604000,0.0005197711,0.001346018,0.0,160,1,0,0,0,0,0,0,0,0,0,0,0
1771685803652000,1771685803498000,1771685803652000,0.0005197711,0.001346018,0.0,160,1,0,0,0,0,0,0,0,0,0,0,0
1771685803708000,1771685803550000,1771685803708000,0.0005197711,0.001346018,0.0,160,1,0,0,0,0,0,0,0,0,0,0,0
1771685803756000,1771685803602000,1771685803756000,0.0005197711,0.001346018,0.0,160,1,0,0,0,0,0,0,0,0,0,0,0
1771685803812000,1771685803654000,1771685803812000,0.0005197711,0.001346018,0.0,160,1,0,0,0,0,0,0,0,0,0,0,0
1771685803860000,1771685803706000,1771685803860000,0.0005197711,0.001346018,0.0,160,1,0,0,0,0,0,0,0,0,0,0,0
1771685803916000,1771685803758000,1771685803916000,0.0005197711,0.001346018,0.0,160,1,0,0,0,0,0,0,0,0,0,0,0
1771685803964000,1771685803810000,1771685803964000,0.0005197711,0.001346018,0.0,160,1,0,0,0,0,0,0,0,0,0,0,0
1771685804020000,1771685803862000,1771685804020000,0.0005197711,0.001346018,0.0,160,1,0,0,0,0,0,0,0,0,0,0,0
1771685804068000,1771685803914000,1771685804068000,0.0005197711,0.001346018,0.0,160,1,0,0,0,0,0,0,0,0,0,0,0
1771685804124000,1771685803966000,1771685804124000,0.0005197711,0.001346018,0.0,160,1,0,0,0,0,0,0,0,0,0,0,0
1771685804172000,1771685804018000,1771685804172000,0.0005197711,0.001346018,0.0,160,1,0,0,0,0,0,0,0,0,0,0,0
1771685804228000,1771685804070000,1771685804228000,0.0005197711,0.001346018,0.0,160,1,0,0,0,0,0,0,0,0,0,0,0
1771685804276000,1771685804122000,1771685804276000,0.0005197711,0.001346018,0.0,160,1,0,0,0,0,0,0,0,0,0,0,0
1771685804332000,1771685804174000,1771685804332000,0.0005197711,0.001346018,0.0,160,1,0,0,0,0,0,0,0,0,0,0,0
1771685804380000,1771685804226000,1771685804380000,0.0005197711,0.001346018,0.0,160,1,0,0,0,0,0,0,0,0,0,0,0
1771685804436000,1771685804278000,1771685804436000,0.0005197711,0.001346018,0.0,160,1,0,0,0,0,0,0,0,0,0,0,0
1771685804484000,1771685804330000,1771685804484000,0.0005197711,0.001346018,0.0,160,1,0,0,0,0,0,0,0,0,0,0,0
1771685804540000,1771685804382000,1771685804540000,0.0005197711,0.001346018,0.0,160,1,0,0,0,0,0,0,0,0,0,0,0
1771685804588000,1771685804434000,1771685804588000,0.0005197711,0.001346018,0.0,160,1,0,0,0,0,0,0,0,0,0,0,0
1771685804644000,1771685804486000,1771685804644000,0.0005197711,0.001346018,0.0,160,1,0,0,0,0,0,0,0,0,0,0,0
1771685804692000,1771685804538000,1771685804692000,0.0005197711,0.001346018,0.0,160,1,0,0,0,0,0,0,0,0,0,0,0
1771685804748000,1771685804590000,1771685804748000,0.0005197711,0.001346018,0.0,160,1,0,0,0,0,0,0,0,0,0,0,0
1771685804796000,1771685804642000,1771685804796000,0.0005197711,0.001346018,0.0,160,1,0,0,0,0,0,0,0,0,0,0,0
1771685804852000,1771685804694000,1771685804852000,0.0005197711,0.001346018,0.0,160,1,0,0,0,0,0,0,0,0,0,0,0
1771685804900000,1771685804746000,1771685804900000,0.0005197711,0.001346018,0.0,160,1,0,0,0,0,0,0,0,0,0,0,0
1771685804956000,1771685804798000,1771685804956000,0.0005197711,0.001346018,0.0,160,1,0,0,0,0,0,0,0,0,0,0,0
1771685805004000,1771685804850000,1771685805004000,0.0005197711,0.001346018,0.0,160,1,0,0,0,0,0,0,0,0,0,0,0
1771685805060000,1771685804902000,1771685805060000,0.0005197711,0.001346018,0.0,160,1,0,0,0,0,0,0,0,0,0,0,0
1771685805108000,1771685804954000,1771685805108000,0.0005197711,0.001346018,0.0,160,1,0,0,0,0,0,0,0,0,0,0,0
1771685805164000,1771685805006000,1771685805164000,0.0005197711,0.001346018,0.0,160,1,0,0,0,0,0,0,0,0,0,0,0
1771685805212000,1771685805058000,1771685805212000,0.0005197711,0.001346018,0.0,160,1,0,0,0,0,0,0,0,0,0,0,0
1771685805268000,1771685805110000,1771685805268000,0.0005197711,0.001346018,0.0,160,1,0,0,0,0,0,0,0,0,0,0,0
1771685805316000,1771685805162000,1771685805316000,0.0005197711,0.001346018,0.0,160,1,0,0,0,0,0,0,0,0,0,0,0
1771685805372000,1771685805214000,1771685805372000,0.0005197711,0.001346018,0.0,160,1,0,0,0,0,0,0,0,0,0,0,0
1771685805420000,1771685805266000,1771685805420000,0.0005197711,0.001346018,0.0,160,1,0,0,0,0,0,0,0,0,0,0,0
1771685805476000,1771685805318000,1771685805476000,0.0005197711,0.001346018,0.0,160,1,0,0,0,0,0,0,0,0,0,0,0
1771685805524000,1771685805370000,1771685805524000,0.0005197711,0.001346018,0.0,160,1,0,0,0,0,0,0,0,0,0,0,0
1771685805580000,1771685805422000,1771685805580000,0.0005197711,0.001346018,0.0,160,1,0,0,0,0,0,0,0,0,0,0,0
1771685805628000,1771685805474000,1771685805628000,0.0005197711,0.001346018,0.0,160,1,0,0,0,0,0,0,0,0,0,0,0
1771685805684000,1771685805526000,1771685805684000,0.0005197711,0.001346018,0.0,160,1,0,0,0,0,0,0,0,0,0,0,0
1771685805732000,1771685805578000,1771685805732000,0.0005197711,0.001346018,0.0,160,1,0,0,0,0,0,0,0,0,0,0,0
1771685805788000,1771685805630000,1771685805788000,0.0005197711,0.001346018,0.0,160,1,0,0,0,0,0,0,0,0,0,0,0
1771685805836000,1771685805682000,1771685805836000,0.0005197711,0.001346018,0.0,160,1,0,0,0,0,0,0,0,0,0,0,0
1771685805892000,1771685805734000,1771685805892000,0.0005197711,0.001346018,0.0,160,1,0,0,0,0,0,0,0,0,0,0,0
1771685805940000,1771685805786000,1771685805940000,0.0005197711,0.001346018,0.0,160,1,0,0,0,0,0,0,0,0,0,0,0
1771685805996000,1771685805838000,1771685805996000,0.0005197711,0.001346018,0.0,160,1,0,0,0,0,0,0,0,0,0,0,0
1771685806044000,1771685805890000,1771685806044000,0.0005197711,0.001346018,0.0,160,1,0,0,0,0,0,0,0,0,0,0,0
1771685806100000,1771685805942000,1771685806100000,0.0005197711,0.001346018,0.0,160,1,0,0,0,0,0,0,0,0,0,0,0
1771685806148000,1771685805994000,1771685806148000,0.0005197711,0.001346018,0.0,160,1,0,0,0,0,0,0,0,0,0,0,0
1771685806204000,1771685806046000,1771685806204000,0.0005197711,0.001346018,0.0,160,1,0,0,0,0,0,0,0,0,0,0,0
1771685806252000,1771685806098000,1771685806252000,0.0005197711,0.001346018,0.0,160,1,0,0,0,0,0,0,0,0,0,0,0
1771685806308000,1771685806150000,1771685806308000,0.0005197711,0.001346018,0.0,160,1,0,0,0,0,0,0,0,0,0,0,0
1771685806356000,1771685806202000,1771685806356000,0.0005197711,0.001346018,0.0,160,1,0,0,0,0,0,0,0,0,0,0,0
1771685806412000,1771685806254000,1771685806412000,0.0005197711,0.001346018,0.0,160,1,0,0,0,0,0,0,0,0,0,0,0
1771685806460000,1771685806306000,1771685806460000,0.0005197711,0.001346018,0.0,160,1,0,0,0,0,0,0,0,0,0,0,0
1771685806516000,1771685806358000,1771685806516000,0.0005197711,0.001346018,0.0,160,1,0,0,0,0,0,0,0,0,0,0,0
1771685806564000,1771685806410000,1771685806564000,0.0005197711,0.001346018,0.0,160,1,0,0,0,0,0,0,0,0,0,0,0
1771685806620000,1771685806462000,1771685806620000,0.0005197711,0.001346018,0.0,160,1,0,0,0,0,0,0,0,0,0,0,0
1771685806668000,1771685806514000,1771685806668000,0.0005197711,0.001346018,0.0,160,1,0,0,0,0,0,0,0,0,0,0,0
1771685806724000,1771685806566000,1771685806724000,0.0005197711,0.001346018,0.0,160,1,0,0,0,0,0,0,0,0,0,0,0
1771685806772000,1771685806618000,1771685806772000,0.0005197711,0.001346018,0.0,160,1,0,0,0,0,0,0,0,0,0,0,0
1771685806828000,1771685806670000,1771685806828000,0.0005197711,0.001346018,0.0,160,1,0,0,0,0,0,0,0,0,0,0,0
1771685806876000,1771685806722000,1771685806876000,0.0005197711,0.001346018,0.0,160,1,0,0,0,0,0,0,0,0,0,0,0
1771685806932000,1771685806774000,1771685806932000,0.0005197711,0.001346018,0.0,160,1,0,0,0,0,0,0,0,0,0,0,0
1771685806980000,1771685806826000,1771685806980000,0.0005197711,0.001346018,0.0,160,1,0,0,0,0,0,0,0,0,0,0,0
1771685807036000,1771685806878000,1771685807036000,0.0005197711,0.001346018,0.0,160,1,0,0,0,0,0,0,0,0,0,0,0
1771685807084000,1771685806930000,1771685807084000,0.0005197711,0.001346018,0.0,160,1,0,0,0,0,0,0,0,0,0,0,0
1771685807140000,1771685806982000,1771685807140000,0.0005197711,0.001346018,0.0,160,1,0,0,0,0,0,0,0,0,0,0,0
1771685807188000,1771685807034000,1771685807188000,0.0005197711,0.001346018,0.0,160,1,0,0,0,0,0,0,0,0,0,0,0
1771685807244000,1771685807086000,1771685807244000,0.0005197711,0.001346018,0.0,160,1,0,0,0,0,0,0,0,0,0,0,0
1771685807292000,1771685807138000,1771685807292000,0.0005197711,0.001346018,0.0,160,1,0,0,0,0,0,0,0,0,0,0,0
1771685807348000,1771685807190000,1771685807348000,0.0005197711,0.001346018,0.0,160,1,0,0,0,0,0,0,0,0,0,0,0
1771685807396000,1771685807242000,1771685807396000,0.0005197711,0.001346018,0.0,160,1,0,0,0,0,0,0,0,0,0,0,0
1771685807452000,1771685807294000,1771685807452000,0.0005197711,0.001346018,0.0,160,1,0,0,0,0,0,0,0,0,0,0,0
1771685807500000,1771685807346000,1771685807500000,0.0005197711,0.001346018,0.0,160,1,0,0,0,0,0,0,0,0,0,0,0
1771685807556000,1771685807398000,1771685807556000,0.0005197711,0.001346018,0.0,160,1,0,0,0,0,0,0,0,0,0,0,0
1771685807604000,1771685807450000,1771685807604000,0.0005197711,0.001346018,0.0,160,1,0,0,0,0,0,0,0,0,0,0,0
1771685807660000,1771685807502000,1771685807660000,0.0005197711,0.001346018,0.0,160,1,0,0,0,0,0,0,0,0,0,0,0
1771685807708000,1771685807554000,1771685807708000,0.0005197711,0.001346018,0.0,160,1,0,0,0,0,0,0,0,0,0,0,0
1771685807764000,1771685807606000,1771685807764000,0.0005197711,0.001346018,0.0,160,1,0,0,0,0,0,0,0,0,0,0,0
1771685807812000,1771685807658000,1771685807812000,0.0005197711,0.001346018,0.0,160,1,0,0,0,0,0,0,0,0,0,0,0
1771685807868000,1771685807710000,1771685807868000,0.0005197711,0.001346018,0.0,160,1,0,0,0,0,0,0,0,0,0,0,0
1771685807916000,1771685807762000,1771685807916000,0.0005197711,0.001346018,0.0,160,1,0,0,0,0,0,0,0,0,0,0,0
1771685807972000,1771685807814000,1771685807972000,0.0005197711,0.001346018,0.0,160,1,0,0,0,0,0,0,0,0,0,0,0
1771685808020000,1771685807866000,1771685808020000,0.0005197711,0.001346018,0.0,160,1,0,0,0,0,0,0,0,0,0,0,0
1771685808076000,1771685807918000,1771685808076000,0.0005197711,0.001346018,0.0,160,1,0,0,0,0,0,0,0,0,0,0,0
1771685808124000,1771685807970000,1771685808124000,0.0005197711,0.001346018,0.0,160,1,0,0,0,0,0,0,0,0,0,0,0
1771685808180000,1771685808022000,1771685808180000,0.0005197711,0.001346018,0.0,160,1,0,0,0,0,0,0,0,0,0,0,0
1771685808228000,1771685808074000,1771685808228000,0.0005197711,0.001346018,0.0,160,1,0,0,0,0,0,0,0,0,0,0,0
1771685808284000,1771685808126000,1771685808284000,0.0005197711,0.001346018,0.0,160,1,0,0,0,0,0,0,0,0,0,0,0
1771685808332000,1771685808178000,1771685808332000,0.0005197711,0.001346018,0.0,160,1,0,0,0,0,0,0,0,0,0,0,0
1771685808388000,1771685808230000,1771685808388000,0.0005197711,0.001346018,0.0,160,1,0,0,0,0,0,0,0,0,0,0,0
1771685808436000,1771685808282000,1771685808436000,0.0005197711,0.001346018,0.0,160,1,0,0,0,0,0,0,0,0,0,0,0
1771685808492000,1771685808334000,1771685808492000,0.0005197711,0.001346018,0.0,160,1,0,0,0,0,0,0,0,0,0,0,0
1771685808540000,1771685808386000,1771685808540000,0.0005197711,0.001346018,0.0,160,1,0,0,0,0,0,0,0,0,0,0,0
1771685808596000,1771685808438000,1771685808596000,0.0005197711,0.001346018,0.0,160,1,0,0,0,0,0,0,0,0,0,0,0
1771685808644000,1771685808490000,1771685808644000,0.0005197711,0.001346018,0.0,160,1,0,0,0,0,0,0,0,0,0,0,0
1771685808700000,1771685808542000,1771685808700000,0.0005197711,0.001346018,0.0,160,1,0,0,0,0,0,0,0,0,0,0,0
1771685808748000,1771685808594000,1771685808748000,0.0005197711,0.001346018,0.0,160,1,0,0,0,0,0,0,0,0,0,0,0
1771685808804000,1771685808646000,1771685808804000,0.0005197711,0.001346018,0.0,160,1,0,0,0,0,0,0,0,0,0,0,0
1771685808852000,1771685808698000,1771685808852000,0.0005197711,0.001346018,0.0,160,1,0,0,0,0,0,0,0,0,0,0,0
1771685808908000,1771685808750000,1771685808908000,0.0005197711,0.001346018,0.0,160,1,0,0,0,0,0,0,0,0,0,0,0
1771685808956000,1771685808802000,1771685808956000,0.0005197711,0.001346018,0.0,160,1,0,0,0,0,0,0,0,0,0,0,0
1771685809012000,1771685808854000,1771685809012000,0.0005197711,0.001346018,0.0,160,1,0,0,0,0,0,0,0,0,0,0,0
1771685809060000,1771685808906000,1771685809060000,0.0005197711,0.001346018,0.0,160,1,0,0,0,0,0,0,0,0,0,0,0
1771685809116000,1771685808958000,1771685809116000,0.0005197711,0.001346018,0.0,160,1,0,0,0,0,0,0,0,0,0,0,0
1771685809164000,1771685809010000,1771685809164000,0.0005197711,0.001346018,0.0,160,1,0,0,0,0,0,0,0,0,0,0,0
1771685809220000,1771685809062000,1771685809220000,0.0005197711,0.001346018,0.0,160,1,0,0,0,0,0,0,0,0,0,0,0
1771685809268000,1771685809114000,1771685809268000,0.0005197711,0.001346018,0.0,160,1,0,0,0,0,0,0,0,0,0,0,0
1771685809324000,1771685809166000,1771685809324000,0.0005197711,0.001346018,0.0,160,1,0,0,0,0,0,0,0,0,0,0,0
1771685809372000,1771685809218000,1771685809372000,0.0005197711,0.001346018,0.0,160,1,0,0,0,0,0,0,0,0,0,0,0
1771685809428000,1771685809270000,1771685809428000,0.0005197711,0.001346018,0.0,160,1,0,0,0,0,0,0,0,0,0,0,0
1771685809476000,1771685809322000,1771685809476000,0.0005197711,0.001346018,0.0,160,1,0,0,0,0,0,0,0,0,0,0,0
1771685809532000,1771685809374000,1771685809532000,0.0005197711,0.001346018,0.0,160,1,0,0,0,0,0,0,0,0,0,0,0
1771685809580000,1771685809426000,1771685809580000,0.0005197711,0.001346018,0.0,160,1,0,0,0,0,0,0,0,0,0,0,0
1771685809636000,1771685809478000,1771685809636000,0.0005197711,0.001346018,0.0,160,1,0,0,0,0,0,0,0,0,0,0,0
1771685809684000,1771685809530000,1771685809684000,0.0005197711,0.001346018,0.0,160,1,0,0,0,0,0,0,0,0,0,0,0
1771685809740000,1771685809582000,1771685809740000,0.0005197711,0.001346018,0.0,160,1,0,0,0,0,0,0,0,0,0,0,0
1771685809788000,1771685809634000,1771685809788000,0.0005197711,0.001346018,0.0,160,1,0,0,0,0,0,0,0,0,0,0,0
1771685809844000,1771685809686000,1771685809844000,0.0005197711,0.001346018,0.0,160,1,0,0,0,0,0,0,0,0,0,0,0
1771685809892000,1771685809738000,1771685809892000,0.0005197711,0.001346018,0.0,160,1,0,0,0,0,0,0,0,0,0,0,0
1771685809948000,1771685809790000,1771685809948000,0.0005197711,0.001346018,0.0,160,1,0,0,0,0,0,0,0,0,0,0,0
1771685809996000,1771685809842000,1771685809996000,0.0005197711,0.001346018,0.0,160,1,0,0,0,0,0,0,0,0,0,0,0
1771685810052000,1771685809894000,1771685810052000,0.0005197711,0.001346018,0.0,160,1,0,0,0,0,0,0,0,0,0,0,0
1771685810100000,1771685809946000,1771685810100000,0.0005197711,0.001346018,0.0,160,1,0,0,0,0,0,0,0,0,0,0,0
1771685810156000,1771685809998000,1771685810156000,0.0005197711,0.001346018,0.0,160,1,0,0,0,0,0,0,0,0,0,0,0
1771685810204000,1771685810050000,1771685810204000,0.0005197711,0.001346018,0.0,160,1,0,0,0,0,0,0,0,0,0,0,0
1771685810260000,1771685810102000,1771685810260000,0.0005197711,0.001346018,0.0,160,1,0,0,0,0,0,0,0,0,0,0,0
1771685810308000,1771685810154000,1771685810308000,0.0005197711,0.001346018,0.0,160,1,0,0,0,0,0,0,0,0,0,0,0
1771685810364000,1771685810206000,1771685810364000,0.0005197711,0.001346018,0.0,160,1,0,0,0,0,0,0,0,0,0,0,0
1771685810412000,1771685810258000,1771685810412000,0.0005197711,0.001346018,0.0,160,1,0,0,0,0,0,0,0,0,0,0,0
1771685810468000,1771685810310000,1771685810468000,0.0005197711,0.001346018,0.0,160,1,0,0,0,0,0,0,0,0,0,0,0
1771685810516000,1771685810362000,1771685810516000,0.0005197711,0.001346018,0.0,160,1,0,0,0,0,0,0,0,0,0,0,0
1771685810572000,1771685810414000,1771685810572000,0.0005197711,0.001346018,0.0,160,1,0,0,0,0,0,0,0,0,0,0,0
1771685810620000,1771685810466000,1771685810620000,0.0005197711,0.001346018,0.0,160,1,0,0,0,0,0,0,0,0,0,0,0
1771685810676000,1771685810518000,1771685810676000,0.0005197711,0.001346018,0.0,160,1,0,0,0,0,0,0,0,0,0,0,0
1771685810724000,1771685810570000,1771685810724000,0.0005197711,0.001346018,0.0,160,1,0,0,0,0,0,0,0,0,0,0,0
1771685810780000,1771685810622000,1771685810780000,0.0005197711,0.001346018,0.0,160,1,0,0,0,0,0,0,0,0,0,0,0
1771685810828000,1771685810674000,1771685810828000,0.0005197711,0.001346018,0.0,160,1,0,0,0,0,0,0,0,0,0,0,0
1771685810884000,1771685810726000,1771685810884000,0.0005197711,0.001346018,0.0,160,1,0,0,0,0,0,0,0,0,0,0,0
1771685810932000,1771685810778000,1771685810932000,0.0005197711,0.001346018,0.0,160,1,0,0,0,0,0,0,0,0,0,0,0
1771685810988000,1771685810830000,1771685810988000,0.0005197711,0.001346018,0.0,160,1,0,0,0,0,0,0,0,0,0,0,0
1771685811036000,1771685810882000,1771685811036000,0.0005197711,0.001346018,0.0,160,1,0,0,0,0,0,0,0,0,0,0,0
1771685811092000,1771685810934000,1771685811092000,0.0005197711,0.001346018,0.0,160,1,0,0,0,0,0,0,0,0,0,0,0
1771685811140000,1771685810986000,1771685811140000,0.0005197711,0.001346018,0.0,160,1,0,0,0,0,0,0,0,0,0,0,0
1771685811196000,1771685811038000,1771685811196000,0.0005197711,0.001346018,0.0,160,1,0,0,0,0,0,0,0,0,0,0,0
1771685811244000,1771685811090000,1771685811244000,0.0005197711,0.001346018,0.0,160,1,0,0,0,0,0,0,0,0,0,0,0
1771685811300000,1771685811142000,1771685811300000,0.0005197711,0.001346018,0.0,160,1,0,0,0,0,0,0,0,0,0,0,0
1771685811348000,1771685811194000,1771685811348000,0.0005197711,0.001346018,0.0,160,1,0,0,0,0,0,0,0,0,0,0,0
1771685811404000,1771685811246000,1771685811404000,0.0005197711,0.001346018,0.0,160,1,0,0,0,0,0,0,0,0,0,0,0
1771685811452000,1771685811298000,1771685811452000,0.0005197711,0.001346018,0.0,160,1,0,0,0,0,0,0,0,0,0,0,0
1771685811508000,1771685811350000,1771685811508000,0.0005197711,0.001346018,0.0,160,1,0,0,0,0,0,0,0,0,0,0,0
1771685811556000,1771685811402000,1771685811556000,0.0005197711,0.001346018,0.0,160,1,0,0,0,0,0,0,0,0,0,0,0
1771685811612000,1771685811454000,1771685811612000,0.0005197711,0.001346018,0.0,160,1,0,0,0,0,0,0,0,0,0,0,0
1771685811660000,1771685811506000,1771685811660000,0.0005197711,0.001346018,0.0,160,1,0,0,0,0,0,0,0,0,0,0,0
1771685811716000,1771685811558000,1771685811716000,0.0005197711,0.001346018,0.0,160,1,0,0,0,0,0,0,0,0,0,0,0
1771685811764000,1771685811610000,1771685811764000,0.0005197711,0.001346018,0.0,160,1,0,0,0,0,0,0,0,0,0,0,0
1771685811820000,1771685811662000,1771685811820000,0.0005197711,0.001346018,0.0,160,1,0,0,0,0,0,0,0,0,0,0,0
1771685811868000,1771685811714000,1771685811868000,0.0005197711,0.001346018,0.0,160,1,0,0,0,0,0,0,0,0,0,0,0
1771685811924000,1771685811766000,1771685811924000,0.0005197711,0.001346018,0.0,160,1,0,0,0,0,0,0,0,0,0,0,0
1771685811972000,1771685811818000,1771685811972000,0.0005197711,0.001346018,0.0,160,1,0,0,0,0,0,0,0,0,0,0,0
1771685812028000,1771685811870000,1771685812028000,0.0005197711,0.001346018,0.0,160,1,0,0,0,0,0,0,0,0,0,0,0
1771685812076000,1771685811922000,1771685812076000,0.0005197711,0.001346018,0.0,160,1,0,0,0,0,0,0,0,0,0,0,0
1771685812132000,1771685811974000,1771685812132000,0.0005197711,0.001346018,0.0,160,1,0,0,0,0,0,0,0,0,0,0,0
1771685812180000,1771685812026000,1771685812180000,0.0005197711,0.001346018,0.0,160,1,0,0,0,0,0,0,0,0,0,0,0
1771685812236000,1771685812078000,1771685812236000,0.0005197711,0.001346018,0.0,160,1,0,0,0,0,0,0,0,0,0,0,0
1771685812284000,1771685812130000,1771685812284000,0.0005197711,0.001346018,0.0,160,1,0,0,0,0,0,0,0,0,0,0,0
1771685812340000,1771685812182000,1771685812340000,0.0005197711,0.001346018,0.0,160,1,0,0,0,0,0,0,0,0,0,0,0
1771685812388000,1771685812234000,1771685812388000,0.0005197711,0.001346018,0.0,160,1,0,0,0,0,0,0,0,0,0,0,0
1771685812444000,1771685812286000,1771685812444000,0.0005197711,0.001346018,0.0,160,1,0,0,0,0,0,0,0,0,0,0,0
1771685812492000,1771685812338000,1771685812492000,0.0005197711,0.001346018,0.0,160,1,0,0,0,0,0,0,0,0,0,0,0
1771685812548000,1771685812390000,1771685812548000,0.0005197711,0.001346018,0.0,160,1,0,0,0,0,0,0,0,0,0,0,0
1771685812596000,1771685812442000,1771685812596000,0.0005197711,0.001346018,0.0,160,1,0,0,0,0,0,0,0,0,0,0,0
1771685812652000,1771685812494000,1771685812652000,0.0005197711,0.001346018,0.0,160,1,0,0,0,0,0,0,0,0,0,0,0
1771685812700000,1771685812546000,1771685812700000,0.0005197711,0.001346018,0.0,160,1,0,0,0,0,0,0,0,0,0,0,0
1771685812756000,1771685812598000,1771685812756000,0.0005197711,0.001346018,0.0,160,1,0,0,0,0,0,0,0,0,0,0,0
1771685812804000,1771685812650000,1771685812804000,0.0005197711,0.001346018,0.0,160,1,0,0,0,0,0,0,0,0,0,0,0
1771685812860000,1771685812702000,1771685812860000,0.0005197711,0.001346018,0.0,160,1,0,0,0,0,0,0,0,0,0,0,0
1771685812908000,1771685812754000,1771685812908000,0.0005197711,0.001346018,0.0,160,1,0,0,0,0,0,0,0,0,0,0,0
1771685812964000,1771685812806000,1771685812964000,0.0005197711,0.001346018,0.0,160,1,0,0,0,0,0,0,0,0,0,0,0
1771685813012000,1771685812858000,1771685813012000,0.0005197711,0.001346018,0.0,160,1,0,0,0,0,0,0,0,0,0,0,0
1771685813068000,1771685812910000,1771685813068000,0.0005197711,0.001346018,0.0,160,1,0,0,0,0,0,0,0,0,0,0,0
1771685813116000,1771685812962000,1771685813116000,0.0005197711,0.001346018,0.0,160,1,0,0,0,0,0,0,0,0,0,0,0
1771685813172000,1771685813014000,1771685813172000,0.0005197711,0.001346018,0.0,160,1,0,0,0,0,0,0,0,0,0,0,0
1771685813220000,1771685813066000,1771685813220000,0.0005197711,0.001346018,0.0,160,1,0,0,0,0,0,0,0,0,0,0,0
1771685813276000,1771685813118000,1771685813276000,0.0005197711,0.001346018,0.0,160,1,0,0,0,0,0,0,0,0,0,0,0
1771685813324000,1771685813170000,1771685813324000,0.0005197711,0.001346018,0.0,160,1,0,0,0,0,0,0,0,0,0,0,0
1771685813380000,1771685813222000,1771685813380000,0.0005197711,0.001346018,0.0,160,1,0,0,0,0,0,0,0,0,0,0,0
1771685813428000,1771685813274000,1771685813428000,0.0005197711,0.001346018,0.0,160,1,0,0,0,0,0,0,0,0,0,0,0
1771685813484000,1771685813326000,1771685813484000,0.0005197711,0.001346018,0.0,160,1,0,0,0,0,0,0,0,0,0,0,0
1771685813532000,1771685813378000,1771685813532000,0.0005197711,0.001346018,0.0,160,1,0,0,0,0,0,0,0,0,0,0,0
1771685813588000,1771685813430000,1771685813588000,0.0005197711,0.001346018,0.0,160,1,0,0,0,0,0,0,0,0,0,0,0
1771685813636000,1771685813482000,1771685813636000,0.0005197711,0.001346018,0.0,160,1,0,0,0,0,0,0,0,0,0,0,0
1771685813692000,1771685813534000,1771685813692000,0.0005197711,0.001346018,0.0,160,1,0,0,0,0,0,0,0,0,0,0,0
1771685813740000,1771685813586000,1771685813740000,0.0005197711,0.001346018,0.0,160,1,0,0,0,0,0,0,0,0,0,0,0
1771685813796000,1771685813638000,1771685813796000,0.0005197711,0.001346018,0.0,160,1,0,0,0,0,0,0,0,0,0,0,0
1771685813844000,1771685813690000,1771685813844000,0.0005197711,0.001346018,0.0,160,1,0,0,0,0,0,0,0,0,0,0,0
1771685813900000,1771685813742000,1771685813900000,0.0005197711,0.001346018,0.0,160,1,0,0,0,0,0,0,0,0,0,0,0
1771685813948000,1771685813794000,1771685813948000,0.0005197711,0.001346018,0.0,160,1,0,0,0,0,0,0,0,0,0,0,0
1771685814004000,1771685813846000,1771685814004000,0.0005197711,0.001346018,0.0,160,1,0,0,0,0,0,0,0,0,0,0,0
1771685814052000,1771685813898000,1771685814052000,0.0005197711,0.001346018,0.0,160,1,0,0,0,0,0,0,0,0,0,0,0
1771685814108000,1771685813950000,1771685814108000,0.0005197711,0.001346018,0.0,160,1,0,0,0,0,0,0,0,0,0,0,0
1771685814156000,1771685814002000,1771685814156000,0.0005197711,0.001346018,0.0,160,1,0,0,0,0,0,0,0,0,0,0,0
1771685814212000,1771685814054000,1771685814212000,0.0005197711,0.001346018,0.0,160,1,0,0,0,0,0,0,0,0,0,0,0
1771685814260000,1771685814106000,1771685814260000,0.0005197711,0.001346018,0.0,160,1,0,0,0,0,0,0,0,0,0,0,0
1771685814316000,1771685814158000,1771685814316000,0.0005197711,0.001346018,0.0,160,1,0,0,0,0,0,0,0,0,0,0,0
1771685814364000,1771685814210000,1771685814364000,0.0005197711,0.001346018,0.0,160,1,0,0,0,0,0,0,0,0,0,0,0
1771685814420000,1771685814262000,1771685814420000,0.0005197711,0.001346018,0.0,160,1,0,0,0,0,0,0,0,0,0,0,0
1771685814468000,1771685814314000,1771685814468000,0.0005197711,0.001346018,0.0,160,1,0,0,0,0,0,0,0,0,0,0,0
1771685814524000,1771685814366000,1771685814524000,0.0005197711,0.001346018,0.0,160,1,0,0,0,0,0,0,0,0,0,0,0
1771685814572000,1771685814418000,1771685814572000,0.0005197711,0.001346018,0.0,160,1,0,0,0,0,0,0,0,0,0,0,0
1771685814628000,1771685814470000,1771685814628000,0.0005197711,0.001346018,0.0,160,1,0,0,0,0,0,0,0,0,0,0,0
1771685814676000,1771685814522000,1771685814676000,0.0005197711,0.001346018,0.0,160,1,0,0,0,0,0,0,0,0,0,0,0
1771685814732000,1771685814574000,1771685814732000,0.0005197711,0.001346018,0.0,160,1,0,0,0,0,0,0,0,0,0,0,0
1771685814780000,1771685814626000,1771685814780000,0.0005197711,0.001346018,0.0,160,1,0,0,0,0,0,0,0,0,0,0,0
1771685814836000,1771685814678000,1771685814836000,0.0005197711,0.001346018,0.0,160,1,0,0,0,0,0,0,0,0,0,0,0
1771685814884000,1771685814730000,1771685814884000,0.0005197711,0.001346018,0.0,160,1,0,0,0,0,0,0,0,0,0,0,0
1771685814940000,1771685814782000,1771685814940000,0.0005197711,0.001346018,0.0,160,1,0,0,0,0,0,0,0,0,0,0,0
1771685814988000,1771685814834000,1771685814988000,0.0005197711,0.001346018,0.0,160,1,0,0,0,0,0,0,0,0,0,0,0
1771685815044000,1771685814886000,1771685815044000,0.0005197711,0.001346018,0.0,160,1,0,0,0,0,0,0,0,0,0,0,0
1771685815092000,1771685814938000,1771685815092000,0.0005197711,0.001346018,0.0,160,1,0,0,0,0,0,0,0,0,0,0,0
1771685815148000,1771685814990000,1771685815148000,0.0005197711,0.001346018,0.0,160,1,0,0,0,0,0,0,0,0,0,0,0
1771685815196000,1771685815042000,1771685815196000,0.0005197711,0.001346018,0.0,160,1,0,0,0,0,0,0,0,0,0,0,0
1771685815252000,1771685815094000,1771685815252000,0.0005197711,0.001346018,0.0,160,1,0,0,0,0,0,0,0,0,0,0,0
1771685815300000,1771685815146000,1771685815300000,0.0005197711,0.001346018,0.0,160,1,0,0,0,0,0,0,0,0,0,0,0
1771685815356000,1771685815198000,1771685815356000,0.0005197711,0.001346018,0.0,160,1,0,0,0,0,0,0,0,0,0,0,0
1771685815404000,1771685815250000,1771685815404000,0.0005197711,0.001346018,0.0,160,1,0,0,0,0,0,0,0,0,0,0,0
1771685815460000,1771685815302000,1771685815460000,0.0005197711,0.001346018,0.0,160,1,0,0,0,0,0,0,0,0,0,0,0
1771685815508000,1771685815354000,1771685815508000,0.0005197711,0.001346018,0.0,160,1,0,0,0,0,0,0,0,0,0,0,0
1771685815564000,1771685815406000,1771685815564000,0.0005197711,0.001346018,0.0,160,1,0,0,0,0,0,0,0,0,0,0,0
1771685815612000,1771685815458000,1771685815612000,0.0005197711,0.001346018,0.0,160,1,0,0,0,0,0,0,0,0,0,0,0
1771685815668000,1771685815510000,1771685815668000,0.0005197711,0.001346018,0.0,160,1,0,0,0,0,0,0,0,0,0,0,0
1771685815716000,1771685815562000,1771685815716000,0.0005197711,0.001346018,0.0,160,1,0,0,0,0,0,0,0,0,0,0,0
1771685815772000,1771685815614000,1771685815772000,0.0005197711,0.001346018,0.0,160,1,0,0,0,0,0,0,0,0,0,0,0
1771685815820000,1771685815666000,1771685815820000,0.0005197711,0.001346018,0.0,160,1,0,0,0,0,0,0,0,0,0,0,0
1771685815876000,1771685815718000,1771685815876000,0.0005197711,0.001346018,0.0,160,1,0,0,0,0,0,0,0,0,0,0,0
1771685815924000,1771685815770000,1771685815924000,0.0005197711,0.001346018,0.0,160,1,0,0,0,0,0,0,0,0,0,0,0
1771685815980000,1771685815822000,1771685815980000,0.0005197711,0.001346018,0.0,160,1,0,0,0,0,0,0,0,0,0,0,0
1771685816028000,1771685815874000,1771685816028000,0.0005197711,0.001346018,0.0,160,1,0,0,0,0,0,0,0,0,0,0,0
1771685816084000,1771685815926000,1771685816084000,0.0005197711,0.001346018,0.0,160,1,0,0,0,0,0,0,0,0,0,0,0
1771685816132000,1771685815978000,1771685816132000,0.0005197711,0.001346018,0.0,160,1,0,0,0,0,0,0,0,0,0,0,0
1771685816188000,1771685816030000,1771685816188000,0.0005197711,0.001346018,0.0,160,1,0,0,0,0,0,0,0,0,0,0,0
1771685816236000,1771685816082000,1771685816236000,0.0005197711,0.001346018,0.0,160,1,0,0,0,0,0,0,0,0,0,0,0
1771685816292000,1771685816134000,1771685816292000,0.0005197711,0.001346018,0.0,160,1,0,0,0,0,0,0,0,0,0,0,0
1771685816340000,1771685816186000,1771685816340000,0.0005197711,0.001346018,0.0,160,1,0,0,0,0,0,0,0,0,0,0,0
1771685816396000,1771685816238000,1771685816396000,0.0005197711,0.001346018,0.0,160,1,0,0,0,0,0,0,0,0,0,0,0
1771685816444000,1771685816290000,1771685816444000,0.0005197711,0.001346018,0.0,160,1,0,0,0,0,0,0,0,0,0,0,0
1771685816500000,1771685816342000,1771685816500000,0.0005197711,0.001346018,0.0,160,1,0,0,0,0,0,0,0,0,0,0,0
1771685816548000,1771685816394000,1771685816548000,0.0005197711,0.001346018,0.0,160,1,0,0,0,0,0,0,0,0,0,0,0
1771685816604000,1771685816446000,1771685816604000,0.0005197711,0.001346018,0.0,160,1,0,0,0,0,0,0,0,0,0,0,0
1771685816652000,1771685816498000,1771685816652000,0.0005197711,0.001346018,0.0,160,1,0,0,0,0,0,0,0,0,0,0,0
1771685816708000,1771685816550000,1771685816708000,0.0005197711,0.001346018,0.0,160,1,0,0,0,0,0,0,0,0,0,0,0
1771685816756000,1771685816602000,1771685816756000,0.0005197711,0.001346018,0.0,160,1,0,0,0,0,0,0,0,0,0,0,0
1771685816812000,1771685816654000,1771685816812000,0.0005197711,0.001346018,0.0,160,1,0,0,0,0,0,0,0,0,0,0,0
1771685816860000,1771685816706000,1771685816860000,0.0005197711,0.001346018,0.0,160,1,0,0,0,0,0,0,0,0,0,0,0
1771685816916000,1771685816758000,1771685816916000,0.0005197711,0.001346018,0.0,160,1,0,0,0,0,0,0,0,0,0,0,0
1771685816964000,1771685816810000,1771685816964000,0.0005197711,0.001346018,0.0,160,1,0,0,0,0,0,0,0,0,0,0,0
1771685817020000,1771685816862000,1771685817020000,0.0005197711,0.001346018,0.0,160,1,0,0,0,0,0,0,0,0,0,0,0
1771685817068000,1771685816914000,1771685817068000,0.0005197711,0.001346018,0.0,160,1,0,0,0,0,0,0,0,0,0,0,0
1771685817124000,1771685816966000,1771685817124000,0.0005197711,0.001346018,0.0,160,1,0,0,0,0,0,0,0,0,0,0,0
1771685817172000,1771685817018000,1771685817172000,0.0005197711,0.001346018,0.0,160,1,0,0,0,0,0,0,0,0,0,0,0
1771685817228000,1771685817070000,1771685817228000,0.0005197711,0.001346018,0.0,160,1,0,0,0,0,0,0,0,0,0,0,0
1771685817276000,1771685817122000,1771685817276000,0.0005197711,0.001346018,0.0,160,1,0,0,0,0,0,0,0,0,0,0,0
1771685817332000,1771685817174000,1771685817332000,0.0005197711,0.001346018,0.0,160,1,0,0,0,0,0,0,0,0,0,0,0
1771685817380000,1771685817226000,1771685817380000,0.0005197711,0.001346018,0.0,160,1,0,0,0,0,0,0,0,0,0,0,0
1771685817436000,1771685817278000,1771685817436000,0.0005197711,0.001346018,0.0,160,1,0,0,0,0,0,0,0,0,0,0,0
1771685817484000,1771685817330000,1771685817484000,0.0005197711,0.001346018,0.0,160,1,0,0,0,0,0,0,0,0,0,0,0
1771685817540000,1771685817382000,1771685817540000,0.0005197711,0.001346018,0.0,160,1,0,0,0,0,0,0,0,0,0,0,0
1771685817588000,1771685817434000,1771685817588000,0.0005197711,0.001346018,0.0,160,1,0,0,0,0,0,0,0,0,0,0,0
1771685817644000,1771685817486000,1771685817644000,0.0005197711,0.001346018,0.0,160,1,0,0,0,0,0,0,0,0,0,0,0
1771685817692000,1771685817538000,1771685817692000,0.0005197711,0.001346018,0.0,160,1,0,0,0,0,0,0,0,0,0,0,0
1771685817748000,1771685817590000,1771685817748000,0.0005197711,0.001346018,0.0,160,1,0,0,0,0,0,0,0,0,0,0,0
1771685817796000,1771685817642000,1771685817796000,0.0005197711,0.001346018,0.0,160,1,0,0,0,0,0,0,0,0,0,0,0
1771685817852000,1771685817694000,1771685817852000,0.0005197711,0.001346018,0.0,160,1,0,0,0,0,0,0,0,0,0,0,0
1771685817900000,1771685817746000,1771685817900000,0.0005197711,0.001346018,0.0,160,1,0,0,0,0,0,0,0,0,0,0,0
1771685817956000,1771685817798000,1771685817956000,0.0005197711,0.001346018,0.0,160,1,0,0,0,0,0,0,0,0,0,0,0
1771685818004000,1771685817850000,1771685818004000,0.0005197711,0.001346018,0.0,160,1,0,0,0,0,0,0,0,0,0,0,0
1771685818060000,1771685817902000,1771685818060000,0.0005197711,0.001346018,0.0,160,1,0,0,0,0,0,0,0,0,0,0,0
1771685818108000,1771685817954000,1771685818108000,0.0005197711,0.001346018,0.0,160,1,0,0,0,0,0,0,0,0,0,0,0
1771685818164000,1771685818006000,1771685818164000,0.0005197711,0.001346018,0.0,160,1,0,0,0,0,0,0,0,0,0,0,0
1771685818212000,1771685818058000,1771685818212000,0.0005197711,0.001346018,0.0,160,1,0,0,0,0,0,0,0,0,0,0,0
1771685818268000,1771685818110000,1771685818268000,0.0005197711,0.001346018,0.0,160,1,0,0,0,0,0,0,0,0,0,0,0
1771685818316000,1771685818162000,1771685818316000,0.0005197711,0.001346018,0.0,160,1,0,0,0,0,0,0,0,0,0,0,0
1771685818372000,1771685818214000,1771685818372000,0.0005197711,0.001346018,0.0,160,1,0,0,0,0,0,0,0,0,0,0,0
1771685818420000,1771685818266000,1771685818420000,0.0005197711,0.001346018,0.0,160,1,0,0,0,0,0,0,0,0,0,0,0
1771685818476000,1771685818318000,1771685818476000,0.0005197711,0.001346018,0.0,160,1,0,0,0,0,0,0,0,0,0,0,0
1771685818524000,1771685818370000,1771685818524000,0.0005197711,0.001346018,0.0,160,1,0,0,0,0,0,0,0,0,0,0,0
1771685818580000,1771685818422000,1771685818580000,0.0005197711,0.001346018,0.0,160,1,0,0,0,0,0,0,0,0,0,0,0
1771685818628000,1771685818474000,1771685818628000,0.0005197711,0.001346018,0.0,160,1,0,0,0,0,0,0,0,0,0,0,0
1771685818684000,1771685818526000,1771685818684000,0.0005197711,0.001346018,0.0,160,1,0,0,0,0,0,0,0,0,0,0,0
1771685818732000,1771685818578000,1771685818732000,0.0005197711,0.001346018,0.0,160,1,0,0,0,0,0,0,0,0,0,0,0
1771685818788000,1771685818630000,1771685818788000,0.0005197711,0.001346018,0.0,160,1,0,0,0,0,0,0,0,0,0,0,0
1771685818836000,1771685818682000,1771685818836000,0.0005197711,0.001346018,0.0,160,1,0,0,0,0,0,0,0,0,0,0,0
1771685818892000,1771685818734000,1771685818892000,0.0005197711,0.001346018,0.0,160,1,0,0,0,0,0,0,0,0,0,0,0
1771685818940000,1771685818786000,1771685818940000,0.0005197711,0.001346018,0.0,160,1,0,0,0,0,0,0,0,0,0,0,0
1771685818996000,1771685818838000,1771685818996000,0.0005197711,0.001346018,0.0,160,1,0,0,0,0,0,0,0,0,0,0,0
1771685819044000,1771685818890000,1771685819044000,0.0005197711,0.001346018,0.0,160,1,0,0,0,0,0,0,0,0,0,0,0
1771685819100000,1771685818942000,1771685819100000,0.0005197711,0.001346018,0.0,160,1,0,0,0,0,0,0,0,0,0,0,0
1771685819148000,1771685818994000,1771685819148000,0.0005197711,0.001346018,0.0,160,1,0,0,0,0,0,0,0,0,0,0,0
1771685819204000,1771685819046000,1771685819204000,0.0005197711,0.001346018,0.0,160,1,0,0,0,0,0,0,0,0,0,0,0
1771685819252000,1771685819098000,1771685819252000,0.0005197711,0.001346018,0.0,160,1,0,0,0,0,0,0,0,0,0,0,0
1771685819308000,1771685819150000,1771685819308000,0.0005197711,0.001346018,0.0,160,1,0,0,0,0,0,0,0,0,0,0,0
1771685819356000,1771685819202000,1771685819356000,0.0005197711,0.001346018,0.0,160,1,0,0,0,0,0,0,0,0,0,0,0
1771685819412000,1771685819254000,1771685819412000,0.0005197711,0.001346018,0.0,160,1,0,0,0,0,0,0,0,0,0,0,0
1771685819460000,1771685819306000,1771685819460000,0.0005197711,0.001346018,0.0,160,1,0,0,0,0,0,0,0,0,0,0,0
1771685819516000,1771685819358000,1771685819516000,0.0005197711,0.001346018,0.0,160,1,0,0,0,0,0,0,0,0,0,0,0
1771685819564000,1771685819410000,1771685819564000,0.0005197711,0.001346018,0.0,160,1,0,0,0,0,0,0,0,0,0,0,0
1771685819620000,1771685819462000,1771685819620000,0.0005197711,0.001346018,0.0,160,1,0,0,0,0,0,0,0,0,0,0,0
1771685819668000,1771685819514000,1771685819668000,0.0005197711,0.001346018,0.0,160,1,0,0,0,0,0,0,0,0,0,0,0
1771685819724000,1771685819566000,1771685819724000,0.0005197711,0.001346018,0.0,160,1,0,0,0,0,0,0,0,0,0,0,0
1771685819772000,1771685819618000,1771685819772000,0.0005197711,0.001346018,0.0,160,1,0,0,0,0,0,0,0,0,0,0,0
1771685819828000,1771685819670000,1771685819828000,0.0005197711,0.001346018,0.0,160,1,0,0,0,0,0,0,0,0,0,0,0
1771685819876000,1771685819722000,1771685819876000,0.0005197711,0.001346018,0.0,160,1,0,0,0,0,0,0,0,0,0,0,0
1771685819932000,1771685819774000,1771685819932000,0.0005197711,0.001346018,0.0,160,1,0,0,0,0,0,0,0,0,0,0,0
1771685819980000,1771685819826000,1771685819980000,0.0005197711,0.001346018,0.0,160,1,0,0,0,0,0,0,0,0,0,0,0
1771685820036000,1771685819878000,1771685820036000,0.0005197711,0.001346018,0.0,160,1,0,0,0,0,0,0,0,0,0,0,0
1771685820084000,1771685819930000,1771685820084000,0.0005197711,0.001346018,0.0,160,1,0,0,0,0,0,0,0,0,0,0,0
1771685820140000,1771685819982000,1771685820140000,0.0005197711,0.001346018,0.0,160,1,0,0,0,0,0,0,0,0,0,0,0
1771685820188000,1771685820034000,1771685820188000,0.0005197711,0.001346018,0.0,160,1,0,0,0,0,0,0,0,0,0,0,0
1771685820244000,1771685820086000,1771685820244000,0.0005197711,0.001346018,0.0,160,1,0,0,0,0,0,0,0,0,0,0,0
1771685820292000,1771685820138000,1771685820292000,0.0005197711,0.001346018,0.0,160,1,0,0,0,0,0,0,0,0,0,0,0
1771685820348000,1771685820190000,1771685820348000,0.0005197711,0.001346018,0.0,160,1,0,0,0,0,0,0,0,0,0,0,0
1771685820396000,1771685820242000,1771685820396000,0.0005197711,0.001346018,0.0,160,1,0,0,0,0,0,0,0,0,0,0,0
1771685820452000,1771685820294000,1771685820452000,0.0005197711,0.001346018,0.0,160,1,0,0,0,0,0,0,0,0,0,0,0
1771685820500000,1771685820346000,1771685820500000,0.0005197711,0.001346018,0.0,160,1,0,0,0,0,0,0,0,0,0,0,0
1771685820556000,1771685820398000,1771685820556000,0.0005197711,0.001346018,0.0,160,1,0,0,0,0,0,0,0,0,0,0,0
1771685820604000,1771685820450000,1771685820604000,0.0005197711,0.001346018,0.0,160,1,0,0,0,0,0,0,0,0,0,0,0
1771685820660000,1771685820502000,1771685820660000,0.0005197711,0.001346018,0.0,160,1,0,0,0,0,0,0,0,0,0,0,0
1771685820708000,1771685820554000,1771685820708000,0.0005197711,0.001346018,0.0,160,1,0,0,0,0,0,0,0,0,0,0,0
1771685820764000,1771685820606000,1771685820764000,0.0005197711,0.001346018,0.0,160,1,0,0,0,0,0,0,0,0,0,0,0
1771685820812000,1771685820658000,1771685820812000,0.0005197711,0.001346018,0.0,160,1,0,0,0,0,0,0,0,0,0,0,0
1771685820868000,1771685820710000,1771685820868000,0.0005197711,0.001346018,0.0,160,1,0,0,0,0,0,0,0,0,0,0,0
1771685820916000,1771685820762000,1771685820916000,0.0005197711,0.001346018,0.0,160,1,0,0,0,0,0,0,0,0,0,0,0
1771685820972000,1771685820814000,1771685820972000,0.0005197711,0.001346018,0.0,160,1,0,0,0,0,0,0,0,0,0,0,0
1771685821020000,1771685820866000,1771685821020000,0.0005197711,0.001346018,0.0,160,1,0,0,0,0,0,0,0,0,0,0,0
1771685821076000,1771685820918000,1771685821076000,0.0005197711,0.001346018,0.0,160,1,0,0,0,0,0,0,0,0,0,0,0
1771685821124000,1771685820970000,1771685821124000,0.0005197711,0.001346018,0.0,160,1,0,0,0,0,0,0,0,0,0,0,0
1771685821180000,1771685821022000,1771685821180000,0.0005197711,0.001346018,0.0,160,1,0,0,0,0,0,0,0,0,0,0,0
1771685821228000,1771685821074000,1771685821228000,0.0005197711,0.001346018,0.0,160,1,0,0,0,0,0,0,0,0,0,0,0
1771685821284000,1771685821126000,1771685821284000,0.0005197711,0.001346018,0.0,160,1,0,0,0,0,0,0,0,0,0,0,0
1771685821332000,1771685821178000,1771685821332000,0.0005197711,0.001346018,0.0,160,1,0,0,0,0,0,0,0,0,0,0,0
1771685821388000,1771685821230000,1771685821388000,0.0005197711,0.001346018,0.0,160,1,0,0,0,0,0,0,0,0,0,0,0
1771685821436000,1771685821282000,1771685821436000,0.0005197711,0.001346018,0.0,160,1,0,0,0,0,0,0,0,0,0,0,0
1771685821492000,1771685821334000,1771685821492000,0.0005197711,0.001346018,0.0,160,1,0,0,0,0,0,0,0,0,0,0,0
1771685821540000,1771685821386000,1771685821540000,0.0005197711,0.001346018,0.0,160,1,0,0,0,0,0,0,0,0,0,0,0
1771685821596000,1771685821438000,1771685821596000,0.0005197711,0.001346018,0.0,160,1,0,0,0,0,0,0,0,0,0,0,0
1771685821644000,1771685821490000,1771685821644000,0.0005197711,0.001346018,0.0,160,1,0,0,0,0,0,0,0,0,0,0,0
1771685821700000,1771685821542000,1771685821700000,0.0005197711,0.001346018,0.0,160,1,0,0,0,0,0,0,0,0,0,0,0
1771685821748000,1771685821594000,1771685821748000,0.0005197711,0.001346018,0.0,160,1,0,0,0,0,0,0,0,0,0,0,0
1771685821804000,1771685821646000,1771685821804000,0.0005197711,0.001346018,0.0,160,1,0,0,0,0,0,0,0,0,0,0,0
1771685821852000,1771685821698000,1771685821852000,0.0005197711,0.001346018,0.0,160,1,0,0,0,0,0,0,0,0,0,0,0
1771685821908000,1771685821750000,1771685821908000,0.0005197711,0.001346018,0.0,160,1,0,0,0,0,0,0,0,0,0,0,0
1771685821956000,1771685821802000,1771685821956000,0.0005197711,0.001346018,0.0,160,1,0,0,0,0,0,0,0,0,0,0,0
1771685822012000,1771685821854000,1771685822012000,0.0005197711,0.001346018,0.0,160,1,0,0,0,0,0,0,0,0,0,0,0
1771685822060000,1771685821906000,1771685822060000,0.0005197711,0.001346018,0.0,160,1,0,0,0,0,0,0,0,0,0,0,0
1771685822116000,1771685821958000,1771685822116000,0.0005197711,0.001346018,0.0,160,1,0,0,0,0,0,0,0,0,0,0,0
1771685822164000,1771685822010000,1771685822164000,0.0005197711,0.001346018,0.0,160,1,0,0,0,0,0,0,0,0,0,0,0
1771685822220000,1771685822062000,1771685822220000,0.0005197711,0.001346018,0.0,160,1,0,0,0,0,0,0,0,0,0,0,0
1771685822268000,1771685822114000,1771685822268000,0.0005197711,0.001346018,0.0,160,1,0,0,0,0,0,0,0,0,0,0,0
1771685822324000,1771685822166000,1771685822324000,0.0005197711,0.001346018,0.0,160,1,0,0,0,0,0,0,0,0,0,0,0
1771685822372000,1771685822218000,1771685822372000,0.0005197711,0.001346018,0.0,160,1,0,0,0,0,0,0,0,0,0,0,0
1771685822428000,1771685822270000,1771685822428000,0.0005197711,0.001346018,0.0,160,1,0,0,0,0,0,0,0,0,0,0,0
1771685822476000,1771685822322000,1771685822476000,0.0005197711,0.001346018,0.0,160,1,0,0,0,0,0,0,0,0,0,0,0
1771685822532000,1771685822374000,1771685822532000,0.0005197711,0.001346018,0.0,160,1,0,0,0,0,0,0,0,0,0,0,0
1771685822580000,1771685822426000,1771685822580000,0.0005197711,0.001346018,0.0,160,1,0,0,0,0,0,0,0,0,0,0,0
1771685822636000,1771685822478000,1771685822636000,0.0005197711,0.001346018,0.0,160,1,0,0,0,0,0,0,0,0,0,0,0
1771685822684000,1771685822530000,1771685822684000,0.0005197711,0.001346018,0.0,160,1,0,0,0,0,0,0,0,0,0,0,0
1771685822740000,1771685822582000,1771685822740000,0.0005197711,0.001346018,0.0,160,1,0,0,0,0,0,0,0,0,0,0,0
1771685822788000,1771685822634000,1771685822788000,0.0005197711,0.001346018,0.0,160,1,0,0,0,0,0,0,0,0,0,0,0
1771685822844000,1771685822686000,1771685822844000,0.0005197711,0.001346018,0.0,160,1,0,0,0,0,0,0,0,0,0,0,0
1771685822892000,1771685822738000,1771685822892000,0.0005197711,0.001346018,0.0,160,1,0,0,0,0,0,0,0,0,0,0,0
1771685822948000,1771685822790000,1771685822948000,0.0005197711,0.001346018,0.0,160,1,0,0,0,0,0,0,0,0,0,0,0
1771685822996000,1771685822842000,1771685822996000,0.0005197711,0.001346018,0.0,160,1,0,0,0,0,0,0,0,0,0,0,0
1771685823052000,1771685822894000,1771685823052000,0.0005197711,0.001346018,0.0,160,1,0,0,0,0,0,0,0,0,0,0,0
1771685823100000,1771685822946000,1771685823100000,0.0005197711,0.001346018,0.0,160,1,0,0,0,0,0,0,0,0,0,0,0
1771685823156000,1771685822998000,1771685823156000,0.0005197711,0.001346018,0.0,160,1,0,0,0,0,0,0,0,0,0,0,0
1771685823204000,1771685823050000,1771685823204000,0.0005197711,0.001346018,0.0,160,1,0,0,0,0,0,0,0,0,0,0,0
1771685823260000,1771685823102000,1771685823260000,0.0005197711,0.001346018,0.0,160,1,0,0,0,0,0,0,0,0,0,0,0
1771685823308000,1771685823154000,1771685823308000,0.0005197711,0.001346018,0.0,160,1,0,0,0,0,0,0,0,0,0,0,0
1771685823364000,1771685823206000,1771685823364000,0.0005197711,0.001346018,0.0,160,1,0,0,0,0,0,0,0,0,0,0,0
1771685823412000,1771685823258000,1771685823412000,0.0005197711,0.001346018,0.0,160,1,0,0,0,0,0,0,0,0,0,0,0
1771685823468000,1771685823310000,1771685823468000,0.0005197711,0.001346018,0.0,160,1,0,0,0,0,0,0,0,0,0,0,0
1771685823516000,1771685823362000,1771685823516000,0.0005197711,0.001346018,0.0,160,1,0,0,0,0,0,0,0,0,0,0,0
1771685823572000,1771685823414000,1771685823572000,0.0005197711,0.001346018,0.0,160,1,0,0,0,0,0,0,0,0,0,0,0
1771685823620000,1771685823466000,1771685823620000,0.0005197711,0.001346018,0.0,160,1,0,0,0,0,0,0,0,0,0,0,0
1771685823676000,1771685823518000,1771685823676000,0.0005197711,0.001346018,0.0,160,1,0,0,0,0,0,0,0,0,0,0,0
1771685823724000,1771685823570000,1771685823724000,0.0005197711,0.001346018,0.0,160,1,0,0,0,0,0,0,0,0,0,0,0
1771685823780000,1771685823622000,1771685823780000,0.0005197711,0.001346018,0.0,160,1,0,0,0,0,0,0,0,0,0,0,0
1771685823828000,1771685823674000,1771685823828000,0.0005197711,0.001346018,0.0,160,1,0,0,0,0,0,0,0,0,0,0,0
1771685823884000,1771685823726000,1771685823884000,0.0005197711,0.001346018,0.0,160,1,0,0,0,0,0,0,0,0,0,0,0
1771685823932000,1771685823778000,1771685823932000,0.0005197711,0.001346018,0.0,160,1,0,0,0,0,0,0,0,0,0,0,0
1771685823988000,1771685823830000,1771685823988000,0.0005197711,0.001346018,0.0,160,1,0,0,0,0,0,0,0,0,0,0,0
1771685824036000,1771685823882000,1771685824036000,0.0005197711,0.001346018,0.0,160,1,0,0,0,0,0,0,0,0,0,0,0
1771685824092000,1771685823934000,1771685824092000,0.0005197711,0.001346018,0.0,160,1,0,0,0,0,0,0,0,0,0,0,0
1771685824140000,1771685823986000,1771685824140000,0.0005197711,0.001346018,0.0,160,1,0,0,0,0,0,0,0,0,0,0,0
1771685824196000,1771685824038000,1771685824196000,0.0005197711,0.001346018,0.0,160,1,0,0,0,0,0,0,0,0,0,0,0
1771685824244000,1771685824090000,1771685824244000,0.0005197711,0.001346018,0.0,160,1,0,0,0,0,0,0,0,0,0,0,0
1771685824300000,1771685824142000,1771685824300000,0.0005197711,0.001346018,0.0,160,1,0,0,0,0,0,0,0,0,0,0,0
1771685824348000,1771685824194000,1771685824348000,0.0005197711,0.001346018,0.0,160,1,0,0,0,0,0,0,0,0,0,0,0
1771685824404000,1771685824246000,1771685824404000,0.0005197711,0.001346018,0.0,160,1,0,0,0,0,0,0,0,0,0,0,0
1771685824452000,1771685824298000,1771685824452000,0.0005197711,0.001346018,0.0,160,1,0,0,0,0,0,0,0,0,0,0,0
1771685824508000,1771685824350000,1771685824508000,0.0005197711,0.001346018,0.0,160,1,0,0,0,0,0,0,0,0,0,0,0
1771685824556000,1771685824402000,1771685824556000,0.0005197711,0.001346018,0.0,160,1,0,0,0,0,0,0,0,0,0,0,0
1771685824612000,1771685824454000,1771685824612000,0.0005197711,0.001346018,0.0,160,1,0,0,0,0,0,0,0,0,0,0,0
1771685824660000,1771685824506000,1771685824660000,0.0005197711,0.001346018,0.0,160,1,0,0,0,0,0,0,0,0,0,0,0
1771685824716000,1771685824558000,1771685824716000,0.0005197711,0.001346018,0.0,160,1,0,0,0,0,0,0,0,0,0,0,0
1771685824764000,1771685824610000,1771685824764000,0.0005197711,0.001346018,0.0,160,1,0,0,0,0,0,0,0,0,0,0,0
1771685824820000,1771685824662000,1771685824820000,0.0005197711,0.001346018,0.0,160,1,0,0,0,0,0,0,0,0,0,0,0
1771685824868000,1771685824714000,1771685824868000,0.0005197711,0.001346018,0.0,160,1,0,0,0,0,0,0,0,0,0,0,0
1771685824924000,1771685824766000,1771685824924000,0.0005197711,0.001346018,0.0,160,1,0,0,0,0,0,0,0,0,0,0,0
1771685824972000,1771685824818000,1771685824972000,0.0005197711,0.001346018,0.0,160,1,0,0,0,0,0,0,0,0,0,0,0
1771685825028000,1771685824870000,1771685825028000,0.0005197711,0.001346018,0.0,160,1,0,0,0,0,0,0,0,0,0,0,0
1771685825076000,1771685824922000,1771685825076000,0.0005197711,0.001346018,0.0,160,1,0,0,0,0,0,0,0,0,0,0,0
1771685825132000,1771685824974000,1771685825132000,0.0005197711,0.001346018,0.0,160,1,0,0,0,0,0,0,0,0,0,0,0
1771685825180000,1771685825026000,1771685825180000,0.0005197711,0.001346018,0.0,160,1,0,0,0,0,0,0,0,0,0,0,0
1771685825236000,1771685825078000,1771685825236000,0.0005197711,0.001346018,0.0,160,1,0,0,0,0,0,0,0,0,0,0,0
1771685825284000,1771685825130000,1771685825284000,0.0005197711,0.001346018,0.0,160,1,0,0,0,0,0,0,0,0,0,0,0
1771685825340000,1771685825182000,1771685825340000,0.0005197711,0.001346018,0.0,160,1,0,0,0,0,0,0,0,0,0,0,0
1771685825388000,1771685825234000,1771685825388000,0.0005197711,0.001346018,0.0,160,1,0,0,0,0,0,0,0,0,0,0,0
1771685825444000,1771685825286000,1771685825444000,0.0005197711,0.001346018,0.0,160,1,0,0,0,0,0,0,0,0,0,0,0
1771685825492000,1771685825338000,1771685825492000,0.0005197711,0.001346018,0.0,160,1,0,0,0,0,0,0,0,0,0,0,0
1771685825548000,1771685825390000,1771685825548000,0.0005197711,0.001346018,0.0,160,1,0,0,0,0,0,0,0,0,0,0,0
1771685825596000,1771685825442000,1771685825596000,0.0005197711,0.001346018,0.0,160,1,0,0,0,0,0,0,0,0,0,0,0
1771685825652000,1771685825494000,1771685825652000,0.0005197711,0.001346018,0.0,160,1,0,0,0,0,0,0,0,0,0,0,0
1771685825700000,1771685825546000,1771685825700000,0.0005197711,0.001346018,0.0,160,1,0,0,0,0,0,0,0,0,0,0,0
1771685825756000,1771685825598000,1771685825756000,0.0005197711,0.001346018,0.0,160,1,0,0,0,0,0,0,0,0,0,0,0
1771685825804000,1771685825650000,1771685825804000,0.0005197711,0.001346018,0.0,160,1,0,0,0,0,0,0,0,0,0,0,0
1771685825860000,1771685825702000,1771685825860000,0.0005197711,0.001346018,0.0,160,1,0,0,0,0,0,0,0,0,0,0,0
1771685825908000,1771685825754000,1771685825908000,0.0005197711,0.001346018,0.0,160,1,0,0,0,0,0,0,0,0,0,0,0
1771685825964000,1771685825806000,1771685825964000,0.0005197711,0.001346018,0.0,160,1,0,0,0,0,0,0,0,0,0,0,0
1771685826012000,1771685825858000,1771685826012000,0.0005197711,0.001346018,0.0,160,1,0,0,0,0,0,0,0,0,0,0,0
1771685826068000,1771685825910000,1771685826068000,0.0005197711,0.001346018,0.0,160,1,0,0,0,0,0,0,0,0,0,0,0
1771685826116000,1771685825962000,1771685826116000,0.0005197711,0.001346018,0.0,160,1,0,0,0,0,0,0,0,0,0,0,0
1771685826172000,1771685826014000,1771685826172000,0.0005197711,0.001346018,0.0,160,1,0,0,0,0,0,0,0,0,0,0,0
1771685826220000,1771685826066000,1771685826220000,0.0005197711,0.001346018,0.0,160,1,0,0,0,0,0,0,0,0,0,0,0
1771685826276000,1771685826118000,1771685826276000,0.0005197711,0.001346018,0.0,160,1,0,0,0,0,0,0,0,0,0,0,0
1771685826324000,1771685826170000,1771685826324000,0.0005197711,0.001346018,0.0,160,1,0,0,0,0,0,0,0,0,0,0,0
1771685826380000,1771685826222000,1771685826380000,0.0005197711,0.001346018,0.0,160,1,0,0,0,0,0,0,0,0,0,0,0
1771685826428000,1771685826274000,1771685826428000,0.0005197711,0.001346018,0.0,160,1,0,0,0,0,0,0,0,0,0,0,0
1771685826484000,1771685826326000,1771685826484000,0.0005197711,0.001346018,0.0,160,1,0,0,0,0,0,0,0,0,0,0,0
1771685826532000,1771685826378000,1771685826532000,0.0005197711,0.001346018,0.0,160,1,0,0,0,0,0,0,0,0,0,0,0
1771685826588000,1771685826430000,1771685826588000,0.0005197711,0.001346018,0.0,160,1,0,0,0,0,0,0,0,0,0,0,0
1771685826636000,1771685826482000,1771685826636000,0.0005197711,0.001346018,0.0,160,1,0,0,0,0,0,0,0,0,0,0,0
1771685826692000,1771685826534000,1771685826692000,0.0005197711,0.001346018,0.0,160,1,0,0,0,0,0,0,0,0,0,0,0
1771685826740000,1771685826586000,1771685826740000,0.0005197711,0.001346018,0.0,160,1,0,0,0,0,0,0,0,0,0,0,0
1771685826796000,1771685826638000,1771685826796000,0.0005197711,0.001346018,0.0,160,1,0,0,0,0,0,0,0,0,0,0,0
1771685826844000,1771685826690000,1771685826844000,0.0005197711,0.001346018,0.0,160,1,0,0,0,0,0,0,0,0,0,0,0
1771685826900000,1771685826742000,1771685826900000,0.0005197711,0.001346018,0.0,160,1,0,0,0,0,0,0,0,0,0,0,0
1771685826948000,1771685826794000,1771685826948000,0.0005197711,0.001346018,0.0,160,1,0,0,0,0,0,0,0,0,0,0,0
1771685827004000,1771685826846000,1771685827004000,0.0005197711,0.001346018,0.0,160,1,0,0,0,0,0,0,0,0,0,0,0
1771685827052000,1771685826898000,1771685827052000,0.0005197711,0.001346018,0.0,160,1,0,0,0,0,0,0,0,0,0,0,0
1771685827108000,1771685826950000,1771685827108000,0.0005197711,0.001346018,0.0,160,1,0,0,0,0,0,0,0,0,0,0,0
1771685827156000,1771685827002000,1771685827156000,0.0005197711,0.001346018,0.0,160,1,0,0,0,0,0,0,0,0,0,0,0
1771685827212000,1771685827054000,1771685827212000,0.0005197711,0.001346018,0.0,160,1,0,0,0,0,0,0,0,0,0,0,0
1771685827260000,1771685827106000,1771685827260000,0.0005197711,0.001346018,0.0,160,1,0,0,0,0,0,0,0,0,0,0,0
1771685827316000,1771685827158000,1771685827316000,0.0005197711,0.001346018,0.0,160,1,0,0,0,0,0,0,0,0,0,0,0
1771685827364000,1771685827210000,1771685827364000,0.0005197711,0.001346018,0.0,160,1,0,0,0,0,0,0,0,0,0,0,0
1771685827420000,1771685827262000,1771685827420000,0.0005197711,0.001346018,0.0,160,1,0,0,0,0,0,0,0,0,0,0,0
1771685827468000,1771685827314000,1771685827468000,0.0005197711,0.001346018,0.0,160,1,0,0,0,0,0,0,0,0,0,0,0
1771685827524000,1771685827366000,1771685827524000,0.0005197711,0.001346018,0.0,160,1,0,0,0,0,0,0,0,0,0,0,0
1771685827572000,1771685827418000,1771685827572000,0.0005197711,0.001346018,0.0,160,1,0,0,0,0,0,0,0,0,0,0,0
1771685827628000,1771685827470000,1771685827628000,0.0005197711,0.001346018,0.0,160,1,0,0,0,0,0,0,0,0,0,0,0
1771685827676000,1771685827522000,1771685827676000,0.0005197711,0.001346018,0.0,160,1,0,0,0,0,0,0,0,0,0,0,0
1771685827732000,1771685827574000,1771685827732000,0.0005197711,0.001346018,0.0,160,1,0,0,0,0,0,0,0,0,0,0,0
1771685827780000,1771685827626000,1771685827780000,0.0005197711,0.001346018,0.0,160,1,0,0,0,0,0,0,0,0,0,0,0
1771685827836000,1771685827678000,1771685827836000,0.0005197711,0.001346018,0.0,160,1,0,0,0,0,0,0,0,0,0,0,0
1771685827884000,1771685827730000,1771685827884000,0.0005197711,0.001346018,0.0,160,1,0,0,0,0,0,0,0,0,0,0,0
1771685827940000,1771685827782000,1771685827940000,0.0005197711,0.001346018,0.0,160,1,0,0,0,0,0,0,0,0,0,0,0
1771685827988000,1771685827834000,1771685827988000,0.0005197711,0.001346018,0.0,160,1,0,0,0,0,0,0,0,0,0,0,0
1771685828044000,1771685827886000,1771685828044000,0.0005197711,0.001346018,0.0,160,1,0,0,0,0,0,0,0,0,0,0,0
1771685828092000,1771685827938000,1771685828092000,0.0005197711,0.001346018,0.0,160,1,0,0,0,0,0,0,0,0,0,0,0
1771685828148000,1771685827990000,1771685828148000,0.0005197711,0.001346018,0.0,160,1,0,0,0,0,0,0,0,0,0,0,0
1771685828196000,1771685828042000,1771685828196000,0.0005197711,0.001346018,0.0,160,1,0,0,0,0,0,0,0,0,0,0,0
1771685828252000,1771685828094000,1771685828252000,0.0005197711,0.001346018,0.0,160,1,0,0,0,0,0,0,0,0,0,0,0
1771685828300000,1771685828146000,1771685828300000,0.0005197711,0.001346018,0.0,160,1,0,0,0,0,0,0,0,0,0,0,0
1771685828356000,1771685828198000,1771685828356000,0.0005197711,0.001346018,0.0,160,1,0,0,0,0,0,0,0,0,0,0,0
1771685828404000,1771685828250000,1771685828404000,0.0005197711,0.001346018,0.0,160,1,0,0,0,0,0,0,0,0,0,0,0
1771685828460000,1771685828302000,1771685828460000,0.0005197711,0.001346018,0.0,160,1,0,0,0,0,0,0,0,0,0,0,0
1771685828508000,1771685828354000,1771685828508000,0.0005197711,0.001346018,0.0,160,1,0,0,0,0,0,0,0,0,0,0,0
1771685828564000,1771685828406000,1771685828564000,0.0005197711,0.001346018,0.0,160,1,0,0,0,0,0,0,0,0,0,0,0
1771685828612000,1771685828458000,1771685828612000,0.0005197711,0.001346018,0.0,160,1,0,0,0,0,0,0,0,0,0,0,0
1771685828668000,1771685828510000,1771685828668000,0.0005197711,0.001346018,0.0,160,1,0,0,0,0,0,0,0,0,0,0,0
1771685828716000,1771685828562000,1771685828716000,0.0005197711,0.001346018,0.0,160,1,0,0,0,0,0,0,0,0,0,0,0
1771685828772000,1771685828614000,1771685828772000,0.0005197711,0.001346018,0.0,160,1,0,0,0,0,0,0,0,0,0,0,0
1771685828820000,1771685828666000,1771685828820000,0.0005197711,0.001346018,0.0,160,1,0,0,0,0,0,0,0,0,0,0,0
1771685828876000,1771685828718000,1771685828876000,0.0005197711,0.001346018,0.0,160,1,0,0,0,0,0,0,0,0,0,0,0
1771685828924000,1771685828770000,1771685828924000,0.0005197711,0.001346018,0.0,160,1,0,0,0,0,0,0,0,0,0,0,0
1771685828980000,1771685828822000,1771685828980000,0.0005197711,0.001346018,0.0,160,1,0,0,0,0,0,0,0,0,0,0,0
1771685829028000,1771685828874000,1771685829028000,0.0005197711,0.001346018,0.0,160,1,0,0,0,0,0,0,0,0,0,0,0
1771685829084000,1771685828926000,1771685829084000,0.0005197711,0.001346018,0.0,160,1,0,0,0,0,0,0,0,0,0,0,0
1771685829132000,1771685828978000,1771685829132000,0.0005197711,0.001346018,0.0,160,1,0,0,0,0,0,0,0,0,0,0,0
1771685829188000,1771685829030000,1771685829188000,0.0005197711,0.001346018,0.0,160,1,0,0,0,0,0,0,0,0,0,0,0
1771685829236000,1771685829082000,1771685829236000,0.0005197711,0.001346018,0.0,160,1,0,0,0,0,0,0,0,0,0,0,0
1771685829292000,1771685829134000,1771685829292000,0.0005197711,0.001346018,0.0,160,1,0,0,0,0,0,0,0,0,0,0,0
1771685829340000,1771685829186000,1771685829340000,0.0005197711,0.001346018,0.0,160,1,0,0,0,0,0,0,0,0,0,0,0
1771685829396000,1771685829238000,1771685829396000,0.0005197711,0.001346018,0.0,160,1,0,0,0,0,0,0,0,0,0,0,0
1771685829444000,1771685829290000,1771685829444000,0.0005197711,0.001346018,0.0,160,1,0,0,0,0,0,0,0,0,0,0,0
1771685829500000,1771685829342000,1771685829500000,0.0005197711,0.001346018,0.0,160,1,0,0,0,0,0,0,0,0,0,0,0
1771685829548000,1771685829394000,1771685829548000,0.0005197711,0.001346018,0.0,160,1,0,0,0,0,0,0,0,0,0,0,0
1771685829604000,1771685829446000,1771685829604000,0.0005197711,0.001346018,0.0,160,1,0,0,0,0,0,0,0,0,0,0,0
1771685829652000,1771685829498000,1771685829652000,0.0005197711,0.001346018,0.0,160,1,0,0,0,0,0,0,0,0,0,0,0
1771685829708000,1771685829550000,1771685829708000,0.0005197711,0.001346018,0.0,160,1,0,0,0,0,0,0,0,0,0,0,0
1771685829756000,1771685829602000,1771685829756000,0.0005197711,0.001346018,0.0,160,1,0,0,0,0,0,0,0,0,0,0,0
1771685829812000,1771685829654000,1771685829812000,0.0005197711,0.001346018,0.0,160,1,0,0,0,0,0,0,0,0,0,0,0
1771685829860000,1771685829706000,1771685829860000,0.0005197711,0.001346018,0.0,160,1,0,0,0,0,0,0,0,0,0,0,0
1771685829916000,1771685829758000,1771685829916000,0.0005197711,0.001346018,0.0,160,1,0,0,0,0,0,0,0,0,0,0,0
1771685829964000,1771685829810000,1771685829964000,0.0005197711,0.001346018,0.0,160,1,0,0,0,0,0,0,0,0,0,0,0
1771685830020000,1771685829862000,1771685830020000,0.0005197711,0.001346018,0.0,160,1,0,0,0,0,0,0,0,0,0,0,0
1771685830068000,1771685829914000,1771685830068000,0.0005197711,0.001346018,0.0,160,1,0,0,0,0,0,0,0,0,0,0,0
1771685830124000,1771685829966000,1771685830124000,0.0005197711,0.001346018,0.0,160,1,0,0,0,0,0,0,0,0,0,0,0
1771685830172000,1771685830018000,1771685830172000,0.0005197711,0.001346018,0.0,160,1,0,0,0,0,0,0,0,0,0,0,0
1771685830228000,1771685830070000,1771685830228000,0.0005197711,0.001346018,0.0,160,1,0,0,0,0,0,0,0,0,0,0,0
1771685830276000,1771685830122000,1771685830276000,0.0005197711,0.001346018,0.0,160,1,0,0,0,0,0,0,0,0,0,0,0
1771685830332000,1771685830174000,1771685830332000,0.0005197711,0.001346018,0.0,160,1,0,0,0,0,0,0,0,0,0,0,0
1771685830380000,1771685830226000,1771685830380000,0.0005197711,0.001346018,0.0,160,1,0,0,0,0,0,0,0,0,0,0,0
1771685830436000,1771685830278000,1771685830436000,0.0005197711,0.001346018,0.0,160,1,0,0,0,0,0,0,0,0,0,0,0
1771685830484000,1771685830330000,1771685830484000,0.0005197711,0.001346018,0.0,160,1,0,0,0,0,0,0,0,0,0,0,0
1771685830540000,1771685830382000,1771685830540000,0.0005197711,0.001346018,0.0,160,1,0,0,0,0,0,0,0,0,0,0,0
1771685830588000,1771685830434000,1771685830588000,0.0005197711,0.001346018,0.0,160,1,0,0,0,0,0,0,0,0,0,0,0
1771685830644000,1771685830486000,1771685830644000,0.0005197711,0.001346018,0.0,160,1,0,0,0,0,0,0,0,0,0,0,0
1771685830692000,1771685830538000,1771685830692000,0.0005197711,0.001346018,0.0,160,1,0,0,0,0,0,0,0,0,0,0,0
1771685830748000,1771685830590000,1771685830748000,0.0005197711,0.001346018,0.0,160,1,0,0,0,0,0,0,0,0,0,0,0
1771685830796000,1771685830642000,1771685830796000,0.0005197711,0.001346018,0.0,160,1,0,0,0,0,0,0,0,0,0,0,0
1771685830852000,1771685830694000,1771685830852000,0.0005197711,0.001346018,0.0,160,1,0,0,0,0,0,0,0,0,0,0,0
1771685830900000,1771685830746000,1771685830900000,0.0005197711,0.001346018,0.0,160,1,0,0,0,0,0,0,0,0,0,0,0
1771685830956000,1771685830798000,1771685830956000,0.0005197711,0.001346018,0.0,160,1,0,0,0,0,0,0,0,0,0,0,0
1771685831004000,1771685830850000,1771685831004000,0.0005197711,0.001346018,0.0,160,1,0,0,0,0,0,0,0,0,0,0,0
1771685831060000,1771685830902000,1771685831060000,0.0005197711,0.001346018,0.0,160,1,0,0,0,0,0,0,0,0,0,0,0
1771685831108000,1771685830954000,1771685831108000,0.0005197711,0.001346018,0.0,160,1,0,0,0,0,0,0,0,0,0,0,0
1771685831164000,1771685831006000,1771685831164000,0.0005197711,0.001346018,0.0,160,1,0,0,0,0,0,0,0,0,0,0,0
1771685831212000,1771685831058000,1771685831212000,0.0005197711,0.001346018,0.0,160,1,0,0,0,0,0,0,0,0,0,0,0
1771685831268000,1771685831110000,1771685831268000,0.0005197711,0.001346018,0.0,160,1,0,0,0,0,0,0,0,0,0,0,0
1771685831316000,1771685831162000,1771685831316000,0.0005197711,0.001346018,0.0,160,1,0,0,0,0,0,0,0,0,0,0,0
1771685831372000,1771685831214000,1771685831372000,0.0005197711,0.001346018,0.0,160,1,0,0,0,0,0,0,0,0,0,0,0
1771685831420000,1771685831266000,1771685831420000,0.0005197711,0.001346018,0.0,160,1,0,0,0,0,0,0,0,0,0,0,0
1771685831476000,1771685831318000,1771685831476000,0.0005197711,0.001346018,0.0,160,1,0,0,0,0,0,0,0,0,0,0,0
1771685831524000,1771685831370000,1771685831524000,0.0005197711,0.001346018,0.0,160,1,0,0,0,0,0,0,0,0,0,0,0
1771685831580000,1771685831422000,1771685831580000,0.0005197711,0.001346018,0.0,160,1,0,0,0,0,0,0,0,0,0,0,0
1771685831628000,1771685831474000,1771685831628000,0.0005197711,0.001346018,0.0,160,1,0,0,0,0,0,0,0,0,0,0,0
1771685831684000,1771685831526000,1771685831684000,0.0005197711,0.001346018,0.0,160,1,0,0,0,0,0,0,0,0,0,0,0
1771685831732000,1771685831578000,1771685831732000,0.0005197711,0.001346018,0.0,160,1,0,0,0,0,0,0,0,0,0,0,0
1771685831788000,1771685831630000,1771685831788000,0.0005197711,0.001346018,0.0,160,1,0,0,0,0,0,0,0,0,0,0,0
1771685831836000,1771685831682000,1771685831836000,0.0005197711,0.001346018,0.0,160,1,0,0,0,0,0,0,0,0,0,0,0
1771685831892000,1771685831734000,1771685831892000,0.0005197711,0.001346018,0.0,160,1,0,0,0,0,0,0,0,0,0,0,0
1771685831940000,1771685831786000,1771685831940000,0.0005197711,0.001346018,0.0,160,1,0,0,0,0,0,0,0,0,0,0,0
1771685831996000,1771685831838000,1771685831996000,0.0005197711,0.001346018,0.0,160,1,0,0,0,0,0,0,0,0,0,0,0
1771685832044000,1771685831890000,1771685832044000,0.0005197711,0.001346018,0.0,160,1,0,0,0,0,0,0,0,0,0,0,0
1771685832100000,1771685831942000,1771685832100000,0.0005197711,0.001346018,0.0,160,1,0,0,0,0,0,0,0,0,0,0,0
1771685832148000,1771685831994000,1771685832148000,0.0005197711,0.001346018,0.0,160,1,0,0,0,0,0,0,0,0,0,0,0
1771685832204000,1771685832046000,1771685832204000,0.0005197711,0.001346018,0.0,160,1,0,0,0,0,0,0,0,0,0,0,0
1771685832252000,1771685832098000,1771685832252000,0.0005197711,0.001346018,0.0,160,1,0,0,0,0,0,0,0,0,0,0,0
1771685832308000,1771685832150000,1771685832308000,0.0005197711,0.001346018,0.0,160,1,0,0,0,0,0,0,0,0,0,0,0
1771685832356000,1771685832202000,1771685832356000,0.0005197711,0.001346018,0.0,160,1,0,0,0,0,0,0,0,0,0,0,0
1771685832412000,1771685832254000,1771685832412000,0.0005197711,0.001346018,0.0,160,1,0,0,0,0,0,0,0,0,0,0,0
1771685832460000,1771685832306000,1771685832460000,0.0005197711,0.001346018,0.0,160,1,0,0,0,0,0,0,0,0,0,0,0
1771685832516000,1771685832358000,1771685832516000,0.0005197711,0.001346018,0.0,160,1,0,0,0,0,0,0,0,0,0,0,0
1771685832564000,1771685832410000,1771685832564000,0.0005197711,0.001346018,0.0,160,1,0,0,0,0,0,0,0,0,0,0,0
1771685832620000,1771685832462000,1771685832620000,0.0005197711,0.001346018,0.0,160,1,0,0,0,0,0,0,0,0,0,0,0
1771685832668000,1771685832514000,1771685832668000,0.0005197711,0.001346018,0.0,160,1,0,0,0,0,0,0,0,0,0,0,0
1771685832724000,1771685832566000,1771685832724000,0.0005197711,0.001346018,0.0,160,1,0,0,0,0,0,0,0,0,0,0,0
1771685832772000,1771685832618000,1771685832772000,0.0005197711,0.001346018,0.0,160,1,0,0,0,0,0,0,0,0,0,0,0
1771685832828000,1771685832670000,1771685832828000,0.0005197711,0.001346018,0.0,160,1,0,0,0,0,0,0,0,0,0,0,0
1771685832876000,1771685832722000,1771685832876000,0.0005197711,0.001346018,0.0,160,1,0,0,0,0,0,0,0,0,0,0,0
1771685832932000,1771685832774000,1771685832932000,0.0005197711,0.001346018,0.0,160,1,0,0,0,0,0,0,0,0,0,0,0
1771685832980000,1771685832826000,1771685832980000,0.0005197711,0.001346018,0.0,160,1,0,0,0,0,0,0,0,0,0,0,0
1771685833036000,1771685832878000,1771685833036000,0.0005197711,0.001346018,0.0,160,1,0,0,0,0,0,0,0,0,0,0,0
1771685833084000,1771685832930000,1771685833084000,0.0005197711,0.001346018,0.0,160,1,0,0,0,0,0,0,0,0,0,0,0
1771685833140000,1771685832982000,1771685833140000,0.0005197711,0.001346018,0.0,160,1,0,0,0,0,0,0,0,0,0,0,0
1771685833188000,1771685833034000,1771685833188000,0.0005197711,0.001346018,0.0,160,1,0,0,0,0,0,0,0,0,0,0,0
1771685833244000,1771685833086000,1771685833244000,0.0005197711,0.001346018,0.0,160,1,0,0,0,0,0,0,0,0,0,0,0
1771685833292000,1771685833138000,1771685833292000,0.0005197711,0.001346018,0.0,160,1,0,0,0,0,0,0,0,0,0,0,0
1771685833348000,1771685833190000,1771685833348000,0.0005197711,0.001346018,0.0,160,1,0,0,0,0,0,0,0,0,0,0,0
1771685833396000,1771685833242000,1771685833396000,0.0005197711,0.001346018,0.0,160,1,0,0,0,0,0,0,0,0,0,0,0
1771685833452000,1771685833294000,1771685833452000,0.0005197711,0.001346018,0.0,160,1,0,0,0,0,0,0,0,0,0,0,0
1771685833500000,1771685833346000,1771685833500000,0.0005197711,0.001346018,0.0,160,1,0,0,0,0,0,0,0,0,0,0,0
1771685833556000,1771685833398000,1771685833556000,0.0005197711,0.001346018,0.0,160,1,0,0,0,0,0,0,0,0,0,0,0
1771685833604000,1771685833450000,1771685833604000,0.0005197711,0.001346018,0.0,160,1,0,0,0,0,0,0,0,0,0,0,0
1771685833660000,1771685833502000,1771685833660000,0.0005197711,0.001346018,0.0,160,1,0,0,0,0,0,0,0,0,0,0,0
1771685833708000,1771685833554000,1771685833708000,0.0005197711,0.001346018,0.0,160,1,0,0,0,0,0,0,0,0,0,0,0
1771685833764000,1771685833606000,1771685833764000,0.0005197711,0.001346018,0.0,160,1,0,0,0,0,0,0,0,0,0,0,0
1771685833812000,1771685833658000,1771685833812000,0.0005197711,0.001346018,0.0,160,1,0,0,0,0,0,0,0,0,0,0,0
1771685833868000,1771685833710000,1771685833868000,0.0005197711,0.001346018,0.0,160,1,0,0,0,0,0,0,0,0,0,0,0
1771685833916000,1771685833762000,1771685833916000,0.0005197711,0.001346018,0.0,160,1,0,0,0,0,0,0,0,0,0,0,0
1771685833972000,1771685833814000,1771685833972000,0.0005197711,0.001346018,0.0,160,1,0,0,0,0,0,0,0,0,0,0,0
1771685834020000,1771685833866000,1771685834020000,0.0005197711,0.001346018,0.0,160,1,0,0,0,0,0,0,0,0,0,0,0
1771685834076000,1771685833918000,1771685834076000,0.0005197711,0.001346018,0.0,160,1,0,0,0,0,0,0,0,0,0,0,0
1771685834124000,1771685833970000,1771685834124000,0.0005197711,0.001346018,0.0,160,1,0,0,0,0,0,0,0,0,0,0,0
1771685834180000,1771685834022000,1771685834180000,0.0005197711,0.001346018,0.0,160,1,0,0,0,0,0,0,0,0,0,0,0
1771685834228000,1771685834074000,1771685834228000,0.0005197711,0.001346018,0.0,160,1,0,0,0,0,0,0,0,0,0,0,0
1771685834284000,1771685834126000,1771685834284000,0.0005197711,0.001346018,0.0,160,1,0,0,0,0,0,0,0,0,0,0,0
1771685834332000,1771685834178000,1771685834332000,0.0005197711,0.001346018,0.0,160,1,0,0,0,0,0,0,0,0,0,0,0
1771685834388000,1771685834230000,1771685834388000,0.0005197711,0.001346018,0.0,160,1,0,0,0,0,0,0,0,0,0,0,0
1771685834436000,1771685834282000,1771685834436000,0.0005197711,0.001346018,0.0,160,1,0,0,0,0,0,0,0,0,0,0,0
1771685834492000,1771685834334000,1771685834492000,0.0005197711,0.001346018,0.0,160,1,0,0,0,0,0,0,0,0,0,0,0
1771685834540000,1771685834386000,1771685834540000,0.0005197711,0.001346018,0.0,160,1,0,0,0,0,0,0,0,0,0,0,0
1771685834596000,1771685834438000,1771685834596000,0.0005197711,0.001346018,0.0,160,1,0,0,0,0,0,0,0,0,0,0,0
1771685834644000,1771685834490000,1771685834644000,0.0005197711,0.001346018,0.0,160,1,0,0,0,0,0,0,0,0,0,0,0
1771685834700000,1771685834542000,1771685834700000,0.0005197711,0.001346018,0.0,160,1,0,0,0,0,0,0,0,0,0,0,0
1771685834748000,1771685834594000,1771685834748000,0.0005197711,0.001346018,0.0,160,1,0,0,0,0,0,0,0,0,0,0,0
1771685834804000,1771685834646000,1771685834804000,0.0005197711,0.001346018,0.0,160,1,0,0,0,0,0,0,0,0,0,0,0
1771685834852000,1771685834698000,1771685834852000,0.0005197711,0.001346018,0.0,160,1,0,0,0,0,0,0,0,0,0,0,0
1771685834908000,1771685834750000,1771685834908000,0.0005197711,0.001346018,0.0,160,1,0,0,0,0,0,0,0,0,0,0,0
1771685834956000,1771685834802000,1771685834956000,0.0005197711,0.001346018,0.0,160,1,0,0,0,0,0,0,0,0,0,0,0
1771685835012000,1771685834854000,1771685835012000,0.0005197711,0.001346018,0.0,160,1,0,0,0,0,0,0,0,0,0,0,0
1771685835060000,1771685834906000,1771685835060000,0.0005197711,0.001346018,0.0,160,1,0,0,0,0,0,0,0,0,0,0,0
1771685835116000,1771685834958000,1771685835116000,0.0005197711,0.001346018,0.0,160,1,0,0,0,0,0,0,0,0,0,0,0
1771685835164000,1771685835010000,1771685835164000,0.0005197711,0.001346018,0.0,160,1,0,0,0,0,0,0,0,0,0,0,0
1771685835220000,1771685835062000,1771685835220000,0.0005197711,0.001346018,0.0,160,1,0,0,0,0,0,0,0,0,0,0,0
1771685835268000,1771685835114000,1771685835268000,0.0005197711,0.001346018,0.0,160,1,0,0,0,0,0,0,0,0,0,0,0
1771685835324000,1771685835166000,1771685835324000,0.0005197711,0.001346018,0.0,160,1,0,0,0,0,0,0,0,0,0,0,0
1771685835372000,1771685835218000,1771685835372000,0.0005197711,0.001346018,0.0,160,1,0,0,0,0,0,0,0,0,0,0,0
1771685835428000,1771685835270000,1771685835428000,0.0005197711,0.001346018,0.0,160,1,0,0,0,0,0,0,0,0,0,0,0
1771685835476000,1771685835322000,1771685835476000,0.0005197711,0.001346018,0.0,160,1,0,0,0,0,0,0,0,0,0,0,0
1771685835532000,1771685835374000,1771685835532000,0.0005197711,0.001346018,0.0,160,1,0,0,0,0,0,0,0,0,0,0,0
1771685835580000,1771685835426000,1771685835580000,0.0005197711,0.001346018,0.0,160,1,0,0,0,0,0,0,0,0,0,0,0
1771685835636000,1771685835478000,1771685835636000,0.0005197711,0.001346018,0.0,160,1,0,0,0,0,0,0,0,0,0,0,0
1771685835684000,1771685835530000,1771685835684000,0.0005197711,0.001346018,0.0,160,1,0,0,0,0,0,0,0,0,0,0,0
1771685835740000,1771685835582000,1771685835740000,0.0005197711,0.001346018,0.0,160,1,0,0,0,0,0,0,0,0,0,0,0
1771685835788000,1771685835634000,1771685835788000,0.0005197711,0.001346018,0.0,160,1,0,0,0,0,0,0,0,0,0,0,0
1771685835844000,1771685835686000,1771685835844000,0.0005197711,0.001346018,0.0,160,1,0,0,0,0,0,0,0,0,0,0,0
1771685835892000,1771685835738000,1771685835892000,0.0005197711,0.001346018,0.0,160,1,0,0,0,0,0,0,0,0,0,0,0
1771685835948000,1771685835790000,1771685835948000,0.0005197711,0.001346018,0.0,160,1,0,0,0,0,0,0,0,0,0,0,0
1771685835996000,1771685835842000,1771685835996000,0.0005197711,0.001346018,0.0,160,1,0,0,0,0,0,0,0,0,0,0,0
1771685836052000,1771685835894000,1771685836052000,0.0005197711,0.001346018,0.0,160,1,0,0,0,0,0,0,0,0,0,0,0
1771685836100000,1771685835946000,1771685836100000,0.0005197711,0.001346018,0.0,160,1,0,0,0,0,0,0,0,0,0,0,0
1771685836156000,1771685835998000,1771685836156000,0.0005197711,0.001346018,0.0,160,1,0,0,0,0,0,0,0,0,0,0,0
1771685836204000,1771685836050000,1771685836204000,0.0005197711,0.001346018,0.0,160,1,0,0,0,0,0,0,0,0,0,0,0
1771685836260000,1771685836102000,1771685836260000,0.0005197711,0.001346018,0.0,160,1,0,0,0,0,0,0,0,0,0,0,0
1771685836308000,1771685836154000,1771685836308000,0.0005197711,0.001346018,0.0,160,1,0,0,0,0,0,0,0,0,0,0,0
1771685836364000,1771685836206000,1771685836364000,0.0005197711,0.001346018,0.0,160,1,0,0,0,0,0,0,0,0,0,0,0
1771685836412000,1771685836258000,1771685836412000,0.0005197711,0.001346018,0.0,160,1,0,0,0,0,0,0,0,0,0,0,0
1771685836468000,1771685836310000,1771685836468000,0.0005197711,0.001346018,0.0,160,1,0,0,0,0,0,0,0,0,0,0,0
1771685836516000,1771685836362000,1771685836516000,0.0005197711,0.001346018,0.0,160,1,0,0,0,0,0,0,0,0,0,0,0
1771685836572000,1771685836414000,1771685836572000,0.0005197711,0.001346018,0.0,160,1,0,0,0,0,0,0,0,0,0,0,0
1771685836620000,1771685836466000,1771685836620000,0.0005197711,0.001346018,0.0,160,1,0,0,0,0,0,0,0,0,0,0,0
1771685836676000,1771685836518000,1771685836676000,0.0005197711,0.001346018,0.0,160,1,0,0,0,0,0,0,0,0,0,0,0
1771685836724000,1771685836570000,1771685836724000,0.0005197711,0.001346018,0.0,160,1,0,0,0,0,0,0,0,0,0,0,0
1771685836780000,1771685836622000,1771685836780000,0.0005197711,0.001346018,0.0,160,1,0,0,0,0,0,0,0,0,0,0,0
1771685836828000,1771685836674000,1771685836828000,0.0005197711,0.001346018,0.0,160,1,0,0,0,0,0,0,0,0,0,0,0
1771685836884000,1771685836726000,1771685836884000,0.0005197711,0.001346018,0.0,160,1,0,0,0,0,0,0,0,0,0,0,0
1771685836932000,1771685836778000,1771685836932000,0.0005197711,0.001346018,0.0,160,1,0,0,0,0,0,0,0,0,0,0,0
1771685836988000,1771685836830000,1771685836988000,0.0005197711,0.001346018,0.0,160,1,0,0,0,0,0,0,0,0,0,0,0
1771685837036000,1771685836882000,1771685837036000,0.0005197711,0.001346018,0.0,160,1,0,0,0,0,0,0,0,0,0,0,0
1771685837092000,1771685836934000,1771685837092000,0.0005197711,0.001346018,0.0,160,1,0,0,0,0,0,0,0,0,0,0,0
1771685837140000,1771685836986000,1771685837140000,0.0005197711,0.001346018,0.0,160,1,0,0,0,0,0,0,0,0,0,0,0
1771685837196000,1771685837038000,1771685837196000,0.0005197711,0.001346018,0.0,160,1,0,0,0,0,0,0,0,0,0,0,0
1771685837244000,1771685837090000,1771685837244000,0.0005197711,0.001346018,0.0,160,1,0,0,0,0,0,0,0,0,0,0,0
1771685837300000,1771685837142000,1771685837300000,0.0005197711,0.001346018,0.0,160,1,0,0,0,0,0,0,0,0,0,0,0
1771685837348000,1771685837194000,1771685837348000,0.0005197711,0.001346018,0.0,160,1,0,0,0,0,0,0,0,0,0,0,0
1771685837404000,1771685837246000,1771685837404000,0.0005197711,0.001346018,0.0,160,1,0,0,0,0,0,0,0,0,0,0,0
1771685837452000,1771685837298000,1771685837452000,0.0005197711,0.001346018,0.0,160,1,0,0,0,0,0,0,0,0,0,0,0
1771685837508000,1771685837350000,1771685837508000,0.0005197711,0.001346018,0.0,160,1,0,0,0,0,0,0,0,0,0,0,0
1771685837556000,1771685837402000,1771685837556000,0.0005197711,0.001346018,0.0,160,1,0,0,0,0,0,0,0,0,0,0,0
1771685837612000,1771685837454000,1771685837612000,0.0005197711,0.001346018,0.0,160,1,0,0,0,0,0,0,0,0,0,0,0
1771685837660000,1771685837506000,1771685837660000,0.0005197711,0.001346018,0.0,160,1,0,0,0,0,0,0,0,0,0,0,0
1771685837716000,1771685837558000,1771685837716000,0.0005197711,0.001346018,0.0,160,1,0,0,0,0,0,0,0,0,0,0,0
1771685837764000,1771685837610000,1771685837764000,0.0005197711,0.001346018,0.0,160,1,0,0,0,0,0,0,0,0,0,0,0
1771685837820000,1771685837662000,1771685837820000,0.0005197711,0.001346018,0.0,160,1,0,0,0,0,0,0,0,0,0,0,0
1771685837868000,1771685837714000,1771685837868000,0.0005197711,0.001346018,0.0,160,1,0,0,0,0,0,0,0,0,0,0,0
1771685837924000,1771685837766000,1771685837924000,0.0005197711,0.001346018,0.0,160,1,0,0,0,0,0,0,0,0,0,0,0
1771685837972000,1771685837818000,1771685837972000,0.0005197711,0.001346018,0.0,160,1,0,0,0,0,0,0,0,0,0,0,0
1771685838028000,1771685837870000,1771685838028000,0.0005197711,0.001346018,0.0,160,1,0,0,0,0,0,0,0,0,0,0,0
1771685838076000,1771685837922000,1771685838076000,0.0005197711,0.001346018,0.0,160,1,0,0,0,0,0,0,0,0,0,0,0
1771685838132000,1771685837974000,1771685838132000,0.0005197711,0.001346018,0.0,160,1,0,0,0,0,0,0,0,0,0,0,0
1771685838180000,1771685838026000,1771685838180000,0.0005197711,0.001346018,0.0,160,1,0,0,0,0,0,0,0,0,0,0,0
1771685838236000,1771685838078000,1771685838236000,0.0005197711,0.001346018,0.0,160,1,0,0,0,0,0,0,0,0,0,0,0
1771685838284000,1771685838130000,1771685838284000,0.0005197711,0.001346018,0.0,160,1,0,0,0,0,0,0,0,0,0,0,0
1771685838340000,1771685838182000,1771685838340000,0.0005197711,0.001346018,0.0,160,1,0,0,0,0,0,0,0,0,0,0,0
1771685838388000,1771685838234000,1771685838388000,0.0005197711,0.001346018,0.0,160,1,0,0,0,0,0,0,0,0,0,0,0
1771685838444000,1771685838286000,1771685838444000,0.0005197711,0.001346018,0.0,160,1,0,0,0,0,0,0,0,0,0,0,0
1771685838492000,1771685838338000,1771685838492000,0.0005197711,0.001346018,0.0,160,1,0,0,0,0,0,0,0,0,0,0,0
1771685838548000,1771685838390000,1771685838548000,0.0005197711,0.001346018,0.0,160,1,0,0,0,0,0,0,0,0,0,0,0
1771685838596000,1771685838442000,1771685838596000,0.0005197711,0.001346018,0.0,160,1,0,0,0,0,0,0,0,0,0,0,0
1771685838652000,1771685838494000,1771685838652000,0.0005197711,0.001346018,0.0,160,1,0,0,0,0,0,0,0,0,0,0,0
1771685838700000,1771685838546000,1771685838700000,0.0005197711,0.001346018,0.0,160,1,0,0,0,0,0,0,0,0,0,0,0
1771685838756000,1771685838598000,1771685838756000,0.0005197711,0.001346018,0.0,160,1,0,0,0,0,0,0,0,0,0,0,0
1771685838804000,1771685838650000,1771685838804000,0.0005197711,0.001346018,0.0,160,1,0,0,0,0,0,0,0,0,0,0,0
1771685838860000,1771685838702000,1771685838860000,0.0005197711,0.001346018,0.0,160,1,0,0,0,0,0,0,0,0,0,0,0
1771685838908000,1771685838754000,1771685838908000,0.0005197711,0.001346018,0.0,160,1,0,0,0,0,0,0,0,0,0,0,0
1771685838964000,1771685838806000,1771685838964000,0.0005197711,0.001346018,0.0,160,1,0,0,0,0,0,0,0,0,0,0,0
1771685839012000,1771685838858000,1771685839012000,0.0005197711,0.001346018,0.0,160,1,0,0,0,0,0,0,0,0,0,0,0
1771685839068000,1771685838910000,1771685839068000,0.0005197711,0.001346018,0.0,160,1,0,0,0,0,0,0,0,0,0,0,0
1771685839116000,1771685838962000,1771685839116000,0.0005197711,0.001346018,0.0,160,1,0,0,0,0,0,0,0,0,0,0,0
1771685839172000,1771685839014000,1771685839172000,0.0005197711,0.001346018,0.0,160,1,0,0,0,0,0,0,0,0,0,0,0
1771685839220000,1771685839066000,1771685839220000,0.0005197711,0.001346018,0.0,160,1,0,0,0,0,0,0,0,0,0,0,0
1771685839276000,1771685839118000,1771685839276000,0.0005197711,0.001346018,0.0,160,1,0,0,0,0,0,0,0,0,0,0,0
1771685839324000,1771685839170000,1771685839324000,0.0005197711,0.001346018,0.0,160,1,0,0,0,0,0,0,0,0,0,0,0
1771685839380000,1771685839222000,1771685839380000,0.0005197711,0.001346018,0.0,160,1,0,0,0,0,0,0,0,0,0,0,0
1771685839428000,1771685839274000,1771685839428000,0.0005197711,0.001346018,0.0,160,1,0,0,0,0,0,0,0,0,0,0,0
1771685839484000,1771685839326000,1771685839484000,0.0005197711,0.001346018,0.0,160,1,0,0,0,0,0,0,0,0,0,0,0
1771685839532000,1771685839378000,1771685839532000,0.0005197711,0.001346018,0.0,160,1,0,0,0,0,0,0,0,0,0,0,0
1771685839588000,1771685839430000,1771685839588000,0.0005197711,0.001346018,0.0,160,1,0,0,0,0,0,0,0,0,0,0,0
1771685839636000,1771685839482000,1771685839636000,0.0005197711,0.001346018,0.0,160,1,0,0,0,0,0,0,0,0,0,0,0
1771685839692000,1771685839534000,1771685839692000,0.0005197711,0.001346018,0.0,160,1,0,0,0,0,0,0,0,0,0,0,0
1771685839740000,1771685839586000,1771685839740000,0.0005197711,0.001346018,0.0,160,1,0,0,0,0,0,0,0,0,0,0,0
1771685839796000,1771685839638000,1771685839796000,0.0005197711,0.001346018,0.0,160,1,0,0,0,0,0,0,0,0,0,0,0
1771685839844000,1771685839690000,1771685839844000,0.0005197711,0.001346018,0.0,160,1,0,0,0,0,0,0,0,0,0,0,0
1771685839900000,1771685839742000,1771685839900000,0.0005197711,0.001346018,0.0,160,1,0,0,0,0,0,0,0,0,0,0,0
1771685839948000,1771685839794000,1771685839948000,0.0005197711,0.001346018,0.0,160,1,0,0,0,0,0,0,0,0,0,0,0
1771685840004000,1771685839846000,1771685840004000,0.0005197711,0.001346018,0.0,160,1,0,0,0,0,0,0,0,0,0,0,0
1771685840052000,1771685839898000,1771685840052000,0.0005197711,0.001346018,0.0,160,1,0,0,0,0,0,0,0,0,0,0,0
1771685840108000,1771685839950000,1771685840108000,0.0005197711,0.001346018,0.0,160,1,0,0,0,0,0,0,0,0,0,0,0
1771685840156000,1771685840002000,1771685840156000,0.0005197711,0.001346018,0.0,160,1,0,0,0,0,0,0,0,0,0,0,0
1771685840212000,1771685840054000,1771685840212000,0.0005197711,0.001346018,0.0,160,1,0,0,0,0,0,0,0,0,0,0,0
1771685840260000,1771685840106000,1771685840260000,0.0005197711,0.001346018,0.0,160,1,0,0,0,0,0,0,0,0,0,0,0
1771685840316000,1771685840158000,1771685840316000,0.0005197711,0.001346018,0.0,160,1,0,0,0,0,0,0,0,0,0,0,0
1771685840364000,1771685840210000,1771685840364000,0.0005197711,0.001346018,0.0,160,1,0,0,0,0,0,0,0,0,0,0,0
1771685840420000,1771685840262000,1771685840420000,0.0005197711,0.001346018,0.0,160,1,0,0,0,0,0,0,0,0,0,0,0
1771685840468000,1771685840314000,1771685840468000,0.0005197711,0.001346018,0.0,160,1,0,0,0,0,0,0,0,0,0,0,0
1771685840524000,1771685840366000,1771685840524000,0.0005197711,0.001346018,0.0,160,1,0,0,0,0,0,0,0,0,0,0,0
1771685840572000,1771685840418000,1771685840572000,0.0005197711,0.001346018,0.0,160,1,0,0,0,0,0,0,0,0,0,0,0
1771685840628000,1771685840470000,1771685840628000,0.0005197711,0.001346018,0.0,160,1,0,0,0,0,0,0,0,0,0,0,0
1771685840676000,1771685840522000,1771685840676000,0.0005197711,0.001346018,0.0,160,1,0,0,0,0,0,0,0,0,0,0,0
1771685840732000,1771685840574000,1771685840732000,0.0005197711,0.001346018,0.0,160,1,0,0,0,0,0,0,0,0,0,0,0
1771685840780000,1771685840626000,1771685840780000,0.0005197711,0.001346018,0.0,160,1,0,0,0,0,0,0,0,0,0,0,0
1771685840836000,1771685840678000,1771685840836000,0.0005197711,0.001346018,0.0,160,1,0,0,0,0,0,0,0,0,0,0,0
1771685840884000,1771685840730000,1771685840884000,0.0005197711,0.001346018,0.0,160,1,0,0,0,0,0,0,0,0,0,0,0
1771685840940000,1771685840782000,1771685840940000,0.0005197711,0.001346018,0.0,160,1,0,0,0,0,0,0,0,0,0,0,0
1771685840988000,1771685840834000,1771685840988000,0.0005197711,0.001346018,0.0,160,1,0,0,0,0,0,0,0,0,0,0,0
1771685841044000,1771685840886000,1771685841044000,0.0005197711,0.001346018,0.0,160,1,0,0,0,0,0,0,0,0,0,0,0
1771685841092000,1771685840938000,1771685841092000,0.0005197711,0.001346018,0.0,160,1,0,0,0,0,0,0,0,0,0,0,0
1771685841148000,1771685840990000,1771685841148000,0.0005197711,0.001346018,0.0,160,1,0,0,0,0,0,0,0,0,0,0,0
1771685841196000,1771685841042000,1771685841196000,0.0005197711,0.001346018,0.0,160,1,0,0,0,0,0,0,0,0,0,0,0
1771685841252000,1771685841094000,1771685841252000,0.0005197711,0.001346018,0.0,160,1,0,0,0,0,0,0,0,0,0,0,0
1771685841300000,1771685841146000,1771685841300000,0.0005197711,0.001346018,0.0,160,1,0,0,0,0,0,0,0,0,0,0,0
1771685841356000,1771685841198000,1771685841356000,0.0005197711,0.001346018,0.0,160,1,0,0,0,0,0,0,0,0,0,0,0
1771685841404000,1771685841250000,1771685841404000,0.0005197711,0.001346018,0.0,160,1,0,0,0,0,0,0,0,0,0,0,0
1771685841460000,1771685841302000,1771685841460000,0.0005197711,0.001346018,0.0,160,1,0,0,0,0,0,0,0,0,0,0,0
1771685841508000,1771685841354000,1771685841508000,0.0005197711,0.001346018,0.0,160,1,0,0,0,0,0,0,0,0,0,0,0
1771685841564000,1771685841406000,1771685841564000,0.0005197711,0.001346018,0.0,160,1,0,0,0,0,0,0,0,0,0,0,0
1771685841612000,1771685841458000,1771685841612000,0.0005197711,0.001346018,0.0,160,1,0,0,0,0,0,0,0,0,0,0,0
1771685841668000,1771685841510000,1771685841668000,0.0005197711,0.001346018,0.0,160,1,0,0,0,0,0,0,0,0,0,0,0
1771685841716000,1771685841562000,1771685841716000,0.0005197711,0.001346018,0.0,160,1,0,0,0,0,0,0,0,0,0,0,0
1771685841772000,1771685841614000,1771685841772000,0.0005197711,0.001346018,0.0,160,1,0,0,0,0,0,0,0,0,0,0,0
1771685841820000,1771685841666000,1771685841820000,0.0005197711,0.001346018,0.0,160,1,0,0,0,0,0,0,0,0,0,0,0
1771685841876000,1771685841718000,1771685841876000,0.0005197711,0.001346018,0.0,160,1,0,0,0,0,0,0,0,0,0,0,0
1771685841924000,1771685841770000,1771685841924000,0.0005197711,0.001346018,0.0,160,1,0,0,0,0,0,0,0,0,0,0,0
1771685841980000,1771685841822000,1771685841980000,0.0005197711,0.001346018,0.0,160,1,0,0,0,0,0,0,0,0,0,0,0
1771685842028000,1771685841874000,1771685842028000,0.0005197711,0.001346018,0.0,160,1,0,0,0,0,0,0,0,0,0,0,0
1771685842084000,1771685841926000,1771685842084000,0.0005197711,0.001346018,0.0,160,1,0,0,0,0,0,0,0,0,0,0,0
1771685842132000,1771685841978000,1771685842132000,0.0005197711,0.001346018,0.0,160,1,0,0,0,0,0,0,0,0,0,0,0
1771685842188000,1771685842030000,1771685842188000,0.0005197711,0.001346018,0.0,160,1,0,0,0,0,0,0,0,0,0,0,0
1771685842236000,1771685842082000,1771685842236000,0.0005197711,0.001346018,0.0,160,1,0,0,0,0,0,0,0,0,0,0,0
1771685842292000,1771685842134000,1771685842292000,0.0005197711,0.001346018,0.0,160,1,0,0,0,0,0,0,0,0,0,0,0
1771685842340000,1771685842186000,1771685842340000,0.0005197711,0.001346018,0.0,160,1,0,0,0,0,0,0,0,0,0,0,0
1771685842396000,1771685842238000,1771685842396000,0.0005197711,0.001346018,0.0,160,1,0,0,0,0,0,0,0,0,0,0,0
1771685842444000,1771685842290000,1771685842444000,0.0005197711,0.001346018,0.0,160,1,0,0,0,0,0,0,0,0,0,0,0
1771685842500000,1771685842342000,1771685842500000,0.0005197711,0.001346018,0.0,160,1,0,0,0,0,0,0,0,0,0,0,0
1771685842548000,1771685842394000,1771685842548000,0.0005197711,0.001346018,0.0,160,1,0,0,0,0,0,0,0,0,0,0,0
1771685842604000,1771685842446000,1771685842604000,0.0005197711,0.001346018,0.0,160,1,0,0,0,0,0,0,0,0,0,0,0
1771685842652000,1771685842498000,1771685842652000,0.0005197711,0.001346018,0.0,160,1,0,0,0,0,0,0,0,0,0,0,0
1771685842708000,1771685842550000,1771685842708000,0.0005197711,0.001346018,0.0,160,1,0,0,0,0,0,0,0,0,0,0,0
1771685842756000,1771685842602000,1771685842756000,0.0005197711,0.001346018,0.0,160,1,0,0,0,0,0,0,0,0,0,0,0
1771685842812000,1771685842654000,1771685842812000,0.0005197711,0.001346018,0.0,160,1,0,0,0,0,0,0,0,0,0,0,0
1771685842860000,1771685842706000,1771685842860000,0.0005197711,0.001346018,0.0,160,1,0,0,0,0,0,0,0,0,0,0,0
1771685842916000,1771685842758000,1771685842916000,0.0005197711,0.001346018,0.0,160,1,0,0,0,0,0,0,0,0,0,0,0
1771685842964000,1771685842810000,1771685842964000,0.0005197711,0.001346018,0.0,160,1,0,0,0,0,0,0,0,0,0,0,0
1771685843020000,1771685842862000,1771685843020000,0.0005197711,0.001346018,0.0,160,1,0,0,0,0,0,0,0,0,0,0,0
1771685843068000,1771685842914000,1771685843068000,0.0005197711,0.001346018,0.0,160,1,0,0,0,0,0,0,0,0,0,0,0
1771685843124000,1771685842966000,1771685843124000,0.0005197711,0.001346018,0.0,160,1,0,0,0,0,0,0,0,0,0,0,0
1771685843172000,1771685843018000,1771685843172000,0.0005197711,0.001346018,0.0,160,1,0,0,0,0,0,0,0,0,0,0,0
1771685843228000,1771685843070000,1771685843228000,0.0005197711,0.001346018,0.0,160,1,0,0,0,0,0,0,0,0,0,0,0
1771685843276000,1771685843122000,1771685843276000,0.0005197711,0.001346018,0.0,160,1,0,0,0,0,0,0,0,0,0,0,0
1771685843332000,1771685843174000,1771685843332000,0.0005197711,0.001346018,0.0,160,1,0,0,0,0,0,0,0,0,0,0,0
1771685843380000,1771685843226000,1771685843380000,0.0005197711,0.001346018,0.0,160,1,0,0,0,0,0,0,0,0,0,0,0
1771685843436000,1771685843278000,1771685843436000,0.0005197711,0.001346018,0.0,160,1,0,0,0,0,0,0,0,0,0,0,0
1771685843484000,1771685843330000,1771685843484000,0.0005197711,0.001346018,0.0,160,1,0,0,0,0,0,0,0,0,0,0,0
1771685843540000,1771685843382000,1771685843540000,0.0005197711,0.001346018,0.0,160,1,0,0,0,0,0,0,0,0,0,0,0
1771685843588000,1771685843434000,1771685843588000,0.0005197711,0.001346018,0.0,160,1,0,0,0,0,0,0,0,0,0,0,0
1771685843644000,1771685843486000,1771685843644000,0.0005197711,0.001346018,0.0,160,1,0,0,0,0,0,0,0,0,0,0,0
1771685843692000,1771685843538000,1771685843692000,0.0005197711,0.001346018,0.0,160,1,0,0,0,0,0,0,0,0,0,0,0
1771685843748000,1771685843590000,1771685843748000,0.0005197711,0.001346018,0.0,160,1,0,0,0,0,0,0,0,0,0,0,0
1771685843796000,1771685843642000,1771685843796000,0.0005197711,0.001346018,0.0,160,1,0,0,0,0,0,0,0,0,0,0,0
1771685843852000,1771685843694000,1771685843852000,0.0005197711,0.001346018,0.0,160,1,0,0,0,0,0,0,0,0,0,0,0
1771685843900000,1771685843746000,1771685843900000,0.0005197711,0.001346018,0.0,160,1,0,0,0,0,0,0,0,0,0,0,0
1771685843956000,1771685843798000,1771685843956000,0.0005197711,0.001346018,0.0,160,1,0,0,0,0,0,0,0,0,0,0,0
1771685844004000,1771685843850000,1771685844004000,0.0005197711,0.001346018,0.0,160,1,0,0,0,0,0,0,0,0,0,0,0
1771685844060000,1771685843902000,1771685844060000,0.0005197711,0.001346018,0.0,160,1,0,0,0,0,0,0,0,0,0,0,0
1771685844108000,1771685843954000,1771685844108000,0.0005197711,0.001346018,0.0,160,1,0,0,0,0,0,0,0,0,0,0,0
1771685844164000,1771685844006000,1771685844164000,0.0005197711,0.001346018,0.0,160,1,0,0,0,0,0,0,0,0,0,0,0
1771685844212000,1771685844058000,1771685844212000,0.0005197711,0.001346018,0.0,160,1,0,0,0,0,0,0,0,0,0,0,0
1771685844268000,1771685844110000,1771685844268000,0.0005197711,0.001346018,0.0,160,1,0,0,0,0,0,0,0,0,0,0,0
1771685844316000,1771685844162000,1771685844316000,0.0005197711,0.001346018,0.0,160,1,0,0,0,0,0,0,0,0,0,0,0
1771685844372000,1771685844214000,1771685844372000,0.0005197711,0.001346018,0.0,160,1,0,0,0,0,0,0,0,0,0,0,0
1771685844420000,1771685844266000,1771685844420000,0.0005197711,0.001346018,0.0,160,1,0,0,0,0,0,0,0,0,0,0,0
1771685844476000,1771685844318000,1771685844476000,0.0005197711,0.001346018,0.0,160,1,0,0,0,0,0,0,0,0,0,0,0
1771685844524000,1771685844370000,1771685844524000,0.0005197711,0.001346018,0.0,160,1,0,0,0,0,0,0,0,0,0,0,0
1771685844580000,1771685844422000,1771685844580000,0.0005197711,0.001346018,0.0,160,1,0,0,0,0,0,0,0,0,0,0,0
1771685844628000,1771685844474000,1771685844628000,0.0005197711,0.001346018,0.0,160,1,0,0,0,0,0,0,0,0,0,0,0
1771685844684000,1771685844526000,1771685844684000,0.0005197711,0.001346018,0.0,160,1,0,0,0,0,0,0,0,0,0,0,0
1771685844732000,1771685844578000,1771685844732000,0.0005197711,0.001346018,0.0,160,1,0,0,0,0,0,0,0,0,0,0,0
1771685844788000,1771685844630000,1771685844788000,0.0005197711,0.001346018,0.0,160,1,0,0,0,0,0,0,0,0,0,0,0
1771685844836000,1771685844682000,1771685844836000,0.0005197711,0.001346018,0.0,160,1,0,0,0,0,0,0,0,0,0,0,0
1771685844892000,1771685844734000,1771685844892000,0.0005197711,0.001346018,0.0,160,1,0,0,0,0,0,0,0,0,0,0,0
1771685844940000,1771685844786000,1771685844940000,0.0005197711,0.001346018,0.0,160,1,0,0,0,0,0,0,0,0,0,0,0
1771685844996000,1771685844838000,1771685844996000,0.0005197711,0.001346018,0.0,160,1,0,0,0,0,0,0,0,0,0,0,0
1771685845044000,1771685844890000,1771685845044000,0.0005197711,0.001346018,0.0,160,1,0,0,0,0,0,0,0,0,0,0,0
1771685845100000,1771685844942000,1771685845100000,0.0005197711,0.001346018,0.0,160,1,0,0,0,0,0,0,0,0,0,0,0
1771685845148000,1771685844994000,1771685845148000,0.0005197711,0.001346018,0.0,160,1,0,0,0,0,0,0,0,0,0,0,0
1771685845204000,1771685845046000,1771685845204000,0.0005197711,0.001346018,0.0,160,1,0,0,0,0,0,0,0,0,0,0,0
1771685845252000,1771685845098000,1771685845252000,0.0005197711,0.001346018,0.0,160,1,0,0,0,0,0,0,0,0,0,0,0
1771685845308000,1771685845150000,1771685845308000,0.0005197711,0.001346018,0.0,160,1,0,0,0,0,0,0,0,0,0,0,0
1771685845356000,1771685845202000,1771685845356000,0.0005197711,0.001346018,0.0,160,1,0,0,0,0,0,0,0,0,0,0,0
1771685845412000,1771685845254000,1771685845412000,0.0005197711,0.001346018,0.0,160,1,0,0,0,0,0,0,0,0,0,0,0
1771685845460000,1771685845306000,1771685845460000,0.0005197711,0.001346018,0.0,160,1,0,0,0,0,0,0,0,0,0,0,0
1771685845516000,1771685845358000,1771685845516000,0.0005197711,0.001346018,0.0,160,1,0,0,0,0,0,0,0,0,0,0,0
1771685845564000,1771685845410000,1771685845564000,0.0005197711,0.001346018,0.0,160,1,0,0,0,0,0,0,0,0,0,0,0
1771685845620000,1771685845462000,1771685845620000,0.0005197711,0.001346018,0.0,160,1,0,0,0,0,0,0,0,0,0,0,0
1771685845668000,1771685845514000,1771685845668000,0.0005197711,0.001346018,0.0,160,1,0,0,0,0,0,0,0,0,0,0,0
1771685845724000,1771685845566000,1771685845724000,0.0005197711,0.001346018,0.0,160,1,0,0,0,0,0,0,0,0,0,0,0
1771685845772000,1771685845618000,1771685845772000,0.0005197711,0.001346018,0.0,160,1,0,0,0,0,0,0,0,0,0,0,0
1771685845828000,1771685845670000,1771685845828000,0.0005197711,0.001346018,0.0,160,1,0,0,0,0,0,0,0,0,0,0,0
1771685845876000,1771685845722000,1771685845876000,0.0005197711,0.001346018,0.0,160,1,0,0,0,0,0,0,0,0,0,0,0
1771685845932000,1771685845774000,1771685845932000,0.0005197711,0.001346018,0.0,160,1,0,0,0,0,0,0,0,0,0,0,0
1771685845980000,1771685845826000,1771685845980000,0.0005197711,0.001346018,0.0,160,1,0,0,0,0,0,0,0,0,0,0,0
1771685846036000,1771685845878000,1771685846036000,0.0005197711,0.001346018,0.0,160,1,0,0,0,0,0,0,0,0,0,0,0
1771685846084000,1771685845930000,1771685846084000,0.0005197711,0.001346018,0.0,160,1,0,0,0,0,0,0,0,0,0,0,0
1771685846140000,1771685845982000,1771685846140000,0.0005197711,0.001346018,0.0,160,1,0,0,0,0,0,0,0,0,0,0,0
1771685846188000,1771685846034000,1771685846188000,0.0005197711,0.001346018,0.0,160,1,0,0,0,0,0,0,0,0,0,0,0
1771685846244000,1771685846086000,1771685846244000,0.0005197711,0.001346018,0.0,160,1,0,0,0,0,0,0,0,0,0,0,0
1771685846292000,1771685846138000,1771685846292000,0.0005197711,0.001346018,0.0,160,1,0,0,0,0,0,0,0,0,0,0,0
1771685846348000,1771685846190000,1771685846348000,0.0005197711,0.001346018,0.0,160,1,0,0,0,0,0,0,0,0,0,0,0
1771685846396000,1771685846242000,1771685846396000,0.0005197711,0.001346018,0.0,160,1,0,0,0,0,0,0,0,0,0,0,0
1771685846452000,1771685846294000,1771685846452000,0.0005197711,0.001346018,0.0,160,1,0,0,0,0,0,0,0,0,0,0,0
1771685846500000,1771685846346000,1771685846500000,0.0005197711,0.001346018,0.0,160,1,0,0,0,0,0,0,0,0,0,0,0
1771685846556000,1771685846398000,1771685846556000,0.0005197711,0.001346018,0.0,160,1,0,0,0,0,0,0,0,0,0,0,0
1771685846604000,1771685846450000,1771685846604000,0.0005197711,0.001346018,0.0,160,1,0,0,0,0,0,0,0,0,0,0,0
1771685846660000,1771685846502000,1771685846660000,0.0005197711,0.001346018,0.0,160,1,0,0,0,0,0,0,0,0,0,0,0
1771685846708000,1771685846554000,1771685846708000,0.0005197711,0.001346018,0.0,160,1,0,0,0,0,0,0,0,0,0,0,0
1771685846764000,1771685846606000,1771685846764000,0.0005197711,0.001346018,0.0,160,1,0,0,0,0,0,0,0,0,0,0,0
1771685846812000,1771685846658000,1771685846812000,0.0005197711,0.001346018,0.0,160,1,0,0,0,0,0,0,0,0,0,0,0
1771685846868000,1771685846710000,1771685846868000,0.0005197711,0.001346018,0.0,160,1,0,0,0,0,0,0,0,0,0,0,0
1771685846916000,1771685846762000,1771685846916000,0.0005197711,0.001346018,0.0,160,1,0,0,0,0,0,0,0,0,0,0,0
1771685846972000,1771685846814000,1771685846972000,0.0005197711,0.001346018,0.0,160,1,0,0,0,0,0,0,0,0,0,0,0
1771685847020000,1771685846866000,1771685847020000,0.0005197711,0.001346018,0.0,160,1,0,0,0,0,0,0,0,0,0,0,0
1771685847076000,1771685846918000,1771685847076000,0.0005197711,0.001346018,0.0,160,1,0,0,0,0,0,0,0,0,0,0,0
1771685847124000,1771685846970000,1771685847124000,0.0005197711,0.001346018,0.0,160,1,0,0,0,0,0,0,0,0,0,0,0
1771685847180000,1771685847022000,1771685847180000,0.0005197711,0.001346018,0.0,160,1,0,0,0,0,0,0,0,0,0,0,0
1771685847228000,1771685847074000,1771685847228000,0.0005197711,0.001346018,0.0,160,1,0,0,0,0,0,0,0,0,0,0,0
1771685847284000,1771685847126000,1771685847284000,0.0005197711,0.001346018,0.0,160,1,0,0,0,0,0,0,0,0,0,0,0
1771685847332000,1771685847178000,1771685847332000,0.0005197711,0.001346018,0.0,160,1,0,0,0,0,0,0,0,0,0,0,0
1771685847388000,1771685847230000,1771685847388000,0.0005197711,0.001346018,0.0,160,1,0,0,0,0,0,0,0,0,0,0,0
1771685847436000,1771685847282000,1771685847436000,0.0005197711,0.001346018,0.0,160,1,0,0,0,0,0,0,0,0,0,0,0
1771685847492000,1771685847334000,1771685847492000,0.0005197711,0.001346018,0.0,160,1,0,0,0,0,0,0,0,0,0,0,0
1771685847540000,1771685847386000,1771685847540000,0.0005197711,0.001346018,0.0,160,1,0,0,0,0,0,0,0,0,0,0,0
1771685847596000,1771685847438000,1771685847596000,0.0005197711,0.001346018,0.0,160,1,0,0,0,0,0,0,0,0,0,0,0
1771685847644000,1771685847490000,1771685847644000,0.0005197711,0.001346018,0.0,160,1,0,0,0,0,0,0,0,0,0,0,0
1771685847700000,1771685847542000,1771685847700000,0.0005197711,0.001346018,0.0,160,1,0,0,0,0,0,0,0,0,0,0,0
1771685847748000,1771685847594000,1771685847748000,0.0005197711,0.001346018,0.0,160,1,0,0,0,0,0,0,0,0,0,0,0
1771685847804000,1771685847646000,1771685847804000,0.0005197711,0.001346018,0.0,160,1,0,0,0,0,0,0,0,0,0,0,0
1771685847852000,1771685847698000,1771685847852000,0.0005197711,0.001346018,0.0,160,1,0,0,0,0,0,0,0,0,0,0,0
1771685847908000,1771685847750000,1771685847908000,0.0005197711,0.001346018,0.0,160,1,0,0,0,0,0,0,0,0,0,0,0
1771685847956000,1771685847802000,1771685847956000,0.0005197711,0.001346018,0.0,160,1,0,0,0,0,0,0,0,0,0,0,0
1771685848012000,1771685847854000,1771685848012000,0.0005197711,0.001346018,0.0,160,1,0,0,0,0,0,0,0,0,0,0,0
1771685848060000,1771685847906000,1771685848060000,0.0005197711,0.001346018,0.0,160,1,0,0,0,0,0,0,0,0,0,0,0
1771685848116000,1771685847958000,1771685848116000,0.0005197711,0.001346018,0.0,160,1,0,0,0,0,0,0,0,0,0,0,0
1771685848164000,1771685848010000,1771685848164000,0.0005197711,0.001346018,0.0,160,1,0,0,0,0,0,0,0,0,0,0,0
1771685848220000,1771685848062000,1771685848220000,0.0005197711,0.001346018,0.0,160,1,0,0,0,0,0,0,0,0,0,0,0
1771685848268000,1771685848114000,1771685848268000,0.0005197711,0.001346018,0.0,160,1,0,0,0,0,0,0,0,0,0,0,0
1771685848324000,1771685848166000,1771685848324000,0.0005197711,0.001346018,0.0,160,1,0,0,0,0,0,0,0,0,0,0,0
1771685848372000,1771685848218000,1771685848372000,0.0005197711,0.001346018,0.0,160,1,0,0,0,0,0,0,0,0,0,0,0
1771685848428000,1771685848270000,1771685848428000,0.0005197711,0.001346018,0.0,160,1,0,0,0,0,0,0,0,0,0,0,0
1771685848476000,1771685848322000,1771685848476000,0.0005197711,0.001346018,0.0,160,1,0,0,0,0,0,0,0,0,0,0,0
1771685848532000,1771685848374000,1771685848532000,0.0005197711,0.001346018,0.0,160,1,0,0,0,0,0,0,0,0,0,0,0
1771685848580000,1771685848426000,1771685848580000,0.0005197711,0.001346018,0.0,160,1,0,0,0,0,0,0,0,0,0,0,0
1771685848636000,1771685848478000,1771685848636000,0.0005197711,0.001346018,0.0,160,1,0,0,0,0,0,0,0,0,0,0,0
1771685848684000,1771685848530000,1771685848684000,0.0005197711,0.001346018,0.0,160,1,0,0,0,0,0,0,0,0,0,0,0
1771685848740000,1771685848582000,1771685848740000,0.0005197711,0.001346018,0.0,160,1,0,0,0,0,0,0,0,0,0,0,0
1771685848788000,1771685848634000,1771685848788000,0.0005197711,0.001346018,0.0,160,1,0,0,0,0,0,0,0,0,0,0,0
1771685848844000,1771685848686000,1771685848844000,0.0005197711,0.001346018,0.0,160,1,0,0,0,0,0,0,0,0,0,0,0
1771685848892000,1771685848738000,1771685848892000,0.0005197711,0.001346018,0.0,160,1,0,0,0,0,0,0,0,0,0,0,0
1771685848948000,1771685848790000,1771685848948000,0.0005197711,0.001346018,0.0,160,1,0,0,0,0,0,0,0,0,0,0,0
1771685848996000,1771685848842000,1771685848996000,0.0005197711,0.001346018,0.0,160,1,0,0,0,0,0,0,0,0,0,0,0
1771685849052000,1771685848894000,1771685849052000,0.0005197711,0.001346018,0.0,160,1,0,0,0,0,0,0,0,0,0,0,0
1771685849100000,1771685848946000,1771685849100000,0.0005197711,0.001346018,0.0,160,1,0,0,0,0,0,0,0,0,0,0,0
1771685849156000,1771685848998000,1771685849156000,0.0005197711,0.001346018,0.0,160,1,0,0,0,0,0,0,0,0,0,0,0
1771685849204000,1771685849050000,1771685849204000,0.0005197711,0.001346018,0.0,160,1,0,0,0,0,0,0,0,0,0,0,0
1771685849260000,1771685849102000,1771685849260000,0.0005197711,0.001346018,0.0,160,1,0,0,0,0,0,0,0,0,0,0,0
1771685849308000,1771685849154000,1771685849308000,0.0005197711,0.001346018,0.0,160,1,0,0,0,0,0,0,0,0,0,0,0
1771685849364000,1771685849206000,1771685849364000,0.0005197711,0.001346018,0.0,160,1,0,0,0,0,0,0,0,0,0,0,0
1771685849412000,1771685849258000,1771685849412000,0.0005197711,0.001346018,0.0,160,1,0,0,0,0,0,0,0,0,0,0,0
1771685849468000,1771685849310000,1771685849468000,0.0005197711,0.001346018,0.0,160,1,0,0,0,0,0,0,0,0,0,0,0
1771685849516000,1771685849362000,1771685849516000,0.0005197711,0.001346018,0.0,160,1,0,0,0,0,0,0,0,0,0,0,0
1771685849572000,1771685849414000,1771685849572000,0.0005197711,0.001346018,0.0,160,1,0,0,0,0,0,0,0,0,0,0,0
1771685849620000,1771685849466000,1771685849620000,0.0005197711,0.001346018,0.0,160,1,0,0,0,0,0,0,0,0,0,0,0
1771685849676000,1771685849518000,1771685849676000,0.0005197711,0.001346018,0.0,160,1,0,0,0,0,0,0,0,0,0,0,0
1771685849724000,1771685849570000,1771685849724000,0.0005197711,0.001346018,0.0,160,1,0,0,0,0,0,0,0,0,0,0,0
1771685849780000,1771685849622000,1771685849780000,0.0005197711,0.001346018,0.0,160,1,0,0,0,0,0,0,0,0,0,0,0
1771685849828000,1771685849674000,1771685849828000,0.0005197711,0.001346018,0.0,160,1,0,0,0,0,0,0,0,0,0,0,0
1771685849884000,1771685849726000,1771685849884000,0.0005197711,0.001346018,0.0,160,1,0,0,0,0,0,0,0,0,0,0,0
1771685849932000,1771685849778000,1771685849932000,0.0005197711,0.001346018,0.0,160,1,0,0,0,0,0,0,0,0,0,0,0
1771685849988000,1771685849830000,1771685849988000,0.0005197711,0.001346018,0.0,160,1,0,0,0,0,0,0,0,0,0,0,0
1771685850036000,1771685849882000,1771685850036000,0.0005197711,0.001346018,0.0,160,1,0,0,0,0,0,0,0,0,0,0,0
1771685850092000,1771685849934000,1771685850092000,0.0005197711,0.001346018,0.0,160,1,0,0,0,0,0,0,0,0,0,0,0
1771685850140000,1771685849986000,1771685850140000,0.0005197711,0.001346018,0.0,160,1,0,0,0,0,0,0,0,0,0,0,0
1771685850196000,1771685850038000,1771685850196000,0.0005197711,0.001346018,0.0,160,1,0,0,0,0,0,0,0,0,0,0,0
1771685850244000,1771685850090000,1771685850244000,0.0005197711,0.001346018,0.0,160,1,0,0,0,0,0,0,0,0,0,0,0
1771685850300000,1771685850142000,1771685850300000,0.0005197711,0.001346018,0.0,160,1,0,0,0,0,0,0,0,0,0,0,0
1771685850348000,1771685850194000,1771685850348000,0.0005197711,0.001346018,0.0,160,1,0,0,0,0,0,0,0,0,0,0,0
1771685850404000,1771685850246000,1771685850404000,0.0005197711,0.001346018,0.0,160,1,0,0,0,0,0,0,0,0,0,0,0
1771685850452000,1771685850298000,1771685850452000,0.0005197711,0.001346018,0.0,160,1,0,0,0,0,0,0,0,0,0,0,0
1771685850508000,1771685850350000,1771685850508000,0.0005197711,0.001346018,0.0,160,1,0,0,0,0,0,0,0,0,0,0,0
1771685850556000,1771685850402000,1771685850556000,0.0005197711,0.001346018,0.0,160,1,0,0,0,0,0,0,0,0,0,0,0
1771685850612000,1771685850454000,1771685850612000,0.0005197711,0.001346018,0.0,160,1,0,0,0,0,0,0,0,0,0,0,0
1771685850660000,1771685850506000,1771685850660000,0.0005197711,0.001346018,0.0,160,1,0,0,0,0,0,0,0,0,0,0,0
1771685850716000,1771685850558000,1771685850716000,0.0005197711,0.001346018,0.0,160,1,0,0,0,0,0,0,0,0,0,0,0
1771685850764000,1771685850610000,1771685850764000,0.0005197711,0.001346018,0.0,160,1,0,0,0,0,0,0,0,0,0,0,0
1771685850820000,1771685850662000,1771685850820000,0.0005197711,0.001346018,0.0,160,1,0,0,0,0,0,0,0,0,0,0,0
1771685850868000,1771685850714000,1771685850868000,0.0005197711,0.001346018,0.0,160,1,0,0,0,0,0,0,0,0,0,0,0
1771685850924000,1771685850766000,1771685850924000,0.0005197711,0.001346018,0.0,160,1,0,0,0,0,0,0,0,0,0,0,0
1771685850972000,1771685850818000,1771685850972000,0.0005197711,0.001346018,0.0,160,1,0,0,0,0,0,0,0,0,0,0,0
1771685851028000,1771685850870000,1771685851028000,0.0005197711,0.001346018,0.0,160,1,0,0,0,0,0,0,0,0,0,0,0
1771685851076000,1771685850922000,1771685851076000,0.0005197711,0.001346018,0.0,160,1,0,0,0,0,0,0,0,0,0,0,0
1771685851132000,1771685850974000,1771685851132000,0.0005197711,0.001346018,0.0,160,1,0,0,0,0,0,0,0,0,0,0,0
1771685851180000,1771685851026000,1771685851180000,0.0005197711,0.001346018,0.0,160,1,0,0,0,0,0,0,0,0,0,0,0
1771685851236000,1771685851078000,1771685851236000,0.0005197711,0.001346018,0.0,160,1,0,0,0,0,0,0,0,0,0,0,0
1771685851284000,1771685851130000,1771685851284000,0.0005197711,0.001346018,0.0,160,1,0,0,0,0,0,0,0,0,0,0,0
1771685851340000,1771685851182000,1771685851340000,0.0005197711,0.001346018,0.0,160,1,0,0,0,0,0,0,0,0,0,0,0
1771685851388000,1771685851234000,1771685851388000,0.0005197711,0.001346018,0.0,160,1,0,0,0,0,0,0,0,0,0,0,0
1771685851444000,1771685851286000,1771685851444000,0.0005197711,0.001346018,0.0,160,1,0,0,0,0,0,0,0,0,0,0,0
1771685851492000,1771685851338000,1771685851492000,0.0005197711,0.001346018,0.0,160,1,0,0,0,0,0,0,0,0,0,0,0
1771685851548000,1771685851390000,1771685851548000,0.0005197711,0.001346018,0.0,160,1,0,0,0,0,0,0,0,0,0,0,0
1771685851596000,1771685851442000,1771685851596000,0.0005197711,0.001346018,0.0,160,1,0,0,0,0,0,0,0,0,0,0,0
1771685851652000,1771685851494000,1771685851652000,0.0005197711,0.001346018,0.0,160,1,0,0,0,0,0,0,0,0,0,0,0
1771685851700000,1771685851546000,1771685851700000,0.0005197711,0.001346018,0.0,160,1,0,0,0,0,0,0,0,0,0,0,0
1771685851756000,1771685851598000,1771685851756000,0.0005197711,0.001346018,0.0,160,1,0,0,0,0,0,0,0,0,0,0,0
1771685851804000,1771685851650000,1771685851804000,0.0005197711,0.001346018,0.0,160,1,0,0,0,0,0,0,0,0,0,0,0
1771685851860000,1771685851702000,1771685851860000,0.0005197711,0.001346018,0.0,160,1,0,0,0,0,0,0,0,0,0,0,0
1771685851908000,1771685851754000,1771685851908000,0.0005197711,0.001346018,0.0,160,1,0,0,0,0,0,0,0,0,0,0,0
1771685851964000,1771685851806000,1771685851964000,0.0005197711,0.001346018,0.0,160,1,0,0,0,0,0,0,0,0,0,0,0
1771685852012000,1771685851858000,1771685852012000,0.0005197711,0.001346018,0.0,160,1,0,0,0,0,0,0,0,0,0,0,0
1771685852068000,1771685851910000,1771685852068000,0.0005197711,0.001346018,0.0,160,1,0,0,0,0,0,0,0,0,0,0,0
1771685852116000,1771685851962000,1771685852116000,0.0005197711,0.001346018,0.0,160,1,0,0,0,0,0,0,0,0,0,0,0
1771685852172000,1771685852014000,1771685852172000,0.0005197711,0.001346018,0.0,160,1,0,0,0,0,0,0,0,0,0,0,0
1771685852220000,1771685852066000,1771685852220000,0.0005197711,0.001346018,0.0,160,1,0,0,0,0,0,0,0,0,0,0,0
1771685852276000,1771685852118000,1771685852276000,0.0005197711,0.001346018,0.0,160,1,0,0,0,0,0,0,0,0,0,0,0
1771685852324000,1771685852170000,1771685852324000,0.0005197711,0.001346018,0.0,160,1,0,0,0,0,0,0,0,0,0,0,0
1771685852380000,1771685852222000,1771685852380000,0.0005197711,0.001346018,0.0,160,1,0,0,0,0,0,0,0,0,0,0,0
1771685852428000,1771685852274000,1771685852428000,0.0005197711,0.001346018,0.0,160,1,0,0,0,0,0,0,0,0,0,0,0
1771685852484000,1771685852326000,1771685852484000,0.0005197711,0.001346018,0.0,160,1,0,0,0,0,0,0,0,0,0,0,0
1771685852532000,1771685852378000,1771685852532000,0.0005197711,0.001346018,0.0,160,1,0,0,0,0,0,0,0,0,0,0,0
1771685852588000,1771685852430000,1771685852588000,0.0005197711,0.001346018,0.0,160,1,0,0,0,0,0,0,0,0,0,0,0
1771685852636000,1771685852482000,1771685852636000,0.0005197711,0.001346018,0.0,160,1,0,0,0,0,0,0,0,0,0,0,0
1771685852692000,1771685852534000,1771685852692000,0.0005197711,0.001346018,0.0,160,1,0,0,0,0,0,0,0,0,0,0,0
1771685852740000,1771685852586000,1771685852740000,0.0005197711,0.001346018,0.0,160,1,0,0,0,0,0,0,0,0,0,0,0
1771685852796000,1771685852638000,1771685852796000,0.0005197711,0.001346018,0.0,160,1,0,0,0,0,0,0,0,0,0,0,0
1771685852844000,1771685852690000,1771685852844000,0.0005197711,0.001346018,0.0,160,1,0,0,0,0,0,0,0,0,0,0,0
1771685852900000,1771685852742000,1771685852900000,0.0005197711,0.001346018,0.0,160,1,0,0,0,0,0,0,0,0,0,0,0
1771685852948000,1771685852794000,1771685852948000,0.0005197711,0.001346018,0.0,160,1,0,0,0,0,0,0,0,0,0,0,0
1771685853004000,1771685852846000,1771685853004000,0.0005197711,0.001346018,0.0,160,1,0,0,0,0,0,0,0,0,0,0,0
1771685853052000,1771685852898000,1771685853052000,0.0005197711,0.001346018,0.0,160,1,0,0,0,0,0,0,0,0,0,0,0
1771685853108000,1771685852950000,1771685853108000,0.0005197711,0.001346018,0.0,160,1,0,0,0,0,0,0,0,0,0,0,0
1771685853156000,1771685853002000,1771685853156000,0.0005197711,0.001346018,0.0,160,1,0,0,0,0,0,0,0,0,0,0,0
1771685853212000,1771685853054000,1771685853212000,0.0005197711,0.001346018,0.0,160,1,0,0,0,0,0,0,0,0,0,0,0
1771685853260000,1771685853106000,1771685853260000,0.0005197711,0.001346018,0.0,160,1,0,0,0,0,0,0,0,0,0,0,0
1771685853316000,1771685853158000,1771685853316000,0.0005197711,0.001346018,0.0,160,1,0,0,0,0,0,0,0,0,0,0,0
1771685853364000,1771685853210000,1771685853364000,0.0005197711,0.001346018,0.0,160,1,0,0,0,0,0,0,0,0,0,0,0
1771685853420000,1771685853262000,1771685853420000,0.0005197711,0.001346018,0.0,160,1,0,0,0,0,0,0,0,0,0,0,0
1771685853468000,1771685853314000,1771685853468000,0.0005197711,0.001346018,0.0,160,1,0,0,0,0,0,0,0,0,0,0,0
1771685853524000,1771685853366000,1771685853524000,0.0005197711,0.001346018,0.0,160,1,0,0,0,0,0,0,0,0,0,0,0
1771685853572000,1771685853418000,1771685853572000,0.0005197711,0.001346018,0.0,160,1,0,0,0,0,0,0,0,0,0,0,0
1771685853628000,1771685853470000,1771685853628000,0.0005197711,0.001346018,0.0,160,1,0,0,0,0,0,0,0,0,0,0,0
1771685853676000,1771685853522000,1771685853676000,0.0005197711,0.001346018,0.0,160,1,0,0,0,0,0,0,0,0,0,0,0
1771685853732000,1771685853574000,1771685853732000,0.0005197711,0.001346018,0.0,160,1,0,0,0,0,0,0,0,0,0,0,0
1771685853780000,1771685853626000,1771685853780000,0.0005197711,0.001346018,0.0,160,1,0,0,0,0,0,0,0,0,0,0,0
1771685853836000,1771685853678000,1771685853836000,0.0005197711,0.001346018,0.0,160,1,0,0,0,0,0,0,0,0,0,0,0
1771685853884000,1771685853730000,1771685853884000,0.0005197711,0.001346018,0.0,160,1,0,0,0,0,0,0,0,0,0,0,0
1771685853940000,1771685853782000,1771685853940000,0.0005197711,0.001346018,0.0,160,1,0,0,0,0,0,0,0,0,0,0,0
1771685853988000,1771685853834000,1771685853988000,0.0005197711,0.001346018,0.0,160,1,0,0,0,0,0,0,0,0,0,0,0
1771685854044000,1771685853886000,1771685854044000,0.0005197711,0.001346018,0.0,160,1,0,0,0,0,0,0,0,0,0,0,0
1771685854092000,1771685853938000,1771685854092000,0.0005197711,0.001346018,0.0,160,1,0,0,0,0,0,0,0,0,0,0,0
1771685854148000,1771685853990000,1771685854148000,0.0005197711,0.001346018,0.0,160,1,0,0,0,0,0,0,0,0,0,0,0
1771685854196000,1771685854042000,1771685854196000,0.0005197711,0.001346018,0.0,160,1,0,0,0,0,0,0,0,0,0,0,0
1771685854252000,1771685854094000,1771685854252000,0.0005197711,0.001346018,0.0,160,1,0,0,0,0,0,0,0,0,0,0,0
1771685854300000,1771685854146000,1771685854300000,0.0005197711,0.001346018,0.0,160,1,0,0,0,0,0,0,0,0,0,0,0
1771685854356000,1771685854198000,1771685854356000,0.0005197711,0.001346018,0.0,160,1,0,0,0,0,0,0,0,0,0,0,0
1771685854404000,1771685854250000,1771685854404000,0.0005197711,0.001346018,0.0,160,1,0,0,0,0,0,0,0,0,0,0,0
1771685854460000,1771685854302000,1771685854460000,0.0005197711,0.001346018,0.0,160,1,0,0,0,0,0,0,0,0,0,0,0
1771685854508000,1771685854354000,1771685854508000,0.0005197711,0.001346018,0.0,160,1,0,0,0,0,0,0,0,0,0,0,0
1771685854564000,1771685854406000,1771685854564000,0.0005197711,0.001346018,0.0,160,1,0,0,0,0,0,0,0,0,0,0,0
1771685854612000,1771685854458000,1771685854612000,0.0005197711,0.001346018,0.0,160,1,0,0,0,0,0,0,0,0,0,0,0
1771685854668000,1771685854510000,1771685854668000,0.0005197711,0.001346018,0.0,160,1,0,0,0,0,0,0,0,0,0,0,0
1771685854716000,1771685854562000,1771685854716000,0.0005197711,0.001346018,0.0,160,1,0,0,0,0,0,0,0,0,0,0,0
1771685854772000,1771685854614000,1771685854772000,0.0005197711,0.001346018,0.0,160,1,0,0,0,0,0,0,0,0,0,0,0
1771685854820000,1771685854666000,1771685854820000,0.0005197711,0.001346018,0.0,160,1,0,0,0,0,0,0,0,0,0,0,0
1771685854876000,1771685854718000,1771685854876000,0.0005197711,0.001346018,0.0,160,1,0,0,0,0,0,0,0,0,0,0,0
1771685854924000,1771685854770000,1771685854924000,0.0005197711,0.001346018,0.0,160,1,0,0,0,0,0,0,0,0,0,0,0
1771685854980000,1771685854822000,1771685854980000,0.0005197711,0.001346018,0.0,160,1,0,0,0,0,0,0,0,0,0,0,0
1771685855028000,1771685854874000,1771685855028000,0.0005197711,0.001346018,0.0,160,1,0,0,0,0,0,0,0,0,0,0,0
1771685855084000,1771685854926000,1771685855084000,0.0005197711,0.001346018,0.0,160,1,0,0,0,0,0,0,0,0,0,0,0
1771685855132000,1771685854978000,1771685855132000,0.0005197711,0.001346018,0.0,160,1,0,0,0,0,0,0,0,0,0,0,0
1771685855188000,1771685855030000,1771685855188000,0.0005197711,0.001346018,0.0,160,1,0,0,0,0,0,0,0,0,0,0,0
1771685855236000,1771685855082000,1771685855236000,0.0005197711,0.001346018,0.0,160,1,0,0,0,0,0,0,0,0,0,0,0
1771685855292000,1771685855134000,1771685855292000,0.0005197711,0.001346018,0.0,160,1,0,0,0,0,0,0,0,0,0,0,0
1771685855340000,1771685855186000,1771685855340000,0.0005197711,0.001346018,0.0,160,1,0,0,0,0,0,0,0,0,0,0,0
1771685855396000,1771685855238000,1771685855396000,0.0005197711,0.001346018,0.0,160,1,0,0,0,0,0,0,0,0,0,0,0
1771685855444000,1771685855290000,1771685855444000,0.0005197711,0.001346018,0.0,160,1,0,0,0,0,0,0,0,0,0,0,0
1771685855500000,1771685855342000,1771685855500000,0.0005197711,0.001346018,0.0,160,1,0,0,0,0,0,0,0,0,0,0,0
1771685855548000,1771685855394000,1771685855548000,0.0005197711,0.001346018,0.0,160,1,0,0,0,0,0,0,0,0,0,0,0
1771685855604000,1771685855446000,1771685855604000,0.0005197711,0.001346018,0.0,160,1,0,0,0,0,0,0,0,0,0,0,0
1771685855652000,1771685855498000,1771685855652000,0.0005197711,0.001346018,0.0,160,1,0,0,0,0,0,0,0,0,0,0,0
1771685855708000,1771685855550000,1771685855708000,0.0005197711,0.001346018,0.0,160,1,0,0,0,0,0,0,0,0,0,0,0
1771685855756000,1771685855602000,1771685855756000,0.0005197711,0.001346018,0.0,160,1,0,0,0,0,0,0,0,0,0,0,0
1771685855812000,1771685855654000,1771685855812000,0.0005197711,0.001346018,0.0,160,1,0,0,0,0,0,0,0,0,0,0,0
1771685855860000,1771685855706000,1771685855860000,0.0005197711,0.001346018,0.0,160,1,0,0,0,0,0,0,0,0,0,0,0
1771685855916000,1771685855758000,1771685855916000,0.0005197711,0.001346018,0.0,160,1,0,0,0,0,0,0,0,0,0,0,0
1771685855964000,1771685855810000,1771685855964000,0.0005197711,0.001346018,0.0,160,1,0,0,0,0,0,0,0,0,0,0,0
1771685856020000,1771685855862000,1771685856020000,0.0005197711,0.001346018,0.0,160,1,0,0,0,0,0,0,0,0,0,0,0
1771685856068000,1771685855914000,1771685856068000,0.0005197711,0.001346018,0.0,160,1,0,0,0,0,0,0,0,0,0,0,0
1771685856124000,1771685855966000,1771685856124000,0.0005197711,0.001346018,0.0,160,1,0,0,0,0,0,0,0,0,0,0,0
1771685856172000,1771685856018000,1771685856172000,0.0005197711,0.001346018,0.0,160,1,0,0,0,0,0,0,0,0,0,0,0
1771685856228000,1771685856070000,1771685856228000,0.0005197711,0.001346018,0.0,160,1,0,0,0,0,0,0,0,0,0,0,0
1771685856276000,1771685856122000,1771685856276000,0.0005197711,0.001346018,0.0,160,1,0,0,0,0,0,0,0,0,0,0,0
1771685856332000,1771685856174000,1771685856332000,0.0005197711,0.001346018,0.0,160,1,0,0,0,0,0,0,0,0,0,0,0
1771685856380000,1771685856226000,1771685856380000,0.0005197711,0.001346018,0.0,160,1,0,0,0,0,0,0,0,0,0,0,0
1771685856436000,1771685856278000,1771685856436000,0.0005197711,0.001346018,0.0,160,1,0,0,0,0,0,0,0,0,0,0,0
1771685856484000,1771685856330000,1771685856484000,0.0005197711,0.001346018,0.0,160,1,0,0,0,0,0,0,0,0,0,0,0
1771685856540000,1771685856382000,1771685856540000,0.0005197711,0.001346018,0.0,160,1,0,0,0,0,0,0,0,0,0,0,0
1771685856588000,1771685856434000,1771685856588000,0.0005197711,0.001346018,0.0,160,1,0,0,0,0,0,0,0,0,0,0,0
1771685856644000,1771685856486000,1771685856644000,0.0005197711,0.001346018,0.0,160,1,0,0,0,0,0,0,0,0,0,0,0
1771685856692000,1771685856538000,1771685856692000,0.0005197711,0.001346018,0.0,160,1,0,0,0,0,0,0,0,0,0,0,0
1771685856748000,1771685856590000,1771685856748000,0.0005197711,0.001346018,0.0,160,1,0,0,0,0,0,0,0,0,0,0,0
1771685856796000,1771685856642000,1771685856796000,0.0005197711,0.001346018,0.0,160,1,0,0,0,0,0,0,0,0,0,0,0
1771685856852000,1771685856694000,1771685856852000,0.0005197711,0.001346018,0.0,160,1,0,0,0,0,0,0,0,0,0,0,0
1771685856900000,1771685856746000,1771685856900000,0.0005197711,0.001346018,0.0,160,1,0,0,0,0,0,0,0,0,0,0,0
1771685856956000,1771685856798000,1771685856956000,0.0005197711,0.001346018,0.0,160,1,0,0,0,0,0,0,0,0,0,0,0
1771685857004000,1771685856850000,1771685857004000,0.0005197711,0.001346018,0.0,160,1,0,0,0,0,0,0,0,0,0,0,0
1771685857060000,1771685856902000,1771685857060000,0.0005197711,0.001346018,0.0,160,1,0,0,0,0,0,0,0,0,0,0,0
1771685857108000,1771685856954000,1771685857108000,0.0005197711,0.001346018,0.0,160,1,0,0,0,0,0,0,0,0,0,0,0
1771685857164000,1771685857006000,1771685857164000,0.0005197711,0.001346018,0.0,160,1,0,0,0,0,0,0,0,0,0,0,0
1771685857212000,1771685857058000,1771685857212000,0.0005197711,0.001346018,0.0,160,1,0,0,0,0,0,0,0,0,0,0,0
1771685857268000,1771685857110000,1771685857268000,0.0005197711,0.001346018,0.0,160,1,0,0,0,0,0,0,0,0,0,0,0
1771685857316000,1771685857162000,1771685857316000,0.0005197711,0.001346018,0.0,160,1,0,0,0,0,0,0,0,0,0,0,0
1771685857372000,1771685857214000,1771685857372000,0.0005197711,0.001346018,0.0,160,1,0,0,0,0,0,0,0,0,0,0,0
1771685857420000,1771685857266000,1771685857420000,0.0005197711,0.001346018,0.0,160,1,0,0,0,0,0,0,0,0,0,0,0
1771685857476000,1771685857318000,1771685857476000,0.0005197711,0.001346018,0.0,160,1,0,0,0,0,0,0,0,0,0,0,0
1771685857524000,1771685857370000,1771685857524000,0.0005197711,0.001346018,0.0,160,1,0,0,0,0,0,0,0,0,0,0,0
1771685857580000,1771685857422000,1771685857580000,0.0005197711,0.001346018,0.0,160,1,0,0,0,0,0,0,0,0,0,0,0
1771685857628000,1771685857474000,1771685857628000,0.0005197711,0.001346018,0.0,160,1,0,0,0,0,0,0,0,0,0,0,0
1771685857684000,1771685857526000,1771685857684000,0.0005197711,0.001346018,0.0,160,1,0,0,0,0,0,0,0,0,0,0,0
1771685857732000,1771685857578000,1771685857732000,0.0005197711,0.001346018,0.0,160,1,0,0,0,0,0,0,0,0,0,0,0
1771685857788000,1771685857630000,1771685857788000,0.0005197711,0.001346018,0.0,160,1,0,0,0,0,0,0,0,0,0,0,0
1771685857836000,1771685857682000,1771685857836000,0.0005197711,0.001346018,0.0,160,1,0,0,0,0,0,0,0,0,0,0,0
1771685857892000,1771685857734000,1771685857892000,0.0005197711,0.001346018,0.0,160,1,0,0,0,0,0,0,0,0,0,0,0
1771685857940000,1771685857786000,1771685857940000,0.0005197711,0.001346018,0.0,160,1,0,0,0,0,0,0,0,0,0,0,0
1771685857996000,1771685857838000,1771685857996000,0.0005197711,0.001346018,0.0,160,1,0,0,0,0,0,0,0,0,0,0,0
1771685858044000,1771685857890000,1771685858044000,0.0005197711,0.001346018,0.0,160,1,0,0,0,0,0,0,0,0,0,0,0
1771685858100000,1771685857942000,1771685858100000,0.0005197711,0.001346018,0.0,160,1,0,0,0,0,0,0,0,0,0,0,0
1771685858148000,1771685857994000,1771685858148000,0.0005197711,0.001346018,0.0,160,1,0,0,0,0,0,0,0,0,0,0,0
1771685858204000,1771685858046000,1771685858204000,0.0005197711,0.001346018,0.0,160,1,0,0,0,0,0,0,0,0,0,0,0
1771685858252000,1771685858098000,1771685858252000,0.0005197711,0.001346018,0.0,160,1,0,0,0,0,0,0,0,0,0,0,0
1771685858308000,1771685858150000,1771685858308000,0.0005197711,0.001346018,0.0,160,1,0,0,0,0,0,0,0,0,0,0,0
1771685858356000,1771685858202000,1771685858356000,0.0005197711,0.001346018,0.0,160,1,0,0,0,0,0,0,0,0,0,0,0
1771685858412000,1771685858254000,1771685858412000,0.0005197711,0.001346018,0.0,160,1,0,0,0,0,0,0,0,0,0,0,0
1771685858460000,1771685858306000,1771685858460000,0.0005197711,0.001346018,0.0,160,1,0,0,0,0,0,0,0,0,0,0,0
1771685858516000,1771685858358000,1771685858516000,0.0005197711,0.001346018,0.0,160,1,0,0,0,0,0,0,0,0,0,0,0
1771685858564000,1771685858410000,1771685858564000,0.0005197711,0.001346018,0.0,160,1,0,0,0,0,0,0,0,0,0,0,0
1771685858620000,1771685858462000,1771685858620000,0.0005197711,0.001346018,0.0,160,1,0,0,0,0,0,0,0,0,0,0,0
1771685858668000,1771685858514000,1771685858668000,0.0005197711,0.001346018,0.0,160,1,0,0,0,0,0,0,0,0,0,0,0
1771685858724000,1771685858566000,1771685858724000,0.0005197711,0.001346018,0.0,160,1,0,0,0,0,0,0,0,0,0,0,0
1771685858772000,1771685858618000,1771685858772000,0.0005197711,0.001346018,0.0,160,1,0,0,0,0,0,0,0,0,0,0,0
1771685858828000,1771685858670000,1771685858828000,0.0005197711,0.001346018,0.0,160,1,0,0,0,0,0,0,0,0,0,0,0
1771685858876000,1771685858722000,1771685858876000,0.0005197711,0.001346018,0.0,160,1,0,0,0,0,0,0,0,0,0,0,0
1771685858932000,1771685858774000,1771685858932000,0.0005197711,0.001346018,0.0,160,1,0,0,0,0,0,0,0,0,0,0,0
1771685858980000,1771685858826000,1771685858980000,0.0005197711,0.001346018,0.0,160,1,0,0,0,0,0,0,0,0,0,0,0
1771685859036000,1771685858878000,1771685859036000,0.0005197711,0.001346018,0.0,160,1,0,0,0,0,0,0,0,0,0,0,0
1771685859084000,1771685858930000,1771685859084000,0.0005197711,0.001346018,0.0,160,1,0,0,0,0,0,0,0,0,0,0,0
1771685859140000,1771685858982000,1771685859140000,0.0005197711,0.001346018,0.0,160,1,0,0,0,0,0,0,0,0,0,0,0
1771685859188000,1771685859034000,1771685859188000,0.0005197711,0.001346018,0.0,160,1,0,0,0,0,0,0,0,0,0,0,0
1771685859244000,1771685859086000,1771685859244000,0.0005197711,0.001346018,0.0,160,1,0,0,0,0,0,0,0,0,0,0,0
1771685859292000,1771685859138000,1771685859292000,0.0005197711,0.001346018,0.0,160,1,0,0,0,0,0,0,0,0,0,0,0
1771685859348000,1771685859190000,1771685859348000,0.0005197711,0.001346018,0.0,160,1,0,0,0,0,0,0,0,0,0,0,0
1771685859396000,1771685859242000,1771685859396000,0.0005197711,0.001346018,0.0,160,1,0,0,0,0,0,0,0,0,0,0,0
1771685859452000,1771685859294000,1771685859452000,0.0005197711,0.001346018,0.0,160,1,0,0,0,0,0,0,0,0,0,0,0
1771685859500000,1771685859346000,1771685859500000,0.0005197711,0.001346018,0.0,160,1,0,0,0,0,0,0,0,0,0,0,0
1771685859556000,1771685859398000,1771685859556000,0.0005197711,0.001346018,0.0,160,1,0,0,0,0,0,0,0,0,0,0,0
1771685859604000,1771685859450000,1771685859604000,0.0005197711,0.001346018,0.0,160,1,0,0,0,0,0,0,0,0,0,0,0
1771685859660000,1771685859502000,1771685859660000,0.0005197711,0.001346018,0.0,160,1,0,0,0,0,0,0,0,0,0,0,0
1771685859708000,1771685859554000,1771685859708000,0.0005197711,0.001346018,0.0,160,1,0,0,0,0,0,0,0,0,0,0,0
1771685859764000,1771685859606000,1771685859764000,0.0005197711,0.001346018,0.0,160,1,0,0,0,0,0,0,0,0,0,0,0
1771685859812000,1771685859658000,1771685859812000,0.0005197711,0.001346018,0.0,160,1,0,0,0,0,0,0,0,0,0,0,0
1771685859868000,1771685859710000,1771685859868000,0.0005197711,0.001346018,0.0,160,1,0,0,0,0,0,0,0,0,0,0,0
1771685859916000,1771685859762000,1771685859916000,0.0005197711,0.001346018,0.0,160,1,0,0,0,0,0,0,0,0,0,0,0
1771685859972000,1771685859814000,1771685859972000,0.0005197711,0.001346018,0.0,160,1,0,0,0,0,0,0,0,0,0,0,0
1771685860020000,1771685859866000,1771685860020000,0.0005197711,0.001346018,0.0,160,1,0,0,0,0,0,0,0,0,0,0,0
1771685860076000,1771685859918000,1771685860076000,0.0005197711,0.001346018,0.0,160,1,0,0,0,0,0,0,0,0,0,0,0
1771685860124000,1771685859970000,1771685860124000,0.0005197711,0.001346018,0.0,160,1,0,0,0,0,0,0,0,0,0,0,0
1771685860180000,1771685860022000,1771685860180000,0.0005197711,0.001346018,0.0,160,1,0,0,0,0,0,0,0,0,0,0,0
1771685860228000,1771685860074000,1771685860228000,0.0005197711,0.001346018,0.0,160,1,0,0,0,0,0,0,0,0,0,0,0
1771685860284000,1771685860126000,1771685860284000,0.0005197711,0.001346018,0.0,160,1,0,0,0,0,0,0,0,0,0,0,0
1771685860332000,1771685860178000,1771685860332000,0.0005197711,0.001346018,0.0,160,1,0,0,0,0,0,0,0,0,0,0,0
1771685860388000,1771685860230000,1771685860388000,0.0005197711,0.001346018,0.0,160,1,0,0,0,0,0,0,0,0,0,0,0
1771685860436000,1771685860282000,1771685860436000,0.0005197711,0.001346018,0.0,160,1,0,0,0,0,0,0,0,0,0,0,0
1771685860492000,1771685860334000,1771685860492000,0.0005197711,0.001346018,0.0,160,1,0,0,0,0,0,0,0,0,0,0,0
1771685860540000,1771685860386000,1771685860540000,0.0005197711,0.001346018,0.0,160,1,0,0,0,0,0,0,0,0,0,0,0
1771685860596000,1771685860438000,1771685860596000,0.0005197711,0.001346018,0.0,160,1,0,0,0,0,0,0,0,0,0,0,0
1771685860644000,1771685860490000,1771685860644000,0.0005197711,0.001346018,0.0,160,1,0,0,0,0,0,0,0,0,0,0,0
1771685860700000,1771685860542000,1771685860700000,0.0005197711,0.001346018,0.0,160,1,0,0,0,0,0,0,0,0,0,0,0
1771685860748000,1771685860594000,1771685860748000,0.0005197711,0.001346018,0.0,160,1,0,0,0,0,0,0,0,0,0,0,0
1771685860804000,1771685860646000,1771685860804000,0.0005197711,0.001346018,0.0,160,1,0,0,0,0,0,0,0,0,0,0,0
1771685860852000,1771685860698000,1771685860852000,0.0005197711,0.001346018,0.0,160,1,0,0,0,0,0,0,0,0,0,0,0
1771685860908000,1771685860750000,1771685860908000,0.0005197711,0.001346018,0.0,160,1,0,0,0,0,0,0,0,0,0,0,0
1771685860956000,1771685860802000,1771685860956000,0.0005197711,0.001346018,0.0,160,1,0,0,0,0,0,0,0,0,0,0,0
1771685861012000,1771685860854000,1771685861012000,0.0005197711,0.001346018,0.0,160,1,0,0,0,0,0,0,0,0,0,0,0
1771685861060000,1771685860906000,1771685861060000,0.0005197711,0.001346018,0.0,160,1,0,0,0,0,0,0,0,0,0,0,0
1771685861116000,1771685860958000,1771685861116000,0.0005197711,0.001346018,0.0,160,1,0,0,0,0,0,0,0,0,0,0,0
1771685861164000,1771685861010000,1771685861164000,0.0005197711,0.001346018,0.0,160,1,0,0,0,0,0,0,0,0,0,0,0
1771685861220000,1771685861062000,1771685861220000,0.0005197711,0.001346018,0.0,160,1,0,0,0,0,0,0,0,0,0,0,0
1771685861268000,1771685861114000,1771685861268000,0.0005197711,0.001346018,0.0,160,1,0,0,0,0,0,0,0,0,0,0,0
1771685861324000,1771685861166000,1771685861324000,0.0005197711,0.001346018,0.0,160,1,0,0,0,0,0,0,0,0,0,0,0
1771685861372000,1771685861218000,1771685861372000,0.0005197711,0.001346018,0.0,160,1,0,0,0,0,0,0,0,0,0,0,0
1771685861428000,1771685861270000,1771685861428000,0.0005197711,0.001346018,0.0,160,1,0,0,0,0,0,0,0,0,0,0,0
1771685861476000,1771685861322000,1771685861476000,0.0005197711,0.001346018,0.0,160,1,0,0,0,0,0,0,0,0,0,0,0
1771685861532000,1771685861374000,1771685861532000,0.0005197711,0.001346018,0.0,160,1,0,0,0,0,0,0,0,0,0,0,0
1771685861580000,1771685861426000,1771685861580000,0.0005197711,0.001346018,0.0,160,1,0,0,0,0,0,0,0,0,0,0,0
1771685861636000,1771685861478000,1771685861636000,0.0005197711,0.001346018,0.0,160,1,0,0,0,0,0,0,0,0,0,0,0
1771685861684000,1771685861530000,1771685861684000,0.0005197711,0.001346018,0.0,160,1,0,0,0,0,0,0,0,0,0,0,0
1771685861740000,1771685861582000,1771685861740000,0.0005197711,0.001346018,0.0,160,1,0,0,0,0,0,0,0,0,0,0,0
1771685861788000,1771685861634000,1771685861788000,0.0005197711,0.001346018,0.0,160,1,0,0,0,0,0,0,0,0,0,0,0
1771685861844000,1771685861686000,1771685861844000,0.0005197711,0.001346018,0.0,160,1,0,0,0,0,0,0,0,0,0,0,0
1771685861892000,1771685861738000,1771685861892000,0.0005197711,0.001346018,0.0,160,1,0,0,0,0,0,0,0,0,0,0,0
1771685861948000,1771685861790000,1771685861948000,0.0005197711,0.001346018,0.0,160,1,0,0,0,0,0,0,0,0,0,0,0
1771685861996000,1771685861842000,1771685861996000,0.0005197711,0.001346018,0.0,160,1,0,0,0,0,0,0,0,0,0,0,0
1771685862052000,1771685861894000,1771685862052000,0.0005197711,0.001346018,0.0,160,1,0,0,0,0,0,0,0,0,0,0,0
1771685862100000,1771685861946000,1771685862100000,0.0005197711,0.001346018,0.0,160,1,0,0,0,0,0,0,0,0,0,0,0
1771685862156000,1771685861998000,1771685862156000,0.0005197711,0.001346018,0.0,160,1,0,0,0,0,0,0,0,0,0,0,0
1771685862204000,1771685862050000,1771685862204000,0.0005197711,0.001346018,0.0,160,1,0,0,0,0,0,0,0,0,0,0,0
1771685862260000,1771685862102000,1771685862260000,0.0005197711,0.001346018,0.0,160,1,0,0,0,0,0,0,0,0,0,0,0
1771685862308000,1771685862154000,1771685862308000,0.0005197711,0.001346018,0.0,160,1,0,0,0,0,0,0,0,0,0,0,0
1771685862364000,1771685862206000,1771685862364000,0.0005197711,0.001346018,0.0,160,1,0,0,0,0,0,0,0,0,0,0,0
1771685862412000,1771685862258000,1771685862412000,0.0005197711,0.001346018,0.0,160,1,0,0,0,0,0,0,0,0,0,0,0
1771685862468000,1771685862310000,1771685862468000,0.0005197711,0.001346018,0.0,160,1,0,0,0,0,0,0,0,0,0,0,0
1771685862516000,1771685862362000,1771685862516000,0.0005197711,0.001346018,0.0,160,1,0,0,0,0,0,0,0,0,0,0,0
1771685862572000,1771685862414000,1771685862572000,0.0005197711,0.001346018,0.0,160,1,0,0,0,0,0,0,0,0,0,0,0
1771685862620000,1771685862466000,1771685862620000,0.0005197711,0.001346018,0.0,160,1,0,0,0,0,0,0,0,0,0,0,0
1771685862676000,1771685862518000,1771685862676000,0.0005197711,0.001346018,0.0,160,1,0,0,0,0,0,0,0,0,0,0,0
1771685862724000,1771685862570000,1771685862724000,0.0005197711,0.001346018,0.0,160,1,0,0,0,0,0,0,0,0,0,0,0
1771685862780000,1771685862622000,1771685862780000,0.0005197711,0.001346018,0.0,160,1,0,0,0,0,0,0,0,0,0,0,0
1771685862828000,1771685862674000,1771685862828000,0.0005197711,0.001346018,0.0,160,1,0,0,0,0,0,0,0,0,0,0,0
1771685862884000,1771685862726000,1771685862884000,0.0005197711,0.001346018,0.0,160,1,0,0,0,0,0,0,0,0,0,0,0
1771685862932000,1771685862778000,1771685862932000,0.0005197711,0.001346018,0.0,160,1,0,0,0,0,0,0,0,0,0,0,0
1771685862988000,1771685862830000,1771685862988000,0.0005197711,0.001346018,0.0,160,1,0,0,0,0,0,0,0,0,0,0,0
1771685863036000,1771685862882000,1771685863036000,0.0005197711,0.001346018,0.0,160,1,0,0,0,0,0,0,0,0,0,0,0
1771685863092000,1771685862934000,1771685863092000,0.0005197711,0.001346018,0.0,160,1,0,0,0,0,0,0,0,0,0,0,0
1771685863140000,1771685862986000,1771685863140000,0.0005197711,0.001346018,0.0,160,1,0,0,0,0,0,0,0,0,0,0,0
1771685863196000,1771685863038000,1771685863196000,0.0005197711,0.001346018,0.0,160,1,0,0,0,0,0,0,0,0,0,0,0
1771685863244000,1771685863090000,1771685863244000,0.0005197711,0.001346018,0.0,160,1,0,0,0,0,0,0,0,0,0,0,0
1771685863300000,1771685863142000,1771685863300000,0.0005197711,0.001346018,0.0,160,1,0,0,0,0,0,0,0,0,0,0,0
1771685863348000,1771685863194000,1771685863348000,0.0005197711,0.001346018,0.0,160,1,0,0,0,0,0,0,0,0,0,0,0
1771685863404000,1771685863246000,1771685863404000,0.0005197711,0.001346018,0.0,160,1,0,0,0,0,0,0,0,0,0,0,0
1771685863452000,1771685863298000,1771685863452000,0.0005197711,0.001346018,0.0,160,1,0,0,0,0,0,0,0,0,0,0,0
1771685863508000,1771685863350000,1771685863508000,0.0005197711,0.001346018,0.0,160,1,0,0,0,0,0,0,0,0,0,0,0
1771685863556000,1771685863402000,1771685863556000,0.0005197711,0.001346018,0.0,160,1,0,0,0,0,0,0,0,0,0,0,0
1771685863612000,1771685863454000,1771685863612000,0.0005197711,0.001346018,0.0,160,1,0,0,0,0,0,0,0,0,0,0,0
1771685863660000,1771685863506000,1771685863660000,0.0005197711,0.001346018,0.0,160,1,0,0,0,0,0,0,0,0,0,0,0
1771685863716000,1771685863558000,1771685863716000,0.0005197711,0.001346018,0.0,160,1,0,0,0,0,0,0,0,0,0,0,0
1771685863764000,1771685863610000,1771685863764000,0.0005197711,0.001346018,0.0,160,1,0,0,0,0,0,0,0,0,0,0,0
1771685863820000,1771685863662000,1771685863820000,0.0005197711,0.001346018,0.0,160,1,0,0,0,0,0,0,0,0,0,0,0
1771685863868000,1771685863714000,1771685863868000,0.0005197711,0.001346018,0.0,160,1,0,0,0,0,0,0,0,0,0,0,0
1771685863924000,1771685863766000,1771685863924000,0.0005197711,0.001346018,0.0,160,1,0,0,0,0,0,0,0,0,0,0,0
1771685863972000,1771685863818000,1771685863972000,0.0005197711,0.001346018,0.0,160,1,0,0,0,0,0,0,0,0,0,0,0
1771685864028000,1771685863870000,1771685864028000,0.0005197711,0.001346018,0.0,160,1,0,0,0,0,0,0,0,0,0,0,0
1771685864076000,1771685863922000,1771685864076000,0.0005197711,0.001346018,0.0,160,1,0,0,0,0,0,0,0,0,0,0,0
1771685864132000,1771685863974000,1771685864132000,0.0005197711,0.001346018,0.0,160,1,0,0,0,0,0,0,0,0,0,0,0
1771685864180000,1771685864026000,1771685864180000,0.0005197711,0.001346018,0.0,160,1,0,0,0,0,0,0,0,0,0,0,0
1771685864236000,1771685864078000,1771685864236000,0.0005197711,0.001346018,0.0,160,1,0,0,0,0,0,0,0,0,0,0,0
1771685864284000,1771685864130000,1771685864284000,0.0005197711,0.001346018,0.0,160,1,0,0,0,0,0,0,0,0,0,0,0
1771685864340000,1771685864182000,1771685864340000,0.0005197711,0.001346018,0.0,160,1,0,0,0,0,0,0,0,0,0,0,0
1771685864388000,1771685864234000,1771685864388000,0.0005197711,0.001346018,0.0,160,1,0,0,0,0,0,0,0,0,0,0,0
1771685864444000,1771685864286000,1771685864444000,0.0005197711,0.001346018,0.0,160,1,0,0,0,0,0,0,0,0,0,0,0
1771685864492000,1771685864338000,1771685864492000,0.0005197711,0.001346018,0.0,160,1,0,0,0,0,0,0,0,0,0,0,0
1771685864548000,1771685864390000,1771685864548000,0.0005197711,0.001346018,0.0,160,1,0,0,0,0,0,0,0,0,0,0,0
1771685864596000,1771685864442000,1771685864596000,0.0005197711,0.001346018,0.0,160,1,0,0,0,0,0,0,0,0,0,0,0
1771685864652000,1771685864494000,1771685864652000,0.0005197711,0.001346018,0.0,160,1,0,0,0,0,0,0,0,0,0,0,0
1771685864700000,1771685864546000,1771685864700000,0.0005197711,0.001346018,0.0,160,1,0,0,0,0,0,0,0,0,0,0,0
1771685864756000,1771685864598000,1771685864756000,0.0005197711,0.001346018,0.0,160,1,0,0,0,0,0,0,0,0,0,0,0
1771685864804000,1771685864650000,1771685864804000,0.0005197711,0.001346018,0.0,160,1,0,0,0,0,0,0,0,0,0,0,0
1771685864860000,1771685864702000,1771685864860000,0.0005197711,0.001346018,0.0,160,1,0,0,0,0,0,0,0,0,0,0,0
1771685864908000,1771685864754000,1771685864908000,0.0005197711,0.001346018,0.0,160,1,0,0,0,0,0,0,0,0,0,0,0
1771685864964000,1771685864806000,1771685864964000,0.0005197711,0.001346018,0.0,160,1,0,0,0,0,0,0,0,0,0,0,0
1771685865012000,1771685864858000,1771685865012000,0.0005197711,0.001346018,0.0,160,1,0,0,0,0,0,0,0,0,0,0,0
1771685865068000,1771685864910000,1771685865068000,0.0005197711,0.001346018,0.0,160,1,0,0,0,0,0,0,0,0,0,0,0
1771685865116000,1771685864962000,1771685865116000,0.0005197711,0.001346018,0.0,160,1,0,0,0,0,0,0,0,0,0,0,0
1771685865172000,1771685865014000,1771685865172000,0.0005197711,0.001346018,0.0,160,1,0,0,0,0,0,0,0,0,0,0,0
1771685865220000,1771685865066000,1771685865220000,0.0005197711,0.001346018,0.0,160,1,0,0,0,0,0,0,0,0,0,0,0
1771685865276000,1771685865118000,1771685865276000,0.0005197711,0.001346018,0.0,160,1,0,0,0,0,0,0,0,0,0,0,0
1771685865324000,1771685865170000,1771685865324000,0.0005197711,0.001346018,0.0,160,1,0,0,0,0,0,0,0,0,0,0,0
1771685865380000,1771685865222000,1771685865380000,0.0005197711,0.001346018,0.0,160,1,0,0,0,0,0,0,0,0,0,0,0
1771685865428000,1771685865274000,1771685865428000,0.0005197711,0.001346018,0.0,160,1,0,0,0,0,0,0,0,0,0,0,0
1771685865484000,1771685865326000,1771685865484000,0.0005197711,0.001346018,0.0,160,1,0,0,0,0,0,0,0,0,0,0,0
1771685865532000,1771685865378000,1771685865532000,0.0005197711,0.001346018,0.0,160,1,0,0,0,0,0,0,0,0,0,0,0
1771685865588000,1771685865430000,1771685865588000,0.0005197711,0.001346018,0.0,160,1,0,0,0,0,0,0,0,0,0,0,0
1771685865636000,1771685865482000,1771685865636000,0.0005197711,0.001346018,0.0,160,1,0,0,0,0,0,0,0,0,0,0,0
1771685865692000,1771685865534000,1771685865692000,0.0005197711,0.001346018,0.0,160,1,0,0,0,0,0,0,0,0,0,0,0
1771685865740000,1771685865586000,1771685865740000,0.0005197711,0.001346018,0.0,160,1,0,0,0,0,0,0,0,0,0,0,0
1771685865796000,1771685865638000,1771685865796000,0.0005197711,0.001346018,0.0,160,1,0,0,0,0,0,0,0,0,0,0,0
1771685865844000,1771685865690000,1771685865844000,0.0005197711,0.001346018,0.0,160,1,0,0,0,0,0,0,0,0,0,0,0
1771685865900000,1771685865742000,1771685865900000,0.0005197711,0.001346018,0.0,160,1,0,0,0,0,0,0,0,0,0,0,0
1771685865948000,1771685865794000,1771685865948000,0.0005197711,0.001346018,0.0,160,1,0,0,0,0,0,0,0,0,0,0,0
1771685866004000,1771685865846000,1771685866004000,0.0005197711,0.001346018,0.0,160,1,0,0,0,0,0,0,0,0,0,0,0
1771685866052000,1771685865898000,1771685866052000,0.0005197711,0.001346018,0.0,160,1,0,0,0,0,0,0,0,0,0,0,0
1771685866108000,1771685865950000,1771685866108000,0.0005197711,0.001346018,0.0,160,1,0,0,0,0,0,0,0,0,0,0,0
1771685866156000,1771685866002000,1771685866156000,0.0005197711,0.001346018,0.0,160,1,0,0,0,0,0,0,0,0,0,0,0
1771685866212000,1771685866054000,1771685866212000,0.0005197711,0.001346018,0.0,160,1,0,0,0,0,0,0,0,0,0,0,0
1771685866260000,1771685866106000,1771685866260000,0.0005197711,0.001346018,0.0,160,1,0,0,0,0,0,0,0,0,0,0,0
1771685866316000,1771685866158000,1771685866316000,0.0005197711,0.001346018,0.0,160,1,0,0,0,0,0,0,0,0,0,0,0
1771685866364000,1771685866210000,1771685866364000,0.0005197711,0.001346018,0.0,160,1,0,0,0,0,0,0,0,0,0,0,0
1771685866420000,1771685866262000,1771685866420000,0.0005197711,0.001346018,0.0,160,1,0,0,0,0,0,0,0,0,0,0,0
1771685866468000,1771685866314000,1771685866468000,0.0005197711,0.001346018,0.0,160,1,0,0,0,0,0,0,0,0,0,0,0
1771685866524000,1771685866366000,1771685866524000,0.0005197711,0.001346018,0.0,160,1,0,0,0,0,0,0,0,0,0,0,0
1771685866572000,1771685866418000,1771685866572000,0.0005197711,0.001346018,0.0,160,1,0,0,0,0,0,0,0,0,0,0,0
1771685866628000,1771685866470000,1771685866628000,0.0005197711,0.001346018,0.0,160,1,0,0,0,0,0,0,0,0,0,0,0
1771685866676000,1771685866522000,1771685866676000,0.0005197711,0.001346018,0.0,160,1,0,0,0,0,0,0,0,0,0,0,0
1771685866732000,1771685866574000,1771685866732000,0.0005197711,0.001346018,0.0,160,1,0,0,0,0,0,0,0,0,0,0,0
1771685866780000,1771685866626000,1771685866780000,0.0005197711,0.001346018,0.0,160,1,0,0,0,0,0,0,0,0,0,0,0
1771685866836000,1771685866678000,1771685866836000,0.0005197711,0.001346018,0.0,160,1,0,0,0,0,0,0,0,0,0,0,0
1771685866884000,1771685866730000,1771685866884000,0.0005197711,0.001346018,0.0,160,1,0,0,0,0,0,0,0,0,0,0,0
1771685866940000,1771685866782000,1771685866940000,0.0005197711,0.001346018,0.0,160,1,0,0,0,0,0,0,0,0,0,0,0
1771685866988000,1771685866834000,1771685866988000,0.0005197711,0.001346018,0.0,160,1,0,0,0,0,0,0,0,0,0,0,0
1771685867044000,1771685866886000,1771685867044000,0.0005197711,0.001346018,0.0,160,1,0,0,0,0,0,0,0,0,0,0,0
1771685867092000,1771685866938000,1771685867092000,0.0005197711,0.001346018,0.0,160,1,0,0,0,0,0,0,0,0,0,0,0
1771685867148000,1771685866990000,1771685867148000,0.0005197711,0.001346018,0.0,160,1,0,0,0,0,0,0,0,0,0,0,0
1771685867196000,1771685867042000,1771685867196000,0.0005197711,0.001346018,0.0,160,1,0,0,0,0,0,0,0,0,0,0,0
1771685867252000,1771685867094000,1771685867252000,0.0005197711,0.001346018,0.0,160,1,0,0,0,0,0,0,0,0,0,0,0
1771685867300000,1771685867146000,1771685867300000,0.0005197711,0.001346018,0.0,160,1,0,0,0,0,0,0,0,0,0,0,0
1771685867356000,1771685867198000,1771685867356000,0.0005197711,0.001346018,0.0,160,1,0,0,0,0,0,0,0,0,0,0,0
1771685867404000,1771685867250000,1771685867404000,0.0005197711,0.001346018,0.0,160,1,0,0,0,0,0,0,0,0,0,0,0
1771685867460000,1771685867302000,1771685867460000,0.0005197711,0.001346018,0.0,160,1,0,0,0,0,0,0,0,0,0,0,0
1771685867508000,1771685867354000,1771685867508000,0.0005197711,0.001346018,0.0,160,1,0,0,0,0,0,0,0,0,0,0,0
1771685867564000,1771685867406000,1771685867564000,0.0005197711,0.001346018,0.0,160,1,0,0,0,0,0,0,0,0,0,0,0
1771685867612000,1771685867458000,1771685867612000,0.0005197711,0.001346018,0.0,160,1,0,0,0,0,0,0,0,0,0,0,0
1771685867668000,1771685867510000,1771685867668000,0.0005197711,0.001346018,0.0,160,1,0,0,0,0,0,0,0,0,0,0,0
1771685867716000,1771685867562000,1771685867716000,0.0005197711,0.001346018,0.0,160,1,0,0,0,0,0,0,0,0,0,0,0
1771685867772000,1771685867614000,1771685867772000,0.0005197711,0.001346018,0.0,160,1,0,0,0,0,0,0,0,0,0,0,0
1771685867820000,1771685867666000,1771685867820000,0.0005197711,0.001346018,0.0,160,1,0,0,0,0,0,0,0,0,0,0,0
1771685867876000,1771685867718000,1771685867876000,0.0005197711,0.001346018,0.0,160,1,0,0,0,0,0,0,0,0,0,0,0
1771685867924000,1771685867770000,1771685867924000,0.0005197711,0.001346018,0.0,160,1,0,0,0,0,0,0,0,0,0,0,0
1771685867980000,1771685867822000,1771685867980000,0.0005197711,0.001346018,0.0,160,1,0,0,0,0,0,0,0,0,0,0,0
1771685868028000,1771685867874000,1771685868028000,0.0005197711,0.001346018,0.0,160,1,0,0,0,0,0,0,0,0,0,0,0
1771685868084000,1771685867926000,1771685868084000,0.0005197711,0.001346018,0.0,160,1,0,0,0,0,0,0,0,0,0,0,0
1771685868132000,1771685867978000,1771685868132000,0.0005197711,0.001346018,0.0,160,1,0,0,0,0,0,0,0,0,0,0,0
1771685868188000,1771685868030000,1771685868188000,0.0005197711,0.001346018,0.0,160,1,0,0,0,0,0,0,0,0,0,0,0
1771685868236000,1771685868082000,1771685868236000,0.0005197711,0.001346018,0.0,160,1,0,0,0,0,0,0,0,0,0,0,0
1771685868292000,1771685868134000,1771685868292000,0.0005197711,0.001346018,0.0,160,1,0,0,0,0,0,0,0,0,0,0,0
1771685868340000,1771685868186000,1771685868340000,0.0005197711,0.001346018,0.0,160,1,0,0,0,0,0,0,0,0,0,0,0
1771685868396000,1771685868238000,1771685868396000,0.0005197711,0.001346018,0.0,160,1,0,0,0,0,0,0,0,0,0,0,0
1771685868444000,1771685868290000,1771685868444000,0.0005197711,0.001346018,0.0,160,1,0,0,0,0,0,0,0,0,0,0,0
1771685868500000,1771685868342000,1771685868500000,0.0005197711,0.001346018,0.0,160,1,0,0,0,0,0,0,0,0,0,0,0
1771685868548000,1771685868394000,1771685868548000,0.0005197711,0.001346018,0.0,160,1,0,0,0,0,0,0,0,0,0,0,0
1771685868604000,1771685868446000,1771685868604000,0.0005197711,0.001346018,0.0,160,1,0,0,0,0,0,0,0,0,0,0,0
1771685868652000,1771685868498000,1771685868652000,0.0005197711,0.001346018,0.0,160,1,0,0,0,0,0,0,0,0,0,0,0
1771685868708000,1771685868550000,1771685868708000,0.0005197711,0.001346018,0.0,160,1,0,0,0,0,0,0,0,0,0,0,0
1771685868756000,1771685868602000,1771685868756000,0.0005197711,0.001346018,0.0,160,1,0,0,0,0,0,0,0,0,0,0,0
1771685868812000,1771685868654000,1771685868812000,0.0005197711,0.001346018,0.0,160,1,0,0,0,0,0,0,0,0,0,0,0
1771685868860000,1771685868706000,1771685868860000,0.0005197711,0.001346018,0.0,160,1,0,0,0,0,0,0,0,0,0,0,0
1771685868916000,1771685868758000,1771685868916000,0.0005197711,0.001346018,0.0,160,1,0,0,0,0,0,0,0,0,0,0,0
1771685868964000,1771685868810000,1771685868964000,0.0005197711,0.001346018,0.0,160,1,0,0,0,0,0,0,0,0,0,0,0
1771685869020000,1771685868862000,1771685869020000,0.0005197711,0.001346018,0.0,160,1,0,0,0,0,0,0,0,0,0,0,0
1771685869068000,1771685868914000,1771685869068000,0.0005197711,0.001346018,0.0,160,1,0,0,0,0,0,0,0,0,0,0,0
1771685869124000,1771685868966000,1771685869124000,0.0005197711,0.001346018,0.0,160,1,0,0,0,0,0,0,0,0,0,0,0
1771685869172000,1771685869018000,1771685869172000,0.0005197711,0.001346018,0.0,160,1,0,0,0,0,0,0,0,0,0,0,0
1771685869228000,1771685869070000,1771685869228000,0.0005197711,0.001346018,0.0,160,1,0,0,0,0,0,0,0,0,0,0,0
1771685869276000,1771685869122000,1771685869276000,0.0005197711,0.001346018,0.0,160,1,0,0,0,0,0,0,0,0,0,0,0
1771685869332000,1771685869174000,1771685869332000,0.0005197711,0.001346018,0.0,160,1,0,0,0,0,0,0,0,0,0,0,0
1771685869380000,1771685869226000,1771685869380000,0.0005197711,0.001346018,0.0,160,1,0,0,0,0,0,0,0,0,0,0,0
1771685869436000,1771685869278000,1771685869436000,0.0005197711,0.001346018,0.0,160,1,0,0,0,0,0,0,0,0,0,0,0
1771685869484000,1771685869330000,1771685869484000,0.0005197711,0.001346018,0.0,160,1,0,0,0,0,0,0,0,0,0,0,0
1771685869540000,1771685869382000,1771685869540000,0.0005197711,0.001346018,0.0,160,1,0,0,0,0,0,0,0,0,0,0,0
1771685869588000,1771685869434000,1771685869588000,0.0005197711,0.001346018,0.0,160,1,0,0,0,0,0,0,0,0,0,0,0
1771685869644000,1771685869486000,1771685869644000,0.0005197711,0.001346018,0.0,160,1,0,0,0,0,0,0,0,0,0,0,0
1771685869692000,1771685869538000,1771685869692000,0.0005197711,0.001346018,0.0,160,1,0,0,0,0,0,0,0,0,0,0,0
1771685869748000,1771685869590000,1771685869748000,0.0005197711,0.001346018,0.0,160,1,0,0,0,0,0,0,0,0,0,0,0
1771685869796000,1771685869642000,1771685869796000,0.0005197711,0.001346018,0.0,160,1,0,0,0,0,0,0,0,0,0,0,0
1771685869852000,1771685869694000,1771685869852000,0.0005197711,0.001346018,0.0,160,1,0,0,0,0,0,0,0,0,0,0,0
1771685869900000,1771685869746000,1771685869900000,0.0005197711,0.001346018,0.0,160,1,0,0,0,0,0,0,0,0,0,0,0
1771685869956000,1771685869798000,1771685869956000,0.0005197711,0.001346018,0.0,160,1,0,0,0,0,0,0,0,0,0,0,0
1771685870004000,1771685869850000,1771685870004000,0.0005197711,0.001346018,0.0,160,1,0,0,0,0,0,0,0,0,0,0,0
1771685870060000,1771685869902000,1771685870060000,0.0005197711,0.001346018,0.0,160,1,0,0,0,0,0,0,0,0,0,0,0
1771685870108000,1771685869954000,1771685870108000,0.0005197711,0.001346018,0.0,160,1,0,0,0,0,0,0,0,0,0,0,0
1771685870164000,1771685870006000,1771685870164000,0.0005197711,0.001346018,0.0,160,1,0,0,0,0,0,0,0,0,0,0,0
1771685870212000,1771685870058000,1771685870212000,0.0005197711,0.001346018,0.0,160,1,0,0,0,0,0,0,0,0,0,0,0
1771685870268000,1771685870110000,1771685870268000,0.0005197711,0.001346018,0.0,160,1,0,0,0,0,0,0,0,0,0,0,0
1771685870316000,1771685870162000,1771685870316000,0.0005197711,0.001346018,0.0,160,1,0,0,0,0,0,0,0,0,0,0,0
1771685870372000,1771685870214000,1771685870372000,0.0005197711,0.001346018,0.0,160,1,0,0,0,0,0,0,0,0,0,0,0
1771685870420000,1771685870266000,1771685870420000,0.0005197711,0.001346018,0.0,160,1,0,0,0,0,0,0,0,0,0,0,0
1771685870476000,1771685870318000,1771685870476000,0.0005197711,0.001346018,0.0,160,1,0,0,0,0,0,0,0,0,0,0,0
1771685870524000,1771685870370000,1771685870524000,0.0005197711,0.001346018,0.0,160,1,0,0,0,0,0,0,0,0,0,0,0
1771685870580000,1771685870422000,1771685870580000,0.0005197711,0.001346018,0.0,160,1,0,0,0,0,0,0,0,0,0,0,0
1771685870628000,1771685870474000,1771685870628000,0.0005197711,0.001346018,0.0,160,1,0,0,0,0,0,0,0,0,0,0,0
1771685870684000,1771685870526000,1771685870684000,0.0005197711,0.001346018,0.0,160,1,0,0,0,0,0,0,0,0,0,0,0
1771685870732000,1771685870578000,1771685870732000,0.0005197711,0.001346018,0.0,160,1,0,0,0,0,0,0,0,0,0,0,0
1771685870788000,1771685870630000,1771685870788000,0.0005197711,0.001346018,0.0,160,1,0,0,0,0,0,0,0,0,0,0,0
1771685870836000,1771685870682000,1771685870836000,0.0005197711,0.001346018,0.0,160,1,0,0,0,0,0,0,0,0,0,0,0
1771685870892000,1771685870734000,1771685870892000,0.0005197711,0.001346018,0.0,160,1,0,0,0,0,0,0,0,0,0,0,0
1771685870940000,1771685870786000,1771685870940000,0.0005197711,0.001346018,0.0,160,1,0,0,0,0,0,0,0,0,0,0,0
1771685870996000,1771685870838000,1771685870996000,0.0005197711,0.001346018,0.0,160,1,0,0,0,0,0,0,0,0,0,0,0
1771685871044000,1771685870890000,1771685871044000,0.0005197711,0.001346018,0.0,160,1,0,0,0,0,0,0,0,0,0,0,0
1771685871100000,1771685870942000,1771685871100000,0.0005197711,0.001346018,0.0,160,1,0,0,0,0,0,0,0,0,0,0,0
1771685871148000,1771685870994000,1771685871148000,0.0005197711,0.001346018,0.0,160,1,0,0,0,0,0,0,0,0,0,0,0
1771685871204000,1771685871046000,1771685871204000,0.0005197711,0.001346018,0.0,160,1,0,0,0,0,0,0,0,0,0,0,0
1771685871252000,1771685871098000,1771685871252000,0.0005197711,0.001346018,0.0,160,1,0,0,0,0,0,0,0,0,0,0,0
1771685871308000,1771685871150000,1771685871308000,0.0005197711,0.001346018,0.0,160,1,0,0,0,0,0,0,0,0,0,0,0
1771685871356000,1771685871202000,1771685871356000,0.0005197711,0.001346018,0.0,160,1,0,0,0,0,0,0,0,0,0,0,0
1771685871412000,1771685871254000,1771685871412000,0.0005197711,0.001346018,0.0,160,1,0,0,0,0,0,0,0,0,0,0,0
1771685871460000,1771685871306000,1771685871460000,0.0005197711,0.001346018,0.0,160,1,0,0,0,0,0,0,0,0,0,0,0
1771685871516000,1771685871358000,1771685871516000,0.0005197711,0.001346018,0.0,160,1,0,0,0,0,0,0,0,0,0,0,0
1771685871564000,1771685871410000,1771685871564000,0.0005197711,0.001346018,0.0,160,1,0,0,0,0,0,0,0,0,0,0,0
1771685871620000,1771685871462000,1771685871620000,0.0005197711,0.001346018,0.0,160,1,0,0,0,0,0,0,0,0,0,0,0
1771685871668000,1771685871514000,1771685871668000,0.0005197711,0.001346018,0.0,160,1,0,0,0,0,0,0,0,0,0,0,0
1771685871724000,1771685871566000,1771685871724000,0.0005197711,0.001346018,0.0,160,1,0,0,0,0,0,0,0,0,0,0,0
1771685871772000,1771685871618000,1771685871772000,0.0005197711,0.001346018,0.0,160,1,0,0,0,0,0,0,0,0,0,0,0
1771685871828000,1771685871670000,1771685871828000,0.0005197711,0.001346018,0.0,160,1,0,0,0,0,0,0,0,0,0,0,0
1771685871876000,1771685871722000,1771685871876000,0.0005197711,0.001346018,0.0,160,1,0,0,0,0,0,0,0,0,0,0,0
1771685871932000,1771685871774000,1771685871932000,0.0005197711,0.001346018,0.0,160,1,0,0,0,0,0,0,0,0,0,0,0
1771685871980000,1771685871826000,1771685871980000,0.0005197711,0.001346018,0.0,160,1,0,0,0,0,0,0,0,0,0,0,0
1771685872036000,1771685871878000,1771685872036000,0.0005197711,0.001346018,0.0,160,1,0,0,0,0,0,0,0,0,0,0,0
1771685872084000,1771685871930000,1771685872084000,0.0005197711,0.001346018,0.0,160,1,0,0,0,0,0,0,0,0,0,0,0
1771685872140000,1771685871982000,1771685872140000,0.0005197711,0.001346018,0.0,160,1,0,0,0,0,0,0,0,0,0,0,0
1771685872188000,1771685872034000,1771685872188000,0.0005197711,0.001346018,0.0,160,1,0,0,0,0,0,0,0,0,0,0,0
1771685872244000,1771685872086000,1771685872244000,0.0005197711,0.001346018,0.0,160,1,0,0,0,0,0,0,0,0,0,0,0
1771685872292000,1771685872138000,1771685872292000,0.0005197711,0.001346018,0.0,160,1,0,0,0,0,0,0,0,0,0,0,0
1771685872348000,1771685872190000,1771685872348000,0.0005197711,0.001346018,0.0,160,1,0,0,0,0,0,0,0,0,0,0,0
1771685872396000,1771685872242000,1771685872396000,0.0005197711,0.001346018,0.0,160,1,0,0,0,0,0,0,0,0,0,0,0
1771685872452000,1771685872294000,1771685872452000,0.0005197711,0.001346018,0.0,160,1,0,0,0,0,0,0,0,0,0,0,0
1771685872500000,1771685872346000,1771685872500000,0.0005197711,0.001346018,0.0,160,1,0,0,0,0,0,0,0,0,0,0,0
1771685872556000,1771685872398000,1771685872556000,0.0005197711,0.001346018,0.0,160,1,0,0,0,0,0,0,0,0,0,0,0
1771685872604000,1771685872450000,1771685872604000,0.0005197711,0.001346018,0.0,160,1,0,0,0,0,0,0,0,0,0,0,0
1771685872660000,1771685872502000,1771685872660000,0.0005197711,0.001346018,0.0,160,1,0,0,0,0,0,0,0,0,0,0,0
1771685872708000,1771685872554000,1771685872708000,0.0005197711,0.001346018,0.0,160,1,0,0,0,0,0,0,0,0,0,0,0
1771685872764000,1771685872606000,1771685872764000,0.0005197711,0.001346018,0.0,160,1,0,0,0,0,0,0,0,0,0,0,0
1771685872812000,1771685872658000,1771685872812000,0.0005197711,0.001346018,0.0,160,1,0,0,0,0,0,0,0,0,0,0,0
1771685872868000,1771685872710000,1771685872868000,0.0005197711,0.001346018,0.0,160,1,0,0,0,0,0,0,0,0,0,0,0
1771685872916000,1771685872762000,1771685872916000,0.0005197711,0.001346018,0.0,160,1,0,0,0,0,0,0,0,0,0,0,0
1771685872972000,1771685872814000,1771685872972000,0.0005197711,0.001346018,0.0,160,1,0,0,0,0,0,0,0,0,0,0,0
1771685873020000,1771685872866000,1771685873020000,0.0005197711,0.001346018,0.0,160,1,0,0,0,0,0,0,0,0,0,0,0
1771685873076000,1771685872918000,1771685873076000,0.0005197711,0.001346018,0.0,160,1,0,0,0,0,0,0,0,0,0,0,0
1771685873124000,1771685872970000,1771685873124000,0.0005197711,0.001346018,0.0,160,1,0,0,0,0,0,0,0,0,0,0,0
1771685873180000,1771685873022000,1771685873180000,0.0005197711,0.001346018,0.0,160,1,0,0,0,0,0,0,0,0,0,0,0
1771685873228000,1771685873074000,1771685873228000,0.0005197711,0.001346018,0.0,160,1,0,0,0,0,0,0,0,0,0,0,0
1771685873284000,1771685873126000,1771685873284000,0.0005197711,0.001346018,0.0,160,1,0,0,0,0,0,0,0,0,0,0,0
1771685873332000,1771685873178000,1771685873332000,0.0005197711,0.001346018,0.0,160,1,0,0,0,0,0,0,0,0,0,0,0
1771685873388000,1771685873230000,1771685873388000,0.0005197711,0.001346018,0.0,160,1,0,0,0,0,0,0,0,0,0,0,0
1771685873436000,1771685873282000,1771685873436000,0.0005197711,0.001346018,0.0,160,1,0,0,0,0,0,0,0,0,0,0,0
1771685873492000,1771685873334000,1771685873492000,0.0005197711,0.001346018,0.0,160,1,0,0,0,0,0,0,0,0,0,0,0
1771685873540000,1771685873386000,1771685873540000,0.0005197711,0.001346018,0.0,160,1,0,0,0,0,0,0,0,0,0,0,0
1771685873596000,1771685873438000,1771685873596000,0.0005197711,0.001346018,0.0,160,1,0,0,0,0,0,0,0,0,0,0,0
1771685873644000,1771685873490000,1771685873644000,0.0005197711,0.001346018,0.0,160,1,0,0,0,0,0,0,0,0,0,0,0
1771685873700000,1771685873542000,1771685873700000,0.0005197711,0.001346018,0.0,160,1,0,0,0,0,0,0,0,0,0,0,0
1771685873748000,1771685873594000,1771685873748000,0.0005197711,0.001346018,0.0,160,1,0,0,0,0,0,0,0,0,0,0,0
1771685873804000,1771685873646000,1771685873804000,0.0005197711,0.001346018,0.0,160,1,0,0,0,0,0,0,0,0,0,0,0
1771685873852000,1771685873698000,1771685873852000,0.0005197711,0.001346018,0.0,160,1,0,0,0,0,0,0,0,0,0,0,0
1771685873908000,1771685873750000,1771685873908000,0.0005197711,0.001346018,0.0,160,1,0,0,0,0,0,0,0,0,0,0,0
1771685873956000,1771685873802000,1771685873956000,0.0005197711,0.001346018,0.0,160,1,0,0,0,0,0,0,0,0,0,0,0
1771685874012000,1771685873854000,1771685874012000,0.0005197711,0.001346018,0.0,160,1,0,0,0,0,0,0,0,0,0,0,0
1771685874060000,1771685873906000,1771685874060000,0.0005197711,0.001346018,0.0,160,1,0,0,0,0,0,0,0,0,0,0,0
1771685874116000,1771685873958000,1771685874116000,0.0005197711,0.001346018,0.0,160,1,0,0,0,0,0,0,0,0,0,0,0
1771685874164000,1771685874010000,1771685874164000,0.0005197711,0.001346018,0.0,160,1,0,0,0,0,0,0,0,0,0,0,0
1771685874220000,1771685874062000,1771685874220000,0.0005197711,0.001346018,0.0,160,1,0,0,0,0,0,0,0,0,0,0,0
1771685874268000,1771685874114000,1771685874268000,0.0005197711,0.001346018,0.0,160,1,0,0,0,0,0,0,0,0,0,0,0
1771685874324000,1771685874166000,1771685874324000,0.0005197711,0.001346018,0.0,160,1,0,0,0,0,0,0,0,0,0,0,0
1771685874372000,1771685874218000,1771685874372000,0.0005197711,0.001346018,0.0,160,1,0,0,0,0,0,0,0,0,0,0,0
1771685874428000,1771685874270000,1771685874428000,0.0005197711,0.001346018,0.0,160,1,0,0,0,0,0,0,0,0,0,0,0
1771685874476000,1771685874322000,1771685874476000,0.0005197711,0.001346018,0.0,160,1,0,0,0,0,0,0,0,0,0,0,0
1771685874532000,1771685874374000,1771685874532000,0.0005197711,0.001346018,0.0,160,1,0,0,0,0,0,0,0,0,0,0,0
1771685874580000,1771685874426000,1771685874580000,0.0005197711,0.001346018,0.0,160,1,0,0,0,0,0,0,0,0,0,0,0
1771685874636000,1771685874478000,1771685874636000,0.0005197711,0.001346018,0.0,160,1,0,0,0,0,0,0,0,0,0,0,0
1771685874684000,1771685874530000,1771685874684000,0.0005197711,0.001346018,0.0,160,1,0,0,0,0,0,0,0,0,0,0,0
1771685874740000,1771685874582000,1771685874740000,0.0005197711,0.001346018,0.0,160,1,0,0,0,0,0,0,0,0,0,0,0
1771685874788000,1771685874634000,1771685874788000,0.0005197711,0.001346018,0.0,160,1,0,0,0,0,0,0,0,0,0,0,0
1771685874844000,1771685874686000,1771685874844000,0.0005197711,0.001346018,0.0,160,1,0,0,0,0,0,0,0,0,0,0,0
1771685874892000,1771685874738000,1771685874892000,0.0005197711,0.001346018,0.0,160,1,0,0,0,0,0,0,0,0,0,0,0
1771685874948000,1771685874790000,1771685874948000,0.0005197711,0.001346018,0.0,160,1,0,0,0,0,0,0,0,0,0,0,0
1771685874996000,1771685874842000,1771685874996000,0.0005197711,0.001346018,0.0,160,1,0,0,0,0,0,0,0,0,0,0,0
1771685875052000,1771685874894000,1771685875052000,0.0005197711,0.001346018,0.0,160,1,0,0,0,0,0,0,0,0,0,0,0
1771685875100000,1771685874946000,1771685875100000,0.0005197711,0.001346018,0.0,160,1,0,0,0,0,0,0,0,0,0,0,0
1771685875156000,1771685874998000,1771685875156000,0.0005197711,0.001346018,0.0,160,1,0,0,0,0,0,0,0,0,0,0,0
1771685875204000,1771685875050000,1771685875204000,0.0005197711,0.001346018,0.0,160,1,0,0,0,0,0,0,0,0,0,0,0
1771685875260000,1771685875102000,1771685875260000,0.0005197711,0.001346018,0.0,160,1,0,0,0,0,0,0,0,0,0,0,0
1771685875308000,1771685875154000,1771685875308000,0.0005197711,0.001346018,0.0,160,1,0,0,0,0,0,0,0,0,0,0,0
1771685875364000,1771685875206000,1771685875364000,0.0005197711,0.001346018,0.0,160,1,0,0,0,0,0,0,0,0,0,0,0
1771685875412000,1771685875258000,1771685875412000,0.0005197711,0.001346018,0.0,160,1,0,0,0,0,0,0,0,0,0,0,0
1771685875468000,1771685875310000,1771685875468000,0.0005197711,0.001346018,0.0,160,1,0,0,0,0,0,0,0,0,0,0,0
1771685875516000,1771685875362000,1771685875516000,0.0005197711,0.001346018,0.0,160,1,0,0,0,0,0,0,0,0,0,0,0
1771685875572000,1771685875414000,1771685875572000,0.0005197711,0.001346018,0.0,160,1,0,0,0,0,0,0,0,0,0,0,0
1771685875620000,1771685875466000,1771685875620000,0.0005197711,0.001346018,0.0,160,1,0,0,0,0,0,0,0,0,0,0,0
1771685875676000,1771685875518000,1771685875676000,0.0005197711,0.001346018,0.0,160,1,0,0,0,0,0,0,0,0,0,0,0
1771685875724000,1771685875570000,1771685875724000,0.0005197711,0.001346018,0.0,160,1,0,0,0,0,0,0,0,0,0,0,0
1771685875780000,1771685875622000,1771685875780000,0.0005197711,0.001346018,0.0,160,1,0,0,0,0,0,0,0,0,0,0,0
1771685875828000,1771685875674000,1771685875828000,0.0005197711,0.001346018,0.0,160,1,0,0,0,0,0,0,0,0,0,0,0
1771685875884000,1771685875726000,1771685875884000,0.0005197711,0.001346018,0.0,160,1,0,0,0,0,0,0,0,0,0,0,0
1771685875932000,1771685875778000,1771685875932000,0.0005197711,0.001346018,0.0,160,1,0,0,0,0,0,0,0,0,0,0,0
1771685875988000,1771685875830000,1771685875988000,0.0005197711,0.001346018,0.0,160,1,0,0,0,0,0,0,0,0,0,0,0
1771685876036000,1771685875882000,1771685876036000,0.0005197711,0.001346018,0.0,160,1,0,0,0,0,0,0,0,0,0,0,0
1771685876092000,1771685875934000,1771685876092000,0.0005197711,0.001346018,0.0,160,1,0,0,0,0,0,0,0,0,0,0,0
1771685876140000,1771685875986000,1771685876140000,0.0005197711,0.001346018,0.0,160,1,0,0,0,0,0,0,0,0,0,0,0
1771685876196000,1771685876038000,1771685876196000,0.0005197711,0.001346018,0.0,160,1,0,0,0,0,0,0,0,0,0,0,0
1771685876244000,1771685876090000,1771685876244000,0.0005197711,0.001346018,0.0,160,1,0,0,0,0,0,0,0,0,0,0,0
1771685876300000,1771685876142000,1771685876300000,0.0005197711,0.001346018,0.0,160,1,0,0,0,0,0,0,0,0,0,0,0
1771685876348000,1771685876194000,1771685876348000,0.0005197711,0.001346018,0.0,160,1,0,0,0,0,0,0,0,0,0,0,0
1771685876404000,1771685876246000,1771685876404000,0.0005197711,0.001346018,0.0,160,1,0,0,0,0,0,0,0,0,0,0,0
1771685876452000,1771685876298000,1771685876452000,0.0005197711,0.001346018,0.0,160,1,0,0,0,0,0,0,0,0,0,0,0
1771685876508000,1771685876350000,1771685876508000,0.0005197711,0.001346018,0.0,160,1,0,0,0,0,0,0,0,0,0,0,0
1771685876556000,1771685876402000,1771685876556000,0.0005197711,0.001346018,0.0,160,1,0,0,0,0,0,0,0,0,0,0,0
1771685876612000,1771685876454000,1771685876612000,0.0005197711,0.001346018,0.0,160,1,0,0,0,0,0,0,0,0,0,0,0
1771685876660000,1771685876506000,1771685876660000,0.0005197711,0.001346018,0.0,160,1,0,0,0,0,0,0,0,0,0,0,0
1771685876716000,1771685876558000,1771685876716000,0.0005197711,0.001346018,0.0,160,1,0,0,0,0,0,0,0,0,0,0,0
1771685876764000,1771685876610000,1771685876764000,0.0005197711,0.001346018,0.0,160,1,0,0,0,0,0,0,0,0,0,0,0
1771685876820000,1771685876662000,1771685876820000,0.0005197711,0.001346018,0.0,160,1,0,0,0,0,0,0,0,0,0,0,0
1771685876868000,1771685876714000,1771685876868000,0.0005197711,0.001346018,0.0,160,1,0,0,0,0,0,0,0,0,0,0,0
1771685876924000,1771685876766000,1771685876924000,0.0005197711,0.001346018,0.0,160,1,0,0,0,0,0,0,0,0,0,0,0
1771685876972000,1771685876818000,1771685876972000,0.0005197711,0.001346018,0.0,160,1,0,0,0,0,0,0,0,0,0,0,0
1771685877028000,1771685876870000,1771685877028000,0.0005197711,0.001346018,0.0,160,1,0,0,0,0,0,0,0,0,0,0,0
1771685877076000,1771685876922000,1771685877076000,0.0005197711,0.001346018,0.0,160,1,0,0,0,0,0,0,0,0,0,0,0
1771685877132000,1771685876974000,1771685877132000,0.0005197711,0.001346018,0.0,160,1,0,0,0,0,0,0,0,0,0,0,0
1771685877180000,1771685877026000,1771685877180000,0.0005197711,0.001346018,0.0,160,1,0,0,0,0,0,0,0,0,0,0,0
1771685877236000,1771685877078000,1771685877236000,0.0005197711,0.001346018,0.0,160,1,0,0,0,0,0,0,0,0,0,0,0
1771685877284000,1771685877130000,1771685877284000,0.0005197711,0.001346018,0.0,160,1,0,0,0,0,0,0,0,0,0,0,0
1771685877340000,1771685877182000,1771685877340000,0.0005197711,0.001346018,0.0,160,1,0,0,0,0,0,0,0,0,0,0,0
1771685877388000,1771685877234000,1771685877388000,0.0005197711,0.001346018,0.0,160,1,0,0,0,0,0,0,0,0,0,0,0
1771685877444000,1771685877286000,1771685877444000,0.0005197711,0.001346018,0.0,160,1,0,0,0,0,0,0,0,0,0,0,0
1771685877492000,1771685877338000,1771685877492000,0.0005197711,0.001346018,0.0,160,1,0,0,0,0,0,0,0,0,0,0,0
1771685877548000,1771685877390000,1771685877548000,0.0005197711,0.001346018,0.0,160,1,0,0,0,0,0,0,0,0,0,0,0
1771685877596000,1771685877442000,1771685877596000,0.0005197711,0.001346018,0.0,160,1,0,0,0,0,0,0,0,0,0,0,0
1771685877652000,1771685877494000,1771685877652000,0.0005197711,0.001346018,0.0,160,1,0,0,0,0,0,0,0,0,0,0,0
1771685877700000,1771685877546000,1771685877700000,0.0005197711,0.001346018,0.0,160,1,0,0,0,0,0,0,0,0,0,0,0
1771685877756000,1771685877598000,1771685877756000,0.0005197711,0.001346018,0.0,160,1,0,0,0,0,0,0,0,0,0,0,0
1771685877804000,1771685877650000,1771685877804000,0.0005197711,0.001346018,0.0,160,1,0,0,0,0,0,0,0,0,0,0,0
1771685877860000,1771685877702000,1771685877860000,0.0005197711,0.001346018,0.0,160,1,0,0,0,0,0,0,0,0,0,0,0
1771685877908000,1771685877754000,1771685877908000,0.0005197711,0.001346018,0.0,160,1,0,0,0,0,0,0,0,0,0,0,0
1771685877964000,1771685877806000,1771685877964000,0.0005197711,0.001346018,0.0,160,1,0,0,0,0,0,0,0,0,0,0,0
1771685878012000,1771685877858000,1771685878012000,0.0005197711,0.001346018,0.0,160,1,0,0,0,0,0,0,0,0,0,0,0
1771685878068000,1771685877910000,1771685878068000,0.0005197711,0.001346018,0.0,160,1,0,0,0,0,0,0,0,0,0,0,0
1771685878116000,1771685877962000,1771685878116000,0.0005197711,0.001346018,0.0,160,1,0,0,0,0,0,0,0,0,0,0,0
1771685878172000,1771685878014000,1771685878172000,0.0005197711,0.001346018,0.0,160,1,0,0,0,0,0,0,0,0,0,0,0
1771685878220000,1771685878066000,1771685878220000,0.0005197711,0.001346018,0.0,160,1,0,0,0,0,0,0,0,0,0,0,0
1771685878276000,1771685878118000,1771685878276000,0.0005197711,0.001346018,0.0,160,1,0,0,0,0,0,0,0,0,0,0,0
1771685878324000,1771685878170000,1771685878324000,0.0005197711,0.001346018,0.0,160,1,0,0,0,0,0,0,0,0,0,0,0
1771685878380000,1771685878222000,1771685878380000,0.0005197711,0.001346018,0.0,160,1,0,0,0,0,0,0,0,0,0,0,0
1771685878428000,1771685878274000,1771685878428000,0.0005197711,0.001346018,0.0,160,1,0,0,0,0,0,0,0,0,0,0,0
1771685878484000,1771685878326000,1771685878484000,0.0005197711,0.001346018,0.0,160,1,0,0,0,0,0,0,0,0,0,0,0
1771685878532000,1771685878378000,1771685878532000,0.0005197711,0.001346018,0.0,160,1,0,0,0,0,0,0,0,0,0,0,0
1771685878588000,1771685878430000,1771685878588000,0.0005197711,0.001346018,0.0,160,1,0,0,0,0,0,0,0,0,0,0,0
1771685878636000,1771685878482000,1771685878636000,0.0005197711,0.001346018,0.0,160,1,0,0,0,0,0,0,0,0,0,0,0
1771685878692000,1771685878534000,1771685878692000,0.0005197711,0.001346018,0.0,160,1,0,0,0,0,0,0,0,0,0,0,0
1771685878740000,1771685878586000,1771685878740000,0.0005197711,0.001346018,0.0,160,1,0,0,0,0,0,0,0,0,0,0,0
1771685878796000,1771685878638000,1771685878796000,0.0005197711,0.001346018,0.0,160,1,0,0,0,0,0,0,0,0,0,0,0
1771685878844000,1771685878690000,1771685878844000,0.0005197711,0.001346018,0.0,160,1,0,0,0,0,0,0,0,0,0,0,0
1771685878900000,1771685878742000,1771685878900000,0.0005197711,0.001346018,0.0,160,1,0,0,0,0,0,0,0,0,0,0,0
1771685878948000,1771685878794000,1771685878948000,0.0005197711,0.001346018,0.0,160,1,0,0,0,0,0,0,0,0,0,0,0
1771685879004000,1771685878846000,1771685879004000,0.0005197711,0.001346018,0.0,160,1,0,0,0,0,0,0,0,0,0,0,0
1771685879052000,1771685878898000,1771685879052000,0.0005197711,0.001346018,0.0,160,1,0,0,0,0,0,0,0,0,0,0,0
1771685879108000,1771685878950000,1771685879108000,0.0005197711,0.001346018,0.0,160,1,0,0,0,0,0,0,0,0,0,0,0
1771685879156000,1771685879002000,1771685879156000,0.0005197711,0.001346018,0.0,160,1,0,0,0,0,0,0,0,0,0,0,0
1771685879212000,1771685879054000,1771685879212000,0.0005197711,0.001346018,0.0,160,1,0,0,0,0,0,0,0,0,0,0,0
1771685879260000,1771685879106000,1771685879260000,0.0005197711,0.001346018,0.0,160,1,0,0,0,0,0,0,0,0,0,0,0
1771685879316000,1771685879158000,1771685879316000,0.0005197711,0.001346018,0.0,160,1,0,0,0,0,0,0,0,0,0,0,0
1771685879364000,1771685879210000,1771685879364000,0.0005197711,0.001346018,0.0,160,1,0,0,0,0,0,0,0,0,0,0,0
1771685879420000,1771685879262000,1771685879420000,0.0005197711,0.001346018,0.0,160,1,0,0,0,0,0,0,0,0,0,0,0
1771685879468000,1771685879314000,1771685879468000,0.0005197711,0.001346018,0.0,160,1,0,0,0,0,0,0,0,0,0,0,0
1771685879524000,1771685879366000,1771685879524000,0.0005197711,0.001346018,0.0,160,1,0,0,0,0,0,0,0,0,0,0,0
1771685879572000,1771685879418000,1771685879572000,0.0005197711,0.001346018,0.0,160,1,0,0,0,0,0,0,0,0,0,0,0
1771685879628000,1771685879470000,1771685879628000,0.0005197711,0.001346018,0.0,160,1,0,0,0,0,0,0,0,0,0,0,0
1771685879676000,1771685879522000,1771685879676000,0.0005197711,0.001346018,0.0,160,1,0,0,0,0,0,0,0,0,0,0,0
1771685879732000,1771685879574000,1771685879732000,0.0005197711,0.001346018,0.0,160,1,0,0,0,0,0,0,0,0,0,0,0
1771685879780000,1771685879626000,1771685879780000,0.0005197711,0.001346018,0.0,160,1,0,0,0,0,0,0,0,0,0,0,0
1771685879836000,1771685879678000,1771685879836000,0.0005197711,0.001346018,0.0,160,1,0,0,0,0,0,0,0,0,0,0,0
1771685879884000,1771685879730000,1771685879884000,0.0005197711,0.001346018,0.0,160,1,0,0,0,0,0,0,0,0,0,0,0
1771685879940000,1771685879782000,1771685879940000,0.0005197711,0.001346018,0.0,160,1,0,0,0,0,0,0,0,0,0,0,0
1771685879988000,1771685879834000,1771685879988000,0.0005197711,0.001346018,0.0,160,1,0,0,0,0,0,0,0,0,0,0,0
1771685880044000,1771685879886000,1771685880044000,0.0005197711,0.001346018,0.0,160,1,0,0,0,0,0,0,0,0,0,0,0
1771685880092000,1771685879938000,1771685880092000,0.0005197711,0.001346018,0.0,160,1,0,0,0,0,0,0,0,0,0,0,0
1771685880148000,1771685879990000,1771685880148000,0.0005197711,0.001346018,0.0,160,1,0,0,0,0,0,0,0,0,0,0,0
1771685880196000,1771685880042000,1771685880196000,0.0005197711,0.001346018,0.0,160,1,0,0,0,0,0,0,0,0,0,0,0
1771685880252000,1771685880094000,1771685880252000,0.0005197711,0.001346018,0.0,160,1,0,0,0,0,0,0,0,0,0,0,0
1771685880300000,1771685880146000,1771685880300000,0.0005197711,0.001346018,0.0,160,1,0,0,0,0,0,0,0,0,0,0,0
1771685880356000,1771685880198000,1771685880356000,0.0005197711,0.001346018,0.0,160,1,0,0,0,0,0,0,0,0,0,0,0
1771685880404000,1771685880250000,1771685880404000,0.0005197711,0.001346018,0.0,160,1,0,0,0,0,0,0,0,0,0,0,0
1771685880460000,1771685880302000,1771685880460000,0.0005197711,0.001346018,0.0,160,1,0,0,0,0,0,0,0,0,0,0,0
1771685880508000,1771685880354000,1771685880508000,0.0005197711,0.001346018,0.0,160,1,0,0,0,0,0,0,0,0,0,0,0
1771685880564000,1771685880406000,1771685880564000,0.0005197711,0.001346018,0.0,160,1,0,0,0,0,0,0,0,0,0,0,0
1771685880612000,1771685880458000,1771685880612000,0.0005197711,0.001346018,0.0,160,1,0,0,0,0,0,0,0,0,0,0,0
1771685880668000,1771685880510000,1771685880668000,0.0005197711,0.001346018,0.0,160,1,0,0,0,0,0,0,0,0,0,0,0
1771685880716000,1771685880562000,1771685880716000,0.0005197711,0.001346018,0.0,160,1,0,0,0,0,0,0,0,0,0,0,0
1771685880772000,1771685880614000,1771685880772000,0.0005197711,0.001346018,0.0,160,1,0,0,0,0,0,0,0,0,0,0,0
1771685880820000,1771685880666000,1771685880820000,0.0005197711,0.001346018,0.0,160,1,0,0,0,0,0,0,0,0,0,0,0
1771685880876000,1771685880718000,1771685880876000,0.0005197711,0.001346018,0.0,160,1,0,0,0,0,0,0,0,0,0,0,0
1771685880924000,1771685880770000,1771685880924000,0.0005197711,0.001346018,0.0,160,1,0,0,0,0,0,0,0,0,0,0,0
1771685880980000,1771685880822000,1771685880980000,0.0005197711,0.001346018,0.0,160,1,0,0,0,0,0,0,0,0,0,0,0
1771685881028000,1771685880874000,1771685881028000,0.0005197711,0.001346018,0.0,160,1,0,0,0,0,0,0,0,0,0,0,0
1771685881084000,1771685880926000,1771685881084000,0.0005197711,0.001346018,0.0,160,1,0,0,0,0,0,0,0,0,0,0,0
1771685881132000,1771685880978000,1771685881132000,0.0005197711,0.001346018,0.0,160,1,0,0,0,0,0,0,0,0,0,0,0
1771685881188000,1771685881030000,1771685881188000,0.0005197711,0.001346018,0.0,160,1,0,0,0,0,0,0,0,0,0,0,0
1771685881236000,1771685881082000,1771685881236000,0.0005197711,0.001346018,0.0,160,1,0,0,0,0,0,0,0,0,0,0,0
1771685881292000,1771685881134000,1771685881292000,0.0005197711,0.001346018,0.0,160,1,0,0,0,0,0,0,0,0,0,0,0
1771685881340000,1771685881186000,1771685881340000,0.0005197711,0.001346018,0.0,160,1,0,0,0,0,0,0,0,0,0,0,0
1771685881396000,1771685881238000,1771685881396000,0.0005197711,0.001346018,0.0,160,1,0,0,0,0,0,0,0,0,0,0,0
1771685881444000,1771685881290000,1771685881444000,0.0005197711,0.001346018,0.0,160,1,0,0,0,0,0,0,0,0,0,0,0
1771685881500000,1771685881342000,1771685881500000,0.0005197711,0.001346018,0.0,160,1,0,0,0,0,0,0,0,0,0,0,0
1771685881548000,1771685881394000,1771685881548000,0.0005197711,0.001346018,0.0,160,1,0,0,0,0,0,0,0,0,0,0,0
1771685881604000,1771685881446000,1771685881604000,0.0005197711,0.001346018,0.0,160,1,0,0,0,0,0,0,0,0,0,0,0
1771685881652000,1771685881498000,1771685881652000,0.0005197711,0.001346018,0.0,160,1,0,0,0,0,0,0,0,0,0,0,0
1771685881708000,1771685881550000,1771685881708000,0.0005197711,0.001346018,0.0,160,1,0,0,0,0,0,0,0,0,0,0,0
1771685881756000,1771685881602000,1771685881756000,0.0005197711,0.001346018,0.0,160,1,0,0,0,0,0,0,0,0,0,0,0
1771685881812000,1771685881654000,1771685881812000,0.0005197711,0.001346018,0.0,160,1,0,0,0,0,0,0,0,0,0,0,0
1771685881860000,1771685881706000,1771685881860000,0.0005197711,0.001346018,0.0,160,1,0,0,0,0,0,0,0,0,0,0,0
1771685881916000,1771685881758000,1771685881916000,0.0005197711,0.001346018,0.0,160,1,0,0,0,0,0,0,0,0,0,0,0
1771685881964000,1771685881810000,1771685881964000,0.0005197711,0.001346018,0.0,160,1,0,0,0,0,0,0,0,0,0,0,0
1771685882020000,1771685881862000,1771685882020000,0.0005197711,0.001346018,0.0,160,1,0,0,0,0,0,0,0,0,0,0,0
1771685882068000,1771685881914000,1771685882068000,0.0005197711,0.001346018,0.0,160,1,0,0,0,0,0,0,0,0,0,0,0
1771685882124000,1771685881966000,1771685882124000,0.0005197711,0.001346018,0.0,160,1,0,0,0,0,0,0,0,0,0,0,0
1771685882172000,1771685882018000,1771685882172000,0.0005197711,0.001346018,0.0,160,1,0,0,0,0,0,0,0,0,0,0,0
1771685882228000,1771685882070000,1771685882228000,0.0005197711,0.001346018,0.0,160,1,0,0,0,0,0,0,0,0,0,0,0
1771685882276000,1771685882122000,1771685882276000,0.0005197711,0.001346018,0.0,160,1,0,0,0,0,0,0,0,0,0,0,0
1771685882332000,1771685882174000,1771685882332000,0.0005197711,0.001346018,0.0,160,1,0,0,0,0,0,0,0,0,0,0,0
1771685882380000,1771685882226000,1771685882380000,0.0005197711,0.001346018,0.0,160,1,0,0,0,0,0,0,0,0,0,0,0
1771685882436000,1771685882278000,1771685882436000,0.0005197711,0.001346018,0.0,160,1,0,0,0,0,0,0,0,0,0,0,0
1771685882484000,1771685882330000,1771685882484000,0.0005197711,0.001346018,0.0,160,1,0,0,0,0,0,0,0,0,0,0,0
1771685882540000,1771685882382000,1771685882540000,0.0005197711,0.001346018,0.0,160,1,0,0,0,0,0,0,0,0,0,0,0
1771685882588000,1771685882434000,1771685882588000,0.0005197711,0.001346018,0.0,160,1,0,0,0,0,0,0,0,0,0,0,0
1771685882644000,1771685882486000,1771685882644000,0.0005197711,0.001346018,0.0,160,1,0,0,0,0,0,0,0,0,0,0,0
1771685882692000,1771685882538000,1771685882692000,0.0005197711,0.001346018,0.0,160,1,0,0,0,0,0,0,0,0,0,0,0
1771685882748000,1771685882590000,1771685882748000,0.0005197711,0.001346018,0.0,160,1,0,0,0,0,0,0,0,0,0,0,0
1771685882796000,1771685882642000,1771685882796000,0.0005197711,0.001346018,0.0,160,1,0,0,0,0,0,0,0,0,0,0,0
1771685882852000,1771685882694000,1771685882852000,0.0005197711,0.001346018,0.0,160,1,0,0,0,0,0,0,0,0,0,0,0
1771685882900000,1771685882746000,1771685882900000,0.0005197711,0.001346018,0.0,160,1,0,0,0,0,0,0,0,0,0,0,0
1771685882956000,1771685882798000,1771685882956000,0.0005197711,0.001346018,0.0,160,1,0,0,0,0,0,0,0,0,0,0,0
1771685883004000,1771685882850000,1771685883004000,0.0005197711,0.001346018,0.0,160,1,0,0,0,0,0,0,0,0,0,0,0
1771685883060000,1771685882902000,1771685883060000,0.0005197711,0.001346018,0.0,160,1,0,0,0,0,0,0,0,0,0,0,0
1771685883108000,1771685882954000,1771685883108000,0.0005197711,0.001346018,0.0,160,1,0,0,0,0,0,0,0,0,0,0,0
1771685883164000,1771685883006000,1771685883164000,0.0005197711,0.001346018,0.0,160,1,0,0,0,0,0,0,0,0,0,0,0
1771685883212000,1771685883058000,1771685883212000,0.0005197711,0.001346018,0.0,160,1,0,0,0,0,0,0,0,0,0,0,0
1771685883268000,1771685883110000,1771685883268000,0.0005197711,0.001346018,0.0,160,1,0,0,0,0,0,0,0,0,0,0,0
1771685883316000,1771685883162000,1771685883316000,0.0005197711,0.001346018,0.0,160,1,0,0,0,0,0,0,0,0,0,0,0
1771685883372000,1771685883214000,1771685883372000,0.0005197711,0.001346018,0.0,160,1,0,0,0,0,0,0,0,0,0,0,0
1771685883420000,1771685883266000,1771685883420000,0.0005197711,0.001346018,0.0,160,1,0,0,0,0,0,0,0,0,0,0,0
1771685883476000,1771685883318000,1771685883476000,0.0005197711,0.001346018,0.0,160,1,0,0,0,0,0,0,0,0,0,0,0
1771685883524000,1771685883370000,1771685883524000,0.0005197711,0.001346018,0.0,160,1,0,0,0,0,0,0,0,0,0,0,0
1771685883580000,1771685883422000,1771685883580000,0.0005197711,0.001346018,0.0,160,1,0,0,0,0,0,0,0,0,0,0,0
1771685883628000,1771685883474000,1771685883628000,0.0005197711,0.001346018,0.0,160,1,0,0,0,0,0,0,0,0,0,0,0
1771685883684000,1771685883526000,1771685883684000,0.0005197711,0.001346018,0.0,160,1,0,0,0,0,0,0,0,0,0,0,0
1771685883732000,1771685883578000,1771685883732000,0.0005197711,0.001346018,0.0,160,1,0,0,0,0,0,0,0,0,0,0,0
1771685883788000,1771685883630000,1771685883788000,0.0005197711,0.001346018,0.0,160,1,0,0,0,0,0,0,0,0,0,0,0
1771685883836000,1771685883682000,1771685883836000,0.0005197711,0.001346018,0.0,160,1,0,0,0,0,0,0,0,0,0,0,0
1771685883892000,1771685883734000,1771685883892000,0.0005197711,0.001346018,0.0,160,1,0,0,0,0,0,0,0,0,0,0,0
1771685883940000,1771685883786000,1771685883940000,0.0005197711,0.001346018,0.0,160,1,0,0,0,0,0,0,0,0,0,0,0
1771685883996000,1771685883838000,1771685883996000,0.0005197711,0.001346018,0.0,160,1,0,0,0,0,0,0,0,0,0,0,0
1771685884044000,1771685883890000,1771685884044000,0.0005197711,0.001346018,0.0,160,1,0,0,0,0,0,0,0,0,0,0,0
1771685884100000,1771685883942000,1771685884100000,0.0005197711,0.001346018,0.0,160,1,0,0,0,0,0,0,0,0,0,0,0
