timestamp,pub_timestamp,timestamp_sample,device_id,magnetometer_ga[0],magnetometer_ga[1],magnetometer_ga[2],publisher_id,calibration_count
1771685523204000,1771685523204000,1771685523204000,197388,0.20948258,0.009932359,0.43599036,126,0
1771685523336000,1771685523336000,1771685523272000,197388,0.21588488,0.007964762,0.43008748,126,0
1771685523340000,1771685523340000,1771685523340000,197388,0.21106885,0.014087737,0.43274176,126,0
1771685523472000,1771685523472000,1771685523408000,197388,0.21399467,0.0063875113,0.43057138,126,0
1771685523476000,1771685523476000,1771685523476000,197388,0.20633413,0.008047199,0.427853,126,0
1771685523608000,1771685523608000,1771685523544000,197388,0.21612783,0.0043935515,0.42852518,126,0
1771685523612000,1771685523612000,1771685523612000,197388,0.21322335,0.009172042,0.42918137,126,0
1771685523744000,1771685523744000,1771685523680000,197388,0.21518004,0.008269936,0.42884308,126,0
1771685523748000,1771685523748000,1771685523748000,197388,0.227239,0.0009965857,0.4329039,126,0
1771685523880000,1771685523880000,1771685523816000,197388,0.21583642,0.008766895,0.42992955,126,0
1771685523884000,1771685523884000,1771685523884000,197388,0.21329421,0.006909216,0.4300595,126,0
1771685524016000,1771685524016000,1771685523952000,197388,0.2140171,0.006979855,0.42910478,126,0
1771685524020000,1771685524020000,1771685524020000,197388,0.21758567,0.01639955,0.42985967,126,0
1771685524152000,1771685524152000,1771685524088000,197388,0.21397023,0.009050646,0.42879194,126,0
1771685524156000,1771685524156000,1771685524156000,197388,0.21231903,0.0063479412,0.4223894,126,0
1771685524288000,1771685524288000,1771685524224000,197388,0.21504487,0.0058298865,0.4289503,126,0
1771685524292000,1771685524292000,1771685524292000,197388,0.21694884,0.0087282,0.428483,126,0
1771685524424000,1771685524424000,1771685524360000,197388,0.21508808,0.007126109,0.4313525,126,0
1771685524428000,1771685524428000,1771685524428000,197388,0.21874042,0.0013928853,0.43247116,126,0
1771685524560000,1771685524560000,1771685524496000,197388,0.21488793,0.007802344,0.428617,126,0
1771685524564000,1771685524564000,1771685524564000,197388,0.20947285,0.005304513,0.43068755,126,0
1771685524696000,1771685524696000,1771685524632000,197388,0.2151943,0.0076090335,0.43019685,126,0
1771685524700000,1771685524700000,1771685524700000,197388,0.2151883,0.0036344333,0.430848,126,0
1771685524832000,1771685524832000,1771685524768000,197388,0.21457827,0.0077618645,0.4295269,126,0
1771685524836000,1771685524836000,1771685524836000,197388,0.21332815,-0.0006236217,0.42848402,126,0
1771685524968000,1771685524968000,1771685524904000,197388,0.21713375,0.0072841006,0.4308969,126,0
1771685524972000,1771685524972000,1771685524972000,197388,0.2182138,2.9201457e-05,0.42835656,126,0
1771685525104000,1771685525104000,1771685525040000,197388,0.21525772,0.008596579,0.42934433,126,0
1771685525108000,1771685525108000,1771685525108000,197388,0.2089739,0.005837109,0.42944387,126,0
1771685525240000,1771685525240000,1771685525176000,197388,0.21407917,0.0072882283,0.43096092,126,0
1771685525244000,1771685525244000,1771685525244000,197388,0.21774249,0.007175185,0.42429328,126,0
1771685525376000,1771685525376000,1771685525312000,197388,0.21548267,0.0064472393,0.4297024,126,0
1771685525380000,1771685525380000,1771685525380000,197388,0.21501565,0.008086604,0.4355337,126,0
1771685525512000,1771685525512000,1771685525448000,197388,0.21512271,0.008108922,0.42987326,126,0
1771685525516000,1771685525516000,1771685525516000,197388,0.21739209,0.00439094,0.4353299,126,0
1771685525648000,1771685525648000,1771685525584000,197388,0.21481204,0.0087972805,0.4301791,126,0
1771685525652000,1771685525652000,1771685525652000,197388,0.21824363,0.014071218,0.4316261,126,0
1771685525784000,1771685525784000,1771685525720000,197388,0.21378937,0.006292259,0.4305704,126,0
1771685525788000,1771685525788000,1771685525788000,197388,0.21415591,0.007706266,0.43492448,126,0
1771685525920000,1771685525920000,1771685525856000,197388,0.21554911,0.008285162,0.42946368,126,0
1771685525924000,1771685525924000,1771685525924000,197388,0.20767984,0.009600144,0.44121125,126,0
1771685526056000,1771685526056000,1771685525992000,197388,0.21395123,0.0065387045,0.42921293,126,0
1771685526060000,1771685526060000,1771685526060000,197388,0.2257264,0.0043260073,0.43033412,126,0
1771685526192000,1771685526192000,1771685526128000,197388,0.21468478,0.007868366,0.43068478,126,0
1771685526196000,1771685526196000,1771685526196000,197388,0.21895522,0.0029407288,0.42441615,126,0
1771685526328000,1771685526328000,1771685526264000,197388,0.21604817,0.0071364925,0.43025577,126,0
1771685526332000,1771685526332000,1771685526332000,197388,0.20907752,0.00066668127,0.43857765,126,0
1771685526464000,1771685526464000,1771685526400000,197388,0.21631761,0.009204299,0.4303348,126,0
1771685526468000,1771685526468000,1771685526468000,197388,0.21327922,0.011391744,0.4189701,126,0
1771685526600000,1771685526600000,1771685526536000,197388,0.21551935,0.007710367,0.42836475,126,0
1771685526604000,1771685526604000,1771685526604000,197388,0.21150061,0.0068978765,0.43211225,126,0
1771685526736000,1771685526736000,1771685526672000,197388,0.21538514,0.0062414487,0.42930102,126,0
1771685526740000,1771685526740000,1771685526740000,197388,0.20847146,0.0100746965,0.42018744,126,0
1771685526872000,1771685526872000,1771685526808000,197388,0.21599966,0.007357182,0.43016487,126,0
1771685526876000,1771685526876000,1771685526876000,197388,0.21339269,0.003945372,0.43453524,126,0
1771685527008000,1771685527008000,1771685526944000,197388,0.2152054,0.0067867963,0.4283465,126,0
1771685527012000,1771685527012000,1771685527012000,197388,0.22025102,0.0130438935,0.4363243,126,0
1771685527144000,1771685527144000,1771685527080000,197388,0.21431176,0.008128,0.42797142,126,0
1771685527148000,1771685527148000,1771685527148000,197388,0.21663202,0.011582248,0.43174344,126,0
1771685527280000,1771685527280000,1771685527216000,197388,0.21260467,0.012912997,0.43035263,126,0
1771685527284000,1771685527284000,1771685527284000,197388,0.20666422,0.008219329,0.43253005,126,0
1771685527416000,1771685527416000,1771685527352000,197388,0.21284315,0.013498817,0.42956913,126,0
1771685527420000,1771685527420000,1771685527420000,197388,0.2081142,0.013313445,0.43141118,126,0
1771685527552000,1771685527552000,1771685527488000,197388,0.21259004,0.012673259,0.43090677,126,0
1771685527556000,1771685527556000,1771685527556000,197388,0.22084929,0.007417956,0.42412096,126,0
1771685527688000,1771685527688000,1771685527624000,197388,0.21368243,0.0105507355,0.4292306,126,0
1771685527692000,1771685527692000,1771685527692000,197388,0.21172512,0.010417663,0.42655647,126,0
1771685527824000,1771685527824000,1771685527760000,197388,0.21545608,0.008604161,0.42987502,126,0
1771685527828000,1771685527828000,1771685527828000,197388,0.21505053,0.00045469287,0.42344335,126,0
1771685527960000,1771685527960000,1771685527896000,197388,0.21617824,0.0075942255,0.42936155,126,0
1771685527964000,1771685527964000,1771685527964000,197388,0.21501286,0.004183921,0.41880465,126,0
1771685528096000,1771685528096000,1771685528032000,197388,0.21544385,0.006663351,0.42914468,126,0
1771685528100000,1771685528100000,1771685528100000,197388,0.2108566,-0.0013245726,0.41943982,126,0
1771685528232000,1771685528232000,1771685528168000,197388,0.21741787,0.006863899,0.428266,126,0
1771685528236000,1771685528236000,1771685528236000,197388,0.22044794,-0.0019271012,0.42454347,126,0
1771685528368000,1771685528368000,1771685528304000,197388,0.2176136,0.0043262853,0.42891496,126,0
1771685528372000,1771685528372000,1771685528372000,197388,0.21300982,-0.0027473664,0.43339127,126,0
1771685528504000,1771685528504000,1771685528440000,197388,0.21811537,0.004766925,0.4291721,126,0
1771685528508000,1771685528508000,1771685528508000,197388,0.22612058,0.0034802507,0.42121735,126,0
1771685528640000,1771685528640000,1771685528576000,197388,0.21780993,0.005102036,0.42935178,126,0
1771685528644000,1771685528644000,1771685528644000,197388,0.2296256,-0.006466635,0.4230673,126,0
1771685528776000,1771685528776000,1771685528712000,197388,0.21704975,0.0038332953,0.42712605,126,0
1771685528780000,1771685528780000,1771685528780000,197388,0.20807438,0.0051768227,0.42786995,126,0
1771685528912000,1771685528912000,1771685528848000,197388,0.21757966,0.0049269246,0.42881894,126,0
1771685528916000,1771685528916000,1771685528916000,197388,0.22216155,0.010742559,0.4309991,126,0
1771685529048000,1771685529048000,1771685528984000,197388,0.21691912,0.0044368817,0.42851332,126,0
1771685529052000,1771685529052000,1771685529052000,197388,0.21707849,-0.00021427157,0.42706648,126,0
1771685529184000,1771685529184000,1771685529120000,197388,0.21527717,0.00522857,0.4285018,126,0
1771685529188000,1771685529188000,1771685529188000,197388,0.22546797,0.0062463265,0.42798507,126,0
1771685529320000,1771685529320000,1771685529256000,197388,0.21688014,0.005475116,0.4296896,126,0
1771685529324000,1771685529324000,1771685529324000,197388,0.21036012,0.0008081181,0.43046904,126,0
1771685529456000,1771685529456000,1771685529392000,197388,0.21423693,0.005542036,0.4297396,126,0
1771685529460000,1771685529460000,1771685529460000,197388,0.21764794,0.015066594,0.42398572,126,0
1771685529592000,1771685529592000,1771685529528000,197388,0.2148449,0.007506147,0.4302626,126,0
1771685529596000,1771685529596000,1771685529596000,197388,0.21514533,-0.00010500479,0.43085825,126,0
1771685529728000,1771685529728000,1771685529664000,197388,0.21428894,0.0066213896,0.4306335,126,0
1771685529732000,1771685529732000,1771685529732000,197388,0.22539786,0.0022681463,0.42693642,126,0
1771685529864000,1771685529864000,1771685529800000,197388,0.21508388,0.008601198,0.43136793,126,0
1771685529868000,1771685529868000,1771685529868000,197388,0.21391119,-0.0001298716,0.4416112,126,0
1771685530000000,1771685530000000,1771685529936000,197388,0.21424347,0.0075404374,0.42979357,126,0
1771685530004000,1771685530004000,1771685530004000,197388,0.20334631,0.012681663,0.43252635,126,0
1771685530136000,1771685530136000,1771685530072000,197388,0.2142762,0.0066771694,0.43167076,126,0
1771685530140000,1771685530140000,1771685530140000,197388,0.20805447,0.017457787,0.43382493,126,0
1771685530272000,1771685530272000,1771685530208000,197388,0.21265094,0.0077902125,0.43095487,126,0
1771685530276000,1771685530276000,1771685530276000,197388,0.20880224,0.007251113,0.42436042,126,0
1771685530408000,1771685530408000,1771685530344000,197388,0.2129166,0.007896626,0.4299225,126,0
1771685530412000,1771685530412000,1771685530412000,197388,0.21612829,0.0035872778,0.43744174,126,0
1771685530544000,1771685530544000,1771685530480000,197388,0.21283701,0.005071342,0.4307255,126,0
1771685530548000,1771685530548000,1771685530548000,197388,0.21526006,0.010713809,0.43469855,126,0
1771685530680000,1771685530680000,1771685530616000,197388,0.21160214,0.0077849845,0.43046114,126,0
1771685530684000,1771685530684000,1771685530684000,197388,0.22112973,0.010583047,0.4317777,126,0
1771685530816000,1771685530816000,1771685530752000,197388,0.21368018,0.0072805122,0.4308781,126,0
1771685530820000,1771685530820000,1771685530820000,197388,0.20732784,0.003008659,0.430165,126,0
1771685530952000,1771685530952000,1771685530888000,197388,0.21176945,0.0075360537,0.4302552,126,0
1771685530956000,1771685530956000,1771685530956000,197388,0.2107517,0.014125708,0.42739764,126,0
1771685531088000,1771685531088000,1771685531024000,197388,0.21350089,0.00889194,0.430561,126,0
1771685531092000,1771685531092000,1771685531092000,197388,0.20788065,0.00784163,0.42455477,126,0
1771685531224000,1771685531224000,1771685531160000,197388,0.21222296,0.007814497,0.42944673,126,0
1771685531228000,1771685531228000,1771685531228000,197388,0.21636738,0.0060260687,0.43305048,126,0
1771685531360000,1771685531360000,1771685531296000,197388,0.21233463,0.0083784945,0.43068707,126,0
1771685531364000,1771685531364000,1771685531364000,197388,0.21793738,0.00254311,0.4418573,126,0
1771685531496000,1771685531496000,1771685531432000,197388,0.21324581,0.008392892,0.4308573,126,0
1771685531500000,1771685531500000,1771685531500000,197388,0.21026552,0.010347137,0.4351709,126,0
1771685531632000,1771685531632000,1771685531568000,197388,0.21398711,0.009247677,0.43219563,126,0
1771685531636000,1771685531636000,1771685531636000,197388,0.21497874,0.010924359,0.43540365,126,0
1771685531768000,1771685531768000,1771685531704000,197388,0.21378931,0.0079092495,0.4298205,126,0
1771685531772000,1771685531772000,1771685531772000,197388,0.2105948,0.008945633,0.434422,126,0
1771685531904000,1771685531904000,1771685531840000,197388,0.21483158,0.008765131,0.4295216,126,0
1771685531908000,1771685531908000,1771685531908000,197388,0.21708503,0.005311771,0.43247488,126,0
1771685532040000,1771685532040000,1771685531976000,197388,0.21363983,0.008937906,0.43076813,126,0
1771685532044000,1771685532044000,1771685532044000,197388,0.20755292,0.0073150015,0.43034893,126,0
1771685532176000,1771685532176000,1771685532112000,197388,0.2137234,0.008380513,0.42949143,126,0
1771685532180000,1771685532180000,1771685532180000,197388,0.21885218,0.0065090284,0.43763113,126,0
1771685532312000,1771685532312000,1771685532248000,197388,0.21430266,0.008363777,0.4314833,126,0
1771685532316000,1771685532316000,1771685532316000,197388,0.21228074,0.009927765,0.43952274,126,0
1771685532448000,1771685532448000,1771685532384000,197388,0.21434745,0.006129438,0.42932767,126,0
1771685532452000,1771685532452000,1771685532452000,197388,0.21743836,0.005624988,0.42480096,126,0
1771685532584000,1771685532584000,1771685532520000,197388,0.21314642,0.0051804725,0.43024606,126,0
1771685532588000,1771685532588000,1771685532588000,197388,0.21364567,0.008206169,0.42393053,126,0
1771685532720000,1771685532720000,1771685532656000,197388,0.21488023,0.0055011567,0.42943308,126,0
1771685532724000,1771685532724000,1771685532724000,197388,0.21514505,0.0054798652,0.43337595,126,0
1771685532856000,1771685532856000,1771685532792000,197388,0.21528684,0.0067496053,0.43022886,126,0
1771685532860000,1771685532860000,1771685532860000,197388,0.2081169,0.005884825,0.431293,126,0
1771685532992000,1771685532992000,1771685532928000,197388,0.215543,0.005451707,0.43149364,126,0
1771685532996000,1771685532996000,1771685532996000,197388,0.2021969,0.0068147993,0.43220702,126,0
1771685533128000,1771685533128000,1771685533064000,197388,0.21466285,0.0044498187,0.42833823,126,0
1771685533132000,1771685533132000,1771685533132000,197388,0.21158494,0.0020251754,0.43163657,126,0
1771685533264000,1771685533264000,1771685533200000,197388,0.21465057,0.0062063527,0.4291239,126,0
1771685533268000,1771685533268000,1771685533268000,197388,0.21846,0.008631744,0.43232322,126,0
1771685533400000,1771685533400000,1771685533336000,197388,0.21450773,0.0070164436,0.4303471,126,0
1771685533404000,1771685533404000,1771685533404000,197388,0.20625693,0.0044460283,0.43321875,126,0
1771685533536000,1771685533536000,1771685533472000,197388,0.21516812,0.0056606596,0.42883924,126,0
1771685533540000,1771685533540000,1771685533540000,197388,0.21311352,0.0019202293,0.43189657,126,0
1771685533672000,1771685533672000,1771685533608000,197388,0.2143006,0.006652557,0.43039173,126,0
1771685533676000,1771685533676000,1771685533676000,197388,0.21277721,0.009017939,0.42531523,126,0
1771685533808000,1771685533808000,1771685533744000,197388,0.21383049,0.0077826753,0.42960954,126,0
1771685533812000,1771685533812000,1771685533812000,197388,0.2231822,0.008306383,0.4363018,126,0
1771685533944000,1771685533944000,1771685533880000,197388,0.21405138,0.00645796,0.42894277,126,0
1771685533948000,1771685533948000,1771685533948000,197388,0.20844828,-0.0017250369,0.4297068,126,0
1771685534080000,1771685534080000,1771685534016000,197388,0.21334107,0.0072027645,0.430499,126,0
1771685534084000,1771685534084000,1771685534084000,197388,0.19825093,0.0037890922,0.4311039,126,0
1771685534216000,1771685534216000,1771685534152000,197388,0.21373947,0.007715422,0.42854184,126,0
1771685534220000,1771685534220000,1771685534220000,197388,0.22153792,0.0049545676,0.43118924,126,0
1771685534352000,1771685534352000,1771685534288000,197388,0.21393429,0.007502228,0.42992577,126,0
1771685534356000,1771685534356000,1771685534356000,197388,0.21843864,0.005231178,0.42509943,126,0
1771685534488000,1771685534488000,1771685534424000,197388,0.21337993,0.0053322567,0.4297982,126,0
1771685534492000,1771685534492000,1771685534492000,197388,0.21527216,0.019949777,0.42701423,126,0
1771685534624000,1771685534624000,1771685534560000,197388,0.21488383,0.005932394,0.43043435,126,0
1771685534628000,1771685534628000,1771685534628000,197388,0.21410969,0.011727842,0.4306393,126,0
1771685534760000,1771685534760000,1771685534696000,197388,0.21467376,0.007687082,0.43006843,126,0
1771685534764000,1771685534764000,1771685534764000,197388,0.21373042,0.014893039,0.4351203,126,0
1771685534896000,1771685534896000,1771685534832000,197388,0.21474984,0.007379384,0.42942512,126,0
1771685534900000,1771685534900000,1771685534900000,197388,0.21630831,0.012511083,0.42393792,126,0
1771685535032000,1771685535032000,1771685534968000,197388,0.21471402,0.0072968598,0.43060586,126,0
1771685535036000,1771685535036000,1771685535036000,197388,0.20637889,0.007955409,0.4286064,126,0
1771685535168000,1771685535168000,1771685535104000,197388,0.21613856,0.006802681,0.43077326,126,0
1771685535172000,1771685535172000,1771685535172000,197388,0.2142325,0.013528827,0.43310115,126,0
1771685535304000,1771685535304000,1771685535240000,197388,0.21534708,0.008687029,0.42960986,126,0
1771685535308000,1771685535308000,1771685535308000,197388,0.21531697,0.0074638026,0.43423855,126,0
1771685535440000,1771685535440000,1771685535376000,197388,0.21359782,0.006947921,0.42957953,126,0
1771685535444000,1771685535444000,1771685535444000,197388,0.21947844,-0.010768696,0.44011325,126,0
1771685535576000,1771685535576000,1771685535512000,197388,0.2148648,0.007944219,0.42943838,126,0
1771685535580000,1771685535580000,1771685535580000,197388,0.21062967,0.012006297,0.4272469,126,0
1771685535712000,1771685535712000,1771685535648000,197388,0.215546,0.0065641366,0.43019432,126,0
1771685535716000,1771685535716000,1771685535716000,197388,0.21317421,0.00045750846,0.42987213,126,0
1771685535848000,1771685535848000,1771685535784000,197388,0.21551102,0.005851291,0.429577,126,0
1771685535852000,1771685535852000,1771685535852000,197388,0.21894927,0.007406619,0.42850015,126,0
1771685535984000,1771685535984000,1771685535920000,197388,0.21397085,0.006050731,0.42754787,126,0
1771685535988000,1771685535988000,1771685535988000,197388,0.22296579,0.009487578,0.42802173,126,0
1771685536120000,1771685536120000,1771685536056000,197388,0.215696,0.0074571026,0.429241,126,0
1771685536124000,1771685536124000,1771685536124000,197388,0.21282339,0.012250059,0.43108654,126,0
1771685536256000,1771685536256000,1771685536192000,197388,0.216502,0.007030639,0.43043038,126,0
1771685536260000,1771685536260000,1771685536260000,197388,0.21386133,0.007595262,0.44285536,126,0
1771685536392000,1771685536392000,1771685536328000,197388,0.21491762,0.0059331954,0.42933077,126,0
1771685536396000,1771685536396000,1771685536396000,197388,0.21598448,0.004849014,0.42723224,126,0
1771685536528000,1771685536528000,1771685536464000,197388,0.21461295,0.006946149,0.43008938,126,0
1771685536532000,1771685536532000,1771685536532000,197388,0.22837609,-0.0017261388,0.4312673,126,0
1771685536664000,1771685536664000,1771685536600000,197388,0.21660382,0.008034566,0.4297202,126,0
1771685536668000,1771685536668000,1771685536668000,197388,0.21346098,0.0044621183,0.43038893,126,0
1771685536800000,1771685536800000,1771685536736000,197388,0.21456897,0.007817673,0.42895824,126,0
1771685536804000,1771685536804000,1771685536804000,197388,0.22804858,0.012340469,0.4279906,126,0
1771685536936000,1771685536936000,1771685536872000,197388,0.21595563,0.008711564,0.42691225,126,0
1771685536940000,1771685536940000,1771685536940000,197388,0.21106024,0.0071736113,0.4268195,126,0
1771685537072000,1771685537072000,1771685537008000,197388,0.21541856,0.008270667,0.42816922,126,0
1771685537076000,1771685537076000,1771685537076000,197388,0.21771352,0.002631203,0.4434587,126,0
1771685537208000,1771685537208000,1771685537144000,197388,0.21618633,0.009159803,0.42947477,126,0
1771685537212000,1771685537212000,1771685537212000,197388,0.21063565,0.007850344,0.42518473,126,0
1771685537344000,1771685537344000,1771685537280000,197388,0.21745858,0.0067017707,0.42868948,126,0
1771685537348000,1771685537348000,1771685537348000,197388,0.21903773,0.008388594,0.43490562,126,0
1771685537480000,1771685537480000,1771685537416000,197388,0.21634701,0.005759398,0.42979544,126,0
1771685537484000,1771685537484000,1771685537484000,197388,0.20711403,0.008371086,0.43121526,126,0
1771685537616000,1771685537616000,1771685537552000,197388,0.21535908,0.0055500884,0.42939228,126,0
1771685537620000,1771685537620000,1771685537620000,197388,0.20937735,0.0004388821,0.4270969,126,0
1771685537752000,1771685537752000,1771685537688000,197388,0.21483772,0.0066944184,0.42891422,126,0
1771685537756000,1771685537756000,1771685537756000,197388,0.21673411,0.011458411,0.43088093,126,0
1771685537888000,1771685537888000,1771685537824000,197388,0.21453702,0.0061000427,0.43012315,126,0
1771685537892000,1771685537892000,1771685537892000,197388,0.22145224,0.0037022356,0.42290264,126,0
1771685538024000,1771685538024000,1771685537960000,197388,0.21485642,0.0060202517,0.43042845,126,0
1771685538028000,1771685538028000,1771685538028000,197388,0.21646068,0.0056413193,0.4310317,126,0
1771685538160000,1771685538160000,1771685538096000,197388,0.21504208,0.004905884,0.43066096,126,0
1771685538164000,1771685538164000,1771685538164000,197388,0.21026175,0.00022911128,0.43516672,126,0
1771685538296000,1771685538296000,1771685538232000,197388,0.21463017,0.0051122718,0.42971298,126,0
1771685538300000,1771685538300000,1771685538300000,197388,0.21933609,0.006592037,0.42992586,126,0
1771685538432000,1771685538432000,1771685538368000,197388,0.21397784,0.0054321205,0.42992732,126,0
1771685538436000,1771685538436000,1771685538436000,197388,0.21887772,0.007522591,0.4358611,126,0
1771685538568000,1771685538568000,1771685538504000,197388,0.21602155,0.0050388915,0.43093222,126,0
1771685538572000,1771685538572000,1771685538572000,197388,0.20682494,0.0037582037,0.4245008,126,0
1771685538704000,1771685538704000,1771685538640000,197388,0.21478502,0.005566544,0.4305865,126,0
1771685538708000,1771685538708000,1771685538708000,197388,0.21696195,0.011284763,0.43017706,126,0
1771685538840000,1771685538840000,1771685538776000,197388,0.21414338,0.0048230635,0.4292211,126,0
1771685538844000,1771685538844000,1771685538844000,197388,0.211496,0.0070633925,0.43726817,126,0
1771685538976000,1771685538976000,1771685538912000,197388,0.21623132,0.004470906,0.43004826,126,0
1771685538980000,1771685538980000,1771685538980000,197388,0.21457936,0.008157716,0.43074942,126,0
1771685539112000,1771685539112000,1771685539048000,197388,0.21509767,0.004224088,0.42931604,126,0
1771685539116000,1771685539116000,1771685539116000,197388,0.2155628,0.009085447,0.4275097,126,0
1771685539248000,1771685539248000,1771685539184000,197388,0.215754,0.0060966066,0.4295909,126,0
1771685539252000,1771685539252000,1771685539252000,197388,0.22246346,0.0018826127,0.42176697,126,0
1771685539384000,1771685539384000,1771685539320000,197388,0.21452314,0.0027330676,0.43102366,126,0
1771685539388000,1771685539388000,1771685539388000,197388,0.21590625,0.004581931,0.43434283,126,0
1771685539520000,1771685539520000,1771685539456000,197388,0.2172302,0.003467541,0.42813036,126,0
1771685539524000,1771685539524000,1771685539524000,197388,0.22012405,0.0015106528,0.42567235,126,0
1771685539656000,1771685539656000,1771685539592000,197388,0.21676365,0.0049651964,0.4288729,126,0
1771685539660000,1771685539660000,1771685539660000,197388,0.2130658,-0.003021712,0.43131754,126,0
1771685539792000,1771685539792000,1771685539728000,197388,0.21632268,0.0054275626,0.42937973,126,0
1771685539796000,1771685539796000,1771685539796000,197388,0.20307088,0.012013206,0.42294896,126,0
1771685539928000,1771685539928000,1771685539864000,197388,0.21643902,0.0052321763,0.43003544,126,0
1771685539932000,1771685539932000,1771685539932000,197388,0.21000779,0.008388889,0.43471554,126,0
1771685540064000,1771685540064000,1771685540000000,197388,0.21691214,0.0065314462,0.4295486,126,0
1771685540068000,1771685540068000,1771685540068000,197388,0.21839873,0.0019992508,0.4274775,126,0
1771685540200000,1771685540200000,1771685540136000,197388,0.21488139,0.005233603,0.42824396,126,0
1771685540204000,1771685540204000,1771685540204000,197388,0.22201815,0.009821296,0.429431,126,0
1771685540336000,1771685540336000,1771685540272000,197388,0.21726105,0.0065316386,0.42831907,126,0
1771685540340000,1771685540340000,1771685540340000,197388,0.21291935,0.013128388,0.4344411,126,0
1771685540472000,1771685540472000,1771685540408000,197388,0.21736747,0.008780351,0.42884603,126,0
1771685540476000,1771685540476000,1771685540476000,197388,0.2241442,0.005492185,0.42452306,126,0
1771685540608000,1771685540608000,1771685540544000,197388,0.2174078,0.007125119,0.42741293,126,0
1771685540612000,1771685540612000,1771685540612000,197388,0.2186696,0.011210187,0.42604247,126,0
1771685540744000,1771685540744000,1771685540680000,197388,0.21822509,0.006360614,0.42951128,126,0
1771685540748000,1771685540748000,1771685540748000,197388,0.21248576,0.01156438,0.4281595,126,0
1771685540880000,1771685540880000,1771685540816000,197388,0.21860924,0.0067960406,0.42860338,126,0
1771685540884000,1771685540884000,1771685540884000,197388,0.21699667,0.00056457304,0.4311956,126,0
1771685541016000,1771685541016000,1771685540952000,197388,0.21610427,0.0072241095,0.4303245,126,0
1771685541020000,1771685541020000,1771685541020000,197388,0.22386283,0.014414488,0.42596552,126,0
1771685541152000,1771685541152000,1771685541088000,197388,0.21528672,0.0048931064,0.42943317,126,0
1771685541156000,1771685541156000,1771685541156000,197388,0.21633014,0.0090798475,0.42786896,126,0
1771685541288000,1771685541288000,1771685541224000,197388,0.21687105,0.004574755,0.42871174,126,0
1771685541292000,1771685541292000,1771685541292000,197388,0.21059088,0.012046443,0.41956955,126,0
1771685541424000,1771685541424000,1771685541360000,197388,0.21721376,0.004753025,0.42841136,126,0
1771685541428000,1771685541428000,1771685541428000,197388,0.21823512,0.00837887,0.42417,126,0
1771685541560000,1771685541560000,1771685541496000,197388,0.21836254,0.0046985964,0.42996648,126,0
1771685541564000,1771685541564000,1771685541564000,197388,0.21375524,-0.0014518208,0.42887512,126,0
1771685541696000,1771685541696000,1771685541632000,197388,0.21596687,0.004859373,0.42771292,126,0
1771685541700000,1771685541700000,1771685541700000,197388,0.22481355,0.008802083,0.42059162,126,0
1771685541832000,1771685541832000,1771685541768000,197388,0.21746874,0.0035190228,0.43016216,126,0
1771685541836000,1771685541836000,1771685541836000,197388,0.21542475,0.0033026768,0.42707935,126,0
1771685541968000,1771685541968000,1771685541904000,197388,0.2152985,0.006710895,0.42965955,126,0
1771685541972000,1771685541972000,1771685541972000,197388,0.20845312,0.005056506,0.43171307,126,0
1771685542104000,1771685542104000,1771685542040000,197388,0.21668385,0.0057480107,0.4295012,126,0
1771685542108000,1771685542108000,1771685542108000,197388,0.22386664,0.0065462273,0.4238422,126,0
1771685542240000,1771685542240000,1771685542176000,197388,0.21638444,0.0073933234,0.42813638,126,0
1771685542244000,1771685542244000,1771685542244000,197388,0.21438925,0.008164481,0.4247502,126,0
1771685542376000,1771685542376000,1771685542312000,197388,0.21638308,0.006365419,0.42924124,126,0
1771685542380000,1771685542380000,1771685542380000,197388,0.21381213,0.008955373,0.4413152,126,0
1771685542512000,1771685542512000,1771685542448000,197388,0.21844862,0.004266895,0.4285613,126,0
1771685542516000,1771685542516000,1771685542516000,197388,0.22067812,0.0029251606,0.43190458,126,0
1771685542648000,1771685542648000,1771685542584000,197388,0.21562524,0.0061831786,0.42901307,126,0
1771685542652000,1771685542652000,1771685542652000,197388,0.21348645,0.013669002,0.4325151,126,0
1771685542784000,1771685542784000,1771685542720000,197388,0.21535438,0.0054476745,0.4297625,126,0
1771685542788000,1771685542788000,1771685542788000,197388,0.21380374,0.0120832855,0.4407404,126,0
1771685542920000,1771685542920000,1771685542856000,197388,0.21458651,0.005415661,0.42839885,126,0
1771685542924000,1771685542924000,1771685542924000,197388,0.20856497,0.0037438138,0.42395183,126,0
1771685543056000,1771685543056000,1771685542992000,197388,0.2167174,0.0065457975,0.42927644,126,0
1771685543060000,1771685543060000,1771685543060000,197388,0.21429722,0.012618522,0.43286118,126,0
1771685543192000,1771685543192000,1771685543128000,197388,0.2150173,0.0046831383,0.43115538,126,0
1771685543196000,1771685543196000,1771685543196000,197388,0.22051078,0.0128879445,0.42808023,126,0
1771685543328000,1771685543328000,1771685543264000,197388,0.2152129,0.0038027186,0.43016696,126,0
1771685543332000,1771685543332000,1771685543332000,197388,0.21471526,0.0031843532,0.43251488,126,0
1771685543464000,1771685543464000,1771685543400000,197388,0.21470535,0.0051534544,0.43192875,126,0
1771685543468000,1771685543468000,1771685543468000,197388,0.22487453,0.003783667,0.43619445,126,0
1771685543600000,1771685543600000,1771685543536000,197388,0.21448146,0.006474449,0.42871565,126,0
1771685543604000,1771685543604000,1771685543604000,197388,0.22077245,-0.005697599,0.43248087,126,0
1771685543736000,1771685543736000,1771685543672000,197388,0.21411055,0.0050612516,0.42898032,126,0
1771685543740000,1771685543740000,1771685543740000,197388,0.21691933,-0.005365529,0.42742813,126,0
1771685543872000,1771685543872000,1771685543808000,197388,0.21595572,0.006631714,0.42809245,126,0
1771685543876000,1771685543876000,1771685543876000,197388,0.20696776,0.00367366,0.4222356,126,0
1771685544008000,1771685544008000,1771685543944000,197388,0.21344055,0.006116994,0.43093076,126,0
1771685544012000,1771685544012000,1771685544012000,197388,0.21422997,0.007491396,0.4308819,126,0
1771685544144000,1771685544144000,1771685544080000,197388,0.21374682,0.0056271893,0.42958394,126,0
1771685544148000,1771685544148000,1771685544148000,197388,0.2165495,0.0065250546,0.4287145,126,0
1771685544280000,1771685544280000,1771685544216000,197388,0.21803005,0.0041503,0.42944574,126,0
1771685544284000,1771685544284000,1771685544284000,197388,0.20747231,0.0030698278,0.43557075,126,0
1771685544416000,1771685544416000,1771685544352000,197388,0.21730481,0.004543619,0.42846987,126,0
1771685544420000,1771685544420000,1771685544420000,197388,0.21867688,0.0055319336,0.42196348,126,0
1771685544552000,1771685544552000,1771685544488000,197388,0.21657561,0.0062176264,0.43051904,126,0
1771685544556000,1771685544556000,1771685544556000,197388,0.2090951,0.010048077,0.42952394,126,0
1771685544688000,1771685544688000,1771685544624000,197388,0.2156342,0.0051677767,0.42852703,126,0
1771685544692000,1771685544692000,1771685544692000,197388,0.21439421,0.010690713,0.42587137,126,0
1771685544824000,1771685544824000,1771685544760000,197388,0.2157808,0.0054930667,0.43099132,126,0
1771685544828000,1771685544828000,1771685544828000,197388,0.21866454,-0.00080133637,0.42352274,126,0
1771685544960000,1771685544960000,1771685544896000,197388,0.2142085,0.0066013196,0.42828444,126,0
1771685544964000,1771685544964000,1771685544964000,197388,0.21102582,0.011171424,0.41928473,126,0
1771685545096000,1771685545096000,1771685545032000,197388,0.21518017,0.0054321447,0.42898104,126,0
1771685545100000,1771685545100000,1771685545100000,197388,0.2142136,0.011140998,0.4294299,126,0
1771685545232000,1771685545232000,1771685545168000,197388,0.21523796,0.0036560146,0.43045524,126,0
1771685545236000,1771685545236000,1771685545236000,197388,0.20920043,0.000977503,0.43303642,126,0
1771685545368000,1771685545368000,1771685545304000,197388,0.2159291,0.004186963,0.4291097,126,0
1771685545372000,1771685545372000,1771685545372000,197388,0.22161424,0.006236307,0.42638814,126,0
1771685545504000,1771685545504000,1771685545440000,197388,0.21512963,0.0044506122,0.42847374,126,0
1771685545508000,1771685545508000,1771685545508000,197388,0.2131811,0.0060585123,0.43962216,126,0
1771685545640000,1771685545640000,1771685545576000,197388,0.21487035,0.005633768,0.4276827,126,0
1771685545644000,1771685545644000,1771685545644000,197388,0.21376804,0.01028949,0.43594968,126,0
1771685545776000,1771685545776000,1771685545712000,197388,0.21449915,0.0051032407,0.42747444,126,0
1771685545780000,1771685545780000,1771685545780000,197388,0.22052726,0.005079539,0.43011838,126,0
1771685545912000,1771685545912000,1771685545848000,197388,0.21621698,0.0036511992,0.43090773,126,0
1771685545916000,1771685545916000,1771685545916000,197388,0.21192624,-0.0019067425,0.42742637,126,0
1771685546048000,1771685546048000,1771685545984000,197388,0.21639751,0.0066660536,0.43039072,126,0
1771685546052000,1771685546052000,1771685546052000,197388,0.21654934,0.013714461,0.42687356,126,0
1771685546184000,1771685546184000,1771685546120000,197388,0.2156189,0.0050357617,0.43057877,126,0
1771685546188000,1771685546188000,1771685546188000,197388,0.21349524,0.010979755,0.425969,126,0
1771685546320000,1771685546320000,1771685546256000,197388,0.21556965,0.0057842936,0.4312956,126,0
1771685546324000,1771685546324000,1771685546324000,197388,0.20773046,-0.0053472677,0.42867497,126,0
1771685546456000,1771685546456000,1771685546392000,197388,0.21622051,0.0061418326,0.43006444,126,0
1771685546460000,1771685546460000,1771685546460000,197388,0.21538633,0.0050751558,0.43153322,126,0
1771685546592000,1771685546592000,1771685546528000,197388,0.21620959,0.0059986995,0.42751187,126,0
1771685546596000,1771685546596000,1771685546596000,197388,0.22252935,0.0037730264,0.425834,126,0
1771685546728000,1771685546728000,1771685546664000,197388,0.21548289,0.0061050146,0.430246,126,0
1771685546732000,1771685546732000,1771685546732000,197388,0.22154778,0.0048555313,0.43619075,126,0
1771685546864000,1771685546864000,1771685546800000,197388,0.21552296,0.0035925577,0.4308701,126,0
1771685546868000,1771685546868000,1771685546868000,197388,0.21660139,0.009793731,0.43215522,126,0
1771685547000000,1771685547000000,1771685546936000,197388,0.21555656,0.0039777905,0.4288306,126,0
1771685547004000,1771685547004000,1771685547004000,197388,0.22476032,0.0037567532,0.4303353,126,0
1771685547136000,1771685547136000,1771685547072000,197388,0.21539503,0.003444826,0.42934367,126,0
1771685547140000,1771685547140000,1771685547140000,197388,0.21277714,0.008163569,0.43104777,126,0
1771685547272000,1771685547272000,1771685547208000,197388,0.21376964,0.003142392,0.42899957,126,0
1771685547276000,1771685547276000,1771685547276000,197388,0.2025463,-0.0016700815,0.42709824,126,0
1771685547408000,1771685547408000,1771685547344000,197388,0.21417288,0.002964496,0.42987153,126,0
1771685547412000,1771685547412000,1771685547412000,197388,0.21640992,0.012164425,0.42956424,126,0
1771685547544000,1771685547544000,1771685547480000,197388,0.21440479,0.002873653,0.43054163,126,0
1771685547548000,1771685547548000,1771685547548000,197388,0.21556665,0.0066946326,0.42966336,126,0
1771685547680000,1771685547680000,1771685547616000,197388,0.21526045,0.0036600484,0.42897984,126,0
1771685547684000,1771685547684000,1771685547684000,197388,0.21086301,0.004940504,0.43130106,126,0
1771685547816000,1771685547816000,1771685547752000,197388,0.21466877,0.0031605384,0.43039504,126,0
1771685547820000,1771685547820000,1771685547820000,197388,0.20900016,0.0004220152,0.4323013,126,0
1771685547952000,1771685547952000,1771685547888000,197388,0.21657453,0.0018994883,0.42943114,126,0
1771685547956000,1771685547956000,1771685547956000,197388,0.21449204,0.009846342,0.43608913,126,0
1771685548088000,1771685548088000,1771685548024000,197388,0.21523854,0.0035263575,0.42896637,126,0
1771685548092000,1771685548092000,1771685548092000,197388,0.21023937,-0.0001395032,0.4385478,126,0
1771685548224000,1771685548224000,1771685548160000,197388,0.21599168,0.0040971385,0.43047756,126,0
1771685548228000,1771685548228000,1771685548228000,197388,0.22399442,0.008165157,0.42956832,126,0
1771685548360000,1771685548360000,1771685548296000,197388,0.2153041,0.0041564247,0.43006295,126,0
1771685548364000,1771685548364000,1771685548364000,197388,0.20733373,0.0071644075,0.43856856,126,0
1771685548496000,1771685548496000,1771685548432000,197388,0.21580468,0.003363641,0.42938894,126,0
1771685548500000,1771685548500000,1771685548500000,197388,0.21970618,0.0010322669,0.42563066,126,0
1771685548632000,1771685548632000,1771685548568000,197388,0.21538122,0.0034078036,0.4287048,126,0
1771685548636000,1771685548636000,1771685548636000,197388,0.21233505,-0.0067808595,0.4372283,126,0
1771685548768000,1771685548768000,1771685548704000,197388,0.21374136,0.0034748903,0.42995906,126,0
1771685548772000,1771685548772000,1771685548772000,197388,0.21801805,0.0056601567,0.43547365,126,0
1771685548904000,1771685548904000,1771685548840000,197388,0.21466044,0.001238019,0.42917308,126,0
1771685548908000,1771685548908000,1771685548908000,197388,0.20182055,0.0032082694,0.43337715,126,0
1771685549040000,1771685549040000,1771685548976000,197388,0.21527876,0.0028698756,0.43067658,126,0
1771685549044000,1771685549044000,1771685549044000,197388,0.21669102,0.0007450108,0.42601803,126,0
1771685549176000,1771685549176000,1771685549112000,197388,0.21415819,0.0048680846,0.42909268,126,0
1771685549180000,1771685549180000,1771685549180000,197388,0.21671152,0.0011193291,0.4401286,126,0
1771685549312000,1771685549312000,1771685549248000,197388,0.21503966,0.00341586,0.42956686,126,0
1771685549316000,1771685549316000,1771685549316000,197388,0.21989389,0.0010329263,0.4293042,126,0
1771685549448000,1771685549448000,1771685549384000,197388,0.21563569,0.0028876637,0.4303618,126,0
1771685549452000,1771685549452000,1771685549452000,197388,0.22738375,0.016572509,0.42932826,126,0
1771685549584000,1771685549584000,1771685549520000,197388,0.21518618,0.0038290517,0.42955568,126,0
1771685549588000,1771685549588000,1771685549588000,197388,0.21509771,-0.0018976078,0.43529418,126,0
1771685549720000,1771685549720000,1771685549656000,197388,0.21447471,0.0028580015,0.4310019,126,0
1771685549724000,1771685549724000,1771685549724000,197388,0.21346942,0.0035522145,0.43424305,126,0
1771685549856000,1771685549856000,1771685549792000,197388,0.21478234,0.00534678,0.42850602,126,0
1771685549860000,1771685549860000,1771685549860000,197388,0.21493553,0.003224198,0.43522647,126,0
1771685549992000,1771685549992000,1771685549928000,197388,0.21599744,0.0049557006,0.4312907,126,0
1771685549996000,1771685549996000,1771685549996000,197388,0.21388558,0.0010790611,0.42966214,126,0
1771685550128000,1771685550128000,1771685550064000,197388,0.21588498,0.004312618,0.43082786,126,0
1771685550132000,1771685550132000,1771685550132000,197388,0.20565096,0.009875027,0.428637,126,0
1771685550264000,1771685550264000,1771685550200000,197388,0.21494377,0.0042497553,0.4307292,126,0
1771685550268000,1771685550268000,1771685550268000,197388,0.2150087,-0.00014008983,0.4262465,126,0
1771685550400000,1771685550400000,1771685550336000,197388,0.21683148,0.002982957,0.4295619,126,0
1771685550404000,1771685550404000,1771685550404000,197388,0.21777248,0.004451129,0.42799893,126,0
1771685550536000,1771685550536000,1771685550472000,197388,0.21543862,0.0054169064,0.42941764,126,0
1771685550540000,1771685550540000,1771685550540000,197388,0.2192497,0.0046629473,0.42374,126,0
1771685550672000,1771685550672000,1771685550608000,197388,0.21655327,0.0053196405,0.42810962,126,0
1771685550676000,1771685550676000,1771685550676000,197388,0.22678682,0.0063995295,0.433422,126,0
1771685550808000,1771685550808000,1771685550744000,197388,0.2142302,0.004865567,0.42889977,126,0
1771685550812000,1771685550812000,1771685550812000,197388,0.21525246,0.0013664059,0.4258412,126,0
1771685550944000,1771685550944000,1771685550880000,197388,0.21558417,0.005695555,0.4282975,126,0
1771685550948000,1771685550948000,1771685550948000,197388,0.2116423,-0.0031503865,0.4241448,126,0
1771685551080000,1771685551080000,1771685551016000,197388,0.2143005,0.0051907497,0.43000785,126,0
1771685551084000,1771685551084000,1771685551084000,197388,0.20793806,0.0045698537,0.43713754,126,0
1771685551216000,1771685551216000,1771685551152000,197388,0.21458459,0.0055078445,0.43172878,126,0
1771685551220000,1771685551220000,1771685551220000,197388,0.21005887,0.0014359062,0.43124393,126,0
1771685551352000,1771685551352000,1771685551288000,197388,0.21532488,0.00552702,0.42911002,126,0
1771685551356000,1771685551356000,1771685551356000,197388,0.21461673,0.013115644,0.41711807,126,0
1771685551488000,1771685551488000,1771685551424000,197388,0.21443968,0.006135489,0.42911506,126,0
1771685551492000,1771685551492000,1771685551492000,197388,0.21509986,-0.003472724,0.43484774,126,0
1771685551624000,1771685551624000,1771685551560000,197388,0.21531187,0.005209732,0.430919,126,0
1771685551628000,1771685551628000,1771685551628000,197388,0.2112328,0.008385052,0.4350622,126,0
1771685551760000,1771685551760000,1771685551696000,197388,0.21423477,0.0053303316,0.42966822,126,0
1771685551764000,1771685551764000,1771685551764000,197388,0.20724064,0.0072767553,0.42609355,126,0
1771685551896000,1771685551896000,1771685551832000,197388,0.21459737,0.0042894892,0.42990276,126,0
1771685551900000,1771685551900000,1771685551900000,197388,0.20592791,-0.0019670296,0.43625733,126,0
1771685552032000,1771685552032000,1771685551968000,197388,0.21443887,0.0042055114,0.43074316,126,0
1771685552036000,1771685552036000,1771685552036000,197388,0.21470638,0.005523483,0.43225208,126,0
1771685552168000,1771685552168000,1771685552104000,197388,0.21494964,0.0060868054,0.42964593,126,0
1771685552172000,1771685552172000,1771685552172000,197388,0.21404321,0.00040965088,0.43490127,126,0
1771685552304000,1771685552304000,1771685552240000,197388,0.21555954,0.0049754246,0.42988467,126,0
1771685552308000,1771685552308000,1771685552308000,197388,0.21528709,0.0017999248,0.42735457,126,0
1771685552440000,1771685552440000,1771685552376000,197388,0.21545851,0.0037973209,0.43000197,126,0
1771685552444000,1771685552444000,1771685552444000,197388,0.21978985,0.010041821,0.42891306,126,0
1771685552576000,1771685552576000,1771685552512000,197388,0.21521024,0.006605548,0.42827234,126,0
1771685552580000,1771685552580000,1771685552580000,197388,0.21989638,0.0051755835,0.4344167,126,0
1771685552712000,1771685552712000,1771685552648000,197388,0.2156553,0.0041609914,0.4296959,126,0
1771685552716000,1771685552716000,1771685552716000,197388,0.21144977,0.012908734,0.43642193,126,0
1771685552848000,1771685552848000,1771685552784000,197388,0.21652912,0.0044440944,0.4291821,126,0
1771685552852000,1771685552852000,1771685552852000,197388,0.2145337,0.0016906963,0.4404779,126,0
1771685552984000,1771685552984000,1771685552920000,197388,0.21473907,0.0026391344,0.42895603,126,0
1771685552988000,1771685552988000,1771685552988000,197388,0.21455225,0.0013451496,0.4286506,126,0
1771685553120000,1771685553120000,1771685553056000,197388,0.2146546,0.0031856964,0.42878643,126,0
1771685553124000,1771685553124000,1771685553124000,197388,0.21393566,-0.0059990264,0.42591786,126,0
1771685553256000,1771685553256000,1771685553192000,197388,0.21585561,0.0032788392,0.4305413,126,0
1771685553260000,1771685553260000,1771685553260000,197388,0.21841082,0.007362394,0.43741176,126,0
1771685553392000,1771685553392000,1771685553328000,197388,0.21627375,0.002509565,0.42915908,126,0
1771685553396000,1771685553396000,1771685553396000,197388,0.215986,0.004252201,0.4274417,126,0
1771685553528000,1771685553528000,1771685553464000,197388,0.21543957,0.0057223574,0.42928147,126,0
1771685553532000,1771685553532000,1771685553532000,197388,0.21111391,0.003905271,0.43435737,126,0
1771685553664000,1771685553664000,1771685553600000,197388,0.21614335,0.0047535044,0.4289062,126,0
1771685553668000,1771685553668000,1771685553668000,197388,0.21793075,0.002213421,0.4254009,126,0
1771685553800000,1771685553800000,1771685553736000,197388,0.21615474,0.005503699,0.4297102,126,0
1771685553804000,1771685553804000,1771685553804000,197388,0.20956846,0.0070460136,0.42268896,126,0
1771685553936000,1771685553936000,1771685553872000,197388,0.21655907,0.0048155775,0.4294225,126,0
1771685553940000,1771685553940000,1771685553940000,197388,0.22057986,0.00812275,0.42456067,126,0
1771685554072000,1771685554072000,1771685554008000,197388,0.21730204,0.004101136,0.4288258,126,0
1771685554076000,1771685554076000,1771685554076000,197388,0.223613,0.012101771,0.43060142,126,0
1771685554208000,1771685554208000,1771685554144000,197388,0.2152105,0.0059280144,0.42886755,126,0
1771685554212000,1771685554212000,1771685554212000,197388,0.20699552,-0.0004944502,0.4321871,126,0
1771685554344000,1771685554344000,1771685554280000,197388,0.21680659,0.005292452,0.4282494,126,0
1771685554348000,1771685554348000,1771685554348000,197388,0.2153974,-0.00095516845,0.41863227,126,0
1771685554480000,1771685554480000,1771685554416000,197388,0.21624698,0.0039044756,0.42784464,126,0
1771685554484000,1771685554484000,1771685554484000,197388,0.22029012,-0.0048490283,0.42997438,126,0
1771685554616000,1771685554616000,1771685554552000,197388,0.21720669,0.0049099387,0.42949653,126,0
1771685554620000,1771685554620000,1771685554620000,197388,0.22762227,-0.0023853648,0.43029252,126,0
1771685554752000,1771685554752000,1771685554688000,197388,0.21610722,0.0058781286,0.42890587,126,0
1771685554756000,1771685554756000,1771685554756000,197388,0.22173998,0.005954709,0.43186083,126,0
1771685554888000,1771685554888000,1771685554824000,197388,0.2168905,0.0037627784,0.42971116,126,0
1771685554892000,1771685554892000,1771685554892000,197388,0.22015703,0.00794834,0.43160617,126,0
1771685555024000,1771685555024000,1771685554960000,197388,0.217217,0.003363749,0.42891985,126,0
1771685555028000,1771685555028000,1771685555028000,197388,0.21232158,0.009787999,0.4279715,126,0
1771685555160000,1771685555160000,1771685555096000,197388,0.21586575,0.005770011,0.4293486,126,0
1771685555164000,1771685555164000,1771685555164000,197388,0.21696961,0.006311849,0.43088567,126,0
1771685555296000,1771685555296000,1771685555232000,197388,0.21520641,0.004348012,0.42961,126,0
1771685555300000,1771685555300000,1771685555300000,197388,0.22206819,0.010513592,0.43558365,126,0
1771685555432000,1771685555432000,1771685555368000,197388,0.21591401,0.0049809134,0.42997205,126,0
1771685555436000,1771685555436000,1771685555436000,197388,0.21143118,0.0015750302,0.42522913,126,0
1771685555568000,1771685555568000,1771685555504000,197388,0.21646264,0.0066847787,0.42983314,126,0
1771685555572000,1771685555572000,1771685555572000,197388,0.21613632,-0.004221941,0.4359288,126,0
1771685555704000,1771685555704000,1771685555640000,197388,0.2162105,0.0049588615,0.42945793,126,0
1771685555708000,1771685555708000,1771685555708000,197388,0.21722598,0.0018793282,0.43157217,126,0
1771685555840000,1771685555840000,1771685555776000,197388,0.21481764,0.0048967,0.43061057,126,0
1771685555844000,1771685555844000,1771685555844000,197388,0.20946962,0.008529349,0.4279654,126,0
1771685555976000,1771685555976000,1771685555912000,197388,0.21589778,0.0059212293,0.42955974,126,0
1771685555980000,1771685555980000,1771685555980000,197388,0.21545388,0.0040306486,0.43171996,126,0
1771685556112000,1771685556112000,1771685556048000,197388,0.21403512,0.0042811916,0.42981118,126,0
1771685556116000,1771685556116000,1771685556116000,197388,0.2231718,0.008659354,0.4237217,126,0
1771685556248000,1771685556248000,1771685556184000,197388,0.21274534,0.0031533856,0.42946434,126,0
1771685556252000,1771685556252000,1771685556252000,197388,0.20788556,-0.0017221353,0.42110217,126,0
1771685556384000,1771685556384000,1771685556320000,197388,0.21421534,0.0054873675,0.43115678,126,0
1771685556388000,1771685556388000,1771685556388000,197388,0.21407615,0.00065559667,0.4362021,126,0
1771685556520000,1771685556520000,1771685556456000,197388,0.21340029,0.00549349,0.43091384,126,0
1771685556524000,1771685556524000,1771685556524000,197388,0.21109161,0.0071869483,0.42613494,126,0
1771685556656000,1771685556656000,1771685556592000,197388,0.21437736,0.004437265,0.4311164,126,0
1771685556660000,1771685556660000,1771685556660000,197388,0.21182878,0.011379827,0.4374836,126,0
1771685556792000,1771685556792000,1771685556728000,197388,0.2136159,0.0050011813,0.43152976,126,0
1771685556796000,1771685556796000,1771685556796000,197388,0.21447597,-0.0019321443,0.43982908,126,0
1771685556928000,1771685556928000,1771685556864000,197388,0.21455248,0.0051654717,0.4294469,126,0
1771685556932000,1771685556932000,1771685556932000,197388,0.2195345,0.0011250522,0.42570433,126,0
1771685557064000,1771685557064000,1771685557000000,197388,0.21429767,0.0066424483,0.4320882,126,0
1771685557068000,1771685557068000,1771685557068000,197388,0.20483153,0.004988161,0.43502042,126,0
1771685557200000,1771685557200000,1771685557136000,197388,0.21273072,0.006023451,0.43060708,126,0
1771685557204000,1771685557204000,1771685557204000,197388,0.21438628,0.007523577,0.4232596,126,0
1771685557336000,1771685557336000,1771685557272000,197388,0.21195152,0.0052517937,0.43026653,126,0
1771685557340000,1771685557340000,1771685557340000,197388,0.20981255,0.009166781,0.43590498,126,0
1771685557472000,1771685557472000,1771685557408000,197388,0.21233062,0.0067848484,0.4317245,126,0
1771685557476000,1771685557476000,1771685557476000,197388,0.21401533,0.007620005,0.42978042,126,0
1771685557608000,1771685557608000,1771685557544000,197388,0.2123239,0.0057886182,0.43187377,126,0
1771685557612000,1771685557612000,1771685557612000,197388,0.20952228,0.011489974,0.42824402,126,0
1771685557744000,1771685557744000,1771685557680000,197388,0.21435237,0.005672174,0.43001643,126,0
1771685557748000,1771685557748000,1771685557748000,197388,0.20447703,0.009720592,0.42632702,126,0
1771685557880000,1771685557880000,1771685557816000,197388,0.21103102,0.005775466,0.43015885,126,0
1771685557884000,1771685557884000,1771685557884000,197388,0.2141586,0.009102202,0.43849638,126,0
1771685558016000,1771685558016000,1771685557952000,197388,0.21318938,0.0053921877,0.42988095,126,0
1771685558020000,1771685558020000,1771685558020000,197388,0.2127517,0.012571947,0.43369767,126,0
1771685558152000,1771685558152000,1771685558088000,197388,0.21114996,0.005440653,0.43127522,126,0
1771685558156000,1771685558156000,1771685558156000,197388,0.21808213,0.0045153135,0.4314428,126,0
1771685558288000,1771685558288000,1771685558224000,197388,0.21375537,0.0059126643,0.43174317,126,0
1771685558292000,1771685558292000,1771685558292000,197388,0.22084674,0.0090268515,0.43095067,126,0
1771685558424000,1771685558424000,1771685558360000,197388,0.21530344,0.0053330436,0.4300659,126,0
1771685558428000,1771685558428000,1771685558428000,197388,0.22093709,0.00075457507,0.42424074,126,0
1771685558560000,1771685558560000,1771685558496000,197388,0.2147798,0.0034862843,0.43216428,126,0
1771685558564000,1771685558564000,1771685558564000,197388,0.21518588,0.0025793156,0.43650422,126,0
1771685558696000,1771685558696000,1771685558632000,197388,0.21487223,0.0034557125,0.430357,126,0
1771685558700000,1771685558700000,1771685558700000,197388,0.21129146,0.00838266,0.43756515,126,0
1771685558832000,1771685558832000,1771685558768000,197388,0.21518546,0.003750209,0.43094817,126,0
1771685558836000,1771685558836000,1771685558836000,197388,0.21156661,0.0048498823,0.42245474,126,0
1771685558968000,1771685558968000,1771685558904000,197388,0.2144535,0.0033427132,0.4298945,126,0
1771685558972000,1771685558972000,1771685558972000,197388,0.21174778,-0.0048587536,0.43155396,126,0
1771685559104000,1771685559104000,1771685559040000,197388,0.21402822,0.0040304954,0.42901984,126,0
1771685559108000,1771685559108000,1771685559108000,197388,0.20874625,0.0077437484,0.42867512,126,0
1771685559240000,1771685559240000,1771685559176000,197388,0.21445511,0.0023566647,0.42967108,126,0
1771685559244000,1771685559244000,1771685559244000,197388,0.21263058,0.004717438,0.42483792,126,0
1771685559376000,1771685559376000,1771685559312000,197388,0.21258976,0.004218592,0.43042424,126,0
1771685559380000,1771685559380000,1771685559380000,197388,0.21593083,0.0128781,0.43559027,126,0
1771685559512000,1771685559512000,1771685559448000,197388,0.21569417,0.0036704205,0.42958823,126,0
1771685559516000,1771685559516000,1771685559516000,197388,0.21421136,0.0009615765,0.431516,126,0
1771685559648000,1771685559648000,1771685559584000,197388,0.21365485,0.0027677806,0.42991084,126,0
1771685559652000,1771685559652000,1771685559652000,197388,0.21953061,0.009099163,0.43180752,126,0
1771685559784000,1771685559784000,1771685559720000,197388,0.21363923,0.0028586574,0.42956555,126,0
1771685559788000,1771685559788000,1771685559788000,197388,0.21670245,0.0052213534,0.43206885,126,0
1771685559920000,1771685559920000,1771685559856000,197388,0.21528165,0.0029834912,0.42907494,126,0
1771685559924000,1771685559924000,1771685559924000,197388,0.21211295,0.0053126393,0.42014948,126,0
1771685560056000,1771685560056000,1771685559992000,197388,0.21529315,0.0047015804,0.4309983,126,0
1771685560060000,1771685560060000,1771685560060000,197388,0.21260008,-0.0011307638,0.42739308,126,0
1771685560192000,1771685560192000,1771685560128000,197388,0.21709384,0.002793309,0.43049338,126,0
1771685560196000,1771685560196000,1771685560196000,197388,0.22458924,-0.0023390234,0.43011764,126,0
1771685560328000,1771685560328000,1771685560264000,197388,0.2158632,0.0042171627,0.42984128,126,0
1771685560332000,1771685560332000,1771685560332000,197388,0.21675141,-0.001660409,0.43193156,126,0
1771685560464000,1771685560464000,1771685560400000,197388,0.21542749,0.003330548,0.42886326,126,0
1771685560468000,1771685560468000,1771685560468000,197388,0.21768571,-0.005633161,0.4361465,126,0
1771685560600000,1771685560600000,1771685560536000,197388,0.21833034,0.003615986,0.42889267,126,0
1771685560604000,1771685560604000,1771685560604000,197388,0.21890667,0.0049700285,0.43131718,126,0
1771685560736000,1771685560736000,1771685560672000,197388,0.21711102,0.0040391283,0.42919013,126,0
1771685560740000,1771685560740000,1771685560740000,197388,0.21409555,0.0041761035,0.4313236,126,0
1771685560872000,1771685560872000,1771685560808000,197388,0.21658064,0.004918044,0.42743155,126,0
1771685560876000,1771685560876000,1771685560876000,197388,0.2184071,0.0005284811,0.43088096,126,0
1771685561008000,1771685561008000,1771685560944000,197388,0.21681575,0.0058324877,0.42981046,126,0
1771685561012000,1771685561012000,1771685561012000,197388,0.21385492,-0.0011931789,0.42475063,126,0
1771685561144000,1771685561144000,1771685561080000,197388,0.21596034,0.005012164,0.43042535,126,0
1771685561148000,1771685561148000,1771685561148000,197388,0.2173078,0.006455611,0.4275775,126,0
1771685561280000,1771685561280000,1771685561216000,197388,0.21520896,0.0038451643,0.42949778,126,0
1771685561284000,1771685561284000,1771685561284000,197388,0.20957689,0.009747295,0.42739663,126,0
1771685561416000,1771685561416000,1771685561352000,197388,0.21527866,0.0042546806,0.42850322,126,0
1771685561420000,1771685561420000,1771685561420000,197388,0.21795629,0.0075230584,0.43651477,126,0
1771685561552000,1771685561552000,1771685561488000,197388,0.21580946,0.0046931366,0.42835808,126,0
1771685561556000,1771685561556000,1771685561556000,197388,0.20762655,-0.0011866698,0.4266616,126,0
1771685561688000,1771685561688000,1771685561624000,197388,0.21483397,0.0048398534,0.43006086,126,0
1771685561692000,1771685561692000,1771685561692000,197388,0.21841606,0.005270733,0.4185076,126,0
1771685561824000,1771685561824000,1771685561760000,197388,0.21430616,0.0034597442,0.4293555,126,0
1771685561828000,1771685561828000,1771685561828000,197388,0.20506002,0.0043882774,0.43695453,126,0
1771685561960000,1771685561960000,1771685561896000,197388,0.21544644,0.005684964,0.4287869,126,0
1771685561964000,1771685561964000,1771685561964000,197388,0.21225601,-0.008182727,0.4292884,126,0
1771685562096000,1771685562096000,1771685562032000,197388,0.21690853,0.005958114,0.4282846,126,0
1771685562100000,1771685562100000,1771685562100000,197388,0.21242578,0.0018821461,0.42926365,126,0
1771685562232000,1771685562232000,1771685562168000,197388,0.21668577,0.006752099,0.42912206,126,0
1771685562236000,1771685562236000,1771685562236000,197388,0.21411686,0.007475913,0.42980886,126,0
1771685562368000,1771685562368000,1771685562304000,197388,0.21501647,0.0075662765,0.43178305,126,0
1771685562372000,1771685562372000,1771685562372000,197388,0.21668395,0.005298543,0.42857647,126,0
1771685562504000,1771685562504000,1771685562440000,197388,0.21498543,0.007279886,0.42947719,126,0
1771685562508000,1771685562508000,1771685562508000,197388,0.22213326,0.01408449,0.42762518,126,0
1771685562640000,1771685562640000,1771685562576000,197388,0.21651043,0.0075646006,0.4303177,126,0
1771685562644000,1771685562644000,1771685562644000,197388,0.21691929,0.0073761116,0.43536335,126,0
1771685562776000,1771685562776000,1771685562712000,197388,0.21457952,0.0066638854,0.429659,126,0
1771685562780000,1771685562780000,1771685562780000,197388,0.2191293,0.009621174,0.42328766,126,0
1771685562912000,1771685562912000,1771685562848000,197388,0.216829,0.006458836,0.4322122,126,0
1771685562916000,1771685562916000,1771685562916000,197388,0.2134224,0.005799666,0.43892413,126,0
1771685563048000,1771685563048000,1771685562984000,197388,0.21394873,0.009939554,0.42930052,126,0
1771685563052000,1771685563052000,1771685563052000,197388,0.20891756,0.007,0.43512386,126,0
1771685563184000,1771685563184000,1771685563120000,197388,0.20317008,0.020457102,0.4357608,126,0
1771685563188000,1771685563188000,1771685563188000,197388,0.19445628,0.03137294,0.4418858,126,0
1771685563320000,1771685563320000,1771685563256000,197388,0.18550864,0.042237543,0.44191113,126,0
1771685563324000,1771685563324000,1771685563324000,197388,0.17735347,0.05274696,0.43557125,126,0
1771685563456000,1771685563456000,1771685563392000,197388,0.17341788,0.06446622,0.44609228,126,0
1771685563460000,1771685563460000,1771685563460000,197388,0.16850568,0.0771226,0.4478769,126,0
1771685563592000,1771685563592000,1771685563528000,197388,0.16717942,0.087535396,0.44236767,126,0
1771685563596000,1771685563596000,1771685563596000,197388,0.16750966,0.08725588,0.4372415,126,0
1771685563728000,1771685563728000,1771685563664000,197388,0.1635074,0.11008177,0.43820968,126,0
1771685563732000,1771685563732000,1771685563732000,197388,0.16809838,0.11797665,0.44150233,126,0
1771685563864000,1771685563864000,1771685563800000,197388,0.1696994,0.12471955,0.43287945,126,0
1771685563868000,1771685563868000,1771685563868000,197388,0.16872217,0.12747096,0.42885605,126,0
1771685564000000,1771685564000000,1771685563936000,197388,0.17434347,0.12839583,0.43018425,126,0
1771685564004000,1771685564004000,1771685564004000,197388,0.17904812,0.12237915,0.41969204,126,0
1771685564136000,1771685564136000,1771685564072000,197388,0.1829832,0.12257045,0.42799893,126,0
1771685564140000,1771685564140000,1771685564140000,197388,0.18606752,0.119076535,0.42907867,126,0
1771685564272000,1771685564272000,1771685564208000,197388,0.19123915,0.10994624,0.4265683,126,0
1771685564276000,1771685564276000,1771685564276000,197388,0.1953281,0.09996871,0.43445355,126,0
1771685564408000,1771685564408000,1771685564344000,197388,0.19943967,0.09354656,0.42565593,126,0
1771685564412000,1771685564412000,1771685564412000,197388,0.1994087,0.07886843,0.4244617,126,0
1771685564544000,1771685564544000,1771685564480000,197388,0.20638813,0.072494656,0.4268589,126,0
1771685564548000,1771685564548000,1771685564548000,197388,0.20748185,0.059772085,0.42833397,126,0
1771685564680000,1771685564680000,1771685564616000,197388,0.21281889,0.049294326,0.42851827,126,0
1771685564684000,1771685564684000,1771685564684000,197388,0.21907334,0.029707156,0.42273277,126,0
1771685564816000,1771685564816000,1771685564752000,197388,0.21005674,0.018334335,0.4316834,126,0
1771685564820000,1771685564820000,1771685564820000,197388,0.2125334,-0.0010981654,0.43372595,126,0
1771685564952000,1771685564952000,1771685564888000,197388,0.20329547,-0.017850505,0.43553972,126,0
1771685564956000,1771685564956000,1771685564956000,197388,0.19739175,-0.048362337,0.43249753,126,0
1771685565088000,1771685565088000,1771685565024000,197388,0.18553242,-0.057659082,0.43994963,126,0
1771685565092000,1771685565092000,1771685565092000,197388,0.17159335,-0.069781244,0.44746694,126,0
1771685565224000,1771685565224000,1771685565160000,197388,0.16206644,-0.092599034,0.44384605,126,0
1771685565228000,1771685565228000,1771685565228000,197388,0.15476862,-0.13201278,0.44364974,126,0
1771685565360000,1771685565360000,1771685565296000,197388,0.13807443,-0.13638525,0.4403798,126,0
1771685565364000,1771685565364000,1771685565364000,197388,0.12565026,-0.156677,0.436098,126,0
1771685565496000,1771685565496000,1771685565432000,197388,0.109460644,-0.17966087,0.4333817,126,0
1771685565500000,1771685565500000,1771685565500000,197388,0.098385535,-0.1991146,0.4311263,126,0
1771685565632000,1771685565632000,1771685565568000,197388,0.08278213,-0.20880912,0.42353243,126,0
1771685565636000,1771685565636000,1771685565636000,197388,0.06505213,-0.2193639,0.41835573,126,0
1771685565768000,1771685565768000,1771685565704000,197388,0.05227004,-0.22414678,0.42114285,126,0
1771685565772000,1771685565772000,1771685565772000,197388,0.04601478,-0.23122634,0.4190206,126,0
1771685565904000,1771685565904000,1771685565840000,197388,0.02632391,-0.23195803,0.420777,126,0
1771685565908000,1771685565908000,1771685565908000,197388,0.0061963443,-0.22801252,0.42337608,126,0
1771685566040000,1771685566040000,1771685565976000,197388,0.0023158886,-0.23184681,0.42027467,126,0
1771685566044000,1771685566044000,1771685566044000,197388,-0.0070982105,-0.22605897,0.41871503,126,0
1771685566176000,1771685566176000,1771685566112000,197388,-0.018768106,-0.22739357,0.421688,126,0
1771685566180000,1771685566180000,1771685566180000,197388,-0.02835725,-0.22283779,0.42279583,126,0
1771685566312000,1771685566312000,1771685566248000,197388,-0.037131753,-0.2232499,0.42445272,126,0
1771685566316000,1771685566316000,1771685566316000,197388,-0.037422303,-0.2242533,0.41658786,126,0
1771685566448000,1771685566448000,1771685566384000,197388,-0.048874103,-0.21569587,0.42640775,126,0
1771685566452000,1771685566452000,1771685566452000,197388,-0.050340917,-0.20801036,0.4278684,126,0
1771685566584000,1771685566584000,1771685566520000,197388,-0.060195137,-0.21012422,0.43006545,126,0
1771685566588000,1771685566588000,1771685566588000,197388,-0.056648143,-0.21066545,0.4296915,126,0
1771685566720000,1771685566720000,1771685566656000,197388,-0.06788251,-0.20364359,0.42957073,126,0
1771685566724000,1771685566724000,1771685566724000,197388,-0.06445263,-0.19515425,0.4279917,126,0
1771685566856000,1771685566856000,1771685566792000,197388,-0.0742772,-0.19927707,0.43179527,126,0
1771685566860000,1771685566860000,1771685566860000,197388,-0.08005929,-0.19567911,0.4336873,126,0
1771685566992000,1771685566992000,1771685566928000,197388,-0.07813532,-0.19511779,0.43221653,126,0
1771685566996000,1771685566996000,1771685566996000,197388,-0.08172921,-0.19647343,0.4362569,126,0
1771685567128000,1771685567128000,1771685567064000,197388,-0.082030356,-0.19053212,0.43306357,126,0
1771685567132000,1771685567132000,1771685567132000,197388,-0.0880194,-0.18787116,0.438922,126,0
1771685567264000,1771685567264000,1771685567200000,197388,-0.08486312,-0.1889913,0.43371114,126,0
1771685567268000,1771685567268000,1771685567268000,197388,-0.0810571,-0.19323845,0.4365595,126,0
1771685567400000,1771685567400000,1771685567336000,197388,-0.08621951,-0.18521062,0.43179256,126,0
1771685567404000,1771685567404000,1771685567404000,197388,-0.08438914,-0.19057566,0.42859942,126,0
1771685567536000,1771685567536000,1771685567472000,197388,-0.084140524,-0.1877943,0.4347062,126,0
1771685567540000,1771685567540000,1771685567540000,197388,-0.082064845,-0.18280733,0.43579748,126,0
1771685567672000,1771685567672000,1771685567608000,197388,-0.08310522,-0.18740396,0.43490827,126,0
1771685567676000,1771685567676000,1771685567676000,197388,-0.08838647,-0.18461935,0.42872158,126,0
1771685567808000,1771685567808000,1771685567744000,197388,-0.07809193,-0.18769522,0.4345715,126,0
1771685567812000,1771685567812000,1771685567812000,197388,-0.07317776,-0.18238895,0.43916696,126,0
1771685567944000,1771685567944000,1771685567880000,197388,-0.07579271,-0.18803304,0.4356882,126,0
1771685567948000,1771685567948000,1771685567948000,197388,-0.06653572,-0.18719767,0.44464394,126,0
1771685568080000,1771685568080000,1771685568016000,197388,-0.07204687,-0.18851663,0.43703243,126,0
1771685568084000,1771685568084000,1771685568084000,197388,-0.06779891,-0.18373086,0.43746433,126,0
1771685568216000,1771685568216000,1771685568152000,197388,-0.06766094,-0.18949974,0.4358762,126,0
1771685568220000,1771685568220000,1771685568220000,197388,-0.059241258,-0.19176196,0.43379077,126,0
1771685568352000,1771685568352000,1771685568288000,197388,-0.06535476,-0.18948871,0.43719319,126,0
1771685568356000,1771685568356000,1771685568356000,197388,-0.055791914,-0.19657727,0.42961654,126,0
1771685568488000,1771685568488000,1771685568424000,197388,-0.061364487,-0.19265853,0.43736672,126,0
1771685568492000,1771685568492000,1771685568492000,197388,-0.06303352,-0.1986599,0.43734187,126,0
1771685568624000,1771685568624000,1771685568560000,197388,-0.058195192,-0.19432548,0.43635562,126,0
1771685568628000,1771685568628000,1771685568628000,197388,-0.06265789,-0.19600537,0.4379731,126,0
1771685568760000,1771685568760000,1771685568696000,197388,-0.05750211,-0.1960982,0.4338323,126,0
1771685568764000,1771685568764000,1771685568764000,197388,-0.053977463,-0.19621979,0.43228146,126,0
1771685568896000,1771685568896000,1771685568832000,197388,-0.056414716,-0.19718847,0.4342973,126,0
1771685568900000,1771685568900000,1771685568900000,197388,-0.056001343,-0.18984978,0.42998445,126,0
1771685569032000,1771685569032000,1771685568968000,197388,-0.05914406,-0.19995219,0.43334275,126,0
1771685569036000,1771685569036000,1771685569036000,197388,-0.060818747,-0.19969068,0.4292109,126,0
1771685569168000,1771685569168000,1771685569104000,197388,-0.06200602,-0.19787823,0.4338072,126,0
1771685569172000,1771685569172000,1771685569172000,197388,-0.06705481,-0.19223735,0.42695165,126,0
1771685569304000,1771685569304000,1771685569240000,197388,-0.061902966,-0.20043924,0.43162245,126,0
1771685569308000,1771685569308000,1771685569308000,197388,-0.06286183,-0.20106804,0.43616107,126,0
1771685569440000,1771685569440000,1771685569376000,197388,-0.06405237,-0.19923022,0.43154964,126,0
1771685569444000,1771685569444000,1771685569444000,197388,-0.05848994,-0.20297226,0.43828192,126,0
1771685569576000,1771685569576000,1771685569512000,197388,-0.06488097,-0.20017229,0.43512574,126,0
1771685569580000,1771685569580000,1771685569580000,197388,-0.06659036,-0.20008823,0.4295527,126,0
1771685569712000,1771685569712000,1771685569648000,197388,-0.06471128,-0.20130865,0.43274343,126,0
1771685569716000,1771685569716000,1771685569716000,197388,-0.0682108,-0.20513208,0.422794,126,0
1771685569848000,1771685569848000,1771685569784000,197388,-0.064992554,-0.19917092,0.4317354,126,0
1771685569852000,1771685569852000,1771685569852000,197388,-0.058699846,-0.211195,0.4296494,126,0
1771685569984000,1771685569984000,1771685569920000,197388,-0.066342466,-0.20100082,0.43234354,126,0
1771685569988000,1771685569988000,1771685569988000,197388,-0.06712274,-0.19811574,0.43649945,126,0
1771685570120000,1771685570120000,1771685570056000,197388,-0.06586272,-0.20205517,0.43117097,126,0
1771685570124000,1771685570124000,1771685570124000,197388,-0.060406215,-0.20060904,0.43490908,126,0
1771685570256000,1771685570256000,1771685570192000,197388,-0.06688987,-0.20075952,0.43130416,126,0
1771685570260000,1771685570260000,1771685570260000,197388,-0.07729549,-0.20476621,0.43420106,126,0
1771685570392000,1771685570392000,1771685570328000,197388,-0.06666323,-0.20150244,0.43284205,126,0
1771685570396000,1771685570396000,1771685570396000,197388,-0.059508197,-0.19825296,0.4302229,126,0
1771685570528000,1771685570528000,1771685570464000,197388,-0.06689722,-0.20089638,0.43262246,126,0
1771685570532000,1771685570532000,1771685570532000,197388,-0.0626973,-0.20498103,0.4373461,126,0
1771685570664000,1771685570664000,1771685570600000,197388,-0.065939985,-0.20196465,0.43118662,126,0
1771685570668000,1771685570668000,1771685570668000,197388,-0.060558774,-0.20819415,0.43353537,126,0
1771685570800000,1771685570800000,1771685570736000,197388,-0.06708591,-0.2014956,0.43242744,126,0
1771685570804000,1771685570804000,1771685570804000,197388,-0.06531451,-0.20578502,0.42897236,126,0
1771685570936000,1771685570936000,1771685570872000,197388,-0.068558775,-0.20066063,0.43177995,126,0
1771685570940000,1771685570940000,1771685570940000,197388,-0.063679196,-0.20549059,0.4333408,126,0
1771685571072000,1771685571072000,1771685571008000,197388,-0.06754898,-0.2001997,0.43156737,126,0
1771685571076000,1771685571076000,1771685571076000,197388,-0.071468286,-0.21094365,0.43640375,126,0
1771685571208000,1771685571208000,1771685571144000,197388,-0.067127906,-0.19993559,0.43025208,126,0
1771685571212000,1771685571212000,1771685571212000,197388,-0.06933929,-0.19898328,0.42304888,126,0
1771685571344000,1771685571344000,1771685571280000,197388,-0.066737756,-0.2003688,0.43144816,126,0
1771685571348000,1771685571348000,1771685571348000,197388,-0.0695639,-0.20331912,0.4356479,126,0
1771685571480000,1771685571480000,1771685571416000,197388,-0.06591782,-0.20061953,0.43126044,126,0
1771685571484000,1771685571484000,1771685571484000,197388,-0.06375607,-0.1936684,0.43359864,126,0
1771685571616000,1771685571616000,1771685571552000,197388,-0.06684645,-0.20059374,0.43233615,126,0
1771685571620000,1771685571620000,1771685571620000,197388,-0.063479,-0.18803118,0.42644504,126,0
1771685571752000,1771685571752000,1771685571688000,197388,-0.06885979,-0.19913943,0.43232632,126,0
1771685571756000,1771685571756000,1771685571756000,197388,-0.068239346,-0.20446688,0.42617962,126,0
1771685571888000,1771685571888000,1771685571824000,197388,-0.06718892,-0.19859362,0.43208894,126,0
1771685571892000,1771685571892000,1771685571892000,197388,-0.07509305,-0.19368432,0.43564537,126,0
1771685572024000,1771685572024000,1771685571960000,197388,-0.068101965,-0.19938488,0.431958,126,0
1771685572028000,1771685572028000,1771685572028000,197388,-0.066868775,-0.19985794,0.43386263,126,0
1771685572160000,1771685572160000,1771685572096000,197388,-0.069869675,-0.19943993,0.43312985,126,0
1771685572164000,1771685572164000,1771685572164000,197388,-0.0709267,-0.20700115,0.43213674,126,0
1771685572296000,1771685572296000,1771685572232000,197388,-0.06902387,-0.19876586,0.43330443,126,0
1771685572300000,1771685572300000,1771685572300000,197388,-0.068312824,-0.20141214,0.42740288,126,0
1771685572432000,1771685572432000,1771685572368000,197388,-0.06888951,-0.19812061,0.43271977,126,0
1771685572436000,1771685572436000,1771685572436000,197388,-0.06843321,-0.20331971,0.42876413,126,0
1771685572568000,1771685572568000,1771685572504000,197388,-0.06720425,-0.19794863,0.43145356,126,0
1771685572572000,1771685572572000,1771685572572000,197388,-0.07913923,-0.1999702,0.4227224,126,0
1771685572704000,1771685572704000,1771685572640000,197388,-0.06831678,-0.19637488,0.43297204,126,0
1771685572708000,1771685572708000,1771685572708000,197388,-0.06384489,-0.19653995,0.4380424,126,0
1771685572840000,1771685572840000,1771685572776000,197388,-0.06780815,-0.19804463,0.4337002,126,0
1771685572844000,1771685572844000,1771685572844000,197388,-0.070059866,-0.20181738,0.44055727,126,0
1771685572976000,1771685572976000,1771685572912000,197388,-0.06911723,-0.19746616,0.43333256,126,0
1771685572980000,1771685572980000,1771685572980000,197388,-0.07446074,-0.19814435,0.43430728,126,0
1771685573112000,1771685573112000,1771685573048000,197388,-0.06807792,-0.19654286,0.43153265,126,0
1771685573116000,1771685573116000,1771685573116000,197388,-0.06699021,-0.20409243,0.43674567,126,0
1771685573248000,1771685573248000,1771685573184000,197388,-0.06931941,-0.19609371,0.43350372,126,0
1771685573252000,1771685573252000,1771685573252000,197388,-0.07037324,-0.20229456,0.43290368,126,0
1771685573384000,1771685573384000,1771685573320000,197388,-0.06950975,-0.19700897,0.43187252,126,0
1771685573388000,1771685573388000,1771685573388000,197388,-0.06558097,-0.1866369,0.43831992,126,0
1771685573520000,1771685573520000,1771685573456000,197388,-0.07016119,-0.19580388,0.4332044,126,0
1771685573524000,1771685573524000,1771685573524000,197388,-0.071528435,-0.19832097,0.43716806,126,0
1771685573656000,1771685573656000,1771685573592000,197388,-0.070170805,-0.19519724,0.4327285,126,0
1771685573660000,1771685573660000,1771685573660000,197388,-0.06570055,-0.20064971,0.4439945,126,0
1771685573792000,1771685573792000,1771685573728000,197388,-0.07024818,-0.19793557,0.43362093,126,0
1771685573796000,1771685573796000,1771685573796000,197388,-0.06630905,-0.1902376,0.43064967,126,0
1771685573928000,1771685573928000,1771685573864000,197388,-0.070674405,-0.19584772,0.4330045,126,0
1771685573932000,1771685573932000,1771685573932000,197388,-0.065029375,-0.19642982,0.43828043,126,0
1771685574064000,1771685574064000,1771685574000000,197388,-0.0692532,-0.19594993,0.43283257,126,0
1771685574068000,1771685574068000,1771685574068000,197388,-0.07424751,-0.2023642,0.43078867,126,0
1771685574200000,1771685574200000,1771685574136000,197388,-0.06903151,-0.19660813,0.4331432,126,0
1771685574204000,1771685574204000,1771685574204000,197388,-0.071182646,-0.19160041,0.42984253,126,0
1771685574336000,1771685574336000,1771685574272000,197388,-0.06890676,-0.19660182,0.43178385,126,0
1771685574340000,1771685574340000,1771685574340000,197388,-0.07575409,-0.19259384,0.43486926,126,0
1771685574472000,1771685574472000,1771685574408000,197388,-0.06911629,-0.19822492,0.43157458,126,0
1771685574476000,1771685574476000,1771685574476000,197388,-0.069190025,-0.18868452,0.44017768,126,0
1771685574608000,1771685574608000,1771685574544000,197388,-0.069963336,-0.1958839,0.4333651,126,0
1771685574612000,1771685574612000,1771685574612000,197388,-0.07433026,-0.205747,0.43692106,126,0
1771685574744000,1771685574744000,1771685574680000,197388,-0.070862785,-0.19857563,0.4331711,126,0
1771685574748000,1771685574748000,1771685574748000,197388,-0.081030495,-0.2000265,0.43848112,126,0
1771685574880000,1771685574880000,1771685574816000,197388,-0.067830585,-0.1993378,0.4320973,126,0
1771685574884000,1771685574884000,1771685574884000,197388,-0.069943614,-0.20176756,0.43669555,126,0
1771685575016000,1771685575016000,1771685574952000,197388,-0.06948227,-0.19963893,0.4323243,126,0
1771685575020000,1771685575020000,1771685575020000,197388,-0.070430584,-0.18321225,0.44123852,126,0
1771685575152000,1771685575152000,1771685575088000,197388,-0.06879135,-0.19784646,0.4316186,126,0
1771685575156000,1771685575156000,1771685575156000,197388,-0.070780955,-0.19842799,0.43046463,126,0
1771685575288000,1771685575288000,1771685575224000,197388,-0.06953103,-0.1977034,0.4317626,126,0
1771685575292000,1771685575292000,1771685575292000,197388,-0.0657976,-0.19263056,0.42787504,126,0
1771685575424000,1771685575424000,1771685575360000,197388,-0.070889,-0.19798972,0.43238053,126,0
1771685575428000,1771685575428000,1771685575428000,197388,-0.06883764,-0.19472603,0.43461195,126,0
1771685575560000,1771685575560000,1771685575496000,197388,-0.071729444,-0.19861862,0.43208203,126,0
1771685575564000,1771685575564000,1771685575564000,197388,-0.07116444,-0.19895488,0.4362152,126,0
1771685575696000,1771685575696000,1771685575632000,197388,-0.0711478,-0.197412,0.43301234,126,0
1771685575700000,1771685575700000,1771685575700000,197388,-0.07001356,-0.1991083,0.42531875,126,0
1771685575832000,1771685575832000,1771685575768000,197388,-0.07166752,-0.1986226,0.43143293,126,0
1771685575836000,1771685575836000,1771685575836000,197388,-0.074209794,-0.20231798,0.4310954,126,0
1771685575968000,1771685575968000,1771685575904000,197388,-0.070405126,-0.19702235,0.43239322,126,0
1771685575972000,1771685575972000,1771685575972000,197388,-0.07384251,-0.19584547,0.43684936,126,0
1771685576104000,1771685576104000,1771685576040000,197388,-0.07120158,-0.19683789,0.43404904,126,0
1771685576108000,1771685576108000,1771685576108000,197388,-0.06565451,-0.18667911,0.4341004,126,0
1771685576240000,1771685576240000,1771685576176000,197388,-0.07112499,-0.19811434,0.43243328,126,0
1771685576244000,1771685576244000,1771685576244000,197388,-0.06252816,-0.20000137,0.43135932,126,0
1771685576376000,1771685576376000,1771685576312000,197388,-0.0705134,-0.19538465,0.43090695,126,0
1771685576380000,1771685576380000,1771685576380000,197388,-0.064183645,-0.19771187,0.43292594,126,0
1771685576512000,1771685576512000,1771685576448000,197388,-0.07154226,-0.19670603,0.43344522,126,0
1771685576516000,1771685576516000,1771685576516000,197388,-0.069831744,-0.19312851,0.4344659,126,0
1771685576648000,1771685576648000,1771685576584000,197388,-0.07038576,-0.19595006,0.4316762,126,0
1771685576652000,1771685576652000,1771685576652000,197388,-0.07061644,-0.19476502,0.43556032,126,0
1771685576784000,1771685576784000,1771685576720000,197388,-0.071427666,-0.19762197,0.43205437,126,0
1771685576788000,1771685576788000,1771685576788000,197388,-0.07221325,-0.19264965,0.43452403,126,0
1771685576920000,1771685576920000,1771685576856000,197388,-0.07323926,-0.19622746,0.43386433,126,0
1771685576924000,1771685576924000,1771685576924000,197388,-0.06321438,-0.19143258,0.43312728,126,0
1771685577056000,1771685577056000,1771685576992000,197388,-0.0720394,-0.19605394,0.43407533,126,0
1771685577060000,1771685577060000,1771685577060000,197388,-0.07347876,-0.19690928,0.43028215,126,0
1771685577192000,1771685577192000,1771685577128000,197388,-0.07319893,-0.19605991,0.43311733,126,0
1771685577196000,1771685577196000,1771685577196000,197388,-0.06549205,-0.200523,0.4303763,126,0
1771685577328000,1771685577328000,1771685577264000,197388,-0.07210818,-0.19610544,0.43448636,126,0
1771685577332000,1771685577332000,1771685577332000,197388,-0.074973375,-0.1856157,0.43272442,126,0
1771685577464000,1771685577464000,1771685577400000,197388,-0.068940125,-0.19660898,0.4326467,126,0
1771685577468000,1771685577468000,1771685577468000,197388,-0.06926694,-0.19628951,0.43265557,126,0
1771685577600000,1771685577600000,1771685577536000,197388,-0.07060108,-0.19556843,0.43322656,126,0
1771685577604000,1771685577604000,1771685577604000,197388,-0.06823973,-0.20441024,0.42923656,126,0
1771685577736000,1771685577736000,1771685577672000,197388,-0.07140707,-0.19751996,0.43339378,126,0
1771685577740000,1771685577740000,1771685577740000,197388,-0.068397895,-0.202325,0.43031752,126,0
1771685577872000,1771685577872000,1771685577808000,197388,-0.07203208,-0.19657905,0.43176162,126,0
1771685577876000,1771685577876000,1771685577876000,197388,-0.07481105,-0.1934733,0.43359524,126,0
1771685578008000,1771685578008000,1771685577944000,197388,-0.07132006,-0.19457291,0.43285006,126,0
1771685578012000,1771685578012000,1771685578012000,197388,-0.068107374,-0.20189513,0.43064648,126,0
1771685578144000,1771685578144000,1771685578080000,197388,-0.069721416,-0.19903688,0.43173552,126,0
1771685578148000,1771685578148000,1771685578148000,197388,-0.066585876,-0.19013876,0.44313347,126,0
1771685578280000,1771685578280000,1771685578216000,197388,-0.07093144,-0.19666246,0.43248567,126,0
1771685578284000,1771685578284000,1771685578284000,197388,-0.075321406,-0.20224318,0.42940652,126,0
1771685578416000,1771685578416000,1771685578352000,197388,-0.07055782,-0.19672866,0.43293536,126,0
1771685578420000,1771685578420000,1771685578420000,197388,-0.06796242,-0.20302437,0.42396402,126,0
1771685578552000,1771685578552000,1771685578488000,197388,-0.069126,-0.19899909,0.43254644,126,0
1771685578556000,1771685578556000,1771685578556000,197388,-0.07492583,-0.19964217,0.43238863,126,0
1771685578688000,1771685578688000,1771685578624000,197388,-0.06891126,-0.19796301,0.43130475,126,0
1771685578692000,1771685578692000,1771685578692000,197388,-0.06369451,-0.2001735,0.42858332,126,0
1771685578824000,1771685578824000,1771685578760000,197388,-0.06971636,-0.19736616,0.4313439,126,0
1771685578828000,1771685578828000,1771685578828000,197388,-0.06154709,-0.19601122,0.4300816,126,0
1771685578960000,1771685578960000,1771685578896000,197388,-0.07007311,-0.19872135,0.431362,126,0
1771685578964000,1771685578964000,1771685578964000,197388,-0.07099538,-0.204225,0.4219631,126,0
1771685579096000,1771685579096000,1771685579032000,197388,-0.07010947,-0.19811833,0.4322891,126,0
1771685579100000,1771685579100000,1771685579100000,197388,-0.07012466,-0.18931638,0.43080094,126,0
1771685579232000,1771685579232000,1771685579168000,197388,-0.07035611,-0.20020513,0.4314577,126,0
1771685579236000,1771685579236000,1771685579236000,197388,-0.061279282,-0.19368732,0.42607164,126,0
1771685579368000,1771685579368000,1771685579304000,197388,-0.06855685,-0.19889383,0.43037602,126,0
1771685579372000,1771685579372000,1771685579372000,197388,-0.07400718,-0.20757614,0.43903473,126,0
1771685579504000,1771685579504000,1771685579440000,197388,-0.07078396,-0.19891556,0.4313533,126,0
1771685579508000,1771685579508000,1771685579508000,197388,-0.06942638,-0.19705775,0.4296124,126,0
1771685579640000,1771685579640000,1771685579576000,197388,-0.069358505,-0.19889088,0.43130898,126,0
1771685579644000,1771685579644000,1771685579644000,197388,-0.070305884,-0.20316015,0.43258741,126,0
1771685579776000,1771685579776000,1771685579712000,197388,-0.07041645,-0.19870986,0.43171987,126,0
1771685579780000,1771685579780000,1771685579780000,197388,-0.07031045,-0.19847587,0.44320476,126,0
1771685579912000,1771685579912000,1771685579848000,197388,-0.06889413,-0.20022307,0.43208542,126,0
1771685579916000,1771685579916000,1771685579916000,197388,-0.07895425,-0.20043604,0.43112215,126,0
1771685580048000,1771685580048000,1771685579984000,197388,-0.06961938,-0.1981365,0.43296254,126,0
1771685580052000,1771685580052000,1771685580052000,197388,-0.06086199,-0.198995,0.4254374,126,0
1771685580184000,1771685580184000,1771685580120000,197388,-0.070742205,-0.19886991,0.43272898,126,0
1771685580188000,1771685580188000,1771685580188000,197388,-0.06845519,-0.19233342,0.44026315,126,0
1771685580320000,1771685580320000,1771685580256000,197388,-0.06901506,-0.19786778,0.43296307,126,0
1771685580324000,1771685580324000,1771685580324000,197388,-0.072101384,-0.19304289,0.43022236,126,0
1771685580456000,1771685580456000,1771685580392000,197388,-0.06907427,-0.19684911,0.43243256,126,0
1771685580460000,1771685580460000,1771685580460000,197388,-0.06748862,-0.19910024,0.43345258,126,0
1771685580592000,1771685580592000,1771685580528000,197388,-0.07004301,-0.19768278,0.43308803,126,0
1771685580596000,1771685580596000,1771685580596000,197388,-0.06258197,-0.20049381,0.43145007,126,0
1771685580728000,1771685580728000,1771685580664000,197388,-0.0715055,-0.19613613,0.43219313,126,0
1771685580732000,1771685580732000,1771685580732000,197388,-0.07630863,-0.19193421,0.42727202,126,0
1771685580864000,1771685580864000,1771685580800000,197388,-0.07238724,-0.19608429,0.43247908,126,0
1771685580868000,1771685580868000,1771685580868000,197388,-0.06634716,-0.19530478,0.44008487,126,0
1771685581000000,1771685581000000,1771685580936000,197388,-0.07250956,-0.19626437,0.4339719,126,0
1771685581004000,1771685581004000,1771685581004000,197388,-0.06779141,-0.19563027,0.43328705,126,0
1771685581136000,1771685581136000,1771685581072000,197388,-0.07100289,-0.19584186,0.43425944,126,0
1771685581140000,1771685581140000,1771685581140000,197388,-0.077126384,-0.19009829,0.43201932,126,0
1771685581272000,1771685581272000,1771685581208000,197388,-0.07135454,-0.1954636,0.4337865,126,0
1771685581276000,1771685581276000,1771685581276000,197388,-0.06677874,-0.20341559,0.43741813,126,0
1771685581408000,1771685581408000,1771685581344000,197388,-0.07181691,-0.19492663,0.43269482,126,0
1771685581412000,1771685581412000,1771685581412000,197388,-0.07430035,-0.20125616,0.4363102,126,0
1771685581544000,1771685581544000,1771685581480000,197388,-0.07174956,-0.1974117,0.43303573,126,0
1771685581548000,1771685581548000,1771685581548000,197388,-0.0700643,-0.19477025,0.4277473,126,0
1771685581680000,1771685581680000,1771685581616000,197388,-0.07397595,-0.19705042,0.4322825,126,0
1771685581684000,1771685581684000,1771685581684000,197388,-0.06678176,-0.20102666,0.43091294,126,0
1771685581816000,1771685581816000,1771685581752000,197388,-0.07345558,-0.19609626,0.43375593,126,0
1771685581820000,1771685581820000,1771685581820000,197388,-0.06846906,-0.1872984,0.43943164,126,0
1771685581952000,1771685581952000,1771685581888000,197388,-0.07271406,-0.1963194,0.43317854,126,0
1771685581956000,1771685581956000,1771685581956000,197388,-0.07494675,-0.19161619,0.4324105,126,0
1771685582088000,1771685582088000,1771685582024000,197388,-0.0718919,-0.19742058,0.4331743,126,0
1771685582092000,1771685582092000,1771685582092000,197388,-0.0731913,-0.1967098,0.4374542,126,0
1771685582224000,1771685582224000,1771685582160000,197388,-0.07028878,-0.19614586,0.43347776,126,0
1771685582228000,1771685582228000,1771685582228000,197388,-0.071582265,-0.19786428,0.43328005,126,0
1771685582360000,1771685582360000,1771685582296000,197388,-0.07059121,-0.19694877,0.43326673,126,0
1771685582364000,1771685582364000,1771685582364000,197388,-0.071877606,-0.19162524,0.43663362,126,0
1771685582496000,1771685582496000,1771685582432000,197388,-0.06988754,-0.19936706,0.43223953,126,0
1771685582500000,1771685582500000,1771685582500000,197388,-0.068143256,-0.20308124,0.43776017,126,0
1771685582632000,1771685582632000,1771685582568000,197388,-0.067520425,-0.19972987,0.43160412,126,0
1771685582636000,1771685582636000,1771685582636000,197388,-0.061042648,-0.20873751,0.428321,126,0
1771685582768000,1771685582768000,1771685582704000,197388,-0.06745717,-0.199097,0.43106872,126,0
1771685582772000,1771685582772000,1771685582772000,197388,-0.06808113,-0.19922768,0.4328481,126,0
1771685582904000,1771685582904000,1771685582840000,197388,-0.067169026,-0.19997798,0.43168488,126,0
1771685582908000,1771685582908000,1771685582908000,197388,-0.06942437,-0.2020902,0.4356872,126,0
1771685583040000,1771685583040000,1771685582976000,197388,-0.06683203,-0.20290293,0.4309435,126,0
1771685583044000,1771685583044000,1771685583044000,197388,-0.063669376,-0.20330083,0.4371567,126,0
1771685583176000,1771685583176000,1771685583112000,197388,-0.06690274,-0.20054664,0.43125543,126,0
1771685583180000,1771685583180000,1771685583180000,197388,-0.071623035,-0.20090383,0.43341434,126,0
1771685583312000,1771685583312000,1771685583248000,197388,-0.066786185,-0.20122325,0.42846492,126,0
1771685583316000,1771685583316000,1771685583316000,197388,-0.07333298,-0.20097744,0.44126213,126,0
1771685583448000,1771685583448000,1771685583384000,197388,-0.06733835,-0.20123473,0.43003148,126,0
1771685583452000,1771685583452000,1771685583452000,197388,-0.064968534,-0.20746875,0.43320495,126,0
1771685583584000,1771685583584000,1771685583520000,197388,-0.06739781,-0.20196009,0.4298397,126,0
1771685583588000,1771685583588000,1771685583588000,197388,-0.07578833,-0.1991183,0.42755914,126,0
1771685583720000,1771685583720000,1771685583656000,197388,-0.067349456,-0.20047902,0.43197244,126,0
1771685583724000,1771685583724000,1771685583724000,197388,-0.055675577,-0.20687816,0.42870703,126,0
1771685583856000,1771685583856000,1771685583792000,197388,-0.06609445,-0.20057054,0.43122575,126,0
1771685583860000,1771685583860000,1771685583860000,197388,-0.07094658,-0.19600713,0.43245372,126,0
1771685583992000,1771685583992000,1771685583928000,197388,-0.067169815,-0.1991729,0.43197381,126,0
1771685583996000,1771685583996000,1771685583996000,197388,-0.064475715,-0.20356236,0.42981973,126,0
1771685584128000,1771685584128000,1771685584064000,197388,-0.069560446,-0.1987296,0.43178073,126,0
1771685584132000,1771685584132000,1771685584132000,197388,-0.06081913,-0.20348278,0.43150416,126,0
1771685584264000,1771685584264000,1771685584200000,197388,-0.068799116,-0.1992426,0.43101162,126,0
1771685584268000,1771685584268000,1771685584268000,197388,-0.06409295,-0.1926745,0.42637566,126,0
1771685584400000,1771685584400000,1771685584336000,197388,-0.06773927,-0.19920541,0.43257326,126,0
1771685584404000,1771685584404000,1771685584404000,197388,-0.062194154,-0.19649394,0.4326776,126,0
1771685584536000,1771685584536000,1771685584472000,197388,-0.068975054,-0.1984712,0.4312844,126,0
1771685584540000,1771685584540000,1771685584540000,197388,-0.06850541,-0.2060726,0.4344458,126,0
1771685584672000,1771685584672000,1771685584608000,197388,-0.07076611,-0.19957106,0.4328917,126,0
1771685584676000,1771685584676000,1771685584676000,197388,-0.0671302,-0.19984502,0.42651132,126,0
1771685584808000,1771685584808000,1771685584744000,197388,-0.07009596,-0.19771415,0.43397108,126,0
1771685584812000,1771685584812000,1771685584812000,197388,-0.0780469,-0.20492828,0.43307486,126,0
1771685584944000,1771685584944000,1771685584880000,197388,-0.07061476,-0.19828102,0.43296516,126,0
1771685584948000,1771685584948000,1771685584948000,197388,-0.0720193,-0.19856223,0.42587978,126,0
1771685585080000,1771685585080000,1771685585016000,197388,-0.07123463,-0.1958333,0.43382663,126,0
1771685585084000,1771685585084000,1771685585084000,197388,-0.06971522,-0.1888457,0.43383414,126,0
1771685585216000,1771685585216000,1771685585152000,197388,-0.07102082,-0.19763409,0.43178406,126,0
1771685585220000,1771685585220000,1771685585220000,197388,-0.0774173,-0.19828917,0.43167037,126,0
1771685585352000,1771685585352000,1771685585288000,197388,-0.071815744,-0.1982721,0.43233377,126,0
1771685585356000,1771685585356000,1771685585356000,197388,-0.06939405,-0.1958018,0.42715356,126,0
1771685585488000,1771685585488000,1771685585424000,197388,-0.07187096,-0.19610396,0.43296254,126,0
1771685585492000,1771685585492000,1771685585492000,197388,-0.07077486,-0.20661667,0.4270149,126,0
1771685585624000,1771685585624000,1771685585560000,197388,-0.070464574,-0.19537859,0.43227303,126,0
1771685585628000,1771685585628000,1771685585628000,197388,-0.07233071,-0.20801531,0.4388288,126,0
1771685585760000,1771685585760000,1771685585696000,197388,-0.07095246,-0.19610827,0.4340416,126,0
1771685585764000,1771685585764000,1771685585764000,197388,-0.07704441,-0.19273409,0.43129313,126,0
1771685585896000,1771685585896000,1771685585832000,197388,-0.07067588,-0.1959263,0.43364364,126,0
1771685585900000,1771685585900000,1771685585900000,197388,-0.07220609,-0.19448513,0.43120557,126,0
1771685586032000,1771685586032000,1771685585968000,197388,-0.07199642,-0.19644552,0.43509775,126,0
1771685586036000,1771685586036000,1771685586036000,197388,-0.06796818,-0.18747047,0.43623963,126,0
1771685586168000,1771685586168000,1771685586104000,197388,-0.06922911,-0.19656372,0.43306416,126,0
1771685586172000,1771685586172000,1771685586172000,197388,-0.07614129,-0.18904923,0.43038034,126,0
1771685586304000,1771685586304000,1771685586240000,197388,-0.06974268,-0.19578607,0.43329316,126,0
1771685586308000,1771685586308000,1771685586308000,197388,-0.063292496,-0.19547497,0.43573374,126,0
1771685586440000,1771685586440000,1771685586376000,197388,-0.06971111,-0.1970175,0.4329854,126,0
1771685586444000,1771685586444000,1771685586444000,197388,-0.074882306,-0.20166,0.43937197,126,0
1771685586576000,1771685586576000,1771685586512000,197388,-0.06948069,-0.19471912,0.43231016,126,0
1771685586580000,1771685586580000,1771685586580000,197388,-0.06769232,-0.19849369,0.43248478,126,0
1771685586712000,1771685586712000,1771685586648000,197388,-0.07188572,-0.1966281,0.4330659,126,0
1771685586716000,1771685586716000,1771685586716000,197388,-0.0667019,-0.19606334,0.4283057,126,0
1771685586848000,1771685586848000,1771685586784000,197388,-0.069857895,-0.19671236,0.43185616,126,0
1771685586852000,1771685586852000,1771685586852000,197388,-0.06449081,-0.18973266,0.43125036,126,0
1771685586984000,1771685586984000,1771685586920000,197388,-0.07034183,-0.19691253,0.43334264,126,0
1771685586988000,1771685586988000,1771685586988000,197388,-0.06115655,-0.2030013,0.43293506,126,0
1771685587120000,1771685587120000,1771685587056000,197388,-0.07102406,-0.1950001,0.43232825,126,0
1771685587124000,1771685587124000,1771685587124000,197388,-0.07596539,-0.196062,0.43284693,126,0
1771685587256000,1771685587256000,1771685587192000,197388,-0.078679174,-0.19658878,0.43072113,126,0
1771685587260000,1771685587260000,1771685587260000,197388,-0.08175445,-0.20190111,0.42967346,126,0
1771685587392000,1771685587392000,1771685587328000,197388,-0.097841635,-0.1952459,0.42680934,126,0
1771685587396000,1771685587396000,1771685587396000,197388,-0.117078185,-0.20393947,0.42978165,126,0
1771685587528000,1771685587528000,1771685587464000,197388,-0.11872861,-0.19142582,0.42367992,126,0
1771685587532000,1771685587532000,1771685587532000,197388,-0.12985103,-0.18859023,0.42391655,126,0
1771685587664000,1771685587664000,1771685587600000,197388,-0.13642351,-0.19101979,0.4201278,126,0
1771685587668000,1771685587668000,1771685587668000,197388,-0.1419008,-0.19621713,0.4211684,126,0
1771685587800000,1771685587800000,1771685587736000,197388,-0.14576995,-0.19370021,0.41548386,126,0
1771685587804000,1771685587804000,1771685587804000,197388,-0.1481943,-0.19054936,0.40959048,126,0
1771685587936000,1771685587936000,1771685587872000,197388,-0.15236804,-0.19580312,0.411793,126,0
1771685587940000,1771685587940000,1771685587940000,197388,-0.16029246,-0.19608118,0.4144465,126,0
1771685588072000,1771685588072000,1771685588008000,197388,-0.15404344,-0.19758226,0.41077697,126,0
1771685588076000,1771685588076000,1771685588076000,197388,-0.16251683,-0.20274426,0.4065339,126,0
1771685588208000,1771685588208000,1771685588144000,197388,-0.1565751,-0.20070745,0.41058257,126,0
1771685588212000,1771685588212000,1771685588212000,197388,-0.1608242,-0.20625627,0.41757044,126,0
1771685588344000,1771685588344000,1771685588280000,197388,-0.1568441,-0.201506,0.4080469,126,0
1771685588348000,1771685588348000,1771685588348000,197388,-0.15571931,-0.20427014,0.41482058,126,0
1771685588480000,1771685588480000,1771685588416000,197388,-0.15620166,-0.20157668,0.40604392,126,0
1771685588484000,1771685588484000,1771685588484000,197388,-0.15161161,-0.20991966,0.40509397,126,0
1771685588616000,1771685588616000,1771685588552000,197388,-0.15680976,-0.20380893,0.40490812,126,0
1771685588620000,1771685588620000,1771685588620000,197388,-0.1503593,-0.20167024,0.40386564,126,0
1771685588752000,1771685588752000,1771685588688000,197388,-0.1532602,-0.20435455,0.40586233,126,0
1771685588756000,1771685588756000,1771685588756000,197388,-0.15100534,-0.21184017,0.40252438,126,0
1771685588888000,1771685588888000,1771685588824000,197388,-0.15259379,-0.20814107,0.40641314,126,0
1771685588892000,1771685588892000,1771685588892000,197388,-0.14629091,-0.21041618,0.4039558,126,0
1771685589024000,1771685589024000,1771685588960000,197388,-0.14727099,-0.21045214,0.40664983,126,0
1771685589028000,1771685589028000,1771685589028000,197388,-0.1539276,-0.22040021,0.41000926,126,0
1771685589160000,1771685589160000,1771685589096000,197388,-0.14454846,-0.21188432,0.4058716,126,0
1771685589164000,1771685589164000,1771685589164000,197388,-0.14881642,-0.20963457,0.40348634,126,0
1771685589296000,1771685589296000,1771685589232000,197388,-0.13781665,-0.20978306,0.4074874,126,0
1771685589300000,1771685589300000,1771685589300000,197388,-0.13191825,-0.21119294,0.40675297,126,0
1771685589432000,1771685589432000,1771685589368000,197388,-0.13388453,-0.20843248,0.41251808,126,0
1771685589436000,1771685589436000,1771685589436000,197388,-0.13601495,-0.2007169,0.41525504,126,0
1771685589568000,1771685589568000,1771685589504000,197388,-0.12625459,-0.20739572,0.41494352,126,0
1771685589572000,1771685589572000,1771685589572000,197388,-0.12677471,-0.195759,0.4165799,126,0
1771685589704000,1771685589704000,1771685589640000,197388,-0.121209726,-0.20548297,0.41645908,126,0
1771685589708000,1771685589708000,1771685589708000,197388,-0.12842442,-0.19565897,0.41494098,126,0
1771685589840000,1771685589840000,1771685589776000,197388,-0.11763335,-0.20397052,0.41963604,126,0
1771685589844000,1771685589844000,1771685589844000,197388,-0.112240635,-0.20853913,0.41408896,126,0
1771685589976000,1771685589976000,1771685589912000,197388,-0.11383982,-0.20365508,0.42161196,126,0
1771685589980000,1771685589980000,1771685589980000,197388,-0.112912916,-0.20935084,0.42101797,126,0
1771685590112000,1771685590112000,1771685590048000,197388,-0.11924743,-0.20969951,0.41670668,126,0
1771685590116000,1771685590116000,1771685590116000,197388,-0.12902792,-0.21202727,0.4141455,126,0
1771685590248000,1771685590248000,1771685590184000,197388,-0.13192457,-0.21842623,0.40779537,126,0
1771685590252000,1771685590252000,1771685590252000,197388,-0.14232382,-0.22907582,0.39967737,126,0
1771685590384000,1771685590384000,1771685590320000,197388,-0.1439912,-0.23559554,0.39337516,126,0
1771685590388000,1771685590388000,1771685590388000,197388,-0.15296197,-0.25080997,0.38374156,126,0
1771685590520000,1771685590520000,1771685590456000,197388,-0.15161392,-0.25712737,0.3755681,126,0
1771685590524000,1771685590524000,1771685590524000,197388,-0.15747058,-0.26723266,0.36458075,126,0
1771685590656000,1771685590656000,1771685590592000,197388,-0.15463957,-0.27915817,0.35952443,126,0
1771685590660000,1771685590660000,1771685590660000,197388,-0.14984442,-0.27848652,0.35521743,126,0
1771685590792000,1771685590792000,1771685590728000,197388,-0.14959902,-0.28451765,0.35658914,126,0
1771685590796000,1771685590796000,1771685590796000,197388,-0.14349781,-0.28269336,0.3646204,126,0
1771685590928000,1771685590928000,1771685590864000,197388,-0.13592592,-0.28290197,0.36462724,126,0
1771685590932000,1771685590932000,1771685590932000,197388,-0.12063801,-0.2776395,0.3687938,126,0
1771685591064000,1771685591064000,1771685591000000,197388,-0.11456959,-0.270459,0.3795966,126,0
1771685591068000,1771685591068000,1771685591068000,197388,-0.09400243,-0.26056397,0.39061072,126,0
1771685591200000,1771685591200000,1771685591136000,197388,-0.08389782,-0.260854,0.39511126,126,0
1771685591204000,1771685591204000,1771685591204000,197388,-0.06717475,-0.25922394,0.39516184,126,0
1771685591336000,1771685591336000,1771685591272000,197388,-0.05293679,-0.25037533,0.40689242,126,0
1771685591340000,1771685591340000,1771685591340000,197388,-0.04370866,-0.25137568,0.41072202,126,0
1771685591472000,1771685591472000,1771685591408000,197388,-0.028193347,-0.2518648,0.40897208,126,0
1771685591476000,1771685591476000,1771685591476000,197388,-0.022256576,-0.2559371,0.3980065,126,0
1771685591608000,1771685591608000,1771685591544000,197388,-0.0039878334,-0.26584083,0.3979787,126,0
1771685591612000,1771685591612000,1771685591612000,197388,0.008577245,-0.28134704,0.39521223,126,0
1771685591744000,1771685591744000,1771685591680000,197388,0.022235878,-0.28355157,0.38753057,126,0
1771685591748000,1771685591748000,1771685591748000,197388,0.035196844,-0.28559643,0.3830133,126,0
1771685591880000,1771685591880000,1771685591816000,197388,0.05057056,-0.30240095,0.36975992,126,0
1771685591884000,1771685591884000,1771685591884000,197388,0.0672393,-0.3005222,0.36450526,126,0
1771685592016000,1771685592016000,1771685591952000,197388,0.084430434,-0.30881953,0.35644615,126,0
1771685592020000,1771685592020000,1771685592020000,197388,0.10226006,-0.31213158,0.34417772,126,0
1771685592152000,1771685592152000,1771685592088000,197388,0.118347354,-0.3091123,0.34885332,126,0
1771685592156000,1771685592156000,1771685592156000,197388,0.13111244,-0.30148983,0.3451273,126,0
1771685592288000,1771685592288000,1771685592224000,197388,0.15441726,-0.29566047,0.34701392,126,0
1771685592292000,1771685592292000,1771685592292000,197388,0.16181983,-0.2816207,0.3412184,126,0
1771685592424000,1771685592424000,1771685592360000,197388,0.1872814,-0.27110705,0.35208932,126,0
1771685592428000,1771685592428000,1771685592428000,197388,0.20127569,-0.25938615,0.35193735,126,0
1771685592560000,1771685592560000,1771685592496000,197388,0.21235757,-0.23526742,0.3597452,126,0
1771685592564000,1771685592564000,1771685592564000,197388,0.2092364,-0.21470824,0.35724765,126,0
1771685592696000,1771685592696000,1771685592632000,197388,0.22942033,-0.19374478,0.37332642,126,0
1771685592700000,1771685592700000,1771685592700000,197388,0.22820649,-0.17452115,0.38346973,126,0
1771685592832000,1771685592832000,1771685592768000,197388,0.23798649,-0.14805044,0.38913533,126,0
1771685592836000,1771685592836000,1771685592836000,197388,0.23995975,-0.12802632,0.3916042,126,0
1771685592968000,1771685592968000,1771685592904000,197388,0.24091351,-0.099221446,0.4038299,126,0
1771685592972000,1771685592972000,1771685592972000,197388,0.24348609,-0.0779667,0.41271713,126,0
1771685593104000,1771685593104000,1771685593040000,197388,0.23728842,-0.048108745,0.41624007,126,0
1771685593108000,1771685593108000,1771685593108000,197388,0.2365343,-0.026015745,0.41612536,126,0
1771685593240000,1771685593240000,1771685593176000,197388,0.23146369,-0.010746855,0.4197584,126,0
1771685593244000,1771685593244000,1771685593244000,197388,0.2342398,0.0023113457,0.42700642,126,0
1771685593376000,1771685593376000,1771685593312000,197388,0.2256059,0.012533555,0.4232686,126,0
1771685593380000,1771685593380000,1771685593380000,197388,0.22437334,0.023528574,0.42484716,126,0
1771685593512000,1771685593512000,1771685593448000,197388,0.22088553,0.024582148,0.42632595,126,0
1771685593516000,1771685593516000,1771685593516000,197388,0.2217976,0.03984628,0.43344018,126,0
1771685593648000,1771685593648000,1771685593584000,197388,0.21405956,0.03615229,0.42924193,126,0
1771685593652000,1771685593652000,1771685593652000,197388,0.21083802,0.045409087,0.4214214,126,0
1771685593784000,1771685593784000,1771685593720000,197388,0.2098137,0.045172393,0.43044165,126,0
1771685593788000,1771685593788000,1771685593788000,197388,0.20246509,0.04097149,0.42971078,126,0
1771685593920000,1771685593920000,1771685593856000,197388,0.20459789,0.053345766,0.4305623,126,0
1771685593924000,1771685593924000,1771685593924000,197388,0.20329358,0.0594164,0.43494782,126,0
1771685594056000,1771685594056000,1771685593992000,197388,0.19945627,0.058798146,0.4327202,126,0
1771685594060000,1771685594060000,1771685594060000,197388,0.2070331,0.060210273,0.43436575,126,0
1771685594192000,1771685594192000,1771685594128000,197388,0.19572516,0.06487372,0.43299657,126,0
1771685594196000,1771685594196000,1771685594196000,197388,0.19077261,0.0650288,0.4378258,126,0
1771685594328000,1771685594328000,1771685594264000,197388,0.19479847,0.06913927,0.43355614,126,0
1771685594332000,1771685594332000,1771685594332000,197388,0.19574937,0.07918365,0.43244958,126,0
1771685594464000,1771685594464000,1771685594400000,197388,0.19349808,0.07322234,0.43312126,126,0
1771685594468000,1771685594468000,1771685594468000,197388,0.19146411,0.08266332,0.43909714,126,0
1771685594600000,1771685594600000,1771685594536000,197388,0.19263199,0.07748486,0.43357143,126,0
1771685594604000,1771685594604000,1771685594604000,197388,0.1953948,0.08455836,0.43172014,126,0
1771685594736000,1771685594736000,1771685594672000,197388,0.19225375,0.07978289,0.43276453,126,0
1771685594740000,1771685594740000,1771685594740000,197388,0.19272585,0.083089955,0.42237082,126,0
1771685594872000,1771685594872000,1771685594808000,197388,0.19573645,0.08247152,0.43089986,126,0
1771685594876000,1771685594876000,1771685594876000,197388,0.1993807,0.0808612,0.43195945,126,0
1771685595008000,1771685595008000,1771685594944000,197388,0.19802448,0.08003397,0.43128362,126,0
1771685595012000,1771685595012000,1771685595012000,197388,0.19974227,0.08319861,0.42759088,126,0
1771685595144000,1771685595144000,1771685595080000,197388,0.19950792,0.08229115,0.42828444,126,0
1771685595148000,1771685595148000,1771685595148000,197388,0.19964686,0.084604725,0.4240737,126,0
1771685595280000,1771685595280000,1771685595216000,197388,0.20260316,0.080833346,0.42657447,126,0
1771685595284000,1771685595284000,1771685595284000,197388,0.19785531,0.07769945,0.43188605,126,0
1771685595416000,1771685595416000,1771685595352000,197388,0.207456,0.07942536,0.42622834,126,0
1771685595420000,1771685595420000,1771685595420000,197388,0.20795211,0.08056378,0.4269529,126,0
1771685595552000,1771685595552000,1771685595488000,197388,0.20936944,0.07635199,0.4250236,126,0
1771685595556000,1771685595556000,1771685595556000,197388,0.21732496,0.08320672,0.4356987,126,0
1771685595688000,1771685595688000,1771685595624000,197388,0.21261968,0.07527435,0.42611775,126,0
1771685595692000,1771685595692000,1771685595692000,197388,0.21431714,0.08227877,0.425466,126,0
1771685595824000,1771685595824000,1771685595760000,197388,0.21388866,0.07459982,0.425806,126,0
1771685595828000,1771685595828000,1771685595828000,197388,0.21570554,0.08029814,0.4249402,126,0
1771685595960000,1771685595960000,1771685595896000,197388,0.21594602,0.07620463,0.42142692,126,0
1771685595964000,1771685595964000,1771685595964000,197388,0.22072017,0.078676775,0.41240287,126,0
1771685596096000,1771685596096000,1771685596032000,197388,0.2178906,0.078880675,0.42099592,126,0
1771685596100000,1771685596100000,1771685596100000,197388,0.21843113,0.086974725,0.4249738,126,0
1771685596232000,1771685596232000,1771685596168000,197388,0.21654218,0.08118583,0.42234394,126,0
1771685596236000,1771685596236000,1771685596236000,197388,0.21461067,0.091822125,0.41630387,126,0
1771685596368000,1771685596368000,1771685596304000,197388,0.2133834,0.085351646,0.42235976,126,0
1771685596372000,1771685596372000,1771685596372000,197388,0.21883172,0.091243334,0.4245955,126,0
1771685596504000,1771685596504000,1771685596440000,197388,0.21283782,0.08754494,0.42289254,126,0
1771685596508000,1771685596508000,1771685596508000,197388,0.21724989,0.08929408,0.42264727,126,0
1771685596640000,1771685596640000,1771685596576000,197388,0.21217291,0.089322224,0.4220145,126,0
1771685596644000,1771685596644000,1771685596644000,197388,0.20735373,0.09415583,0.43031088,126,0
1771685596776000,1771685596776000,1771685596712000,197388,0.21162844,0.090003714,0.42128223,126,0
1771685596780000,1771685596780000,1771685596780000,197388,0.20687826,0.08988551,0.4184765,126,0
1771685596912000,1771685596912000,1771685596848000,197388,0.20975627,0.08873751,0.42208776,126,0
1771685596916000,1771685596916000,1771685596916000,197388,0.21065,0.096513465,0.4254577,126,0
1771685597048000,1771685597048000,1771685596984000,197388,0.21080585,0.09209443,0.42168912,126,0
1771685597052000,1771685597052000,1771685597052000,197388,0.22530149,0.08570711,0.42262968,126,0
1771685597184000,1771685597184000,1771685597120000,197388,0.21127596,0.089697264,0.42156675,126,0
1771685597188000,1771685597188000,1771685597188000,197388,0.20952176,0.10013045,0.4174916,126,0
1771685597320000,1771685597320000,1771685597256000,197388,0.20997849,0.08905081,0.4216016,126,0
1771685597324000,1771685597324000,1771685597324000,197388,0.2059491,0.089903735,0.41798165,126,0
1771685597456000,1771685597456000,1771685597392000,197388,0.20907784,0.08765542,0.42457214,126,0
1771685597460000,1771685597460000,1771685597460000,197388,0.20070617,0.094965704,0.42317587,126,0
1771685597592000,1771685597592000,1771685597528000,197388,0.21046336,0.09115507,0.42142418,126,0
1771685597596000,1771685597596000,1771685597596000,197388,0.212868,0.090070456,0.41751665,126,0
1771685597728000,1771685597728000,1771685597664000,197388,0.20954807,0.090318955,0.42165408,126,0
1771685597732000,1771685597732000,1771685597732000,197388,0.20932424,0.084649764,0.42005426,126,0
1771685597864000,1771685597864000,1771685597800000,197388,0.2109629,0.09141885,0.42199042,126,0
1771685597868000,1771685597868000,1771685597868000,197388,0.1950641,0.0880282,0.41853374,126,0
1771685598000000,1771685598000000,1771685597936000,197388,0.20851143,0.091765314,0.42280257,126,0
1771685598004000,1771685598004000,1771685598004000,197388,0.21361728,0.09370887,0.42611033,126,0
1771685598136000,1771685598136000,1771685598072000,197388,0.2094466,0.0906855,0.42135996,126,0
1771685598140000,1771685598140000,1771685598140000,197388,0.21150063,0.09290571,0.41689935,126,0
1771685598272000,1771685598272000,1771685598208000,197388,0.20985556,0.091357626,0.4223622,126,0
1771685598276000,1771685598276000,1771685598276000,197388,0.20926529,0.09449347,0.41788545,126,0
1771685598408000,1771685598408000,1771685598344000,197388,0.20837222,0.09128148,0.4245129,126,0
1771685598412000,1771685598412000,1771685598412000,197388,0.20819728,0.085361205,0.42957813,126,0
1771685598544000,1771685598544000,1771685598480000,197388,0.20926301,0.08981686,0.4235212,126,0
1771685598548000,1771685598548000,1771685598548000,197388,0.21577731,0.09148052,0.42634216,126,0
1771685598680000,1771685598680000,1771685598616000,197388,0.20820391,0.0907394,0.42317206,126,0
1771685598684000,1771685598684000,1771685598684000,197388,0.21147977,0.091448046,0.42952478,126,0
1771685598816000,1771685598816000,1771685598752000,197388,0.20864266,0.08901538,0.42533576,126,0
1771685598820000,1771685598820000,1771685598820000,197388,0.21962887,0.08718894,0.42448515,126,0
1771685598952000,1771685598952000,1771685598888000,197388,0.2072927,0.089853235,0.42383844,126,0
1771685598956000,1771685598956000,1771685598956000,197388,0.2000589,0.07833028,0.42481825,126,0
1771685599088000,1771685599088000,1771685599024000,197388,0.2072211,0.08844461,0.4234857,126,0
1771685599092000,1771685599092000,1771685599092000,197388,0.21176074,0.093561515,0.4168928,126,0
1771685599224000,1771685599224000,1771685599160000,197388,0.20751014,0.08781172,0.42391452,126,0
1771685599228000,1771685599228000,1771685599228000,197388,0.2031589,0.0892875,0.43241975,126,0
1771685599360000,1771685599360000,1771685599296000,197388,0.20751564,0.08822198,0.4253746,126,0
1771685599364000,1771685599364000,1771685599364000,197388,0.20431131,0.0871306,0.42473477,126,0
1771685599496000,1771685599496000,1771685599432000,197388,0.20771483,0.08901067,0.42592993,126,0
1771685599500000,1771685599500000,1771685599500000,197388,0.20498487,0.08769522,0.42563272,126,0
1771685599632000,1771685599632000,1771685599568000,197388,0.20697984,0.08767569,0.42480505,126,0
1771685599636000,1771685599636000,1771685599636000,197388,0.21517691,0.08312687,0.4182902,126,0
1771685599768000,1771685599768000,1771685599704000,197388,0.20718452,0.08831584,0.4239642,126,0
1771685599772000,1771685599772000,1771685599772000,197388,0.2008337,0.08771194,0.43377507,126,0
1771685599904000,1771685599904000,1771685599840000,197388,0.2071874,0.08668905,0.42443374,126,0
1771685599908000,1771685599908000,1771685599908000,197388,0.20045345,0.090590015,0.42943582,126,0
1771685600040000,1771685600040000,1771685599976000,197388,0.20602329,0.087386064,0.42241955,126,0
1771685600044000,1771685600044000,1771685600044000,197388,0.21069136,0.09207063,0.42576957,126,0
1771685600176000,1771685600176000,1771685600112000,197388,0.20976605,0.08782068,0.424395,126,0
1771685600180000,1771685600180000,1771685600180000,197388,0.21629024,0.08678392,0.42652625,126,0
1771685600312000,1771685600312000,1771685600248000,197388,0.20792376,0.08660004,0.42427567,126,0
1771685600316000,1771685600316000,1771685600316000,197388,0.2092458,0.08692199,0.4170163,126,0
1771685600448000,1771685600448000,1771685600384000,197388,0.20911704,0.08785617,0.42432618,126,0
1771685600452000,1771685600452000,1771685600452000,197388,0.22077844,0.09194042,0.42717686,126,0
1771685600584000,1771685600584000,1771685600520000,197388,0.20823623,0.0871492,0.42431968,126,0
1771685600588000,1771685600588000,1771685600588000,197388,0.20562458,0.08485243,0.43091193,126,0
1771685600720000,1771685600720000,1771685600656000,197388,0.207659,0.08842569,0.42460966,126,0
1771685600724000,1771685600724000,1771685600724000,197388,0.1966542,0.09125596,0.42249805,126,0
1771685600856000,1771685600856000,1771685600792000,197388,0.20872498,0.08852575,0.4231096,126,0
1771685600860000,1771685600860000,1771685600860000,197388,0.21104196,0.088223845,0.41932082,126,0
1771685600992000,1771685600992000,1771685600928000,197388,0.20773308,0.088824995,0.42531335,126,0
1771685600996000,1771685600996000,1771685600996000,197388,0.2063576,0.086444356,0.41602105,126,0
1771685601128000,1771685601128000,1771685601064000,197388,0.20855108,0.0893415,0.42504343,126,0
1771685601132000,1771685601132000,1771685601132000,197388,0.21177383,0.082902595,0.42164657,126,0
1771685601264000,1771685601264000,1771685601200000,197388,0.20986907,0.09033893,0.42344618,126,0
1771685601268000,1771685601268000,1771685601268000,197388,0.21647789,0.09171623,0.4207447,126,0
1771685601400000,1771685601400000,1771685601336000,197388,0.21005061,0.090673245,0.42302042,126,0
1771685601404000,1771685601404000,1771685601404000,197388,0.20927526,0.090504944,0.41801703,126,0
1771685601536000,1771685601536000,1771685601472000,197388,0.20933226,0.09096817,0.42246228,126,0
1771685601540000,1771685601540000,1771685601540000,197388,0.20197004,0.10228502,0.42391393,126,0
1771685601672000,1771685601672000,1771685601608000,197388,0.21013834,0.09205361,0.42234027,126,0
1771685601676000,1771685601676000,1771685601676000,197388,0.2098798,0.083055705,0.42831755,126,0
1771685601808000,1771685601808000,1771685601744000,197388,0.20771475,0.09290971,0.42153728,126,0
1771685601812000,1771685601812000,1771685601812000,197388,0.20846331,0.09171487,0.4262996,126,0
1771685601944000,1771685601944000,1771685601880000,197388,0.20896015,0.09391795,0.42377725,126,0
1771685601948000,1771685601948000,1771685601948000,197388,0.21972357,0.094108075,0.4228556,126,0
1771685602080000,1771685602080000,1771685602016000,197388,0.20900384,0.094018,0.42317784,126,0
1771685602084000,1771685602084000,1771685602084000,197388,0.20663443,0.08734019,0.41655937,126,0
1771685602216000,1771685602216000,1771685602152000,197388,0.20976639,0.09318341,0.42158818,126,0
1771685602220000,1771685602220000,1771685602220000,197388,0.20690638,0.09071739,0.42265567,126,0
1771685602352000,1771685602352000,1771685602288000,197388,0.2097138,0.09278978,0.42144585,126,0
1771685602356000,1771685602356000,1771685602356000,197388,0.21526541,0.09444775,0.41838145,126,0
1771685602488000,1771685602488000,1771685602424000,197388,0.21063152,0.093211375,0.42448232,126,0
1771685602492000,1771685602492000,1771685602492000,197388,0.20244445,0.08642657,0.42744064,126,0
1771685602624000,1771685602624000,1771685602560000,197388,0.20891985,0.09243727,0.42229068,126,0
1771685602628000,1771685602628000,1771685602628000,197388,0.20781016,0.08815803,0.42608994,126,0
1771685602760000,1771685602760000,1771685602696000,197388,0.20883712,0.091422,0.42370865,126,0
1771685602764000,1771685602764000,1771685602764000,197388,0.2077506,0.089880526,0.4209744,126,0
1771685602896000,1771685602896000,1771685602832000,197388,0.20883918,0.092458665,0.42435735,126,0
1771685602900000,1771685602900000,1771685602900000,197388,0.20752247,0.09006058,0.42528728,126,0
1771685603032000,1771685603032000,1771685602968000,197388,0.2082397,0.094298646,0.4233253,126,0
1771685603036000,1771685603036000,1771685603036000,197388,0.20765147,0.08843414,0.42915806,126,0
1771685603168000,1771685603168000,1771685603104000,197388,0.20942903,0.092963405,0.42135954,126,0
1771685603172000,1771685603172000,1771685603172000,197388,0.20797057,0.093276575,0.42944118,126,0
1771685603304000,1771685603304000,1771685603240000,197388,0.2090379,0.09204801,0.42287692,126,0
1771685603308000,1771685603308000,1771685603308000,197388,0.22156927,0.105859764,0.4212302,126,0
1771685603440000,1771685603440000,1771685603376000,197388,0.20810476,0.091827616,0.42345095,126,0
1771685603444000,1771685603444000,1771685603444000,197388,0.20881036,0.09394666,0.4191103,126,0
1771685603576000,1771685603576000,1771685603512000,197388,0.20768568,0.09218328,0.42229083,126,0
1771685603580000,1771685603580000,1771685603580000,197388,0.21126871,0.10194542,0.428174,126,0
1771685603712000,1771685603712000,1771685603648000,197388,0.20839004,0.09082897,0.4243652,126,0
1771685603716000,1771685603716000,1771685603716000,197388,0.20794171,0.09903556,0.42130846,126,0
1771685603848000,1771685603848000,1771685603784000,197388,0.21029548,0.09000584,0.42393798,126,0
1771685603852000,1771685603852000,1771685603852000,197388,0.20032783,0.091098055,0.42603335,126,0
1771685603984000,1771685603984000,1771685603920000,197388,0.20858443,0.09082696,0.42365178,126,0
1771685603988000,1771685603988000,1771685603988000,197388,0.2178985,0.089987725,0.4252469,126,0
1771685604120000,1771685604120000,1771685604056000,197388,0.20689802,0.08833831,0.42520222,126,0
1771685604124000,1771685604124000,1771685604124000,197388,0.2095854,0.089521356,0.41964707,126,0
1771685604256000,1771685604256000,1771685604192000,197388,0.20805107,0.08951767,0.4247114,126,0
1771685604260000,1771685604260000,1771685604260000,197388,0.21001393,0.0886526,0.42324018,126,0
1771685604392000,1771685604392000,1771685604328000,197388,0.2070021,0.087314665,0.4247242,126,0
1771685604396000,1771685604396000,1771685604396000,197388,0.20227659,0.08154212,0.42714465,126,0
1771685604528000,1771685604528000,1771685604464000,197388,0.20681092,0.088746786,0.4253883,126,0
1771685604532000,1771685604532000,1771685604532000,197388,0.21290694,0.09262021,0.41809416,126,0
1771685604664000,1771685604664000,1771685604600000,197388,0.20753396,0.08654974,0.42477888,126,0
1771685604668000,1771685604668000,1771685604668000,197388,0.21314205,0.09488118,0.4267127,126,0
1771685604800000,1771685604800000,1771685604736000,197388,0.20685503,0.08598293,0.42521322,126,0
1771685604804000,1771685604804000,1771685604804000,197388,0.20316319,0.08931396,0.430967,126,0
1771685604936000,1771685604936000,1771685604872000,197388,0.20619845,0.08901678,0.4253067,126,0
1771685604940000,1771685604940000,1771685604940000,197388,0.20547672,0.0864268,0.4231528,126,0
1771685605072000,1771685605072000,1771685605008000,197388,0.20778205,0.08585435,0.42645457,126,0
1771685605076000,1771685605076000,1771685605076000,197388,0.20166518,0.08599629,0.42545384,126,0
1771685605208000,1771685605208000,1771685605144000,197388,0.20784874,0.08715212,0.4252668,126,0
1771685605212000,1771685605212000,1771685605212000,197388,0.20757523,0.085244976,0.42029265,126,0
1771685605344000,1771685605344000,1771685605280000,197388,0.20695865,0.08827494,0.4248687,126,0
1771685605348000,1771685605348000,1771685605348000,197388,0.20902792,0.07907107,0.429362,126,0
1771685605480000,1771685605480000,1771685605416000,197388,0.20701514,0.08702593,0.42495835,126,0
1771685605484000,1771685605484000,1771685605484000,197388,0.21623865,0.08979833,0.41968775,126,0
1771685605616000,1771685605616000,1771685605552000,197388,0.20633827,0.087225676,0.42612734,126,0
1771685605620000,1771685605620000,1771685605620000,197388,0.21097258,0.08422541,0.42609355,126,0
1771685605752000,1771685605752000,1771685605688000,197388,0.20607087,0.087507986,0.4266379,126,0
1771685605756000,1771685605756000,1771685605756000,197388,0.20954785,0.096585386,0.4230701,126,0
1771685605888000,1771685605888000,1771685605824000,197388,0.2069432,0.090002716,0.4258354,126,0
1771685605892000,1771685605892000,1771685605892000,197388,0.20603973,0.08628091,0.4302525,126,0
1771685606024000,1771685606024000,1771685605960000,197388,0.20799413,0.09150328,0.42367217,126,0
1771685606028000,1771685606028000,1771685606028000,197388,0.20173886,0.08515513,0.4295656,126,0
1771685606160000,1771685606160000,1771685606096000,197388,0.20627956,0.089447975,0.42455736,126,0
1771685606164000,1771685606164000,1771685606164000,197388,0.2122512,0.095309496,0.4196899,126,0
1771685606296000,1771685606296000,1771685606232000,197388,0.20910716,0.09209149,0.42449164,126,0
1771685606300000,1771685606300000,1771685606300000,197388,0.2052854,0.100163996,0.43058535,126,0
1771685606432000,1771685606432000,1771685606368000,197388,0.20722817,0.09254307,0.4243035,126,0
1771685606436000,1771685606436000,1771685606436000,197388,0.20096079,0.091220625,0.4251084,126,0
1771685606568000,1771685606568000,1771685606504000,197388,0.20866393,0.09191282,0.4215094,126,0
1771685606572000,1771685606572000,1771685606572000,197388,0.20763488,0.09222773,0.41704768,126,0
1771685606704000,1771685606704000,1771685606640000,197388,0.20751774,0.0940897,0.42338076,126,0
1771685606708000,1771685606708000,1771685606708000,197388,0.20132288,0.095137365,0.4284271,126,0
1771685606840000,1771685606840000,1771685606776000,197388,0.20590127,0.094424374,0.42396772,126,0
1771685606844000,1771685606844000,1771685606844000,197388,0.20783173,0.096052185,0.42002815,126,0
1771685606976000,1771685606976000,1771685606912000,197388,0.20874393,0.095559515,0.42144376,126,0
1771685606980000,1771685606980000,1771685606980000,197388,0.21295778,0.088834174,0.42353642,126,0
1771685607112000,1771685607112000,1771685607048000,197388,0.20911013,0.09478924,0.42308494,126,0
1771685607116000,1771685607116000,1771685607116000,197388,0.2087832,0.0968488,0.41480955,126,0
1771685607248000,1771685607248000,1771685607184000,197388,0.20966488,0.09521472,0.42280746,126,0
1771685607252000,1771685607252000,1771685607252000,197388,0.19898427,0.10294665,0.4219852,126,0
1771685607384000,1771685607384000,1771685607320000,197388,0.20781335,0.09483641,0.42183185,126,0
1771685607388000,1771685607388000,1771685607388000,197388,0.20556682,0.09508577,0.41399568,126,0
1771685607520000,1771685607520000,1771685607456000,197388,0.20781946,0.09458308,0.4234446,126,0
1771685607524000,1771685607524000,1771685607524000,197388,0.20405595,0.10745525,0.42483678,126,0
1771685607656000,1771685607656000,1771685607592000,197388,0.21021828,0.094493784,0.423014,126,0
1771685607660000,1771685607660000,1771685607660000,197388,0.20720616,0.09124742,0.42401168,126,0
1771685607792000,1771685607792000,1771685607728000,197388,0.20942514,0.09470294,0.42246127,126,0
1771685607796000,1771685607796000,1771685607796000,197388,0.21353681,0.10379809,0.4213082,126,0
1771685607928000,1771685607928000,1771685607864000,197388,0.21031383,0.09518982,0.42167538,126,0
1771685607932000,1771685607932000,1771685607932000,197388,0.20921321,0.092294015,0.4188259,126,0
1771685608064000,1771685608064000,1771685608000000,197388,0.21005544,0.09475008,0.4220983,126,0
1771685608068000,1771685608068000,1771685608068000,197388,0.20569693,0.08800926,0.41753688,126,0
1771685608200000,1771685608200000,1771685608136000,197388,0.21100168,0.094783306,0.42049024,126,0
1771685608204000,1771685608204000,1771685608204000,197388,0.20820719,0.0991842,0.42047006,126,0
1771685608336000,1771685608336000,1771685608272000,197388,0.20937523,0.09524182,0.42094642,126,0
1771685608340000,1771685608340000,1771685608340000,197388,0.20661971,0.08669155,0.42258734,126,0
1771685608472000,1771685608472000,1771685608408000,197388,0.21036667,0.09341732,0.42117396,126,0
1771685608476000,1771685608476000,1771685608476000,197388,0.21819103,0.08296421,0.4299829,126,0
1771685608608000,1771685608608000,1771685608544000,197388,0.21053764,0.09296523,0.4218283,126,0
1771685608612000,1771685608612000,1771685608612000,197388,0.21214955,0.082835995,0.4217082,126,0
1771685608744000,1771685608744000,1771685608680000,197388,0.2121916,0.0925512,0.42230034,126,0
1771685608748000,1771685608748000,1771685608748000,197388,0.20378011,0.093971446,0.42565146,126,0
1771685608880000,1771685608880000,1771685608816000,197388,0.21120884,0.09236659,0.42422104,126,0
1771685608884000,1771685608884000,1771685608884000,197388,0.2164302,0.085166335,0.42029816,126,0
1771685609016000,1771685609016000,1771685608952000,197388,0.21022782,0.09135382,0.4207362,126,0
1771685609020000,1771685609020000,1771685609020000,197388,0.20724185,0.096577905,0.42505297,126,0
1771685609152000,1771685609152000,1771685609088000,197388,0.20986418,0.093111314,0.42200166,126,0
1771685609156000,1771685609156000,1771685609156000,197388,0.21038629,0.095770724,0.4329945,126,0
1771685609288000,1771685609288000,1771685609224000,197388,0.2091276,0.09288706,0.42342302,126,0
1771685609292000,1771685609292000,1771685609292000,197388,0.2154272,0.08860496,0.41650277,126,0
1771685609424000,1771685609424000,1771685609360000,197388,0.2099076,0.09212981,0.42311552,126,0
1771685609428000,1771685609428000,1771685609428000,197388,0.21382222,0.08695962,0.42349923,126,0
1771685609560000,1771685609560000,1771685609496000,197388,0.20957084,0.09159395,0.42339236,126,0
1771685609564000,1771685609564000,1771685609564000,197388,0.21454269,0.09604449,0.42604145,126,0
1771685609696000,1771685609696000,1771685609632000,197388,0.20909952,0.09077455,0.42291567,126,0
1771685609700000,1771685609700000,1771685609700000,197388,0.21272665,0.092905656,0.42239517,126,0
1771685609832000,1771685609832000,1771685609768000,197388,0.20756586,0.09246586,0.4225908,126,0
1771685609836000,1771685609836000,1771685609836000,197388,0.20546265,0.0932909,0.4238429,126,0
1771685609968000,1771685609968000,1771685609904000,197388,0.20999907,0.09067932,0.42414653,126,0
1771685609972000,1771685609972000,1771685609972000,197388,0.21360205,0.08900286,0.42436412,126,0
1771685610104000,1771685610104000,1771685610040000,197388,0.2094791,0.09161426,0.42310268,126,0
1771685610108000,1771685610108000,1771685610108000,197388,0.21202885,0.09140722,0.4222308,126,0
1771685610240000,1771685610240000,1771685610176000,197388,0.2080364,0.092325374,0.42476743,126,0
1771685610244000,1771685610244000,1771685610244000,197388,0.20704755,0.09397717,0.41902485,126,0
1771685610376000,1771685610376000,1771685610312000,197388,0.20747422,0.090886556,0.42327678,126,0
1771685610380000,1771685610380000,1771685610380000,197388,0.20065053,0.10103298,0.4249391,126,0
1771685610512000,1771685610512000,1771685610448000,197388,0.20809798,0.09246106,0.42344472,126,0
1771685610516000,1771685610516000,1771685610516000,197388,0.21003504,0.095633835,0.42548344,126,0
1771685610648000,1771685610648000,1771685610584000,197388,0.20901537,0.09281561,0.42418888,126,0
1771685610652000,1771685610652000,1771685610652000,197388,0.21265095,0.0926168,0.420889,126,0
1771685610784000,1771685610784000,1771685610720000,197388,0.207993,0.092877544,0.42340317,126,0
1771685610788000,1771685610788000,1771685610788000,197388,0.21628685,0.099390954,0.41281927,126,0
1771685610920000,1771685610920000,1771685610856000,197388,0.20650692,0.09277959,0.4237184,126,0
1771685610924000,1771685610924000,1771685610924000,197388,0.21035351,0.094544336,0.42018455,126,0
1771685611056000,1771685611056000,1771685610992000,197388,0.20848384,0.09287616,0.4239657,126,0
1771685611060000,1771685611060000,1771685611060000,197388,0.2119432,0.089128956,0.42114922,126,0
1771685611192000,1771685611192000,1771685611128000,197388,0.20840116,0.09219216,0.42441824,126,0
1771685611196000,1771685611196000,1771685611196000,197388,0.21107924,0.098755755,0.42545688,126,0
1771685611328000,1771685611328000,1771685611264000,197388,0.20880742,0.093227185,0.42248338,126,0
1771685611332000,1771685611332000,1771685611332000,197388,0.2082016,0.09258697,0.42357764,126,0
1771685611464000,1771685611464000,1771685611400000,197388,0.20787314,0.091647096,0.42285693,126,0
1771685611468000,1771685611468000,1771685611468000,197388,0.20671214,0.09567046,0.41701794,126,0
1771685611600000,1771685611600000,1771685611536000,197388,0.20757788,0.0936242,0.4231862,126,0
1771685611604000,1771685611604000,1771685611604000,197388,0.19677293,0.09089154,0.425168,126,0
1771685611736000,1771685611736000,1771685611672000,197388,0.20835055,0.09358327,0.42452756,126,0
1771685611740000,1771685611740000,1771685611740000,197388,0.20757385,0.08484331,0.4238522,126,0
1771685611872000,1771685611872000,1771685611808000,197388,0.20748171,0.09018721,0.42495766,126,0
1771685611876000,1771685611876000,1771685611876000,197388,0.21108921,0.091606975,0.42668867,126,0
1771685612008000,1771685612008000,1771685611944000,197388,0.20842358,0.08999492,0.42372015,126,0
1771685612012000,1771685612012000,1771685612012000,197388,0.20750925,0.09133638,0.4217209,126,0
1771685612144000,1771685612144000,1771685612080000,197388,0.20726381,0.090602726,0.42473298,126,0
1771685612148000,1771685612148000,1771685612148000,197388,0.20861773,0.09183691,0.41238192,126,0
1771685612280000,1771685612280000,1771685612216000,197388,0.20692247,0.08930878,0.42400536,126,0
1771685612284000,1771685612284000,1771685612284000,197388,0.2116057,0.09245848,0.42301273,126,0
1771685612416000,1771685612416000,1771685612352000,197388,0.2081178,0.08787817,0.4254862,126,0
1771685612420000,1771685612420000,1771685612420000,197388,0.21744491,0.09724757,0.4298995,126,0
1771685612552000,1771685612552000,1771685612488000,197388,0.20566423,0.08928458,0.4239084,126,0
1771685612556000,1771685612556000,1771685612556000,197388,0.21742272,0.09322608,0.42751077,126,0
1771685612688000,1771685612688000,1771685612624000,197388,0.20496802,0.08869279,0.42448854,126,0
1771685612692000,1771685612692000,1771685612692000,197388,0.20812558,0.08567169,0.42063484,126,0
1771685612824000,1771685612824000,1771685612760000,197388,0.20710301,0.08783607,0.4261978,126,0
1771685612828000,1771685612828000,1771685612828000,197388,0.1936039,0.08777545,0.41757655,126,0
1771685612960000,1771685612960000,1771685612896000,197388,0.20512748,0.089723796,0.42505863,126,0
1771685612964000,1771685612964000,1771685612964000,197388,0.20803273,0.09696025,0.42792588,126,0
1771685613096000,1771685613096000,1771685613032000,197388,0.2075398,0.08802964,0.42477006,126,0
1771685613100000,1771685613100000,1771685613100000,197388,0.20997885,0.09943632,0.42345235,126,0
1771685613232000,1771685613232000,1771685613168000,197388,0.20583388,0.08800381,0.4249987,126,0
1771685613236000,1771685613236000,1771685613236000,197388,0.21499401,0.091512226,0.41904104,126,0
1771685613368000,1771685613368000,1771685613304000,197388,0.20633493,0.08895449,0.4244505,126,0
1771685613372000,1771685613372000,1771685613372000,197388,0.20688333,0.08349095,0.42584696,126,0
1771685613504000,1771685613504000,1771685613440000,197388,0.2051185,0.0882389,0.42685255,126,0
1771685613508000,1771685613508000,1771685613508000,197388,0.21393529,0.08776809,0.43301928,126,0
1771685613640000,1771685613640000,1771685613576000,197388,0.20675674,0.085931055,0.42492995,126,0
1771685613644000,1771685613644000,1771685613644000,197388,0.2099809,0.08443738,0.43164724,126,0
1771685613776000,1771685613776000,1771685613712000,197388,0.20771728,0.0858502,0.42604202,126,0
1771685613780000,1771685613780000,1771685613780000,197388,0.2062227,0.08629461,0.42599958,126,0
1771685613912000,1771685613912000,1771685613848000,197388,0.20523219,0.086075954,0.4253511,126,0
1771685613916000,1771685613916000,1771685613916000,197388,0.20131008,0.08057812,0.43040007,126,0
1771685614048000,1771685614048000,1771685613984000,197388,0.20597231,0.08443552,0.42571253,126,0
1771685614052000,1771685614052000,1771685614052000,197388,0.21263038,0.08802036,0.43070644,126,0
1771685614184000,1771685614184000,1771685614120000,197388,0.20617844,0.0851387,0.42588168,126,0
1771685614188000,1771685614188000,1771685614188000,197388,0.20608115,0.07673623,0.42460948,126,0
1771685614320000,1771685614320000,1771685614256000,197388,0.20640782,0.08434051,0.426049,126,0
1771685614324000,1771685614324000,1771685614324000,197388,0.20627192,0.08652889,0.42400995,126,0
1771685614456000,1771685614456000,1771685614392000,197388,0.20671588,0.08647446,0.427301,126,0
1771685614460000,1771685614460000,1771685614460000,197388,0.21708971,0.07537529,0.4317208,126,0
1771685614592000,1771685614592000,1771685614528000,197388,0.20539173,0.08494026,0.42599228,126,0
1771685614596000,1771685614596000,1771685614596000,197388,0.20767638,0.08266572,0.42100146,126,0
1771685614728000,1771685614728000,1771685614664000,197388,0.20478497,0.08605485,0.42748967,126,0
1771685614732000,1771685614732000,1771685614732000,197388,0.19551536,0.090290226,0.423747,126,0
1771685614864000,1771685614864000,1771685614800000,197388,0.20661166,0.08496076,0.4268579,126,0
1771685614868000,1771685614868000,1771685614868000,197388,0.21212035,0.08500663,0.43704617,126,0
1771685615000000,1771685615000000,1771685614936000,197388,0.20734973,0.086033195,0.42592657,126,0
1771685615004000,1771685615004000,1771685615004000,197388,0.20580417,0.07712342,0.42889994,126,0
1771685615136000,1771685615136000,1771685615072000,197388,0.20575722,0.083223656,0.42519712,126,0
1771685615140000,1771685615140000,1771685615140000,197388,0.19948798,0.081560984,0.4221462,126,0
1771685615272000,1771685615272000,1771685615208000,197388,0.20782846,0.08492305,0.42554852,126,0
1771685615276000,1771685615276000,1771685615276000,197388,0.21136512,0.09054412,0.4224035,126,0
1771685615408000,1771685615408000,1771685615344000,197388,0.2066873,0.085928574,0.42553082,126,0
1771685615412000,1771685615412000,1771685615412000,197388,0.20069566,0.07763339,0.42293113,126,0
1771685615544000,1771685615544000,1771685615480000,197388,0.20675641,0.08521361,0.42670023,126,0
1771685615548000,1771685615548000,1771685615548000,197388,0.20182529,0.08714008,0.4176253,126,0
1771685615680000,1771685615680000,1771685615616000,197388,0.20681998,0.08637213,0.42455664,126,0
1771685615684000,1771685615684000,1771685615684000,197388,0.20866,0.08915065,0.42641932,126,0
1771685615816000,1771685615816000,1771685615752000,197388,0.20789647,0.08640434,0.42479908,126,0
1771685615820000,1771685615820000,1771685615820000,197388,0.20991218,0.086196944,0.42378303,126,0
1771685615952000,1771685615952000,1771685615888000,197388,0.2069926,0.08791328,0.42468274,126,0
1771685615956000,1771685615956000,1771685615956000,197388,0.20778912,0.100764714,0.42123482,126,0
1771685616088000,1771685616088000,1771685616024000,197388,0.20576814,0.08785383,0.42548642,126,0
1771685616092000,1771685616092000,1771685616092000,197388,0.20752263,0.09094419,0.43067357,126,0
1771685616224000,1771685616224000,1771685616160000,197388,0.20896414,0.08886365,0.42433658,126,0
1771685616228000,1771685616228000,1771685616228000,197388,0.20392819,0.09272712,0.4297708,126,0
1771685616360000,1771685616360000,1771685616296000,197388,0.20780064,0.08962354,0.42382208,126,0
1771685616364000,1771685616364000,1771685616364000,197388,0.20850578,0.08759751,0.4243308,126,0
1771685616496000,1771685616496000,1771685616432000,197388,0.20776503,0.08907157,0.42364445,126,0
1771685616500000,1771685616500000,1771685616500000,197388,0.20300743,0.096303776,0.42739093,126,0
1771685616632000,1771685616632000,1771685616568000,197388,0.2085163,0.088722624,0.42509866,126,0
1771685616636000,1771685616636000,1771685616636000,197388,0.21253365,0.09145219,0.42281777,126,0
1771685616768000,1771685616768000,1771685616704000,197388,0.20739815,0.08970595,0.424698,126,0
1771685616772000,1771685616772000,1771685616772000,197388,0.20898892,0.08418073,0.4249529,126,0
1771685616904000,1771685616904000,1771685616840000,197388,0.2089459,0.0932456,0.4222885,126,0
1771685616908000,1771685616908000,1771685616908000,197388,0.20625007,0.09637216,0.42146313,126,0
1771685617040000,1771685617040000,1771685616976000,197388,0.20770198,0.09164165,0.42308992,126,0
1771685617044000,1771685617044000,1771685617044000,197388,0.21154271,0.081656724,0.41755208,126,0
1771685617176000,1771685617176000,1771685617112000,197388,0.20836304,0.09295785,0.42296782,126,0
1771685617180000,1771685617180000,1771685617180000,197388,0.20697054,0.09679669,0.4270472,126,0
1771685617312000,1771685617312000,1771685617248000,197388,0.20785825,0.09117623,0.42413202,126,0
1771685617316000,1771685617316000,1771685617316000,197388,0.2089841,0.08659904,0.4164446,126,0
1771685617448000,1771685617448000,1771685617384000,197388,0.20747508,0.09314166,0.42242837,126,0
1771685617452000,1771685617452000,1771685617452000,197388,0.20132151,0.09177207,0.42201608,126,0
1771685617584000,1771685617584000,1771685617520000,197388,0.20810367,0.09156862,0.42333362,126,0
1771685617588000,1771685617588000,1771685617588000,197388,0.21164723,0.09328706,0.41853425,126,0
1771685617720000,1771685617720000,1771685617656000,197388,0.20799983,0.090299666,0.42390022,126,0
1771685617724000,1771685617724000,1771685617724000,197388,0.21648566,0.0936653,0.42677495,126,0
1771685617856000,1771685617856000,1771685617792000,197388,0.2077524,0.090671636,0.42347395,126,0
1771685617860000,1771685617860000,1771685617860000,197388,0.21021484,0.09245587,0.4297004,126,0
1771685617992000,1771685617992000,1771685617928000,197388,0.20938879,0.092160136,0.42324227,126,0
1771685617996000,1771685617996000,1771685617996000,197388,0.20849937,0.09017001,0.42383105,126,0
1771685618128000,1771685618128000,1771685618064000,197388,0.2090999,0.091481,0.42276078,126,0
1771685618132000,1771685618132000,1771685618132000,197388,0.19450456,0.08784237,0.42646274,126,0
1771685618264000,1771685618264000,1771685618200000,197388,0.2075603,0.09139335,0.42354992,126,0
1771685618268000,1771685618268000,1771685618268000,197388,0.20699322,0.09445134,0.4212,126,0
1771685618400000,1771685618400000,1771685618336000,197388,0.20715326,0.08932888,0.4242948,126,0
1771685618404000,1771685618404000,1771685618404000,197388,0.20434712,0.097648755,0.4342876,126,0
1771685618536000,1771685618536000,1771685618472000,197388,0.2079829,0.09123185,0.42410904,126,0
1771685618540000,1771685618540000,1771685618540000,197388,0.20127796,0.09076144,0.42517757,126,0
1771685618672000,1771685618672000,1771685618608000,197388,0.20861115,0.0896719,0.42303783,126,0
1771685618676000,1771685618676000,1771685618676000,197388,0.19603316,0.0877379,0.4293857,126,0
1771685618808000,1771685618808000,1771685618744000,197388,0.20955184,0.091228396,0.42306635,126,0
1771685618812000,1771685618812000,1771685618812000,197388,0.21613838,0.09002826,0.41834196,126,0
1771685618944000,1771685618944000,1771685618880000,197388,0.20777069,0.08963092,0.42201215,126,0
1771685618948000,1771685618948000,1771685618948000,197388,0.21471688,0.08767936,0.42429778,126,0
1771685619080000,1771685619080000,1771685619016000,197388,0.20778479,0.09150251,0.42296842,126,0
1771685619084000,1771685619084000,1771685619084000,197388,0.20600107,0.09228894,0.42969385,126,0
1771685619216000,1771685619216000,1771685619152000,197388,0.209218,0.09248887,0.42456526,126,0
1771685619220000,1771685619220000,1771685619220000,197388,0.20884705,0.0915673,0.42400843,126,0
1771685619352000,1771685619352000,1771685619288000,197388,0.2084644,0.092217274,0.4251106,126,0
1771685619356000,1771685619356000,1771685619356000,197388,0.20794754,0.082200326,0.4220043,126,0
1771685619488000,1771685619488000,1771685619424000,197388,0.20818421,0.09044549,0.42396423,126,0
1771685619492000,1771685619492000,1771685619492000,197388,0.20232527,0.096813515,0.42749265,126,0
1771685619624000,1771685619624000,1771685619560000,197388,0.20929585,0.09155527,0.42388332,126,0
1771685619628000,1771685619628000,1771685619628000,197388,0.2108433,0.09503378,0.42146894,126,0
1771685619760000,1771685619760000,1771685619696000,197388,0.20836905,0.08899277,0.4234091,126,0
1771685619764000,1771685619764000,1771685619764000,197388,0.21130323,0.088339895,0.41815805,126,0
1771685619896000,1771685619896000,1771685619832000,197388,0.20810458,0.08994391,0.42178133,126,0
1771685619900000,1771685619900000,1771685619900000,197388,0.20854683,0.08888664,0.42709395,126,0
1771685620032000,1771685620032000,1771685619968000,197388,0.20900601,0.09121228,0.42377615,126,0
1771685620036000,1771685620036000,1771685620036000,197388,0.21086681,0.08568895,0.43622765,126,0
1771685620168000,1771685620168000,1771685620104000,197388,0.20945984,0.0904143,0.42445782,126,0
1771685620172000,1771685620172000,1771685620172000,197388,0.20781937,0.10290723,0.42150128,126,0
1771685620304000,1771685620304000,1771685620240000,197388,0.20831186,0.09136325,0.42424583,126,0
1771685620308000,1771685620308000,1771685620308000,197388,0.20307946,0.08907415,0.42618826,126,0
1771685620440000,1771685620440000,1771685620376000,197388,0.20833632,0.09250525,0.42413116,126,0
1771685620444000,1771685620444000,1771685620444000,197388,0.21193424,0.09581209,0.4284398,126,0
1771685620576000,1771685620576000,1771685620512000,197388,0.20942976,0.090878755,0.4241688,126,0
1771685620580000,1771685620580000,1771685620580000,197388,0.20578168,0.09005263,0.42462382,126,0
1771685620712000,1771685620712000,1771685620648000,197388,0.20703888,0.08980831,0.423485,126,0
1771685620716000,1771685620716000,1771685620716000,197388,0.21241683,0.091450594,0.42301327,126,0
1771685620848000,1771685620848000,1771685620784000,197388,0.2097519,0.09099671,0.42475432,126,0
1771685620852000,1771685620852000,1771685620852000,197388,0.20335872,0.097489394,0.41911432,126,0
1771685620984000,1771685620984000,1771685620920000,197388,0.2081862,0.0905319,0.4245348,126,0
1771685620988000,1771685620988000,1771685620988000,197388,0.20552686,0.09905502,0.42667606,126,0
1771685621120000,1771685621120000,1771685621056000,197388,0.20880851,0.093010806,0.4242893,126,0
1771685621124000,1771685621124000,1771685621124000,197388,0.20499952,0.08989019,0.4121553,126,0
1771685621256000,1771685621256000,1771685621192000,197388,0.20727026,0.09235823,0.4239615,126,0
1771685621260000,1771685621260000,1771685621260000,197388,0.20338339,0.095600136,0.4145037,126,0
1771685621392000,1771685621392000,1771685621328000,197388,0.20827283,0.092449516,0.42420322,126,0
1771685621396000,1771685621396000,1771685621396000,197388,0.2065023,0.09136618,0.41981655,126,0
1771685621528000,1771685621528000,1771685621464000,197388,0.20941667,0.092920676,0.42203322,126,0
1771685621532000,1771685621532000,1771685621532000,197388,0.2172832,0.093211755,0.42204118,126,0
1771685621664000,1771685621664000,1771685621600000,197388,0.20866928,0.09452901,0.4234232,126,0
1771685621668000,1771685621668000,1771685621668000,197388,0.20412757,0.08957597,0.42552748,126,0
1771685621800000,1771685621800000,1771685621736000,197388,0.21036656,0.092998385,0.4245262,126,0
1771685621804000,1771685621804000,1771685621804000,197388,0.21280308,0.08947058,0.42357308,126,0
1771685621936000,1771685621936000,1771685621872000,197388,0.20912912,0.0919652,0.42220962,126,0
1771685621940000,1771685621940000,1771685621940000,197388,0.20819058,0.09619998,0.4252602,126,0
1771685622072000,1771685622072000,1771685622008000,197388,0.20939858,0.092175335,0.4250485,126,0
1771685622076000,1771685622076000,1771685622076000,197388,0.20328155,0.09035336,0.4235512,126,0
1771685622208000,1771685622208000,1771685622144000,197388,0.20864159,0.091049545,0.4212977,126,0
1771685622212000,1771685622212000,1771685622212000,197388,0.20648745,0.09165416,0.42253724,126,0
1771685622344000,1771685622344000,1771685622280000,197388,0.20915318,0.09193202,0.42412275,126,0
1771685622348000,1771685622348000,1771685622348000,197388,0.21830498,0.09865979,0.42678404,126,0
1771685622480000,1771685622480000,1771685622416000,197388,0.2076009,0.08959195,0.42293108,126,0
1771685622484000,1771685622484000,1771685622484000,197388,0.2232857,0.091501765,0.41116193,126,0
1771685622616000,1771685622616000,1771685622552000,197388,0.2084581,0.089326024,0.42390215,126,0
1771685622620000,1771685622620000,1771685622620000,197388,0.21118324,0.094485804,0.41975737,126,0
1771685622752000,1771685622752000,1771685622688000,197388,0.20831761,0.09309078,0.42266893,126,0
1771685622756000,1771685622756000,1771685622756000,197388,0.20999096,0.089277364,0.41784164,126,0
1771685622888000,1771685622888000,1771685622824000,197388,0.2082751,0.092627645,0.42465472,126,0
1771685622892000,1771685622892000,1771685622892000,197388,0.20841044,0.09028999,0.4177653,126,0
1771685623024000,1771685623024000,1771685622960000,197388,0.20796108,0.09225668,0.42400828,126,0
1771685623028000,1771685623028000,1771685623028000,197388,0.20769604,0.09395186,0.42307565,126,0
1771685623160000,1771685623160000,1771685623096000,197388,0.20869187,0.09152169,0.42390192,126,0
1771685623164000,1771685623164000,1771685623164000,197388,0.20698309,0.09011041,0.42372,126,0
1771685623296000,1771685623296000,1771685623232000,197388,0.20734094,0.09062208,0.42375785,126,0
1771685623300000,1771685623300000,1771685623300000,197388,0.2054197,0.093610205,0.4260431,126,0
1771685623432000,1771685623432000,1771685623368000,197388,0.20576847,0.09063441,0.42496845,126,0
1771685623436000,1771685623436000,1771685623436000,197388,0.2049897,0.08397747,0.42318666,126,0
1771685623568000,1771685623568000,1771685623504000,197388,0.20799246,0.09072215,0.4234801,126,0
1771685623572000,1771685623572000,1771685623572000,197388,0.20516865,0.10133061,0.42761493,126,0
1771685623704000,1771685623704000,1771685623640000,197388,0.20810494,0.09011273,0.42389667,126,0
1771685623708000,1771685623708000,1771685623708000,197388,0.20763706,0.08498132,0.4283245,126,0
1771685623840000,1771685623840000,1771685623776000,197388,0.20613943,0.090994515,0.42297816,126,0
1771685623844000,1771685623844000,1771685623844000,197388,0.20194937,0.09133127,0.42076778,126,0
1771685623976000,1771685623976000,1771685623912000,197388,0.20518734,0.08978716,0.42371827,126,0
1771685623980000,1771685623980000,1771685623980000,197388,0.20442261,0.088475764,0.4210309,126,0
1771685624112000,1771685624112000,1771685624048000,197388,0.20776874,0.08943967,0.4246387,126,0
1771685624116000,1771685624116000,1771685624116000,197388,0.21567024,0.09941458,0.4193081,126,0
1771685624248000,1771685624248000,1771685624184000,197388,0.2071403,0.08989693,0.42450488,126,0
1771685624252000,1771685624252000,1771685624252000,197388,0.2098043,0.08928381,0.4274857,126,0
1771685624384000,1771685624384000,1771685624320000,197388,0.20055924,0.09078469,0.42581058,126,0
1771685624388000,1771685624388000,1771685624388000,197388,0.19049112,0.08802628,0.4249013,126,0
1771685624520000,1771685624520000,1771685624456000,197388,0.18632263,0.08938557,0.43479553,126,0
1771685624524000,1771685624524000,1771685624524000,197388,0.17361069,0.09634073,0.43923202,126,0
1771685624656000,1771685624656000,1771685624592000,197388,0.16141745,0.08625135,0.44498834,126,0
1771685624660000,1771685624660000,1771685624660000,197388,0.14856082,0.07887396,0.4514444,126,0
1771685624792000,1771685624792000,1771685624728000,197388,0.14082848,0.08328772,0.45168594,126,0
1771685624796000,1771685624796000,1771685624796000,197388,0.13741635,0.07484757,0.4530776,126,0
1771685624928000,1771685624928000,1771685624864000,197388,0.13017748,0.086378366,0.4553505,126,0
1771685624932000,1771685624932000,1771685624932000,197388,0.12838075,0.093757525,0.4613292,126,0
1771685625064000,1771685625064000,1771685625000000,197388,0.124007404,0.08796192,0.4555093,126,0
1771685625068000,1771685625068000,1771685625068000,197388,0.123079635,0.08735645,0.4491383,126,0
1771685625200000,1771685625200000,1771685625136000,197388,0.12171815,0.089953296,0.4559917,126,0
1771685625204000,1771685625204000,1771685625204000,197388,0.11568768,0.09057396,0.45866483,126,0
1771685625336000,1771685625336000,1771685625272000,197388,0.11809087,0.093742706,0.4576517,126,0
1771685625340000,1771685625340000,1771685625340000,197388,0.119241394,0.09483656,0.46052915,126,0
1771685625472000,1771685625472000,1771685625408000,197388,0.117482044,0.093610205,0.45710662,126,0
1771685625476000,1771685625476000,1771685625476000,197388,0.11902866,0.090597525,0.46056813,126,0
1771685625608000,1771685625608000,1771685625544000,197388,0.11637827,0.09503988,0.45553124,126,0
1771685625612000,1771685625612000,1771685625612000,197388,0.1164646,0.09678184,0.4557933,126,0
1771685625744000,1771685625744000,1771685625680000,197388,0.117004864,0.09429064,0.45596778,126,0
1771685625748000,1771685625748000,1771685625748000,197388,0.11575113,0.093422435,0.45571035,126,0
1771685625880000,1771685625880000,1771685625816000,197388,0.11854085,0.09700627,0.45647976,126,0
1771685625884000,1771685625884000,1771685625884000,197388,0.122606106,0.106813446,0.45553073,126,0
1771685626016000,1771685626016000,1771685625952000,197388,0.12225626,0.09776658,0.45430866,126,0
1771685626020000,1771685626020000,1771685626020000,197388,0.11965987,0.09793949,0.4382559,126,0
1771685626152000,1771685626152000,1771685626088000,197388,0.12473318,0.09990641,0.45466802,126,0
1771685626156000,1771685626156000,1771685626156000,197388,0.12990303,0.099562824,0.45158255,126,0
1771685626288000,1771685626288000,1771685626224000,197388,0.12861267,0.09841489,0.45174474,126,0
1771685626292000,1771685626292000,1771685626292000,197388,0.1233286,0.09506537,0.45387256,126,0
1771685626424000,1771685626424000,1771685626360000,197388,0.13163133,0.09763464,0.45080534,126,0
1771685626428000,1771685626428000,1771685626428000,197388,0.13043413,0.10430469,0.45316643,126,0
1771685626560000,1771685626560000,1771685626496000,197388,0.13782243,0.094108865,0.45285162,126,0
1771685626564000,1771685626564000,1771685626564000,197388,0.15036283,0.0939104,0.45033032,126,0
1771685626696000,1771685626696000,1771685626632000,197388,0.14332774,0.09399015,0.44851938,126,0
1771685626700000,1771685626700000,1771685626700000,197388,0.1478574,0.08685783,0.4435257,126,0
1771685626832000,1771685626832000,1771685626768000,197388,0.1489532,0.08890317,0.44773614,126,0
1771685626836000,1771685626836000,1771685626836000,197388,0.15241458,0.08995385,0.44268683,126,0
1771685626968000,1771685626968000,1771685626904000,197388,0.15581453,0.08726838,0.44711885,126,0
1771685626972000,1771685626972000,1771685626972000,197388,0.15401037,0.08059554,0.44290236,126,0
1771685627104000,1771685627104000,1771685627040000,197388,0.15972364,0.08788061,0.44527432,126,0
1771685627108000,1771685627108000,1771685627108000,197388,0.1656365,0.0967685,0.43822792,126,0
1771685627240000,1771685627240000,1771685627176000,197388,0.16444531,0.08798253,0.44293585,126,0
1771685627244000,1771685627244000,1771685627244000,197388,0.17422946,0.08335901,0.44048613,126,0
1771685627376000,1771685627376000,1771685627312000,197388,0.16398594,0.087756865,0.44311303,126,0
1771685627380000,1771685627380000,1771685627380000,197388,0.1583149,0.08842087,0.4441602,126,0
1771685627512000,1771685627512000,1771685627448000,197388,0.15257435,0.085760914,0.44707713,126,0
1771685627516000,1771685627516000,1771685627516000,197388,0.14802161,0.08175668,0.4553935,126,0
1771685627648000,1771685627648000,1771685627584000,197388,0.13179412,0.08111071,0.4541242,126,0
1771685627652000,1771685627652000,1771685627652000,197388,0.13551815,0.0800374,0.45732793,126,0
1771685627784000,1771685627784000,1771685627720000,197388,0.11377188,0.07593995,0.46166095,126,0
1771685627788000,1771685627788000,1771685627788000,197388,0.10627635,0.070003144,0.46246234,126,0
1771685627920000,1771685627920000,1771685627856000,197388,0.11241758,0.07672125,0.4632136,126,0
1771685627924000,1771685627924000,1771685627924000,197388,0.11186512,0.08347759,0.45711493,126,0
1771685628056000,1771685628056000,1771685627992000,197388,0.11753631,0.08195825,0.45842585,126,0
1771685628060000,1771685628060000,1771685628060000,197388,0.1081814,0.092048794,0.46452045,126,0
1771685628192000,1771685628192000,1771685628128000,197388,0.12086634,0.07964523,0.4596665,126,0
1771685628196000,1771685628196000,1771685628196000,197388,0.117015295,0.078956254,0.45683256,126,0
1771685628328000,1771685628328000,1771685628264000,197388,0.11392334,0.061720084,0.46407068,126,0
1771685628332000,1771685628332000,1771685628332000,197388,0.11342931,0.054711767,0.46570602,126,0
1771685628464000,1771685628464000,1771685628400000,197388,0.10291357,0.039114464,0.46792096,126,0
1771685628468000,1771685628468000,1771685628468000,197388,0.10433129,0.024699077,0.46704522,126,0
1771685628600000,1771685628600000,1771685628536000,197388,0.094569884,0.02198585,0.47145754,126,0
1771685628604000,1771685628604000,1771685628604000,197388,0.090515934,0.016158985,0.47233418,126,0
1771685628736000,1771685628736000,1771685628672000,197388,0.08810057,0.015447106,0.47229692,126,0
1771685628740000,1771685628740000,1771685628740000,197388,0.08516961,0.020048518,0.4785003,126,0
1771685628872000,1771685628872000,1771685628808000,197388,0.08668742,0.016103696,0.47282493,126,0
1771685628876000,1771685628876000,1771685628876000,197388,0.08872893,0.020600809,0.47277886,126,0
1771685629008000,1771685629008000,1771685628944000,197388,0.08508164,0.020595383,0.4725851,126,0
1771685629012000,1771685629012000,1771685629012000,197388,0.08650667,0.02350953,0.47770274,126,0
1771685629144000,1771685629144000,1771685629080000,197388,0.08339253,0.027283862,0.4718392,126,0
1771685629148000,1771685629148000,1771685629148000,197388,0.08113429,0.031991452,0.4722212,126,0
1771685629280000,1771685629280000,1771685629216000,197388,0.08290958,0.03643673,0.47299612,126,0
1771685629284000,1771685629284000,1771685629284000,197388,0.08067975,0.041426983,0.479911,126,0
1771685629416000,1771685629416000,1771685629352000,197388,0.080538444,0.048240893,0.47358534,126,0
1771685629420000,1771685629420000,1771685629420000,197388,0.07764093,0.046377108,0.47885317,126,0
1771685629552000,1771685629552000,1771685629488000,197388,0.0778288,0.06349283,0.46947667,126,0
1771685629556000,1771685629556000,1771685629556000,197388,0.06647083,0.07087469,0.47562057,126,0
1771685629688000,1771685629688000,1771685629624000,197388,0.075266965,0.084162794,0.46739402,126,0
1771685629692000,1771685629692000,1771685629692000,197388,0.06267255,0.099994175,0.45582128,126,0
1771685629824000,1771685629824000,1771685629760000,197388,0.067994125,0.11478377,0.46168947,126,0
1771685629828000,1771685629828000,1771685629828000,197388,0.065169916,0.12249361,0.4667026,126,0
1771685629960000,1771685629960000,1771685629896000,197388,0.0556997,0.14575201,0.45524666,126,0
1771685629964000,1771685629964000,1771685629964000,197388,0.053195298,0.17040291,0.44572556,126,0
1771685630096000,1771685630096000,1771685630032000,197388,0.031228106,0.17523138,0.44635162,126,0
1771685630100000,1771685630100000,1771685630100000,197388,0.016416598,0.19771682,0.4450788,126,0
1771685630232000,1771685630232000,1771685630168000,197388,-0.009305879,0.20156126,0.43721116,126,0
1771685630236000,1771685630236000,1771685630236000,197388,-0.031429626,0.20232853,0.43428782,126,0
1771685630368000,1771685630368000,1771685630304000,197388,-0.05307196,0.21443033,0.42585674,126,0
1771685630372000,1771685630372000,1771685630372000,197388,-0.07859857,0.21350892,0.42299384,126,0
1771685630504000,1771685630504000,1771685630440000,197388,-0.091250576,0.21306208,0.42247075,126,0
1771685630508000,1771685630508000,1771685630508000,197388,-0.108693734,0.21278897,0.42956215,126,0
1771685630640000,1771685630640000,1771685630576000,197388,-0.11908718,0.2029791,0.42030883,126,0
1771685630644000,1771685630644000,1771685630644000,197388,-0.1269895,0.19597238,0.42316994,126,0
1771685630776000,1771685630776000,1771685630712000,197388,-0.1408737,0.18648753,0.4208011,126,0
1771685630780000,1771685630780000,1771685630780000,197388,-0.15754335,0.18178271,0.42355755,126,0
1771685630912000,1771685630912000,1771685630848000,197388,-0.15934502,0.16794334,0.42080182,126,0
1771685630916000,1771685630916000,1771685630916000,197388,-0.16573681,0.15542215,0.41643968,126,0
1771685631048000,1771685631048000,1771685630984000,197388,-0.1724643,0.15165873,0.42119282,126,0
1771685631052000,1771685631052000,1771685631052000,197388,-0.17671284,0.14801194,0.41683146,126,0
1771685631184000,1771685631184000,1771685631120000,197388,-0.18206353,0.13526182,0.42340058,126,0
1771685631188000,1771685631188000,1771685631188000,197388,-0.18017092,0.1323842,0.42279428,126,0
1771685631320000,1771685631320000,1771685631256000,197388,-0.18941922,0.11877453,0.4237482,126,0
1771685631324000,1771685631324000,1771685631324000,197388,-0.19803557,0.110328026,0.43518963,126,0
1771685631456000,1771685631456000,1771685631392000,197388,-0.19519587,0.10608242,0.42691618,126,0
1771685631460000,1771685631460000,1771685631460000,197388,-0.19134755,0.09717098,0.42515704,126,0
1771685631592000,1771685631592000,1771685631528000,197388,-0.19937573,0.093869135,0.4278173,126,0
1771685631596000,1771685631596000,1771685631596000,197388,-0.19689052,0.083530396,0.42363337,126,0
1771685631728000,1771685631728000,1771685631664000,197388,-0.19989616,0.08357476,0.42952004,126,0
1771685631732000,1771685631732000,1771685631732000,197388,-0.2002538,0.081260145,0.4288027,126,0
1771685631864000,1771685631864000,1771685631800000,197388,-0.19889298,0.07326454,0.4315463,126,0
1771685631868000,1771685631868000,1771685631868000,197388,-0.19980013,0.076724336,0.4346068,126,0
1771685632000000,1771685632000000,1771685631936000,197388,-0.19788148,0.06630783,0.43396726,126,0
1771685632004000,1771685632004000,1771685632004000,197388,-0.1911431,0.057359945,0.42517042,126,0
1771685632136000,1771685632136000,1771685632072000,197388,-0.19544454,0.061371908,0.43439537,126,0
1771685632140000,1771685632140000,1771685632140000,197388,-0.19567081,0.062883876,0.44813937,126,0
1771685632272000,1771685632272000,1771685632208000,197388,-0.1910291,0.059079386,0.4362055,126,0
1771685632276000,1771685632276000,1771685632276000,197388,-0.19680002,0.06380022,0.42620966,126,0
1771685632408000,1771685632408000,1771685632344000,197388,-0.19007584,0.058303703,0.4382407,126,0
1771685632412000,1771685632412000,1771685632412000,197388,-0.19294773,0.048285414,0.44261143,126,0
1771685632544000,1771685632544000,1771685632480000,197388,-0.18613142,0.058589194,0.43941167,126,0
1771685632548000,1771685632548000,1771685632548000,197388,-0.17351967,0.055713695,0.43642366,126,0
1771685632680000,1771685632680000,1771685632616000,197388,-0.18375663,0.062444277,0.44096145,126,0
1771685632684000,1771685632684000,1771685632684000,197388,-0.17710906,0.063769504,0.42278203,126,0
1771685632816000,1771685632816000,1771685632752000,197388,-0.17990701,0.06282978,0.44106606,126,0
1771685632820000,1771685632820000,1771685632820000,197388,-0.18717402,0.075518824,0.44218087,126,0
1771685632952000,1771685632952000,1771685632888000,197388,-0.17738263,0.06699369,0.44225904,126,0
1771685632956000,1771685632956000,1771685632956000,197388,-0.178072,0.06585287,0.43911552,126,0
1771685633088000,1771685633088000,1771685633024000,197388,-0.17366736,0.07122788,0.44266278,126,0
1771685633092000,1771685633092000,1771685633092000,197388,-0.16675268,0.07559982,0.4425792,126,0
1771685633224000,1771685633224000,1771685633160000,197388,-0.17333682,0.07474428,0.4426176,126,0
1771685633228000,1771685633228000,1771685633228000,197388,-0.16654082,0.077982254,0.4401316,126,0
1771685633360000,1771685633360000,1771685633296000,197388,-0.17444159,0.07582512,0.44111136,126,0
1771685633364000,1771685633364000,1771685633364000,197388,-0.1823704,0.07952728,0.4356131,126,0
1771685633496000,1771685633496000,1771685633432000,197388,-0.17615217,0.07870172,0.4397926,126,0
1771685633500000,1771685633500000,1771685633500000,197388,-0.18982683,0.08478775,0.442664,126,0
1771685633632000,1771685633632000,1771685633568000,197388,-0.17782396,0.08162677,0.4396,126,0
1771685633636000,1771685633636000,1771685633636000,197388,-0.17958765,0.08300819,0.43896776,126,0
1771685633768000,1771685633768000,1771685633704000,197388,-0.18161386,0.08422508,0.43693724,126,0
1771685633772000,1771685633772000,1771685633772000,197388,-0.1775985,0.08362387,0.4291695,126,0
1771685633904000,1771685633904000,1771685633840000,197388,-0.18226226,0.08538671,0.43719292,126,0
1771685633908000,1771685633908000,1771685633908000,197388,-0.1886621,0.09143532,0.43545923,126,0
1771685634040000,1771685634040000,1771685633976000,197388,-0.18537222,0.08523589,0.43520924,126,0
1771685634044000,1771685634044000,1771685634044000,197388,-0.18373196,0.09626176,0.433166,126,0
1771685634176000,1771685634176000,1771685634112000,197388,-0.18477017,0.08699021,0.43545324,126,0
1771685634180000,1771685634180000,1771685634180000,197388,-0.18839143,0.081375554,0.4242698,126,0
1771685634312000,1771685634312000,1771685634248000,197388,-0.18444382,0.08711675,0.434652,126,0
1771685634316000,1771685634316000,1771685634316000,197388,-0.1849602,0.08178309,0.43280697,126,0
1771685634448000,1771685634448000,1771685634384000,197388,-0.18703212,0.089161724,0.4338631,126,0
1771685634452000,1771685634452000,1771685634452000,197388,-0.18890831,0.09497519,0.43432063,126,0
1771685634584000,1771685634584000,1771685634520000,197388,-0.18692891,0.08791392,0.4348319,126,0
1771685634588000,1771685634588000,1771685634588000,197388,-0.19690186,0.08399188,0.4338333,126,0
1771685634720000,1771685634720000,1771685634656000,197388,-0.18640545,0.08803559,0.43515265,126,0
1771685634724000,1771685634724000,1771685634724000,197388,-0.19385569,0.084489234,0.4363674,126,0
1771685634856000,1771685634856000,1771685634792000,197388,-0.18469463,0.08809324,0.43340716,126,0
1771685634860000,1771685634860000,1771685634860000,197388,-0.18863991,0.088387914,0.43533188,126,0
1771685634992000,1771685634992000,1771685634928000,197388,-0.18493147,0.08787895,0.4361888,126,0
1771685634996000,1771685634996000,1771685634996000,197388,-0.19401376,0.092883155,0.43802813,126,0
1771685635128000,1771685635128000,1771685635064000,197388,-0.1832261,0.08754378,0.43594518,126,0
1771685635132000,1771685635132000,1771685635132000,197388,-0.17933287,0.089786634,0.43480265,126,0
1771685635264000,1771685635264000,1771685635200000,197388,-0.18484978,0.08859698,0.4350984,126,0
1771685635268000,1771685635268000,1771685635268000,197388,-0.17749749,0.07992806,0.44114366,126,0
1771685635400000,1771685635400000,1771685635336000,197388,-0.18293796,0.0868615,0.43630335,126,0
1771685635404000,1771685635404000,1771685635404000,197388,-0.18299885,0.083694324,0.44339383,126,0
1771685635536000,1771685635536000,1771685635472000,197388,-0.18450537,0.085219316,0.43541208,126,0
1771685635540000,1771685635540000,1771685635540000,197388,-0.19154559,0.08126707,0.42537722,126,0
1771685635672000,1771685635672000,1771685635608000,197388,-0.1850112,0.08422727,0.43600297,126,0
1771685635676000,1771685635676000,1771685635676000,197388,-0.17706881,0.07518553,0.44209474,126,0
1771685635808000,1771685635808000,1771685635744000,197388,-0.1845309,0.083228804,0.434871,126,0
1771685635812000,1771685635812000,1771685635812000,197388,-0.18133724,0.08656207,0.43972707,126,0
1771685635944000,1771685635944000,1771685635880000,197388,-0.18469723,0.083900005,0.4357071,126,0
1771685635948000,1771685635948000,1771685635948000,197388,-0.17673564,0.08704813,0.43776444,126,0
1771685636080000,1771685636080000,1771685636016000,197388,-0.18435349,0.08213789,0.43736172,126,0
1771685636084000,1771685636084000,1771685636084000,197388,-0.18274829,0.07409386,0.44093224,126,0
1771685636216000,1771685636216000,1771685636152000,197388,-0.18461919,0.08097485,0.43485513,126,0
1771685636220000,1771685636220000,1771685636220000,197388,-0.17655645,0.075003386,0.433947,126,0
1771685636352000,1771685636352000,1771685636288000,197388,-0.18488272,0.08151122,0.43598074,126,0
1771685636356000,1771685636356000,1771685636356000,197388,-0.18162207,0.072388686,0.43009186,126,0
1771685636488000,1771685636488000,1771685636424000,197388,-0.18328471,0.082337536,0.43783095,126,0
1771685636492000,1771685636492000,1771685636492000,197388,-0.18561229,0.07969715,0.4433271,126,0
1771685636624000,1771685636624000,1771685636560000,197388,-0.18514915,0.08013001,0.43695417,126,0
1771685636628000,1771685636628000,1771685636628000,197388,-0.1824424,0.07528128,0.43158615,126,0
1771685636760000,1771685636760000,1771685636696000,197388,-0.18555969,0.08054565,0.43745595,126,0
1771685636764000,1771685636764000,1771685636764000,197388,-0.18057932,0.078098394,0.43778324,126,0
1771685636896000,1771685636896000,1771685636832000,197388,-0.18389934,0.07679356,0.43484437,126,0
1771685636900000,1771685636900000,1771685636900000,197388,-0.18041,0.07962979,0.44418386,126,0
1771685637032000,1771685637032000,1771685636968000,197388,-0.18559071,0.0786705,0.43489787,126,0
1771685637036000,1771685637036000,1771685637036000,197388,-0.19031371,0.07788545,0.43191987,126,0
1771685637168000,1771685637168000,1771685637104000,197388,-0.18653482,0.07876126,0.43575832,126,0
1771685637172000,1771685637172000,1771685637172000,197388,-0.18745025,0.077518776,0.432898,126,0
1771685637304000,1771685637304000,1771685637240000,197388,-0.18653455,0.076745614,0.43583283,126,0
1771685637308000,1771685637308000,1771685637308000,197388,-0.18186808,0.083623074,0.43763402,126,0
1771685637440000,1771685637440000,1771685637376000,197388,-0.18697076,0.07855491,0.4344988,126,0
1771685637444000,1771685637444000,1771685637444000,197388,-0.1892802,0.07619017,0.43811813,126,0
1771685637576000,1771685637576000,1771685637512000,197388,-0.18864769,0.07771349,0.43583477,126,0
1771685637580000,1771685637580000,1771685637580000,197388,-0.18900804,0.083256826,0.43399453,126,0
1771685637712000,1771685637712000,1771685637648000,197388,-0.18849939,0.07957833,0.43587348,126,0
1771685637716000,1771685637716000,1771685637716000,197388,-0.19228232,0.08558186,0.44253623,126,0
1771685637848000,1771685637848000,1771685637784000,197388,-0.1882771,0.078497164,0.4356074,126,0
1771685637852000,1771685637852000,1771685637852000,197388,-0.18800472,0.08212307,0.43816558,126,0
1771685637984000,1771685637984000,1771685637920000,197388,-0.18775341,0.078903854,0.43557888,126,0
1771685637988000,1771685637988000,1771685637988000,197388,-0.19266541,0.07873481,0.44226858,126,0
1771685638120000,1771685638120000,1771685638056000,197388,-0.18868533,0.07974866,0.43679804,126,0
1771685638124000,1771685638124000,1771685638124000,197388,-0.1837663,0.07548396,0.4294274,126,0
1771685638256000,1771685638256000,1771685638192000,197388,-0.18838063,0.08020454,0.436299,126,0
1771685638260000,1771685638260000,1771685638260000,197388,-0.18514802,0.082893185,0.43385738,126,0
1771685638392000,1771685638392000,1771685638328000,197388,-0.18728885,0.079889946,0.435198,126,0
1771685638396000,1771685638396000,1771685638396000,197388,-0.18520264,0.08546979,0.43568078,126,0
1771685638528000,1771685638528000,1771685638464000,197388,-0.18804325,0.08022286,0.43706793,126,0
1771685638532000,1771685638532000,1771685638532000,197388,-0.1889807,0.07880094,0.4300103,126,0
1771685638664000,1771685638664000,1771685638600000,197388,-0.18553996,0.08080491,0.4341322,126,0
1771685638668000,1771685638668000,1771685638668000,197388,-0.18717518,0.07838376,0.43258935,126,0
1771685638800000,1771685638800000,1771685638736000,197388,-0.18761264,0.0801142,0.43559164,126,0
1771685638804000,1771685638804000,1771685638804000,197388,-0.18665761,0.077682726,0.43610153,126,0
1771685638936000,1771685638936000,1771685638872000,197388,-0.18570754,0.081491664,0.43454832,126,0
1771685638940000,1771685638940000,1771685638940000,197388,-0.189496,0.07683308,0.4410656,126,0
1771685639072000,1771685639072000,1771685639008000,197388,-0.18470724,0.08048741,0.438114,126,0
1771685639076000,1771685639076000,1771685639076000,197388,-0.19169797,0.07581471,0.4362054,126,0
1771685639208000,1771685639208000,1771685639144000,197388,-0.18521795,0.08153588,0.4384231,126,0
1771685639212000,1771685639212000,1771685639212000,197388,-0.18734933,0.08275412,0.4365418,126,0
1771685639344000,1771685639344000,1771685639280000,197388,-0.18576635,0.08264279,0.43739024,126,0
1771685639348000,1771685639348000,1771685639348000,197388,-0.18705694,0.09376609,0.44286165,126,0
1771685639480000,1771685639480000,1771685639416000,197388,-0.18515016,0.08218261,0.43711725,126,0
1771685639484000,1771685639484000,1771685639484000,197388,-0.18899229,0.0802584,0.44040155,126,0
1771685639616000,1771685639616000,1771685639552000,197388,-0.18485112,0.08328496,0.43588036,126,0
1771685639620000,1771685639620000,1771685639620000,197388,-0.17688356,0.07043317,0.43341327,126,0
1771685639752000,1771685639752000,1771685639688000,197388,-0.18492909,0.08068294,0.435698,126,0
1771685639756000,1771685639756000,1771685639756000,197388,-0.17512818,0.08521775,0.436602,126,0
1771685639888000,1771685639888000,1771685639824000,197388,-0.18456522,0.082478024,0.43486413,126,0
1771685639892000,1771685639892000,1771685639892000,197388,-0.17579597,0.093919076,0.44192493,126,0
1771685640024000,1771685640024000,1771685639960000,197388,-0.18757501,0.081843235,0.43517703,126,0
1771685640028000,1771685640028000,1771685640028000,197388,-0.18310198,0.07994514,0.4332821,126,0
1771685640160000,1771685640160000,1771685640096000,197388,-0.18821605,0.083083615,0.43451592,126,0
1771685640164000,1771685640164000,1771685640164000,197388,-0.1838294,0.08859253,0.4294799,126,0
1771685640296000,1771685640296000,1771685640232000,197388,-0.19059668,0.08139951,0.4357612,126,0
1771685640300000,1771685640300000,1771685640300000,197388,-0.19053139,0.079420224,0.43746042,126,0
1771685640432000,1771685640432000,1771685640368000,197388,-0.18993841,0.08009408,0.43427184,126,0
1771685640436000,1771685640436000,1771685640436000,197388,-0.1890283,0.08034282,0.43014678,126,0
1771685640568000,1771685640568000,1771685640504000,197388,-0.1888537,0.08100486,0.4352294,126,0
1771685640572000,1771685640572000,1771685640572000,197388,-0.19207977,0.08127338,0.44060156,126,0
1771685640704000,1771685640704000,1771685640640000,197388,-0.18990365,0.08152721,0.43417916,126,0
1771685640708000,1771685640708000,1771685640708000,197388,-0.19362994,0.07822052,0.43913758,126,0
1771685640840000,1771685640840000,1771685640776000,197388,-0.18990415,0.08049958,0.43385088,126,0
1771685640844000,1771685640844000,1771685640844000,197388,-0.19069247,0.08089112,0.43793803,126,0
1771685640976000,1771685640976000,1771685640912000,197388,-0.18936642,0.080291875,0.43363544,126,0
1771685640980000,1771685640980000,1771685640980000,197388,-0.19017398,0.07416848,0.43611667,126,0
1771685641112000,1771685641112000,1771685641048000,197388,-0.18964057,0.08073609,0.43311882,126,0
1771685641116000,1771685641116000,1771685641116000,197388,-0.18489555,0.08217915,0.43497154,126,0
1771685641248000,1771685641248000,1771685641184000,197388,-0.19107142,0.08019384,0.43491077,126,0
1771685641252000,1771685641252000,1771685641252000,197388,-0.18576866,0.07493305,0.4313224,126,0
1771685641384000,1771685641384000,1771685641320000,197388,-0.18807736,0.07884868,0.43375236,126,0
1771685641388000,1771685641388000,1771685641388000,197388,-0.19709754,0.09033186,0.43773535,126,0
1771685641520000,1771685641520000,1771685641456000,197388,-0.19082867,0.07943382,0.4337702,126,0
1771685641524000,1771685641524000,1771685641524000,197388,-0.1944227,0.08346664,0.43050203,126,0
1771685641656000,1771685641656000,1771685641592000,197388,-0.19006625,0.078853786,0.43484774,126,0
1771685641660000,1771685641660000,1771685641660000,197388,-0.18783373,0.081932865,0.4385385,126,0
1771685641792000,1771685641792000,1771685641728000,197388,-0.18897659,0.0783462,0.4339065,126,0
1771685641796000,1771685641796000,1771685641796000,197388,-0.18715343,0.085863315,0.42596775,126,0
1771685641928000,1771685641928000,1771685641864000,197388,-0.18751979,0.08039507,0.43325615,126,0
1771685641932000,1771685641932000,1771685641932000,197388,-0.18609618,0.06992454,0.43682015,126,0
1771685642064000,1771685642064000,1771685642000000,197388,-0.18645622,0.0790005,0.43609577,126,0
1771685642068000,1771685642068000,1771685642068000,197388,-0.1852455,0.08019647,0.42825925,126,0
1771685642200000,1771685642200000,1771685642136000,197388,-0.18695255,0.079632185,0.4363907,126,0
1771685642204000,1771685642204000,1771685642204000,197388,-0.18393523,0.07660535,0.44119874,126,0
1771685642336000,1771685642336000,1771685642272000,197388,-0.1869245,0.08130381,0.43577692,126,0
1771685642340000,1771685642340000,1771685642340000,197388,-0.18480322,0.08794579,0.43550253,126,0
1771685642472000,1771685642472000,1771685642408000,197388,-0.18591665,0.07919754,0.43672284,126,0
1771685642476000,1771685642476000,1771685642476000,197388,-0.18554,0.086759314,0.43695715,126,0
1771685642608000,1771685642608000,1771685642544000,197388,-0.18569982,0.081396386,0.43601656,126,0
1771685642612000,1771685642612000,1771685642612000,197388,-0.19214411,0.091162845,0.4311478,126,0
1771685642744000,1771685642744000,1771685642680000,197388,-0.18336517,0.08062485,0.4360229,126,0
1771685642748000,1771685642748000,1771685642748000,197388,-0.18320261,0.08552898,0.43436074,126,0
1771685642880000,1771685642880000,1771685642816000,197388,-0.18331015,0.08157003,0.43740195,126,0
1771685642884000,1771685642884000,1771685642884000,197388,-0.18323928,0.080459654,0.43747276,126,0
1771685643016000,1771685643016000,1771685642952000,197388,-0.18372484,0.080075085,0.43897346,126,0
1771685643020000,1771685643020000,1771685643020000,197388,-0.18967077,0.080098584,0.4309645,126,0
1771685643152000,1771685643152000,1771685643088000,197388,-0.18020266,0.080443636,0.43912494,126,0
1771685643156000,1771685643156000,1771685643156000,197388,-0.18076031,0.082378045,0.43487266,126,0
1771685643288000,1771685643288000,1771685643224000,197388,-0.17974365,0.07936015,0.43526405,126,0
1771685643292000,1771685643292000,1771685643292000,197388,-0.17868823,0.07716735,0.4372489,126,0
1771685643424000,1771685643424000,1771685643360000,197388,-0.18126953,0.08036113,0.43730733,126,0
1771685643428000,1771685643428000,1771685643428000,197388,-0.17280415,0.07718499,0.4390541,126,0
1771685643560000,1771685643560000,1771685643496000,197388,-0.18207763,0.08079697,0.43818262,126,0
1771685643564000,1771685643564000,1771685643564000,197388,-0.17825781,0.08257671,0.43829918,126,0
1771685643696000,1771685643696000,1771685643632000,197388,-0.18104818,0.08113466,0.4374138,126,0
1771685643700000,1771685643700000,1771685643700000,197388,-0.18251054,0.076516464,0.4357316,126,0
1771685643832000,1771685643832000,1771685643768000,197388,-0.18032208,0.08372634,0.43745995,126,0
1771685643836000,1771685643836000,1771685643836000,197388,-0.18787172,0.07932811,0.43398184,126,0
1771685643968000,1771685643968000,1771685643904000,197388,-0.18161085,0.08140642,0.43756497,126,0
1771685643972000,1771685643972000,1771685643972000,197388,-0.18715316,0.0799865,0.4350746,126,0
1771685644104000,1771685644104000,1771685644040000,197388,-0.18276909,0.08224825,0.43828374,126,0
1771685644108000,1771685644108000,1771685644108000,197388,-0.17907974,0.08137619,0.44051954,126,0
1771685644240000,1771685644240000,1771685644176000,197388,-0.18244664,0.08271068,0.43783355,126,0
1771685644244000,1771685644244000,1771685644244000,197388,-0.17333408,0.08222728,0.43626243,126,0
1771685644376000,1771685644376000,1771685644312000,197388,-0.18057096,0.08289729,0.43696776,126,0
1771685644380000,1771685644380000,1771685644380000,197388,-0.1774757,0.08500307,0.43771234,126,0
1771685644512000,1771685644512000,1771685644448000,197388,-0.18018828,0.08085696,0.4384207,126,0
1771685644516000,1771685644516000,1771685644516000,197388,-0.17442101,0.09150751,0.44302735,126,0
1771685644648000,1771685644648000,1771685644584000,197388,-0.18301506,0.08218778,0.43674418,126,0
1771685644652000,1771685644652000,1771685644652000,197388,-0.17684723,0.08187749,0.4443654,126,0
1771685644784000,1771685644784000,1771685644720000,197388,-0.18292303,0.08141435,0.43722752,126,0
1771685644788000,1771685644788000,1771685644788000,197388,-0.18815297,0.08487767,0.43068424,126,0
1771685644920000,1771685644920000,1771685644856000,197388,-0.18225166,0.081131,0.43799216,126,0
1771685644924000,1771685644924000,1771685644924000,197388,-0.1827914,0.079829946,0.42764375,126,0
1771685645056000,1771685645056000,1771685644992000,197388,-0.18343128,0.081140526,0.4359315,126,0
1771685645060000,1771685645060000,1771685645060000,197388,-0.19590358,0.07823708,0.4348864,126,0
1771685645192000,1771685645192000,1771685645128000,197388,-0.18261464,0.08105693,0.4371704,126,0
1771685645196000,1771685645196000,1771685645196000,197388,-0.18353781,0.07776002,0.43005636,126,0
1771685645328000,1771685645328000,1771685645264000,197388,-0.18418004,0.08128564,0.43841258,126,0
1771685645332000,1771685645332000,1771685645332000,197388,-0.17843334,0.0801223,0.44073355,126,0
1771685645464000,1771685645464000,1771685645400000,197388,-0.18356758,0.08005876,0.4361019,126,0
1771685645468000,1771685645468000,1771685645468000,197388,-0.17989317,0.0769757,0.4421294,126,0
1771685645600000,1771685645600000,1771685645536000,197388,-0.18301013,0.081211,0.43596768,126,0
1771685645604000,1771685645604000,1771685645604000,197388,-0.18653183,0.087603696,0.43918896,126,0
1771685645736000,1771685645736000,1771685645672000,197388,-0.18223278,0.08087436,0.43780297,126,0
1771685645740000,1771685645740000,1771685645740000,197388,-0.17872578,0.082180224,0.4326935,126,0
1771685645872000,1771685645872000,1771685645808000,197388,-0.1838576,0.07977129,0.43610755,126,0
1771685645876000,1771685645876000,1771685645876000,197388,-0.17710221,0.07281527,0.43308768,126,0
1771685646008000,1771685646008000,1771685645944000,197388,-0.1863332,0.08145185,0.43675572,126,0
1771685646012000,1771685646012000,1771685646012000,197388,-0.17774712,0.08160829,0.43021053,126,0
1771685646144000,1771685646144000,1771685646080000,197388,-0.18410188,0.08173544,0.4359837,126,0
1771685646148000,1771685646148000,1771685646148000,197388,-0.1847229,0.07154098,0.44090477,126,0
1771685646280000,1771685646280000,1771685646216000,197388,-0.18524398,0.0806838,0.43756402,126,0
1771685646284000,1771685646284000,1771685646284000,197388,-0.18307294,0.07934199,0.43479255,126,0
1771685646416000,1771685646416000,1771685646352000,197388,-0.1846204,0.08059882,0.43555135,126,0
1771685646420000,1771685646420000,1771685646420000,197388,-0.185396,0.07930771,0.43656227,126,0
1771685646552000,1771685646552000,1771685646488000,197388,-0.18333514,0.081461795,0.43499836,126,0
1771685646556000,1771685646556000,1771685646556000,197388,-0.18010998,0.0827939,0.4326977,126,0
1771685646688000,1771685646688000,1771685646624000,197388,-0.18692853,0.07894874,0.43556094,126,0
1771685646692000,1771685646692000,1771685646692000,197388,-0.19110388,0.07147753,0.43770152,126,0
1771685646824000,1771685646824000,1771685646760000,197388,-0.1866414,0.07964956,0.435027,126,0
1771685646828000,1771685646828000,1771685646828000,197388,-0.18318556,0.08476049,0.43501028,126,0
1771685646960000,1771685646960000,1771685646896000,197388,-0.18839523,0.08040629,0.43441576,126,0
1771685646964000,1771685646964000,1771685646964000,197388,-0.19141811,0.08752404,0.43970278,126,0
1771685647096000,1771685647096000,1771685647032000,197388,-0.18670648,0.079775825,0.43668133,126,0
1771685647100000,1771685647100000,1771685647100000,197388,-0.19141643,0.07951067,0.44403026,126,0
1771685647232000,1771685647232000,1771685647168000,197388,-0.18661124,0.08002514,0.4352554,126,0
1771685647236000,1771685647236000,1771685647236000,197388,-0.17578375,0.0843111,0.44172528,126,0
1771685647368000,1771685647368000,1771685647304000,197388,-0.18815339,0.07947551,0.43618816,126,0
1771685647372000,1771685647372000,1771685647372000,197388,-0.18463658,0.08053026,0.4302918,126,0
1771685647504000,1771685647504000,1771685647440000,197388,-0.1861543,0.078407735,0.43486747,126,0
1771685647508000,1771685647508000,1771685647508000,197388,-0.19840723,0.0791675,0.42797944,126,0
1771685647640000,1771685647640000,1771685647576000,197388,-0.18657778,0.078899264,0.4353846,126,0
1771685647644000,1771685647644000,1771685647644000,197388,-0.19278038,0.076967485,0.4396648,126,0
1771685647776000,1771685647776000,1771685647712000,197388,-0.185684,0.079621986,0.43363115,126,0
1771685647780000,1771685647780000,1771685647780000,197388,-0.17808986,0.078183524,0.43471077,126,0
1771685647912000,1771685647912000,1771685647848000,197388,-0.1881999,0.07991011,0.43411154,126,0
1771685647916000,1771685647916000,1771685647916000,197388,-0.19324578,0.08338072,0.44143313,126,0
1771685648048000,1771685648048000,1771685647984000,197388,-0.1863122,0.079006106,0.43573424,126,0
1771685648052000,1771685648052000,1771685648052000,197388,-0.18366031,0.07757649,0.43905395,126,0
1771685648184000,1771685648184000,1771685648120000,197388,-0.18644764,0.07927151,0.43484104,126,0
1771685648188000,1771685648188000,1771685648188000,197388,-0.19381711,0.08264373,0.4372526,126,0
1771685648320000,1771685648320000,1771685648256000,197388,-0.18680367,0.079525955,0.43599728,126,0
1771685648324000,1771685648324000,1771685648324000,197388,-0.18777229,0.08633799,0.43155995,126,0
1771685648456000,1771685648456000,1771685648392000,197388,-0.18636656,0.07912989,0.43530157,126,0
1771685648460000,1771685648460000,1771685648460000,197388,-0.17777929,0.0856156,0.42488492,126,0
1771685648592000,1771685648592000,1771685648528000,197388,-0.18694247,0.0788187,0.4364349,126,0
1771685648596000,1771685648596000,1771685648596000,197388,-0.18969786,0.080511786,0.42597383,126,0
1771685648728000,1771685648728000,1771685648664000,197388,-0.18739262,0.079217635,0.434987,126,0
1771685648732000,1771685648732000,1771685648732000,197388,-0.18679948,0.072462045,0.4279193,126,0
1771685648864000,1771685648864000,1771685648800000,197388,-0.18746324,0.0805372,0.43669578,126,0
1771685648868000,1771685648868000,1771685648868000,197388,-0.19030213,0.08408927,0.43418068,126,0
1771685649000000,1771685649000000,1771685648936000,197388,-0.18581392,0.07998399,0.43786997,126,0
1771685649004000,1771685649004000,1771685649004000,197388,-0.1855915,0.07914038,0.4390659,126,0
1771685649136000,1771685649136000,1771685649072000,197388,-0.18680663,0.07890684,0.43497455,126,0
1771685649140000,1771685649140000,1771685649140000,197388,-0.19069837,0.0833201,0.4358805,126,0
1771685649272000,1771685649272000,1771685649208000,197388,-0.18616131,0.079511344,0.4373086,126,0
1771685649276000,1771685649276000,1771685649276000,197388,-0.18575993,0.085307576,0.4327392,126,0
1771685649408000,1771685649408000,1771685649344000,197388,-0.18627343,0.07783291,0.43575543,126,0
1771685649412000,1771685649412000,1771685649412000,197388,-0.18555972,0.07766472,0.4394609,126,0
1771685649544000,1771685649544000,1771685649480000,197388,-0.18498364,0.08027669,0.43561274,126,0
1771685649548000,1771685649548000,1771685649548000,197388,-0.19041447,0.08238524,0.44142744,126,0
1771685649680000,1771685649680000,1771685649616000,197388,-0.1873254,0.07984837,0.4372285,126,0
1771685649684000,1771685649684000,1771685649684000,197388,-0.19459118,0.08097854,0.4340926,126,0
1771685649816000,1771685649816000,1771685649752000,197388,-0.20169665,0.079706155,0.4294762,126,0
1771685649820000,1771685649820000,1771685649820000,197388,-0.21477886,0.08031638,0.4270353,126,0
1771685649952000,1771685649952000,1771685649888000,197388,-0.22193038,0.08214034,0.41801378,126,0
1771685649956000,1771685649956000,1771685649956000,197388,-0.23557934,0.094914004,0.41555166,126,0
1771685650088000,1771685650088000,1771685650024000,197388,-0.2401107,0.085934974,0.40877247,126,0
1771685650092000,1771685650092000,1771685650092000,197388,-0.24378917,0.08743336,0.39958772,126,0
1771685650224000,1771685650224000,1771685650160000,197388,-0.2520928,0.08696849,0.3999992,126,0
1771685650228000,1771685650228000,1771685650228000,197388,-0.25230947,0.074715704,0.4048189,126,0
1771685650360000,1771685650360000,1771685650296000,197388,-0.25763842,0.08663447,0.39503703,126,0
1771685650364000,1771685650364000,1771685650364000,197388,-0.26429787,0.09691324,0.40072945,126,0
1771685650496000,1771685650496000,1771685650432000,197388,-0.26089227,0.08208799,0.39469516,126,0
1771685650500000,1771685650500000,1771685650500000,197388,-0.26158428,0.07835123,0.39803797,126,0
1771685650632000,1771685650632000,1771685650568000,197388,-0.2628983,0.08210638,0.39501277,126,0
1771685650636000,1771685650636000,1771685650636000,197388,-0.2574261,0.0858759,0.39636773,126,0
1771685650768000,1771685650768000,1771685650704000,197388,-0.26370597,0.08238017,0.39449325,126,0
1771685650772000,1771685650772000,1771685650772000,197388,-0.25642323,0.07897616,0.3913823,126,0
1771685650904000,1771685650904000,1771685650840000,197388,-0.26587084,0.08229308,0.39167276,126,0
1771685650908000,1771685650908000,1771685650908000,197388,-0.2667973,0.074094236,0.39815682,126,0
1771685651040000,1771685651040000,1771685650976000,197388,-0.26404288,0.07981116,0.39447108,126,0
1771685651044000,1771685651044000,1771685651044000,197388,-0.2657369,0.08787792,0.4013371,126,0
1771685651176000,1771685651176000,1771685651112000,197388,-0.26392955,0.080151804,0.39426365,126,0
1771685651180000,1771685651180000,1771685651180000,197388,-0.2644621,0.07160414,0.39128557,126,0
1771685651312000,1771685651312000,1771685651248000,197388,-0.26058713,0.080710895,0.39316618,126,0
1771685651316000,1771685651316000,1771685651316000,197388,-0.26607618,0.06149935,0.39898354,126,0
1771685651448000,1771685651448000,1771685651384000,197388,-0.26034042,0.07986935,0.39664736,126,0
1771685651452000,1771685651452000,1771685651452000,197388,-0.25695974,0.07433943,0.38618788,126,0
1771685651584000,1771685651584000,1771685651520000,197388,-0.25762576,0.07928238,0.39676702,126,0
1771685651588000,1771685651588000,1771685651588000,197388,-0.25889295,0.08236076,0.39523342,126,0
1771685651720000,1771685651720000,1771685651656000,197388,-0.25523132,0.07820864,0.40092555,126,0
1771685651724000,1771685651724000,1771685651724000,197388,-0.2503568,0.078281686,0.3908252,126,0
1771685651856000,1771685651856000,1771685651792000,197388,-0.25086853,0.08264136,0.4010141,126,0
1771685651860000,1771685651860000,1771685651860000,197388,-0.24672793,0.086172074,0.40197957,126,0
1771685651992000,1771685651992000,1771685651928000,197388,-0.2473465,0.08598257,0.40368217,126,0
1771685651996000,1771685651996000,1771685651996000,197388,-0.24974665,0.08794729,0.40580112,126,0
1771685652128000,1771685652128000,1771685652064000,197388,-0.24249323,0.089621566,0.40656576,126,0
1771685652132000,1771685652132000,1771685652132000,197388,-0.23383483,0.09739029,0.4168796,126,0
1771685652264000,1771685652264000,1771685652200000,197388,-0.23627687,0.09178502,0.40780708,126,0
1771685652268000,1771685652268000,1771685652268000,197388,-0.23443395,0.08745182,0.40813097,126,0
1771685652400000,1771685652400000,1771685652336000,197388,-0.23171948,0.091438375,0.40970728,126,0
1771685652404000,1771685652404000,1771685652404000,197388,-0.23610952,0.09141086,0.41666475,126,0
1771685652536000,1771685652536000,1771685652472000,197388,-0.22900437,0.09129961,0.41359997,126,0
1771685652540000,1771685652540000,1771685652540000,197388,-0.21586673,0.092807606,0.42396715,126,0
1771685652672000,1771685652672000,1771685652608000,197388,-0.22310092,0.093819626,0.41384923,126,0
1771685652676000,1771685652676000,1771685652676000,197388,-0.22761382,0.0926359,0.4280251,126,0
1771685652808000,1771685652808000,1771685652744000,197388,-0.21814315,0.0970237,0.41620773,126,0
1771685652812000,1771685652812000,1771685652812000,197388,-0.22180058,0.099768154,0.41760683,126,0
1771685652944000,1771685652944000,1771685652880000,197388,-0.21589099,0.09921048,0.41837645,126,0
1771685652948000,1771685652948000,1771685652948000,197388,-0.21787252,0.09972593,0.41524553,126,0
1771685653080000,1771685653080000,1771685653016000,197388,-0.20955707,0.10259946,0.41877398,126,0
1771685653084000,1771685653084000,1771685653084000,197388,-0.20243998,0.09428547,0.4319857,126,0
1771685653216000,1771685653216000,1771685653152000,197388,-0.20633459,0.105538964,0.42216069,126,0
1771685653220000,1771685653220000,1771685653220000,197388,-0.19558933,0.10569667,0.43394488,126,0
1771685653352000,1771685653352000,1771685653288000,197388,-0.20162429,0.11178395,0.4217308,126,0
1771685653356000,1771685653356000,1771685653356000,197388,-0.20331831,0.11211277,0.4288552,126,0
1771685653488000,1771685653488000,1771685653424000,197388,-0.19399387,0.11966797,0.42319945,126,0
1771685653492000,1771685653492000,1771685653492000,197388,-0.18988134,0.12039698,0.43051666,126,0
1771685653624000,1771685653624000,1771685653560000,197388,-0.18517946,0.1266627,0.4234255,126,0
1771685653628000,1771685653628000,1771685653628000,197388,-0.17297602,0.13303491,0.42369205,126,0
1771685653760000,1771685653760000,1771685653696000,197388,-0.17638518,0.13653794,0.4253592,126,0
1771685653764000,1771685653764000,1771685653764000,197388,-0.16708875,0.13938335,0.4262137,126,0
1771685653896000,1771685653896000,1771685653832000,197388,-0.16727144,0.14598683,0.42683014,126,0
1771685653900000,1771685653900000,1771685653900000,197388,-0.15868388,0.1461113,0.42975622,126,0
1771685654032000,1771685654032000,1771685653968000,197388,-0.15464891,0.15460503,0.42662764,126,0
1771685654036000,1771685654036000,1771685654036000,197388,-0.14462575,0.16330267,0.42863467,126,0
1771685654168000,1771685654168000,1771685654104000,197388,-0.14091694,0.16675714,0.4276147,126,0
1771685654172000,1771685654172000,1771685654172000,197388,-0.13327654,0.16446038,0.42790362,126,0
1771685654304000,1771685654304000,1771685654240000,197388,-0.12576038,0.17596494,0.4303957,126,0
1771685654308000,1771685654308000,1771685654308000,197388,-0.116536126,0.18198971,0.42727527,126,0
1771685654440000,1771685654440000,1771685654376000,197388,-0.10981408,0.1870679,0.42889094,126,0
1771685654444000,1771685654444000,1771685654444000,197388,-0.10183426,0.19348243,0.42363313,126,0
1771685654576000,1771685654576000,1771685654512000,197388,-0.09436214,0.19639637,0.42863876,126,0
1771685654580000,1771685654580000,1771685654580000,197388,-0.089345925,0.19834596,0.43059635,126,0
1771685654712000,1771685654712000,1771685654648000,197388,-0.07260437,0.20646559,0.42741477,126,0
1771685654716000,1771685654716000,1771685654716000,197388,-0.06076407,0.21679181,0.43264458,126,0
1771685654848000,1771685654848000,1771685654784000,197388,-0.05076791,0.2133318,0.4282359,126,0
1771685654852000,1771685654852000,1771685654852000,197388,-0.04226298,0.2175561,0.4269728,126,0
1771685654984000,1771685654984000,1771685654920000,197388,-0.025307229,0.21722941,0.42719516,126,0
1771685654988000,1771685654988000,1771685654988000,197388,-0.019867118,0.21860406,0.43230423,126,0
1771685655120000,1771685655120000,1771685655056000,197388,0.0012690016,0.2192122,0.42652917,126,0
1771685655124000,1771685655124000,1771685655124000,197388,0.009264484,0.21247542,0.4244339,126,0
1771685655256000,1771685655256000,1771685655192000,197388,0.02741597,0.21784523,0.42806536,126,0
1771685655260000,1771685655260000,1771685655260000,197388,0.03754649,0.20839751,0.4263473,126,0
1771685655392000,1771685655392000,1771685655328000,197388,0.057593912,0.21189788,0.4285789,126,0
1771685655396000,1771685655396000,1771685655396000,197388,0.076753184,0.20324445,0.42179295,126,0
1771685655528000,1771685655528000,1771685655464000,197388,0.084842935,0.20150979,0.4281131,126,0
1771685655532000,1771685655532000,1771685655532000,197388,0.10482655,0.18824641,0.42649037,126,0
1771685655664000,1771685655664000,1771685655600000,197388,0.11292375,0.1865693,0.42868558,126,0
1771685655668000,1771685655668000,1771685655668000,197388,0.12429913,0.18238081,0.42693245,126,0
1771685655800000,1771685655800000,1771685655736000,197388,0.13906735,0.16823696,0.42872733,126,0
1771685655804000,1771685655804000,1771685655804000,197388,0.14376847,0.16111533,0.43991005,126,0
1771685655936000,1771685655936000,1771685655872000,197388,0.15848032,0.15139139,0.42828077,126,0
1771685655940000,1771685655940000,1771685655940000,197388,0.16573831,0.14183195,0.43103617,126,0
1771685656072000,1771685656072000,1771685656008000,197388,0.17190614,0.13425234,0.42745918,126,0
1771685656076000,1771685656076000,1771685656076000,197388,0.17376949,0.12057366,0.42010576,126,0
1771685656208000,1771685656208000,1771685656144000,197388,0.18655813,0.12103501,0.42714632,126,0
1771685656212000,1771685656212000,1771685656212000,197388,0.18838081,0.12486515,0.4244926,126,0
1771685656344000,1771685656344000,1771685656280000,197388,0.19488429,0.1088302,0.42595413,126,0
1771685656348000,1771685656348000,1771685656348000,197388,0.19812945,0.09877478,0.42263708,126,0
1771685656480000,1771685656480000,1771685656416000,197388,0.20251016,0.09635408,0.42608252,126,0
1771685656484000,1771685656484000,1771685656484000,197388,0.20889808,0.08077653,0.42575878,126,0
1771685656616000,1771685656616000,1771685656552000,197388,0.20947285,0.083214924,0.42523876,126,0
1771685656620000,1771685656620000,1771685656620000,197388,0.21436659,0.07085715,0.42082682,126,0
1771685656752000,1771685656752000,1771685656688000,197388,0.21282619,0.07138434,0.42521816,126,0
1771685656756000,1771685656756000,1771685656756000,197388,0.21319336,0.0601222,0.42370778,126,0
1771685656888000,1771685656888000,1771685656824000,197388,0.21507984,0.056737915,0.42663664,126,0
1771685656892000,1771685656892000,1771685656892000,197388,0.21388566,0.043942545,0.42911947,126,0
1771685657024000,1771685657024000,1771685656960000,197388,0.21711737,0.044739664,0.4263594,126,0
1771685657028000,1771685657028000,1771685657028000,197388,0.2195562,0.039715998,0.4251939,126,0
1771685657160000,1771685657160000,1771685657096000,197388,0.21983205,0.03137992,0.4267613,126,0
1771685657164000,1771685657164000,1771685657164000,197388,0.22102068,0.019890053,0.42926612,126,0
1771685657296000,1771685657296000,1771685657232000,197388,0.21858306,0.022648491,0.4276709,126,0
1771685657300000,1771685657300000,1771685657300000,197388,0.22369906,0.011944089,0.42380795,126,0
1771685657432000,1771685657432000,1771685657368000,197388,0.22060534,0.014778347,0.42713472,126,0
1771685657436000,1771685657436000,1771685657436000,197388,0.22121164,0.010115611,0.42417082,126,0
1771685657568000,1771685657568000,1771685657504000,197388,0.22012481,0.006054909,0.42768145,126,0
1771685657572000,1771685657572000,1771685657572000,197388,0.22689952,0.012208523,0.42988312,126,0
1771685657704000,1771685657704000,1771685657640000,197388,0.21940038,0.0026687142,0.42905086,126,0
1771685657708000,1771685657708000,1771685657708000,197388,0.22705616,-0.0019378227,0.43024492,126,0
1771685657840000,1771685657840000,1771685657776000,197388,0.21837558,-0.0008006504,0.42784986,126,0
1771685657844000,1771685657844000,1771685657844000,197388,0.21777505,-0.0044104173,0.43158814,126,0
1771685657976000,1771685657976000,1771685657912000,197388,0.21984895,-0.00019174711,0.4284273,126,0
1771685657980000,1771685657980000,1771685657980000,197388,0.21084377,-0.0034309297,0.42372328,126,0
1771685658112000,1771685658112000,1771685658048000,197388,0.21739556,-0.0017388616,0.4274134,126,0
1771685658116000,1771685658116000,1771685658116000,197388,0.21267408,0.0007385099,0.4257763,126,0
1771685658248000,1771685658248000,1771685658184000,197388,0.21631868,0.00013439423,0.42965406,126,0
1771685658252000,1771685658252000,1771685658252000,197388,0.22326274,0.0063691502,0.42630118,126,0
1771685658384000,1771685658384000,1771685658320000,197388,0.21704307,0.0024395757,0.42827874,126,0
1771685658388000,1771685658388000,1771685658388000,197388,0.21147472,-0.004368415,0.42737675,126,0
1771685658520000,1771685658520000,1771685658456000,197388,0.21728748,0.005962246,0.42971504,126,0
1771685658524000,1771685658524000,1771685658524000,197388,0.20878996,0.0036089134,0.4300374,126,0
1771685658656000,1771685658656000,1771685658592000,197388,0.2154143,0.009157401,0.42853847,126,0
1771685658660000,1771685658660000,1771685658660000,197388,0.22225109,0.003933234,0.4286301,126,0
1771685658792000,1771685658792000,1771685658728000,197388,0.21722116,0.008937274,0.42966577,126,0
1771685658796000,1771685658796000,1771685658796000,197388,0.217183,0.00967234,0.4321398,126,0
1771685658928000,1771685658928000,1771685658864000,197388,0.2172581,0.010025468,0.4289765,126,0
1771685658932000,1771685658932000,1771685658932000,197388,0.2131941,0.0051579033,0.43702093,126,0
1771685659064000,1771685659064000,1771685659000000,197388,0.21793628,0.006350224,0.42824334,126,0
1771685659068000,1771685659068000,1771685659068000,197388,0.21819052,0.005246127,0.43779996,126,0
1771685659200000,1771685659200000,1771685659136000,197388,0.21521361,0.0052899546,0.430401,126,0
1771685659204000,1771685659204000,1771685659204000,197388,0.22085902,0.0063474257,0.42966595,126,0
1771685659336000,1771685659336000,1771685659272000,197388,0.21317337,0.0047648284,0.43032184,126,0
1771685659340000,1771685659340000,1771685659340000,197388,0.21822172,0.0048164576,0.43177068,126,0
1771685659472000,1771685659472000,1771685659408000,197388,0.21593423,0.0021645098,0.42866784,126,0
1771685659476000,1771685659476000,1771685659476000,197388,0.2159798,0.0018203399,0.4311551,126,0
1771685659608000,1771685659608000,1771685659544000,197388,0.2139483,0.00223039,0.4316334,126,0
1771685659612000,1771685659612000,1771685659612000,197388,0.21387802,-0.008569136,0.4281181,126,0
1771685659744000,1771685659744000,1771685659680000,197388,0.21495278,0.0034983463,0.43003917,126,0
1771685659748000,1771685659748000,1771685659748000,197388,0.22253495,0.009727315,0.43169406,126,0
1771685659880000,1771685659880000,1771685659816000,197388,0.21320578,0.005660704,0.42914322,126,0
1771685659884000,1771685659884000,1771685659884000,197388,0.21828398,0.005947727,0.42527717,126,0
1771685660016000,1771685660016000,1771685659952000,197388,0.21495816,0.003663901,0.43105006,126,0
1771685660020000,1771685660020000,1771685660020000,197388,0.21241243,0.0050555854,0.43404636,126,0
1771685660152000,1771685660152000,1771685660088000,197388,0.21573049,0.0041696853,0.42839485,126,0
1771685660156000,1771685660156000,1771685660156000,197388,0.21000552,0.005192346,0.42831108,126,0
1771685660288000,1771685660288000,1771685660224000,197388,0.21550985,0.0048223217,0.42997813,126,0
1771685660292000,1771685660292000,1771685660292000,197388,0.21502209,0.009433436,0.4218717,126,0
1771685660424000,1771685660424000,1771685660360000,197388,0.21577479,0.0057784254,0.42971286,126,0
1771685660428000,1771685660428000,1771685660428000,197388,0.20887521,0.0010252674,0.42928252,126,0
1771685660560000,1771685660560000,1771685660496000,197388,0.21677612,0.0045440476,0.4291729,126,0
1771685660564000,1771685660564000,1771685660564000,197388,0.21279721,-0.0011539165,0.42933124,126,0
1771685660696000,1771685660696000,1771685660632000,197388,0.21608794,0.0052226004,0.42937678,126,0
1771685660700000,1771685660700000,1771685660700000,197388,0.2228315,0.0068009514,0.42496353,126,0
1771685660832000,1771685660832000,1771685660768000,197388,0.21555583,0.0059979195,0.42916563,126,0
1771685660836000,1771685660836000,1771685660836000,197388,0.21516562,0.0020190454,0.43243912,126,0
1771685660968000,1771685660968000,1771685660904000,197388,0.21558844,0.0039697126,0.42680466,126,0
1771685660972000,1771685660972000,1771685660972000,197388,0.21843429,-0.0051605674,0.42903227,126,0
1771685661104000,1771685661104000,1771685661040000,197388,0.21504614,0.003505589,0.43021688,126,0
1771685661108000,1771685661108000,1771685661108000,197388,0.2196137,0.0029679367,0.4269417,126,0
1771685661240000,1771685661240000,1771685661176000,197388,0.21536078,0.002017761,0.42872813,126,0
1771685661244000,1771685661244000,1771685661244000,197388,0.21739917,-0.0033908347,0.43259153,126,0
1771685661376000,1771685661376000,1771685661312000,197388,0.21610774,0.0020004744,0.43067962,126,0
1771685661380000,1771685661380000,1771685661380000,197388,0.21421988,0.00052569277,0.42547622,126,0
1771685661512000,1771685661512000,1771685661448000,197388,0.21545987,0.001455383,0.42920157,126,0
1771685661516000,1771685661516000,1771685661516000,197388,0.21594304,0.0027548727,0.42673102,126,0
1771685661648000,1771685661648000,1771685661584000,197388,0.2144205,0.002444469,0.42960703,126,0
1771685661652000,1771685661652000,1771685661652000,197388,0.21983722,0.0029891203,0.4229348,126,0
1771685661784000,1771685661784000,1771685661720000,197388,0.21552373,0.0029701665,0.4294425,126,0
1771685661788000,1771685661788000,1771685661788000,197388,0.21397707,-0.0022874519,0.42483965,126,0
1771685661920000,1771685661920000,1771685661856000,197388,0.21520084,0.002147901,0.43019575,126,0
1771685661924000,1771685661924000,1771685661924000,197388,0.21249385,0.0029768401,0.4324059,126,0
1771685662056000,1771685662056000,1771685661992000,197388,0.2168819,0.0034602094,0.4295465,126,0
1771685662060000,1771685662060000,1771685662060000,197388,0.21166663,-0.0075220736,0.4331616,126,0
1771685662192000,1771685662192000,1771685662128000,197388,0.21423277,0.0015321588,0.42935354,126,0
1771685662196000,1771685662196000,1771685662196000,197388,0.21562108,0.00029610188,0.43399733,126,0
1771685662328000,1771685662328000,1771685662264000,197388,0.21561186,0.0028850874,0.42882603,126,0
1771685662332000,1771685662332000,1771685662332000,197388,0.21274371,-0.0048013236,0.42572495,126,0
1771685662464000,1771685662464000,1771685662400000,197388,0.21509363,0.0016969249,0.42858493,126,0
1771685662468000,1771685662468000,1771685662468000,197388,0.22196119,0.0015652147,0.43055487,126,0
1771685662600000,1771685662600000,1771685662536000,197388,0.21550526,0.0021451327,0.4284951,126,0
1771685662604000,1771685662604000,1771685662604000,197388,0.2111635,-0.008352829,0.4303294,126,0
1771685662736000,1771685662736000,1771685662672000,197388,0.21453188,0.0016261344,0.43033126,126,0
1771685662740000,1771685662740000,1771685662740000,197388,0.20586951,0.004782943,0.4239061,126,0
1771685662872000,1771685662872000,1771685662808000,197388,0.21582663,0.0023571935,0.42910627,126,0
1771685662876000,1771685662876000,1771685662876000,197388,0.21667007,-0.009569504,0.43821257,126,0
1771685663008000,1771685663008000,1771685662944000,197388,0.21543817,0.00480778,0.43113703,126,0
1771685663012000,1771685663012000,1771685663012000,197388,0.22027299,-0.0029933648,0.4283339,126,0
1771685663144000,1771685663144000,1771685663080000,197388,0.21439442,0.0022390592,0.4302924,126,0
1771685663148000,1771685663148000,1771685663148000,197388,0.21340814,-0.00840492,0.42839462,126,0
1771685663280000,1771685663280000,1771685663216000,197388,0.2148656,0.0021774564,0.42879558,126,0
1771685663284000,1771685663284000,1771685663284000,197388,0.20756052,0.004527748,0.427063,126,0
1771685663416000,1771685663416000,1771685663352000,197388,0.21501964,0.003512297,0.42877698,126,0
1771685663420000,1771685663420000,1771685663420000,197388,0.21645041,0.009856307,0.4310407,126,0
1771685663552000,1771685663552000,1771685663488000,197388,0.21463023,0.0033486634,0.4300279,126,0
1771685663556000,1771685663556000,1771685663556000,197388,0.20481507,0.0072011016,0.42694423,126,0
1771685663688000,1771685663688000,1771685663624000,197388,0.2158655,0.0030501434,0.42963108,126,0
1771685663692000,1771685663692000,1771685663692000,197388,0.21652083,-0.0026484637,0.43690744,126,0
1771685663824000,1771685663824000,1771685663760000,197388,0.21453632,0.0056751627,0.42943808,126,0
1771685663828000,1771685663828000,1771685663828000,197388,0.21412466,0.0031925994,0.42910644,126,0
1771685663960000,1771685663960000,1771685663896000,197388,0.21425115,0.002217261,0.43136418,126,0
1771685663964000,1771685663964000,1771685663964000,197388,0.21517871,-0.0038183997,0.4276261,126,0
1771685664096000,1771685664096000,1771685664032000,197388,0.21496494,0.0032478569,0.429536,126,0
1771685664100000,1771685664100000,1771685664100000,197388,0.21902476,0.007991547,0.41994044,126,0
1771685664232000,1771685664232000,1771685664168000,197388,0.21347831,0.0051212446,0.4289254,126,0
1771685664236000,1771685664236000,1771685664236000,197388,0.21699409,0.008678888,0.43412137,126,0
1771685664368000,1771685664368000,1771685664304000,197388,0.2167267,0.0028519738,0.42994493,126,0
1771685664372000,1771685664372000,1771685664372000,197388,0.21613684,0.003326493,0.44637996,126,0
1771685664504000,1771685664504000,1771685664440000,197388,0.21425323,0.0046341554,0.42941907,126,0
1771685664508000,1771685664508000,1771685664508000,197388,0.21509227,0.007823084,0.42538717,126,0
1771685664640000,1771685664640000,1771685664576000,197388,0.21492083,0.0018571463,0.430009,126,0
1771685664644000,1771685664644000,1771685664644000,197388,0.21226141,5.9690134e-05,0.4246973,126,0
1771685664776000,1771685664776000,1771685664712000,197388,0.21536191,0.004581109,0.42957714,126,0
1771685664780000,1771685664780000,1771685664780000,197388,0.21217003,-0.007901723,0.42327735,126,0
1771685664912000,1771685664912000,1771685664848000,197388,0.21559443,0.004872383,0.43158793,126,0
1771685664916000,1771685664916000,1771685664916000,197388,0.20398751,0.0074849343,0.42646697,126,0
1771685665048000,1771685665048000,1771685664984000,197388,0.21324384,0.0053148344,0.4311418,126,0
1771685665052000,1771685665052000,1771685665052000,197388,0.21165721,0.016749222,0.43037912,126,0
1771685665184000,1771685665184000,1771685665120000,197388,0.21594937,0.0035966611,0.43207434,126,0
1771685665188000,1771685665188000,1771685665188000,197388,0.21275191,0.003863077,0.43211833,126,0
1771685665320000,1771685665320000,1771685665256000,197388,0.21606362,0.0033447195,0.430946,126,0
1771685665324000,1771685665324000,1771685665324000,197388,0.21924563,-0.00016328583,0.42606357,126,0
1771685665456000,1771685665456000,1771685665392000,197388,0.21594305,0.0027776416,0.42796674,126,0
1771685665460000,1771685665460000,1771685665460000,197388,0.21467802,0.007515414,0.43060705,126,0
1771685665592000,1771685665592000,1771685665528000,197388,0.21553592,0.0032122245,0.4294405,126,0
1771685665596000,1771685665596000,1771685665596000,197388,0.21852922,0.002665765,0.42909127,126,0
1771685665728000,1771685665728000,1771685665664000,197388,0.21793288,0.0025957585,0.43142006,126,0
1771685665732000,1771685665732000,1771685665732000,197388,0.21735609,-0.004426525,0.43181404,126,0
1771685665864000,1771685665864000,1771685665800000,197388,0.21349278,0.0039771926,0.42923424,126,0
1771685665868000,1771685665868000,1771685665868000,197388,0.21875423,0.008826111,0.4214504,126,0
1771685666000000,1771685666000000,1771685665936000,197388,0.21480212,0.0023742442,0.42961416,126,0
1771685666004000,1771685666004000,1771685666004000,197388,0.21521929,0.0041803634,0.42535636,126,0
1771685666136000,1771685666136000,1771685666072000,197388,0.21485803,0.0029167517,0.43052065,126,0
1771685666140000,1771685666140000,1771685666140000,197388,0.2136531,0.005526933,0.43629092,126,0
1771685666272000,1771685666272000,1771685666208000,197388,0.21548648,0.0020449527,0.42988473,126,0
1771685666276000,1771685666276000,1771685666276000,197388,0.21828748,6.5542015e-05,0.42959207,126,0
1771685666408000,1771685666408000,1771685666344000,197388,0.21633515,0.0028199758,0.429332,126,0
1771685666412000,1771685666412000,1771685666412000,197388,0.21461965,0.0017641198,0.43025604,126,0
1771685666544000,1771685666544000,1771685666480000,197388,0.21465157,0.00213227,0.42936236,126,0
1771685666548000,1771685666548000,1771685666548000,197388,0.22255649,-0.0061725406,0.43308464,126,0
1771685666680000,1771685666680000,1771685666616000,197388,0.21424598,0.00043730173,0.4291007,126,0
1771685666684000,1771685666684000,1771685666684000,197388,0.21455754,-0.0055529764,0.4375483,126,0
1771685666816000,1771685666816000,1771685666752000,197388,0.21635264,0.0017701291,0.430064,126,0
1771685666820000,1771685666820000,1771685666820000,197388,0.21640606,0.0010260748,0.43259665,126,0
1771685666952000,1771685666952000,1771685666888000,197388,0.21525112,0.0017164195,0.42815545,126,0
1771685666956000,1771685666956000,1771685666956000,197388,0.21733241,0.004731225,0.42598653,126,0
1771685667088000,1771685667088000,1771685667024000,197388,0.21702476,0.003504351,0.4301242,126,0
1771685667092000,1771685667092000,1771685667092000,197388,0.21038869,0.001491807,0.4266088,126,0
1771685667224000,1771685667224000,1771685667160000,197388,0.21396571,0.003123431,0.43049377,126,0
1771685667228000,1771685667228000,1771685667228000,197388,0.20898695,-0.00053387164,0.43304473,126,0
1771685667360000,1771685667360000,1771685667296000,197388,0.21527605,0.0027647808,0.43147263,126,0
1771685667364000,1771685667364000,1771685667364000,197388,0.20822608,0.0066092825,0.4337801,126,0
1771685667496000,1771685667496000,1771685667432000,197388,0.21721028,0.0036082908,0.429915,126,0
1771685667500000,1771685667500000,1771685667500000,197388,0.21915974,0.004323622,0.4421798,126,0
1771685667632000,1771685667632000,1771685667568000,197388,0.21462628,0.0035718137,0.430248,126,0
1771685667636000,1771685667636000,1771685667636000,197388,0.21189475,0.009965603,0.43463367,126,0
1771685667768000,1771685667768000,1771685667704000,197388,0.21483499,0.0045077014,0.43111914,126,0
1771685667772000,1771685667772000,1771685667772000,197388,0.21354236,0.018240241,0.42812502,126,0
1771685667904000,1771685667904000,1771685667840000,197388,0.21306868,0.003435204,0.43121663,126,0
1771685667908000,1771685667908000,1771685667908000,197388,0.20680761,0.009357432,0.42626083,126,0
1771685668040000,1771685668040000,1771685667976000,197388,0.2152782,0.0041498845,0.43019396,126,0
1771685668044000,1771685668044000,1771685668044000,197388,0.20988153,0.003653968,0.4280019,126,0
1771685668176000,1771685668176000,1771685668112000,197388,0.21489713,0.00470989,0.43071014,126,0
1771685668180000,1771685668180000,1771685668180000,197388,0.2125301,0.0047478094,0.4279768,126,0
1771685668312000,1771685668312000,1771685668248000,197388,0.2138142,0.00439415,0.42935294,126,0
1771685668316000,1771685668316000,1771685668316000,197388,0.21654512,0.0038889458,0.42671692,126,0
1771685668448000,1771685668448000,1771685668384000,197388,0.21331759,0.005672778,0.42939988,126,0
1771685668452000,1771685668452000,1771685668452000,197388,0.22155546,0.005892609,0.4337403,126,0
1771685668584000,1771685668584000,1771685668520000,197388,0.21524554,0.0039394964,0.43008795,126,0
1771685668588000,1771685668588000,1771685668588000,197388,0.21333098,-0.006024228,0.43255702,126,0
1771685668720000,1771685668720000,1771685668656000,197388,0.21487494,0.0046768426,0.43044803,126,0
1771685668724000,1771685668724000,1771685668724000,197388,0.20626786,-5.9814306e-06,0.4267305,126,0
1771685668856000,1771685668856000,1771685668792000,197388,0.21363091,0.0036586183,0.42937604,126,0
1771685668860000,1771685668860000,1771685668860000,197388,0.20808573,-0.000727755,0.4263361,126,0
1771685668992000,1771685668992000,1771685668928000,197388,0.2156756,0.0041160667,0.42941594,126,0
1771685668996000,1771685668996000,1771685668996000,197388,0.21846145,-0.004173241,0.4346276,126,0
1771685669128000,1771685669128000,1771685669064000,197388,0.21654452,0.002647921,0.43084967,126,0
1771685669132000,1771685669132000,1771685669132000,197388,0.22233206,-0.0005999692,0.4331677,126,0
1771685669264000,1771685669264000,1771685669200000,197388,0.2140739,0.0033264095,0.42849094,126,0
1771685669268000,1771685669268000,1771685669268000,197388,0.2135439,-0.0068579228,0.4318379,126,0
1771685669400000,1771685669400000,1771685669336000,197388,0.21580984,0.0033528607,0.43000576,126,0
1771685669404000,1771685669404000,1771685669404000,197388,0.2179435,0.0010729061,0.4237952,126,0
1771685669536000,1771685669536000,1771685669472000,197388,0.21534716,0.0027870117,0.43115947,126,0
1771685669540000,1771685669540000,1771685669540000,197388,0.21811491,0.00060758286,0.4288628,126,0
1771685669672000,1771685669672000,1771685669608000,197388,0.21563499,0.0035629792,0.42896888,126,0
1771685669676000,1771685669676000,1771685669676000,197388,0.2059457,0.011212308,0.43594396,126,0
1771685669808000,1771685669808000,1771685669744000,197388,0.21491924,0.00319366,0.42924237,126,0
1771685669812000,1771685669812000,1771685669812000,197388,0.2079248,0.0061887214,0.42505777,126,0
1771685669944000,1771685669944000,1771685669880000,197388,0.21554172,0.0035834867,0.42885214,126,0
1771685669948000,1771685669948000,1771685669948000,197388,0.21930884,0.00076177425,0.43239862,126,0
1771685670080000,1771685670080000,1771685670016000,197388,0.2145271,0.0042878473,0.4286166,126,0
1771685670084000,1771685670084000,1771685670084000,197388,0.20927846,-0.0029867478,0.4277969,126,0
1771685670216000,1771685670216000,1771685670152000,197388,0.21772383,0.0033846176,0.42854333,126,0
1771685670220000,1771685670220000,1771685670220000,197388,0.22590208,-0.0018543223,0.42809364,126,0
1771685670352000,1771685670352000,1771685670288000,197388,0.21700265,0.0021483253,0.42947412,126,0
1771685670356000,1771685670356000,1771685670356000,197388,0.21644129,0.008957662,0.4281219,126,0
1771685670488000,1771685670488000,1771685670424000,197388,0.21652322,0.003956645,0.42827773,126,0
1771685670492000,1771685670492000,1771685670492000,197388,0.21701092,0.008905422,0.4221385,126,0
1771685670624000,1771685670624000,1771685670560000,197388,0.21636373,0.0030187692,0.4311276,126,0
1771685670628000,1771685670628000,1771685670628000,197388,0.20704831,0.0041343896,0.42959985,126,0
1771685670760000,1771685670760000,1771685670696000,197388,0.21664569,0.0032307305,0.43000078,126,0
1771685670764000,1771685670764000,1771685670764000,197388,0.21715903,-0.0031601079,0.4288598,126,0
1771685670896000,1771685670896000,1771685670832000,197388,0.21608749,0.0016999916,0.42890218,126,0
1771685670900000,1771685670900000,1771685670900000,197388,0.2199133,0.003968365,0.4303027,126,0
1771685671032000,1771685671032000,1771685670968000,197388,0.21424755,0.0033239643,0.42917615,126,0
1771685671036000,1771685671036000,1771685671036000,197388,0.2243816,0.00031948695,0.43565744,126,0
1771685671168000,1771685671168000,1771685671104000,197388,0.2153216,0.0026572018,0.4285539,126,0
1771685671172000,1771685671172000,1771685671172000,197388,0.21922678,-0.00209897,0.42372534,126,0
1771685671304000,1771685671304000,1771685671240000,197388,0.21389522,0.004053854,0.42825732,126,0
1771685671308000,1771685671308000,1771685671308000,197388,0.21951897,-0.004465775,0.42985234,126,0
1771685671440000,1771685671440000,1771685671376000,197388,0.21576095,0.0014987582,0.4289673,126,0
1771685671444000,1771685671444000,1771685671444000,197388,0.22140352,0.0063498844,0.42275968,126,0
1771685671576000,1771685671576000,1771685671512000,197388,0.21455789,0.0005221499,0.42872965,126,0
1771685671580000,1771685671580000,1771685671580000,197388,0.22243758,-0.00024951468,0.4248248,126,0
1771685671712000,1771685671712000,1771685671648000,197388,0.21530639,0.0033159337,0.42981523,126,0
1771685671716000,1771685671716000,1771685671716000,197388,0.20925266,-0.0047771777,0.433734,126,0
1771685671848000,1771685671848000,1771685671784000,197388,0.21499665,0.0026516006,0.4296917,126,0
1771685671852000,1771685671852000,1771685671852000,197388,0.21024325,0.0035366195,0.41833797,126,0
1771685671984000,1771685671984000,1771685671920000,197388,0.21471238,0.0016121641,0.4299473,126,0
1771685671988000,1771685671988000,1771685671988000,197388,0.21421751,-0.00079849915,0.42532283,126,0
1771685672120000,1771685672120000,1771685672056000,197388,0.21518904,0.0038152044,0.4283682,126,0
1771685672124000,1771685672124000,1771685672124000,197388,0.22776677,0.0025737502,0.43402332,126,0
1771685672256000,1771685672256000,1771685672192000,197388,0.21578833,0.0020965023,0.42943725,126,0
1771685672260000,1771685672260000,1771685672260000,197388,0.2163343,-0.0018168631,0.42265236,126,0
1771685672392000,1771685672392000,1771685672328000,197388,0.21402921,0.0030687451,0.42998576,126,0
1771685672396000,1771685672396000,1771685672396000,197388,0.21837565,0.006870676,0.42578313,126,0
1771685672528000,1771685672528000,1771685672464000,197388,0.2133579,0.0032294758,0.4319127,126,0
1771685672532000,1771685672532000,1771685672532000,197388,0.21369284,-0.0013273546,0.42564216,126,0
1771685672664000,1771685672664000,1771685672600000,197388,0.21582265,0.002633586,0.43026465,126,0
1771685672668000,1771685672668000,1771685672668000,197388,0.21074513,-0.0018190249,0.4292576,126,0
1771685672800000,1771685672800000,1771685672736000,197388,0.215939,0.0039657764,0.43003145,126,0
1771685672804000,1771685672804000,1771685672804000,197388,0.20679878,-0.0040720184,0.42932162,126,0
1771685672936000,1771685672936000,1771685672872000,197388,0.21471821,0.004154016,0.42906833,126,0
1771685672940000,1771685672940000,1771685672940000,197388,0.21443684,0.0017058814,0.42255524,126,0
1771685673072000,1771685673072000,1771685673008000,197388,0.2134548,0.0053201257,0.43001524,126,0
1771685673076000,1771685673076000,1771685673076000,197388,0.22162369,0.0031968649,0.43196008,126,0
1771685673208000,1771685673208000,1771685673144000,197388,0.21423294,0.003295774,0.4302381,126,0
1771685673212000,1771685673212000,1771685673212000,197388,0.21878041,0.0025580125,0.4335946,126,0
1771685673344000,1771685673344000,1771685673280000,197388,0.21536316,0.005110539,0.43143257,126,0
1771685673348000,1771685673348000,1771685673348000,197388,0.22968437,0.004137398,0.43221918,126,0
1771685673480000,1771685673480000,1771685673416000,197388,0.21354277,0.0048381793,0.42968458,126,0
1771685673484000,1771685673484000,1771685673484000,197388,0.21641263,0.011549782,0.4193367,126,0
1771685673616000,1771685673616000,1771685673552000,197388,0.21484248,0.0048982743,0.43049946,126,0
1771685673620000,1771685673620000,1771685673620000,197388,0.20944299,-0.0015499955,0.42374343,126,0
1771685673752000,1771685673752000,1771685673688000,197388,0.21258539,0.0047657774,0.42931393,126,0
1771685673756000,1771685673756000,1771685673756000,197388,0.21402943,0.011837952,0.43255022,126,0
1771685673888000,1771685673888000,1771685673824000,197388,0.21424872,0.004701338,0.4307636,126,0
1771685673892000,1771685673892000,1771685673892000,197388,0.21368267,0.004735799,0.43653107,126,0
1771685674024000,1771685674024000,1771685673960000,197388,0.21379972,0.004779962,0.42893863,126,0
1771685674028000,1771685674028000,1771685674028000,197388,0.21562152,0.011828481,0.4381288,126,0
1771685674160000,1771685674160000,1771685674096000,197388,0.21381764,0.0064245593,0.42856634,126,0
1771685674164000,1771685674164000,1771685674164000,197388,0.20313054,-0.0004788362,0.43743536,126,0
1771685674296000,1771685674296000,1771685674232000,197388,0.21526384,0.004852936,0.4283893,126,0
1771685674300000,1771685674300000,1771685674300000,197388,0.21300292,0.001790852,0.43041795,126,0
1771685674432000,1771685674432000,1771685674368000,197388,0.21383005,0.0062152133,0.43022758,126,0
1771685674436000,1771685674436000,1771685674436000,197388,0.22077635,0.007301368,0.44324848,126,0
1771685674568000,1771685674568000,1771685674504000,197388,0.21712966,0.0022320743,0.42974734,126,0
1771685674572000,1771685674572000,1771685674572000,197388,0.20475155,0.0046587936,0.42975786,126,0
1771685674704000,1771685674704000,1771685674640000,197388,0.21501257,0.0052745026,0.42997852,126,0
1771685674708000,1771685674708000,1771685674708000,197388,0.22329175,0.004713,0.4365932,126,0
1771685674840000,1771685674840000,1771685674776000,197388,0.21396706,0.0034712388,0.43102118,126,0
1771685674844000,1771685674844000,1771685674844000,197388,0.22119641,0.0041375137,0.42619503,126,0
1771685674976000,1771685674976000,1771685674912000,197388,0.21450967,0.002947477,0.43030718,126,0
1771685674980000,1771685674980000,1771685674980000,197388,0.21226583,0.004807953,0.4311283,126,0
1771685675112000,1771685675112000,1771685675048000,197388,0.2142349,0.0029859873,0.4305001,126,0
1771685675116000,1771685675116000,1771685675116000,197388,0.21772733,0.00448337,0.42795685,126,0
1771685675248000,1771685675248000,1771685675184000,197388,0.21548367,0.002382045,0.42974922,126,0
1771685675252000,1771685675252000,1771685675252000,197388,0.21767539,0.006445516,0.4315822,126,0
1771685675384000,1771685675384000,1771685675320000,197388,0.21255498,0.0028949094,0.4303978,126,0
1771685675388000,1771685675388000,1771685675388000,197388,0.21061741,-0.0003211957,0.43075502,126,0
1771685675520000,1771685675520000,1771685675456000,197388,0.2138211,0.0021017601,0.429326,126,0
1771685675524000,1771685675524000,1771685675524000,197388,0.21444272,0.0022379947,0.43257532,126,0
1771685675656000,1771685675656000,1771685675592000,197388,0.21488284,0.0031330993,0.43045652,126,0
1771685675660000,1771685675660000,1771685675660000,197388,0.21794483,0.0022228407,0.43137705,126,0
1771685675792000,1771685675792000,1771685675728000,197388,0.21392019,0.0042342865,0.42962927,126,0
1771685675796000,1771685675796000,1771685675796000,197388,0.2198772,-0.0049124826,0.42993343,126,0
1771685675928000,1771685675928000,1771685675864000,197388,0.21336375,0.0035803157,0.4297925,126,0
1771685675932000,1771685675932000,1771685675932000,197388,0.21207021,0.00029242004,0.44333616,126,0
1771685676064000,1771685676064000,1771685676000000,197388,0.21516639,0.0029286065,0.4290461,126,0
1771685676068000,1771685676068000,1771685676068000,197388,0.21641837,0.0031123308,0.4301062,126,0
1771685676200000,1771685676200000,1771685676136000,197388,0.2156637,0.0026485382,0.43046635,126,0
1771685676204000,1771685676204000,1771685676204000,197388,0.21121736,0.008265187,0.43147045,126,0
1771685676336000,1771685676336000,1771685676272000,197388,0.21380621,0.0036814355,0.4296088,126,0
1771685676340000,1771685676340000,1771685676340000,197388,0.22469227,-0.0012899723,0.43216613,126,0
1771685676472000,1771685676472000,1771685676408000,197388,0.2145125,0.0026519573,0.4302091,126,0
1771685676476000,1771685676476000,1771685676476000,197388,0.20362873,0.003848726,0.42488408,126,0
1771685676608000,1771685676608000,1771685676544000,197388,0.21482101,0.004024555,0.42967916,126,0
1771685676612000,1771685676612000,1771685676612000,197388,0.21665503,-0.0016881311,0.44245505,126,0
1771685676744000,1771685676744000,1771685676680000,197388,0.21498443,0.0038197173,0.43051824,126,0
1771685676748000,1771685676748000,1771685676748000,197388,0.20995308,0.0070304237,0.4328165,126,0
1771685676880000,1771685676880000,1771685676816000,197388,0.2162318,0.0036682223,0.42808735,126,0
1771685676884000,1771685676884000,1771685676884000,197388,0.21433115,0.005776962,0.4416306,126,0
1771685677016000,1771685677016000,1771685676952000,197388,0.21584913,0.004521868,0.42971358,126,0
1771685677020000,1771685677020000,1771685677020000,197388,0.22105403,0.003243277,0.42972672,126,0
1771685677152000,1771685677152000,1771685677088000,197388,0.21725905,0.0039654886,0.42918506,126,0
1771685677156000,1771685677156000,1771685677156000,197388,0.20991386,0.0041871658,0.42426622,126,0
1771685677288000,1771685677288000,1771685677224000,197388,0.21744932,0.003979389,0.42902234,126,0
1771685677292000,1771685677292000,1771685677292000,197388,0.21735506,0.0051020845,0.42187554,126,0
1771685677424000,1771685677424000,1771685677360000,197388,0.21666479,0.0035470573,0.42878774,126,0
1771685677428000,1771685677428000,1771685677428000,197388,0.21271454,0.0057210806,0.4306049,126,0
1771685677560000,1771685677560000,1771685677496000,197388,0.21675503,0.004719753,0.42724073,126,0
1771685677564000,1771685677564000,1771685677564000,197388,0.22508696,0.0015596033,0.4265471,126,0
1771685677696000,1771685677696000,1771685677632000,197388,0.2161015,0.00419771,0.42856565,126,0
1771685677700000,1771685677700000,1771685677700000,197388,0.2091006,0.007845753,0.42644504,126,0
1771685677832000,1771685677832000,1771685677768000,197388,0.21597534,0.004175937,0.42985174,126,0
1771685677836000,1771685677836000,1771685677836000,197388,0.225296,0.002570093,0.4266729,126,0
1771685677968000,1771685677968000,1771685677904000,197388,0.21478753,0.005811593,0.42898613,126,0
1771685677972000,1771685677972000,1771685677972000,197388,0.21101436,0.013149875,0.42831314,126,0
1771685678104000,1771685678104000,1771685678040000,197388,0.21698645,0.003735025,0.4285686,126,0
1771685678108000,1771685678108000,1771685678108000,197388,0.22231998,-0.0038923714,0.4202747,126,0
1771685678240000,1771685678240000,1771685678176000,197388,0.21744849,0.0028680104,0.42839807,126,0
1771685678244000,1771685678244000,1771685678244000,197388,0.2196174,0.0017140983,0.43127844,126,0
1771685678376000,1771685678376000,1771685678312000,197388,0.2180771,0.0048899194,0.42984825,126,0
1771685678380000,1771685678380000,1771685678380000,197388,0.22409593,0.0030014415,0.42367518,126,0
1771685678512000,1771685678512000,1771685678448000,197388,0.21736775,0.004583703,0.42856136,126,0
1771685678516000,1771685678516000,1771685678516000,197388,0.22283447,0.00241125,0.42214122,126,0
1771685678648000,1771685678648000,1771685678584000,197388,0.21647784,0.0037780004,0.4294154,126,0
1771685678652000,1771685678652000,1771685678652000,197388,0.20784783,-0.0016817003,0.42713556,126,0
1771685678784000,1771685678784000,1771685678720000,197388,0.21961492,0.0030509061,0.42970604,126,0
1771685678788000,1771685678788000,1771685678788000,197388,0.21974841,0.008347351,0.4313552,126,0
1771685678920000,1771685678920000,1771685678856000,197388,0.21573396,0.0042010914,0.4297128,126,0
1771685678924000,1771685678924000,1771685678924000,197388,0.21962658,0.0038653966,0.42391047,126,0
1771685679056000,1771685679056000,1771685678992000,197388,0.21643592,0.0039439616,0.42873028,126,0
1771685679060000,1771685679060000,1771685679060000,197388,0.21624988,0.009043096,0.42923808,126,0
1771685679192000,1771685679192000,1771685679128000,197388,0.21613708,0.005225865,0.42964408,126,0
1771685679196000,1771685679196000,1771685679196000,197388,0.20938867,0.0061969142,0.4172076,126,0
1771685679328000,1771685679328000,1771685679264000,197388,0.21494037,0.0038282557,0.42876065,126,0
1771685679332000,1771685679332000,1771685679332000,197388,0.21615337,0.0034094024,0.4327439,126,0
1771685679464000,1771685679464000,1771685679400000,197388,0.21615525,0.0020205043,0.43026313,126,0
1771685679468000,1771685679468000,1771685679468000,197388,0.21060382,-0.007081414,0.43037966,126,0
1771685679600000,1771685679600000,1771685679536000,197388,0.21436886,0.0044728764,0.4303323,126,0
1771685679604000,1771685679604000,1771685679604000,197388,0.21798886,0.0019342031,0.43597215,126,0
1771685679736000,1771685679736000,1771685679672000,197388,0.21450454,0.0045642406,0.43074512,126,0
1771685679740000,1771685679740000,1771685679740000,197388,0.21095489,0.0032535456,0.42325297,126,0
1771685679872000,1771685679872000,1771685679808000,197388,0.21472225,0.005303564,0.4303714,126,0
1771685679876000,1771685679876000,1771685679876000,197388,0.2128017,0.0045296387,0.4276161,126,0
1771685680008000,1771685680008000,1771685679944000,197388,0.21491884,0.00479877,0.43118796,126,0
1771685680012000,1771685680012000,1771685680012000,197388,0.22166276,-0.0009549596,0.43423313,126,0
1771685680144000,1771685680144000,1771685680080000,197388,0.21571864,0.0031000879,0.431403,126,0
1771685680148000,1771685680148000,1771685680148000,197388,0.21345612,0.007858984,0.42085767,126,0
1771685680280000,1771685680280000,1771685680216000,197388,0.21450703,0.0046203765,0.4298539,126,0
1771685680284000,1771685680284000,1771685680284000,197388,0.21693479,0.0028261913,0.43148184,126,0
1771685680416000,1771685680416000,1771685680352000,197388,0.21410285,0.0032902495,0.43048543,126,0
1771685680420000,1771685680420000,1771685680420000,197388,0.20844896,0.0020561204,0.42889524,126,0
1771685680552000,1771685680552000,1771685680488000,197388,0.21242496,0.005207042,0.4294762,126,0
1771685680556000,1771685680556000,1771685680556000,197388,0.21504569,0.015490959,0.43217683,126,0
1771685680688000,1771685680688000,1771685680624000,197388,0.2136236,0.003876734,0.43076032,126,0
1771685680692000,1771685680692000,1771685680692000,197388,0.21297966,0.0012192692,0.42700756,126,0
1771685680824000,1771685680824000,1771685680760000,197388,0.21591647,0.0035986742,0.4302565,126,0
1771685680828000,1771685680828000,1771685680828000,197388,0.21835577,0.0018972162,0.42914936,126,0
1771685680960000,1771685680960000,1771685680896000,197388,0.21381739,0.004019577,0.43143883,126,0
1771685680964000,1771685680964000,1771685680964000,197388,0.21148464,0.010284753,0.42681924,126,0
1771685681096000,1771685681096000,1771685681032000,197388,0.21400033,0.003529097,0.4297221,126,0
1771685681100000,1771685681100000,1771685681100000,197388,0.21543989,0.000669475,0.4351536,126,0
1771685681232000,1771685681232000,1771685681168000,197388,0.21412283,0.0040593287,0.43051106,126,0
1771685681236000,1771685681236000,1771685681236000,197388,0.21280758,0.00074856536,0.4335782,126,0
1771685681368000,1771685681368000,1771685681304000,197388,0.21434757,0.0034020522,0.42920935,126,0
1771685681372000,1771685681372000,1771685681372000,197388,0.21743777,-0.005401987,0.42885643,126,0
1771685681504000,1771685681504000,1771685681440000,197388,0.2138038,0.003275531,0.43008456,126,0
1771685681508000,1771685681508000,1771685681508000,197388,0.22074972,0.007188528,0.431242,126,0
1771685681640000,1771685681640000,1771685681576000,197388,0.21457705,0.0029332407,0.43040016,126,0
1771685681644000,1771685681644000,1771685681644000,197388,0.21231964,-0.004570454,0.43304616,126,0
1771685681776000,1771685681776000,1771685681712000,197388,0.21582273,0.0045990986,0.43006635,126,0
1771685681780000,1771685681780000,1771685681780000,197388,0.22186351,0.0075290008,0.42494822,126,0
1771685681912000,1771685681912000,1771685681848000,197388,0.21511811,0.0052407337,0.43002328,126,0
1771685681916000,1771685681916000,1771685681916000,197388,0.22041757,0.0057486356,0.42501685,126,0
1771685682048000,1771685682048000,1771685681984000,197388,0.21444614,0.004065078,0.43093506,126,0
1771685682052000,1771685682052000,1771685682052000,197388,0.20975468,0.0060742944,0.4378476,126,0
1771685682184000,1771685682184000,1771685682120000,197388,0.21388151,0.0037141796,0.430755,126,0
1771685682188000,1771685682188000,1771685682188000,197388,0.21588689,0.0060083773,0.44170845,126,0
1771685682320000,1771685682320000,1771685682256000,197388,0.21686594,0.0038990593,0.42910093,126,0
1771685682324000,1771685682324000,1771685682324000,197388,0.2176025,0.004960086,0.43050933,126,0
1771685682456000,1771685682456000,1771685682392000,197388,0.21438631,0.0035145732,0.42965007,126,0
1771685682460000,1771685682460000,1771685682460000,197388,0.21327838,0.0046015335,0.43178827,126,0
1771685682592000,1771685682592000,1771685682528000,197388,0.21475622,0.004330846,0.43130413,126,0
1771685682596000,1771685682596000,1771685682596000,197388,0.21881682,0.008376887,0.43482995,126,0
1771685682728000,1771685682728000,1771685682664000,197388,0.21382783,0.0048821154,0.42707407,126,0
1771685682732000,1771685682732000,1771685682732000,197388,0.20979878,0.008112828,0.42507094,126,0
1771685682864000,1771685682864000,1771685682800000,197388,0.21399021,0.0028164983,0.42855507,126,0
1771685682868000,1771685682868000,1771685682868000,197388,0.21376121,0.0006132229,0.42887422,126,0
1771685683000000,1771685683000000,1771685682936000,197388,0.21443945,0.0040978985,0.42980835,126,0
1771685683004000,1771685683004000,1771685683004000,197388,0.21858045,0.004744672,0.4241467,126,0
1771685683136000,1771685683136000,1771685683072000,197388,0.21555226,0.0023100406,0.43069467,126,0
1771685683140000,1771685683140000,1771685683140000,197388,0.21368328,0.010788446,0.43332496,126,0
1771685683272000,1771685683272000,1771685683208000,197388,0.21579567,0.0028422016,0.4287796,126,0
1771685683276000,1771685683276000,1771685683276000,197388,0.21704488,0.0023564491,0.4315723,126,0
1771685683408000,1771685683408000,1771685683344000,197388,0.21521741,0.002681041,0.43028128,126,0
1771685683412000,1771685683412000,1771685683412000,197388,0.2235233,0.0045824638,0.43607125,126,0
1771685683544000,1771685683544000,1771685683480000,197388,0.21587285,0.0029481675,0.42926693,126,0
1771685683548000,1771685683548000,1771685683548000,197388,0.21279582,0.003970277,0.42921296,126,0
1771685683680000,1771685683680000,1771685683616000,197388,0.2155671,0.004487844,0.43190673,126,0
1771685683684000,1771685683684000,1771685683684000,197388,0.20808609,0.0063373484,0.4293394,126,0
1771685683816000,1771685683816000,1771685683752000,197388,0.2161382,0.0014026089,0.42903712,126,0
1771685683820000,1771685683820000,1771685683820000,197388,0.22114478,0.011791605,0.43092966,126,0
1771685683952000,1771685683952000,1771685683888000,197388,0.21450105,0.0022589234,0.42810094,126,0
1771685683956000,1771685683956000,1771685683956000,197388,0.21649215,0.004189345,0.42236283,126,0
1771685684088000,1771685684088000,1771685684024000,197388,0.2140723,0.0032145772,0.42926988,126,0
1771685684092000,1771685684092000,1771685684092000,197388,0.20557447,-0.000471598,0.428341,126,0
1771685684224000,1771685684224000,1771685684160000,197388,0.21513657,0.001979382,0.42887405,126,0
1771685684228000,1771685684228000,1771685684228000,197388,0.21877418,-0.0026644394,0.4276176,126,0
1771685684360000,1771685684360000,1771685684296000,197388,0.21402346,0.004630023,0.43042812,126,0
1771685684364000,1771685684364000,1771685684364000,197388,0.21583188,0.0065989336,0.4229489,126,0
1771685684496000,1771685684496000,1771685684432000,197388,0.21439025,0.002961274,0.42977354,126,0
1771685684500000,1771685684500000,1771685684500000,197388,0.21454366,0.011464189,0.43749404,126,0
1771685684632000,1771685684632000,1771685684568000,197388,0.21423918,0.003358431,0.42954677,126,0
1771685684636000,1771685684636000,1771685684636000,197388,0.21870962,0.010926636,0.42802244,126,0
1771685684768000,1771685684768000,1771685684704000,197388,0.21445808,0.0046339235,0.4308373,126,0
1771685684772000,1771685684772000,1771685684772000,197388,0.21890728,0.009193538,0.4328787,126,0
1771685684904000,1771685684904000,1771685684840000,197388,0.21521634,0.004554557,0.43122217,126,0
1771685684908000,1771685684908000,1771685684908000,197388,0.21021657,0.008303436,0.42433617,126,0
1771685685040000,1771685685040000,1771685684976000,197388,0.21585424,0.0048000827,0.429672,126,0
1771685685044000,1771685685044000,1771685685044000,197388,0.20655265,0.0028241733,0.430344,126,0
1771685685176000,1771685685176000,1771685685112000,197388,0.21538779,0.0051739165,0.42958006,126,0
1771685685180000,1771685685180000,1771685685180000,197388,0.22329077,0.011580538,0.43137804,126,0
1771685685312000,1771685685312000,1771685685248000,197388,0.21426529,0.0049541043,0.431137,126,0
1771685685316000,1771685685316000,1771685685316000,197388,0.21254984,0.007787931,0.4320356,126,0
1771685685448000,1771685685448000,1771685685384000,197388,0.2147243,0.003871051,0.4287533,126,0
1771685685452000,1771685685452000,1771685685452000,197388,0.21646765,0.0037740804,0.4284072,126,0
1771685685584000,1771685685584000,1771685685520000,197388,0.21450819,0.006456865,0.43129742,126,0
1771685685588000,1771685685588000,1771685685588000,197388,0.21100327,0.006282185,0.42397246,126,0
1771685685720000,1771685685720000,1771685685656000,197388,0.2140821,0.008090702,0.42949027,126,0
1771685685724000,1771685685724000,1771685685724000,197388,0.205039,-0.0021659352,0.4246329,126,0
1771685685856000,1771685685856000,1771685685792000,197388,0.21482559,0.006718448,0.42892662,126,0
1771685685860000,1771685685860000,1771685685860000,197388,0.2176537,0.002963989,0.43152973,126,0
1771685685992000,1771685685992000,1771685685928000,197388,0.21577987,0.006072067,0.43017578,126,0
1771685685996000,1771685685996000,1771685685996000,197388,0.2237756,0.00521658,0.43521675,126,0
1771685686128000,1771685686128000,1771685686064000,197388,0.21637127,0.006875096,0.43037733,126,0
1771685686132000,1771685686132000,1771685686132000,197388,0.2185456,0.0010181061,0.42759678,126,0
1771685686264000,1771685686264000,1771685686200000,197388,0.21530972,0.0049182726,0.42989028,126,0
1771685686268000,1771685686268000,1771685686268000,197388,0.21084407,-0.0004581854,0.42947224,126,0
1771685686400000,1771685686400000,1771685686336000,197388,0.21472944,0.006370366,0.4296202,126,0
1771685686404000,1771685686404000,1771685686404000,197388,0.22193487,-0.0025624163,0.43975103,126,0
1771685686536000,1771685686536000,1771685686472000,197388,0.21701872,0.004627295,0.4288298,126,0
1771685686540000,1771685686540000,1771685686540000,197388,0.21241595,-0.0022498132,0.43286082,126,0
1771685686672000,1771685686672000,1771685686608000,197388,0.2158784,0.0053436505,0.429703,126,0
1771685686676000,1771685686676000,1771685686676000,197388,0.21451868,0.0064926767,0.43039465,126,0
1771685686808000,1771685686808000,1771685686744000,197388,0.2158333,0.0058391327,0.4283519,126,0
1771685686812000,1771685686812000,1771685686812000,197388,0.20046414,0.0018245075,0.4219065,126,0
1771685686944000,1771685686944000,1771685686880000,197388,0.21685007,0.007634699,0.42846763,126,0
1771685686948000,1771685686948000,1771685686948000,197388,0.2174504,0.0044717654,0.4340327,126,0
1771685687080000,1771685687080000,1771685687016000,197388,0.21559092,0.005838338,0.42907307,126,0
1771685687084000,1771685687084000,1771685687084000,197388,0.21408696,0.0020500314,0.42993122,126,0
1771685687216000,1771685687216000,1771685687152000,197388,0.21647891,0.005954104,0.42889428,126,0
1771685687220000,1771685687220000,1771685687220000,197388,0.21949922,0.00091447675,0.43371356,126,0
1771685687352000,1771685687352000,1771685687288000,197388,0.21567586,0.0063043744,0.4293841,126,0
1771685687356000,1771685687356000,1771685687356000,197388,0.22109307,0.00786292,0.4340556,126,0
1771685687488000,1771685687488000,1771685687424000,197388,0.21679635,0.0058321287,0.42854673,126,0
1771685687492000,1771685687492000,1771685687492000,197388,0.21664192,0.014107724,0.43584907,126,0
1771685687624000,1771685687624000,1771685687560000,197388,0.21630284,0.0064156726,0.42814803,126,0
1771685687628000,1771685687628000,1771685687628000,197388,0.21220246,0.0053754873,0.41643658,126,0
1771685687760000,1771685687760000,1771685687696000,197388,0.21773489,0.0053291516,0.42851996,126,0
1771685687764000,1771685687764000,1771685687764000,197388,0.21691148,0.00403157,0.4271551,126,0
1771685687896000,1771685687896000,1771685687832000,197388,0.21575181,0.00497107,0.42999858,126,0
1771685687900000,1771685687900000,1771685687900000,197388,0.21239646,0.0049543483,0.43448228,126,0
1771685688032000,1771685688032000,1771685687968000,197388,0.21495429,0.005263795,0.42958698,126,0
1771685688036000,1771685688036000,1771685688036000,197388,0.21330686,0.0017328764,0.4323617,126,0
1771685688168000,1771685688168000,1771685688104000,197388,0.21583095,0.004764512,0.4287703,126,0
1771685688172000,1771685688172000,1771685688172000,197388,0.21344857,0.0096435305,0.42968753,126,0
1771685688304000,1771685688304000,1771685688240000,197388,0.21462277,0.004308151,0.42862526,126,0
1771685688308000,1771685688308000,1771685688308000,197388,0.21334419,-0.005087895,0.42296293,126,0
1771685688440000,1771685688440000,1771685688376000,197388,0.21499477,0.005074618,0.42915285,126,0
1771685688444000,1771685688444000,1771685688444000,197388,0.2177462,0.009300044,0.4311559,126,0
1771685688576000,1771685688576000,1771685688512000,197388,0.21480216,0.0029227948,0.43009263,126,0
1771685688580000,1771685688580000,1771685688580000,197388,0.21613574,0.008627987,0.4347298,126,0
1771685688712000,1771685688712000,1771685688648000,197388,0.21583858,0.005239815,0.43087938,126,0
1771685688716000,1771685688716000,1771685688716000,197388,0.2207286,-0.0024079257,0.42180264,126,0
1771685688848000,1771685688848000,1771685688784000,197388,0.21673813,0.004436047,0.42996225,126,0
1771685688852000,1771685688852000,1771685688852000,197388,0.21799633,-0.0020238953,0.4218774,126,0
1771685688984000,1771685688984000,1771685688920000,197388,0.21748388,0.005149668,0.42947474,126,0
1771685688988000,1771685688988000,1771685688988000,197388,0.21981195,0.0038148693,0.42942482,126,0
1771685689120000,1771685689120000,1771685689056000,197388,0.21591349,0.005356899,0.43032727,126,0
1771685689124000,1771685689124000,1771685689124000,197388,0.21694787,0.0123306615,0.44228035,126,0
1771685689256000,1771685689256000,1771685689192000,197388,0.21595222,0.0045228703,0.42814752,126,0
1771685689260000,1771685689260000,1771685689260000,197388,0.22005975,-0.013822965,0.42895466,126,0
1771685689392000,1771685689392000,1771685689328000,197388,0.21498789,0.00361529,0.42959338,126,0
1771685689396000,1771685689396000,1771685689396000,197388,0.21415976,0.007598517,0.42732736,126,0
1771685689528000,1771685689528000,1771685689464000,197388,0.21513447,0.005189677,0.4295801,126,0
1771685689532000,1771685689532000,1771685689532000,197388,0.21055572,-0.0025569457,0.43239164,126,0
1771685689664000,1771685689664000,1771685689600000,197388,0.21467824,0.004292113,0.4299211,126,0
1771685689668000,1771685689668000,1771685689668000,197388,0.20997299,0.0044634584,0.43380573,126,0
1771685689800000,1771685689800000,1771685689736000,197388,0.21371076,0.004203051,0.42985594,126,0
1771685689804000,1771685689804000,1771685689804000,197388,0.21397838,0.002470883,0.43508345,126,0
1771685689936000,1771685689936000,1771685689872000,197388,0.21611123,0.004580711,0.42989412,126,0
1771685689940000,1771685689940000,1771685689940000,197388,0.21971296,-0.0012982042,0.44012588,126,0
1771685690072000,1771685690072000,1771685690008000,197388,0.21511465,0.006365461,0.4307337,126,0
1771685690076000,1771685690076000,1771685690076000,197388,0.21289772,0.005261374,0.42965406,126,0
1771685690208000,1771685690208000,1771685690144000,197388,0.21405925,0.004365945,0.43175992,126,0
1771685690212000,1771685690212000,1771685690212000,197388,0.21205197,0.0067969267,0.4306694,126,0
1771685690344000,1771685690344000,1771685690280000,197388,0.21418512,0.006330202,0.4312055,126,0
1771685690348000,1771685690348000,1771685690348000,197388,0.20270577,0.004711897,0.43030968,126,0
1771685690480000,1771685690480000,1771685690416000,197388,0.21400714,0.005069418,0.43061754,126,0
1771685690484000,1771685690484000,1771685690484000,197388,0.22392964,0.011790406,0.43408364,126,0
1771685690616000,1771685690616000,1771685690552000,197388,0.21337843,0.0048601213,0.43173525,126,0
1771685690620000,1771685690620000,1771685690620000,197388,0.2179226,0.003897049,0.431052,126,0
1771685690752000,1771685690752000,1771685690688000,197388,0.21493025,0.0060307444,0.42954805,126,0
1771685690756000,1771685690756000,1771685690756000,197388,0.22184364,0.005170483,0.43113625,126,0
1771685690888000,1771685690888000,1771685690824000,197388,0.2146898,0.0069771563,0.42915902,126,0
1771685690892000,1771685690892000,1771685690892000,197388,0.21121526,0.0038663615,0.4258663,126,0
1771685691024000,1771685691024000,1771685690960000,197388,0.21500698,0.0040320423,0.42985037,126,0
1771685691028000,1771685691028000,1771685691028000,197388,0.21234359,0.009046583,0.4219972,126,0
1771685691160000,1771685691160000,1771685691096000,197388,0.21514198,0.0040209745,0.4303936,126,0
1771685691164000,1771685691164000,1771685691164000,197388,0.21058163,0.00372737,0.4269261,126,0
1771685691296000,1771685691296000,1771685691232000,197388,0.21523562,0.0048543285,0.4296678,126,0
1771685691300000,1771685691300000,1771685691300000,197388,0.2136917,0.0040863887,0.42195997,126,0
1771685691432000,1771685691432000,1771685691368000,197388,0.21621564,0.003751354,0.4317897,126,0
1771685691436000,1771685691436000,1771685691436000,197388,0.2137497,0.002241802,0.42859483,126,0
1771685691568000,1771685691568000,1771685691504000,197388,0.21520384,0.004957354,0.4314403,126,0
1771685691572000,1771685691572000,1771685691572000,197388,0.2120414,0.008016389,0.43660095,126,0
1771685691704000,1771685691704000,1771685691640000,197388,0.21340068,0.005751017,0.42978606,126,0
1771685691708000,1771685691708000,1771685691708000,197388,0.20950194,0.005557468,0.43000314,126,0
1771685691840000,1771685691840000,1771685691776000,197388,0.2144335,0.005158975,0.43021926,126,0
1771685691844000,1771685691844000,1771685691844000,197388,0.20812632,0.004329716,0.4382892,126,0
1771685691976000,1771685691976000,1771685691912000,197388,0.21436003,0.005577048,0.4298124,126,0
1771685691980000,1771685691980000,1771685691980000,197388,0.2151501,0.007670717,0.4280828,126,0
1771685692112000,1771685692112000,1771685692048000,197388,0.2151222,0.0041172793,0.4292328,126,0
1771685692116000,1771685692116000,1771685692116000,197388,0.21190298,0.003972363,0.43446416,126,0
1771685692248000,1771685692248000,1771685692184000,197388,0.21645862,0.004736505,0.42952132,126,0
1771685692252000,1771685692252000,1771685692252000,197388,0.22229314,0.004025131,0.43317768,126,0
1771685692384000,1771685692384000,1771685692320000,197388,0.21580963,0.0059401463,0.43045756,126,0
1771685692388000,1771685692388000,1771685692388000,197388,0.22302037,0.013408052,0.4321877,126,0
1771685692520000,1771685692520000,1771685692456000,197388,0.21440837,0.006596636,0.4308526,126,0
1771685692524000,1771685692524000,1771685692524000,197388,0.21642339,0.010112985,0.43167764,126,0
1771685692656000,1771685692656000,1771685692592000,197388,0.21482867,0.00516818,0.42988652,126,0
1771685692660000,1771685692660000,1771685692660000,197388,0.22117452,0.00102895,0.42277053,126,0
1771685692792000,1771685692792000,1771685692728000,197388,0.2159824,0.0052024196,0.4305527,126,0
1771685692796000,1771685692796000,1771685692796000,197388,0.20833032,0.006693722,0.4282959,126,0
1771685692928000,1771685692928000,1771685692864000,197388,0.21459833,0.0043196217,0.43069944,126,0
1771685692932000,1771685692932000,1771685692932000,197388,0.21119985,0.002384755,0.43990523,126,0
1771685693064000,1771685693064000,1771685693000000,197388,0.21320175,0.005836097,0.42874807,126,0
1771685693068000,1771685693068000,1771685693068000,197388,0.21086614,3.354016e-05,0.42860043,126,0
1771685693200000,1771685693200000,1771685693136000,197388,0.21388668,0.0050323955,0.4297812,126,0
1771685693204000,1771685693204000,1771685693204000,197388,0.21819554,0.01014897,0.42549014,126,0
1771685693336000,1771685693336000,1771685693272000,197388,0.21402286,0.0042641126,0.43138236,126,0
1771685693340000,1771685693340000,1771685693340000,197388,0.2095551,0.0050047482,0.4265678,126,0
1771685693472000,1771685693472000,1771685693408000,197388,0.21471691,0.0047071865,0.43079326,126,0
1771685693476000,1771685693476000,1771685693476000,197388,0.21816666,0.008251243,0.4292307,126,0
1771685693608000,1771685693608000,1771685693544000,197388,0.21404077,0.00547624,0.43105957,126,0
1771685693612000,1771685693612000,1771685693612000,197388,0.21404937,0.003797994,0.42899323,126,0
1771685693744000,1771685693744000,1771685693680000,197388,0.21520628,0.0063216942,0.42925838,126,0
1771685693748000,1771685693748000,1771685693748000,197388,0.21784258,0.0016914697,0.4406068,126,0
1771685693880000,1771685693880000,1771685693816000,197388,0.21366103,0.0062808916,0.4307079,126,0
1771685693884000,1771685693884000,1771685693884000,197388,0.21421194,0.005954118,0.4384013,126,0
1771685694016000,1771685694016000,1771685693952000,197388,0.21533136,0.004148217,0.42961004,126,0
1771685694020000,1771685694020000,1771685694020000,197388,0.20925777,0.0015362957,0.43078575,126,0
1771685694152000,1771685694152000,1771685694088000,197388,0.2148387,0.00445127,0.4302217,126,0
1771685694156000,1771685694156000,1771685694156000,197388,0.21236642,0.0033755002,0.42449927,126,0
1771685694288000,1771685694288000,1771685694224000,197388,0.21497457,0.005003495,0.43061325,126,0
1771685694292000,1771685694292000,1771685694292000,197388,0.21790624,0.010740478,0.4262237,126,0
1771685694424000,1771685694424000,1771685694360000,197388,0.21553358,0.004007753,0.4310417,126,0
1771685694428000,1771685694428000,1771685694428000,197388,0.22678487,0.007161943,0.43175873,126,0
1771685694560000,1771685694560000,1771685694496000,197388,0.2161441,0.004727746,0.42893937,126,0
1771685694564000,1771685694564000,1771685694564000,197388,0.21488526,0.008486514,0.43082577,126,0
1771685694696000,1771685694696000,1771685694632000,197388,0.21642445,0.0048122355,0.4299285,126,0
1771685694700000,1771685694700000,1771685694700000,197388,0.22081931,0.01449928,0.43444183,126,0
1771685694832000,1771685694832000,1771685694768000,197388,0.2152975,0.0035361992,0.42938066,126,0
1771685694836000,1771685694836000,1771685694836000,197388,0.2092728,0.006257735,0.42529285,126,0
1771685694968000,1771685694968000,1771685694904000,197388,0.21656801,0.0036553596,0.42952177,126,0
1771685694972000,1771685694972000,1771685694972000,197388,0.20997034,0.0069697914,0.42715067,126,0
1771685695104000,1771685695104000,1771685695040000,197388,0.2156853,0.0054131723,0.42972273,126,0
1771685695108000,1771685695108000,1771685695108000,197388,0.21218213,0.008636476,0.43104443,126,0
1771685695240000,1771685695240000,1771685695176000,197388,0.2165747,0.003299021,0.42902222,126,0
1771685695244000,1771685695244000,1771685695244000,197388,0.21464193,0.0007345926,0.4238469,126,0
1771685695376000,1771685695376000,1771685695312000,197388,0.21747719,0.003978477,0.4294037,126,0
1771685695380000,1771685695380000,1771685695380000,197388,0.22097915,-0.0015465504,0.43696186,126,0
1771685695512000,1771685695512000,1771685695448000,197388,0.21557824,0.0030970187,0.42894503,126,0
1771685695516000,1771685695516000,1771685695516000,197388,0.21748383,0.006632062,0.42824554,126,0
1771685695648000,1771685695648000,1771685695584000,197388,0.21538904,0.004678359,0.42913297,126,0
1771685695652000,1771685695652000,1771685695652000,197388,0.22506817,0.0006102514,0.43223733,126,0
1771685695784000,1771685695784000,1771685695720000,197388,0.21600382,0.0045100376,0.42846483,126,0
1771685695788000,1771685695788000,1771685695788000,197388,0.21990894,0.0057855914,0.42251205,126,0
1771685695920000,1771685695920000,1771685695856000,197388,0.21605156,0.005047075,0.43074575,126,0
1771685695924000,1771685695924000,1771685695924000,197388,0.21154413,-0.001898372,0.42736036,126,0
1771685696056000,1771685696056000,1771685695992000,197388,0.21612273,0.0040790336,0.42913574,126,0
1771685696060000,1771685696060000,1771685696060000,197388,0.2215434,0.0040634004,0.4285611,126,0
1771685696192000,1771685696192000,1771685696128000,197388,0.21663669,0.0056065614,0.42965552,126,0
1771685696196000,1771685696196000,1771685696196000,197388,0.2184561,0.009392217,0.43145448,126,0
1771685696328000,1771685696328000,1771685696264000,197388,0.2145009,0.003964463,0.43005675,126,0
1771685696332000,1771685696332000,1771685696332000,197388,0.21553884,0.011112564,0.42517698,126,0
1771685696464000,1771685696464000,1771685696400000,197388,0.21475264,0.002871917,0.42927113,126,0
1771685696468000,1771685696468000,1771685696468000,197388,0.22116499,0.004036425,0.42813596,126,0
1771685696600000,1771685696600000,1771685696536000,197388,0.21343608,0.0055336314,0.42937914,126,0
1771685696604000,1771685696604000,1771685696604000,197388,0.2168193,0.0020902667,0.42924199,126,0
1771685696736000,1771685696736000,1771685696672000,197388,0.21520643,0.0037626156,0.42907688,126,0
1771685696740000,1771685696740000,1771685696740000,197388,0.21626514,0.0049590636,0.4262914,126,0
1771685696872000,1771685696872000,1771685696808000,197388,0.21382003,0.0022913676,0.43020543,126,0
1771685696876000,1771685696876000,1771685696876000,197388,0.21804067,0.014352507,0.4284017,126,0
1771685697008000,1771685697008000,1771685696944000,197388,0.21628757,0.0045833346,0.42989632,126,0
1771685697012000,1771685697012000,1771685697012000,197388,0.21798833,0.00049114606,0.42431277,126,0
1771685697144000,1771685697144000,1771685697080000,197388,0.21411568,0.003110413,0.42977968,126,0
1771685697148000,1771685697148000,1771685697148000,197388,0.22245048,-0.004926425,0.4287499,126,0
1771685697280000,1771685697280000,1771685697216000,197388,0.2144123,0.004720688,0.4273243,126,0
1771685697284000,1771685697284000,1771685697284000,197388,0.21544889,0.017353542,0.4380643,126,0
1771685697416000,1771685697416000,1771685697352000,197388,0.21359152,0.0032115916,0.42816034,126,0
1771685697420000,1771685697420000,1771685697420000,197388,0.21466188,0.010020872,0.4343175,126,0
1771685697552000,1771685697552000,1771685697488000,197388,0.21506381,0.003447011,0.42898104,126,0
1771685697556000,1771685697556000,1771685697556000,197388,0.21989521,0.005968237,0.43268654,126,0
1771685697688000,1771685697688000,1771685697624000,197388,0.21711364,0.004600307,0.42855412,126,0
1771685697692000,1771685697692000,1771685697692000,197388,0.22370847,0.006048525,0.42363265,126,0
1771685697824000,1771685697824000,1771685697760000,197388,0.21555832,0.0040982533,0.4294776,126,0
1771685697828000,1771685697828000,1771685697828000,197388,0.21189673,0.010752415,0.42576975,126,0
1771685697960000,1771685697960000,1771685697896000,197388,0.2173569,0.0050374125,0.4303776,126,0
1771685697964000,1771685697964000,1771685697964000,197388,0.2097522,0.0069951485,0.424256,126,0
1771685698096000,1771685698096000,1771685698032000,197388,0.2151142,0.004765567,0.4301205,126,0
1771685698100000,1771685698100000,1771685698100000,197388,0.20922726,0.004270911,0.43266657,126,0
1771685698232000,1771685698232000,1771685698168000,197388,0.21530339,0.005482076,0.43014604,126,0
1771685698236000,1771685698236000,1771685698236000,197388,0.21802577,0.009497236,0.42737982,126,0
1771685698368000,1771685698368000,1771685698304000,197388,0.21355799,0.004702155,0.42809096,126,0
1771685698372000,1771685698372000,1771685698372000,197388,0.21844494,0.0058271238,0.43385968,126,0
1771685698504000,1771685698504000,1771685698440000,197388,0.21404022,0.0048891036,0.42967802,126,0
1771685698508000,1771685698508000,1771685698508000,197388,0.21133213,0.0035464002,0.4279526,126,0
1771685698640000,1771685698640000,1771685698576000,197388,0.21479788,0.0051695886,0.43015602,126,0
1771685698644000,1771685698644000,1771685698644000,197388,0.2154195,0.006273811,0.43897173,126,0
1771685698776000,1771685698776000,1771685698712000,197388,0.21589303,0.0044087456,0.42856172,126,0
1771685698780000,1771685698780000,1771685698780000,197388,0.219584,0.007275331,0.4313967,126,0
1771685698912000,1771685698912000,1771685698848000,197388,0.21418408,0.0052382164,0.42834407,126,0
1771685698916000,1771685698916000,1771685698916000,197388,0.21959548,0.0019218905,0.43528718,126,0
1771685699048000,1771685699048000,1771685698984000,197388,0.21379048,0.0044790176,0.42988592,126,0
1771685699052000,1771685699052000,1771685699052000,197388,0.22180037,-0.006980049,0.42750618,126,0
1771685699184000,1771685699184000,1771685699120000,197388,0.21425572,0.004753478,0.43102738,126,0
1771685699188000,1771685699188000,1771685699188000,197388,0.22296284,0.0077550747,0.4371829,126,0
1771685699320000,1771685699320000,1771685699256000,197388,0.21389988,0.00668564,0.4292219,126,0
1771685699324000,1771685699324000,1771685699324000,197388,0.21960154,0.007760384,0.42870316,126,0
1771685699456000,1771685699456000,1771685699392000,197388,0.21499093,0.0045899767,0.43119347,126,0
1771685699460000,1771685699460000,1771685699460000,197388,0.20967108,0.011506675,0.42925978,126,0
1771685699592000,1771685699592000,1771685699528000,197388,0.21296197,0.0054124263,0.42952463,126,0
1771685699596000,1771685699596000,1771685699596000,197388,0.21907374,0.0016122372,0.42945975,126,0
1771685699728000,1771685699728000,1771685699664000,197388,0.21350574,0.004773612,0.4299739,126,0
1771685699732000,1771685699732000,1771685699732000,197388,0.21361852,0.014288284,0.43542472,126,0
1771685699864000,1771685699864000,1771685699800000,197388,0.21605267,0.0033202888,0.42830268,126,0
1771685699868000,1771685699868000,1771685699868000,197388,0.21452124,0.0011560961,0.43035185,126,0
1771685700000000,1771685700000000,1771685699936000,197388,0.21401834,0.0054952335,0.4306686,126,0
1771685700004000,1771685700004000,1771685700004000,197388,0.22055618,0.014721459,0.42825106,126,0
1771685700136000,1771685700136000,1771685700072000,197388,0.21478619,0.0042101694,0.4313473,126,0
1771685700140000,1771685700140000,1771685700140000,197388,0.22188227,0.008547303,0.42541823,126,0
1771685700272000,1771685700272000,1771685700208000,197388,0.21529101,0.0042802016,0.43050113,126,0
1771685700276000,1771685700276000,1771685700276000,197388,0.21966825,0.007670761,0.4340185,126,0
1771685700408000,1771685700408000,1771685700344000,197388,0.21456853,0.003344385,0.42992067,126,0
1771685700412000,1771685700412000,1771685700412000,197388,0.22111171,0.00501802,0.4382798,126,0
1771685700544000,1771685700544000,1771685700480000,197388,0.21608075,0.0022504656,0.4289756,126,0
1771685700548000,1771685700548000,1771685700548000,197388,0.21306077,0.0113157835,0.43926218,126,0
1771685700680000,1771685700680000,1771685700616000,197388,0.21400063,0.0038057498,0.4298723,126,0
1771685700684000,1771685700684000,1771685700684000,197388,0.21242252,0.0068846876,0.42400286,126,0
1771685700816000,1771685700816000,1771685700752000,197388,0.21337272,0.0041117948,0.4305118,126,0
1771685700820000,1771685700820000,1771685700820000,197388,0.21886648,0.0072134514,0.4280741,126,0
1771685700952000,1771685700952000,1771685700888000,197388,0.21378371,0.0026981223,0.42860788,126,0
1771685700956000,1771685700956000,1771685700956000,197388,0.2091495,0.0039282986,0.4377134,126,0
1771685701088000,1771685701088000,1771685701024000,197388,0.21453875,0.003984101,0.43065706,126,0
1771685701092000,1771685701092000,1771685701092000,197388,0.21894175,0.0045899823,0.43194702,126,0
1771685701224000,1771685701224000,1771685701160000,197388,0.21595868,0.0039372067,0.4309849,126,0
1771685701228000,1771685701228000,1771685701228000,197388,0.20828652,0.002831329,0.42967588,126,0
1771685701360000,1771685701360000,1771685701296000,197388,0.21504794,0.0030749636,0.4303226,126,0
1771685701364000,1771685701364000,1771685701364000,197388,0.20879765,0.0035098607,0.430319,126,0
1771685701496000,1771685701496000,1771685701432000,197388,0.21587828,0.003638672,0.43088537,126,0
1771685701500000,1771685701500000,1771685701500000,197388,0.21031433,0.008293854,0.43680882,126,0
1771685701632000,1771685701632000,1771685701568000,197388,0.21475609,0.0026776292,0.42840102,126,0
1771685701636000,1771685701636000,1771685701636000,197388,0.21296862,0.0043347166,0.4259544,126,0
1771685701768000,1771685701768000,1771685701704000,197388,0.21508755,0.0034234258,0.42973006,126,0
1771685701772000,1771685701772000,1771685701772000,197388,0.21225621,-0.002461094,0.4295894,126,0
1771685701904000,1771685701904000,1771685701840000,197388,0.21589191,0.0051366678,0.430152,126,0
1771685701908000,1771685701908000,1771685701908000,197388,0.2126739,-0.0041309614,0.4229903,126,0
1771685702040000,1771685702040000,1771685701976000,197388,0.2156071,0.0028627524,0.4287792,126,0
1771685702044000,1771685702044000,1771685702044000,197388,0.21742056,-0.0042411364,0.43274146,126,0
1771685702176000,1771685702176000,1771685702112000,197388,0.21593961,0.005945514,0.4289665,126,0
1771685702180000,1771685702180000,1771685702180000,197388,0.21985759,0.0029530765,0.42845237,126,0
1771685702312000,1771685702312000,1771685702248000,197388,0.21515992,0.0034129494,0.42803973,126,0
1771685702316000,1771685702316000,1771685702316000,197388,0.21256234,0.0067062723,0.42808512,126,0
1771685702448000,1771685702448000,1771685702384000,197388,0.21454911,0.0037909832,0.42986986,126,0
1771685702452000,1771685702452000,1771685702452000,197388,0.22002208,0.0021025923,0.42966908,126,0
1771685702584000,1771685702584000,1771685702520000,197388,0.2148767,0.004296056,0.42837602,126,0
1771685702588000,1771685702588000,1771685702588000,197388,0.22151436,0.0072904006,0.43184632,126,0
1771685702720000,1771685702720000,1771685702656000,197388,0.21488643,0.0055141,0.43131256,126,0
1771685702724000,1771685702724000,1771685702724000,197388,0.20950681,0.0059599774,0.4271005,126,0
1771685702856000,1771685702856000,1771685702792000,197388,0.215271,0.006570666,0.42975897,126,0
1771685702860000,1771685702860000,1771685702860000,197388,0.21758392,0.0070282347,0.4295526,126,0
1771685702992000,1771685702992000,1771685702928000,197388,0.21492428,0.0040233666,0.4304127,126,0
1771685702996000,1771685702996000,1771685702996000,197388,0.20799576,0.008126605,0.43822482,126,0
1771685703128000,1771685703128000,1771685703064000,197388,0.21583118,0.005760759,0.4295307,126,0
1771685703132000,1771685703132000,1771685703132000,197388,0.21095973,0.009344031,0.4282649,126,0
1771685703264000,1771685703264000,1771685703200000,197388,0.21583429,0.00481091,0.4302566,126,0
1771685703268000,1771685703268000,1771685703268000,197388,0.21673654,0.010664256,0.43243355,126,0
1771685703400000,1771685703400000,1771685703336000,197388,0.21401986,0.004843894,0.42957562,126,0
1771685703404000,1771685703404000,1771685703404000,197388,0.21865368,0.014598512,0.43426868,126,0
1771685703536000,1771685703536000,1771685703472000,197388,0.21492743,0.0056264396,0.43043533,126,0
1771685703540000,1771685703540000,1771685703540000,197388,0.21331747,0.0014556776,0.4359981,126,0
1771685703672000,1771685703672000,1771685703608000,197388,0.21378116,0.0056077424,0.4293908,126,0
1771685703676000,1771685703676000,1771685703676000,197388,0.21347295,0.0056070676,0.42661262,126,0
1771685703808000,1771685703808000,1771685703744000,197388,0.21452838,0.005236004,0.42969528,126,0
1771685703812000,1771685703812000,1771685703812000,197388,0.21033521,0.0075765247,0.43137366,126,0
1771685703944000,1771685703944000,1771685703880000,197388,0.21495643,0.004535283,0.42982474,126,0
1771685703948000,1771685703948000,1771685703948000,197388,0.21497676,0.004798296,0.43061033,126,0
1771685704080000,1771685704080000,1771685704016000,197388,0.21432607,0.004789528,0.4300528,126,0
1771685704084000,1771685704084000,1771685704084000,197388,0.20720512,0.0059023635,0.43254918,126,0
1771685704216000,1771685704216000,1771685704152000,197388,0.21454251,0.0055569895,0.4292118,126,0
1771685704220000,1771685704220000,1771685704220000,197388,0.21194343,0.009577952,0.4271222,126,0
1771685704352000,1771685704352000,1771685704288000,197388,0.21673708,0.0063495087,0.43092453,126,0
1771685704356000,1771685704356000,1771685704356000,197388,0.21523409,0.007460653,0.43902314,126,0
1771685704488000,1771685704488000,1771685704424000,197388,0.2155656,0.004084886,0.42908177,126,0
1771685704492000,1771685704492000,1771685704492000,197388,0.22182825,-0.0042586015,0.43023163,126,0
1771685704624000,1771685704624000,1771685704560000,197388,0.216077,0.0055573117,0.4301752,126,0
1771685704628000,1771685704628000,1771685704628000,197388,0.21366332,0.0046989787,0.42508715,126,0
1771685704760000,1771685704760000,1771685704696000,197388,0.21565446,0.004898494,0.42959207,126,0
1771685704764000,1771685704764000,1771685704764000,197388,0.20456652,0.00395399,0.42529452,126,0
1771685704896000,1771685704896000,1771685704832000,197388,0.21609814,0.0061097993,0.42900115,126,0
1771685704900000,1771685704900000,1771685704900000,197388,0.21632853,0.008214399,0.43371612,126,0
1771685705032000,1771685705032000,1771685704968000,197388,0.21608046,0.0034775988,0.4300638,126,0
1771685705036000,1771685705036000,1771685705036000,197388,0.22763957,0.012247986,0.4315225,126,0
1771685705168000,1771685705168000,1771685705104000,197388,0.2151597,0.0051990114,0.42962736,126,0
1771685705172000,1771685705172000,1771685705172000,197388,0.21371555,0.0127102565,0.42696813,126,0
1771685705304000,1771685705304000,1771685705240000,197388,0.2156547,0.005781485,0.430343,126,0
1771685705308000,1771685705308000,1771685705308000,197388,0.21565363,0.01016195,0.4261717,126,0
1771685705440000,1771685705440000,1771685705376000,197388,0.21736242,0.005312636,0.42930678,126,0
1771685705444000,1771685705444000,1771685705444000,197388,0.21541317,0.0021874874,0.4291058,126,0
1771685705576000,1771685705576000,1771685705512000,197388,0.21557431,0.0041162,0.42944613,126,0
1771685705580000,1771685705580000,1771685705580000,197388,0.20887975,0.004426086,0.4224392,126,0
1771685705712000,1771685705712000,1771685705648000,197388,0.21550396,0.003716451,0.42918763,126,0
1771685705716000,1771685705716000,1771685705716000,197388,0.21771985,-0.00889323,0.4255762,126,0
1771685705848000,1771685705848000,1771685705784000,197388,0.21618702,0.005482864,0.4292974,126,0
1771685705852000,1771685705852000,1771685705852000,197388,0.21184446,4.112117e-05,0.42945132,126,0
1771685705984000,1771685705984000,1771685705920000,197388,0.21610597,0.0039410414,0.4297218,126,0
1771685705988000,1771685705988000,1771685705988000,197388,0.21607046,0.0015403611,0.4278058,126,0
1771685706120000,1771685706120000,1771685706056000,197388,0.21545252,0.004371535,0.4298348,126,0
1771685706124000,1771685706124000,1771685706124000,197388,0.2108432,0.0030264973,0.42426398,126,0
1771685706256000,1771685706256000,1771685706192000,197388,0.21750832,0.0044848504,0.42995325,126,0
1771685706260000,1771685706260000,1771685706260000,197388,0.21336286,-0.000845786,0.42565635,126,0
1771685706392000,1771685706392000,1771685706328000,197388,0.21436402,0.004664295,0.43063718,126,0
1771685706396000,1771685706396000,1771685706396000,197388,0.22067948,0.001416712,0.429307,126,0
1771685706528000,1771685706528000,1771685706464000,197388,0.21491075,0.0061427057,0.4295418,126,0
1771685706532000,1771685706532000,1771685706532000,197388,0.21451882,-0.00418689,0.4276316,126,0
1771685706664000,1771685706664000,1771685706600000,197388,0.21568578,0.004122494,0.43024352,126,0
1771685706668000,1771685706668000,1771685706668000,197388,0.20969704,0.0006013337,0.43304178,126,0
1771685706800000,1771685706800000,1771685706736000,197388,0.21435152,0.0052658967,0.43088812,126,0
1771685706804000,1771685706804000,1771685706804000,197388,0.21386735,0.0073300707,0.4223443,126,0
1771685706936000,1771685706936000,1771685706872000,197388,0.21337175,0.005168776,0.4292734,126,0
1771685706940000,1771685706940000,1771685706940000,197388,0.21853518,0.0021718526,0.42783532,126,0
1771685707072000,1771685707072000,1771685707008000,197388,0.21471539,0.0043342877,0.43045136,126,0
1771685707076000,1771685707076000,1771685707076000,197388,0.22309525,0.003428459,0.4302043,126,0
1771685707208000,1771685707208000,1771685707144000,197388,0.2162121,0.005996593,0.42887035,126,0
1771685707212000,1771685707212000,1771685707212000,197388,0.21384059,0.012245682,0.42753738,126,0
1771685707344000,1771685707344000,1771685707280000,197388,0.2154935,0.0044467663,0.42815903,126,0
1771685707348000,1771685707348000,1771685707348000,197388,0.2197668,-0.00523008,0.4323477,126,0
1771685707480000,1771685707480000,1771685707416000,197388,0.21564192,0.0051026093,0.42999095,126,0
1771685707484000,1771685707484000,1771685707484000,197388,0.21133982,0.00017038756,0.43349648,126,0
1771685707616000,1771685707616000,1771685707552000,197388,0.21527097,0.0052593527,0.42816913,126,0
1771685707620000,1771685707620000,1771685707620000,197388,0.22760679,0.005073441,0.4283424,126,0
1771685707752000,1771685707752000,1771685707688000,197388,0.21592008,0.0041321493,0.42964417,126,0
1771685707756000,1771685707756000,1771685707756000,197388,0.22129792,0.005326512,0.42940378,126,0
1771685707888000,1771685707888000,1771685707824000,197388,0.21575595,0.00569713,0.42997643,126,0
1771685707892000,1771685707892000,1771685707892000,197388,0.21845327,0.0028895393,0.4266868,126,0
1771685708024000,1771685708024000,1771685707960000,197388,0.2163883,0.0059223357,0.4299216,126,0
1771685708028000,1771685708028000,1771685708028000,197388,0.2112949,0.0044654356,0.4295178,126,0
1771685708160000,1771685708160000,1771685708096000,197388,0.21511377,0.004754288,0.42967257,126,0
1771685708164000,1771685708164000,1771685708164000,197388,0.21504432,0.0006570474,0.43010473,126,0
1771685708296000,1771685708296000,1771685708232000,197388,0.21449634,0.005158273,0.42860392,126,0
1771685708300000,1771685708300000,1771685708300000,197388,0.2151478,0.0022790458,0.43143097,126,0
1771685708432000,1771685708432000,1771685708368000,197388,0.21586767,0.005944335,0.42929584,126,0
1771685708436000,1771685708436000,1771685708436000,197388,0.21454395,0.009144951,0.42935133,126,0
1771685708568000,1771685708568000,1771685708504000,197388,0.21728559,0.0066838516,0.4303703,126,0
1771685708572000,1771685708572000,1771685708572000,197388,0.22023545,0.003767651,0.423683,126,0
1771685708704000,1771685708704000,1771685708640000,197388,0.21610732,0.005994822,0.42988867,126,0
1771685708708000,1771685708708000,1771685708708000,197388,0.2079342,0.0019213867,0.44135135,126,0
1771685708840000,1771685708840000,1771685708776000,197388,0.21507077,0.0064909277,0.4307636,126,0
1771685708844000,1771685708844000,1771685708844000,197388,0.21966472,0.0033715377,0.42717147,126,0
1771685708976000,1771685708976000,1771685708912000,197388,0.21699093,0.0062990254,0.42971572,126,0
1771685708980000,1771685708980000,1771685708980000,197388,0.21851031,0.009708824,0.423629,126,0
1771685709112000,1771685709112000,1771685709048000,197388,0.21400814,0.005396567,0.43141702,126,0
1771685709116000,1771685709116000,1771685709116000,197388,0.21451895,-0.0013586149,0.42899665,126,0
1771685709248000,1771685709248000,1771685709184000,197388,0.21523337,0.00570114,0.43062523,126,0
1771685709252000,1771685709252000,1771685709252000,197388,0.21323815,0.009346288,0.42208043,126,0
1771685709384000,1771685709384000,1771685709320000,197388,0.21661603,0.005493586,0.4279804,126,0
1771685709388000,1771685709388000,1771685709388000,197388,0.21143179,-0.0003054566,0.43092096,126,0
1771685709520000,1771685709520000,1771685709456000,197388,0.21418577,0.0062020957,0.42873904,126,0
1771685709524000,1771685709524000,1771685709524000,197388,0.21742225,0.007885015,0.4300998,126,0
1771685709656000,1771685709656000,1771685709592000,197388,0.21381396,0.0053517525,0.43015483,126,0
1771685709660000,1771685709660000,1771685709660000,197388,0.21160138,0.0054622157,0.4313069,126,0
1771685709792000,1771685709792000,1771685709728000,197388,0.21663007,0.0052005793,0.42927542,126,0
1771685709796000,1771685709796000,1771685709796000,197388,0.22147828,0.00653452,0.43054757,126,0
1771685709928000,1771685709928000,1771685709864000,197388,0.21456285,0.0044335327,0.43024266,126,0
1771685709932000,1771685709932000,1771685709932000,197388,0.21654186,0.014440465,0.43734527,126,0
1771685710064000,1771685710064000,1771685710000000,197388,0.21451187,0.0036745006,0.42959213,126,0
1771685710068000,1771685710068000,1771685710068000,197388,0.21449342,-0.0078134565,0.42805728,126,0
1771685710200000,1771685710200000,1771685710136000,197388,0.2154494,0.004311843,0.42828783,126,0
1771685710204000,1771685710204000,1771685710204000,197388,0.21967988,-0.001340118,0.43221426,126,0
1771685710336000,1771685710336000,1771685710272000,197388,0.21505222,0.004622025,0.42982385,126,0
1771685710340000,1771685710340000,1771685710340000,197388,0.21612677,0.0044242563,0.43123648,126,0
1771685710472000,1771685710472000,1771685710408000,197388,0.21384653,0.0047699865,0.43005386,126,0
1771685710476000,1771685710476000,1771685710476000,197388,0.21348976,0.00053734845,0.4195743,126,0
1771685710608000,1771685710608000,1771685710544000,197388,0.21534547,0.0055906395,0.42896694,126,0
1771685710612000,1771685710612000,1771685710612000,197388,0.21443787,-0.006880394,0.43074253,126,0
1771685710744000,1771685710744000,1771685710680000,197388,0.21594875,0.0049416916,0.43027472,126,0
1771685710748000,1771685710748000,1771685710748000,197388,0.20266524,0.0076365364,0.42666066,126,0
1771685710880000,1771685710880000,1771685710816000,197388,0.21504556,0.005341968,0.42959118,126,0
1771685710884000,1771685710884000,1771685710884000,197388,0.22326228,0.0065975203,0.43124148,126,0
1771685711016000,1771685711016000,1771685710952000,197388,0.21604054,0.006106336,0.42957273,126,0
1771685711020000,1771685711020000,1771685711020000,197388,0.22658847,0.0063951635,0.43425015,126,0
1771685711152000,1771685711152000,1771685711088000,197388,0.21423316,0.005849169,0.42899388,126,0
1771685711156000,1771685711156000,1771685711156000,197388,0.21219572,0.009031837,0.42814967,126,0
1771685711288000,1771685711288000,1771685711224000,197388,0.21686251,0.006265474,0.42874536,126,0
1771685711292000,1771685711292000,1771685711292000,197388,0.21359769,0.0051740343,0.43267393,126,0
1771685711424000,1771685711424000,1771685711360000,197388,0.21584015,0.005577227,0.43175888,126,0
1771685711428000,1771685711428000,1771685711428000,197388,0.21858102,0.012101304,0.4286315,126,0
1771685711560000,1771685711560000,1771685711496000,197388,0.21706915,0.005407482,0.4299245,126,0
1771685711564000,1771685711564000,1771685711564000,197388,0.21137224,0.007101708,0.42113757,126,0
1771685711696000,1771685711696000,1771685711632000,197388,0.21704715,0.0058328244,0.43046227,126,0
1771685711700000,1771685711700000,1771685711700000,197388,0.21690616,0.0024651175,0.42661953,126,0
1771685711832000,1771685711832000,1771685711768000,197388,0.21671197,0.0057908995,0.43058118,126,0
1771685711836000,1771685711836000,1771685711836000,197388,0.21991803,0.002522002,0.43557602,126,0
1771685711968000,1771685711968000,1771685711904000,197388,0.21735533,0.004495114,0.43050534,126,0
1771685711972000,1771685711972000,1771685711972000,197388,0.22018212,0.011417679,0.42885253,126,0
1771685712104000,1771685712104000,1771685712040000,197388,0.21511431,0.0047600954,0.42952958,126,0
1771685712108000,1771685712108000,1771685712108000,197388,0.21950915,0.006173402,0.42833492,126,0
1771685712240000,1771685712240000,1771685712176000,197388,0.21567261,0.0054391627,0.4302193,126,0
1771685712244000,1771685712244000,1771685712244000,197388,0.21677895,0.007334592,0.42725715,126,0
1771685712376000,1771685712376000,1771685712312000,197388,0.21691717,0.005383182,0.42913413,126,0
1771685712380000,1771685712380000,1771685712380000,197388,0.21256793,0.011633514,0.4253284,126,0
1771685712512000,1771685712512000,1771685712448000,197388,0.21588044,0.006141964,0.43104488,126,0
1771685712516000,1771685712516000,1771685712516000,197388,0.21129741,0.0030431508,0.4371038,126,0
1771685712648000,1771685712648000,1771685712584000,197388,0.21701948,0.005182532,0.428856,126,0
1771685712652000,1771685712652000,1771685712652000,197388,0.2118612,0.0065988735,0.43183804,126,0
1771685712784000,1771685712784000,1771685712720000,197388,0.21708043,0.0052384725,0.431092,126,0
1771685712788000,1771685712788000,1771685712788000,197388,0.21553186,0.010847878,0.42450196,126,0
1771685712920000,1771685712920000,1771685712856000,197388,0.2163492,0.0068646288,0.42952475,126,0
1771685712924000,1771685712924000,1771685712924000,197388,0.21414065,0.004195723,0.4332577,126,0
1771685713056000,1771685713056000,1771685712992000,197388,0.21693513,0.0047449055,0.4280247,126,0
1771685713060000,1771685713060000,1771685713060000,197388,0.20461184,0.008957267,0.43708843,126,0
1771685713192000,1771685713192000,1771685713128000,197388,0.21466233,0.0051798527,0.42894033,126,0
1771685713196000,1771685713196000,1771685713196000,197388,0.21749988,-0.0009161389,0.4328177,126,0
1771685713328000,1771685713328000,1771685713264000,197388,0.21459877,0.007248746,0.42894223,126,0
1771685713332000,1771685713332000,1771685713332000,197388,0.21173184,0.009205454,0.43135,126,0
1771685713464000,1771685713464000,1771685713400000,197388,0.21793224,0.0064272275,0.42803845,126,0
1771685713468000,1771685713468000,1771685713468000,197388,0.22044845,0.011775022,0.4344518,126,0
1771685713600000,1771685713600000,1771685713536000,197388,0.21601292,0.0066306978,0.42985076,126,0
1771685713604000,1771685713604000,1771685713604000,197388,0.21433252,0.0125194555,0.4204272,126,0
1771685713736000,1771685713736000,1771685713672000,197388,0.21650301,0.0055770962,0.43024483,126,0
1771685713740000,1771685713740000,1771685713740000,197388,0.21476083,0.0024255468,0.4266885,126,0
1771685713872000,1771685713872000,1771685713808000,197388,0.21465722,0.0054361043,0.4293911,126,0
1771685713876000,1771685713876000,1771685713876000,197388,0.21233127,0.01431739,0.433648,126,0
1771685714008000,1771685714008000,1771685713944000,197388,0.21481353,0.008069836,0.429497,126,0
1771685714012000,1771685714012000,1771685714012000,197388,0.22144893,0.007490184,0.43258807,126,0
1771685714144000,1771685714144000,1771685714080000,197388,0.21524313,0.005520134,0.43004316,126,0
1771685714148000,1771685714148000,1771685714148000,197388,0.2120506,0.011060776,0.43653882,126,0
1771685714280000,1771685714280000,1771685714216000,197388,0.21447353,0.005686523,0.42961758,126,0
1771685714284000,1771685714284000,1771685714284000,197388,0.21181546,-0.00060477346,0.42991298,126,0
1771685714416000,1771685714416000,1771685714352000,197388,0.21533734,0.0049590957,0.43042353,126,0
1771685714420000,1771685714420000,1771685714420000,197388,0.21216252,0.01080794,0.42831865,126,0
1771685714552000,1771685714552000,1771685714488000,197388,0.21575505,0.0054738037,0.4291266,126,0
1771685714556000,1771685714556000,1771685714556000,197388,0.21797931,-0.0072185644,0.43280345,126,0
1771685714688000,1771685714688000,1771685714624000,197388,0.21625821,0.0055250423,0.42990297,126,0
1771685714692000,1771685714692000,1771685714692000,197388,0.21605936,0.004494338,0.42796648,126,0
1771685714824000,1771685714824000,1771685714760000,197388,0.21425772,0.0040986137,0.4309794,126,0
1771685714828000,1771685714828000,1771685714828000,197388,0.21135394,-0.008348287,0.4277201,126,0
1771685714960000,1771685714960000,1771685714896000,197388,0.21340245,0.005047432,0.43028253,126,0
1771685714964000,1771685714964000,1771685714964000,197388,0.21584873,0.00091995596,0.43083033,126,0
1771685715096000,1771685715096000,1771685715032000,197388,0.21584406,0.0060811397,0.43030506,126,0
1771685715100000,1771685715100000,1771685715100000,197388,0.20851335,0.01173745,0.42997408,126,0
1771685715232000,1771685715232000,1771685715168000,197388,0.21383993,0.0058868555,0.42899,126,0
1771685715236000,1771685715236000,1771685715236000,197388,0.21098463,-9.202411e-06,0.43147105,126,0
1771685715368000,1771685715368000,1771685715304000,197388,0.21667227,0.0048521524,0.43097174,126,0
1771685715372000,1771685715372000,1771685715372000,197388,0.21786208,-0.0038972183,0.4219849,126,0
1771685715504000,1771685715504000,1771685715440000,197388,0.21372119,0.0043296106,0.42985544,126,0
1771685715508000,1771685715508000,1771685715508000,197388,0.21105838,-0.0005505093,0.425338,126,0
1771685715640000,1771685715640000,1771685715576000,197388,0.2162922,0.004116578,0.42925552,126,0
1771685715644000,1771685715644000,1771685715644000,197388,0.21428865,0.0017001142,0.436619,126,0
1771685715776000,1771685715776000,1771685715712000,197388,0.21558018,0.0045813737,0.4312397,126,0
1771685715780000,1771685715780000,1771685715780000,197388,0.21400931,0.012626043,0.43080348,126,0
1771685715912000,1771685715912000,1771685715848000,197388,0.21592107,0.0053963144,0.4303765,126,0
1771685715916000,1771685715916000,1771685715916000,197388,0.21519637,0.0054744883,0.42639706,126,0
1771685716048000,1771685716048000,1771685715984000,197388,0.2141452,0.0056089424,0.42873237,126,0
1771685716052000,1771685716052000,1771685716052000,197388,0.20859966,0.0006832442,0.42914653,126,0
1771685716184000,1771685716184000,1771685716120000,197388,0.21526365,0.004004426,0.42918408,126,0
1771685716188000,1771685716188000,1771685716188000,197388,0.21714583,-0.0029975043,0.42860392,126,0
1771685716320000,1771685716320000,1771685716256000,197388,0.21516187,0.0061141904,0.42872825,126,0
1771685716324000,1771685716324000,1771685716324000,197388,0.22109713,0.0024365734,0.42760256,126,0
1771685716456000,1771685716456000,1771685716392000,197388,0.21373357,0.0038819986,0.42938918,126,0
1771685716460000,1771685716460000,1771685716460000,197388,0.21287164,-0.00248095,0.43023694,126,0
1771685716592000,1771685716592000,1771685716528000,197388,0.21410006,0.0025297448,0.42711917,126,0
1771685716596000,1771685716596000,1771685716596000,197388,0.21604022,0.0037221953,0.42880422,126,0
1771685716728000,1771685716728000,1771685716664000,197388,0.21391928,0.0043200757,0.4277926,126,0
1771685716732000,1771685716732000,1771685716732000,197388,0.22106014,0.0006574922,0.43156376,126,0
1771685716864000,1771685716864000,1771685716800000,197388,0.21717362,0.0041874447,0.43012136,126,0
1771685716868000,1771685716868000,1771685716868000,197388,0.21474186,0.0023552186,0.42684594,126,0
1771685717000000,1771685717000000,1771685716936000,197388,0.21341082,0.003328221,0.43081543,126,0
1771685717004000,1771685717004000,1771685717004000,197388,0.21655919,0.007631946,0.4329779,126,0
1771685717136000,1771685717136000,1771685717072000,197388,0.21472104,0.004737606,0.4313469,126,0
1771685717140000,1771685717140000,1771685717140000,197388,0.2206967,0.0033929928,0.42586097,126,0
1771685717272000,1771685717272000,1771685717208000,197388,0.21426626,0.005746724,0.42967013,126,0
1771685717276000,1771685717276000,1771685717276000,197388,0.21257503,-0.0053324187,0.43629825,126,0
1771685717408000,1771685717408000,1771685717344000,197388,0.2148581,0.0039160457,0.430033,126,0
1771685717412000,1771685717412000,1771685717412000,197388,0.21318269,0.0070100552,0.42982692,126,0
1771685717544000,1771685717544000,1771685717480000,197388,0.2156584,0.0053716665,0.42876884,126,0
1771685717548000,1771685717548000,1771685717548000,197388,0.21421821,-0.008476882,0.4280659,126,0
1771685717680000,1771685717680000,1771685717616000,197388,0.21397208,0.0035075692,0.4291645,126,0
1771685717684000,1771685717684000,1771685717684000,197388,0.21870777,-0.00087188155,0.42898533,126,0
1771685717816000,1771685717816000,1771685717752000,197388,0.21493167,0.006122879,0.43077016,126,0
1771685717820000,1771685717820000,1771685717820000,197388,0.20925358,-0.0037088164,0.43452924,126,0
1771685717952000,1771685717952000,1771685717888000,197388,0.21616709,0.0025919469,0.4316837,126,0
1771685717956000,1771685717956000,1771685717956000,197388,0.21185087,0.011539531,0.42724973,126,0
1771685718088000,1771685718088000,1771685718024000,197388,0.21414949,0.0027058653,0.4297151,126,0
1771685718092000,1771685718092000,1771685718092000,197388,0.21090896,-0.00319686,0.42861867,126,0
1771685718224000,1771685718224000,1771685718160000,197388,0.21658607,0.002131479,0.42953685,126,0
1771685718228000,1771685718228000,1771685718228000,197388,0.21899581,0.0013402853,0.42868364,126,0
1771685718360000,1771685718360000,1771685718296000,197388,0.21559346,0.0023120644,0.43086317,126,0
1771685718364000,1771685718364000,1771685718364000,197388,0.21324906,0.0035491926,0.4339884,126,0
1771685718496000,1771685718496000,1771685718432000,197388,0.21456404,0.004805221,0.42917818,126,0
1771685718500000,1771685718500000,1771685718500000,197388,0.2209117,-0.0027198873,0.4366613,126,0
1771685718632000,1771685718632000,1771685718568000,197388,0.2153694,0.004350722,0.43140754,126,0
1771685718636000,1771685718636000,1771685718636000,197388,0.21104045,0.0039879354,0.4203508,126,0
1771685718768000,1771685718768000,1771685718704000,197388,0.21474354,0.0030727582,0.43035352,126,0
1771685718772000,1771685718772000,1771685718772000,197388,0.207108,0.00082357985,0.426204,126,0
1771685718904000,1771685718904000,1771685718840000,197388,0.21489242,0.0040126476,0.43007246,126,0
1771685718908000,1771685718908000,1771685718908000,197388,0.2171246,-0.00056558236,0.42858386,126,0
1771685719040000,1771685719040000,1771685718976000,197388,0.21534498,0.0038545947,0.43030128,126,0
1771685719044000,1771685719044000,1771685719044000,197388,0.20964761,0.010435811,0.43268937,126,0
1771685719176000,1771685719176000,1771685719112000,197388,0.21476047,0.0032494422,0.42896557,126,0
1771685719180000,1771685719180000,1771685719180000,197388,0.21327677,0.0026276074,0.43567696,126,0
1771685719312000,1771685719312000,1771685719248000,197388,0.21418995,0.0047185603,0.43111163,126,0
1771685719316000,1771685719316000,1771685719316000,197388,0.21870242,-0.0026994948,0.42981198,126,0
1771685719448000,1771685719448000,1771685719384000,197388,0.21559265,0.0024181355,0.42971978,126,0
1771685719452000,1771685719452000,1771685719452000,197388,0.20794916,0.0031247851,0.4319858,126,0
1771685719584000,1771685719584000,1771685719520000,197388,0.21504074,0.0039170645,0.4296139,126,0
1771685719588000,1771685719588000,1771685719588000,197388,0.21602482,0.008081864,0.43206432,126,0
1771685719720000,1771685719720000,1771685719656000,197388,0.21624102,0.0045150346,0.42964435,126,0
1771685719724000,1771685719724000,1771685719724000,197388,0.2153603,0.015778411,0.43466976,126,0
1771685719856000,1771685719856000,1771685719792000,197388,0.21440372,0.0049758847,0.43016294,126,0
1771685719860000,1771685719860000,1771685719860000,197388,0.21114023,-0.0021967585,0.4313294,126,0
1771685719992000,1771685719992000,1771685719928000,197388,0.21462056,0.0049236105,0.43032095,126,0
1771685719996000,1771685719996000,1771685719996000,197388,0.21238798,0.0028437753,0.43939558,126,0
1771685720128000,1771685720128000,1771685720064000,197388,0.21475,0.004000123,0.4297198,126,0
1771685720132000,1771685720132000,1771685720132000,197388,0.2164671,0.008373627,0.42539337,126,0
1771685720264000,1771685720264000,1771685720200000,197388,0.21482036,0.004340868,0.42943016,126,0
1771685720268000,1771685720268000,1771685720268000,197388,0.22059605,0.00063891674,0.42507717,126,0
1771685720400000,1771685720400000,1771685720336000,197388,0.21569939,0.0039336127,0.43108314,126,0
1771685720404000,1771685720404000,1771685720404000,197388,0.2183937,0.0076892427,0.42756176,126,0
1771685720536000,1771685720536000,1771685720472000,197388,0.2142243,0.005043408,0.43060988,126,0
1771685720540000,1771685720540000,1771685720540000,197388,0.20825496,0.011322832,0.43325156,126,0
1771685720672000,1771685720672000,1771685720608000,197388,0.21661758,0.0049772686,0.4302064,126,0
1771685720676000,1771685720676000,1771685720676000,197388,0.20929871,0.001472434,0.4353164,126,0
1771685720808000,1771685720808000,1771685720744000,197388,0.21649453,0.00407802,0.4288043,126,0
1771685720812000,1771685720812000,1771685720812000,197388,0.21654972,0.0034892797,0.4384652,126,0
1771685720944000,1771685720944000,1771685720880000,197388,0.21423489,0.0032215123,0.43028054,126,0
1771685720948000,1771685720948000,1771685720948000,197388,0.21698694,0.0050624716,0.4304309,126,0
1771685721080000,1771685721080000,1771685721016000,197388,0.21492511,0.0047203247,0.42922002,126,0
1771685721084000,1771685721084000,1771685721084000,197388,0.21236525,0.0030669442,0.42554873,126,0
1771685721216000,1771685721216000,1771685721152000,197388,0.21497329,0.0043727504,0.4301677,126,0
1771685721220000,1771685721220000,1771685721220000,197388,0.21370162,0.0031606338,0.4271058,126,0
1771685721352000,1771685721352000,1771685721288000,197388,0.21458627,0.0042282525,0.43002495,126,0
1771685721356000,1771685721356000,1771685721356000,197388,0.22046265,0.005594008,0.42765152,126,0
1771685721488000,1771685721488000,1771685721424000,197388,0.21363598,0.004300931,0.42931992,126,0
1771685721492000,1771685721492000,1771685721492000,197388,0.21265087,0.0010226596,0.4190311,126,0
1771685721624000,1771685721624000,1771685721560000,197388,0.2142857,0.0028990416,0.4291575,126,0
1771685721628000,1771685721628000,1771685721628000,197388,0.21597834,0.0051325667,0.4318304,126,0
1771685721760000,1771685721760000,1771685721696000,197388,0.2148092,0.0041479566,0.43130141,126,0
1771685721764000,1771685721764000,1771685721764000,197388,0.21069458,0.0042575817,0.43118358,126,0
