timestamp,timestamp_sample,pub_timestamp,time_last_fuse,device_id,observation,observation_variance,innovation,innovation_filtered,innovation_variance,test_ratio,test_ratio_filtered,publisher_id,estimator_instance,innovation_rejected,fused
1771685523292000,1771685523140000,0,1771685523140000,0,-487.82846,12.354216,-0.09933472,-0.06710378,12.367069,3.1915035e-05,-1.8538645e-05,0,0,0,1
1771685523348000,1771685523192000,0,1771685523196000,0,-487.79642,12.354284,-0.13375854,-0.073382854,12.3671665,5.7867248e-05,-2.2243514e-05,0,0,0,1
1771685523396000,1771685523244000,0,1771685523244000,0,-487.87735,12.354216,-0.054870605,-0.07163895,12.367069,9.738066e-06,-2.1065463e-05,0,0,0,1
1771685523452000,1771685523296000,0,1771685523300000,0,-487.84964,12.354284,-0.084747314,-0.07287379,12.3671665,2.3229597e-05,-2.126933e-05,0,0,0,1
1771685523500000,1771685523348000,0,1771685523348000,0,-487.84097,12.354216,-0.09539795,-0.07499564,12.367069,2.943549e-05,-2.2038606e-05,0,0,0,1
1771685523556000,1771685523400000,0,1771685523404000,0,-487.79953,12.354284,-0.13925171,-0.08104874,12.3671665,6.27178e-05,-2.5870704e-05,0,0,0,1
1771685523604000,1771685523452000,0,1771685523452000,0,-487.87582,12.354216,-0.06491089,-0.07952851,12.367069,1.362788e-05,-2.4717394e-05,0,0,0,1
1771685523660000,1771685523504000,0,1771685523508000,0,-487.89517,12.354284,-0.04812622,-0.076570325,12.3671665,7.4912327e-06,-2.3094639e-05,0,0,0,1
1771685523708000,1771685523556000,0,1771685523556000,0,-487.87677,12.354216,-0.068847656,-0.07584283,12.367069,1.5331038e-05,-2.2363285e-05,0,0,0,1
1771685523764000,1771685523608000,0,1771685523612000,0,-487.85858,12.354284,-0.08929443,-0.07711001,12.3671665,2.578924e-05,-2.268602e-05,0,0,0,1
1771685523812000,1771685523660000,0,1771685523660000,0,-487.84058,12.354216,-0.10925293,-0.08013796,12.367069,3.8606406e-05,-2.4185765e-05,0,0,0,1
1771685523868000,1771685523712000,0,1771685523716000,0,-487.86966,12.354284,-0.08239746,-0.08035081,12.3671665,2.1959246e-05,-2.3976021e-05,0,0,0,1
1771685523916000,1771685523764000,0,1771685523764000,0,-487.85626,12.354216,-0.09741211,-0.08195803,12.367069,3.0691568e-05,-2.4608646e-05,0,0,0,1
1771685523972000,1771685523816000,0,1771685523820000,0,-487.843,12.354284,-0.11251831,-0.0848369,12.3671665,4.094833e-05,-2.614789e-05,0,0,0,1
1771685524020000,1771685523868000,0,1771685523868000,0,-487.84863,12.354216,-0.1083374,-0.08705071,12.367069,3.7962083e-05,-2.7260821e-05,0,0,0,1
1771685524076000,1771685523920000,0,1771685523924000,0,-487.82605,12.354284,-0.13256836,-0.091338605,12.3671665,5.6842026e-05,-3.0047457e-05,0,0,0,1
1771685524124000,1771685523972000,0,1771685523972000,0,-487.86005,12.354216,-0.099975586,-0.09215223,12.367069,3.232817e-05,-3.0262307e-05,0,0,0,1
1771685524180000,1771685524024000,0,1771685524028000,0,-487.8562,12.354284,-0.10543823,-0.09340381,12.3671665,3.595721e-05,-3.0798783e-05,0,0,0,1
1771685524228000,1771685524076000,0,1771685524076000,0,-487.88058,12.354216,-0.082458496,-0.09237273,12.367069,2.1991964e-05,-2.9969155e-05,0,0,0,1
1771685524284000,1771685524128000,0,1771685524132000,0,-487.8766,12.354284,-0.08792114,-0.091953374,12.3671665,2.5002097e-05,-2.9501243e-05,0,0,0,1
1771685524332000,1771685524180000,0,1771685524180000,0,-487.87732,12.354216,-0.088653564,-0.09164252,12.367069,2.542059e-05,-2.9116834e-05,0,0,0,1
1771685524388000,1771685524232000,0,1771685524236000,0,-487.78885,12.354284,-0.1786499,-0.09983887,12.3671665,0.00010322748,-3.6098274e-05,0,0,0,1
1771685524436000,1771685524284000,0,1771685524284000,0,-487.8373,12.354216,-0.13122559,-0.102795586,12.367069,5.56968e-05,-3.7944512e-05,0,0,0,1
1771685524492000,1771685524336000,0,1771685524340000,0,-487.82434,12.354284,-0.14553833,-0.10682207,12.3671665,6.850851e-05,-4.082373e-05,0,0,0,1
1771685524540000,1771685524388000,0,1771685524388000,0,-487.89597,12.354216,-0.074798584,-0.10380537,12.367069,1.809589e-05,-3.86827e-05,0,0,0,1
1771685524596000,1771685524440000,0,1771685524444000,0,-487.8121,12.354284,-0.16003418,-0.10910229,12.3671665,8.2835264e-05,-4.2842003e-05,0,0,0,1
1771685524644000,1771685524492000,0,1771685524492000,0,-487.8416,12.354216,-0.13153076,-0.111215115,12.367069,5.5956156e-05,-4.4077395e-05,0,0,0,1
1771685524700000,1771685524544000,0,1771685524548000,0,-487.86148,12.354284,-0.11294556,-0.111378126,12.3671665,4.125989e-05,-4.381198e-05,0,0,0,1
1771685524748000,1771685524596000,0,1771685524596000,0,-487.86716,12.354216,-0.10809326,-0.11106868,12.367069,3.779118e-05,-4.3244803e-05,0,0,0,1
1771685524804000,1771685524648000,0,1771685524652000,0,-487.87274,12.354284,-0.10385132,-0.110388786,12.3671665,3.4882996e-05,-4.2457097e-05,0,0,0,1
1771685524852000,1771685524700000,0,1771685524700000,0,-487.9159,12.354216,-0.061920166,-0.1058229,12.367069,1.240102e-05,-3.9625727e-05,0,0,0,1
1771685524908000,1771685524752000,0,1771685524756000,0,-487.89294,12.354284,-0.08657837,-0.10401001,12.3671665,2.424424e-05,-3.8176746e-05,0,0,0,1
1771685524956000,1771685524804000,0,1771685524804000,0,-487.89835,12.354216,-0.08258057,-0.101991296,12.367069,2.2057126e-05,-3.665823e-05,0,0,0,1
1771685525012000,1771685524856000,0,1771685524860000,0,-487.8521,12.354284,-0.13034058,-0.10466188,12.3671665,5.494764e-05,-3.8381146e-05,0,0,0,1
1771685525060000,1771685524908000,0,1771685524908000,0,-487.83444,12.354216,-0.14941406,-0.10887767,12.367069,7.220648e-05,-4.156759e-05,0,0,0,1
1771685525116000,1771685524960000,0,1771685524964000,0,-487.87793,12.354284,-0.10733032,-0.1087319,12.3671665,3.7259295e-05,-4.1161737e-05,0,0,0,1
1771685525164000,1771685525012000,0,1771685525012000,0,-487.8084,12.354216,-0.17770386,-0.115229264,12.367069,0.00010213789,-4.690587e-05,0,0,0,1
1771685525220000,1771685525064000,0,1771685525068000,0,-487.88974,12.354284,-0.09710693,-0.11352209,12.3671665,3.0499326e-05,-4.5360324e-05,0,0,0,1
1771685525268000,1771685525116000,0,1771685525116000,0,-487.89056,12.354216,-0.096954346,-0.11196136,12.367069,3.0403793e-05,-4.3951375e-05,0,0,0,1
1771685525324000,1771685525168000,0,1771685525172000,0,-487.91016,12.354284,-0.0,-0.1088055,12.3671665,1.9911045e-05,-4.1686708e-05,0,0,0,1
1771685525372000,1771685525220000,0,1771685525220000,0,-487.84506,12.354216,-0.0,-0.11216522,12.367069,6.7507164e-05,-4.411907e-05,0,0,0,1
1771685525428000,1771685525272000,0,1771685525276000,0,-487.90265,12.354284,-0.0,-0.10991011,12.3671665,2.5175963e-05,-4.2334577e-05,0,0,0,1
1771685525476000,1771685525324000,0,1771685525324000,0,-487.91745,12.354216,-0.0,-0.106579505,12.367069,1.7977954e-05,-4.004011e-05,0,0,0,1
1771685525532000,1771685525376000,0,1771685525380000,0,-487.9228,12.354284,-0.0,-0.1032033,12.3671665,1.6185151e-05,-3.7792906e-05,0,0,0,1
1771685525580000,1771685525428000,0,1771685525428000,0,-487.88113,12.354216,-0.0,-0.104167044,12.367069,4.1617735e-05,-3.8153215e-05,0,0,0,1
1771685525636000,1771685525480000,0,1771685525484000,0,-487.8727,12.354284,-0.0,-0.10592258,12.3671665,4.8775964e-05,-3.915391e-05,0,0,0,1
1771685525684000,1771685525532000,0,1771685525532000,0,-487.9113,12.354216,-0.0,-0.103936434,12.367069,2.3279998e-05,-3.765854e-05,0,0,0,1
1771685525740000,1771685525584000,0,1771685525588000,0,-487.90262,12.354284,-0.0,-0.10304009,12.3671665,2.8835702e-05,-3.6827405e-05,0,0,0,1
1771685525788000,1771685525636000,0,1771685525636000,0,-487.92688,12.354216,-0.0,-0.1000318,12.367069,1.6353291e-05,-3.4898683e-05,0,0,0,1
1771685525844000,1771685525688000,0,1771685525692000,0,-487.88522,12.354284,-0.0,-0.10131443,12.3671665,4.1774307e-05,-3.5546385e-05,0,0,0,1
1771685525892000,1771685525740000,0,1771685525740000,0,-487.7782,12.354216,-0.0,-0.112610064,12.367069,0.00015828856,-4.7109053e-05,0,0,0,1
1771685525948000,1771685525792000,0,1771685525796000,0,-487.88336,12.354284,-0.0,-0.1130039,12.3671665,4.411709e-05,-4.68272e-05,0,0,0,1
1771685525996000,1771685525844000,0,1771685525844000,0,-487.89374,12.354216,-0.0,-0.11243206,12.367069,3.6984653e-05,-4.5900004e-05,0,0,0,1
1771685526052000,1771685525896000,0,1771685525900000,0,-487.91342,12.354284,-0.0,-0.11013744,12.3671665,2.5088953e-05,-4.393954e-05,0,0,0,1
1771685526100000,1771685525948000,0,1771685525948000,0,-487.97522,12.354216,-0.0,-0.102303535,12.367069,2.3539535e-06,-4.002206e-05,0,0,0,1
1771685526156000,1771685526000000,0,1771685526004000,0,-487.92377,12.354284,-0.0,-0.10014947,12.3671665,2.0409776e-05,-3.8174527e-05,0,0,0,1
1771685526204000,1771685526052000,0,1771685526052000,0,-487.84933,12.354216,-0.0,-0.105287686,12.367069,7.7399454e-05,-4.186963e-05,0,0,0,1
1771685526260000,1771685526104000,0,1771685526108000,0,-487.8741,12.354284,-0.0,-0.10773111,12.3671665,5.569636e-05,-4.317215e-05,0,0,0,1
1771685526308000,1771685526156000,0,1771685526156000,0,-487.90338,12.354216,-0.0,-0.10728225,12.367069,3.4291264e-05,-4.2335545e-05,0,0,0,1
1771685526364000,1771685526208000,0,1771685526212000,0,-487.90894,12.354284,-0.0,-0.10645883,12.3671665,3.1406966e-05,-4.130604e-05,0,0,0,1
1771685526412000,1771685526260000,0,1771685526260000,0,-487.92856,12.354216,-0.0,-0.10394782,12.367069,2.0598553e-05,-3.9355335e-05,0,0,0,1
1771685526468000,1771685526312000,0,1771685526316000,0,-487.8682,12.354284,-0.0,-0.10747191,12.3671665,6.462893e-05,-4.173618e-05,0,0,0,1
1771685526516000,1771685526364000,0,1771685526364000,0,-487.94452,12.354216,-0.0,-0.103560284,12.367069,1.40670445e-05,-3.9129667e-05,0,0,0,1
1771685526572000,1771685526416000,0,1771685526420000,0,-487.93097,12.354284,-0.0,-0.10138557,12.3671665,2.0946438e-05,-3.7416754e-05,0,0,0,1
1771685526620000,1771685526468000,0,1771685526468000,0,-487.85184,12.354216,-0.0,-0.10689894,12.367069,8.27096e-05,-4.1683474e-05,0,0,0,1
1771685526676000,1771685526520000,0,1771685526524000,0,-487.87665,12.354284,-0.0,-0.109616056,12.3671665,5.959632e-05,-4.3370917e-05,0,0,0,1
1771685526724000,1771685526572000,0,1771685526572000,0,-487.90128,12.354216,-0.0,-0.10979171,12.367069,4.0196912e-05,-4.3071916e-05,0,0,0,1
1771685526780000,1771685526624000,0,1771685526628000,0,-487.92572,12.354284,-0.0,-0.10770556,12.3671665,2.4846131e-05,-4.1354993e-05,0,0,0,1
1771685526828000,1771685526676000,0,1771685526676000,0,-487.93582,12.354216,-0.0,-0.10490749,12.367069,1.9679544e-05,-3.9313105e-05,0,0,0,1
1771685526884000,1771685526728000,0,1771685526732000,0,-487.89423,12.354284,-0.0,-0.10634604,12.3671665,4.6713383e-05,-4.0010233e-05,0,0,0,1
1771685526932000,1771685526780000,0,1771685526780000,0,-487.92813,12.354216,-0.0,-0.10449537,12.367069,2.4312847e-05,-3.8531492e-05,0,0,0,1
1771685526988000,1771685526832000,0,1771685526836000,0,-487.91946,12.354284,-0.0,-0.10372174,12.3671665,2.9983936e-05,-3.7726288e-05,0,0,0,1
1771685527036000,1771685526884000,0,1771685526884000,0,-487.90146,12.354216,-0.0,-0.10477176,12.367069,4.267687e-05,-3.8192647e-05,0,0,0,1
1771685527092000,1771685526936000,0,1771685526940000,0,-487.97287,12.354284,-0.0,-0.099076234,12.3671665,6.3507227e-06,-3.5193047e-05,0,0,0,1
1771685527140000,1771685526988000,0,1771685526988000,0,-487.86996,12.354216,-0.0,-0.103660084,12.367069,7.05933e-05,-3.8527854e-05,0,0,0,1
1771685527196000,1771685527040000,0,1771685527044000,0,-487.83835,12.354284,-0.0,-0.11085946,12.3671665,0.0001048917,-4.477952e-05,0,0,0,1
1771685527244000,1771685527092000,0,1771685527092000,0,-487.91028,12.354216,-0.0,-0.11062475,12.367069,3.7983475e-05,-4.4139313e-05,0,0,0,1
1771685527300000,1771685527144000,0,1771685527148000,0,-487.95816,12.354284,-0.0,-0.10595327,12.3671665,1.2048969e-05,-4.111631e-05,0,0,0,1
1771685527348000,1771685527196000,0,1771685527196000,0,-487.95868,12.354216,-0.0,-0.1017391,12.367069,1.2121467e-05,-3.838491e-05,0,0,0,1
1771685527404000,1771685527248000,0,1771685527252000,0,-487.9216,12.354284,-0.0,-0.10159597,12.3671665,3.2485998e-05,-3.7829217e-05,0,0,0,1
1771685527452000,1771685527300000,0,1771685527300000,0,-487.93655,12.354216,-0.0,-0.10028764,12.367069,2.4880945e-05,-3.6609454e-05,0,0,0,1
1771685527508000,1771685527352000,0,1771685527356000,0,-487.9091,12.354284,-0.0,-0.1020809,12.3671665,4.605146e-05,-3.7498918e-05,0,0,0,1
1771685527556000,1771685527404000,0,1771685527404000,0,-487.9383,12.354216,-0.0,-0.10139959,12.367069,2.9097479e-05,-3.670748e-05,0,0,0,1
1771685527612000,1771685527456000,0,1771685527460000,0,-487.9203,12.354284,-0.0,-0.103289336,12.3671665,4.7715122e-05,-3.774443e-05,0,0,0,1
1771685527660000,1771685527508000,0,1771685527508000,0,-487.99646,12.354216,-0.0,-0.09873678,12.367069,9.77059e-06,-3.5109213e-05,0,0,0,1
1771685527716000,1771685527560000,0,1771685527564000,0,-487.98282,12.354284,-0.0,-0.09726369,12.3671665,2.233496e-05,-3.3905842e-05,0,0,0,1
1771685527764000,1771685527612000,0,1771685527612000,0,-487.97882,12.354216,-0.0,-0.09766002,12.367069,3.3302484e-05,-3.3849003e-05,0,0,0,1
1771685527820000,1771685527664000,0,1771685527668000,0,-488.03134,12.354284,-0.0,-0.09493144,12.3671665,1.5263035e-05,-3.209815e-05,0,0,0,1
1771685527868000,1771685527716000,0,1771685527716000,0,-488.0507,12.354216,-0.0,-0.09242252,12.367069,1.5087368e-05,-3.0495685e-05,0,0,0,1
1771685527924000,1771685527768000,0,1771685527772000,0,-488.1029,12.354284,-0.0,-0.087574095,12.3671665,5.42494e-06,-2.8133947e-05,0,0,0,1
1771685527972000,1771685527820000,0,1771685527820000,0,-488.07037,12.354216,-0.0,-0.08841462,12.367069,3.0117371e-05,-2.8320792e-05,0,0,0,1
1771685528028000,1771685527872000,0,1771685527876000,0,-488.0947,12.354284,-0.0,-0.08969919,12.3671665,3.3683904e-05,-2.8826013e-05,0,0,0,1
1771685528076000,1771685527924000,0,1771685527924000,0,-488.1519,12.354216,-0.0,-0.088045396,12.367069,1.6834038e-05,-2.7696333e-05,0,0,0,1
1771685528132000,1771685527976000,0,1771685527980000,0,-488.20413,12.354284,-0.0,-0.084865615,12.3671665,9.533268e-06,-2.5985319e-05,0,0,0,1
1771685528180000,1771685528028000,0,1771685528028000,0,-488.26093,12.354216,-0.0,-0.07957051,12.367069,2.6559783e-06,-2.3787627e-05,0,0,0,1
1771685528236000,1771685528080000,0,1771685528084000,0,-488.21423,12.354284,-0.0,-0.082838155,12.3671665,4.2224216e-05,-2.5524407e-05,0,0,0,1
1771685528284000,1771685528132000,0,1771685528132000,0,-488.34665,12.354216,-0.0,-0.07664735,12.367069,9.480234e-07,-2.320924e-05,0,0,0,1
1771685528340000,1771685528184000,0,1771685528188000,0,-488.35617,12.354284,-0.0,-0.07424806,12.3671665,8.471417e-06,-2.1820895e-05,0,0,0,1
1771685528388000,1771685528236000,0,1771685528236000,0,-488.41293,12.354216,-0.0,-0.070375755,12.367069,3.5526546e-06,-2.0099973e-05,0,0,0,1
1771685528444000,1771685528288000,0,1771685528292000,0,-488.4414,12.354284,-0.0,-0.06866214,12.3671665,8.808098e-06,-1.9036246e-05,0,0,0,1
1771685528492000,1771685528340000,0,1771685528340000,0,-488.46533,12.354216,-0.0,-0.06885498,12.367069,1.6171318e-05,-1.876636e-05,0,0,0,1
1771685528548000,1771685528392000,0,1771685528396000,0,-488.52698,12.354284,-0.0,-0.06808383,12.3671665,1.1904815e-05,-1.8119983e-05,0,0,0,1
1771685528596000,1771685528444000,0,1771685528444000,0,-488.62137,12.354216,-0.0,-0.06277408,12.367069,4.4417672e-07,-1.6454871e-05,0,0,0,1
1771685528652000,1771685528496000,0,1771685528500000,0,-488.6919,12.354284,0.0030822754,-0.056570217,12.3671665,3.0727882e-08,-1.490188e-05,0,0,0,1
1771685528700000,1771685528548000,0,1771685528548000,0,-488.71533,12.354216,-0.0,-0.053388648,12.367069,1.6808716e-06,-1.3656422e-05,0,0,0,1
1771685528756000,1771685528600000,0,1771685528604000,0,-488.80475,12.354284,0.0069274902,-0.047706693,12.3671665,1.5521783e-07,-1.2355325e-05,0,0,0,1
1771685528804000,1771685528652000,0,1771685528652000,0,-488.8047,12.354216,-0.0,-0.047516227,12.367069,6.7505152e-06,-1.18273365e-05,0,0,0,1
1771685528860000,1771685528704000,0,1771685528708000,0,-488.8755,12.354284,-0.0,-0.046624992,12.3671665,4.6840637e-06,-1.115442e-05,0,0,0,1
1771685528908000,1771685528756000,0,1771685528756000,0,-488.99786,12.354216,0.028961182,-0.039504554,12.367069,2.71285e-06,-9.848082e-06,0,0,0,1
1771685528964000,1771685528808000,0,1771685528812000,0,-489.0399,12.354284,0.0040283203,-0.03540363,12.3671665,5.248531e-08,-8.91542e-06,0,0,0,1
1771685529012000,1771685528860000,0,1771685528860000,0,-489.0868,12.354216,-0.0,-0.032781467,12.367069,1.8526642e-07,-8.093014e-06,0,0,0,1
1771685529068000,1771685528912000,0,1771685528916000,0,-489.13852,12.354284,-0.0,-0.032108225,12.3671665,2.1254382e-06,-7.530851e-06,0,0,0,1
1771685529116000,1771685528964000,0,1771685528964000,0,-489.28897,12.354216,0.06427002,-0.023029115,12.367069,1.3360111e-05,-5.5628616e-06,0,0,0,1
1771685529172000,1771685529016000,0,1771685529020000,0,-489.30252,12.354284,0.0066833496,-0.020230114,12.3671665,1.4447015e-07,-5.0252143e-06,0,0,0,1
1771685529220000,1771685529068000,0,1771685529068000,0,-489.34943,12.354216,-0.0,-0.019005718,12.367069,1.6919597e-07,-4.5677634e-06,0,0,0,1
1771685529276000,1771685529120000,0,1771685529124000,0,-489.4246,12.354284,-0.0,-0.017551681,12.3671665,4.1234586e-08,-4.1413514e-06,0,0,0,1
1771685529324000,1771685529172000,0,1771685529172000,0,-489.4575,12.354216,-0.0,-0.018948471,12.367069,3.3909712e-06,-4.070663e-06,0,0,0,1
1771685529380000,1771685529224000,0,1771685529228000,0,-489.57983,12.354284,0.017669678,-0.015498935,12.3671665,1.0098271e-06,-3.5920662e-06,0,0,0,1
1771685529428000,1771685529276000,0,1771685529276000,0,-489.63132,12.354216,0.0068969727,-0.013389176,12.367069,1.538545e-07,-3.2391895e-06,0,0,0,1
1771685529484000,1771685529328000,0,1771685529332000,0,-489.7111,12.354284,0.013244629,-0.010880194,12.3671665,5.673739e-07,-2.8806e-06,0,0,0,1
1771685529532000,1771685529380000,0,1771685529380000,0,-489.73444,12.354216,-0.0,-0.012339113,12.367069,2.2486447e-06,-2.821068e-06,0,0,0,1
1771685529588000,1771685529432000,0,1771685529436000,0,-489.78162,12.354284,-0.0,-0.016158838,12.3671665,9.046635e-06,-3.4075345e-06,0,0,0,1
1771685529636000,1771685529484000,0,1771685529484000,0,-489.9088,12.354216,0.0107421875,-0.013624683,12.367069,3.732318e-07,-3.0513752e-06,0,0,0,1
1771685529692000,1771685529536000,0,1771685529540000,0,-490.00732,12.354284,0.034820557,-0.009061001,12.3671665,3.921581e-06,-2.3945024e-06,0,0,0,1
1771685529740000,1771685529588000,0,1771685529588000,0,-490.0446,12.354216,0.008148193,-0.0074398452,12.367069,2.1474143e-07,-2.148704e-06,0,0,0,1
1771685529796000,1771685529640000,0,1771685529644000,0,-490.13843,12.354284,0.026916504,-0.0042033773,12.3671665,2.3432956e-06,-1.7255445e-06,0,0,0,1
1771685529844000,1771685529692000,0,1771685529692000,0,-490.19925,12.354216,0.023376465,-0.001605276,12.367069,1.7674652e-06,-1.3964928e-06,0,0,0,1
1771685529900000,1771685529744000,0,1771685529748000,0,-490.25537,12.354284,0.004058838,-0.0010717,12.3671665,5.3283554e-08,-1.2599197e-06,0,0,0,1
1771685529948000,1771685529796000,0,1771685529796000,0,-490.33047,12.354216,0.014343262,0.0003804342,12.367069,6.654096e-07,-1.078548e-06,0,0,0,1
1771685530004000,1771685529848000,0,1771685529852000,0,-490.42422,12.354284,0.031829834,0.0033430592,12.3671665,3.2768648e-06,-6.6825555e-07,0,0,0,1
1771685530052000,1771685529900000,0,1771685529900000,0,-490.44745,12.354216,-0.0,0.0020506862,12.367069,3.4821795e-07,-6.3810705e-07,0,0,0,1
1771685530108000,1771685529952000,0,1771685529956000,0,-490.5649,12.354284,0.03048706,0.004729475,12.3671665,3.0062208e-06,-2.9480077e-07,0,0,0,1
1771685530156000,1771685530004000,0,1771685530004000,0,-490.64917,12.354216,0.048950195,0.008895195,12.367069,7.750006e-06,4.6304342e-07,0,0,0,1
1771685530212000,1771685530056000,0,1771685530060000,0,-490.73325,12.354284,0.05606079,0.013338331,12.3671665,1.0165019e-05,1.3769977e-06,0,0,0,1
1771685530260000,1771685530108000,0,1771685530108000,0,-490.78445,12.354216,0.040618896,0.01590824,12.367069,5.3364133e-06,1.7499862e-06,0,0,0,1
1771685530316000,1771685530160000,0,1771685530164000,0,-490.85452,12.354284,0.03253174,0.017474221,12.3671665,3.4229797e-06,1.907587e-06,0,0,0,1
1771685530364000,1771685530212000,0,1771685530212000,0,-490.93878,12.354216,0.049743652,0.020514095,12.367069,8.00329e-06,2.4818198e-06,0,0,0,1
1771685530420000,1771685530264000,0,1771685530268000,0,-491.02756,12.354284,0.060058594,0.024239302,12.3671665,1.1666487e-05,3.3470421e-06,0,0,0,1
1771685530468000,1771685530316000,0,1771685530316000,0,-491.10214,12.354216,0.067352295,0.02830067,12.367069,1.4672293e-05,4.4139138e-06,0,0,0,1
1771685530524000,1771685530368000,0,1771685530372000,0,-491.14386,12.354284,0.030426025,0.028500885,12.3671665,2.994196e-06,4.280172e-06,0,0,0,1
1771685530572000,1771685530420000,0,1771685530420000,0,-491.20932,12.354216,0.028167725,0.0284695,12.367069,2.5662368e-06,4.1187145e-06,0,0,0,1
1771685530628000,1771685530472000,0,1771685530476000,0,-491.30768,12.354284,0.047302246,0.030243598,12.3671665,7.236912e-06,4.4124577e-06,0,0,0,1
1771685530676000,1771685530524000,0,1771685530524000,0,-491.3683,12.354216,0.040283203,0.031189358,12.367069,5.2485725e-06,4.491222e-06,0,0,0,1
1771685530732000,1771685530576000,0,1771685530580000,0,-491.41962,12.354284,0.012634277,0.029441416,12.3671665,5.1628626e-07,4.116772e-06,0,0,0,1
1771685530780000,1771685530628000,0,1771685530628000,0,-491.5369,12.354216,0.06185913,0.03249526,12.367069,1.2376585e-05,4.89487e-06,0,0,0,1
1771685530836000,1771685530680000,0,1771685530684000,0,-491.5974,12.354284,0.042907715,0.033476144,12.3671665,5.954709e-06,4.99471e-06,0,0,0,1
1771685530884000,1771685530732000,0,1771685530732000,0,-491.69095,12.354216,0.068359375,0.036762245,12.367069,1.5114347e-05,5.948009e-06,0,0,0,1
1771685530940000,1771685530784000,0,1771685530788000,0,-491.76547,12.354284,0.06304932,0.039238565,12.3671665,1.2857323e-05,6.5988866e-06,0,0,0,1
1771685530988000,1771685530836000,0,1771685530836000,0,-491.8448,12.354216,0.07357788,0.042473428,12.367069,1.7510065e-05,7.6267515e-06,0,0,0,1
1771685531044000,1771685530888000,0,1771685530892000,0,-491.92395,12.354284,0.07232666,0.04528569,12.3671665,1.6919465e-05,8.502152e-06,0,0,0,1
1771685531092000,1771685530940000,0,1771685530940000,0,-491.97498,12.354216,0.05432129,0.04613687,12.367069,9.544064e-06,8.600303e-06,0,0,0,1
1771685531148000,1771685530992000,0,1771685530996000,0,-492.06372,12.354284,0.062438965,0.047672577,12.3671665,1.2609596e-05,8.97799e-06,0,0,0,1
1771685531196000,1771685531044000,0,1771685531044000,0,-492.10077,12.354216,0.03012085,0.04601915,12.367069,2.9344562e-06,8.408671e-06,0,0,0,1
1771685531252000,1771685531096000,0,1771685531100000,0,-492.16626,12.354284,0.0146484375,0.04306394,12.3671665,6.940206e-07,7.681929e-06,0,0,0,1
1771685531300000,1771685531148000,0,1771685531148000,0,-492.25064,12.354216,0.029663086,0.04180154,12.367069,2.8459408e-06,7.2263647e-06,0,0,0,1
1771685531356000,1771685531200000,0,1771685531204000,0,-492.31613,12.354284,0.014251709,0.039206263,12.3671665,6.569369e-07,6.6075054e-06,0,0,0,1
1771685531404000,1771685531252000,0,1771685531252000,0,-492.36298,12.354216,-0.0,0.03474821,12.367069,2.131359e-07,5.964981e-06,0,0,0,1
1771685531460000,1771685531304000,0,1771685531308000,0,-492.45694,12.354284,0.00491333,0.031937677,12.3671665,7.808033e-08,5.410418e-06,0,0,0,1
1771685531508000,1771685531356000,0,1771685531356000,0,-492.4991,12.354216,-0.0,0.026844792,12.367069,1.5833224e-06,4.7515873e-06,0,0,0,1
1771685531564000,1771685531408000,0,1771685531412000,0,-492.64487,12.354284,0.042938232,0.02836084,12.3671665,5.9631825e-06,4.865723e-06,0,0,0,1
1771685531612000,1771685531460000,0,1771685531460000,0,-492.7431,12.354216,0.071746826,0.032447927,12.367069,1.6649401e-05,5.9757795e-06,0,0,0,1
1771685531668000,1771685531512000,0,1771685531516000,0,-492.7331,12.354284,-0.0,0.027539838,12.3671665,1.2492853e-06,5.2951573e-06,0,0,0,1
1771685531716000,1771685531564000,0,1771685531564000,0,-492.8741,12.354216,0.051696777,0.029815491,12.367069,8.644107e-06,5.6106383e-06,0,0,0,1
1771685531772000,1771685531616000,0,1771685531620000,0,-492.91125,12.354284,0.0072631836,0.027691,12.3671665,1.7062546e-07,5.0981735e-06,0,0,0,1
1771685531820000,1771685531668000,0,1771685531668000,0,-493.0051,12.354216,0.031188965,0.028020518,12.367069,3.1462637e-06,4.9142977e-06,0,0,0,1
1771685531876000,1771685531720000,0,1771685531724000,0,-493.15506,12.354284,0.09945679,0.034750022,12.3671665,3.199327e-05,7.4652153e-06,0,0,0,1
1771685531924000,1771685531772000,0,1771685531772000,0,-493.1683,12.354216,0.0423584,0.035466753,12.367069,5.8032633e-06,7.3086544e-06,0,0,0,1
1771685531980000,1771685531824000,0,1771685531828000,0,-493.22897,12.354284,0.021087646,0.0341122,12.3671665,1.4382885e-06,6.755649e-06,0,0,0,1
1771685532028000,1771685531876000,0,1771685531876000,0,-493.3133,12.354216,0.035064697,0.034201927,12.367069,3.9767965e-06,6.493873e-06,0,0,0,1
1771685532084000,1771685531928000,0,1771685531932000,0,-493.41632,12.354284,0.05606079,0.036261097,12.3671665,1.0165019e-05,6.8397057e-06,0,0,0,1
1771685532132000,1771685531980000,0,1771685531980000,0,-493.48627,12.354216,0.055541992,0.038077414,12.367069,9.97783e-06,7.135326e-06,0,0,0,1
1771685532188000,1771685532032000,0,1771685532036000,0,-493.53275,12.354284,0.019805908,0.036356185,12.3671665,1.2687594e-06,6.5826785e-06,0,0,0,1
1771685532236000,1771685532084000,0,1771685532084000,0,-493.5983,12.354216,0.015075684,0.034351498,12.367069,7.3510137e-07,6.03182e-06,0,0,0,1
1771685532292000,1771685532136000,0,1771685532140000,0,-493.67798,12.354284,0.012359619,0.0322798,12.3671665,4.9408305e-07,5.510149e-06,0,0,0,1
1771685532340000,1771685532188000,0,1771685532188000,0,-493.80466,12.354216,0.06814575,0.03565848,12.367069,1.5020029e-05,6.4060073e-06,0,0,0,1
1771685532396000,1771685532240000,0,1771685532244000,0,-493.8604,12.354284,0.041107178,0.03617176,12.3671665,5.4654397e-06,6.317403e-06,0,0,0,1
1771685532444000,1771685532292000,0,1771685532292000,0,-493.88824,12.354216,-0.0,0.03256591,12.367069,1.4341399e-08,5.720934e-06,0,0,0,1
1771685532500000,1771685532344000,0,1771685532348000,0,-494.0385,12.354284,0.065338135,0.035653148,12.3671665,1.380776e-05,6.482737e-06,0,0,0,1
1771685532548000,1771685532396000,0,1771685532396000,0,-494.06143,12.354216,0.017211914,0.03391593,12.367069,9.581898e-07,5.9623085e-06,0,0,0,1
1771685532604000,1771685532448000,0,1771685532452000,0,-494.22092,12.354284,0.09402466,0.03957835,12.3671665,2.8593893e-05,8.09427e-06,0,0,0,1
1771685532652000,1771685532500000,0,1771685532500000,0,-494.29993,12.354216,0.10171509,0.04543181,12.367069,3.346293e-05,1.0484071e-05,0,0,0,1
1771685532708000,1771685532552000,0,1771685532556000,0,-494.3554,12.354284,0.07424927,0.0481465,12.3671665,1.7830935e-05,1.1176167e-05,0,0,0,1
1771685532756000,1771685532604000,0,1771685532604000,0,-494.39706,12.354216,0.044311523,0.047785234,12.367069,6.3507728e-06,1.0721601e-05,0,0,0,1
1771685532812000,1771685532656000,0,1771685532660000,0,-494.44833,12.354284,0.012145996,0.044427913,12.3671665,4.771512e-07,9.756544e-06,0,0,0,1
1771685532860000,1771685532708000,0,1771685532708000,0,-494.59375,12.354216,0.086120605,0.048355486,12.367069,2.3988736e-05,1.1097258e-05,0,0,0,1
1771685532916000,1771685532760000,0,1771685532764000,0,-494.63998,12.354284,0.048950195,0.04841151,12.3671665,7.749945e-06,1.0781931e-05,0,0,0,1
1771685532964000,1771685532812000,0,1771685532812000,0,-494.74286,12.354216,0.080444336,0.051429097,12.367069,2.0930718e-05,1.1737977e-05,0,0,0,1
1771685533020000,1771685532864000,0,1771685532868000,0,-494.78445,12.354284,0.03866577,0.050226755,12.3671665,4.8355196e-06,1.1087745e-05,0,0,0,1
1771685533068000,1771685532916000,0,1771685532916000,0,-494.9156,12.354216,0.0982666,0.05475225,12.367069,3.123238e-05,1.2985429e-05,0,0,0,1
1771685533124000,1771685532968000,0,1771685532972000,0,-494.93823,12.354284,0.03756714,0.05313336,12.3671665,4.5646343e-06,1.2192166e-05,0,0,0,1
1771685533172000,1771685533020000,0,1771685533020000,0,-495.02713,12.354216,0.054534912,0.053265393,12.367069,9.619277e-06,1.1949792e-05,0,0,0,1
1771685533228000,1771685533072000,0,1771685533076000,0,-495.0924,12.354284,0.036468506,0.051683076,12.3671665,4.3015575e-06,1.12293055e-05,0,0,0,1
1771685533276000,1771685533124000,0,1771685533124000,0,-495.16718,12.354216,0.03967285,0.05055168,12.367069,5.0907297e-06,1.0651034e-05,0,0,0,1
1771685533332000,1771685533176000,0,1771685533180000,0,-495.195,12.354284,-0.0,0.044277396,12.3671665,8.3341513e-07,9.569166e-06,0,0,0,1
1771685533380000,1771685533228000,0,1771685533228000,0,-495.34073,12.354216,0.0579834,0.04556854,12.367069,1.0874281e-05,9.692111e-06,0,0,0,1
1771685533436000,1771685533280000,0,1771685533284000,0,-495.39188,12.354284,0.0256958,0.04369647,12.3671665,2.1355713e-06,8.980263e-06,0,0,0,1
1771685533484000,1771685533332000,0,1771685533332000,0,-495.4386,12.354216,0.0010375977,0.03967788,12.367069,3.4821797e-09,8.134624e-06,0,0,0,1
1771685533540000,1771685533384000,0,1771685533388000,0,-495.59354,12.354284,0.072753906,0.04279374,12.3671665,1.7119946e-05,8.981067e-06,0,0,0,1
1771685533588000,1771685533436000,0,1771685533436000,0,-495.64923,12.354216,0.056640625,0.044098157,12.367069,1.0376461e-05,9.112518e-06,0,0,0,1
1771685533644000,1771685533488000,0,1771685533492000,0,-495.70044,12.354284,0.024108887,0.04221511,12.3671665,1.8799404e-06,8.431188e-06,0,0,0,1
1771685533692000,1771685533540000,0,1771685533540000,0,-495.8035,12.354216,0.055541992,0.04347054,12.367069,9.97783e-06,8.576886e-06,0,0,0,1
1771685533748000,1771685533592000,0,1771685533596000,0,-495.88287,12.354284,0.051513672,0.044228226,12.3671665,8.582914e-06,8.577454e-06,0,0,0,1
1771685533796000,1771685533644000,0,1771685533644000,0,-495.92938,12.354216,0.026245117,0.042534165,12.367069,2.227872e-06,7.979304e-06,0,0,0,1
1771685533852000,1771685533696000,0,1771685533700000,0,-496.01834,12.354284,0.031921387,0.04153441,12.3671665,3.2957425e-06,7.5380995e-06,0,0,0,1
1771685533900000,1771685533748000,0,1771685533748000,0,-496.0979,12.354216,0.03982544,0.04137342,12.367069,5.1299644e-06,7.311246e-06,0,0,0,1
1771685533956000,1771685533800000,0,1771685533804000,0,-496.2478,12.354284,0.106170654,0.04747751,12.3671665,3.6458496e-05,1.0057001e-05,0,0,0,1
1771685534004000,1771685533852000,0,1771685533852000,0,-496.29855,12.354216,0.08477783,0.050991308,12.367069,2.3246514e-05,1.1299492e-05,0,0,0,1
1771685534060000,1771685533904000,0,1771685533908000,0,-496.3683,12.354284,0.07052612,0.052831545,12.3671665,1.6087546e-05,1.1750541e-05,0,0,0,1
1771685534108000,1771685533956000,0,1771685533956000,0,-496.424,12.354216,0.05404663,0.05294601,12.367069,9.447795e-06,1.1533615e-05,0,0,0,1
1771685534164000,1771685534008000,0,1771685534012000,0,-496.49866,12.354284,0.044647217,0.052164238,12.3671665,6.44731e-06,1.1054471e-05,0,0,0,1
1771685534212000,1771685534060000,0,1771685534060000,0,-496.54996,12.354216,0.023742676,0.049486846,12.367069,1.8232764e-06,1.01848655e-05,0,0,0,1
1771685534268000,1771685534112000,0,1771685534116000,0,-496.62015,12.354284,0.0101623535,0.045782365,12.3671665,3.3402455e-07,9.256888e-06,0,0,0,1
1771685534316000,1771685534164000,0,1771685534164000,0,-496.69522,12.354216,0.013549805,0.042745963,12.367069,5.938261e-07,8.440802e-06,0,0,0,1
1771685534372000,1771685534216000,0,1771685534220000,0,-496.83594,12.354284,0.07015991,0.04532844,12.3671665,1.5920908e-05,9.145449e-06,0,0,0,1
1771685534420000,1771685534268000,0,1771685534268000,0,-496.8729,12.354216,0.034729004,0.04432994,12.367069,3.901017e-06,8.651408e-06,0,0,0,1
1771685534476000,1771685534320000,0,1771685534324000,0,-496.93365,12.354284,0.01171875,0.041257873,12.3671665,4.441732e-07,7.878263e-06,0,0,0,1
1771685534524000,1771685534372000,0,1771685534372000,0,-496.9899,12.354216,-0.0,0.03697166,12.367069,5.8199994e-08,7.1306254e-06,0,0,0,1
1771685534580000,1771685534424000,0,1771685534428000,0,-497.1073,12.354284,0.028961182,0.03621705,12.3671665,2.7128285e-06,6.714456e-06,0,0,0,1
1771685534628000,1771685534476000,0,1771685534476000,0,-497.1963,12.354216,0.045562744,0.03709744,12.367069,6.714489e-06,6.7144592e-06,0,0,0,1
1771685534684000,1771685534528000,0,1771685534532000,0,-497.28976,12.354284,0.05517578,0.03880047,12.3671665,9.846611e-06,7.009517e-06,0,0,0,1
1771685534732000,1771685534580000,0,1771685534580000,0,-497.402,12.354216,0.09524536,0.04411774,12.367069,2.9341403e-05,9.113246e-06,0,0,0,1
1771685534788000,1771685534632000,0,1771685534636000,0,-497.4012,12.354284,0.010406494,0.040942043,12.3671665,3.5026656e-07,8.287748e-06,0,0,0,1
1771685534836000,1771685534684000,0,1771685534684000,0,-497.53726,12.354216,0.074523926,0.044105552,12.367069,1.7963239e-05,9.199207e-06,0,0,0,1
1771685534892000,1771685534736000,0,1771685534740000,0,-497.5695,12.354284,0.023040771,0.042121187,12.3671665,1.7170535e-06,8.494367e-06,0,0,0,1
1771685534940000,1771685534788000,0,1771685534788000,0,-497.63504,12.354216,0.016845703,0.039740164,12.367069,9.1784955e-07,7.780637e-06,0,0,0,1
1771685534996000,1771685534840000,0,1771685534844000,0,-497.7194,12.354284,0.017364502,0.037632313,12.3671665,9.752466e-07,7.13955e-06,0,0,0,1
1771685535044000,1771685534892000,0,1771685534892000,0,-497.7709,12.354216,-0.0,0.03378538,12.367069,3.3210235e-08,6.463855e-06,0,0,0,1
1771685535100000,1771685534944000,0,1771685534948000,0,-497.91177,12.354284,0.053955078,0.035685424,12.3671665,9.415739e-06,6.741931e-06,0,0,0,1
1771685535148000,1771685534996000,0,1771685534996000,0,-497.98645,12.354216,0.056793213,0.03767384,12.367069,1.04324445e-05,7.089588e-06,0,0,0,1
1771685535204000,1771685535048000,0,1771685535052000,0,-498.01416,12.354284,0.0004272461,0.0341651,12.3671665,5.903995e-10,6.421784e-06,0,0,0,1
1771685535252000,1771685535100000,0,1771685535100000,0,-498.04703,12.354216,-0.0,0.027307095,12.367069,4.8279276e-06,5.3620283e-06,0,0,0,1
1771685535308000,1771685535152000,0,1771685535156000,0,-498.11774,12.354284,-0.0,0.019847453,12.3671665,8.70538e-06,4.0368377e-06,0,0,0,1
1771685535356000,1771685535204000,0,1771685535204000,0,-498.24966,12.354216,0.007537842,0.018687852,12.367069,1.8377534e-07,3.673868e-06,0,0,0,1
1771685535412000,1771685535256000,0,1771685535260000,0,-498.3388,12.354284,0.011016846,0.01796522,12.3671665,3.9255843e-07,3.364759e-06,0,0,0,1
1771685535460000,1771685535308000,0,1771685535308000,0,-498.45135,12.354216,0.048583984,0.020849597,12.367069,7.63448e-06,3.7669793e-06,0,0,0,1
1771685535516000,1771685535360000,0,1771685535364000,0,-498.54016,12.354284,0.04727173,0.023338638,12.3671665,7.227577e-06,4.0929776e-06,0,0,0,1
1771685535564000,1771685535412000,0,1771685535412000,0,-498.59613,12.354216,0.023254395,0.023330702,12.367069,1.7490543e-06,3.8721732e-06,0,0,0,1
1771685535620000,1771685535464000,0,1771685535468000,0,-498.7227,12.354284,0.052947998,0.026120737,12.3671665,9.067528e-06,4.3615905e-06,0,0,0,1
1771685535668000,1771685535516000,0,1771685535516000,0,-498.7551,12.354216,-0.0,0.023593966,12.367069,1.5934888e-09,3.9505658e-06,0,0,0,1
1771685535724000,1771685535568000,0,1771685535572000,0,-498.88187,12.354284,0.020629883,0.02331474,12.3671665,1.3765224e-06,3.7080833e-06,0,0,0,1
1771685535772000,1771685535620000,0,1771685535620000,0,-499.00375,12.354216,0.04788208,0.025629055,12.367069,7.415479e-06,4.057331e-06,0,0,0,1
1771685535828000,1771685535672000,0,1771685535676000,0,-499.1677,12.354284,0.09509277,0.03217274,12.3671665,2.9247234e-05,6.430293e-06,0,0,0,1
1771685535876000,1771685535724000,0,1771685535724000,0,-499.2467,12.354216,0.069000244,0.035641998,12.367069,1.539907e-05,7.2751777e-06,0,0,0,1
1771685535932000,1771685535776000,0,1771685535780000,0,-499.41983,12.354284,0.11294556,0.042924218,12.3671665,4.125989e-05,1.0476636e-05,0,0,0,1
1771685535980000,1771685535828000,0,1771685535828000,0,-499.46115,12.354216,0.03842163,0.04250006,12.367069,4.7746857e-06,9.939496e-06,0,0,0,1
1771685536036000,1771685535880000,0,1771685535884000,0,-499.62045,12.354284,0.056396484,0.043809142,12.3671665,1.0287121e-05,9.972243e-06,0,0,0,1
1771685536084000,1771685535932000,0,1771685535932000,0,-499.79837,12.354216,0.10888672,0.04993964,12.367069,3.8348026e-05,1.2645324e-05,0,0,0,1
1771685536140000,1771685535984000,0,1771685535988000,0,-499.91013,12.354284,0.06976318,0.051807076,12.3671665,1.5741363e-05,1.293698e-05,0,0,0,1
1771685536188000,1771685536036000,0,1771685536036000,0,-500.09735,12.354216,0.12466431,0.05867044,12.367069,5.026636e-05,1.6453516e-05,0,0,0,1
1771685536244000,1771685536088000,0,1771685536092000,0,-500.17145,12.354284,0.040649414,0.056972805,12.3671665,5.344393e-06,1.5407004e-05,0,0,0,1
1771685536292000,1771685536140000,0,1771685536140000,0,-500.36826,12.354216,0.10028076,0.061052542,12.367069,3.2525833e-05,1.7019647e-05,0,0,0,1
1771685536348000,1771685536192000,0,1771685536196000,0,-500.52707,12.354284,0.09649658,0.06439147,12.3671665,3.0117133e-05,1.8253468e-05,0,0,0,1
1771685536396000,1771685536244000,0,1771685536244000,0,-500.69058,12.354216,0.11907959,0.06954325,12.367069,4.586357e-05,2.0854419e-05,0,0,0,1
1771685536452000,1771685536296000,0,1771685536300000,0,-500.88205,12.354284,0.14486694,0.07663896,12.3671665,6.787789e-05,2.5284167e-05,0,0,0,1
1771685536500000,1771685536348000,0,1771685536348000,0,-501.04047,12.354216,0.16049194,0.084538154,12.367069,8.3310486e-05,3.0750416e-05,0,0,0,1
1771685536556000,1771685536400000,0,1771685536404000,0,-501.1659,12.354284,0.11959839,0.08784093,12.3671665,4.6263707e-05,3.2211814e-05,0,0,0,1
1771685536604000,1771685536452000,0,1771685536452000,0,-501.30573,12.354216,0.11709595,0.09059684,12.367069,4.4348297e-05,3.3355107e-05,0,0,0,1
1771685536660000,1771685536504000,0,1771685536508000,0,-501.48315,12.354284,0.1282959,0.094148204,12.3671665,5.3237214e-05,3.522806e-05,0,0,0,1
1771685536708000,1771685536556000,0,1771685536556000,0,-501.60413,12.354216,0.106781006,0.09533825,12.367069,3.6879177e-05,3.53836e-05,0,0,0,1
1771685536764000,1771685536608000,0,1771685536612000,0,-501.76758,12.354284,0.104278564,0.096180454,12.3671665,3.5170608e-05,3.5363537e-05,0,0,0,1
1771685536812000,1771685536660000,0,1771685536660000,0,-501.8606,12.354216,0.05517578,0.09231769,12.367069,9.846688e-06,3.2959775e-05,0,0,0,1
1771685536868000,1771685536712000,0,1771685536716000,0,-502.0714,12.354284,0.1003418,0.093073584,12.3671665,3.256518e-05,3.2922602e-05,0,0,0,1
1771685536916000,1771685536764000,0,1771685536764000,0,-502.2208,12.354216,0.107666016,0.09444823,12.367069,3.7493024e-05,3.335315e-05,0,0,0,1
1771685536972000,1771685536816000,0,1771685536820000,0,-502.35135,12.354284,0.0725708,0.09238731,12.3671665,1.703388e-05,3.1815827e-05,0,0,0,1
1771685537020000,1771685536868000,0,1771685536868000,0,-502.51505,12.354216,0.09429932,0.09256743,12.367069,2.8761418e-05,3.1528092e-05,0,0,0,1
1771685537076000,1771685536920000,0,1771685536924000,0,-502.71616,12.354284,0.12963867,0.09605965,12.3671665,5.435743e-05,3.3678683e-05,0,0,0,1
1771685537124000,1771685536972000,0,1771685536972000,0,-502.82303,12.354216,0.09411621,0.095876575,12.367069,2.864983e-05,3.320495e-05,0,0,0,1
1771685537180000,1771685537024000,0,1771685537028000,0,-503.02884,12.354284,0.13424683,0.099491164,12.3671665,5.8290505e-05,3.5568082e-05,0,0,0,1
1771685537228000,1771685537076000,0,1771685537076000,0,-503.1169,12.354216,0.080078125,0.0976624,12.367069,2.0740585e-05,3.4171288e-05,0,0,0,1
1771685537284000,1771685537128000,0,1771685537132000,0,-503.30402,12.354284,0.10144043,0.098018296,12.3671665,3.3282195e-05,3.4087534e-05,0,0,0,1
1771685537332000,1771685537180000,0,1771685537180000,0,-503.45343,12.354216,0.10888672,0.09904213,12.367069,3.8348026e-05,3.4488883e-05,0,0,0,1
1771685537388000,1771685537232000,0,1771685537236000,0,-503.60275,12.354284,0.09240723,0.0984171,12.3671665,2.7618598e-05,3.3841683e-05,0,0,0,1
1771685537436000,1771685537284000,0,1771685537284000,0,-503.79443,12.354216,0.14181519,0.102505326,12.367069,6.5048705e-05,3.6781476e-05,0,0,0,1
1771685537492000,1771685537336000,0,1771685537340000,0,-503.9294,12.354284,0.11074829,0.10328184,12.3671665,3.967015e-05,3.7053596e-05,0,0,0,1
1771685537540000,1771685537388000,0,1771685537388000,0,-504.1069,12.354216,0.14590454,0.107297026,12.367069,6.885426e-05,4.004931e-05,0,0,0,1
1771685537596000,1771685537440000,0,1771685537444000,0,-504.24182,12.354284,0.114593506,0.10798438,12.3671665,4.2472693e-05,4.0277602e-05,0,0,0,1
1771685537644000,1771685537492000,0,1771685537492000,0,-504.3864,12.354216,0.11682129,0.10881684,12.367069,4.4140495e-05,4.06415e-05,0,0,0,1
1771685537700000,1771685537544000,0,1771685537548000,0,-504.5544,12.354284,0.118927,0.10976925,12.3671665,4.5745746e-05,4.1122334e-05,0,0,0,1
1771685537748000,1771685537596000,0,1771685537596000,0,-504.72717,12.354216,0.14929199,0.11349241,12.367069,7.2088544e-05,4.403944e-05,0,0,0,1
1771685537804000,1771685537648000,0,1771685537652000,0,-504.86203,12.354284,0.11785889,0.11390374,12.3671665,4.4927725e-05,4.412312e-05,0,0,0,1
1771685537852000,1771685537700000,0,1771685537700000,0,-505.03476,12.354216,0.14788818,0.11710517,12.367069,7.07392e-05,4.6630434e-05,0,0,0,1
1771685537908000,1771685537752000,0,1771685537756000,0,-505.1509,12.354284,0.09799194,0.11530465,12.3671665,3.105779e-05,4.5163444e-05,0,0,0,1
1771685537956000,1771685537804000,0,1771685537804000,0,-505.37073,12.354216,0.17523193,0.120949976,12.367069,9.9316116e-05,5.026478e-05,0,0,0,1
1771685538012000,1771685537856000,0,1771685537860000,0,-505.5007,12.354284,0.13882446,0.12263381,12.3671665,6.2333536e-05,5.1401694e-05,0,0,0,1
1771685538060000,1771685537908000,0,1771685537908000,0,-505.68735,12.354216,0.1824646,0.12827004,12.367069,0.000107683816,5.6703633e-05,0,0,0,1
1771685538116000,1771685537960000,0,1771685537964000,0,-505.7985,12.354284,0.12738037,0.12818624,12.3671665,5.2480118e-05,5.6305766e-05,0,0,0,1
1771685538164000,1771685538012000,0,1771685538012000,0,-505.9711,12.354216,0.15731812,0.13093054,12.367069,8.0048034e-05,5.8542355e-05,0,0,0,1
1771685538220000,1771685538064000,0,1771685538068000,0,-506.14822,12.354284,0.16833496,0.13445415,12.3671665,9.165126e-05,6.166131e-05,0,0,0,1
1771685538268000,1771685538116000,0,1771685538116000,0,-506.28766,12.354216,0.16525269,0.13735546,12.367069,8.832634e-05,6.417323e-05,0,0,0,1
1771685538324000,1771685538168000,0,1771685538172000,0,-506.40363,12.354284,0.114990234,0.13524859,12.3671665,4.2767286e-05,6.215673e-05,0,0,0,1
1771685538372000,1771685538220000,0,1771685538220000,0,-506.5576,12.354216,0.1262207,0.13439813,12.367069,5.1529318e-05,6.1155595e-05,0,0,0,1
1771685538428000,1771685538272000,0,1771685538276000,0,-506.7631,12.354284,0.16549683,0.13732772,12.3671665,8.8586814e-05,6.3739695e-05,0,0,0,1
1771685538476000,1771685538324000,0,1771685538324000,0,-506.8979,12.354216,0.15740967,0.1392195,12.367069,8.014123e-05,6.528477e-05,0,0,0,1
1771685538532000,1771685538376000,0,1771685538380000,0,-507.01392,12.354284,0.106933594,0.13617806,12.3671665,3.698436e-05,6.261878e-05,0,0,0,1
1771685538580000,1771685538428000,0,1771685538428000,0,-507.18674,12.354216,0.13674927,0.13623187,12.367069,6.0484377e-05,6.241772e-05,0,0,0,1
1771685538636000,1771685538480000,0,1771685538484000,0,-507.39215,12.354284,0.17578125,0.13995753,12.3671665,9.9938974e-05,6.595233e-05,0,0,0,1
1771685538684000,1771685538532000,0,1771685538532000,0,-507.49866,12.354216,0.13928223,0.13989392,12.367069,6.274579e-05,6.565026e-05,0,0,0,1
1771685538740000,1771685538584000,0,1771685538588000,0,-507.6759,12.354284,0.14984131,0.140831,12.3671665,7.261944e-05,6.630678e-05,0,0,0,1
1771685538788000,1771685538636000,0,1771685538636000,0,-507.86243,12.354216,0.19335938,0.14577933,12.367069,0.00012092711,7.1452174e-05,0,0,0,1
1771685538844000,1771685538688000,0,1771685538692000,0,-507.9547,12.354284,0.11917114,0.14327276,12.3671665,4.5933757e-05,6.904826e-05,0,0,0,1
1771685538892000,1771685538740000,0,1771685538740000,0,-508.10864,12.354216,0.13031006,0.14205164,12.367069,5.4922348e-05,6.771756e-05,0,0,0,1
1771685538948000,1771685538792000,0,1771685538796000,0,-508.31882,12.354284,0.1741333,0.14507382,12.3671665,9.80739e-05,7.057722e-05,0,0,0,1
1771685538996000,1771685538844000,0,1771685538844000,0,-508.40656,12.354216,0.11898804,0.14261647,12.367069,4.5793076e-05,6.824248e-05,0,0,0,1
1771685539052000,1771685538896000,0,1771685538900000,0,-508.5652,12.354284,0.111572266,0.13969201,12.3671665,4.0262643e-05,6.56067e-05,0,0,0,1
1771685539100000,1771685538948000,0,1771685538948000,0,-508.72855,12.354216,0.13208008,0.13897495,12.367069,5.6424517e-05,6.474171e-05,0,0,0,1
1771685539156000,1771685539000000,0,1771685539004000,0,-508.87302,12.354284,0.10998535,0.13624404,12.3671665,3.912546e-05,6.232859e-05,0,0,0,1
1771685539204000,1771685539052000,0,1771685539052000,0,-509.03638,12.354216,0.1302185,0.13567641,12.367069,5.4845197e-05,6.162363e-05,0,0,0,1
1771685539260000,1771685539104000,0,1771685539108000,0,-509.21838,12.354284,0.14572144,0.13662268,12.3671665,6.8681e-05,6.2288455e-05,0,0,0,1
1771685539308000,1771685539156000,0,1771685539156000,0,-509.30637,12.354216,0.09088135,0.13231371,12.367069,2.6714233e-05,5.8937258e-05,0,0,0,1
1771685539364000,1771685539208000,0,1771685539212000,0,-509.46054,12.354284,0.07888794,0.12728085,12.3671665,2.012848e-05,5.5281358e-05,0,0,0,1
1771685539412000,1771685539260000,0,1771685539260000,0,-509.67584,12.354216,0.1519165,0.1296016,12.367069,7.464541e-05,5.710551e-05,0,0,0,1
1771685539468000,1771685539312000,0,1771685539316000,0,-509.76846,12.354284,0.07839966,0.124778226,12.3671665,1.9880079e-05,5.3598767e-05,0,0,0,1
1771685539516000,1771685539364000,0,1771685539364000,0,-509.96033,12.354216,0.127594,0.12504348,12.367069,5.2656702e-05,5.3510023e-05,0,0,0,1
1771685539572000,1771685539416000,0,1771685539420000,0,-510.11884,12.354284,0.11993408,0.12456216,12.3671665,4.6523783e-05,5.2851898e-05,0,0,0,1
1771685539620000,1771685539468000,0,1771685539468000,0,-510.2493,12.354216,0.10769653,0.12297337,12.367069,3.7514284e-05,5.140705e-05,0,0,0,1
1771685539676000,1771685539520000,0,1771685539524000,0,-510.4597,12.354284,0.15188599,0.12569702,12.3671665,7.4614836e-05,5.359329e-05,0,0,0,1
1771685539724000,1771685539572000,0,1771685539572000,0,-510.5711,12.354216,0.12020874,0.12518,12.367069,4.673748e-05,5.2947453e-05,0,0,0,1
1771685539780000,1771685539624000,0,1771685539628000,0,-510.7062,12.354284,0.08850098,0.12172473,12.3671665,2.5332958e-05,5.0346087e-05,0,0,0,1
1771685539828000,1771685539676000,0,1771685539676000,0,-510.8557,12.354216,0.09524536,0.1192303,12.367069,2.9341403e-05,4.8367383e-05,0,0,0,1
1771685539884000,1771685539728000,0,1771685539732000,0,-511.0615,12.354284,0.13464355,0.12068228,12.3671665,5.8635538e-05,4.9334674e-05,0,0,0,1
1771685539932000,1771685539780000,0,1771685539780000,0,-511.15424,12.354216,0.0843811,0.1172626,12.367069,2.3029452e-05,4.6856647e-05,0,0,0,1
1771685539988000,1771685539832000,0,1771685539836000,0,-511.34134,12.354284,0.10491943,0.11609984,12.3671665,3.5604233e-05,4.5796638e-05,0,0,0,1
1771685540036000,1771685539884000,0,1771685539884000,0,-511.52826,12.354216,0.14901733,0.119200766,12.367069,7.182353e-05,4.8248447e-05,0,0,0,1
1771685540092000,1771685539936000,0,1771685539940000,0,-511.68665,12.354284,0.14068604,0.12122474,12.3671665,6.401647e-05,4.973384e-05,0,0,0,1
1771685540140000,1771685539988000,0,1771685539988000,0,-511.8357,12.354216,0.14633179,0.123589896,12.367069,6.9258094e-05,5.1573083e-05,0,0,0,1
1771685540196000,1771685540040000,0,1771685540044000,0,-512.0129,12.354284,0.15652466,0.12669244,12.3671665,7.9241974e-05,5.4179574e-05,0,0,0,1
1771685540244000,1771685540092000,0,1771685540092000,0,-512.0867,12.354216,0.08679199,0.12293371,12.367069,2.436422e-05,5.137088e-05,0,0,0,1
1771685540300000,1771685540144000,0,1771685540148000,0,-512.27374,12.354284,0.10687256,0.121420704,12.3671665,3.694215e-05,5.001165e-05,0,0,0,1
1771685540348000,1771685540196000,0,1771685540196000,0,-512.42773,12.354216,0.117614746,0.121062174,12.367069,4.474214e-05,4.951525e-05,0,0,0,1
1771685540404000,1771685540248000,0,1771685540252000,0,-512.5817,12.354284,0.1048584,0.11953573,12.3671665,3.556282e-05,4.820089e-05,0,0,0,1
1771685540452000,1771685540300000,0,1771685540300000,0,-512.7123,12.354216,0.0927124,0.117008895,12.367069,2.7801541e-05,4.6279212e-05,0,0,0,1
1771685540508000,1771685540352000,0,1771685540356000,0,-512.86176,12.354284,0.0758667,0.11313318,12.3671665,1.8616249e-05,4.367328e-05,0,0,0,1
1771685540556000,1771685540404000,0,1771685540404000,0,-513.0254,12.354216,0.09674072,0.11158896,12.367069,3.0269961e-05,4.2410647e-05,0,0,0,1
1771685540612000,1771685540456000,0,1771685540460000,0,-513.19366,12.354284,0.09857178,0.11036271,12.3671665,3.142642e-05,4.13759e-05,0,0,0,1
1771685540660000,1771685540508000,0,1771685540508000,0,-513.3149,12.354216,0.0770874,0.10722808,12.367069,1.9220293e-05,3.9288778e-05,0,0,0,1
1771685540716000,1771685540560000,0,1771685540564000,0,-513.5067,12.354284,0.10241699,0.10677486,12.3671665,3.392609e-05,3.8783597e-05,0,0,0,1
1771685540764000,1771685540612000,0,1771685540612000,0,-513.6749,12.354216,0.12774658,0.108750455,12.367069,5.278272e-05,4.0102357e-05,0,0,0,1
1771685540820000,1771685540664000,0,1771685540668000,0,-513.81464,12.354284,0.10144043,0.10806183,12.3671665,3.3282195e-05,3.945988e-05,0,0,0,1
1771685540868000,1771685540716000,0,1771685540716000,0,-513.9875,12.354216,0.13165283,0.11028417,12.367069,5.6060067e-05,4.1023664e-05,0,0,0,1
1771685540924000,1771685540768000,0,1771685540772000,0,-514.12256,12.354284,0.10089111,0.10939932,12.3671665,3.292271e-05,4.0260533e-05,0,0,0,1
1771685540972000,1771685540820000,0,1771685540820000,0,-514.2391,12.354216,0.07507324,0.1061657,12.367069,1.822903e-05,3.8185102e-05,0,0,0,1
1771685541028000,1771685540872000,0,1771685540876000,0,-514.44507,12.354284,0.11529541,0.10702574,12.3671665,4.299459e-05,3.863817e-05,0,0,0,1
1771685541076000,1771685540924000,0,1771685540924000,0,-514.5943,12.354216,0.12237549,0.10847174,12.367069,4.843754e-05,3.95613e-05,0,0,0,1
1771685541132000,1771685540976000,0,1771685540980000,0,-514.7013,12.354284,0.06347656,0.10423306,12.3671665,1.3032165e-05,3.706218e-05,0,0,0,1
1771685541180000,1771685541028000,0,1771685541028000,0,-514.84155,12.354216,0.061523438,0.10020968,12.367069,1.2242621e-05,3.4724104e-05,0,0,0,1
1771685541236000,1771685541080000,0,1771685541084000,0,-515.0194,12.354284,0.07366943,0.097709514,12.3671665,1.755353e-05,3.3106586e-05,0,0,0,1
1771685541284000,1771685541132000,0,1771685541132000,0,-515.17847,12.354216,0.09075928,0.09705478,12.367069,2.6642518e-05,3.249765e-05,0,0,0,1
1771685541340000,1771685541184000,0,1771685541188000,0,-515.35144,12.354284,0.09814453,0.09715743,12.3671665,3.1154585e-05,3.237113e-05,0,0,0,1
1771685541388000,1771685541236000,0,1771685541236000,0,-515.48676,12.354216,0.0914917,0.096623704,12.367069,2.707426e-05,3.1872147e-05,0,0,0,1
1771685541444000,1771685541288000,0,1771685541292000,0,-515.6503,12.354284,0.089660645,0.09596776,12.3671665,2.6001206e-05,3.1319087e-05,0,0,0,1
1771685541492000,1771685541340000,0,1771685541340000,0,-515.7669,12.354216,0.06427002,0.09298174,12.367069,1.3360111e-05,2.96273e-05,0,0,0,1
1771685541548000,1771685541392000,0,1771685541396000,0,-515.96356,12.354284,0.095458984,0.09321511,12.3671665,2.9472936e-05,2.9612758e-05,0,0,0,1
1771685541596000,1771685541444000,0,1771685541444000,0,-516.09424,12.354216,0.08404541,0.092351295,12.367069,2.284658e-05,2.8975364e-05,0,0,0,1
1771685541652000,1771685541496000,0,1771685541500000,0,-516.2908,12.354284,0.11529541,0.0945127,12.3671665,4.299459e-05,3.0296016e-05,0,0,0,1
1771685541700000,1771685541548000,0,1771685541548000,0,-516.35547,12.354216,0.038024902,0.089191385,12.367069,4.6765913e-06,2.7882592e-05,0,0,0,1
1771685541756000,1771685541600000,0,1771685541604000,0,-516.5664,12.354284,0.083862305,0.08868937,12.3671665,2.2746959e-05,2.73988e-05,0,0,0,1
1771685541804000,1771685541652000,0,1771685541652000,0,-516.73944,12.354216,0.115112305,0.09117849,12.367069,4.2858475e-05,2.8855147e-05,0,0,0,1
1771685541860000,1771685541704000,0,1771685541708000,0,-516.86053,12.354284,0.07086182,0.0892646,12.3671665,1.6241058e-05,2.7666863e-05,0,0,0,1
1771685541908000,1771685541756000,0,1771685541756000,0,-517.0477,12.354216,0.11590576,0.09177428,12.367069,4.345135e-05,2.9153807e-05,0,0,0,1
1771685541964000,1771685541808000,0,1771685541812000,0,-517.1923,12.354284,0.09472656,0.09205239,12.3671665,2.90224e-05,2.9141429e-05,0,0,0,1
1771685542012000,1771685541860000,0,1771685541860000,0,-517.2948,12.354216,0.054870605,0.08854976,12.367069,9.738066e-06,2.7313576e-05,0,0,0,1
1771685542068000,1771685541912000,0,1771685541916000,0,-517.468,12.354284,0.06262207,0.0861073,12.3671665,1.268366e-05,2.5935395e-05,0,0,0,1
1771685542116000,1771685541964000,0,1771685541964000,0,-517.6272,12.354216,0.07940674,0.085476086,12.367069,2.0394258e-05,2.5413403e-05,0,0,0,1
1771685542172000,1771685542016000,0,1771685542020000,0,-517.78143,12.354284,0.0680542,0.083834894,12.3671665,1.497958e-05,2.4430507e-05,0,0,0,1
1771685542220000,1771685542068000,0,1771685542068000,0,-517.9404,12.354216,0.08514404,0.083958216,12.367069,2.3447781e-05,2.433793e-05,0,0,0,1
1771685542276000,1771685542120000,0,1771685542124000,0,-518.0431,12.354284,0.022338867,0.07815349,12.3671665,1.6140317e-06,2.2197273e-05,0,0,0,1
1771685542324000,1771685542172000,0,1771685542172000,0,-518.25885,12.354216,0.096191406,0.079852715,12.367069,2.9927178e-05,2.2925453e-05,0,0,0,1
1771685542380000,1771685542224000,0,1771685542228000,0,-518.39886,12.354284,0.07067871,0.0789885,12.3671665,1.6157233e-05,2.2287866e-05,0,0,0,1
1771685542428000,1771685542276000,0,1771685542276000,0,-518.5861,12.354216,0.11578369,0.08245471,12.367069,4.3359873e-05,2.4272911e-05,0,0,0,1
1771685542484000,1771685542328000,0,1771685542332000,0,-518.7166,12.354284,0.08062744,0.08228258,12.3671665,2.1025946e-05,2.3967037e-05,0,0,0,1
1771685542532000,1771685542380000,0,1771685542380000,0,-518.8661,12.354216,0.088012695,0.082822375,12.367069,2.505439e-05,2.406947e-05,0,0,0,1
1771685542588000,1771685542432000,0,1771685542436000,0,-518.9874,12.354284,0.0435791,0.079125546,12.3671665,6.142516e-06,2.2380698e-05,0,0,0,1
1771685542636000,1771685542484000,0,1771685542484000,0,-519.17487,12.354216,0.08862305,0.08002024,12.367069,2.5403091e-05,2.2665416e-05,0,0,0,1
1771685542692000,1771685542536000,0,1771685542540000,0,-519.2868,12.354284,0.035095215,0.07578817,12.3671665,3.9836905e-06,2.0905543e-05,0,0,0,1
1771685542740000,1771685542588000,0,1771685542588000,0,-519.479,12.354216,0.08508301,0.07666377,12.367069,2.3414175e-05,2.1141865e-05,0,0,0,1
1771685542796000,1771685542640000,0,1771685542644000,0,-519.63324,12.354284,0.073913574,0.07640469,12.3671665,1.7670067e-05,2.081481e-05,0,0,0,1
1771685542844000,1771685542692000,0,1771685542692000,0,-519.76874,12.354216,0.06756592,0.07557205,12.367069,1.4765514e-05,2.0244948e-05,0,0,0,1
1771685542900000,1771685542744000,0,1771685542748000,0,-519.9795,12.354284,0.11248779,0.079049625,12.3671665,4.092612e-05,2.2193175e-05,0,0,0,1
1771685542948000,1771685542796000,0,1771685542796000,0,-520.1194,12.354216,0.10961914,0.08192936,12.367069,3.8865655e-05,2.376377e-05,0,0,0,1
1771685543004000,1771685542848000,0,1771685542852000,0,-520.22644,12.354284,0.05041504,0.07896062,12.3671665,8.2207225e-06,2.229957e-05,0,0,0,1
1771685543052000,1771685542900000,0,1771685542900000,0,-520.3997,12.354216,0.08111572,0.07916363,12.367069,2.1281552e-05,2.2203669e-05,0,0,0,1
1771685543108000,1771685542952000,0,1771685542956000,0,-520.507,12.354284,0.022460938,0.07382207,12.3671665,1.6317196e-06,2.0265732e-05,0,0,0,1
1771685543156000,1771685543004000,0,1771685543004000,0,-520.68994,12.354216,0.06317139,0.07281875,12.367069,1.2907259e-05,1.9572542e-05,0,0,0,1
1771685543212000,1771685543056000,0,1771685543060000,0,-520.8678,12.354284,0.07501221,0.073025376,12.3671665,1.8199256e-05,1.9443174e-05,0,0,0,1
1771685543260000,1771685543108000,0,1771685543108000,0,-520.97516,12.354216,0.040222168,0.06993522,12.367069,5.2326795e-06,1.8104503e-05,0,0,0,1
1771685543316000,1771685543160000,0,1771685543164000,0,-521.15326,12.354284,0.051879883,0.068234354,12.3671665,8.70538e-06,1.721908e-05,0,0,0,1
1771685543364000,1771685543212000,0,1771685543212000,0,-521.2655,12.354216,0.020996094,0.063784376,12.367069,1.425838e-06,1.573131e-05,0,0,0,1
1771685543420000,1771685543264000,0,1771685543268000,0,-521.4343,12.354284,0.0234375,0.05998358,12.3671665,1.7766928e-06,1.4416744e-05,0,0,0,1
1771685543468000,1771685543316000,0,1771685543316000,0,-521.5562,12.354216,0.0026245117,0.05458019,12.367069,2.227872e-08,1.3060744e-05,0,0,0,1
1771685543524000,1771685543368000,0,1771685543372000,0,-521.7628,12.354284,0.043273926,0.053515106,12.3671665,6.0567877e-06,1.2400951e-05,0,0,0,1
1771685543572000,1771685543420000,0,1771685543420000,0,-521.93616,12.354216,0.07409668,0.05545395,12.367069,1.7757862e-05,1.2905588e-05,0,0,0,1
1771685543628000,1771685543472000,0,1771685543476000,0,-522.0716,12.354284,0.043273926,0.054306556,12.3671665,6.0567877e-06,1.2260411e-05,0,0,0,1
1771685543676000,1771685543524000,0,1771685543524000,0,-522.28723,12.354216,0.11627197,0.060143877,12.367069,4.3726355e-05,1.5224594e-05,0,0,0,1
1771685543732000,1771685543576000,0,1771685543580000,0,-522.46466,12.354284,0.12738037,0.06647775,12.3671665,5.2480118e-05,1.8734172e-05,0,0,0,1
1771685543780000,1771685543628000,0,1771685543628000,0,-522.5622,12.354216,0.08215332,0.067954436,12.367069,2.1829483e-05,1.902576e-05,0,0,0,1
1771685543836000,1771685543680000,0,1771685543684000,0,-522.7352,12.354284,0.088378906,0.06987848,12.3671665,2.5263122e-05,1.9613337e-05,0,0,0,1
1771685543884000,1771685543732000,0,1771685543732000,0,-522.819,12.354216,0.028625488,0.06599233,12.367069,2.6503242e-06,1.8015371e-05,0,0,0,1
1771685543940000,1771685543784000,0,1771685543788000,0,-522.9784,12.354284,0.021240234,0.061776556,12.3671665,1.4591784e-06,1.645573e-05,0,0,0,1
1771685543988000,1771685543836000,0,1771685543836000,0,-523.17065,12.354216,0.0703125,0.06258067,12.367069,1.5990361e-05,1.641189e-05,0,0,0,1
1771685544044000,1771685543888000,0,1771685543892000,0,-523.2969,12.354284,0.02960205,0.059473984,12.3671665,2.8342188e-06,1.5132834e-05,0,0,0,1
1771685544092000,1771685543940000,0,1771685543940000,0,-523.46094,12.354216,0.05041504,0.058620606,12.367069,8.220787e-06,1.44816995e-05,0,0,0,1
1771685544148000,1771685543992000,0,1771685543996000,0,-523.6108,12.354284,0.03314209,0.056220457,12.3671665,3.5526266e-06,1.3452149e-05,0,0,0,1
1771685544196000,1771685544044000,0,1771685544044000,0,-523.8124,12.354216,0.091430664,0.059537362,12.367069,2.7038148e-05,1.473199e-05,0,0,0,1
1771685544252000,1771685544096000,0,1771685544100000,0,-523.91956,12.354284,0.03186035,0.056930106,12.3671665,3.2831513e-06,1.3653476e-05,0,0,0,1
1771685544300000,1771685544148000,0,1771685544148000,0,-524.093,12.354216,0.06213379,0.05742031,12.367069,1.2486735e-05,1.3543566e-05,0,0,0,1
1771685544356000,1771685544200000,0,1771685544204000,0,-524.21924,12.354284,0.02142334,0.05402929,12.3671665,1.4844451e-06,1.2407561e-05,0,0,0,1
1771685544404000,1771685544252000,0,1771685544252000,0,-524.374,12.354216,0.03363037,0.05210765,12.367069,3.658108e-06,1.1583337e-05,0,0,0,1
1771685544460000,1771685544304000,0,1771685544308000,0,-524.5709,12.354284,0.064575195,0.05328213,12.3671665,1.34871825e-05,1.1762685e-05,0,0,0,1
1771685544508000,1771685544356000,0,1771685544356000,0,-524.71594,12.354216,0.06707764,0.054581705,12.367069,1.4552872e-05,1.2025529e-05,0,0,0,1
1771685544564000,1771685544408000,0,1771685544412000,0,-524.86566,12.354284,0.050231934,0.054171946,12.3671665,8.161116e-06,1.166149e-05,0,0,0,1
1771685544612000,1771685544460000,0,1771685544460000,0,-525.03424,12.354216,0.075683594,0.056198407,12.367069,1.8526642e-05,1.2308207e-05,0,0,0,1
1771685544668000,1771685544512000,0,1771685544516000,0,-525.1791,12.354284,0.053710938,0.05596408,12.3671665,9.330722e-06,1.2027719e-05,0,0,0,1
1771685544716000,1771685544564000,0,1771685544564000,0,-525.3289,12.354216,0.0602417,0.056367043,12.367069,1.1737825e-05,1.2000411e-05,0,0,0,1
1771685544772000,1771685544616000,0,1771685544620000,0,-525.43634,12.354284,0.00079345703,0.051131852,12.3671665,2.0362758e-09,1.0870129e-05,0,0,0,1
1771685544820000,1771685544668000,0,1771685544668000,0,-525.61945,12.354216,0.040771484,0.050155874,12.367069,5.3765816e-06,1.0352621e-05,0,0,0,1
1771685544876000,1771685544720000,0,1771685544724000,0,-525.76,12.354284,0.014526367,0.04679947,12.3671665,6.825018e-07,9.441667e-06,0,0,0,1
1771685544924000,1771685544772000,0,1771685544772000,0,-525.9711,12.354216,0.08251953,0.0501644,12.367069,2.2024533e-05,1.062701e-05,0,0,0,1
1771685544980000,1771685544824000,0,1771685544828000,0,-526.11127,12.354284,0.05596924,0.050711233,12.3671665,1.0131846e-05,1.0580364e-05,0,0,0,1
1771685545028000,1771685544876000,0,1771685544876000,0,-526.28455,12.354216,0.0859375,0.05402965,12.367069,2.3886836e-05,1.1833872e-05,0,0,0,1
1771685545084000,1771685544928000,0,1771685544932000,0,-526.36835,12.354284,0.003112793,0.049233135,12.3671665,3.133937e-08,1.0722039e-05,0,0,0,1
1771685545132000,1771685544980000,0,1771685544980000,0,-526.5655,12.354216,0.05718994,0.04998269,12.367069,1.0578705e-05,1.0708537e-05,0,0,0,1
1771685545188000,1771685545032000,0,1771685545036000,0,-526.6542,12.354284,-0.02166748,0.043233037,12.3671665,1.5184713e-06,9.5567175e-06,0,0,0,1
1771685545236000,1771685545084000,0,1771685545084000,0,-526.87506,12.354216,0.055480957,0.044386826,12.367069,9.955913e-06,9.594323e-06,0,0,0,1
1771685545292000,1771685545136000,0,1771685545140000,0,-527.02954,12.354284,0.04260254,0.04421874,12.3671665,5.870306e-06,9.24351e-06,0,0,0,1
1771685545340000,1771685545188000,0,1771685545188000,0,-527.1982,12.354216,0.06768799,0.04642961,12.367069,1.4818916e-05,9.76873e-06,0,0,0,1
1771685545396000,1771685545240000,0,1771685545244000,0,-527.31964,12.354284,0.021850586,0.044114195,12.3671665,1.5442441e-06,8.993959e-06,0,0,0,1
1771685545444000,1771685545292000,0,1771685545292000,0,-527.49316,12.354216,0.052001953,0.044857245,12.367069,8.746464e-06,8.970645e-06,0,0,0,1
1771685545500000,1771685545344000,0,1771685545348000,0,-527.68524,12.354284,0.07678223,0.04786467,12.3671665,1.9068266e-05,9.92187e-06,0,0,0,1
1771685545548000,1771685545396000,0,1771685545396000,0,-527.76447,12.354216,0.012451172,0.04452862,12.367069,5.014339e-07,9.034437e-06,0,0,0,1
1771685545604000,1771685545448000,0,1771685545452000,0,-527.93335,12.354284,0.014221191,0.04167357,12.3671665,6.541265e-07,8.244988e-06,0,0,0,1
1771685545652000,1771685545500000,0,1771685545500000,0,-528.11633,12.354216,0.053588867,0.042796027,12.367069,9.288431e-06,8.343283e-06,0,0,0,1
1771685545708000,1771685545552000,0,1771685545556000,0,-528.3084,12.354284,0.078308105,0.046141367,12.3671665,1.9833677e-05,9.425712e-06,0,0,0,1
1771685545756000,1771685545604000,0,1771685545604000,0,-528.4298,12.354216,0.05609131,0.04707868,12.367069,1.017617e-05,9.496407e-06,0,0,0,1
1771685545812000,1771685545656000,0,1771685545660000,0,-528.5702,12.354284,0.02935791,0.045409333,12.3671665,2.7876615e-06,8.864424e-06,0,0,0,1
1771685545860000,1771685545708000,0,1771685545708000,0,-528.7014,12.354216,0.016967773,0.042730056,12.367069,9.311999e-07,8.117091e-06,0,0,0,1
1771685545916000,1771685545760000,0,1771685545764000,0,-528.90784,12.354284,0.05657959,0.044034723,12.3671665,1.0354029e-05,8.327817e-06,0,0,0,1
1771685545964000,1771685545812000,0,1771685545812000,0,-529.0623,12.354216,0.068237305,0.046314675,12.367069,1.5060415e-05,8.962048e-06,0,0,0,1
1771685546020000,1771685545864000,0,1771685545868000,0,-529.2072,12.354284,0.04663086,0.04634446,12.3671665,7.032935e-06,8.78032e-06,0,0,0,1
1771685546068000,1771685545916000,0,1771685545916000,0,-529.3477,12.354216,0.043945312,0.046118453,12.367069,6.246235e-06,8.541602e-06,0,0,0,1
1771685546124000,1771685545968000,0,1771685545972000,0,-529.4647,12.354284,-0.0059814453,0.04121049,12.3671665,1.157183e-07,7.726057e-06,0,0,0,1
1771685546172000,1771685546020000,0,1771685546020000,0,-529.662,12.354216,0.048034668,0.04185335,12.367069,7.462817e-06,7.701259e-06,0,0,0,1
1771685546228000,1771685546072000,0,1771685546076000,0,-529.76013,12.354284,-0.020751953,0.03595575,12.3671665,1.3928609e-06,6.8445665e-06,0,0,0,1
1771685546276000,1771685546124000,0,1771685546124000,0,-530.00916,12.354216,0.08514404,0.04058943,12.367069,2.3447781e-05,8.408638e-06,0,0,0,1
1771685546332000,1771685546176000,0,1771685546180000,0,-530.1587,12.354284,0.06768799,0.043142192,12.3671665,1.4818798e-05,9.012493e-06,0,0,0,1
1771685546380000,1771685546228000,0,1771685546228000,0,-530.2379,12.354216,0.0036621094,0.039423052,12.367069,4.337663e-08,8.167576e-06,0,0,0,1
1771685546436000,1771685546280000,0,1771685546284000,0,-530.42566,12.354284,0.024719238,0.03803791,12.3671665,1.9763322e-06,7.584343e-06,0,0,0,1
1771685546484000,1771685546332000,0,1771685546332000,0,-530.58984,12.354216,0.046081543,0.038795646,12.367069,6.868268e-06,7.516887e-06,0,0,0,1
1771685546540000,1771685546384000,0,1771685546388000,0,-530.7632,12.354284,0.0524292,0.040079966,12.3671665,8.890705e-06,7.646305e-06,0,0,0,1
1771685546588000,1771685546436000,0,1771685546436000,0,-530.87537,12.354216,0.021057129,0.03828796,12.367069,1.4341399e-06,7.061101e-06,0,0,0,1
1771685546644000,1771685546488000,0,1771685546492000,0,-531.0442,12.354284,0.022766113,0.036825757,12.3671665,1.6763611e-06,6.553843e-06,0,0,0,1
1771685546692000,1771685546540000,0,1771685546540000,0,-531.1802,12.354216,0.015380859,0.034805585,12.367069,7.651638e-07,6.0085326e-06,0,0,0,1
1771685546748000,1771685546592000,0,1771685546596000,0,-531.3913,12.354284,0.059387207,0.037121244,12.3671665,1.1407109e-05,6.5170943e-06,0,0,0,1
1771685546796000,1771685546644000,0,1771685546644000,0,-531.47534,12.354216,6.1035156e-05,0.033630066,12.367069,1.2049064e-11,5.9031663e-06,0,0,0,1
1771685546852000,1771685546696000,0,1771685546700000,0,-531.64435,12.354284,0.0018310547,0.030634506,12.3671665,1.0844072e-08,5.3480926e-06,0,0,0,1
1771685546900000,1771685546748000,0,1771685546748000,0,-531.7993,12.354216,0.01373291,0.029042326,12.367069,6.099839e-07,4.901749e-06,0,0,0,1
1771685546956000,1771685546800000,0,1771685546804000,0,-531.93066,12.354284,-0.02142334,0.024288313,12.3671665,1.4844451e-06,4.300151e-06,0,0,0,1
1771685547004000,1771685546852000,0,1771685546852000,0,-532.1233,12.354216,0.028442383,0.024679638,12.367069,2.6165267e-06,4.1415487e-06,0,0,0,1
1771685547060000,1771685546904000,0,1771685546908000,0,-532.2451,12.354284,-0.016052246,0.020842576,12.3671665,8.3341513e-07,3.6728927e-06,0,0,0,1
1771685547108000,1771685546956000,0,1771685546956000,0,-532.419,12.354216,0.015014648,0.02029357,12.367069,7.291612e-07,3.3955846e-06,0,0,0,1
1771685547164000,1771685547008000,0,1771685547012000,0,-532.555,12.354284,-0.01550293,0.016921435,12.3671665,7.773513e-07,3.002482e-06,0,0,0,1
1771685547212000,1771685547060000,0,1771685547060000,0,-532.7664,12.354216,0.052978516,0.020318117,12.367069,9.078054e-06,3.5748185e-06,0,0,0,1
1771685547268000,1771685547112000,0,1771685547116000,0,-532.85986,12.354284,-0.020141602,0.016506694,12.3671665,1.3121328e-06,3.1144534e-06,0,0,0,1
1771685547316000,1771685547164000,0,1771685547164000,0,-533.0291,12.354216,0.00592041,0.015509436,12.367069,1.13369644e-07,2.8317427e-06,0,0,0,1
1771685547372000,1771685547216000,0,1771685547220000,0,-533.17926,12.354284,-0.011169434,0.012996209,12.3671665,4.0350793e-07,2.5269726e-06,0,0,0,1
1771685547420000,1771685547268000,0,1771685547268000,0,-533.3483,12.354216,0.0146484375,0.013151853,12.367069,6.940261e-07,2.3543037e-06,0,0,0,1
1771685547476000,1771685547320000,0,1771685547324000,0,-533.5407,12.354284,0.040161133,0.015696205,12.3671665,5.2167698e-06,2.6239563e-06,0,0,0,1
1771685547524000,1771685547372000,0,1771685547372000,0,-533.6954,12.354216,0.051574707,0.019076064,12.367069,8.603333e-06,3.187231e-06,0,0,0,1
1771685547580000,1771685547424000,0,1771685547428000,0,-533.77,12.354284,-0.04095459,0.013421003,12.3671665,5.42494e-06,2.3759394e-06,0,0,0,1
1771685547628000,1771685547476000,0,1771685547476000,0,-533.9863,12.354216,0.032104492,0.015181042,12.367069,3.333687e-06,2.466162e-06,0,0,0,1
1771685547684000,1771685547528000,0,1771685547532000,0,-534.1739,12.354284,0.052490234,0.018695677,12.3671665,8.911417e-06,3.0733238e-06,0,0,0,1
1771685547732000,1771685547580000,0,1771685547580000,0,-534.32837,12.354216,0.06323242,0.022891168,12.367069,1.29322125e-05,4.0020595e-06,0,0,0,1
1771685547788000,1771685547632000,0,1771685547636000,0,-534.41705,12.354284,-0.015625,0.019262832,12.3671665,7.8964126e-07,3.5506673e-06,0,0,0,1
1771685547836000,1771685547684000,0,1771685547684000,0,-534.5674,12.354216,-0.008728027,0.016626012,12.367069,2.4639132e-07,3.1929733e-06,0,0,0,1
1771685547892000,1771685547736000,0,1771685547740000,0,-534.75525,12.354284,0.011779785,0.016169483,12.3671665,4.4881205e-07,2.9344653e-06,0,0,0,1
1771685547940000,1771685547788000,0,1771685547788000,0,-534.9524,12.354216,0.06549072,0.020815687,12.367069,1.3872437e-05,3.964854e-06,0,0,0,1
1771685547996000,1771685547840000,0,1771685547844000,0,-535.10675,12.354284,0.05267334,0.023816772,12.3671665,8.973699e-06,4.4367016e-06,0,0,0,1
1771685548044000,1771685547892000,0,1771685547892000,0,-535.24243,12.354216,0.044799805,0.025793435,12.367069,6.4915057e-06,4.6302703e-06,0,0,0,1
1771685548100000,1771685547944000,0,1771685547948000,0,-535.36414,12.354284,-0.0009765625,0.023271624,12.3671665,3.0845362e-09,4.1937947e-06,0,0,0,1
1771685548148000,1771685547996000,0,1771685547996000,0,-535.56134,12.354216,0.05230713,0.026006853,12.367069,8.8494235e-06,4.6323685e-06,0,0,0,1
1771685548204000,1771685548048000,0,1771685548052000,0,-535.7675,12.354284,0.09106445,0.032135468,12.3671665,2.6821777e-05,6.722675e-06,0,0,0,1
1771685548252000,1771685548100000,0,1771685548100000,0,-535.8606,12.354216,0.040283203,0.03290301,12.367069,5.2485725e-06,6.5838103e-06,0,0,0,1
1771685548308000,1771685548152000,0,1771685548156000,0,-536.0199,12.354284,0.031921387,0.032810535,12.3671665,3.2957425e-06,6.2740646e-06,0,0,0,1
1771685548356000,1771685548204000,0,1771685548204000,0,-536.16516,12.354216,0.03338623,0.032864768,12.367069,3.6051886e-06,6.022649e-06,0,0,0,1
1771685548412000,1771685548256000,0,1771685548260000,0,-536.2776,12.354284,-0.02178955,0.027716173,12.3671665,1.535629e-06,5.3106373e-06,0,0,0,1
1771685548460000,1771685548308000,0,1771685548308000,0,-536.4938,12.354216,0.05102539,0.029911969,12.367069,8.421043e-06,5.6036465e-06,0,0,0,1
1771685548516000,1771685548360000,0,1771685548364000,0,-536.5966,12.354284,-0.013549805,0.025817744,12.3671665,5.938214e-07,5.019827e-06,0,0,0,1
1771685548564000,1771685548412000,0,1771685548412000,0,-536.79395,12.354216,0.04046631,0.027197681,12.367069,5.296395e-06,5.0458802e-06,0,0,0,1
1771685548620000,1771685548464000,0,1771685548468000,0,-536.9391,12.354284,0.018432617,0.026371988,12.3671665,1.0989141e-06,4.6740647e-06,0,0,0,1
1771685548668000,1771685548516000,0,1771685548516000,0,-537.15497,12.354216,0.09075928,0.03243746,12.367069,2.6642518e-05,6.7435567e-06,0,0,0,1
1771685548724000,1771685548568000,0,1771685548572000,0,-537.28094,12.354284,0.04937744,0.034033254,12.3671665,7.885821e-06,6.8511613e-06,0,0,0,1
1771685548772000,1771685548620000,0,1771685548620000,0,-537.3979,12.354216,0.022644043,0.032960355,12.367069,1.6584453e-06,6.3619923e-06,0,0,0,1
1771685548828000,1771685548672000,0,1771685548676000,0,-537.5479,12.354284,0.0052490234,0.030349867,12.3671665,8.9114174e-08,5.771069e-06,0,0,0,1
1771685548876000,1771685548724000,0,1771685548724000,0,-537.6652,12.354216,-0.02142334,0.025472682,12.367069,1.4844568e-06,5.0875774e-06,0,0,0,1
1771685548932000,1771685548776000,0,1771685548780000,0,-537.8861,12.354284,0.031677246,0.02605717,12.3671665,3.2455225e-06,4.9140504e-06,0,0,0,1
1771685548980000,1771685548828000,0,1771685548828000,0,-538.02203,12.354216,0.02355957,0.025821889,12.367069,1.7952624e-06,4.6202513e-06,0,0,0,1
1771685549036000,1771685548880000,0,1771685548884000,0,-538.219,12.354284,0.05291748,0.028374372,12.3671665,9.0570775e-06,5.038213e-06,0,0,0,1
1771685549084000,1771685548932000,0,1771685548932000,0,-538.3641,12.354216,0.054016113,0.030789899,12.367069,9.437128e-06,5.4526035e-06,0,0,0,1
1771685549140000,1771685548984000,0,1771685548988000,0,-538.5045,12.354284,0.026672363,0.030402014,12.3671665,2.3009795e-06,5.1557113e-06,0,0,0,1
1771685549188000,1771685549036000,0,1771685549036000,0,-538.6545,12.354216,0.03277588,0.03062564,12.367069,3.4745767e-06,4.9973437e-06,0,0,0,1
1771685549244000,1771685549088000,0,1771685549092000,0,-538.87964,12.354284,0.09069824,0.03628465,12.3671665,2.6606485e-05,7.032988e-06,0,0,0,1
1771685549292000,1771685549140000,0,1771685549140000,0,-539.01965,12.354216,0.08703613,0.04106559,12.367069,2.4501483e-05,8.678571e-06,0,0,0,1
1771685549348000,1771685549192000,0,1771685549196000,0,-539.12225,12.354284,0.022338867,0.039301477,12.3671665,1.6140317e-06,8.013071e-06,0,0,0,1
1771685549396000,1771685549244000,0,1771685549244000,0,-539.2582,12.354216,0.014526367,0.03696759,12.367069,6.825072e-07,7.322511e-06,0,0,0,1
1771685549452000,1771685549296000,0,1771685549300000,0,-539.3942,12.354284,-0.016845703,0.031898223,12.3671665,9.1784227e-07,6.546246e-06,0,0,0,1
1771685549500000,1771685549348000,0,1771685549348000,0,-539.56805,12.354216,0.013244629,0.030141,12.367069,5.673784e-07,5.983019e-06,0,0,0,1
1771685549556000,1771685549400000,0,1771685549404000,0,-539.72766,12.354284,0.005554199,0.027824853,12.3671665,9.9777516e-08,5.4288007e-06,0,0,0,1
1771685549604000,1771685549452000,0,1771685549452000,0,-539.92474,12.354216,0.058898926,0.03075212,12.367069,1.122039e-05,5.974385e-06,0,0,0,1
1771685549660000,1771685549504000,0,1771685549508000,0,-540.0745,12.354284,0.041381836,0.03175347,12.3671665,5.5387186e-06,5.9333443e-06,0,0,0,1
1771685549708000,1771685549556000,0,1771685549556000,0,-540.2103,12.354216,0.033569336,0.03192453,12.367069,3.644842e-06,5.717761e-06,0,0,0,1
1771685549764000,1771685549608000,0,1771685549612000,0,-540.4025,12.354284,0.058410645,0.0344196,12.3671665,1.1035037e-05,6.2186637e-06,0,0,0,1
1771685549812000,1771685549660000,0,1771685549660000,0,-540.4959,12.354216,0.0079956055,0.031930383,12.367069,2.0677399e-07,5.6523263e-06,0,0,0,1
1771685549868000,1771685549712000,0,1771685549716000,0,-540.66956,12.354284,0.014221191,0.030262126,12.3671665,6.541265e-07,5.1814814e-06,0,0,0,1
1771685549916000,1771685549764000,0,1771685549764000,0,-540.8103,12.354216,0.011352539,0.028480787,12.367069,4.1684945e-07,4.7326394e-06,0,0,0,1
1771685549972000,1771685549816000,0,1771685549820000,0,-540.95575,12.354284,-0.010498047,0.024808867,12.3671665,3.564567e-07,4.2532315e-06,0,0,0,1
1771685550020000,1771685549868000,0,1771685549868000,0,-541.092,12.354216,-0.01751709,0.020821638,12.367069,9.924694e-07,3.7590712e-06,0,0,0,1
1771685550076000,1771685549920000,0,1771685549924000,0,-541.32684,12.354284,0.05041504,0.023609422,12.3671665,8.2207225e-06,4.179372e-06,0,0,0,1
1771685550124000,1771685549972000,0,1771685549972000,0,-541.5002,12.354216,0.080444336,0.028963435,12.367069,2.0930718e-05,5.7573975e-06,0,0,0,1
1771685550180000,1771685550024000,0,1771685550028000,0,-541.56055,12.354284,-0.026550293,0.02373388,12.3671665,2.279966e-06,5.0002545e-06,0,0,0,1
1771685550228000,1771685550076000,0,1771685550076000,0,-541.7439,12.354216,0.012939453,0.022717014,12.367069,5.4153315e-07,4.58023e-06,0,0,0,1
1771685550284000,1771685550128000,0,1771685550132000,0,-541.9362,12.354284,0.037719727,0.024130313,12.3671665,4.6017904e-06,4.5822608e-06,0,0,0,1
1771685550332000,1771685550180000,0,1771685550180000,0,-542.058,12.354216,0.015991211,0.023363587,12.367069,8.2709596e-07,4.2285133e-06,0,0,0,1
1771685550388000,1771685550232000,0,1771685550236000,0,-542.2222,12.354284,0.013061523,0.022393102,12.3671665,5.517946e-07,3.882156e-06,0,0,0,1
1771685550436000,1771685550284000,0,1771685550284000,0,-542.3817,12.354216,0.029174805,0.023031957,12.367069,2.7530184e-06,3.7757877e-06,0,0,0,1
1771685550492000,1771685550336000,0,1771685550340000,0,-542.5693,12.354284,0.049865723,0.025559776,12.3671665,8.042554e-06,4.1777294e-06,0,0,0,1
1771685550540000,1771685550388000,0,1771685550388000,0,-542.6909,12.354216,0.027893066,0.025779579,12.367069,2.516435e-06,4.021231e-06,0,0,0,1
1771685550596000,1771685550440000,0,1771685550444000,0,-542.8503,12.354284,0.019836426,0.025219716,12.3671665,1.2726724e-06,3.7623086e-06,0,0,0,1
1771685550644000,1771685550492000,0,1771685550492000,0,-543.0051,12.354216,0.030822754,0.025747538,12.367069,3.0728127e-06,3.697356e-06,0,0,0,1
1771685550700000,1771685550544000,0,1771685550548000,0,-543.155,12.354284,0.012939453,0.02454098,12.3671665,5.415289e-07,3.400068e-06,0,0,0,1
1771685550748000,1771685550596000,0,1771685550596000,0,-543.2958,12.354216,0.009887695,0.023160597,12.367069,3.1621565e-07,3.10956e-06,0,0,0,1
1771685550804000,1771685550648000,0,1771685550652000,0,-543.4553,12.354284,0.0021972656,0.021185791,12.3671665,1.5615464e-08,2.8181016e-06,0,0,0,1
1771685550852000,1771685550700000,0,1771685550700000,0,-543.6384,12.354216,0.04168701,0.023117065,12.367069,5.620756e-06,3.0821197e-06,0,0,0,1
1771685550908000,1771685550752000,0,1771685550756000,0,-543.8024,12.354284,0.038146973,0.024532927,12.3671665,4.7066287e-06,3.2351531e-06,0,0,0,1
1771685550956000,1771685550804000,0,1771685550804000,0,-543.8913,12.354216,-0.017150879,0.020606192,12.367069,9.5140615e-07,2.8407671e-06,0,0,0,1
1771685551012000,1771685550856000,0,1771685550860000,0,-544.0886,12.354284,0.012512207,0.019843714,12.3671665,5.0635794e-07,2.620859e-06,0,0,0,1
1771685551060000,1771685550908000,0,1771685550908000,0,-544.3045,12.354216,0.08453369,0.025937699,12.367069,2.3112816e-05,4.5512606e-06,0,0,0,1
1771685551116000,1771685550960000,0,1771685550964000,0,-544.4259,12.354284,0.038391113,0.027110847,12.3671665,4.7670665e-06,4.57159e-06,0,0,0,1
1771685551164000,1771685551012000,0,1771685551012000,0,-544.58044,12.354216,0.04888916,0.029162427,12.367069,7.730691e-06,4.869187e-06,0,0,0,1
1771685551220000,1771685551064000,0,1771685551068000,0,-544.735,12.354284,0.0357666,0.02978456,12.3671665,4.137568e-06,4.800266e-06,0,0,0,1
1771685551268000,1771685551116000,0,1771685551116000,0,-544.838,12.354216,-0.0051879883,0.026490044,12.367069,8.705449e-08,4.3398663e-06,0,0,0,1
1771685551324000,1771685551168000,0,1771685551172000,0,-545.0117,12.354284,0.0010375977,0.02409235,12.3671665,3.4821521e-09,3.9313663e-06,0,0,0,1
1771685551372000,1771685551220000,0,1771685551220000,0,-545.2042,12.354216,0.049926758,0.026526026,12.367069,8.062319e-06,4.320514e-06,0,0,0,1
1771685551428000,1771685551272000,0,1771685551276000,0,-545.3681,12.354284,0.046447754,0.02840271,12.3671665,6.977811e-06,4.5708393e-06,0,0,0,1
1771685551476000,1771685551324000,0,1771685551324000,0,-545.5039,12.354216,0.038391113,0.029343646,12.367069,4.7671037e-06,4.589328e-06,0,0,0,1
1771685551532000,1771685551376000,0,1771685551380000,0,-545.621,12.354284,-0.012145996,0.025435202,12.3671665,4.771512e-07,4.112051e-06,0,0,0,1
1771685551580000,1771685551428000,0,1771685551428000,0,-545.837,12.354216,0.059936523,0.028685328,12.367069,1.1619202e-05,4.8192464e-06,0,0,0,1
1771685551636000,1771685551480000,0,1771685551484000,0,-545.98206,12.354284,0.037109375,0.029478896,12.3671665,4.45407e-06,4.7848457e-06,0,0,0,1
1771685551684000,1771685551532000,0,1771685551532000,0,-546.13666,12.354216,0.047546387,0.031180907,12.367069,7.3118663e-06,5.022898e-06,0,0,0,1
1771685551740000,1771685551584000,0,1771685551588000,0,-546.2865,12.354284,0.02947998,0.031020675,12.3671665,2.810892e-06,4.8145207e-06,0,0,0,1
1771685551788000,1771685551636000,0,1771685551636000,0,-546.4083,12.354216,0.0072021484,0.0287769,12.367069,1.6777118e-07,4.376783e-06,0,0,0,1
1771685551844000,1771685551688000,0,1771685551692000,0,-546.5632,12.354284,-0.0056152344,0.025537062,12.3671665,1.0198247e-07,3.9548704e-06,0,0,0,1
1771685551892000,1771685551740000,0,1771685551740000,0,-546.68066,12.354216,-0.032165527,0.02010131,12.367069,3.3463746e-06,3.2670719e-06,0,0,0,1
1771685551948000,1771685551792000,0,1771685551796000,0,-546.9016,12.354284,0.021484375,0.020231599,12.3671665,1.4929154e-06,3.099941e-06,0,0,0,1
1771685551996000,1771685551844000,0,1771685551844000,0,-546.9953,12.354216,-0.028320312,0.015657868,12.367069,2.5941154e-06,2.5635445e-06,0,0,0,1
1771685552052000,1771685551896000,0,1771685551900000,0,-547.17395,12.354284,-0.016784668,0.012601687,12.3671665,9.112033e-07,2.2362133e-06,0,0,0,1
1771685552100000,1771685551948000,0,1771685551948000,0,-547.31964,12.354216,-0.014526367,0.010046145,12.367069,6.825072e-07,1.9612614e-06,0,0,0,1
1771685552156000,1771685552000000,0,1771685552004000,0,-547.53577,12.354284,0.034484863,0.012348343,12.3671665,3.846332e-06,2.1388405e-06,0,0,0,1
1771685552204000,1771685552052000,0,1771685552052000,0,-547.69037,12.354216,0.045532227,0.01547436,12.367069,6.705497e-06,2.5690329e-06,0,0,0,1
1771685552260000,1771685552104000,0,1771685552108000,0,-547.8262,12.354284,0.014099121,0.015344809,12.3671665,6.4294505e-07,2.3875898e-06,0,0,0,1
1771685552308000,1771685552156000,0,1771685552156000,0,-547.9575,12.354216,0.0018920898,0.014077524,12.367069,1.1579151e-08,2.1637627e-06,0,0,0,1
1771685552364000,1771685552208000,0,1771685552212000,0,-548.15466,12.354284,0.03161621,0.01572972,12.3671665,3.2330277e-06,2.2644906e-06,0,0,0,1
1771685552412000,1771685552260000,0,1771685552260000,0,-548.2858,12.354216,0.019042969,0.016041838,12.367069,1.1729041e-06,2.16166e-06,0,0,0,1
1771685552468000,1771685552312000,0,1771685552316000,0,-548.38904,12.354284,-0.045166016,0.01027588,12.3671665,6.5980157e-06,1.3364731e-06,0,0,0,1
1771685552516000,1771685552364000,0,1771685552364000,0,-548.58655,12.354216,0.0087890625,0.010135817,12.367069,2.498494e-07,1.23411e-06,0,0,0,1
1771685552572000,1771685552416000,0,1771685552420000,0,-548.7884,12.354284,0.043273926,0.013257523,12.3671665,6.0567877e-06,1.6884202e-06,0,0,0,1
1771685552620000,1771685552468000,0,1771685552468000,0,-548.9054,12.354216,0.016906738,0.01360129,12.367069,9.245127e-07,1.6164579e-06,0,0,0,1
1771685552676000,1771685552520000,0,1771685552524000,0,-549.0648,12.354284,0.008972168,0.013165213,12.3671665,2.6036616e-07,1.4887102e-06,0,0,0,1
1771685552724000,1771685552572000,0,1771685552572000,0,-549.2197,12.354216,0.019897461,0.01379941,12.367069,1.2805264e-06,1.4690986e-06,0,0,0,1
1771685552780000,1771685552624000,0,1771685552628000,0,-549.39325,12.354284,0.026123047,0.014960333,12.3671665,2.2071783e-06,1.5386279e-06,0,0,0,1
1771685552828000,1771685552676000,0,1771685552676000,0,-549.4729,12.354216,-0.03778076,0.009991968,12.367069,4.6167315e-06,9.587752e-07,0,0,0,1
1771685552884000,1771685552728000,0,1771685552732000,0,-549.68915,12.354284,0.011413574,0.010125888,12.3671665,4.2134042e-07,9.081473e-07,0,0,0,1
1771685552932000,1771685552780000,0,1771685552780000,0,-549.86743,12.354216,0.046447754,0.013547513,12.367069,6.977866e-06,1.4799325e-06,0,0,0,1
1771685552988000,1771685552832000,0,1771685552836000,0,-549.9751,12.354284,-0.012817383,0.011063863,12.3671665,5.3135955e-07,1.2904629e-06,0,0,0,1
1771685553036000,1771685552884000,0,1771685552884000,0,-550.1442,12.354216,0.013061523,0.011252048,12.367069,5.5179896e-07,1.2208786e-06,0,0,0,1
1771685553092000,1771685552936000,0,1771685552940000,0,-550.299,12.354284,0.001159668,0.010301317,12.3671665,4.349678e-09,1.1062781e-06,0,0,0,1
1771685553140000,1771685552988000,0,1771685552988000,0,-550.4587,12.354216,0.017822266,0.011009812,12.367069,1.0273515e-06,1.098843e-06,0,0,0,1
1771685553196000,1771685553040000,0,1771685553044000,0,-550.6087,12.354284,0.0012817383,0.010093399,12.3671665,5.3135953e-09,9.958293e-07,0,0,0,1
1771685553244000,1771685553092000,0,1771685553092000,0,-550.7637,12.354216,0.013061523,0.010373006,12.367069,5.5179896e-07,9.540004e-07,0,0,0,1
1771685553300000,1771685553144000,0,1771685553148000,0,-550.90436,12.354284,-0.013122559,0.008159655,12.3671665,5.569636e-07,8.116632e-07,0,0,0,1
1771685553348000,1771685553196000,0,1771685553196000,0,-551.04065,12.354216,-0.019714355,0.0055338424,12.367069,1.2570669e-06,6.167828e-07,0,0,0,1
1771685553404000,1771685553248000,0,1771685553252000,0,-551.2662,12.354284,0.03955078,0.008738337,12.3671665,5.0594103e-06,1.0352912e-06,0,0,0,1
1771685553452000,1771685553300000,0,1771685553300000,0,-551.3926,12.354216,0.023376465,0.0101172915,12.367069,1.7674652e-06,1.1042641e-06,0,0,0,1
1771685553508000,1771685553352000,0,1771685553356000,0,-551.52386,12.354284,-0.01171875,0.008060273,12.3671665,4.441732e-07,9.583969e-07,0,0,0,1
1771685553556000,1771685553404000,0,1771685553404000,0,-551.6883,12.354216,0.009460449,0.008192173,12.367069,2.8947878e-07,8.9538287e-07,0,0,0,1
1771685553612000,1771685553456000,0,1771685553460000,0,-551.7727,12.354284,-0.072753906,0.00056681735,12.3671665,1.7119946e-05,-8.0171355e-07,0,0,0,1
1771685553660000,1771685553508000,0,1771685553508000,0,-551.9706,12.354216,-0.018066406,-0.0011884865,12.367069,1.0556909e-06,-8.2563895e-07,0,0,0,1
1771685553716000,1771685553560000,0,1771685553564000,0,-552.18195,12.354284,0.026367188,0.0014073382,12.3671665,2.2486267e-06,-5.360342e-07,0,0,0,1
1771685553764000,1771685553612000,0,1771685553612000,0,-552.3414,12.354216,0.04272461,0.0052995454,12.367069,5.9040417e-06,7.0639715e-08,0,0,0,1
1771685553820000,1771685553664000,0,1771685553668000,0,-552.449,12.354284,-0.016357422,0.0032593962,12.3671665,8.654052e-07,-1.7538433e-08,0,0,0,1
1771685553868000,1771685553716000,0,1771685553716000,0,-552.5947,12.354216,-0.0134887695,0.0016816703,12.367069,5.884884e-07,-7.132358e-08,0,0,0,1
1771685553924000,1771685553768000,0,1771685553772000,0,-552.8014,12.354284,0.026367188,0.004007118,12.3671665,2.2486267e-06,1.4722247e-07,0,0,0,1
1771685553972000,1771685553820000,0,1771685553820000,0,-552.9091,12.354216,-0.009094238,0.002772932,12.367069,2.675013e-07,1.0815428e-07,0,0,0,1
1771685554028000,1771685553872000,0,1771685553876000,0,-552.989,12.354284,-0.096069336,-0.006538297,12.3671665,2.9851031e-05,-2.714088e-06,0,0,0,1
1771685554076000,1771685553924000,0,1771685553924000,0,-553.25745,12.354216,0.02947998,-0.0031452705,12.367069,2.810914e-06,-2.1936166e-06,0,0,0,1
1771685554132000,1771685553976000,0,1771685553980000,0,-553.3746,12.354284,-0.019958496,-0.004729125,12.3671665,1.2883843e-06,-2.108341e-06,0,0,0,1
1771685554180000,1771685554028000,0,1771685554028000,0,-553.54376,12.354216,0.006164551,-0.0037029092,12.367069,1.2291251e-07,-1.8981505e-06,0,0,0,1
1771685554236000,1771685554080000,0,1771685554084000,0,-553.7503,12.354284,0.045898438,0.0009696819,12.3671665,6.81374e-06,-1.0774651e-06,0,0,0,1
1771685554284000,1771685554132000,0,1771685554132000,0,-553.8391,12.354216,-0.008422852,8.4877945e-05,12.367069,2.2946239e-07,-9.975807e-07,0,0,0,1
1771685554340000,1771685554184000,0,1771685554188000,0,-553.96594,12.354284,-0.04815674,-0.0044596223,12.3671665,7.5007365e-06,-1.6101969e-06,0,0,0,1
1771685554388000,1771685554236000,0,1771685554236000,0,-554.1636,12.354216,0.0068969727,-0.003389798,12.367069,1.538545e-07,-1.4440182e-06,0,0,0,1
1771685554444000,1771685554288000,0,1771685554292000,0,-554.2997,12.354284,-0.023132324,-0.0052496013,12.3671665,1.730726e-06,-1.4710268e-06,0,0,0,1
1771685554492000,1771685554340000,0,1771685554340000,0,-554.4736,12.354216,0.008239746,-0.0039788657,12.367069,2.195942e-07,-1.3117655e-06,0,0,0,1
1771685554548000,1771685554392000,0,1771685554396000,0,-554.6613,12.354284,0.02947998,-0.00082694506,12.3671665,2.810892e-06,-9.2339917e-07,0,0,0,1
1771685554596000,1771685554444000,0,1771685554444000,0,-554.79254,12.354216,0.017822266,0.0009298648,12.367069,1.0273515e-06,-7.396328e-07,0,0,0,1
1771685554652000,1771685554496000,0,1771685554500000,0,-554.92847,12.354284,-0.012878418,-0.0003709155,12.3671665,5.3643214e-07,-7.2049073e-07,0,0,0,1
1771685554700000,1771685554548000,0,1771685554548000,0,-555.1164,12.354216,0.031982422,0.002676863,12.367069,3.3083838e-06,-3.4095905e-07,0,0,0,1
1771685554756000,1771685554600000,0,1771685554604000,0,-555.2007,12.354284,-0.05065918,-0.0023475473,12.3671665,8.300535e-06,-1.0907743e-06,0,0,0,1
1771685554804000,1771685554652000,0,1771685554652000,0,-555.3936,12.354216,-0.00079345703,-0.0022011476,12.367069,2.0362918e-09,-9.88212e-07,0,0,0,1
1771685554860000,1771685554704000,0,1771685554708000,0,-555.5485,12.354284,-0.012573242,-0.003178229,12.3671665,5.113101e-07,-9.4328647e-07,0,0,0,1
1771685554908000,1771685554756000,0,1771685554756000,0,-555.73645,12.354216,0.032287598,0.00016275467,12.367069,3.3718222e-06,-5.367907e-07,0,0,0,1
1771685554964000,1771685554808000,0,1771685554812000,0,-555.8394,12.354284,-0.03137207,-0.0028079175,12.3671665,3.1832894e-06,-7.8609855e-07,0,0,0,1
1771685555012000,1771685554860000,0,1771685554860000,0,-555.9852,12.354216,-0.028320312,-0.0052112592,12.367069,2.5941154e-06,-9.56419e-07,0,0,0,1
1771685555068000,1771685554912000,0,1771685554916000,0,-556.178,12.354284,-0.0020751953,-0.004915833,12.3671665,1.39286085e-08,-8.676336e-07,0,0,0,1
1771685555116000,1771685554964000,0,1771685554964000,0,-556.3236,12.354216,0.00061035156,-0.00439525,12.367069,1.2049064e-09,-7.857865e-07,0,0,0,1
1771685555172000,1771685555016000,0,1771685555020000,0,-556.53485,12.354284,0.045288086,0.00028506434,12.3671665,6.633729e-06,-8.684657e-08,0,0,0,1
1771685555220000,1771685555068000,0,1771685555068000,0,-556.6987,12.354216,0.06628418,0.0065023727,12.367069,1.4210618e-05,1.2600162e-06,0,0,0,1
1771685555276000,1771685555120000,0,1771685555124000,0,-556.7874,12.354284,-0.01171875,0.0047858898,12.3671665,4.441732e-07,1.0994767e-06,0,0,0,1
1771685555324000,1771685555172000,0,1771685555172000,0,-556.95184,12.354216,0.0095825195,0.005237746,12.367069,2.969974e-07,1.0238808e-06,0,0,0,1
1771685555380000,1771685555224000,0,1771685555228000,0,-557.0832,12.354284,-0.02557373,0.0023352155,12.3671665,2.1153292e-06,7.281581e-07,0,0,0,1
1771685555428000,1771685555276000,0,1771685555276000,0,-557.229,12.354216,-0.022766113,-2.9402552e-05,12.367069,1.6763743e-06,5.016442e-07,0,0,0,1
1771685555484000,1771685555328000,0,1771685555332000,0,-557.4217,12.354284,0.0031738281,0.00027235108,12.3671665,3.2580413e-08,4.5745702e-07,0,0,0,1
1771685555532000,1771685555380000,0,1771685555380000,0,-557.5625,12.354216,0.0009765625,0.00033868983,12.367069,3.0845604e-09,4.146538e-07,0,0,0,1
1771685555588000,1771685555432000,0,1771685555436000,0,-557.65643,12.354284,-0.0715332,-0.006431851,12.3671665,1.6550272e-05,-1.1834913e-06,0,0,0,1
1771685555636000,1771685555484000,0,1771685555484000,0,-557.92456,12.354216,0.05407715,-0.0007317276,12.367069,9.4584675e-06,-1.8098785e-07,0,0,0,1
1771685555692000,1771685555536000,0,1771685555540000,0,-558.0603,12.354284,0.023925781,0.0015910813,12.3671665,1.8514928e-06,1.047772e-08,0,0,0,1
1771685555740000,1771685555588000,0,1771685555588000,0,-558.1587,12.354216,-0.020019531,-0.00044470117,12.367069,1.2962865e-06,-1.1262327e-07,0,0,0,1
1771685555796000,1771685555640000,0,1771685555644000,0,-558.3513,12.354284,0.0064697266,0.00020665798,12.3671665,1.3538222e-07,-8.926043e-08,0,0,0,1
1771685555844000,1771685555692000,0,1771685555692000,0,-558.5157,12.354216,0.028198242,0.0028435464,12.367069,2.5718005e-06,1.6141925e-07,0,0,0,1
1771685555900000,1771685555744000,0,1771685555748000,0,-558.65625,12.354284,0.0025024414,0.0028114133,12.3671665,2.0254317e-08,1.481211e-07,0,0,0,1
1771685555948000,1771685555796000,0,1771685555796000,0,-558.8581,12.354216,0.061828613,0.008371005,12.367069,1.2364377e-05,1.2989278e-06,0,0,0,1
1771685556004000,1771685555848000,0,1771685555852000,0,-558.91864,12.354284,-0.043640137,0.0034714043,12.3671665,6.1597343e-06,5.9630014e-07,0,0,0,1
1771685556052000,1771685555900000,0,1771685555900000,0,-559.13495,12.354216,0.029907227,0.0059617357,12.367069,2.8929803e-06,8.126541e-07,0,0,0,1
1771685556108000,1771685555952000,0,1771685555956000,0,-559.2662,12.354284,-0.005126953,0.004917149,12.3671665,8.5017525e-08,7.280908e-07,0,0,0,1
1771685556156000,1771685556004000,0,1771685556004000,0,-559.43524,12.354216,0.02154541,0.0064835795,12.367069,1.5014218e-06,8.009408e-07,0,0,0,1
1771685556212000,1771685556056000,0,1771685556060000,0,-559.61346,12.354284,0.033813477,0.009058136,12.3671665,3.6980214e-06,1.0738543e-06,0,0,0,1
1771685556260000,1771685556108000,0,1771685556108000,0,-559.7446,12.354216,0.022583008,0.010332217,12.367069,1.6495169e-06,1.1280833e-06,0,0,0,1
1771685556316000,1771685556160000,0,1771685556164000,0,-559.8994,12.354284,0.011352539,0.010428335,12.3671665,4.1684615e-07,1.0610827e-06,0,0,0,1
1771685556364000,1771685556212000,0,1771685556212000,0,-560.0777,12.354216,0.04724121,0.013896214,12.367069,7.218305e-06,1.6411109e-06,0,0,0,1
1771685556420000,1771685556264000,0,1771685556268000,0,-560.1759,12.354284,-0.020690918,0.010638006,12.3671665,1.3846796e-06,1.3560726e-06,0,0,0,1
1771685556468000,1771685556316000,0,1771685556316000,0,-560.3732,12.354216,0.033935547,0.012832702,12.367069,3.7247996e-06,1.5792136e-06,0,0,0,1
1771685556524000,1771685556368000,0,1771685556372000,0,-560.52325,12.354284,0.017822266,0.013302733,12.3671665,1.0273433e-06,1.5272259e-06,0,0,0,1
1771685556572000,1771685556420000,0,1771685556420000,0,-560.60754,12.354216,-0.04046631,0.008237533,12.367069,5.296395e-06,8.8442096e-07,0,0,0,1
1771685556628000,1771685556472000,0,1771685556476000,0,-560.777,12.354284,-0.03704834,0.0039714724,12.3671665,4.4394305e-06,3.828987e-07,0,0,0,1
1771685556676000,1771685556524000,0,1771685556524000,0,-560.9416,12.354216,-0.014892578,0.0021944242,12.367069,7.173531e-07,2.7925176e-07,0,0,0,1
1771685556732000,1771685556576000,0,1771685556580000,0,-561.15295,12.354284,0.030273438,0.004839549,12.3671665,2.9642392e-06,5.3218537e-07,0,0,0,1
1771685556780000,1771685556628000,0,1771685556628000,0,-561.26544,12.354216,-6.1035156e-05,0.0043778997,12.367069,1.2049064e-11,4.8205084e-07,0,0,0,1
1771685556836000,1771685556680000,0,1771685556684000,0,-561.4626,12.354284,0.030395508,0.0068288343,12.3671665,2.9881926e-06,7.181367e-07,0,0,0,1
1771685556884000,1771685556732000,0,1771685556732000,0,-561.5797,12.354216,0.0044555664,0.0066052657,12.367069,6.4209466e-08,6.5653484e-07,0,0,0,1
1771685556940000,1771685556784000,0,1771685556788000,0,-561.7252,12.354284,-0.016235352,0.0044536134,12.3671665,8.5253686e-07,5.1437587e-07,0,0,0,1
1771685556988000,1771685556836000,0,1771685556836000,0,-561.90375,12.354216,0.01940918,0.005862471,12.367069,1.2184496e-06,5.807017e-07,0,0,0,1
1771685557044000,1771685556888000,0,1771685556892000,0,-562.0445,12.354284,-0.0065307617,0.0046949927,12.3671665,1.3794865e-07,5.1300276e-07,0,0,0,1
1771685557092000,1771685556940000,0,1771685556940000,0,-562.2323,12.354216,0.038085938,0.007840517,12.367069,4.6916166e-06,9.0664037e-07,0,0,0,1
1771685557148000,1771685556992000,0,1771685556996000,0,-562.3775,12.354284,0.016235352,0.008631335,12.3671665,8.5253686e-07,9.015437e-07,0,0,0,1
1771685557196000,1771685557044000,0,1771685557044000,0,-562.51355,12.354216,0.009094238,0.008674942,12.367069,2.675013e-07,8.4181505e-07,0,0,0,1
1771685557252000,1771685557096000,0,1771685557100000,0,-562.6778,12.354284,0.0063476562,0.008455705,12.3671665,1.3032165e-07,7.747903e-07,0,0,0,1
1771685557300000,1771685557148000,0,1771685557148000,0,-562.8421,12.354216,0.02734375,0.010235013,12.367069,2.4182955e-06,9.2961324e-07,0,0,0,1
1771685557356000,1771685557200000,0,1771685557204000,0,-562.92633,12.354284,-0.055664062,0.004027129,12.3671665,1.00216575e-05,-1.0202831e-07,0,0,0,1
1771685557404000,1771685557252000,0,1771685557252000,0,-563.16626,12.354216,0.04095459,0.0075058034,12.367069,5.4249826e-06,4.1863223e-07,0,0,0,1
1771685557460000,1771685557304000,0,1771685557308000,0,-563.2645,12.354284,-0.027770996,0.0041826265,12.3671665,2.494438e-06,1.4421255e-07,0,0,0,1
1771685557508000,1771685557356000,0,1771685557356000,0,-563.4948,12.354216,0.059326172,0.009377308,12.367069,1.1383763e-05,1.2030109e-06,0,0,0,1
1771685557564000,1771685557408000,0,1771685557412000,0,-563.6023,12.354284,-0.0,0.0084939385,12.3671665,0.0,1.0896838e-06,0,0,0,1
1771685557612000,1771685557460000,0,1771685557460000,0,-563.6915,12.354216,-0.054138184,0.0025938107,12.367069,9.479831e-06,9.4004804e-08,0,0,0,1
1771685557668000,1771685557512000,0,1771685557516000,0,-563.95953,12.354284,0.04724121,0.0067997253,12.3671665,7.2182484e-06,7.6512924e-07,0,0,0,1
1771685557716000,1771685557564000,0,1771685557564000,0,-564.08124,12.354216,0.0256958,0.008579791,12.367069,2.1355881e-06,8.942304e-07,0,0,0,1
1771685557772000,1771685557616000,0,1771685557620000,0,-564.20776,12.354284,-0.014587402,0.006397374,12.3671665,6.8824914e-07,7.451562e-07,0,0,0,1
1771685557820000,1771685557668000,0,1771685557668000,0,-564.34406,12.354216,-0.02166748,0.0037535832,12.367069,1.5184834e-06,5.319148e-07,0,0,0,1
1771685557876000,1771685557720000,0,1771685557724000,0,-564.51794,12.354284,-0.014770508,0.0020085599,12.3671665,7.0563584e-07,4.1533394e-07,0,0,0,1
1771685557924000,1771685557772000,0,1771685557772000,0,-564.67773,12.354216,0.0018310547,0.0019918384,12.367069,1.0844158e-08,3.7722984e-07,0,0,0,1
1771685557980000,1771685557824000,0,1771685557828000,0,-564.82324,12.354284,-0.01953125,-3.569899e-05,12.3671665,1.2338145e-06,2.2546477e-07,0,0,0,1
1771685558028000,1771685557876000,0,1771685557876000,0,-565.06287,12.354216,0.07702637,0.0072237714,12.367069,1.918987e-05,2.011967e-06,0,0,0,1
1771685558084000,1771685557928000,0,1771685557932000,0,-565.1608,12.354284,0.008239746,0.0073194792,12.3671665,2.1959247e-07,1.84312e-06,0,0,0,1
1771685558132000,1771685557980000,0,1771685557980000,0,-565.24994,12.354216,-0.045532227,0.002340695,12.367069,6.705497e-06,1.0378154e-06,0,0,0,1
1771685558188000,1771685558032000,0,1771685558036000,0,-565.4522,12.354284,-0.0099487305,0.0011829953,12.3671665,3.2012906e-07,9.098931e-07,0,0,0,1
1771685558236000,1771685558084000,0,1771685558084000,0,-565.62134,12.354216,0.016052246,0.002583722,12.367069,8.334217e-07,9.026893e-07,0,0,0,1
1771685558292000,1771685558136000,0,1771685558140000,0,-565.7526,12.354284,-0.019470215,0.0005061771,12.3671665,1.2261152e-06,7.0214975e-07,0,0,0,1
1771685558340000,1771685558188000,0,1771685558188000,0,-565.95,12.354216,0.034729004,0.0037300668,12.367069,3.901017e-06,1.0034923e-06,0,0,0,1
1771685558396000,1771685558240000,0,1771685558244000,0,-566.1093,12.354284,0.027038574,0.005925796,12.3671665,2.3645982e-06,1.1317125e-06,0,0,0,1
1771685558444000,1771685558292000,0,1771685558292000,0,-566.24994,12.354216,0.024414062,0.007667444,12.367069,1.9278502e-06,1.206711e-06,0,0,0,1
1771685558500000,1771685558344000,0,1771685558348000,0,-566.39526,12.354284,0.002746582,0.0072038844,12.3671665,2.4399164e-08,1.0953338e-06,0,0,0,1
1771685558548000,1771685558396000,0,1771685558396000,0,-566.53143,12.354216,-0.0040893555,0.006140028,12.367069,5.408825e-08,9.870549e-07,0,0,0,1
1771685558604000,1771685558448000,0,1771685558452000,0,-566.6676,12.354284,-0.0345459,0.0023072958,12.3671665,3.8599596e-06,5.304521e-07,0,0,0,1
1771685558652000,1771685558500000,0,1771685558500000,0,-566.8135,12.354216,-0.03149414,-0.0008768977,12.367069,3.2081357e-06,1.7826628e-07,0,0,0,1
1771685558708000,1771685558552000,0,1771685558556000,0,-567.01086,12.354284,0.00036621094,-0.00075979327,12.3671665,4.337629e-10,1.6151394e-07,0,0,0,1
1771685558756000,1771685558604000,0,1771685558604000,0,-567.16113,12.354216,0.009765625,0.00023173174,12.367069,3.0845604e-07,1.753563e-07,0,0,0,1
1771685558812000,1771685558656000,0,1771685558660000,0,-567.3395,12.354284,0.026062012,0.0026650191,12.3671665,2.1968765e-06,3.657894e-07,0,0,0,1
1771685558860000,1771685558708000,0,1771685558708000,0,-567.4613,12.354216,0.010620117,0.0034144125,12.367069,3.6479747e-07,3.6569594e-07,0,0,0,1
1771685558916000,1771685558760000,0,1771685558764000,0,-567.64435,12.354284,0.036254883,0.0065080803,12.3671665,4.25131e-06,7.317321e-07,0,0,0,1
1771685558964000,1771685558812000,0,1771685558812000,0,-567.7802,12.354216,0.039611816,0.009626549,12.367069,5.0750778e-06,1.1408879e-06,0,0,0,1
1771685559020000,1771685558864000,0,1771685558868000,0,-567.8456,12.354284,-0.046691895,0.0043211877,12.3671665,7.051358e-06,3.6915446e-07,0,0,0,1
1771685559068000,1771685558916000,0,1771685558916000,0,-568.0009,12.354216,-0.018615723,0.0021604642,12.367069,1.1208642e-06,2.2879037e-07,0,0,0,1
1771685559124000,1771685558968000,0,1771685558972000,0,-568.1372,12.354284,-0.027954102,-0.0006764154,12.3671665,2.52744e-06,-3.0854565e-08,0,0,0,1
1771685559172000,1771685559020000,0,1771685559020000,0,-568.30646,12.354216,0.018493652,0.0011294608,12.367069,1.1062126e-06,7.626047e-08,0,0,0,1
1771685559228000,1771685559072000,0,1771685559076000,0,-568.419,12.354284,-0.008850098,0.00018935738,12.3671665,2.5332957e-07,4.521213e-08,0,0,0,1
1771685559276000,1771685559124000,0,1771685559124000,0,-568.5224,12.354216,-0.023071289,-0.002001863,12.367069,1.7216186e-06,-1.2122845e-07,0,0,0,1
1771685559332000,1771685559176000,0,1771685559180000,0,-568.60706,12.354284,-0.072021484,-0.008597914,12.3671665,1.6776985e-05,-1.6902492e-06,0,0,0,1
1771685559380000,1771685559228000,0,1771685559228000,0,-568.8049,12.354216,0.013061523,-0.006557532,12.367069,5.5179896e-07,-1.4790418e-06,0,0,0,1
1771685559436000,1771685559280000,0,1771685559284000,0,-568.9033,12.354284,-0.016845703,-0.007526708,12.3671665,9.1784227e-07,-1.4261751e-06,0,0,0,1
1771685559484000,1771685559332000,0,1771685559332000,0,-569.01154,12.354216,-0.016540527,-0.008375836,12.367069,8.848953e-07,-1.375185e-06,0,0,0,1
1771685559540000,1771685559384000,0,1771685559388000,0,-569.08203,12.354284,-0.0690918,-0.014095455,12.3671665,1.5439839e-05,-2.700116e-06,0,0,0,1
1771685559588000,1771685559436000,0,1771685559436000,0,-569.20465,12.354216,-0.049804688,-0.017459368,12.367069,8.022942e-06,-3.2015419e-06,0,0,0,1
1771685559644000,1771685559488000,0,1771685559492000,0,-569.2849,12.354284,-0.08642578,-0.023956206,12.3671665,2.4158859e-05,-5.175782e-06,0,0,0,1
1771685559692000,1771685559540000,0,1771685559540000,0,-569.4359,12.354216,-0.033447266,-0.02485029,12.367069,3.6183822e-06,-5.0290705e-06,0,0,0,1
1771685559748000,1771685559592000,0,1771685559596000,0,-569.5207,12.354284,-0.059814453,-0.028144017,12.3671665,1.157183e-05,-5.6454173e-06,0,0,0,1
1771685559796000,1771685559644000,0,1771685559644000,0,-569.6151,12.354216,-0.05883789,-0.031035468,12.367069,1.1197148e-05,-6.1684063e-06,0,0,0,1
1771685559852000,1771685559696000,0,1771685559700000,0,-569.7611,12.354284,-0.018798828,-0.02988274,12.3671665,1.1430134e-06,-5.695e-06,0,0,0,1
1771685559900000,1771685559748000,0,1771685559748000,0,-569.766,12.354216,-0.10284424,-0.036755927,12.367069,3.4210007e-05,-8.3811965e-06,0,0,0,1
1771685559956000,1771685559800000,0,1771685559804000,0,-569.9124,12.354284,-0.057006836,-0.038663622,12.3671665,1.051099e-05,-8.581829e-06,0,0,0,1
1771685560004000,1771685559852000,0,1771685559852000,0,-569.97864,12.354216,-0.07501221,-0.042087764,12.367069,1.81994e-05,-9.487832e-06,0,0,0,1
1771685560060000,1771685559904000,0,1771685559908000,0,-570.045,12.354284,-0.10449219,-0.047966443,12.3671665,3.5314853e-05,-1.19208125e-05,0,0,0,1
1771685560108000,1771685559956000,0,1771685559956000,0,-570.15857,12.354216,-0.07080078,-0.050117504,12.367069,1.6213222e-05,-1.232517e-05,0,0,0,1
1771685560164000,1771685560008000,0,1771685560012000,0,-570.2296,12.354284,-0.09069824,-0.053940326,12.3671665,2.6606485e-05,-1.3670511e-05,0,0,0,1
1771685560212000,1771685560060000,0,1771685560060000,0,-570.22095,12.354216,-0.17529297,-0.065372095,12.367069,9.938531e-05,-2.1745094e-05,0,0,0,1
1771685560268000,1771685560112000,0,1771685560116000,0,-570.4102,12.354284,-0.072021484,-0.06599849,12.3671665,1.6776985e-05,-2.1277085e-05,0,0,0,1
1771685560316000,1771685560164000,0,1771685560164000,0,-570.48596,12.354216,-0.068481445,-0.06623239,12.367069,1.5168374e-05,-2.0701626e-05,0,0,0,1
1771685560372000,1771685560216000,0,1771685560220000,0,-570.57104,12.354284,-0.06518555,-0.066133775,12.3671665,1.37433435e-05,-2.0046135e-05,0,0,0,1
1771685560420000,1771685560268000,0,1771685560268000,0,-570.642,12.354216,-0.06304932,-0.06584321,12.367069,1.2857424e-05,-1.9368938e-05,0,0,0,1
1771685560476000,1771685560320000,0,1771685560324000,0,-570.69885,12.354284,-0.08404541,-0.06755791,12.3671665,2.28464e-05,-1.9696525e-05,0,0,0,1
1771685560524000,1771685560372000,0,1771685560372000,0,-570.6996,12.354216,-0.14831543,-0.0751655,12.367069,7.114852e-05,-2.4543453e-05,0,0,0,1
1771685560580000,1771685560424000,0,1771685560428000,0,-570.76654,12.354284,-0.1550293,-0.082688905,12.3671665,7.773513e-05,-2.9554263e-05,0,0,0,1
1771685560628000,1771685560476000,0,1771685560476000,0,-570.8571,12.354216,-0.12597656,-0.08676673,12.367069,5.133017e-05,-3.1605618e-05,0,0,0,1
1771685560684000,1771685560528000,0,1771685560532000,0,-570.9426,12.354284,-0.11053467,-0.08900574,12.3671665,3.9517257e-05,-3.2350916e-05,0,0,0,1
1771685560732000,1771685560580000,0,1771685560580000,0,-570.9859,12.354216,-0.12591553,-0.092482746,12.367069,5.1280444e-05,-3.4134133e-05,0,0,0,1
1771685560788000,1771685560632000,0,1771685560636000,0,-571.0949,12.354284,-0.083496094,-0.09163617,12.3671665,2.2548731e-05,-3.3042754e-05,0,0,0,1
1771685560836000,1771685560684000,0,1771685560684000,0,-571.1143,12.354216,-0.11993408,-0.09430192,12.367069,4.652415e-05,-3.431274e-05,0,0,0,1
1771685560892000,1771685560736000,0,1771685560740000,0,-571.1764,12.354284,-0.12097168,-0.09681428,12.3671665,4.7332254e-05,-3.5539215e-05,0,0,0,1
1771685560940000,1771685560788000,0,1771685560788000,0,-571.26666,12.354216,-0.08331299,-0.09554242,12.367069,2.2450118e-05,-3.4306184e-05,0,0,0,1
1771685560996000,1771685560840000,0,1771685560844000,0,-571.23914,12.354284,-0.17047119,-0.10260093,12.3671665,9.399219e-05,-3.992878e-05,0,0,0,1
1771685561044000,1771685560892000,0,1771685560892000,0,-571.3674,12.354216,-0.092041016,-0.10160616,12.367069,2.7400343e-05,-3.8748563e-05,0,0,0,1
1771685561100000,1771685560944000,0,1771685560948000,0,-571.34467,12.354284,-0.17150879,-0.10819119,12.3671665,9.513987e-05,-4.4060787e-05,0,0,0,1
1771685561148000,1771685560996000,0,1771685560996000,0,-571.4447,12.354216,-0.11883545,-0.10919391,12.367069,4.56757e-05,-4.4212917e-05,0,0,0,1
1771685561204000,1771685561048000,0,1771685561052000,0,-571.46924,12.354284,-0.14801025,-0.112850524,12.3671665,7.085547e-05,-4.6722722e-05,0,0,0,1
1771685561252000,1771685561100000,0,1771685561100000,0,-571.56433,12.354216,-0.097473145,-0.11140193,12.367069,3.0730043e-05,-4.5216166e-05,0,0,0,1
1771685561308000,1771685561152000,0,1771685561156000,0,-571.6121,12.354284,-0.10095215,-0.11041753,12.3671665,3.2962558e-05,-4.406184e-05,0,0,0,1
1771685561356000,1771685561204000,0,1771685561204000,0,-571.6129,12.354216,-0.14312744,-0.1134989,12.367069,6.625811e-05,-4.6152792e-05,0,0,0,1
1771685561412000,1771685561256000,0,1771685561260000,0,-571.65173,12.354284,-0.15307617,-0.11722719,12.3671665,7.578879e-05,-4.894459e-05,0,0,0,1
1771685561460000,1771685561308000,0,1771685561308000,0,-571.7469,12.354216,-0.09875488,-0.11548705,12.367069,3.1543535e-05,-4.730536e-05,0,0,0,1
1771685561516000,1771685561360000,0,1771685561364000,0,-571.7196,12.354284,-0.17236328,-0.12084495,12.3671665,9.609024e-05,-5.1901035e-05,0,0,0,1
1771685561564000,1771685561412000,0,1771685561412000,0,-571.7821,12.354216,-0.14813232,-0.1234155,12.367069,7.097295e-05,-5.3697666e-05,0,0,0,1
1771685561620000,1771685561464000,0,1771685561468000,0,-571.79736,12.354284,-0.17651367,-0.1284175,12.3671665,0.00010077353,-5.8132347e-05,0,0,0,1
1771685561668000,1771685561516000,0,1771685561516000,0,-571.8506,12.354216,-0.15979004,-0.13137288,12.367069,8.258337e-05,-6.0435705e-05,0,0,0,1
1771685561724000,1771685561568000,0,1771685561572000,0,-571.9317,12.354284,-0.11993408,-0.13029532,12.3671665,4.6523783e-05,-5.9125163e-05,0,0,0,1
1771685561772000,1771685561620000,0,1771685561620000,0,-571.9327,12.354216,-0.15350342,-0.13248159,12.367069,7.6213044e-05,-6.0734892e-05,0,0,0,1
1771685561828000,1771685561672000,0,1771685561676000,0,-571.94336,12.354284,-0.18188477,-0.1371355,12.3671665,0.000106999665,-6.509317e-05,0,0,0,1
1771685561876000,1771685561724000,0,1771685561724000,0,-572.0201,12.354216,-0.13793945,-0.13721123,12.367069,6.15418e-05,-6.475862e-05,0,0,0,1
1771685561932000,1771685561776000,0,1771685561780000,0,-572.02594,12.354284,-0.16906738,-0.14021218,12.3671665,9.245054e-05,-6.736728e-05,0,0,0,1
1771685561980000,1771685561828000,0,1771685561828000,0,-572.0837,12.354216,-0.14233398,-0.14041206,12.367069,6.552551e-05,-6.7193774e-05,0,0,0,1
1771685562036000,1771685561880000,0,1771685561884000,0,-572.13184,12.354284,-0.1296997,-0.13940293,12.3671665,5.4408625e-05,-6.598938e-05,0,0,0,1
1771685562084000,1771685561932000,0,1771685561932000,0,-572.1048,12.354216,-0.1864624,-0.14383607,12.367069,0.00011245422,-7.03665e-05,0,0,0,1
1771685562140000,1771685561984000,0,1771685561988000,0,-572.15796,12.354284,-0.1671753,-0.14603469,12.3671665,9.039282e-05,-7.225304e-05,0,0,0,1
1771685562188000,1771685562036000,0,1771685562036000,0,-572.1922,12.354216,-0.16101074,-0.14744547,12.367069,8.384997e-05,-7.33455e-05,0,0,0,1
1771685562244000,1771685562088000,0,1771685562092000,0,-572.2218,12.354284,-0.1630249,-0.1489131,12.3671665,8.596025e-05,-7.453385e-05,0,0,0,1
1771685562292000,1771685562140000,0,1771685562140000,0,-572.22314,12.354216,-0.18774414,-0.1525711,12.367069,0.00011400555,-7.82522e-05,0,0,0,1
1771685562348000,1771685562192000,0,1771685562196000,0,-572.1778,12.354284,-0.2630005,-0.16297387,12.3671665,0.00022371899,-9.195559e-05,0,0,0,1
1771685562396000,1771685562244000,0,1771685562244000,0,-572.3255,12.354216,-0.14038086,-0.16084553,12.367069,6.373955e-05,-8.929756e-05,0,0,0,1
1771685562452000,1771685562296000,0,1771685562300000,0,-572.2939,12.354284,-0.20043945,-0.1645754,12.3671665,0.00012994399,-9.312657e-05,0,0,0,1
1771685562500000,1771685562348000,0,1771685562348000,0,-572.35187,12.354216,-0.16601562,-0.16471107,12.367069,8.9143796e-05,-9.2751376e-05,0,0,0,1
1771685562556000,1771685562400000,0,1771685562404000,0,-572.3157,12.354284,-0.22924805,-0.17079064,12.3671665,0.00016998127,-0.00010002666,0,0,0,1
1771685562604000,1771685562452000,0,1771685562452000,0,-572.39276,12.354216,-0.17456055,-0.17114578,12.367069,9.855653e-05,-9.9888166e-05,0,0,0,1
1771685562660000,1771685562504000,0,1771685562508000,0,-572.413,12.354284,-0.1796875,-0.17195043,12.3671665,0.00010443005,-0.00010031602,0,0,0,1
1771685562708000,1771685562556000,0,1771685562556000,0,-572.39575,12.354216,-0.21801758,-0.1762901,12.367069,0.00015373623,-0.00010534836,0,0,0,1
1771685562764000,1771685562608000,0,1771685562612000,0,-572.4586,12.354284,-0.17883301,-0.17652965,12.3671665,0.0001034392,-0.00010516851,0,0,0,1
1771685562812000,1771685562660000,0,1771685562660000,0,-572.47894,12.354216,-0.17852783,-0.17671788,12.367069,0.00010308727,-0.00010497245,0,0,0,1
1771685562868000,1771685562712000,0,1771685562716000,0,-572.50854,12.354284,-0.17181396,-0.17625591,12.3671665,9.547875e-05,-0.00010407812,0,0,0,1
1771685562916000,1771685562764000,0,1771685562764000,0,-572.51,12.354216,-0.1895752,-0.17751063,12.367069,0.00011624017,-0.00010522382,0,0,0,1
1771685562972000,1771685562816000,0,1771685562820000,0,-572.57733,12.354284,-0.144104,-0.17436363,12.3671665,6.716482e-05,-0.00010163855,0,0,0,1
1771685563020000,1771685562868000,0,1771685562868000,0,-572.58325,12.354216,-0.15673828,-0.17270327,12.367069,7.945905e-05,-9.954918e-05,0,0,0,1
1771685563076000,1771685562920000,0,1771685562924000,0,-572.6409,12.354284,-0.12005615,-0.16774376,12.3671665,4.6618534e-05,-9.456296e-05,0,0,0,1
1771685563124000,1771685562972000,0,1771685562972000,0,-572.6372,12.354216,-0.14135742,-0.1652581,12.367069,6.462944e-05,-9.174313e-05,0,0,0,1
1771685563180000,1771685563024000,0,1771685563028000,0,-572.6384,12.354284,-0.16046143,-0.16480623,12.3671665,8.327815e-05,-9.094571e-05,0,0,0,1
1771685563228000,1771685563076000,0,1771685563076000,0,-572.63043,12.354216,-0.18536377,-0.16674282,12.367069,0.00011113297,-9.2847404e-05,0,0,0,1
1771685563284000,1771685563128000,0,1771685563132000,0,-572.63666,12.354284,-0.19854736,-0.1697389,12.3671665,0.0001275023,-9.6111995e-05,0,0,0,1
1771685563332000,1771685563180000,0,1771685563180000,0,-572.6665,12.354216,-0.18487549,-0.17116481,12.367069,0.00011054825,-9.747193e-05,0,0,0,1
1771685563388000,1771685563232000,0,1771685563236000,0,-572.6446,12.354284,-0.22558594,-0.17629144,12.3671665,0.00016459393,-0.00010379502,0,0,0,1
1771685563436000,1771685563284000,0,1771685563284000,0,-572.7404,12.354216,-0.14526367,-0.17336853,12.367069,6.825072e-05,-0.00010044665,0,0,0,1
1771685563492000,1771685563336000,0,1771685563340000,0,-572.73224,12.354284,-0.17199707,-0.17323934,12.3671665,9.568236e-05,-9.999784e-05,0,0,0,1
1771685563540000,1771685563388000,0,1771685563388000,0,-572.7431,12.354216,-0.17755127,-0.17364553,12.367069,0.00010196257,-0.00010018292,0,0,0,1
1771685563596000,1771685563440000,0,1771685563444000,0,-572.8103,12.354284,-0.13061523,-0.16959195,12.3671665,5.517946e-05,-9.594346e-05,0,0,0,1
1771685563644000,1771685563492000,0,1771685563492000,0,-572.8208,12.354216,-0.13812256,-0.16662744,12.367069,6.1705294e-05,-9.2718125e-05,0,0,0,1
1771685563700000,1771685563544000,0,1771685563548000,0,-572.81256,12.354284,-0.16809082,-0.16676529,12.3671665,9.13856e-05,-9.25926e-05,0,0,0,1
1771685563748000,1771685563596000,0,1771685563596000,0,-572.8281,12.354216,-0.17120361,-0.16718338,12.367069,9.480234e-05,-9.2800765e-05,0,0,0,1
1771685563804000,1771685563648000,0,1771685563652000,0,-572.89056,12.354284,-0.13012695,-0.16369256,12.3671665,5.4767675e-05,-8.921794e-05,0,0,0,1
1771685563852000,1771685563700000,0,1771685563700000,0,-572.83997,12.354216,-0.19885254,-0.16700473,12.367069,0.00012789556,-9.286148e-05,0,0,0,1
1771685563908000,1771685563752000,0,1771685563756000,0,-572.8652,12.354284,-0.1942749,-0.16957366,12.3671665,0.000122074,-9.561339e-05,0,0,0,1
1771685563956000,1771685563804000,0,1771685563804000,0,-572.9137,12.354216,-0.16259766,-0.16891651,12.367069,8.5510954e-05,-9.466171e-05,0,0,0,1
1771685564012000,1771685563856000,0,1771685563860000,0,-572.89636,12.354284,-0.19891357,-0.17174232,12.3671665,0.00012797308,-9.779973e-05,0,0,0,1
1771685564060000,1771685563908000,0,1771685563908000,0,-572.90265,12.354216,-0.20794678,-0.17515288,12.367069,0.00013986131,-0.00010176205,0,0,0,1
1771685564116000,1771685563960000,0,1771685563964000,0,-572.9608,12.354284,-0.16644287,-0.17433238,12.3671665,8.960251e-05,-0.00010061659,0,0,0,1
1771685564164000,1771685564012000,0,1771685564012000,0,-572.9434,12.354216,-0.19689941,-0.17645825,12.36707,0.00012539551,-0.000102950835,0,0,0,1
1771685564220000,1771685564064000,0,1771685564068000,0,-572.9826,12.354284,-0.17224121,-0.17606099,12.3671665,9.595419e-05,-0.00010229173,0,0,0,1
1771685564268000,1771685564116000,0,1771685564116000,0,-573.031,12.354216,-0.13519287,-0.1722111,12.36707,5.9115417e-05,-9.8224395e-05,0,0,0,1
1771685564324000,1771685564168000,0,1771685564172000,0,-573.03687,12.354284,-0.14196777,-0.16936208,12.367167,6.5188244e-05,-9.511229e-05,0,0,0,1
1771685564372000,1771685564220000,0,1771685564220000,0,-573.0333,12.354216,-0.1550293,-0.16801189,12.367071,7.773573e-05,-9.347537e-05,0,0,0,1
1771685564428000,1771685564272000,0,1771685564276000,0,-573.07227,12.354284,-0.12658691,-0.16410954,12.367168,5.182835e-05,-8.95521e-05,0,0,0,1
1771685564476000,1771685564324000,0,1771685564324000,0,-573.0451,12.354216,-0.16174316,-0.16388662,12.367072,8.461454e-05,-8.908697e-05,0,0,0,1
1771685564532000,1771685564376000,0,1771685564380000,0,-573.0841,12.354284,-0.13128662,-0.16081561,12.36717,5.5748165e-05,-8.594636e-05,0,0,0,1
1771685564580000,1771685564428000,0,1771685564428000,0,-573.057,12.354216,-0.16497803,-0.16120772,12.367074,8.8032946e-05,-8.614292e-05,0,0,0,1
1771685564636000,1771685564480000,0,1771685564484000,0,-573.0819,12.354284,-0.14752197,-0.15991849,12.367171,7.038871e-05,-8.465883e-05,0,0,0,1
1771685564684000,1771685564532000,0,1771685564532000,0,-573.12067,12.354216,-0.11462402,-0.15565161,12.367076,4.2495627e-05,-8.0686936e-05,0,0,0,1
1771685564740000,1771685564584000,0,1771685564588000,0,-573.12634,12.354284,-0.114990234,-0.1518212,12.367174,4.276726e-05,-7.711479e-05,0,0,0,1
1771685564788000,1771685564636000,0,1771685564636000,0,-573.0616,12.354216,-0.1842041,-0.15487176,12.367078,0.00010974671,-8.018881e-05,0,0,0,1
1771685564844000,1771685564688000,0,1771685564692000,0,-573.11475,12.354284,-0.13562012,-0.1530582,12.367176,5.9489135e-05,-7.823884e-05,0,0,0,1
1771685564892000,1771685564740000,0,1771685564740000,0,-573.10187,12.354216,-0.15112305,-0.1528759,12.367081,7.386764e-05,-7.7827055e-05,0,0,0,1
1771685564948000,1771685564792000,0,1771685564796000,0,-573.0374,12.354284,-0.21801758,-0.15901244,12.367179,0.00015373486,-8.497779e-05,0,0,0,1
1771685564996000,1771685564844000,0,1771685564844000,0,-573.04395,12.354216,-0.21252441,-0.16405343,12.367084,0.00014608659,-9.073442e-05,0,0,0,1
1771685565052000,1771685564896000,0,1771685564900000,0,-573.0457,12.354284,-0.21173096,-0.16854478,12.367182,0.00014499665,-9.584608e-05,0,0,0,1
1771685565100000,1771685564948000,0,1771685564948000,0,-573.0568,12.354216,-0.2006836,-0.17157236,12.367086,0.00013026159,-9.908812e-05,0,0,0,1
1771685565156000,1771685565000000,0,1771685565004000,0,-573.0492,12.354284,-0.20794678,-0.17499894,12.367186,0.00013986,-0.000102928956,0,0,0,1
1771685565204000,1771685565052000,0,1771685565052000,0,-573.1026,12.354216,-0.15325928,-0.172951,12.36709,7.597068e-05,-0.00010038941,0,0,0,1
1771685565260000,1771685565104000,0,1771685565108000,0,-573.0992,12.354284,-0.15533447,-0.17129147,12.367189,7.804133e-05,-9.828415e-05,0,0,0,1
1771685565308000,1771685565156000,0,1771685565156000,0,-573.0347,12.354216,-0.21801758,-0.1756932,12.367094,0.00015373592,-0.00010350787,0,0,0,1
1771685565364000,1771685565208000,0,1771685565212000,0,-573.07886,12.354284,-0.17150879,-0.17529902,12.367192,9.513967e-05,-0.00010271956,0,0,0,1
1771685565412000,1771685565260000,0,1771685565260000,0,-573.09906,12.354216,-0.14855957,-0.17278008,12.367097,7.138278e-05,-9.9767545e-05,0,0,0,1
1771685565468000,1771685565312000,0,1771685565316000,0,-573.0487,12.354284,-0.19641113,-0.1750062,12.367196,0.0001247731,-0.000102123144,0,0,0,1
1771685565516000,1771685565364000,0,1771685565364000,0,-573.05035,12.354216,-0.19207764,-0.17661437,12.367101,0.00011932891,-0.00010374398,0,0,0,1
1771685565572000,1771685565416000,0,1771685565420000,0,-573.0942,12.354284,-0.14581299,-0.17371279,12.367199,6.8767156e-05,-0.00010044906,0,0,0,1
1771685565620000,1771685565468000,0,1771685565468000,0,-573.025,12.354216,-0.21234131,-0.17735171,12.367104,0.00014583474,-0.000104724524,0,0,0,1
1771685565676000,1771685565520000,0,1771685565524000,0,-573.008,12.354284,-0.22747803,-0.18207376,12.367202,0.00016736607,-0.00011062554,0,0,0,1
1771685565724000,1771685565572000,0,1771685565572000,0,-573.085,12.354216,-0.14868164,-0.17892812,12.3671055,7.150009e-05,-0.000106939806,0,0,0,1
1771685565780000,1771685565624000,0,1771685565628000,0,-573.00653,12.354284,-0.22625732,-0.18338667,12.367204,0.00016557463,-0.00011246338,0,0,0,1
1771685565828000,1771685565676000,0,1771685565676000,0,-573.1164,12.354216,-0.115600586,-0.17700103,12.367107,4.3222706e-05,-0.00010594071,0,0,0,1
1771685565884000,1771685565728000,0,1771685565732000,0,-573.03284,12.354284,-0.19903564,-0.17907676,12.367206,0.00012812979,-0.00010803098,0,0,0,1
1771685565932000,1771685565780000,0,1771685565780000,0,-573.05334,12.354216,-0.17803955,-0.17897905,12.367108,0.00010252383,-0.00010751219,0,0,0,1
1771685565988000,1771685565832000,0,1771685565836000,0,-573.10175,12.354284,-0.1296997,-0.17433679,12.367207,5.440845e-05,-0.000102509664,0,0,0,1
1771685566036000,1771685565884000,0,1771685565884000,0,-573.12164,12.354216,-0.109680176,-0.16824596,12.367109,3.890882e-05,-9.651828e-05,0,0,0,1
1771685566092000,1771685565936000,0,1771685565940000,0,-573.08496,12.354284,-0.14685059,-0.16623046,12.367207,6.974928e-05,-9.399656e-05,0,0,0,1
1771685566140000,1771685565988000,0,1771685565988000,0,-573.06274,12.354216,-0.16912842,-0.16650344,12.367109,9.251773e-05,-9.385725e-05,0,0,0,1
1771685566196000,1771685566040000,0,1771685566044000,0,-573.0595,12.354284,-0.17260742,-0.16707845,12.367207,9.636233e-05,-9.409324e-05,0,0,0,1
1771685566244000,1771685566092000,0,1771685566092000,0,-573.0844,12.354216,-0.14770508,-0.16525342,12.367109,7.056391e-05,-9.1876704e-05,0,0,0,1
1771685566300000,1771685566144000,0,1771685566148000,0,-573.081,12.354284,-0.15179443,-0.16398554,12.367207,7.4524665e-05,-9.0242094e-05,0,0,0,1
1771685566348000,1771685566196000,0,1771685566196000,0,-573.1198,12.354216,-0.11352539,-0.15923205,12.367108,4.1684812e-05,-8.566786e-05,0,0,0,1
1771685566404000,1771685566248000,0,1771685566252000,0,-573.1302,12.354284,-0.10418701,-0.15404665,12.367206,3.5108766e-05,-8.090505e-05,0,0,0,1
1771685566452000,1771685566300000,0,1771685566300000,0,-573.10754,12.354216,-0.12768555,-0.15156336,12.367107,5.2732135e-05,-7.8251076e-05,0,0,0,1
1771685566508000,1771685566352000,0,1771685566356000,0,-573.11804,12.354284,-0.11859131,-0.1484573,12.367205,4.548772e-05,-7.516467e-05,0,0,0,1
1771685566556000,1771685566404000,0,1771685566404000,0,-573.17065,12.354216,-0.06677246,-0.14076236,12.367106,1.442071e-05,-6.9442416e-05,0,0,0,1
1771685566612000,1771685566456000,0,1771685566460000,0,-573.13367,12.354284,-0.105773926,-0.13746634,12.367203,3.6186433e-05,-6.630961e-05,0,0,0,1
1771685566660000,1771685566508000,0,1771685566508000,0,-573.06885,12.354216,-0.17181396,-0.140702,12.3671055,9.547921e-05,-6.905747e-05,0,0,0,1
1771685566716000,1771685566560000,0,1771685566564000,0,-573.11725,12.354284,-0.12536621,-0.13925731,12.367202,5.0833445e-05,-6.734071e-05,0,0,0,1
1771685566764000,1771685566612000,0,1771685566612000,0,-573.08545,12.354216,-0.15838623,-0.14105931,12.367104,8.1138474e-05,-6.8640504e-05,0,0,0,1
1771685566820000,1771685566664000,0,1771685566668000,0,-573.1243,12.354284,-0.121154785,-0.13918425,12.3672,4.747552e-05,-6.66467e-05,0,0,0,1
1771685566868000,1771685566716000,0,1771685566716000,0,-573.15356,12.354216,-0.09313965,-0.13484672,12.367103,2.8058292e-05,-6.301156e-05,0,0,0,1
1771685566924000,1771685566768000,0,1771685566772000,0,-573.08856,12.354284,-0.16033936,-0.1372482,12.367198,8.315128e-05,-6.490878e-05,0,0,0,1
1771685566972000,1771685566820000,0,1771685566820000,0,-573.1134,12.354216,-0.13702393,-0.13722707,12.367101,6.072743e-05,-6.451488e-05,0,0,0,1
1771685567028000,1771685566872000,0,1771685566876000,0,-573.11926,12.354284,-0.1329956,-0.13682845,12.367197,5.7208857e-05,-6.3826636e-05,0,0,0,1
1771685567076000,1771685566924000,0,1771685566924000,0,-573.12976,12.354216,-0.12359619,-0.13558194,12.367099,4.9408576e-05,-6.246841e-05,0,0,0,1
1771685567132000,1771685566976000,0,1771685566980000,0,-573.1496,12.354284,-0.105529785,-0.13275094,12.367195,3.6019603e-05,-5.9976857e-05,0,0,0,1
1771685567180000,1771685567028000,0,1771685567028000,0,-573.1317,12.354216,-0.124572754,-0.13198054,12.367098,5.019244e-05,-5.9055135e-05,0,0,0,1
1771685567236000,1771685567080000,0,1771685567084000,0,-573.13745,12.354284,-0.12060547,-0.13090898,12.367193,4.7046015e-05,-5.792384e-05,0,0,0,1
1771685567284000,1771685567132000,0,1771685567132000,0,-573.1431,12.354216,-0.11639404,-0.12954164,12.367096,4.3818123e-05,-5.659504e-05,0,0,0,1
1771685567340000,1771685567184000,0,1771685567188000,0,-573.13,12.354284,-0.1317749,-0.12975201,12.367192,5.6163513e-05,-5.655439e-05,0,0,0,1
1771685567388000,1771685567236000,0,1771685567236000,0,-573.14996,12.354216,-0.113464355,-0.12821767,12.367094,4.164005e-05,-5.5149416e-05,0,0,0,1
1771685567444000,1771685567288000,0,1771685567292000,0,-573.1321,12.354284,-0.13360596,-0.12872526,12.36719,5.773519e-05,-5.5393004e-05,0,0,0,1
1771685567492000,1771685567340000,0,1771685567340000,0,-573.14734,12.354216,-0.12005615,-0.1279086,12.367093,4.661881e-05,-5.4566448e-05,0,0,0,1
1771685567548000,1771685567392000,0,1771685567396000,0,-573.1295,12.354284,-0.1404419,-0.12908928,12.367189,6.379437e-05,-5.5435743e-05,0,0,0,1
1771685567596000,1771685567444000,0,1771685567444000,0,-573.14014,12.354216,-0.1315918,-0.12932503,12.367091,5.6008e-05,-5.548965e-05,0,0,0,1
1771685567652000,1771685567496000,0,1771685567500000,0,-573.13184,12.354284,-0.14190674,-0.13051027,12.3671875,6.51321e-05,-5.6398e-05,0,0,0,1
1771685567700000,1771685567548000,0,1771685567548000,0,-573.16125,12.354216,-0.113708496,-0.1289275,12.36709,4.181945e-05,-5.502466e-05,0,0,0,1
1771685567756000,1771685567600000,0,1771685567604000,0,-573.1716,12.354284,-0.105285645,-0.12670037,12.367187,3.5853158e-05,-5.3218646e-05,0,0,0,1
1771685567804000,1771685567652000,0,1771685567652000,0,-573.1349,12.354216,-0.14331055,-0.1282651,12.367089,6.642763e-05,-5.446297e-05,0,0,0,1
1771685567860000,1771685567704000,0,1771685567708000,0,-573.1361,12.354284,-0.14404297,-0.12975141,12.367186,6.710784e-05,-5.5654153e-05,0,0,0,1
1771685567908000,1771685567756000,0,1771685567756000,0,-573.14667,12.354216,-0.13458252,-0.13020653,12.367088,5.858276e-05,-5.5930035e-05,0,0,0,1
1771685567964000,1771685567808000,0,1771685567812000,0,-573.19006,12.354284,-0.09277344,-0.12668023,12.367185,2.7837898e-05,-5.3283675e-05,0,0,0,1
1771685568012000,1771685567860000,0,1771685567860000,0,-573.20966,12.354216,-0.07421875,-0.1217382,12.367086,1.7816397e-05,-4.9942555e-05,0,0,0,1
1771685568068000,1771685567912000,0,1771685567916000,0,-573.21027,12.354284,-0.07513428,-0.11734798,12.367184,1.8258514e-05,-4.6957826e-05,0,0,0,1
1771685568116000,1771685567964000,0,1771685567964000,0,-573.1405,12.354216,-0.1461792,-0.12006396,12.367085,6.9113645e-05,-4.9044967e-05,0,0,0,1
1771685568172000,1771685568016000,0,1771685568020000,0,-573.1652,12.354284,-0.12298584,-0.12033921,12.367183,4.892146e-05,-4.9033333e-05,0,0,0,1
1771685568220000,1771685568068000,0,1771685568068000,0,-573.14276,12.354216,-0.14642334,-0.12279641,12.3670845,6.93447e-05,-5.0946725e-05,0,0,0,1
1771685568276000,1771685568120000,0,1771685568124000,0,-573.205,12.354284,-0.08532715,-0.119266696,12.367182,2.3548526e-05,-4.8365735e-05,0,0,0,1
1771685568324000,1771685568172000,0,1771685568172000,0,-573.20105,12.354216,-0.09008789,-0.11651797,12.367084,2.624977e-05,-4.628235e-05,0,0,0,1
1771685568380000,1771685568224000,0,1771685568228000,0,-573.16425,12.354284,-0.1281128,-0.11761023,12.367181,5.30853e-05,-4.6923207e-05,0,0,0,1
1771685568428000,1771685568276000,0,1771685568276000,0,-573.217,12.354216,-0.07598877,-0.11368937,12.367084,1.8676328e-05,-4.426227e-05,0,0,0,1
1771685568484000,1771685568328000,0,1771685568332000,0,-573.2082,12.354284,-0.08557129,-0.11104056,12.36718,2.3683477e-05,-4.232369e-05,0,0,0,1
1771685568532000,1771685568380000,0,1771685568380000,0,-573.2136,12.354216,-0.08087158,-0.10819855,12.367083,2.1153615e-05,-4.0329407e-05,0,0,0,1
1771685568588000,1771685568432000,0,1771685568436000,0,-573.2143,12.354284,-0.08135986,-0.10567027,12.367179,2.140966e-05,-3.854711e-05,0,0,0,1
1771685568636000,1771685568484000,0,1771685568484000,0,-573.1493,12.354216,-0.14733887,-0.109595574,12.367082,7.02146e-05,-4.153028e-05,0,0,0,1
1771685568692000,1771685568536000,0,1771685568540000,0,-573.1881,12.354284,-0.109680176,-0.10960355,12.367178,3.8908605e-05,-4.128331e-05,0,0,0,1
1771685568740000,1771685568588000,0,1771685568588000,0,-573.23126,12.354216,-0.06738281,-0.10562623,12.367081,1.4685579e-05,-3.8777725e-05,0,0,0,1
1771685568796000,1771685568640000,0,1771685568644000,0,-573.1755,12.354284,-0.12432861,-0.10738805,12.367177,4.999558e-05,-3.983448e-05,0,0,0,1
1771685568844000,1771685568692000,0,1771685568692000,0,-573.2094,12.354216,-0.09124756,-0.105867565,12.36708,2.6929936e-05,-3.8618833e-05,0,0,0,1
1771685568900000,1771685568744000,0,1771685568748000,0,-573.182,12.354284,-0.11981201,-0.10718117,12.367177,4.642909e-05,-3.935458e-05,0,0,0,1
1771685568948000,1771685568796000,0,1771685568796000,0,-573.17365,12.354216,-0.12908936,-0.10924499,12.36708,5.389813e-05,-4.0724626e-05,0,0,0,1
1771685569004000,1771685568848000,0,1771685568852000,0,-573.17004,12.354284,-0.1340332,-0.11158011,12.367176,5.8105095e-05,-4.2361917e-05,0,0,0,1
1771685569052000,1771685568900000,0,1771685568900000,0,-573.2369,12.354216,-0.068115234,-0.10748559,12.367079,1.5006568e-05,-3.978496e-05,0,0,0,1
1771685569108000,1771685568952000,0,1771685568956000,0,-573.2374,12.354284,-0.06866455,-0.103828534,12.367175,1.5249466e-05,-3.747365e-05,0,0,0,1
1771685569156000,1771685569004000,0,1771685569004000,0,-573.24274,12.354216,-0.06414795,-0.10009051,12.367078,1.3309399e-05,-3.5197307e-05,0,0,0,1
1771685569212000,1771685569056000,0,1771685569060000,0,-573.18225,12.354284,-0.12597656,-0.10252905,12.367175,5.132973e-05,-3.671703e-05,0,0,0,1
1771685569260000,1771685569108000,0,1771685569108000,0,-573.2396,12.354216,-0.06933594,-0.09940216,12.367078,1.5549258e-05,-3.472296e-05,0,0,0,1
1771685569316000,1771685569160000,0,1771685569164000,0,-573.23083,12.354284,-0.07879639,-0.09746104,12.367174,2.0081776e-05,-3.334372e-05,0,0,0,1
1771685569364000,1771685569212000,0,1771685569212000,0,-573.2409,12.354216,-0.06921387,-0.09480007,12.367077,1.5494557e-05,-3.1662275e-05,0,0,0,1
1771685569420000,1771685569264000,0,1771685569268000,0,-573.23676,12.354284,-0.07434082,-0.09287275,12.367174,1.7874925e-05,-3.0363466e-05,0,0,0,1
1771685569468000,1771685569316000,0,1771685569316000,0,-573.24677,12.354216,-0.06549072,-0.09029328,12.367077,1.3872429e-05,-2.8809962e-05,0,0,0,1
1771685569524000,1771685569368000,0,1771685569372000,0,-573.2192,12.354284,-0.09442139,-0.090682164,12.367173,2.8835688e-05,-2.8812385e-05,0,0,0,1
1771685569572000,1771685569420000,0,1771685569420000,0,-573.26227,12.354216,-0.0524292,-0.08707862,12.367076,8.89077e-06,-2.6935712e-05,0,0,0,1
1771685569628000,1771685569472000,0,1771685569476000,0,-573.2345,12.354284,-0.081604004,-0.0865629,12.367172,2.1538353e-05,-2.6427264e-05,0,0,0,1
1771685569676000,1771685569524000,0,1771685569524000,0,-573.2117,12.354216,-0.105285645,-0.08832664,12.367076,3.5853474e-05,-2.731524e-05,0,0,0,1
1771685569732000,1771685569576000,0,1771685569580000,0,-573.2549,12.354284,-0.06335449,-0.085974194,12.367172,1.2982083e-05,-2.5965015e-05,0,0,0,1
1771685569780000,1771685569628000,0,1771685569628000,0,-573.246,12.354216,-0.07336426,-0.0847863,12.367075,1.7408527e-05,-2.515897e-05,0,0,0,1
1771685569836000,1771685569680000,0,1771685569684000,0,-573.27,12.354284,-0.050476074,-0.08155418,12.367171,8.240636e-06,-2.3565213e-05,0,0,0,1
1771685569884000,1771685569732000,0,1771685569732000,0,-573.27045,12.354216,-0.050842285,-0.07866103,12.367075,8.360709e-06,-2.2132905e-05,0,0,0,1
1771685569940000,1771685569784000,0,1771685569788000,0,-573.26624,12.354284,-0.05609131,-0.0765349,12.367171,1.0176085e-05,-2.1006537e-05,0,0,0,1
1771685569988000,1771685569836000,0,1771685569836000,0,-573.29016,12.354216,-0.032836914,-0.07241842,12.367074,3.487528e-06,-1.9356195e-05,0,0,0,1
1771685570044000,1771685569888000,0,1771685569892000,0,-573.206,12.354284,-0.11798096,-0.076710545,12.367171,4.5020824e-05,-2.1773878e-05,0,0,0,1
1771685570092000,1771685569940000,0,1771685569940000,0,-573.30084,12.354216,-0.023864746,-0.07173232,12.367074,1.8420723e-06,-1.9896244e-05,0,0,0,1
1771685570148000,1771685569992000,0,1771685569996000,0,-573.3104,12.354284,-0.015014648,-0.06638935,12.36717,7.291552e-07,-1.8090648e-05,0,0,0,1
1771685570196000,1771685570044000,0,1771685570044000,0,-573.2495,12.354216,-0.076538086,-0.067345396,12.367073,1.8947341e-05,-1.8171351e-05,0,0,0,1
1771685570252000,1771685570096000,0,1771685570100000,0,-573.2596,12.354284,-0.06744385,-0.06735467,12.36717,1.4712088e-05,-1.784548e-05,0,0,0,1
1771685570300000,1771685570148000,0,1771685570148000,0,-573.28827,12.354216,-0.03930664,-0.064712465,12.367073,4.997179e-06,-1.6635133e-05,0,0,0,1
1771685570356000,1771685570200000,0,1771685570204000,0,-573.27454,12.354284,-0.053894043,-0.06369334,12.367169,9.394447e-06,-1.595304e-05,0,0,0,1
1771685570404000,1771685570252000,0,1771685570252000,0,-573.2515,12.354216,-0.07763672,-0.065006845,12.367073,1.9495188e-05,-1.628672e-05,0,0,0,1
1771685570460000,1771685570304000,0,1771685570308000,0,-573.2475,12.354284,-0.08239746,-0.06664509,12.367169,2.1959242e-05,-1.6821088e-05,0,0,0,1
1771685570508000,1771685570356000,0,1771685570356000,0,-573.2857,12.354216,-0.044677734,-0.0645757,12.367072,6.456177e-06,-1.5844684e-05,0,0,0,1
1771685570564000,1771685570408000,0,1771685570412000,0,-573.2955,12.354284,-0.035888672,-0.061873302,12.367169,4.165858e-06,-1.4744504e-05,0,0,0,1
1771685570612000,1771685570460000,0,1771685570460000,0,-573.25824,12.354216,-0.07373047,-0.06299028,12.367072,1.7582763e-05,-1.5011877e-05,0,0,0,1
1771685570668000,1771685570512000,0,1771685570516000,0,-573.28235,12.354284,-0.05065918,-0.061828654,12.367168,8.300534e-06,-1.4379649e-05,0,0,0,1
1771685570716000,1771685570564000,0,1771685570564000,0,-573.26404,12.354216,-0.06951904,-0.06255311,12.367072,1.5631502e-05,-1.4497577e-05,0,0,0,1
1771685570772000,1771685570616000,0,1771685570620000,0,-573.2646,12.354284,-0.070007324,-0.06325532,12.367168,1.585173e-05,-1.4625141e-05,0,0,0,1
1771685570820000,1771685570668000,0,1771685570668000,0,-573.2746,12.354216,-0.06060791,-0.063005924,12.367071,1.1880966e-05,-1.4366632e-05,0,0,0,1
1771685570876000,1771685570720000,0,1771685570724000,0,-573.2563,12.354284,-0.07965088,-0.06457393,12.367168,2.0519694e-05,-1.49462685e-05,0,0,0,1
1771685570924000,1771685570772000,0,1771685570772000,0,-573.2898,12.354216,-0.04626465,-0.06284914,12.367071,6.9229573e-06,-1.4190449e-05,0,0,0,1
1771685570980000,1771685570824000,0,1771685570828000,0,-573.2527,12.354284,-0.083984375,-0.064840145,12.367168,2.2813227e-05,-1.500274e-05,0,0,0,1
1771685571028000,1771685570876000,0,1771685570876000,0,-573.23926,12.354216,-0.09777832,-0.067943014,12.367071,3.092276e-05,-1.6502452e-05,0,0,0,1
1771685571084000,1771685570928000,0,1771685570932000,0,-573.2683,12.354284,-0.06915283,-0.068056986,12.367167,1.5467127e-05,-1.6404922e-05,0,0,0,1
1771685571132000,1771685570980000,0,1771685570980000,0,-573.26886,12.354216,-0.06890869,-0.06813722,12.367071,1.5358228e-05,-1.630632e-05,0,0,0,1
1771685571188000,1771685571032000,0,1771685571036000,0,-573.2976,12.354284,-0.04083252,-0.06556504,12.367167,5.3926483e-06,-1.527822e-05,0,0,0,1
1771685571236000,1771685571084000,0,1771685571084000,0,-573.21814,12.354216,-0.12097168,-0.07078451,12.367071,4.7332618e-05,-1.8297837e-05,0,0,0,1
1771685571292000,1771685571136000,0,1771685571140000,0,-573.30835,12.354284,-0.031555176,-0.06708899,12.367167,3.2205567e-06,-1.6877513e-05,0,0,0,1
1771685571340000,1771685571188000,0,1771685571188000,0,-573.23346,12.354216,-0.10668945,-0.07081947,12.36707,3.681596e-05,-1.8755773e-05,0,0,0,1
1771685571396000,1771685571240000,0,1771685571244000,0,-573.2814,12.354284,-0.059326172,-0.069736764,12.367167,1.1383672e-05,-1.8061299e-05,0,0,0,1
1771685571444000,1771685571292000,0,1771685571292000,0,-573.27716,12.354216,-0.06402588,-0.06919878,12.36707,1.3258801e-05,-1.7608889e-05,0,0,0,1
1771685571500000,1771685571344000,0,1771685571348000,0,-573.31055,12.354284,-0.031433105,-0.06564114,12.367167,3.1956877e-06,-1.6251124e-05,0,0,0,1
1771685571548000,1771685571396000,0,1771685571396000,0,-573.30145,12.354216,-0.041015625,-0.063321345,12.36707,5.4411644e-06,-1.5232795e-05,0,0,0,1
1771685571604000,1771685571448000,0,1771685571452000,0,-573.31586,12.354284,-0.026977539,-0.059897654,12.367167,2.3539346e-06,-1.4019569e-05,0,0,0,1
1771685571652000,1771685571500000,0,1771685571500000,0,-573.2222,12.354216,-0.121154785,-0.065668255,12.36707,4.747602e-05,-1.7171264e-05,0,0,0,1
1771685571708000,1771685571552000,0,1771685571556000,0,-573.29364,12.354284,-0.05029297,-0.064219855,12.3671665,8.180961e-06,-1.6324351e-05,0,0,0,1
1771685571756000,1771685571604000,0,1771685571604000,0,-573.32697,12.354216,-0.017028809,-0.05977432,12.36707,9.379111e-07,-1.4874904e-05,0,0,0,1
1771685571812000,1771685571656000,0,1771685571660000,0,-573.3271,12.354284,-0.017456055,-0.055787817,12.3671665,9.855574e-07,-1.3566487e-05,0,0,0,1
1771685571860000,1771685571708000,0,1771685571708000,0,-573.2943,12.354216,-0.050842285,-0.05532193,12.36707,8.360713e-06,-1.3076088e-05,0,0,0,1
1771685571916000,1771685571760000,0,1771685571764000,0,-573.31354,12.354284,-0.032409668,-0.05316353,12.3671665,3.3973395e-06,-1.2164322e-05,0,0,0,1
1771685571964000,1771685571812000,0,1771685571812000,0,-573.2481,12.354216,-0.09820557,-0.05740662,12.36707,3.119359e-05,-1.3956934e-05,0,0,0,1
1771685572020000,1771685571864000,0,1771685571868000,0,-573.34283,12.354284,-0.0040283203,-0.05237823,12.3671665,5.248531e-08,-1.2647094e-05,0,0,0,1
1771685572068000,1771685571916000,0,1771685571916000,0,-573.3288,12.354216,-0.018615723,-0.049197704,12.367069,1.1208642e-06,-1.1561289e-05,0,0,0,1
1771685572124000,1771685571968000,0,1771685571972000,0,-573.3102,12.354284,-0.038269043,-0.048168194,12.3671665,4.7367994e-06,-1.0918402e-05,0,0,0,1
1771685572172000,1771685572020000,0,1771685572020000,0,-573.24945,12.354216,-0.09991455,-0.05304285,12.367069,3.228871e-05,-1.2931547e-05,0,0,0,1
1771685572228000,1771685572072000,0,1771685572076000,0,-573.33014,12.354284,-0.020324707,-0.049960706,12.3671665,1.3360982e-06,-1.1839222e-05,0,0,0,1
1771685572276000,1771685572124000,0,1771685572124000,0,-573.33966,12.354216,-0.01171875,-0.0463582,12.367069,4.4417672e-07,-1.0765775e-05,0,0,0,1
1771685572332000,1771685572176000,0,1771685572180000,0,-573.3022,12.354284,-0.050048828,-0.046705868,12.3671665,8.101727e-06,-1.0514814e-05,0,0,0,1
1771685572380000,1771685572228000,0,1771685572228000,0,-573.3402,12.354216,-0.0126953125,-0.043501973,12.367069,5.212907e-07,-9.573395e-06,0,0,0,1
1771685572436000,1771685572280000,0,1771685572284000,0,-573.31683,12.354284,-0.03704834,-0.04289402,12.3671665,4.4394305e-06,-9.08976e-06,0,0,0,1
1771685572484000,1771685572332000,0,1771685572332000,0,-573.33594,12.354216,-0.018554688,-0.040601186,12.367069,1.1135263e-06,-8.338376e-06,0,0,0,1
1771685572540000,1771685572384000,0,1771685572388000,0,-573.275,12.354284,-0.080566406,-0.044366024,12.3671665,2.0994124e-05,-9.530584e-06,0,0,0,1
1771685572588000,1771685572436000,0,1771685572436000,0,-573.3415,12.354216,-0.014770508,-0.04157804,12.367069,7.056414e-07,-8.699249e-06,0,0,0,1
1771685572644000,1771685572488000,0,1771685572492000,0,-573.3416,12.354284,-0.015319824,-0.03910444,12.3671665,7.5909713e-07,-7.951263e-06,0,0,0,1
1771685572692000,1771685572540000,0,1771685572540000,0,-573.32294,12.354216,-0.034423828,-0.038663514,12.367069,3.8327594e-06,-7.563288e-06,0,0,0,1
1771685572748000,1771685572592000,0,1771685572596000,0,-573.3373,12.354284,-0.020568848,-0.036958944,12.3671665,1.3683893e-06,-6.9797106e-06,0,0,0,1
1771685572796000,1771685572644000,0,1771685572644000,0,-573.2576,12.354216,-0.10070801,-0.04296429,12.367069,3.280358e-05,-9.412394e-06,0,0,0,1
1771685572852000,1771685572696000,0,1771685572700000,0,-573.36176,12.354284,0.0025024414,-0.038681194,12.3671665,2.0254317e-08,-8.523812e-06,0,0,0,1
1771685572900000,1771685572748000,0,1771685572748000,0,-573.3242,12.354216,-0.0357666,-0.038406633,12.367069,4.1376006e-06,-8.110618e-06,0,0,0,1
1771685572956000,1771685572800000,0,1771685572804000,0,-573.36206,12.354284,0.0008544922,-0.03470812,12.3671665,2.361598e-09,-7.346352e-06,0,0,0,1
1771685573004000,1771685572852000,0,1771685572852000,0,-573.3057,12.354216,-0.05633545,-0.036745477,12.367069,1.0264947e-05,-7.6212923e-06,0,0,0,1
1771685573060000,1771685572904000,0,1771685572908000,0,-573.33435,12.354284,-0.028747559,-0.03599205,12.3671665,2.6729554e-06,-7.1551444e-06,0,0,0,1
1771685573108000,1771685572956000,0,1771685572956000,0,-573.3909,12.354216,0.027282715,-0.030031383,12.367069,2.4075116e-06,-6.2543145e-06,0,0,0,1
1771685573164000,1771685573008000,0,1771685573012000,0,-573.264,12.354284,-0.10046387,-0.036666326,12.3671665,3.2644464e-05,-8.740343e-06,0,0,0,1
1771685573212000,1771685573060000,0,1771685573060000,0,-573.3634,12.354216,-0.0015258789,-0.033355992,12.367069,7.530665e-09,-7.917687e-06,0,0,0,1
1771685573268000,1771685573112000,0,1771685573116000,0,-573.35406,12.354284,-0.011352539,-0.031283204,12.3671665,4.1684615e-07,-7.211086e-06,0,0,0,1
1771685573316000,1771685573164000,0,1771685573164000,0,-573.3212,12.354216,-0.0446167,-0.032539256,12.367069,6.43855e-06,-7.138311e-06,0,0,0,1
1771685573372000,1771685573216000,0,1771685573220000,0,-573.2794,12.354284,-0.08691406,-0.037661523,12.3671665,2.4432611e-05,-8.767484e-06,0,0,0,1
1771685573420000,1771685573268000,0,1771685573268000,0,-573.3036,12.354216,-0.062805176,-0.04003013,12.367069,1.2758043e-05,-9.143407e-06,0,0,0,1
1771685573476000,1771685573320000,0,1771685573324000,0,-573.3651,12.354284,-0.0016479492,-0.036414415,12.3671665,8.783698e-09,-8.282898e-06,0,0,0,1
1771685573524000,1771685573372000,0,1771685573372000,0,-573.4121,12.354216,0.045043945,-0.0287408,12.367069,6.562451e-06,-6.8844233e-06,0,0,0,1
1771685573580000,1771685573424000,0,1771685573428000,0,-573.3084,12.354284,-0.059387207,-0.03162778,12.3671665,1.1407109e-05,-7.3104734e-06,0,0,0,1
1771685573628000,1771685573476000,0,1771685573476000,0,-573.29486,12.354216,-0.07348633,-0.03557098,12.367069,1.7466517e-05,-8.267202e-06,0,0,0,1
1771685573684000,1771685573528000,0,1771685573532000,0,-573.33307,12.354284,-0.036132812,-0.035623904,12.3671665,4.22273e-06,-7.886201e-06,0,0,0,1
1771685573732000,1771685573580000,0,1771685573580000,0,-573.3569,12.354216,-0.0126953125,-0.033463962,12.367069,5.212907e-07,-7.192405e-06,0,0,0,1
1771685573788000,1771685573632000,0,1771685573636000,0,-573.34753,12.354284,-0.022827148,-0.032461945,12.3671665,1.6853617e-06,-6.6736256e-06,0,0,0,1
1771685573836000,1771685573684000,0,1771685573684000,0,-573.39465,12.354216,0.023498535,-0.027190305,12.367069,1.7859726e-06,-5.876707e-06,0,0,0,1
1771685573892000,1771685573736000,0,1771685573740000,0,-573.3616,12.354284,-0.010437012,-0.025612097,12.3671665,3.5232392e-07,-5.356294e-06,0,0,0,1
1771685573940000,1771685573788000,0,1771685573788000,0,-573.30066,12.354216,-0.071899414,-0.029972497,12.367069,1.6720294e-05,-6.4268156e-06,0,0,0,1
1771685573996000,1771685573840000,0,1771685573844000,0,-573.28723,12.354284,-0.08605957,-0.03525606,12.3671665,2.3954555e-05,-8.07798e-06,0,0,0,1
1771685574044000,1771685573892000,0,1771685573892000,0,-573.34424,12.354216,-0.029418945,-0.03470619,12.367069,2.799287e-06,-7.580712e-06,0,0,0,1
1771685574100000,1771685573944000,0,1771685573948000,0,-573.3915,12.354284,0.017456055,-0.029792355,12.3671665,9.855574e-07,-6.7737446e-06,0,0,0,1
1771685574148000,1771685573996000,0,1771685573996000,0,-573.34436,12.354216,-0.030212402,-0.029831925,12.367069,2.952322e-06,-6.4137557e-06,0,0,0,1
1771685574204000,1771685574048000,0,1771685574052000,0,-573.3211,12.354284,-0.054016113,-0.032110147,12.3671665,9.437054e-06,-6.6985594e-06,0,0,0,1
1771685574252000,1771685574100000,0,1771685574100000,0,-573.3545,12.354216,-0.021057129,-0.031068921,12.367069,1.4341399e-06,-6.2026356e-06,0,0,0,1
1771685574308000,1771685574152000,0,1771685574156000,0,-573.3687,12.354284,-0.007507324,-0.02884935,12.3671665,1.8228886e-07,-5.6355016e-06,0,0,0,1
1771685574356000,1771685574204000,0,1771685574204000,0,-573.3641,12.354216,-0.012817383,-0.027339092,12.367069,5.3136375e-07,-5.1546767e-06,0,0,0,1
1771685574412000,1771685574256000,0,1771685574260000,0,-573.38763,12.354284,0.0099487305,-0.02382647,12.3671665,3.2012906e-07,-4.638934e-06,0,0,0,1
1771685574460000,1771685574308000,0,1771685574308000,0,-573.34534,12.354216,-0.032836914,-0.02467528,12.367069,3.4875293e-06,-4.5304682e-06,0,0,0,1
1771685574516000,1771685574360000,0,1771685574364000,0,-573.34564,12.354284,-0.033081055,-0.025467128,12.3671665,3.5395535e-06,-4.4371213e-06,0,0,0,1
1771685574564000,1771685574412000,0,1771685574412000,0,-573.374,12.354216,-0.005554199,-0.023591273,12.367069,9.9778305e-08,-4.028531e-06,0,0,0,1
1771685574620000,1771685574464000,0,1771685574468000,0,-573.3741,12.354284,-0.0064697266,-0.021978373,12.3671665,1.3538222e-07,-3.6617848e-06,0,0,0,1
1771685574668000,1771685574516000,0,1771685574516000,0,-573.39294,12.354216,0.01159668,-0.018815506,12.367069,4.349712e-07,-3.2758585e-06,0,0,0,1
1771685574724000,1771685574568000,0,1771685574572000,0,-573.3928,12.354284,0.0107421875,-0.016031086,12.3671665,3.7322886e-07,-2.9321038e-06,0,0,0,1
1771685574772000,1771685574620000,0,1771685574620000,0,-573.3411,12.354216,-0.041381836,-0.0184192,12.367069,5.5387623e-06,-3.1776585e-06,0,0,0,1
1771685574828000,1771685574672000,0,1771685574676000,0,-573.30383,12.354284,-0.07952881,-0.024175903,12.3671665,2.0456848e-05,-4.8054085e-06,0,0,0,1
1771685574876000,1771685574724000,0,1771685574724000,0,-573.3139,12.354216,-0.069885254,-0.028481856,12.367069,1.5796624e-05,-5.840813e-06,0,0,0,1
1771685574932000,1771685574776000,0,1771685574780000,0,-573.40375,12.354284,0.01940918,-0.02397038,12.3671665,1.2184399e-06,-5.175811e-06,0,0,0,1
1771685574980000,1771685574828000,0,1771685574828000,0,-573.3566,12.354216,-0.028015137,-0.024351409,12.367069,2.5385089e-06,-4.9273694e-06,0,0,0,1
1771685575036000,1771685574880000,0,1771685574884000,0,-573.385,12.354284,-0.00018310547,-0.022074685,12.3671665,1.0844072e-10,-4.463207e-06,0,0,0,1
1771685575084000,1771685574932000,0,1771685574932000,0,-573.4226,12.354216,0.03704834,-0.016505124,12.367069,4.4394656e-06,-3.6245494e-06,0,0,0,1
1771685575140000,1771685574984000,0,1771685574988000,0,-573.34717,12.354284,-0.039123535,-0.018635845,12.3671665,4.9506925e-06,-3.749476e-06,0,0,0,1
1771685575188000,1771685575036000,0,1771685575036000,0,-573.3804,12.354216,-0.0064697266,-0.017489761,12.367069,1.3538329e-07,-3.409018e-06,0,0,0,1
1771685575244000,1771685575088000,0,1771685575092000,0,-573.41327,12.354284,0.025756836,-0.013415806,12.3671665,2.1457286e-06,-2.8857448e-06,0,0,0,1
1771685575292000,1771685575140000,0,1771685575140000,0,-573.34735,12.354216,-0.040771484,-0.01599279,12.367069,5.3765816e-06,-3.120389e-06,0,0,0,1
1771685575348000,1771685575192000,0,1771685575196000,0,-573.3477,12.354284,-0.041137695,-0.018361513,12.3671665,5.4735574e-06,-3.3420642e-06,0,0,0,1
1771685575396000,1771685575244000,0,1771685575244000,0,-573.36676,12.354216,-0.022460938,-0.018747691,12.367069,1.6317325e-06,-3.1809461e-06,0,0,0,1
1771685575452000,1771685575296000,0,1771685575300000,0,-573.37164,12.354284,-0.018371582,-0.01871226,12.3671665,1.0916486e-06,-2.9841283e-06,0,0,0,1
1771685575500000,1771685575348000,0,1771685575348000,0,-573.3578,12.354216,-0.03302002,-0.020060092,12.367069,3.5265323e-06,-3.0352244e-06,0,0,0,1
1771685575556000,1771685575400000,0,1771685575404000,0,-573.3815,12.354284,-0.010009766,-0.019113323,12.3671665,3.2406908e-07,-2.7798258e-06,0,0,0,1
1771685575604000,1771685575452000,0,1771685575452000,0,-573.35815,12.354216,-0.033569336,-0.020475121,12.367069,3.644842e-06,-2.8613129e-06,0,0,0,1
1771685575660000,1771685575504000,0,1771685575508000,0,-573.41003,12.354284,0.017822266,-0.016867395,12.3671665,1.0273433e-06,-2.4949902e-06,0,0,0,1
1771685575708000,1771685575556000,0,1771685575556000,0,-573.3817,12.354216,-0.011352539,-0.01634788,12.367069,4.1684945e-07,-2.2992233e-06,0,0,0,1
1771685575764000,1771685575608000,0,1771685575612000,0,-573.41003,12.354284,0.015991211,-0.013301443,12.3671665,8.270894e-07,-2.0047155e-06,0,0,0,1
1771685575812000,1771685575660000,0,1771685575660000,0,-573.36755,12.354216,-0.026916504,-0.014584022,12.367069,2.343314e-06,-2.0366124e-06,0,0,0,1
1771685575868000,1771685575712000,0,1771685575716000,0,-573.3678,12.354284,-0.02734375,-0.015786026,12.3671665,2.4182764e-06,-2.0725663e-06,0,0,0,1
1771685575916000,1771685575764000,0,1771685575764000,0,-573.39624,12.354216,0.00048828125,-0.014252938,12.367069,7.711401e-10,-1.8772519e-06,0,0,0,1
1771685575972000,1771685575816000,0,1771685575820000,0,-573.3446,12.354284,-0.051879883,-0.017797505,12.3671665,8.70538e-06,-2.5204813e-06,0,0,0,1
1771685576020000,1771685575868000,0,1771685575868000,0,-573.4389,12.354216,0.041870117,-0.012176642,12.367069,5.6702415e-06,-1.7488915e-06,0,0,0,1
1771685576076000,1771685575920000,0,1771685575924000,0,-573.4151,12.354284,0.017028809,-0.009425404,12.3671665,9.379038e-07,-1.4957875e-06,0,0,0,1
1771685576124000,1771685575972000,0,1771685575972000,0,-573.368,12.354216,-0.031066895,-0.011464095,12.367069,3.1216837e-06,-1.6489516e-06,0,0,0,1
1771685576180000,1771685576024000,0,1771685576028000,0,-573.4152,12.354284,0.015258789,-0.008946721,12.3671665,7.530606e-07,-1.422675e-06,0,0,0,1
1771685576228000,1771685576076000,0,1771685576076000,0,-573.4198,12.354216,0.019348145,-0.006281263,12.367069,1.2107985e-06,-1.1745942e-06,0,0,0,1
1771685576284000,1771685576128000,0,1771685576132000,0,-573.4243,12.354284,0.023071289,-0.0035161674,12.3671665,1.7216049e-06,-9.017639e-07,0,0,0,1
1771685576332000,1771685576180000,0,1771685576180000,0,-573.3584,12.354216,-0.043395996,-0.0072729634,12.367069,6.091055e-06,-1.3906101e-06,0,0,0,1
1771685576388000,1771685576232000,0,1771685576236000,0,-573.32587,12.354284,-0.076538086,-0.013797939,12.3671665,1.8947198e-05,-3.0444917e-06,0,0,0,1
1771685576436000,1771685576284000,0,1771685576284000,0,-573.35474,12.354216,-0.048217773,-0.017040387,12.367069,7.519821e-06,-3.4660807e-06,0,0,0,1
1771685576492000,1771685576336000,0,1771685576340000,0,-573.3645,12.354284,-0.0390625,-0.019114934,12.3671665,4.935258e-06,-3.6044814e-06,0,0,0,1
1771685576540000,1771685576388000,0,1771685576388000,0,-573.393,12.354216,-0.010681152,-0.018320447,12.367069,3.690026e-07,-3.29969e-06,0,0,0,1
1771685576596000,1771685576440000,0,1771685576444000,0,-573.3649,12.354284,-0.03857422,-0.02022841,12.3671665,4.8126476e-06,-3.442215e-06,0,0,0,1
1771685576644000,1771685576492000,0,1771685576492000,0,-573.36993,12.354216,-0.03314209,-0.021444917,12.367069,3.5526546e-06,-3.4526188e-06,0,0,0,1
1771685576700000,1771685576544000,0,1771685576548000,0,-573.3749,12.354284,-0.027954102,-0.022058101,12.3671665,2.52744e-06,-3.3654642e-06,0,0,0,1
1771685576748000,1771685576596000,0,1771685576596000,0,-573.4174,12.354216,0.0146484375,-0.018600238,12.367069,6.940261e-07,-2.9830485e-06,0,0,0,1
1771685576804000,1771685576648000,0,1771685576652000,0,-573.33746,12.354284,-0.06561279,-0.023028959,12.3671665,1.392409e-05,-4.0137265e-06,0,0,0,1
1771685576852000,1771685576700000,0,1771685576700000,0,-573.37085,12.354216,-0.03253174,-0.023924148,12.367069,3.4230065e-06,-3.958079e-06,0,0,0,1
1771685576908000,1771685576752000,0,1771685576756000,0,-573.37115,12.354284,-0.032470703,-0.024729257,12.3671665,3.4101474e-06,-3.9064626e-06,0,0,0,1
1771685576956000,1771685576804000,0,1771685576804000,0,-573.34796,12.354216,-0.055725098,-0.027649155,12.367069,1.0043726e-05,-4.4846106e-06,0,0,0,1
1771685577012000,1771685576856000,0,1771685576860000,0,-573.3719,12.354284,-0.03186035,-0.028045861,12.3671665,3.2831513e-06,-4.3714294e-06,0,0,0,1
1771685577060000,1771685576908000,0,1771685576908000,0,-573.4238,12.354216,0.020385742,-0.023483463,12.367069,1.3441454e-06,-3.833006e-06,0,0,0,1
1771685577116000,1771685576960000,0,1771685576964000,0,-573.3485,12.354284,-0.05493164,-0.026445972,12.3671665,9.759665e-06,-4.391314e-06,0,0,0,1
1771685577164000,1771685577012000,0,1771685577012000,0,-573.349,12.354216,-0.054382324,-0.029077657,12.367069,9.565523e-06,-4.8787397e-06,0,0,0,1
1771685577220000,1771685577064000,0,1771685577068000,0,-573.40106,12.354284,-0.0025024414,-0.026574194,12.3671665,2.0254317e-08,-4.4210565e-06,0,0,0,1
1771685577268000,1771685577116000,0,1771685577116000,0,-573.4293,12.354216,0.02557373,-0.021661708,12.367069,2.1153458e-06,-3.8053086e-06,0,0,0,1
1771685577324000,1771685577168000,0,1771685577172000,0,-573.3727,12.354284,-0.031677246,-0.022605201,12.3671665,3.2455225e-06,-3.7525751e-06,0,0,0,1
1771685577372000,1771685577220000,0,1771685577220000,0,-573.3777,12.354216,-0.027526855,-0.023068836,12.367069,2.4507917e-06,-3.6299434e-06,0,0,0,1
1771685577428000,1771685577272000,0,1771685577276000,0,-573.38257,12.354284,-0.023803711,-0.023138063,12.3671665,1.8326482e-06,-3.460633e-06,0,0,0,1
1771685577476000,1771685577324000,0,1771685577324000,0,-573.3641,12.354216,-0.043151855,-0.025023421,12.367069,6.0227126e-06,-3.7019884e-06,0,0,0,1
1771685577532000,1771685577376000,0,1771685577380000,0,-573.4208,12.354284,0.012756348,-0.021464458,12.3671665,5.26311e-07,-3.3036704e-06,0,0,0,1
1771685577580000,1771685577428000,0,1771685577428000,0,-573.40186,12.354216,-0.006713867,-0.02007491,12.367069,1.4579368e-07,-3.0061892e-06,0,0,0,1
1771685577636000,1771685577480000,0,1771685577484000,0,-573.44885,12.354284,0.039367676,-0.014475245,12.3671665,5.0126723e-06,-2.250789e-06,0,0,0,1
1771685577684000,1771685577532000,0,1771685577532000,0,-573.39685,12.354216,-0.0134887695,-0.014382316,12.367069,5.884884e-07,-2.0941955e-06,0,0,0,1
1771685577740000,1771685577584000,0,1771685577588000,0,-573.35004,12.354284,-0.061279297,-0.018800147,12.3671665,1.2145554e-05,-3.0410627e-06,0,0,0,1
1771685577788000,1771685577636000,0,1771685577636000,0,-573.4116,12.354216,-0.00036621094,-0.017063616,12.367069,4.3376633e-10,-2.7546266e-06,0,0,0,1
1771685577844000,1771685577688000,0,1771685577692000,0,-573.4163,12.354284,0.0037841797,-0.015099693,12.3671665,4.6316238e-08,-2.4907697e-06,0,0,0,1
1771685577892000,1771685577740000,0,1771685577740000,0,-573.39746,12.354216,-0.0154418945,-0.01513193,12.367069,7.7124855e-07,-2.3287857e-06,0,0,0,1
1771685577948000,1771685577792000,0,1771685577796000,0,-573.407,12.354284,-0.006286621,-0.0142986765,12.3671665,1.2782752e-07,-2.1214491e-06,0,0,0,1
1771685577996000,1771685577844000,0,1771685577844000,0,-573.37885,12.354216,-0.03491211,-0.016240522,12.367069,3.942261e-06,-2.2929748e-06,0,0,0,1
1771685578052000,1771685577896000,0,1771685577900000,0,-573.42615,12.354284,0.01171875,-0.013606678,12.3671665,4.441732e-07,-2.0351276e-06,0,0,0,1
1771685578100000,1771685577948000,0,1771685577948000,0,-573.43536,12.354216,0.020385742,-0.010404493,12.367069,1.3441454e-06,-1.7167903e-06,0,0,0,1
1771685578156000,1771685578000000,0,1771685578004000,0,-573.43994,12.354284,0.024047852,-0.0071589816,12.3671665,1.8704338e-06,-1.3788633e-06,0,0,0,1
1771685578204000,1771685578052000,0,1771685578052000,0,-573.3364,12.354216,-0.080078125,-0.014028177,12.367069,2.0740585e-05,-3.2027938e-06,0,0,0,1
1771685578260000,1771685578104000,0,1771685578108000,0,-573.37463,12.354284,-0.04260254,-0.016719965,12.3671665,5.870306e-06,-3.4540813e-06,0,0,0,1
1771685578308000,1771685578156000,0,1771685578156000,0,-573.4267,12.354216,0.009338379,-0.014265194,12.367069,2.8205656e-07,-3.1021261e-06,0,0,0,1
1771685578364000,1771685578208000,0,1771685578212000,0,-573.39374,12.354284,-0.023925781,-0.015175249,12.3671665,1.8514928e-06,-2.984313e-06,0,0,0,1
1771685578412000,1771685578260000,0,1771685578260000,0,-573.3986,12.354216,-0.01953125,-0.015585598,12.367069,1.2338242e-06,-2.8194117e-06,0,0,0,1
1771685578468000,1771685578312000,0,1771685578316000,0,-573.427,12.354284,0.008239746,-0.013341181,12.3671665,2.1959247e-07,-2.5331287e-06,0,0,0,1
1771685578516000,1771685578364000,0,1771685578364000,0,-573.42694,12.354216,0.0076904297,-0.011359942,12.367069,1.9129095e-07,-2.2764805e-06,0,0,0,1
1771685578572000,1771685578416000,0,1771685578420000,0,-573.4081,12.354284,-0.011779785,-0.011399493,12.3671665,4.4881205e-07,-2.1043088e-06,0,0,0,1
1771685578620000,1771685578468000,0,1771685578468000,0,-573.3612,12.354216,-0.0592041,-0.015902825,12.367069,1.1336965e-05,-2.9740518e-06,0,0,0,1
1771685578676000,1771685578520000,0,1771685578524000,0,-573.3805,12.354284,-0.040405273,-0.018211026,12.3671665,5.2803885e-06,-3.1913155e-06,0,0,0,1
1771685578724000,1771685578572000,0,1771685578572000,0,-573.4043,12.354216,-0.016845703,-0.018082408,12.367069,9.1784955e-07,-2.9771484e-06,0,0,0,1
1771685578780000,1771685578624000,0,1771685578628000,0,-573.3856,12.354284,-0.036132812,-0.01978281,12.3671665,4.22273e-06,-3.0944857e-06,0,0,0,1
1771685578828000,1771685578676000,0,1771685578676000,0,-573.4282,12.354216,0.006164551,-0.017338492,12.367069,1.2291251e-07,-2.7913975e-06,0,0,0,1
1771685578884000,1771685578728000,0,1771685578732000,0,-573.3672,12.354284,-0.055358887,-0.020920124,12.3671665,9.9120725e-06,-3.4621858e-06,0,0,0,1
1771685578932000,1771685578780000,0,1771685578780000,0,-573.38635,12.354216,-0.03656006,-0.022393452,12.367069,4.323216e-06,-3.5432972e-06,0,0,0,1
1771685578988000,1771685578832000,0,1771685578836000,0,-573.43365,12.354284,0.010009766,-0.019340975,12.3671665,3.2406908e-07,-3.17898e-06,0,0,0,1
1771685579036000,1771685578884000,0,1771685578884000,0,-573.3866,12.354216,-0.03741455,-0.021043558,12.367069,4.5276647e-06,-3.30603e-06,0,0,0,1
1771685579092000,1771685578936000,0,1771685578940000,0,-573.4198,12.354284,-0.004638672,-0.01949817,12.3671665,6.959485e-08,-3.0011483e-06,0,0,0,1
1771685579140000,1771685578988000,0,1771685578988000,0,-573.38696,12.354216,-0.037719727,-0.021214694,12.367069,4.6018267e-06,-3.1519369e-06,0,0,0,1
1771685579196000,1771685579040000,0,1771685579044000,0,-573.4389,12.354284,0.013671875,-0.017928278,12.3671665,6.045691e-07,-2.7980632e-06,0,0,0,1
1771685579244000,1771685579092000,0,1771685579092000,0,-573.4435,12.354216,0.017578125,-0.014583471,12.367069,9.993976e-07,-2.4403314e-06,0,0,0,1
1771685579300000,1771685579144000,0,1771685579148000,0,-573.43866,12.354284,0.01171875,-0.012105726,12.3671665,4.441732e-07,-2.1686028e-06,0,0,0,1
1771685579348000,1771685579196000,0,1771685579196000,0,-573.44794,12.354216,0.020385742,-0.009044935,12.367069,1.3441454e-06,-1.8376917e-06,0,0,0,1
1771685579404000,1771685579248000,0,1771685579252000,0,-573.43835,12.354284,0.010070801,-0.007244177,12.3671665,3.280332e-07,-1.6336741e-06,0,0,0,1
1771685579452000,1771685579300000,0,1771685579300000,0,-573.4524,12.354216,0.02331543,-0.0043653734,12.367069,1.7582477e-06,-1.3141452e-06,0,0,0,1
1771685579508000,1771685579352000,0,1771685579356000,0,-573.3818,12.354284,-0.048339844,-0.008507896,12.3671665,7.5578846e-06,-1.9023236e-06,0,0,0,1
1771685579556000,1771685579404000,0,1771685579404000,0,-573.43384,12.354216,0.003112793,-0.0074131936,12.367069,3.1339617e-08,-1.7201669e-06,0,0,0,1
1771685579612000,1771685579456000,0,1771685579460000,0,-573.3634,12.354284,-0.0680542,-0.013125753,12.3671665,1.497958e-05,-2.969242e-06,0,0,0,1
1771685579660000,1771685579508000,0,1771685579508000,0,-573.4344,12.354216,0.002380371,-0.011665031,12.367069,1.8326627e-08,-2.6878042e-06,0,0,0,1
1771685579716000,1771685579560000,0,1771685579564000,0,-573.3968,12.354284,-0.036071777,-0.013964217,12.3671665,4.208476e-06,-2.831056e-06,0,0,0,1
1771685579764000,1771685579612000,0,1771685579612000,0,-573.4722,12.354216,0.038757324,-0.008997695,12.367069,4.858484e-06,-2.106679e-06,0,0,0,1
1771685579820000,1771685579664000,0,1771685579668000,0,-573.4531,12.354284,0.018554688,-0.0064021805,12.3671665,1.1135176e-06,-1.8033271e-06,0,0,0,1
1771685579868000,1771685579716000,0,1771685579716000,0,-573.4201,12.354216,-0.015319824,-0.0072422484,12.367069,7.591031e-07,-1.7049582e-06,0,0,0,1
1771685579924000,1771685579768000,0,1771685579772000,0,-573.48126,12.354284,0.044921875,-0.0023282366,12.3671665,6.526878e-06,-9.294953e-07,0,0,0,1
1771685579972000,1771685579820000,0,1771685579820000,0,-573.38226,12.354216,-0.05480957,-0.007272131,12.367069,9.716414e-06,-1.7572486e-06,0,0,0,1
1771685580028000,1771685579872000,0,1771685579876000,0,-573.4578,12.354284,0.01977539,-0.0047241757,12.3671665,1.2648526e-06,-1.4725579e-06,0,0,0,1
1771685580076000,1771685579924000,0,1771685579924000,0,-573.4812,12.354216,0.04272461,-0.00025436236,12.367069,5.9040417e-06,-7.776608e-07,0,0,0,1
1771685580132000,1771685579976000,0,1771685579980000,0,-573.4057,12.354284,-0.033569336,-0.0033927297,12.3671665,3.6448132e-06,-1.0477548e-06,0,0,0,1
1771685580180000,1771685580028000,0,1771685580028000,0,-573.4529,12.354216,0.013549805,-0.0017966937,12.367069,5.938261e-07,-8.9311317e-07,0,0,0,1
1771685580236000,1771685580080000,0,1771685580084000,0,-573.3965,12.354284,-0.043395996,-0.005715469,12.3671665,6.091007e-06,-1.3827698e-06,0,0,0,1
1771685580284000,1771685580132000,0,1771685580132000,0,-573.41095,12.354216,-0.029296875,-0.007936906,12.367069,2.7761043e-06,-1.5140259e-06,0,0,0,1
1771685580340000,1771685580184000,0,1771685580188000,0,-573.4487,12.354284,0.008239746,-0.0064130183,12.3671665,2.1959247e-07,-1.350714e-06,0,0,0,1
1771685580388000,1771685580236000,0,1771685580236000,0,-573.4017,12.354216,-0.03918457,-0.009500193,12.367069,4.9661908e-06,-1.6913025e-06,0,0,0,1
1771685580444000,1771685580288000,0,1771685580292000,0,-573.41614,12.354284,-0.02520752,-0.010979869,12.3671665,2.0551806e-06,-1.7255809e-06,0,0,0,1
1771685580492000,1771685580340000,0,1771685580340000,0,-573.4022,12.354216,-0.03930664,-0.013648334,12.367069,4.997181e-06,-2.0337752e-06,0,0,0,1
1771685580548000,1771685580392000,0,1771685580396000,0,-573.4261,12.354284,-0.015930176,-0.01386329,12.3671665,8.207878e-07,-1.9195083e-06,0,0,0,1
1771685580596000,1771685580444000,0,1771685580444000,0,-573.44965,12.354216,0.0068969727,-0.011907613,12.367069,1.538545e-07,-1.7241915e-06,0,0,0,1
1771685580652000,1771685580496000,0,1771685580500000,0,-573.40265,12.354284,-0.04058838,-0.014609424,12.3671665,5.3283557e-06,-2.0637142e-06,0,0,0,1
1771685580700000,1771685580548000,0,1771685580548000,0,-573.3983,12.354216,-0.04547119,-0.017516693,12.367069,6.687532e-06,-2.4992912e-06,0,0,0,1
1771685580756000,1771685580600000,0,1771685580604000,0,-573.4503,12.354284,0.0061035156,-0.0152916005,12.3671665,1.2048969e-07,-2.2525003e-06,0,0,0,1
1771685580804000,1771685580652000,0,1771685580652000,0,-573.4268,12.354216,-0.018005371,-0.015547246,12.367069,1.0485699e-06,-2.1390865e-06,0,0,0,1
1771685580860000,1771685580704000,0,1771685580708000,0,-573.4364,12.354284,-0.008728027,-0.014904856,12.3671665,2.4638936e-07,-1.960789e-06,0,0,0,1
1771685580908000,1771685580756000,0,1771685580756000,0,-573.4881,12.354216,0.042175293,-0.009527739,12.367069,5.7531993e-06,-1.2341088e-06,0,0,0,1
1771685580964000,1771685580808000,0,1771685580812000,0,-573.46893,12.354284,0.022155762,-0.006543061,12.3671665,1.5876807e-06,-9.682881e-07,0,0,0,1
1771685581012000,1771685580860000,0,1771685580860000,0,-573.4265,12.354216,-0.020874023,-0.00789308,12.367069,1.4093067e-06,-1.0098333e-06,0,0,0,1
1771685581068000,1771685580912000,0,1771685580916000,0,-573.422,12.354284,-0.026306152,-0.009627645,12.3671665,2.2382285e-06,-1.1255518e-06,0,0,0,1
1771685581116000,1771685580964000,0,1771685580964000,0,-573.4456,12.354216,-0.0032958984,-0.009031176,12.367069,3.5135074e-08,-1.0228314e-06,0,0,0,1
1771685581172000,1771685581016000,0,1771685581020000,0,-573.4739,12.354284,0.024169922,-0.0059035355,12.3671665,1.8894712e-06,-7.48484e-07,0,0,0,1
1771685581220000,1771685581068000,0,1771685581068000,0,-573.4596,12.354216,0.0087890625,-0.00451945,12.367069,2.498494e-07,-6.544381e-07,0,0,0,1
1771685581276000,1771685581120000,0,1771685581124000,0,-573.4501,12.354284,-0.001953125,-0.004277695,12.3671665,1.2338145e-08,-5.939504e-07,0,0,0,1
1771685581324000,1771685581172000,0,1771685581172000,0,-573.49713,12.354216,0.044128418,0.00028230157,12.367069,6.2983954e-06,5.53286e-08,0,0,0,1
1771685581380000,1771685581224000,0,1771685581228000,0,-573.4732,12.354284,0.019104004,0.0020553605,12.3671665,1.1804254e-06,1.61316e-07,0,0,0,1
1771685581428000,1771685581276000,0,1771685581276000,0,-573.459,12.354216,0.004211426,0.0022584682,12.367069,5.7365597e-08,1.5152357e-07,0,0,0,1
1771685581484000,1771685581328000,0,1771685581332000,0,-573.412,12.354284,-0.043701172,-0.0020710633,12.3671665,6.1769765e-06,-4.446395e-07,0,0,0,1
1771685581532000,1771685581380000,0,1771685581380000,0,-573.4687,12.354216,0.012390137,-0.0007087762,12.367069,4.965299e-07,-3.559786e-07,0,0,0,1
1771685581588000,1771685581432000,0,1771685581436000,0,-573.4404,12.354284,-0.016418457,-0.0021886737,12.3671665,8.7187544e-07,-4.045776e-07,0,0,0,1
1771685581636000,1771685581484000,0,1771685581484000,0,-573.44995,12.354216,-0.007446289,-0.0026839564,12.367069,1.7933827e-07,-3.833594e-07,0,0,0,1
1771685581692000,1771685581536000,0,1771685581540000,0,-573.4923,12.354284,0.034057617,0.0007772066,12.3671665,3.7516152e-06,6.1671983e-09,0,0,0,1
1771685581740000,1771685581588000,0,1771685581588000,0,-573.4826,12.354216,0.023620605,0.002929121,12.367069,1.8045763e-06,1.7558257e-07,0,0,0,1
1771685581796000,1771685581640000,0,1771685581644000,0,-573.4542,12.354284,-0.0059814453,0.0020897198,12.3671665,1.157183e-07,1.4814118e-07,0,0,0,1
1771685581844000,1771685581692000,0,1771685581692000,0,-573.4684,12.354216,0.0078125,0.0026288223,12.367069,1.9741186e-07,1.5278262e-07,0,0,0,1
1771685581900000,1771685581744000,0,1771685581748000,0,-573.4495,12.354284,-0.011474609,0.0013002382,12.3671665,4.2585876e-07,9.827292e-08,0,0,0,1
1771685581948000,1771685581796000,0,1771685581796000,0,-573.43085,12.354216,-0.030517578,-0.0016970927,12.367069,3.012266e-06,-1.9474888e-07,0,0,0,1
1771685582004000,1771685581848000,0,1771685581852000,0,-573.4733,12.354284,0.0115356445,-0.00045053044,12.3671665,4.3040123e-07,-1.3585792e-07,0,0,0,1
1771685582052000,1771685581900000,0,1771685581900000,0,-573.44977,12.354216,-0.012573242,-0.0015925252,12.367069,5.113141e-07,-1.7122699e-07,0,0,0,1
1771685582108000,1771685581952000,0,1771685581956000,0,-573.42645,12.354284,-0.03668213,-0.004898068,12.3671665,4.3521e-06,-5.6507736e-07,0,0,0,1
1771685582156000,1771685582004000,0,1771685582004000,0,-573.41736,12.354216,-0.046325684,-0.00880067,12.367069,6.941237e-06,-1.1657302e-06,0,0,0,1
1771685582212000,1771685582056000,0,1771685582060000,0,-573.3942,12.354284,-0.06970215,-0.014537766,12.3671665,1.5713831e-05,-2.5362035e-06,0,0,0,1
1771685582260000,1771685582108000,0,1771685582108000,0,-573.4747,12.354216,0.010437012,-0.012185069,12.367069,3.5232668e-07,-2.2640957e-06,0,0,0,1
1771685582316000,1771685582160000,0,1771685582164000,0,-573.47455,12.354284,0.009887695,-0.0101057505,12.3671665,3.1621315e-07,-2.0210232e-06,0,0,0,1
1771685582364000,1771685582212000,0,1771685582212000,0,-573.43225,12.354216,-0.032958984,-0.012258591,12.367069,3.5135072e-06,-2.1616195e-06,0,0,0,1
1771685582420000,1771685582264000,0,1771685582268000,0,-573.45593,12.354284,-0.00982666,-0.012029496,12.3671665,3.1232133e-07,-1.9874103e-06,0,0,0,1
1771685582468000,1771685582316000,0,1771685582316000,0,-573.49835,12.354216,0.032348633,-0.007848947,12.367069,3.3845822e-06,-1.481353e-06,0,0,0,1
1771685582524000,1771685582368000,0,1771685582372000,0,-573.45105,12.354284,-0.01550293,-0.008569974,12.3671665,7.773513e-07,-1.415034e-06,0,0,0,1
1771685582572000,1771685582420000,0,1771685582420000,0,-573.49347,12.354216,0.026062012,-0.0053075408,12.367069,2.1968938e-06,-1.0747799e-06,0,0,0,1
1771685582628000,1771685582472000,0,1771685582476000,0,-573.4557,12.354284,-0.012390137,-0.0059747417,12.3671665,4.9652596e-07,-1.0203067e-06,0,0,0,1
1771685582676000,1771685582524000,0,1771685582524000,0,-573.4746,12.354216,0.006225586,-0.0048254356,12.367069,1.2535847e-07,-9.123817e-07,0,0,0,1
1771685582732000,1771685582576000,0,1771685582580000,0,-573.49805,12.354284,0.02923584,-0.0016167643,12.3671665,2.7645276e-06,-5.660062e-07,0,0,0,1
1771685582780000,1771685582628000,0,1771685582628000,0,-573.42267,12.354216,-0.046325684,-0.0058284746,12.367069,6.941237e-06,-1.1665715e-06,0,0,0,1
1771685582836000,1771685582680000,0,1771685582684000,0,-573.49347,12.354284,0.024291992,-0.0029910393,12.3671665,1.9086049e-06,-8.768809e-07,0,0,0,1
1771685582884000,1771685582732000,0,1771685582732000,0,-573.4792,12.354216,0.010009766,-0.0017663257,12.367069,3.2407164e-07,-7.6374766e-07,0,0,0,1
1771685582940000,1771685582784000,0,1771685582788000,0,-573.48376,12.354284,0.014465332,-0.00023725629,12.3671665,6.7677854e-07,-6.280459e-07,0,0,0,1
1771685582988000,1771685582836000,0,1771685582836000,0,-573.46954,12.354216,0.00018310547,-0.00019765699,12.367069,1.0844158e-10,-5.6887194e-07,0,0,0,1
1771685583044000,1771685582888000,0,1771685582892000,0,-573.44135,12.354284,-0.028259277,-0.0028411432,12.3671665,2.5829254e-06,-7.5860163e-07,0,0,0,1
1771685583092000,1771685582940000,0,1771685582940000,0,-573.4416,12.354216,-0.028198242,-0.005229856,12.367069,2.5718005e-06,-9.2941025e-07,0,0,0,1
1771685583148000,1771685582992000,0,1771685582996000,0,-573.44183,12.354284,-0.028076172,-0.0073820455,12.3671665,2.549562e-06,-1.0820332e-06,0,0,0,1
1771685583196000,1771685583044000,0,1771685583044000,0,-573.4421,12.354216,-0.027893066,-0.009314243,12.367069,2.516435e-06,-1.217158e-06,0,0,0,1
1771685583252000,1771685583096000,0,1771685583100000,0,-573.4283,12.354284,-0.041992188,-0.0123926,12.3671665,5.703307e-06,-1.6397663e-06,0,0,0,1
1771685583300000,1771685583148000,0,1771685583148000,0,-573.4991,12.354216,0.028503418,-0.008540076,12.367069,2.6277685e-06,-1.2377521e-06,0,0,0,1
1771685583356000,1771685583200000,0,1771685583204000,0,-573.48474,12.354284,0.0134887695,-0.006464895,12.3671665,5.884837e-07,-1.0657154e-06,0,0,0,1
1771685583404000,1771685583252000,0,1771685583252000,0,-573.4564,12.354216,-0.0154418945,-0.0073105544,12.367069,7.7124855e-07,-1.0379758e-06,0,0,0,1
1771685583460000,1771685583304000,0,1771685583308000,0,-573.44714,12.354284,-0.025512695,-0.009025249,12.3671665,2.105244e-06,-1.1385156e-06,0,0,0,1
1771685583508000,1771685583356000,0,1771685583356000,0,-573.4521,12.354216,-0.020874023,-0.010141438,12.367069,1.4093067e-06,-1.1640249e-06,0,0,0,1
1771685583564000,1771685583408000,0,1771685583412000,0,-573.4663,12.354284,-0.0072631836,-0.009870298,12.3671665,1.7062546e-07,-1.0704438e-06,0,0,0,1
1771685583612000,1771685583460000,0,1771685583460000,0,-573.5133,12.354216,0.039123535,-0.005254937,12.367069,4.9507316e-06,-5.0323155e-07,0,0,0,1
1771685583668000,1771685583512000,0,1771685583516000,0,-573.45197,12.354284,-0.023254395,-0.006950538,12.3671665,1.7490404e-06,-6.2059036e-07,0,0,0,1
1771685583716000,1771685583564000,0,1771685583564000,0,-573.45685,12.354216,-0.018981934,-0.00808393,12.367069,1.1653975e-06,-6.7191274e-07,0,0,0,1
1771685583772000,1771685583616000,0,1771685583620000,0,-573.4993,12.354284,0.022766113,-0.0051777666,12.3671665,1.6763611e-06,-4.506985e-07,0,0,0,1
1771685583820000,1771685583668000,0,1771685583668000,0,-573.47565,12.354216,-0.0014038086,-0.0048222486,12.367069,6.373955e-09,-4.0884186e-07,0,0,0,1
1771685583876000,1771685583720000,0,1771685583724000,0,-573.48035,12.354284,0.0020751953,-0.0041724895,12.3671665,1.39286085e-08,-3.6901565e-07,0,0,0,1
1771685583924000,1771685583772000,0,1771685583772000,0,-573.48975,12.354216,0.010681152,-0.0027732332,12.367069,3.690026e-07,-2.994922e-07,0,0,0,1
1771685583980000,1771685583824000,0,1771685583828000,0,-573.50836,12.354284,0.028198242,0.00014436967,12.3671665,2.5717802e-06,-2.9009982e-08,0,0,0,1
1771685584028000,1771685583876000,0,1771685583876000,0,-573.4894,12.354216,0.008056641,0.00088972854,12.367069,2.099429e-07,-6.499926e-09,0,0,0,1
1771685584084000,1771685583928000,0,1771685583932000,0,-573.4987,12.354284,0.016174316,0.002329581,12.3671665,8.4613885e-07,7.382113e-08,0,0,0,1
1771685584132000,1771685583980000,0,1771685583980000,0,-573.50793,12.354216,0.024414062,0.0044100033,12.367069,1.9278502e-06,2.4847606e-07,0,0,0,1
1771685584188000,1771685584032000,0,1771685584036000,0,-573.4514,12.354284,-0.033325195,0.00085523794,12.3671665,3.5919904e-06,-1.1330704e-07,0,0,0,1
1771685584236000,1771685584084000,0,1771685584084000,0,-573.48456,12.354216,-0.0010375977,0.00067692733,12.367069,3.4821797e-09,-1.02961216e-07,0,0,0,1
1771685584292000,1771685584136000,0,1771685584140000,0,-573.48456,12.354284,-0.001953125,0.00042916875,12.3671665,1.2338145e-08,-9.442426e-08,0,0,0,1
1771685584340000,1771685584188000,0,1771685584188000,0,-573.51746,12.354216,0.030273438,0.0032405858,12.367069,2.9642626e-06,1.9371294e-07,0,0,0,1
1771685584396000,1771685584240000,0,1771685584244000,0,-573.4796,12.354284,-0.008605957,0.002124607,12.3671665,2.3954556e-07,1.5289872e-07,0,0,0,1
1771685584444000,1771685584292000,0,1771685584292000,0,-573.4234,12.354216,-0.06561279,-0.004256453,12.367069,1.39242e-05,-1.173205e-06,0,0,0,1
1771685584500000,1771685584344000,0,1771685584348000,0,-573.4521,12.354284,-0.037475586,-0.0073857917,12.3671665,4.542413e-06,-1.4905942e-06,0,0,0,1
1771685584548000,1771685584396000,0,1771685584396000,0,-573.4665,12.354216,-0.023498535,-0.008903659,12.367069,1.7859726e-06,-1.5184197e-06,0,0,0,1
1771685584604000,1771685584448000,0,1771685584452000,0,-573.5089,12.354284,0.018188477,-0.0063515007,12.3671665,1.0699966e-06,-1.2745834e-06,0,0,0,1
1771685584652000,1771685584500000,0,1771685584500000,0,-573.47125,12.354216,-0.020202637,-0.007656318,12.367069,1.3201076e-06,-1.2788719e-06,0,0,0,1
1771685584708000,1771685584552000,0,1771685584556000,0,-573.5512,12.354284,0.05883789,-0.0013923701,12.3671665,1.11970585e-05,-1.0360304e-07,0,0,0,1
1771685584756000,1771685584604000,0,1771685584604000,0,-573.4756,12.354216,-0.017333984,-0.0028941166,12.367069,9.718293e-07,-1.8539248e-07,0,0,0,1
1771685584812000,1771685584656000,0,1771685584660000,0,-573.49927,12.354284,0.00579834,-0.002075262,12.3671665,1.0874195e-07,-1.5768416e-07,0,0,0,1
1771685584860000,1771685584708000,0,1771685584708000,0,-573.4804,12.354216,-0.013427734,-0.0031446978,12.367069,5.831747e-07,-1.9776661e-07,0,0,0,1
1771685584916000,1771685584760000,0,1771685584764000,0,-573.51807,12.354284,0.02368164,-0.0006175786,12.3671665,1.8139e-06,-8.261779e-09,0,0,0,1
1771685584964000,1771685584812000,0,1771685584812000,0,-573.5366,12.354216,0.041992188,0.0033963853,12.367069,5.703352e-06,5.2978885e-07,0,0,0,1
1771685585020000,1771685584864000,0,1771685584868000,0,-573.4753,12.354284,-0.01977539,0.0012135368,12.3671665,1.2648526e-06,3.607284e-07,0,0,0,1
1771685585068000,1771685584916000,0,1771685584916000,0,-573.4848,12.354216,-0.010559082,0.00010452198,12.367069,3.6061644e-07,2.927756e-07,0,0,0,1
1771685585124000,1771685584968000,0,1771685584972000,0,-573.55066,12.354284,0.054748535,0.0052521466,12.3671665,9.694709e-06,1.178465e-06,0,0,0,1
1771685585172000,1771685585020000,0,1771685585020000,0,-573.47974,12.354216,-0.016601562,0.0031934637,12.367069,8.91438e-07,9.834741e-07,0,0,0,1
1771685585228000,1771685585072000,0,1771685585076000,0,-573.49866,12.354284,0.0017089844,0.0030536214,12.3671665,9.446392e-09,8.917179e-07,0,0,0,1
1771685585276000,1771685585124000,0,1771685585124000,0,-573.46106,12.354216,-0.03643799,-0.000666603,12.367069,4.294395e-06,4.0317104e-07,0,0,0,1
1771685585332000,1771685585176000,0,1771685585180000,0,-573.48486,12.354284,-0.013061523,-0.0018342405,12.3671665,5.517946e-07,3.132105e-07,0,0,0,1
1771685585380000,1771685585228000,0,1771685585228000,0,-573.4568,12.354216,-0.041259766,-0.0055482397,12.367069,5.506133e-06,-2.3498856e-07,0,0,0,1
1771685585436000,1771685585280000,0,1771685585284000,0,-573.5088,12.354284,0.010681152,-0.004019384,12.3671665,3.6899968e-07,-1.7809111e-07,0,0,0,1
1771685585484000,1771685585332000,0,1771685585332000,0,-573.53217,12.354216,0.033935547,-0.0004439191,12.367069,3.7247996e-06,1.8957255e-07,0,0,0,1
1771685585540000,1771685585384000,0,1771685585388000,0,-573.4756,12.354284,-0.023010254,-0.0025697334,12.3671665,1.7125079e-06,1.0391034e-08,0,0,0,1
1771685585588000,1771685585436000,0,1771685585436000,0,-573.5274,12.354216,0.028442383,0.00035169814,12.367069,2.6165267e-06,2.558966e-07,0,0,0,1
1771685585644000,1771685585488000,0,1771685585492000,0,-573.55536,12.354284,0.056030273,0.0055967816,12.3671665,1.0153955e-05,1.1883225e-06,0,0,0,1
1771685585692000,1771685585540000,0,1771685585540000,0,-573.49854,12.354216,-0.0010986328,0.004966054,12.367069,3.9038968e-09,1.0760112e-06,0,0,0,1
1771685585748000,1771685585592000,0,1771685585596000,0,-573.49854,12.354284,-0.0015869141,0.0043487456,12.3671665,8.145103e-09,9.738806e-07,0,0,0,1
1771685585796000,1771685585644000,0,1771685585644000,0,-573.48444,12.354216,-0.01586914,0.002444162,12.367069,8.1451674e-07,8.054083e-07,0,0,0,1
1771685585852000,1771685585696000,0,1771685585700000,0,-573.4423,12.354284,-0.05822754,-0.0032712887,12.3671665,1.09659595e-05,-3.0348878e-07,0,0,0,1
1771685585900000,1771685585748000,0,1771685585748000,0,-573.51324,12.354216,0.012390137,-0.0017959368,12.367069,4.965299e-07,-2.2812469e-07,0,0,0,1
1771685585956000,1771685585800000,0,1771685585804000,0,-573.5554,12.354284,0.05419922,0.0034789694,12.3671665,9.501143e-06,6.884006e-07,0,0,0,1
1771685586004000,1771685585852000,0,1771685585852000,0,-573.49866,12.354216,-0.0028686523,0.002881005,12.367069,2.6616384e-08,6.210439e-07,0,0,0,1
1771685586060000,1771685585904000,0,1771685585908000,0,-573.508,12.354284,0.006164551,0.0031903244,12.3671665,1.2291153e-07,5.741184e-07,0,0,0,1
1771685586108000,1771685585956000,0,1771685585956000,0,-573.4845,12.354216,-0.017150879,0.001274124,12.367069,9.5140615e-07,4.3040956e-07,0,0,0,1
1771685586164000,1771685586008000,0,1771685586012000,0,-573.4846,12.354284,-0.017211914,-0.0004673145,12.3671665,9.581822e-07,2.9960017e-07,0,0,0,1
1771685586212000,1771685586060000,0,1771685586060000,0,-573.4566,12.354216,-0.04547119,-0.00470681,12.367069,6.687532e-06,-3.5860796e-07,0,0,0,1
1771685586268000,1771685586112000,0,1771685586116000,0,-573.4664,12.354284,-0.035949707,-0.007649982,12.3671665,4.1800404e-06,-7.18598e-07,0,0,0,1
1771685586316000,1771685586164000,0,1771685586164000,0,-573.5042,12.354216,0.0018310547,-0.0067568407,12.367069,1.0844158e-08,-6.4988245e-07,0,0,0,1
1771685586372000,1771685586216000,0,1771685586220000,0,-573.5512,12.354284,0.04852295,-0.0015493236,12.3671665,7.6152496e-06,1.2871703e-07,0,0,0,1
1771685586420000,1771685586268000,0,1771685586268000,0,-573.5085,12.354216,0.005493164,-0.00088590075,12.367069,9.759742e-08,1.2578548e-07,0,0,0,1
1771685586476000,1771685586320000,0,1771685586324000,0,-573.4756,12.354284,-0.027770996,-0.003418555,12.3671665,2.494438e-06,-1.2104718e-07,0,0,0,1
1771685586524000,1771685586372000,0,1771685586372000,0,-573.50867,12.354216,0.0053100586,-0.0025962943,12.367069,9.119937e-08,-1.0105294e-07,0,0,0,1
1771685586580000,1771685586424000,0,1771685586428000,0,-573.48517,12.354284,-0.018371582,-0.0040823724,12.3671665,1.0916486e-06,-1.9436993e-07,0,0,0,1
1771685586628000,1771685586476000,0,1771685586476000,0,-573.5229,12.354216,0.019592285,-0.0018521508,12.367069,1.2415477e-06,-5.910232e-08,0,0,0,1
1771685586684000,1771685586528000,0,1771685586532000,0,-573.48517,12.354284,-0.018249512,-0.0033968298,12.3671665,1.07719e-06,-1.5500913e-07,0,0,0,1
1771685586732000,1771685586580000,0,1771685586580000,0,-573.47125,12.354216,-0.032409668,-0.0061299233,12.367069,3.3973663e-06,-4.604486e-07,0,0,0,1
1771685586788000,1771685586632000,0,1771685586636000,0,-573.4856,12.354284,-0.018127441,-0.007260124,12.3671665,1.0628276e-06,-5.1719445e-07,0,0,0,1
1771685586836000,1771685586684000,0,1771685586684000,0,-573.4435,12.354216,-0.060180664,-0.012245392,12.367069,1.1714053e-05,-1.5719711e-06,0,0,0,1
1771685586892000,1771685586736000,0,1771685586740000,0,-573.5238,12.354284,0.020324707,-0.009177194,12.3671665,1.3360982e-06,-1.2980225e-06,0,0,0,1
1771685586940000,1771685586788000,0,1771685586788000,0,-573.4955,12.354216,-0.007873535,-0.009054385,12.367069,2.0050848e-07,-1.1946336e-06,0,0,0,1
1771685586996000,1771685586840000,0,1771685586844000,0,-573.519,12.354284,0.0154418945,-0.0067467643,12.3671665,7.7124247e-07,-1.0094424e-06,0,0,0,1
1771685587044000,1771685586892000,0,1771685586892000,0,-573.4813,12.354216,-0.022705078,-0.008250084,12.367069,1.6673978e-06,-1.0714236e-06,0,0,0,1
1771685587100000,1771685586944000,0,1771685586948000,0,-573.55194,12.354284,0.047546387,-0.0029938943,12.3671665,7.3118085e-06,-2.8169882e-07,0,0,0,1
1771685587148000,1771685586996000,0,1771685586996000,0,-573.47644,12.354216,-0.028503418,-0.0053969654,12.367069,2.6277685e-06,-5.027054e-07,0,0,0,1
1771685587204000,1771685587048000,0,1771685587052000,0,-573.4955,12.354284,-0.010070801,-0.005837254,12.3671665,3.280332e-07,-4.8625077e-07,0,0,0,1
1771685587252000,1771685587100000,0,1771685587100000,0,-573.49084,12.354216,-0.014831543,-0.006684542,12.367069,7.114852e-07,-5.074685e-07,0,0,0,1
1771685587308000,1771685587152000,0,1771685587156000,0,-573.48627,12.354284,-0.019836426,-0.007923488,12.3671665,1.2726724e-06,-5.7955293e-07,0,0,0,1
1771685587356000,1771685587204000,0,1771685587204000,0,-573.5052,12.354216,-0.0012207031,-0.007292066,12.367069,4.8196256e-09,-5.254114e-07,0,0,0,1
1771685587412000,1771685587256000,0,1771685587260000,0,-573.5193,12.354284,0.012145996,-0.005460944,12.3671665,4.771512e-07,-4.3096708e-07,0,0,0,1
1771685587460000,1771685587308000,0,1771685587308000,0,-573.4863,12.354216,-0.021362305,-0.006958898,12.367069,1.4760104e-06,-5.2941317e-07,0,0,0,1
1771685587516000,1771685587360000,0,1771685587364000,0,-573.52875,12.354284,0.020324707,-0.004388703,12.3671665,1.3360982e-06,-3.5367657e-07,0,0,0,1
1771685587564000,1771685587412000,0,1771685587412000,0,-573.4864,12.354216,-0.022766113,-0.0061199088,12.367069,1.6763743e-06,-4.7827854e-07,0,0,0,1
1771685587620000,1771685587464000,0,1771685587468000,0,-573.4678,12.354284,-0.041931152,-0.009493432,12.3671665,5.6867398e-06,-9.689306e-07,0,0,0,1
1771685587668000,1771685587516000,0,1771685587516000,0,-573.4963,12.354216,-0.014038086,-0.009921552,12.367069,6.373955e-07,-9.3769904e-07,0,0,0,1
1771685587724000,1771685587568000,0,1771685587572000,0,-573.52924,12.354284,0.017333984,-0.007354001,12.3671665,9.718217e-07,-7.578166e-07,0,0,0,1
1771685587772000,1771685587620000,0,1771685587620000,0,-573.5338,12.354216,0.020629883,-0.004717838,12.367069,1.3765333e-06,-5.567547e-07,0,0,0,1
1771685587828000,1771685587672000,0,1771685587676000,0,-573.52423,12.354284,0.009460449,-0.0033822022,12.3671665,2.8947647e-07,-4.7703725e-07,0,0,0,1
1771685587876000,1771685587724000,0,1771685587724000,0,-573.5758,12.354216,0.059509277,0.0025423584,12.367069,1.1454142e-05,6.469145e-07,0,0,0,1
1771685587932000,1771685587776000,0,1771685587780000,0,-573.5566,12.354284,0.038513184,0.0059309145,12.3671665,4.7974295e-06,1.0379051e-06,0,0,0,1
1771685587980000,1771685587828000,0,1771685587828000,0,-573.5515,12.354216,0.032165527,0.008402292,12.367069,3.3463746e-06,1.2553696e-06,0,0,0,1
1771685588036000,1771685587880000,0,1771685587884000,0,-573.5043,12.354284,-0.016418457,0.006064105,12.3671665,8.7187544e-07,1.0549769e-06,0,0,0,1
1771685588084000,1771685587932000,0,1771685587932000,0,-573.49506,12.354216,-0.026977539,0.0029514858,12.367069,2.3539535e-06,7.3384575e-07,0,0,0,1
1771685588140000,1771685587984000,0,1771685587988000,0,-573.51404,12.354284,-0.009338379,0.0017937449,12.3671665,2.8205432e-07,6.38145e-07,0,0,0,1
1771685588188000,1771685588036000,0,1771685588036000,0,-573.5094,12.354216,-0.014526367,0.00025634293,12.367069,6.825072e-07,5.1373576e-07,0,0,0,1
1771685588244000,1771685588088000,0,1771685588092000,0,-573.4908,12.354284,-0.033935547,-0.0029646326,12.3671665,3.72477e-06,1.14456185e-07,0,0,0,1
1771685588292000,1771685588140000,0,1771685588140000,0,-573.5333,12.354216,0.008178711,-0.0019148972,12.36707,2.1635297e-07,1.2405516e-07,0,0,0,1
1771685588348000,1771685588192000,0,1771685588196000,0,-573.51917,12.354284,-0.006713867,-0.0023669743,12.3671665,1.4579253e-07,9.863473e-08,0,0,0,1
1771685588396000,1771685588244000,0,1771685588244000,0,-573.5145,12.354216,-0.0119018555,-0.0032651878,12.36707,4.5816563e-07,4.6182514e-08,0,0,0,1
1771685588452000,1771685588296000,0,1771685588300000,0,-573.50055,12.354284,-0.026306152,-0.0054357136,12.367167,2.2382283e-06,-1.6901564e-07,0,0,0,1
1771685588500000,1771685588348000,0,1771685588348000,0,-573.51483,12.354216,-0.012084961,-0.006062092,12.36707,4.7237148e-07,-1.9759264e-07,0,0,0,1
1771685588556000,1771685588400000,0,1771685588404000,0,-573.5009,12.354284,-0.026184082,-0.007957642,12.367167,2.217504e-06,-3.8787414e-07,0,0,0,1
1771685588604000,1771685588452000,0,1771685588452000,0,-573.4494,12.354216,-0.07763672,-0.014521614,12.367071,1.949519e-05,-2.1878388e-06,0,0,0,1
1771685588660000,1771685588504000,0,1771685588508000,0,-573.5393,12.354284,0.012084961,-0.012015197,12.367168,4.7236773e-07,-1.9372396e-06,0,0,0,1
1771685588708000,1771685588556000,0,1771685588556000,0,-573.47345,12.354216,-0.053833008,-0.015954558,12.367071,9.373254e-06,-2.6377338e-06,0,0,0,1
1771685588764000,1771685588608000,0,1771685588612000,0,-573.47864,12.354284,-0.048706055,-0.019039843,12.367168,7.672831e-06,-3.1120546e-06,0,0,0,1
1771685588812000,1771685588660000,0,1771685588660000,0,-573.5682,12.354216,0.04071045,-0.013411192,12.367072,5.3604954e-06,-2.313916e-06,0,0,0,1
1771685588868000,1771685588712000,0,1771685588716000,0,-573.4787,12.354284,-0.049316406,-0.016793568,12.367169,7.866337e-06,-2.8369702e-06,0,0,0,1
1771685588916000,1771685588764000,0,1771685588764000,0,-573.51196,12.354216,-0.016540527,-0.016769731,12.367073,8.848951e-07,-2.653079e-06,0,0,0,1
1771685588972000,1771685588816000,0,1771685588820000,0,-573.5121,12.354284,-0.016418457,-0.01673664,12.36717,8.718752e-07,-2.4852845e-06,0,0,0,1
1771685589020000,1771685588868000,0,1771685588868000,0,-573.50287,12.354216,-0.025268555,-0.017540371,12.367074,2.0651605e-06,-2.4457077e-06,0,0,0,1
1771685589076000,1771685588920000,0,1771685588924000,0,-573.4984,12.354284,-0.029296875,-0.018647868,12.367171,2.7760814e-06,-2.4768299e-06,0,0,0,1
1771685589124000,1771685588972000,0,1771685588972000,0,-573.49866,12.354216,-0.028625488,-0.019587789,12.367075,2.650323e-06,-2.4931735e-06,0,0,0,1
1771685589180000,1771685589024000,0,1771685589028000,0,-573.51764,12.354284,-0.009338379,-0.018622264,12.367172,2.8205417e-07,-2.2848797e-06,0,0,0,1
1771685589228000,1771685589076000,0,1771685589076000,0,-573.49896,12.354216,-0.027770996,-0.0194841,12.367076,2.494456e-06,-2.3046223e-06,0,0,0,1
1771685589284000,1771685589128000,0,1771685589132000,0,-573.51324,12.354284,-0.01373291,-0.018942323,12.367173,6.0997877e-07,-2.1449819e-06,0,0,0,1
1771685589332000,1771685589180000,0,1771685589180000,0,-573.51337,12.354216,-0.0134887695,-0.018428583,12.367077,5.88488e-07,-1.9983556e-06,0,0,0,1
1771685589388000,1771685589232000,0,1771685589236000,0,-573.5464,12.354284,0.020080566,-0.014800909,12.367175,1.3041915e-06,-1.6872461e-06,0,0,0,1
1771685589436000,1771685589284000,0,1771685589284000,0,-573.48987,12.354216,-0.036315918,-0.016827686,12.367079,4.2656666e-06,-1.9301408e-06,0,0,0,1
1771685589492000,1771685589336000,0,1771685589340000,0,-573.4996,12.354284,-0.026306152,-0.017720586,12.367176,2.238227e-06,-1.9591635e-06,0,0,0,1
1771685589540000,1771685589388000,0,1771685589388000,0,-573.5326,12.354216,0.0071411133,-0.015378541,12.36708,1.649395e-07,-1.7590668e-06,0,0,0,1
1771685589596000,1771685589440000,0,1771685589444000,0,-573.4809,12.354284,-0.044311523,-0.018104112,12.367177,6.3507173e-06,-2.1916135e-06,0,0,0,1
1771685589644000,1771685589492000,0,1771685589492000,0,-573.4531,12.354216,-0.07159424,-0.023143036,12.367081,1.6578642e-05,-3.5469134e-06,0,0,0,1
1771685589700000,1771685589544000,0,1771685589548000,0,-573.5335,12.354284,0.009460449,-0.020071693,12.367179,2.894762e-07,-3.1855143e-06,0,0,0,1
1771685589748000,1771685589596000,0,1771685589596000,0,-573.4583,12.354216,-0.06512451,-0.024315799,12.367083,1.3717712e-05,-4.177678e-06,0,0,0,1
1771685589804000,1771685589648000,0,1771685589652000,0,-573.46826,12.354284,-0.054748535,-0.02718265,12.36718,9.694699e-06,-4.6973973e-06,0,0,0,1
1771685589852000,1771685589700000,0,1771685589700000,0,-573.5204,12.354216,-0.0021362305,-0.024823204,12.367084,1.47600865e-08,-4.256279e-06,0,0,0,1
1771685589908000,1771685589752000,0,1771685589756000,0,-573.5157,12.354284,-0.006591797,-0.023105752,12.367182,1.4053902e-07,-3.8685644e-06,0,0,0,1
1771685589956000,1771685589804000,0,1771685589804000,0,-573.497,12.354216,-0.024841309,-0.023269245,12.3670845,1.995913e-06,-3.6921551e-06,0,0,0,1
1771685590012000,1771685589856000,0,1771685589860000,0,-573.5582,12.354284,0.036743164,-0.017615903,12.367183,4.366589e-06,-2.932998e-06,0,0,0,1
1771685590060000,1771685589908000,0,1771685589908000,0,-573.5063,12.354216,-0.014282227,-0.017301861,12.367086,6.5975763e-07,-2.7188523e-06,0,0,0,1
1771685590116000,1771685589960000,0,1771685589964000,0,-573.4735,12.354284,-0.04663086,-0.020064738,12.367184,7.0329256e-06,-3.1252507e-06,0,0,0,1
1771685590164000,1771685590012000,0,1771685590012000,0,-573.50214,12.354216,-0.0178833,-0.01985924,12.367087,1.0343986e-06,-2.9282864e-06,0,0,0,1
1771685590220000,1771685590064000,0,1771685590068000,0,-573.46466,12.354284,-0.05529785,-0.02319766,12.367185,9.890213e-06,-3.5841201e-06,0,0,0,1
1771685590268000,1771685590116000,0,1771685590116000,0,-573.46045,12.354216,-0.059448242,-0.02661257,12.367088,1.143064e-05,-4.323285e-06,0,0,0,1
1771685590324000,1771685590168000,0,1771685590172000,0,-573.49384,12.354284,-0.026306152,-0.026583705,12.367186,2.2382253e-06,-4.1268663e-06,0,0,0,1
1771685590372000,1771685590220000,0,1771685590220000,0,-573.4988,12.354216,-0.021606445,-0.026114833,12.367089,1.509938e-06,-3.880344e-06,0,0,0,1
1771685590428000,1771685590272000,0,1771685590276000,0,-573.5412,12.354284,0.020324707,-0.021740094,12.367187,1.336096e-06,-3.3889403e-06,0,0,0,1
1771685590476000,1771685590324000,0,1771685590324000,0,-573.5175,12.354216,-0.0036621094,-0.020037096,12.36709,4.337656e-08,-3.0737785e-06,0,0,0,1
1771685590532000,1771685590376000,0,1771685590380000,0,-573.5363,12.354284,0.01373291,-0.016855864,12.3671875,6.0997803e-07,-2.7267579e-06,0,0,0,1
1771685590580000,1771685590428000,0,1771685590428000,0,-573.555,12.354216,0.03112793,-0.012335651,12.367091,3.1339562e-06,-2.1746616e-06,0,0,0,1
1771685590636000,1771685590480000,0,1771685590484000,0,-573.54065,12.354284,0.014587402,-0.009799421,12.367188,6.8824795e-07,-1.9049672e-06,0,0,0,1
1771685590684000,1771685590532000,0,1771685590532000,0,-573.5077,12.354216,-0.020202637,-0.010779434,12.367092,1.3201051e-06,-1.8498715e-06,0,0,0,1
1771685590740000,1771685590584000,0,1771685590588000,0,-573.4891,12.354284,-0.041381836,-0.013662269,12.367189,5.538708e-06,-2.1973706e-06,0,0,0,1
1771685590788000,1771685590636000,0,1771685590636000,0,-573.49414,12.354216,-0.038391113,-0.015991798,12.367093,4.7670947e-06,-2.439446e-06,0,0,0,1
1771685590844000,1771685590688000,0,1771685590692000,0,-573.50385,12.354284,-0.030456543,-0.01735442,12.367191,3.0001995e-06,-2.4922706e-06,0,0,0,1
1771685590892000,1771685590740000,0,1771685590740000,0,-573.4853,12.354216,-0.049987793,-0.020428577,12.367094,8.082026e-06,-3.0188419e-06,0,0,0,1
1771685590948000,1771685590792000,0,1771685590796000,0,-573.51385,12.354284,-0.021911621,-0.020568285,12.367192,1.55288e-06,-2.880744e-06,0,0,0,1
1771685590996000,1771685590844000,0,1771685590844000,0,-573.51874,12.354216,-0.017028809,-0.020234857,12.367096,9.379092e-07,-2.6977232e-06,0,0,0,1
1771685591052000,1771685590896000,0,1771685590900000,0,-573.52826,12.354284,-0.0067749023,-0.01896689,12.367194,1.4845503e-07,-2.4575747e-06,0,0,0,1
1771685591100000,1771685590948000,0,1771685590948000,0,-573.5189,12.354216,-0.015319824,-0.018623326,12.367098,7.591013e-07,-2.2975737e-06,0,0,0,1
1771685591156000,1771685591000000,0,1771685591004000,0,-573.51904,12.354284,-0.014099121,-0.018197132,12.367195,6.429436e-07,-2.1417027e-06,0,0,0,1
1771685591204000,1771685591052000,0,1771685591052000,0,-573.5755,12.354216,0.0435791,-0.012377631,12.3671,6.14255e-06,-1.361302e-06,0,0,0,1
1771685591260000,1771685591104000,0,1771685591108000,0,-573.547,12.354284,0.016784668,-0.0096304575,12.367197,9.11201e-07,-1.1472256e-06,0,0,0,1
1771685591308000,1771685591156000,0,1771685591156000,0,-573.5469,12.354216,0.018310547,-0.006998334,12.367101,1.084413e-06,-9.3699873e-07,0,0,0,1
1771685591364000,1771685591208000,0,1771685591212000,0,-573.5796,12.354284,0.052856445,-0.0013598399,12.367199,9.036174e-06,2.5031e-09,0,0,0,1
1771685591412000,1771685591260000,0,1771685591260000,0,-573.54626,12.354216,0.021057129,0.0007519035,12.367103,1.434136e-06,1.3736708e-07,0,0,0,1
1771685591468000,1771685591312000,0,1771685591316000,0,-573.5132,12.354284,-0.010681152,-0.00032512355,12.367201,3.6899866e-07,8.966596e-08,0,0,0,1
1771685591516000,1771685591364000,0,1771685591364000,0,-573.48987,12.354216,-0.032287598,-0.0033360813,12.367105,3.3718127e-06,-2.3641537e-07,0,0,0,1
1771685591572000,1771685591416000,0,1771685591420000,0,-573.4572,12.354284,-0.06335449,-0.00898999,12.367203,1.2982053e-05,-1.4370916e-06,0,0,0,1
1771685591620000,1771685591468000,0,1771685591468000,0,-573.50006,12.354216,-0.019470215,-0.009977258,12.367106,1.2261211e-06,-1.4172175e-06,0,0,0,1
1771685591676000,1771685591520000,0,1771685591524000,0,-573.5237,12.354284,0.004760742,-0.008588895,12.367205,7.3305706e-08,-1.2768058e-06,0,0,0,1
1771685591724000,1771685591572000,0,1771685591572000,0,-573.5283,12.354216,0.00970459,-0.0068655955,12.367107,3.0461146e-07,-1.1278318e-06,0,0,0,1
1771685591780000,1771685591624000,0,1771685591628000,0,-573.4625,12.354284,-0.056640625,-0.0115545485,12.367206,1.0376347e-05,-1.999069e-06,0,0,0,1
1771685591828000,1771685591676000,0,1771685591676000,0,-573.5053,12.354216,-0.014282227,-0.011811504,12.367109,6.5975644e-07,-1.8729017e-06,0,0,0,1
1771685591884000,1771685591728000,0,1771685591732000,0,-573.5194,12.354284,-0.0010375977,-0.010796571,12.367208,3.4821408e-09,-1.696797e-06,0,0,0,1
1771685591932000,1771685591780000,0,1771685591780000,0,-573.53827,12.354216,0.016784668,-0.008198339,12.36711,9.1120745e-07,-1.4511154e-06,0,0,0,1
1771685591988000,1771685591832000,0,1771685591836000,0,-573.5381,12.354284,0.015197754,-0.0059943586,12.3672085,7.4704565e-07,-1.2440422e-06,0,0,0,1
1771685592036000,1771685591884000,0,1771685591884000,0,-573.5004,12.354216,-0.023742676,-0.0076663014,12.367112,1.8232702e-06,-1.2986071e-06,0,0,0,1
1771685592092000,1771685591936000,0,1771685591940000,0,-573.51935,12.354284,-0.0067749023,-0.007582329,12.367209,1.4845483e-07,-1.1902595e-06,0,0,0,1
1771685592140000,1771685591988000,0,1771685591988000,0,-573.4772,12.354217,-0.05053711,-0.0116287945,12.367114,8.260616e-06,-1.8563076e-06,0,0,0,1
1771685592196000,1771685592040000,0,1771685592044000,0,-573.595,12.354284,0.06512451,-0.00439841,12.367211,1.3717568e-05,-3.8920314e-07,0,0,0,1
1771685592244000,1771685592092000,0,1771685592092000,0,-573.5146,12.354217,-0.016540527,-0.0055422327,12.367116,8.84892e-07,-4.3589847e-07,0,0,0,1
1771685592300000,1771685592144000,0,1771685592148000,0,-573.54767,12.354284,0.015319824,-0.0035769662,12.367213,7.590943e-07,-3.2332667e-07,0,0,0,1
1771685592348000,1771685592196000,0,1771685592196000,0,-573.53815,12.354217,0.0052490234,-0.0027455324,12.367118,8.911453e-08,-2.8447351e-07,0,0,0,1
1771685592404000,1771685592248000,0,1771685592252000,0,-573.5381,12.354284,0.0045776367,-0.0020556687,12.367215,6.777518e-08,-2.5129066e-07,0,0,0,1
1771685592452000,1771685592300000,0,1771685592300000,0,-573.5662,12.354217,0.03265381,0.0012140647,12.367119,3.4487296e-06,9.726199e-08,0,0,0,1
1771685592508000,1771685592352000,0,1771685592356000,0,-573.5143,12.354284,-0.01940918,-0.00072870485,12.367217,1.218435e-06,-2.6680496e-08,0,0,0,1
1771685592556000,1771685592404000,0,1771685592404000,0,-573.48157,12.354217,-0.051574707,-0.0055185463,12.367122,8.603297e-06,-8.3462265e-07,0,0,0,1
1771685592612000,1771685592456000,0,1771685592460000,0,-573.5477,12.354284,0.015563965,-0.0035325126,12.367219,7.834809e-07,-6.821926e-07,0,0,0,1
1771685592660000,1771685592508000,0,1771685592508000,0,-573.5382,12.354217,0.007385254,-0.0025040274,12.367124,1.7640957e-07,-6.0130975e-07,0,0,0,1
1771685592716000,1771685592560000,0,1771685592564000,0,-573.51,12.354284,-0.01940918,-0.0040965416,12.367221,1.2184347e-06,-6.594447e-07,0,0,0,1
1771685592764000,1771685592612000,0,1771685592612000,0,-573.52893,12.354217,0.0014648438,-0.0035726428,12.3671255,6.9402297e-09,-5.9666934e-07,0,0,0,1
1771685592820000,1771685592664000,0,1771685592668000,0,-573.4773,12.354284,-0.047851562,-0.0077438457,12.367223,7.4059376e-06,-1.2381222e-06,0,0,0,1
1771685592868000,1771685592716000,0,1771685592716000,0,-573.5293,12.354217,0.006286621,-0.006422135,12.367127,1.2782792e-07,-1.1094457e-06,0,0,0,1
1771685592924000,1771685592768000,0,1771685592772000,0,-573.49646,12.354284,-0.024353027,-0.008111278,12.367226,1.918199e-06,-1.1856326e-06,0,0,0,1
1771685592972000,1771685592820000,0,1771685592820000,0,-573.48254,12.354217,-0.036132812,-0.010750988,12.367129,4.222743e-06,-1.4717373e-06,0,0,0,1
1771685593028000,1771685592872000,0,1771685592876000,0,-573.51105,12.354284,-0.005493164,-0.010255685,12.367228,9.759617e-08,-1.3422892e-06,0,0,0,1
1771685593076000,1771685592924000,0,1771685592924000,0,-573.5017,12.354217,-0.012634277,-0.010479756,12.367131,5.1628774e-07,-1.2644775e-06,0,0,0,1
1771685593132000,1771685592976000,0,1771685592980000,0,-573.4548,12.354284,-0.057617188,-0.014920238,12.3672285,1.0737216e-05,-2.1568371e-06,0,0,0,1
1771685593180000,1771685593028000,0,1771685593028000,0,-573.49756,12.354217,-0.012817383,-0.014722143,12.367133,5.31361e-07,-2.0037126e-06,0,0,0,1
1771685593236000,1771685593080000,0,1771685593084000,0,-573.4648,12.354284,-0.043640137,-0.017446302,12.36723,6.1597025e-06,-2.3952189e-06,0,0,0,1
1771685593284000,1771685593132000,0,1771685593132000,0,-573.437,12.354217,-0.06945801,-0.022345956,12.367134,1.5603988e-05,-3.6395231e-06,0,0,0,1
1771685593340000,1771685593184000,0,1771685593188000,0,-573.48926,12.354284,-0.015563965,-0.021707073,12.36723,7.8348023e-07,-3.3704755e-06,0,0,0,1
1771685593388000,1771685593236000,0,1771685593236000,0,-573.5082,12.354217,0.0052490234,-0.01916773,12.367134,8.9114415e-08,-3.0445722e-06,0,0,0,1
1771685593444000,1771685593288000,0,1771685593292000,0,-573.4705,12.354284,-0.03137207,-0.020317415,12.36723,3.183273e-06,-3.0576382e-06,0,0,0,1
1771685593492000,1771685593340000,0,1771685593340000,0,-573.4614,12.354217,-0.039733887,-0.022146503,12.367134,5.106379e-06,-3.2506355e-06,0,0,0,1
1771685593548000,1771685593392000,0,1771685593396000,0,-573.4852,12.354284,-0.015380859,-0.02150916,12.36723,7.651538e-07,-3.0164958e-06,0,0,0,1
1771685593596000,1771685593444000,0,1771685593444000,0,-573.47125,12.354217,-0.028930664,-0.022208286,12.367134,2.7071214e-06,-2.9873518e-06,0,0,0,1
1771685593652000,1771685593496000,0,1771685593500000,0,-573.4903,12.354284,-0.009460449,-0.021007404,12.367229,2.8947503e-07,-2.733204e-06,0,0,0,1
1771685593700000,1771685593548000,0,1771685593548000,0,-573.47156,12.354217,-0.027893066,-0.021656053,12.367133,2.5164222e-06,-2.7127824e-06,0,0,0,1
1771685593756000,1771685593600000,0,1771685593604000,0,-573.5094,12.354284,0.009643555,-0.01870754,12.3672285,3.0078894e-07,-2.4288952e-06,0,0,0,1
1771685593804000,1771685593652000,0,1771685593652000,0,-573.46704,12.354217,-0.03289795,-0.020044317,12.367131,3.5004887e-06,-2.5298425e-06,0,0,0,1
1771685593860000,1771685593704000,0,1771685593708000,0,-573.5471,12.354284,0.04699707,-0.0137288235,12.367227,7.1437994e-06,-1.6185572e-06,0,0,0,1
1771685593908000,1771685593756000,0,1771685593756000,0,-573.4904,12.354217,-0.010314941,-0.013407226,12.367129,3.4413168e-07,-1.4985027e-06,0,0,0,1
1771685593964000,1771685593808000,0,1771685593812000,0,-573.514,12.354284,0.012145996,-0.011000038,12.367225,4.77149e-07,-1.3123905e-06,0,0,0,1
1771685594012000,1771685593860000,0,1771685593860000,0,-573.5045,12.354217,0.0020751953,-0.009768313,12.367127,1.3928653e-08,-1.1874474e-06,0,0,0,1
1771685594068000,1771685593912000,0,1771685593916000,0,-573.5279,12.354284,0.024841309,-0.0065079858,12.367223,1.9958907e-06,-8.875677e-07,0,0,0,1
1771685594116000,1771685593964000,0,1771685593964000,0,-573.5043,12.354217,0.0005493164,-0.005843167,12.3671255,9.759697e-10,-8.038643e-07,0,0,0,1
1771685594172000,1771685594016000,0,1771685594020000,0,-573.4949,12.354284,-0.010437012,-0.0062759207,12.367221,3.523224e-07,-7.613277e-07,0,0,0,1
1771685594220000,1771685594068000,0,1771685594068000,0,-573.50903,12.354217,0.0021362305,-0.005483472,12.367124,1.47600385e-08,-6.88218e-07,0,0,0,1
1771685594276000,1771685594120000,0,1771685594124000,0,-573.49023,12.354284,-0.018432617,-0.006703319,12.367218,1.0989096e-06,-7.2690636e-07,0,0,0,1
1771685594324000,1771685594172000,0,1771685594172000,0,-573.51855,12.354217,0.008483887,-0.00527264,12.367121,2.3279901e-07,-6.3649935e-07,0,0,0,1
1771685594380000,1771685594224000,0,1771685594228000,0,-573.54193,12.354284,0.030334473,-0.0019183462,12.367216,2.976192e-06,-2.961733e-07,0,0,0,1
1771685594428000,1771685594276000,0,1771685594276000,0,-573.50415,12.354217,-0.0087890625,-0.0025655876,12.367119,2.498484e-07,-2.9180936e-07,0,0,0,1
1771685594484000,1771685594328000,0,1771685594332000,0,-573.5887,12.354284,0.07421875,0.00466772,12.367213,1.7816214e-05,1.414019e-06,0,0,0,1
1771685594532000,1771685594380000,0,1771685594380000,0,-573.4613,12.354217,-0.05444336,-0.0009007156,12.367116,9.586971e-06,3.7769382e-07,0,0,0,1
1771685594588000,1771685594432000,0,1771685594436000,0,-573.5322,12.354284,0.014892578,0.0005870586,12.36721,7.173449e-07,4.0968993e-07,0,0,0,1
1771685594636000,1771685594484000,0,1771685594484000,0,-573.5462,12.354217,0.027648926,0.0031363652,12.367113,2.4725678e-06,6.04019e-07,0,0,0,1
1771685594692000,1771685594536000,0,1771685594540000,0,-573.54126,12.354284,0.02142334,0.0048590517,12.3672085,1.4844401e-06,6.8695726e-07,0,0,0,1
1771685594740000,1771685594588000,0,1771685594588000,0,-573.5364,12.354217,0.015319824,0.005844487,12.367111,7.591005e-07,6.9375335e-07,0,0,0,1
1771685594796000,1771685594640000,0,1771685594644000,0,-573.6255,12.354284,0.10266113,0.014964896,12.367206,3.408792e-05,3.839581e-06,0,0,0,1
1771685594844000,1771685594692000,0,1771685594692000,0,-573.5495,12.354217,0.025268555,0.01593553,12.367108,2.0651548e-06,3.672425e-06,0,0,0,1
1771685594900000,1771685594744000,0,1771685594748000,0,-573.56335,12.354284,0.037231445,0.017941669,12.367204,4.4834082e-06,3.7488219e-06,0,0,0,1
1771685594948000,1771685594796000,0,1771685594796000,0,-573.5114,12.354217,-0.016357422,0.014710595,12.367106,8.6540933e-07,3.3141478e-06,0,0,0,1
1771685595004000,1771685594848000,0,1771685594852000,0,-573.5538,12.354284,0.024475098,0.015630439,12.367202,1.9374806e-06,3.1844618e-06,0,0,0,1
1771685595052000,1771685594900000,0,1771685594900000,0,-573.5442,12.354217,0.0138549805,0.0154631855,12.367105,6.2087446e-07,2.9429643e-06,0,0,0,1
1771685595108000,1771685594952000,0,1771685594956000,0,-573.5112,12.354284,-0.020446777,0.012080363,12.367199,1.3521922e-06,2.538348e-06,0,0,0,1
1771685595156000,1771685595004000,0,1771685595004000,0,-573.54425,12.354217,0.01171875,0.012046298,12.367103,4.4417553e-07,2.341071e-06,0,0,0,1
1771685595212000,1771685595056000,0,1771685595060000,0,-573.5394,12.354284,0.006286621,0.01150372,12.367197,1.2782719e-07,2.132577e-06,0,0,0,1
1771685595260000,1771685595108000,0,1771685595108000,0,-573.52057,12.354217,-0.013061523,0.009189602,12.367101,5.5179754e-07,1.8797011e-06,0,0,0,1
1771685595316000,1771685595160000,0,1771685595164000,0,-573.5207,12.354284,-0.01361084,0.007041734,12.367195,5.991818e-07,1.6461831e-06,0,0,0,1
1771685595364000,1771685595212000,0,1771685595212000,0,-573.4974,12.354217,-0.037719727,0.0028250744,12.367099,4.601816e-06,1.0576034e-06,0,0,0,1
1771685595420000,1771685595264000,0,1771685595268000,0,-573.4789,12.354284,-0.05682373,-0.0027940162,12.367194,1.0443554e-05,-2.5838972e-08,0,0,0,1
1771685595468000,1771685595316000,0,1771685595316000,0,-573.57794,12.354217,0.041931152,0.0014192248,12.367097,5.686772e-06,5.123056e-07,0,0,0,1
1771685595524000,1771685595368000,0,1771685595372000,0,-573.5776,12.354284,0.040771484,0.005126322,12.367192,5.376528e-06,9.705294e-07,0,0,0,1
1771685595572000,1771685595420000,0,1771685595420000,0,-573.5867,12.354217,0.04949951,0.009306405,12.367095,7.924907e-06,1.625652e-06,0,0,0,1
1771685595628000,1771685595472000,0,1771685595476000,0,-573.61914,12.354284,0.08123779,0.016082551,12.36719,2.1345444e-05,3.4833138e-06,0,0,0,1
1771685595676000,1771685595524000,0,1771685595524000,0,-573.53394,12.354217,-0.0045776367,0.014136301,12.367094,6.777585e-08,3.1487907e-06,0,0,0,1
1771685595732000,1771685595576000,0,1771685595580000,0,-573.57153,12.354284,0.032226562,0.015840456,12.367189,3.3590536e-06,3.1685981e-06,0,0,0,1
1771685595780000,1771685595628000,0,1771685595628000,0,-573.5619,12.354217,0.02178955,0.016400877,12.367092,1.5356384e-06,3.0147685e-06,0,0,0,1
1771685595836000,1771685595680000,0,1771685595684000,0,-573.5617,12.354284,0.020690918,0.016805012,12.3671875,1.3846773e-06,2.8612092e-06,0,0,0,1
1771685595884000,1771685595732000,0,1771685595732000,0,-573.5568,12.354217,0.015319824,0.016665103,12.367091,7.5910174e-07,2.6631847e-06,0,0,0,1
1771685595940000,1771685595784000,0,1771685595788000,0,-573.5473,12.354284,0.0051879883,0.015583925,12.367187,8.7053664e-08,2.4205056e-06,0,0,0,1
1771685595988000,1771685595836000,0,1771685595836000,0,-573.6036,12.354217,0.061035156,0.019865563,12.367089,1.2049044e-05,3.327542e-06,0,0,0,1
1771685596044000,1771685595888000,0,1771685595892000,0,-573.53735,12.354284,-0.00579834,0.017447948,12.367185,1.0874179e-07,3.003834e-06,0,0,0,1
1771685596092000,1771685595940000,0,1771685595940000,0,-573.54675,12.354217,0.0028686523,0.016074536,12.367088,2.6616341e-08,2.7233716e-06,0,0,0,1
1771685596148000,1771685595992000,0,1771685595996000,0,-573.5843,12.354284,0.03955078,0.018286066,12.367184,5.0594035e-06,2.9434327e-06,0,0,0,1
1771685596196000,1771685596044000,0,1771685596044000,0,-573.56525,12.354217,0.01977539,0.018426364,12.367087,1.2648607e-06,2.7853064e-06,0,0,0,1
1771685596252000,1771685596096000,0,1771685596100000,0,-573.56506,12.354284,0.018676758,0.018449953,12.367183,1.1282158e-06,2.6292037e-06,0,0,0,1
1771685596300000,1771685596148000,0,1771685596148000,0,-573.5649,12.354217,0.017944336,0.018402323,12.367086,1.0414715e-06,2.4796348e-06,0,0,0,1
1771685596356000,1771685596200000,0,1771685596204000,0,-573.53656,12.354284,-0.010803223,0.015651075,12.367182,3.774817e-07,2.2104862e-06,0,0,0,1
1771685596404000,1771685596252000,0,1771685596252000,0,-573.57416,12.354217,0.026489258,0.016672064,12.367085,2.2695106e-06,2.2160464e-06,0,0,0,1
1771685596460000,1771685596304000,0,1771685596308000,0,-573.56464,12.354284,0.016723633,0.016676921,12.367181,9.0458735e-07,2.092503e-06,0,0,0,1
1771685596508000,1771685596356000,0,1771685596356000,0,-573.54565,12.354217,-0.002380371,0.014881669,12.3670845,1.8326604e-08,1.8936569e-06,0,0,0,1
1771685596564000,1771685596408000,0,1771685596412000,0,-573.5645,12.354284,0.016174316,0.01500344,12.36718,8.4613794e-07,1.7949775e-06,0,0,0,1
1771685596612000,1771685596460000,0,1771685596460000,0,-573.58777,12.354217,0.039245605,0.017287122,12.367084,4.9816676e-06,2.095173e-06,0,0,0,1
1771685596668000,1771685596512000,0,1771685596516000,0,-573.59216,12.354284,0.0435791,0.019763904,12.367179,6.1425103e-06,2.4764438e-06,0,0,0,1
1771685596716000,1771685596564000,0,1771685596564000,0,-573.4838,12.354217,-0.064819336,0.011795917,12.367083,1.3589451e-05,9.629898e-07,0,0,0,1
1771685596772000,1771685596616000,0,1771685596620000,0,-573.58295,12.354284,0.034423828,0.013927531,12.367178,3.8327257e-06,1.2333273e-06,0,0,0,1
1771685596820000,1771685596668000,0,1771685596668000,0,-573.5686,12.354217,0.020629883,0.014558912,12.367082,1.3765319e-06,1.2468176e-06,0,0,0,1
1771685596876000,1771685596720000,0,1771685596724000,0,-573.5496,12.354284,0.0020751953,0.01338291,12.367177,1.3928598e-08,1.1306759e-06,0,0,0,1
1771685596924000,1771685596772000,0,1771685596772000,0,-573.59186,12.354217,0.044555664,0.016319474,12.367081,6.4209407e-06,1.6290342e-06,0,0,0,1
1771685596980000,1771685596824000,0,1771685596828000,0,-573.54456,12.354284,-0.0029296875,0.014506147,12.367176,2.7760803e-08,1.4729593e-06,0,0,0,1
1771685597028000,1771685596876000,0,1771685596876000,0,-573.6291,12.354217,0.08129883,0.020798212,12.36708,2.137772e-05,3.3480455e-06,0,0,0,1
1771685597084000,1771685596928000,0,1771685596932000,0,-573.5674,12.354284,0.01940918,0.020667361,12.367176,1.218439e-06,3.1474303e-06,0,0,0,1
1771685597132000,1771685596980000,0,1771685596980000,0,-573.5155,12.354217,-0.032165527,0.015690349,12.36708,3.3463716e-06,2.5356953e-06,0,0,0,1
1771685597188000,1771685597032000,0,1771685597036000,0,-573.5205,12.354284,-0.026977539,0.01167091,12.367175,2.3539333e-06,2.075078e-06,0,0,0,1
1771685597236000,1771685597084000,0,1771685597084000,0,-573.52545,12.354217,-0.021911621,0.008507337,12.367079,1.5528942e-06,1.7333125e-06,0,0,0,1
1771685597292000,1771685597136000,0,1771685597140000,0,-573.56323,12.354284,0.01586914,0.00920084,12.367174,8.1450986e-07,1.6467586e-06,0,0,0,1
1771685597340000,1771685597188000,0,1771685597188000,0,-573.6006,12.354217,0.05340576,0.013365072,12.367078,9.225058e-06,2.3606565e-06,0,0,0,1
1771685597396000,1771685597240000,0,1771685597244000,0,-573.5438,12.354284,-0.0032348633,0.01180131,12.367174,3.3845534e-08,2.1350875e-06,0,0,0,1
1771685597444000,1771685597292000,0,1771685597292000,0,-573.5579,12.354217,0.011291504,0.011753284,12.367078,4.1237894e-07,1.9728034e-06,0,0,0,1
1771685597500000,1771685597344000,0,1771685597348000,0,-573.5813,12.354284,0.03503418,0.013946412,12.367173,3.9698443e-06,2.1609305e-06,0,0,0,1
1771685597548000,1771685597396000,0,1771685597396000,0,-573.53406,12.354217,-0.012145996,0.011488431,12.367077,4.7715474e-07,1.9124152e-06,0,0,0,1
1771685597604000,1771685597448000,0,1771685597452000,0,-573.5671,12.354284,0.021362305,0.012418578,12.367172,1.475998e-06,1.8713034e-06,0,0,0,1
1771685597652000,1771685597500000,0,1771685597500000,0,-573.58093,12.354216,0.03527832,0.014572033,12.367076,4.025397e-06,2.0742252e-06,0,0,0,1
1771685597708000,1771685597552000,0,1771685597556000,0,-573.5666,12.354284,0.020996094,0.015177198,12.367172,1.4258261e-06,2.0131442e-06,0,0,0,1
1771685597756000,1771685597604000,0,1771685597604000,0,-573.5523,12.354216,0.0068359375,0.014391427,12.367075,1.5114338e-07,1.8377384e-06,0,0,0,1
1771685597812000,1771685597656000,0,1771685597660000,0,-573.56165,12.354284,0.015991211,0.014542132,12.367171,8.2708914e-07,1.7425323e-06,0,0,0,1
1771685597860000,1771685597708000,0,1771685597708000,0,-573.538,12.354216,-0.0076293945,0.0124535095,12.367075,1.8826654e-07,1.5606454e-06,0,0,0,1
1771685597916000,1771685597760000,0,1771685597764000,0,-573.5522,12.354284,0.0067749023,0.011918568,12.367171,1.4845529e-07,1.4276129e-06,0,0,0,1
1771685597964000,1771685597812000,0,1771685597812000,0,-573.57556,12.354216,0.030456543,0.013664899,12.367074,3.000228e-06,1.5757578e-06,0,0,0,1
1771685598020000,1771685597864000,0,1771685597868000,0,-573.5472,12.354284,0.002319336,0.012596115,12.36717,1.7398706e-08,1.4289558e-06,0,0,0,1
1771685598068000,1771685597916000,0,1771685597916000,0,-573.60345,12.354216,0.059020996,0.016969472,12.367074,1.1266943e-05,2.3557227e-06,0,0,0,1
1771685598124000,1771685597968000,0,1771685597972000,0,-573.58887,12.354284,0.04449463,0.019562421,12.36717,6.4033143e-06,2.7370177e-06,0,0,0,1
1771685598172000,1771685598020000,0,1771685598020000,0,-573.5791,12.354216,0.034729004,0.020991158,12.367073,3.901016e-06,2.8466698e-06,0,0,0,1
1771685598228000,1771685598072000,0,1771685598076000,0,-573.54126,12.354284,-0.0032958984,0.018703246,12.36717,3.5134782e-08,2.5751954e-06,0,0,0,1
1771685598276000,1771685598124000,0,1771685598124000,0,-573.5366,12.354216,-0.0078125,0.016205385,12.367073,1.9741181e-07,2.3140078e-06,0,0,0,1
1771685598332000,1771685598176000,0,1771685598180000,0,-573.5367,12.354284,-0.0076293945,0.01396008,12.367169,1.882651e-07,2.0782863e-06,0,0,0,1
1771685598380000,1771685598228000,0,1771685598228000,0,-573.54614,12.354216,0.0018310547,0.012817491,12.367073,1.0844155e-08,1.8835273e-06,0,0,0,1
1771685598436000,1771685598280000,0,1771685598284000,0,-573.5696,12.354284,0.025268555,0.013990417,12.367169,2.0651448e-06,1.9006361e-06,0,0,0,1
1771685598484000,1771685598332000,0,1771685598332000,0,-573.5506,12.354216,0.0064697266,0.013281946,12.367072,1.3538326e-07,1.7343442e-06,0,0,0,1
1771685598540000,1771685598384000,0,1771685598388000,0,-573.574,12.354284,0.030090332,0.014865345,12.367169,2.9284893e-06,1.8468361e-06,0,0,0,1
1771685598588000,1771685598436000,0,1771685598436000,0,-573.616,12.354216,0.07232666,0.020278368,12.367072,1.6919594e-05,3.2667335e-06,0,0,0,1
1771685598644000,1771685598488000,0,1771685598492000,0,-573.5168,12.354284,-0.02709961,0.015815224,12.367168,2.3752855e-06,2.735239e-06,0,0,0,1
1771685598692000,1771685598540000,0,1771685598540000,0,-573.57336,12.354216,0.029418945,0.017096734,12.367072,2.7992862e-06,2.7412723e-06,0,0,0,1
1771685598748000,1771685598592000,0,1771685598596000,0,-573.5591,12.354284,0.015319824,0.016929343,12.367168,7.59097e-07,2.5545455e-06,0,0,0,1
1771685598796000,1771685598644000,0,1771685598644000,0,-573.53076,12.354216,-0.012817383,0.014127115,12.367071,5.3136364e-07,2.263844e-06,0,0,0,1
1771685598852000,1771685598696000,0,1771685598700000,0,-573.5449,12.354284,0.0017089844,0.012957291,12.367168,9.446391e-09,2.051473e-06,0,0,0,1
1771685598900000,1771685598748000,0,1771685598748000,0,-573.5449,12.354216,0.001953125,0.011920666,12.367071,1.233824e-08,1.8593806e-06,0,0,0,1
1771685598956000,1771685598800000,0,1771685598804000,0,-573.5355,12.354284,-0.0072021484,0.010119242,12.367168,1.6776983e-07,1.6684172e-06,0,0,0,1
1771685599004000,1771685598852000,0,1771685598852000,0,-573.5309,12.354216,-0.01184082,0.00805054,12.367071,4.534785e-07,1.4685285e-06,0,0,0,1
1771685599060000,1771685598904000,0,1771685598908000,0,-573.5639,12.354284,0.021240234,0.009293048,12.367167,1.4591782e-06,1.4676476e-06,0,0,0,1
1771685599108000,1771685598956000,0,1771685598956000,0,-573.5496,12.354216,0.0072021484,0.009096079,12.367071,1.6777113e-07,1.3451955e-06,0,0,0,1
1771685599164000,1771685599008000,0,1771685599012000,0,-573.56366,12.354284,0.021484375,0.010263092,12.367167,1.4929153e-06,1.3591111e-06,0,0,0,1
1771685599212000,1771685599060000,0,1771685599060000,0,-573.54,12.354216,-0.0020751953,0.009100789,12.367071,1.3928716e-08,1.2297668e-06,0,0,0,1
1771685599268000,1771685599112000,0,1771685599116000,0,-573.49304,12.354284,-0.049072266,0.0036207186,12.367167,7.788646e-06,3.8020607e-07,0,0,0,1
1771685599316000,1771685599164000,0,1771685599164000,0,-573.50287,12.354216,-0.03894043,-0.00038866512,12.36707,4.904499e-06,-1.17628474e-07,0,0,0,1
1771685599372000,1771685599216000,0,1771685599220000,0,-573.5595,12.354284,0.018188477,0.0013613557,12.367167,1.0699965e-06,-5.750749e-09,0,0,0,1
1771685599420000,1771685599268000,0,1771685599268000,0,-573.5406,12.354216,-0.0005493164,0.0011813648,12.36707,9.759741e-10,-5.3009517e-09,0,0,0,1
1771685599476000,1771685599320000,0,1771685599324000,0,-573.5594,12.354284,0.018493652,0.0028122326,12.367167,1.1062037e-06,9.940602e-08,0,0,0,1
1771685599524000,1771685599372000,0,1771685599372000,0,-573.5216,12.354216,-0.018920898,0.0007649085,12.36707,1.157915e-06,-1.9037273e-08,0,0,0,1
1771685599580000,1771685599424000,0,1771685599428000,0,-573.5312,12.354284,-0.009155273,-0.00016960147,12.367167,2.7110178e-07,-4.278248e-08,0,0,0,1
1771685599628000,1771685599476000,0,1771685599476000,0,-573.53595,12.354216,-0.0040283203,-0.000533104,12.36707,5.248572e-08,-4.3696556e-08,0,0,0,1
1771685599684000,1771685599528000,0,1771685599532000,0,-573.4938,12.354284,-0.045837402,-0.0048009004,12.367167,6.79563e-06,-6.7974827e-07,0,0,0,1
1771685599732000,1771685599580000,0,1771685599580000,0,-573.5692,12.354216,0.029846191,-0.0015370436,12.36707,2.881184e-06,-3.442981e-07,0,0,0,1
1771685599788000,1771685599632000,0,1771685599636000,0,-573.55493,12.354284,0.01550293,6.8171415e-05,12.3671665,7.773513e-07,-2.3863547e-07,0,0,0,1
1771685599836000,1771685599684000,0,1771685599684000,0,-573.5219,12.354216,-0.017578125,-0.0015941609,12.36707,9.993975e-07,-3.1030146e-07,0,0,0,1
1771685599892000,1771685599736000,0,1771685599740000,0,-573.54083,12.354284,0.0018920898,-0.001265746,12.3671665,1.15790595e-08,-2.799794e-07,0,0,0,1
1771685599940000,1771685599788000,0,1771685599788000,0,-573.54083,12.354216,0.0018310547,-0.00097401836,12.36707,1.0844157e-08,-2.5258296e-07,0,0,0,1
1771685599996000,1771685599840000,0,1771685599844000,0,-573.59717,12.354284,0.05834961,0.00461444,12.3671665,1.1011986e-05,8.085723e-07,0,0,0,1
1771685600044000,1771685599892000,0,1771685599892000,0,-573.51215,12.354216,-0.026245117,0.0017073799,12.36707,2.2278718e-06,5.225304e-07,0,0,0,1
1771685600100000,1771685599944000,0,1771685599948000,0,-573.4748,12.354284,-0.06402588,-0.0044848844,12.3671665,1.3258697e-05,-7.757013e-07,0,0,0,1
1771685600148000,1771685599996000,0,1771685599996000,0,-573.5082,12.354216,-0.030517578,-0.00693724,12.36707,3.0122658e-06,-9.863921e-07,0,0,0,1
1771685600204000,1771685600048000,0,1771685600052000,0,-573.5131,12.354284,-0.025268555,-0.008664103,12.3671665,2.065145e-06,-1.0880138e-06,0,0,0,1
1771685600252000,1771685600100000,0,1771685600100000,0,-573.5697,12.354216,0.03186035,-0.004846582,12.36707,3.283177e-06,-6.76235e-07,0,0,0,1
1771685600308000,1771685600152000,0,1771685600156000,0,-573.51776,12.354284,-0.01977539,-0.0062529193,12.3671665,1.2648526e-06,-7.316845e-07,0,0,0,1
1771685600356000,1771685600204000,0,1771685600204000,0,-573.51794,12.354216,-0.019592285,-0.0075095263,12.367069,1.2415477e-06,-7.797151e-07,0,0,0,1
1771685600412000,1771685600256000,0,1771685600260000,0,-573.5041,12.354284,-0.032958984,-0.009906939,12.3671665,3.5134794e-06,-1.0372437e-06,0,0,0,1
1771685600460000,1771685600308000,0,1771685600308000,0,-573.50433,12.354216,-0.032043457,-0.011992264,12.367069,3.3210233e-06,-1.2523824e-06,0,0,0,1
1771685600516000,1771685600360000,0,1771685600364000,0,-573.561,12.354284,0.024963379,-0.008510934,12.3671665,2.0155637e-06,-9.4453236e-07,0,0,0,1
1771685600564000,1771685600412000,0,1771685600412000,0,-573.51843,12.354216,-0.016845703,-0.009296094,12.367069,9.1784955e-07,-9.4201874e-07,0,0,0,1
1771685600620000,1771685600464000,0,1771685600468000,0,-573.5327,12.354284,-0.0020141602,-0.008610114,12.3671665,1.3121327e-08,-8.545139e-07,0,0,0,1
1771685600668000,1771685600516000,0,1771685600516000,0,-573.5421,12.354216,0.0078125,-0.0070630563,12.367069,1.9741186e-07,-7.554195e-07,0,0,0,1
1771685600724000,1771685600568000,0,1771685600572000,0,-573.4998,12.354284,-0.034301758,-0.009629021,12.3671665,3.8055946e-06,-1.0427548e-06,0,0,0,1
1771685600772000,1771685600620000,0,1771685600620000,0,-573.52826,12.354216,-0.005432129,-0.009233662,12.367069,9.544064e-08,-9.5351504e-07,0,0,0,1
1771685600828000,1771685600672000,0,1771685600676000,0,-573.4954,12.354284,-0.038146973,-0.01195738,12.3671665,4.7066287e-06,-1.3070693e-06,0,0,0,1
1771685600876000,1771685600724000,0,1771685600724000,0,-573.5239,12.354216,-0.009399414,-0.011716412,12.367069,2.8575562e-07,-1.2108586e-06,0,0,0,1
1771685600932000,1771685600776000,0,1771685600780000,0,-573.5334,12.354284,0.00036621094,-0.010578195,12.3671665,4.337629e-10,-1.0967514e-06,0,0,0,1
1771685600980000,1771685600828000,0,1771685600828000,0,-573.47705,12.354216,-0.055603027,-0.014819665,12.367069,9.9997715e-06,-1.9354418e-06,0,0,0,1
1771685601036000,1771685600880000,0,1771685600884000,0,-573.4963,12.354284,-0.036132812,-0.016827425,12.3671665,4.22273e-06,-2.1509109e-06,0,0,0,1
1771685601084000,1771685600932000,0,1771685600932000,0,-573.5388,12.354216,0.0067749023,-0.014604017,12.367069,1.4845652e-07,-1.9343038e-06,0,0,0,1
1771685601140000,1771685600984000,0,1771685600988000,0,-573.5623,12.354284,0.030639648,-0.010341933,12.3671665,3.0363885e-06,-1.4660501e-06,0,0,0,1
1771685601188000,1771685601036000,0,1771685601036000,0,-573.5057,12.354216,-0.025817871,-0.011799811,12.367069,2.155927e-06,-1.5310385e-06,0,0,0,1
1771685601244000,1771685601088000,0,1771685601092000,0,-573.51996,12.354284,-0.0115356445,-0.011774926,12.3671665,4.3040123e-07,-1.4273553e-06,0,0,0,1
1771685601292000,1771685601140000,0,1771685601140000,0,-573.5576,12.354216,0.026367188,-0.008181828,12.367069,2.2486447e-06,-1.0810654e-06,0,0,0,1
1771685601348000,1771685601192000,0,1771685601196000,0,-573.5058,12.354284,-0.025146484,-0.009779948,12.3671665,2.0452403e-06,-1.1718935e-06,0,0,0,1
1771685601396000,1771685601244000,0,1771685601244000,0,-573.5247,12.354216,-0.0059814453,-0.009422118,12.367069,1.1571922e-07,-1.0723988e-06,0,0,0,1
1771685601452000,1771685601296000,0,1771685601300000,0,-573.5624,12.354284,0.031799316,-0.005538939,12.3671665,3.2705843e-06,-6.632772e-07,0,0,0,1
1771685601500000,1771685601348000,0,1771685601348000,0,-573.56683,12.354216,0.036254883,-0.0016018394,12.367069,4.251344e-06,-2.003056e-07,0,0,0,1
1771685601556000,1771685601400000,0,1771685601404000,0,-573.52423,12.354284,-0.006652832,-0.0020776577,12.3671665,1.431538e-07,-1.9492174e-07,0,0,0,1
1771685601604000,1771685601452000,0,1771685601452000,0,-573.49615,12.354216,-0.03466797,-0.00514776,12.367069,3.8873172e-06,-5.427561e-07,0,0,0,1
1771685601660000,1771685601504000,0,1771685601508000,0,-573.4729,12.354284,-0.057800293,-0.010107782,12.3671665,1.0805624e-05,-1.509548e-06,0,0,0,1
1771685601708000,1771685601556000,0,1771685601556000,0,-573.464,12.354216,-0.066467285,-0.0154170105,12.367069,1.4289239e-05,-2.713432e-06,0,0,0,1
1771685601764000,1771685601608000,0,1771685601612000,0,-573.4834,12.354284,-0.046936035,-0.018386194,12.3671665,7.1252907e-06,-3.129042e-06,0,0,0,1
1771685601812000,1771685601660000,0,1771685601660000,0,-573.5448,12.354216,0.015075684,-0.015233988,12.367069,7.3510137e-07,-2.7650285e-06,0,0,0,1
1771685601868000,1771685601712000,0,1771685601716000,0,-573.5212,12.354284,-0.008178711,-0.014569361,12.3671665,2.163513e-07,-2.5249358e-06,0,0,0,1
1771685601916000,1771685601764000,0,1771685601764000,0,-573.51654,12.354216,-0.012756348,-0.014398569,12.367069,5.263152e-07,-2.33666e-06,0,0,0,1
1771685601972000,1771685601816000,0,1771685601820000,0,-573.54016,12.354284,0.010681152,-0.012035986,12.3671665,3.6899968e-07,-2.0817788e-06,0,0,0,1
1771685602020000,1771685601868000,0,1771685601868000,0,-573.4931,12.354216,-0.036499023,-0.014340475,12.367069,4.3087935e-06,-2.2915701e-06,0,0,0,1
1771685602076000,1771685601920000,0,1771685601924000,0,-573.4746,12.354284,-0.05493164,-0.01816428,12.3671665,9.759665e-06,-2.9950863e-06,0,0,0,1
1771685602124000,1771685601972000,0,1771685601972000,0,-573.53613,12.354216,0.007507324,-0.015745942,12.367069,1.822903e-07,-2.6957682e-06,0,0,0,1
1771685602180000,1771685602024000,0,1771685602028000,0,-573.49384,12.354284,-0.034118652,-0.017476704,12.3671665,3.7650739e-06,-2.7965e-06,0,0,0,1
1771685602228000,1771685602076000,0,1771685602076000,0,-573.5552,12.354216,0.028015137,-0.01319124,12.367069,2.5385089e-06,-2.2939266e-06,0,0,0,1
1771685602284000,1771685602128000,0,1771685602132000,0,-573.508,12.354284,-0.018798828,-0.013719491,12.3671665,1.1430134e-06,-2.1855074e-06,0,0,0,1
1771685602332000,1771685602180000,0,1771685602180000,0,-573.53625,12.354216,0.009887695,-0.011495626,12.367069,3.1621565e-07,-1.9498377e-06,0,0,0,1
1771685602388000,1771685602232000,0,1771685602236000,0,-573.50806,12.354284,-0.018188477,-0.012126111,12.3671665,1.0699966e-06,-1.8669541e-06,0,0,0,1
1771685602436000,1771685602284000,0,1771685602284000,0,-573.50824,12.354216,-0.018066406,-0.012685704,12.367069,1.0556909e-06,-1.7905307e-06,0,0,0,1
1771685602492000,1771685602336000,0,1771685602340000,0,-573.5506,12.354284,0.024291992,-0.009202298,12.3671665,1.9086049e-06,-1.4420614e-06,0,0,0,1
1771685602540000,1771685602388000,0,1771685602388000,0,-573.4753,12.354216,-0.051635742,-0.013199652,12.367069,8.623708e-06,-2.1185933e-06,0,0,0,1
1771685602596000,1771685602440000,0,1771685602444000,0,-573.4992,12.354284,-0.028259277,-0.014618312,12.3671665,2.5829254e-06,-2.1623348e-06,0,0,0,1
1771685602644000,1771685602492000,0,1771685602492000,0,-573.47595,12.354216,-0.051757812,-0.01811696,12.367069,8.6645305e-06,-2.7748606e-06,0,0,0,1
1771685602700000,1771685602544000,0,1771685602548000,0,-573.5093,12.354284,-0.018615723,-0.018163946,12.3671665,1.1208554e-06,-2.6190485e-06,0,0,0,1
1771685602748000,1771685602596000,0,1771685602596000,0,-573.5798,12.354216,0.051635742,-0.011588612,12.367069,8.623708e-06,-1.5599481e-06,0,0,0,1
1771685602804000,1771685602648000,0,1771685602652000,0,-573.523,12.354284,-0.005493164,-0.011014403,12.3671665,9.7596654e-08,-1.4221904e-06,0,0,0,1
1771685602852000,1771685602700000,0,1771685602700000,0,-573.5184,12.354216,-0.010131836,-0.010931263,12.367069,3.3202403e-07,-1.3194935e-06,0,0,0,1
1771685602908000,1771685602752000,0,1771685602756000,0,-573.50446,12.354284,-0.024230957,-0.012184133,12.3671665,1.899026e-06,-1.3740872e-06,0,0,0,1
1771685602956000,1771685602804000,0,1771685602804000,0,-573.50934,12.354216,-0.01953125,-0.012876253,12.367069,1.2338242e-06,-1.3608741e-06,0,0,0,1
1771685603012000,1771685602856000,0,1771685602860000,0,-573.4766,12.354284,-0.052001953,-0.016562007,12.3671665,8.746395e-06,-2.0566117e-06,0,0,0,1
1771685603060000,1771685602908000,0,1771685602908000,0,-573.5381,12.354216,0.009460449,-0.014110616,12.367069,2.8947878e-07,-1.8356031e-06,0,0,0,1
1771685603116000,1771685602960000,0,1771685602964000,0,-573.52386,12.354284,-0.0048828125,-0.01324133,12.3671665,7.7113405e-08,-1.6699483e-06,0,0,0,1
1771685603164000,1771685603012000,0,1771685603012000,0,-573.4958,12.354216,-0.032714844,-0.015075792,12.367069,3.461648e-06,-1.8387317e-06,0,0,0,1
1771685603220000,1771685603064000,0,1771685603068000,0,-573.5055,12.354284,-0.02319336,-0.01584049,12.3671665,1.7398712e-06,-1.8294187e-06,0,0,0,1
1771685603268000,1771685603116000,0,1771685603116000,0,-573.5244,12.354216,-0.0045166016,-0.014773746,12.367069,6.598068e-08,-1.6632977e-06,0,0,0,1
1771685603324000,1771685603168000,0,1771685603172000,0,-573.4681,12.354284,-0.061462402,-0.019171953,12.3671665,1.22182455e-05,-2.6576045e-06,0,0,0,1
1771685603372000,1771685603220000,0,1771685603220000,0,-573.55316,12.354216,0.023376465,-0.015163768,12.367069,1.7674652e-06,-2.24075e-06,0,0,0,1
1771685603428000,1771685603272000,0,1771685603276000,0,-573.5718,12.354284,0.04156494,-0.009819759,12.3671665,5.587842e-06,-1.503274e-06,0,0,0,1
1771685603476000,1771685603324000,0,1771685603324000,0,-573.5432,12.354216,0.012634277,-0.0077045234,12.367069,5.1629036e-07,-1.3130252e-06,0,0,0,1
1771685603532000,1771685603376000,0,1771685603380000,0,-573.5196,12.354284,-0.011352539,-0.008048177,12.3671665,4.1684615e-07,-1.2286025e-06,0,0,0,1
1771685603580000,1771685603428000,0,1771685603428000,0,-573.5385,12.354216,0.007446289,-0.006588553,12.367069,1.7933827e-07,-1.0959704e-06,0,0,0,1
1771685603636000,1771685603480000,0,1771685603484000,0,-573.56195,12.354284,0.030517578,-0.0030930478,12.3671665,3.0122424e-06,-7.089649e-07,0,0,0,1
1771685603684000,1771685603532000,0,1771685603532000,0,-573.5288,12.354216,-0.0029296875,-0.0030776588,12.367069,2.7761045e-08,-6.447935e-07,0,0,0,1
1771685603740000,1771685603584000,0,1771685603588000,0,-573.5382,12.354284,0.0059814453,-0.002224265,12.3671665,1.157183e-07,-5.7315106e-07,0,0,0,1
1771685603788000,1771685603636000,0,1771685603636000,0,-573.55225,12.354216,0.01977539,-0.00015183352,12.367069,1.2648626e-06,-4.000048e-07,0,0,0,1
1771685603844000,1771685603688000,0,1771685603692000,0,-573.54736,12.354284,0.014465332,0.001225146,12.3671665,6.7677854e-07,-2.985687e-07,0,0,0,1
1771685603892000,1771685603740000,0,1771685603740000,0,-573.5097,12.354216,-0.023498535,-0.0011038966,12.367069,1.7859726e-06,-4.3868647e-07,0,0,0,1
1771685603948000,1771685603792000,0,1771685603796000,0,-573.5663,12.354284,0.032836914,0.0020934264,12.3671665,3.4875018e-06,-6.882814e-08,0,0,0,1
1771685603996000,1771685603844000,0,1771685603844000,0,-573.5613,12.354216,0.027404785,0.0044778297,12.367069,2.4291035e-06,1.6648427e-07,0,0,0,1
1771685604052000,1771685603896000,0,1771685603900000,0,-573.55164,12.354284,0.017028809,0.0056601684,12.3671665,9.379038e-07,2.3915425e-07,0,0,0,1
1771685604100000,1771685603948000,0,1771685603948000,0,-573.5093,12.354216,-0.025390625,0.0027350932,12.367069,2.0851628e-06,2.0196836e-08,0,0,0,1
1771685604156000,1771685604000000,0,1771685604004000,0,-573.5517,12.354284,0.017028809,0.0040816027,12.3671665,9.379038e-07,1.066475e-07,0,0,0,1
1771685604204000,1771685604052000,0,1771685604052000,0,-573.5469,12.354216,0.012268066,0.0048527913,12.367069,4.8679425e-07,1.4245842e-07,0,0,0,1
1771685604260000,1771685604104000,0,1771685604108000,0,-573.54675,12.354284,0.012207031,0.005545582,12.3671665,4.8195875e-07,1.7444034e-07,0,0,0,1
1771685604308000,1771685604156000,0,1771685604156000,0,-573.5138,12.354216,-0.020507812,0.0030912766,12.367069,1.3602912e-06,2.9864168e-08,0,0,0,1
1771685604364000,1771685604208000,0,1771685604212000,0,-573.5657,12.354284,0.03149414,0.005766909,12.3671665,3.2081105e-06,3.292642e-07,0,0,0,1
1771685604412000,1771685604260000,0,1771685604260000,0,-573.56067,12.354216,0.026245117,0.0076960158,12.367069,2.227872e-06,5.0811855e-07,0,0,0,1
1771685604468000,1771685604312000,0,1771685604316000,0,-573.5792,12.354284,0.044677734,0.011179801,12.3671665,6.456127e-06,1.0684382e-06,0,0,0,1
1771685604516000,1771685604364000,0,1771685604364000,0,-573.53186,12.354216,-0.0028686523,0.009856395,12.367069,2.6616384e-08,9.65281e-07,0,0,0,1
1771685604572000,1771685604416000,0,1771685604420000,0,-573.5178,12.354284,-0.016845703,0.00734098,12.3671665,9.1784227e-07,7.8788526e-07,0,0,0,1
1771685604620000,1771685604468000,0,1771685604468000,0,-573.4851,12.354216,-0.04949951,0.0019864407,12.367069,7.924923e-06,-3.288659e-08,0,0,0,1
1771685604676000,1771685604520000,0,1771685604524000,0,-573.5888,12.354284,0.05419922,0.006905036,12.3671665,9.501143e-06,8.6524665e-07,0,0,0,1
1771685604724000,1771685604572000,0,1771685604572000,0,-573.5508,12.354216,0.016113281,0.0077724797,12.367069,8.397716e-07,8.6284683e-07,0,0,0,1
1771685604780000,1771685604624000,0,1771685604628000,0,-573.52716,12.354284,-0.0072631836,0.0063560763,12.3671665,1.7062546e-07,7.6549077e-07,0,0,0,1
1771685604828000,1771685604676000,0,1771685604676000,0,-573.5178,12.354216,-0.016784668,0.004176151,12.367069,9.112105e-07,6.0754064e-07,0,0,0,1
1771685604884000,1771685604728000,0,1771685604732000,0,-573.62604,12.354284,0.09118652,0.012372781,12.3671665,2.6893733e-05,3.0837764e-06,0,0,0,1
1771685604932000,1771685604780000,0,1771685604780000,0,-573.5642,12.354216,0.02947998,0.013984328,12.367069,2.810914e-06,3.058072e-06,0,0,0,1
1771685604988000,1771685604832000,0,1771685604836000,0,-573.56396,12.354284,0.0289917,0.0153980665,12.3671665,2.7185488e-06,3.026088e-06,0,0,0,1
1771685605036000,1771685604884000,0,1771685604884000,0,-573.5355,12.354216,0.0004272461,0.013987772,12.367069,5.9040417e-10,2.7410774e-06,0,0,0,1
1771685605092000,1771685604936000,0,1771685604940000,0,-573.4886,12.354284,-0.04699707,0.008242823,12.3671665,7.143834e-06,1.80989e-06,0,0,0,1
1771685605140000,1771685604988000,0,1771685604988000,0,-573.5265,12.354216,-0.008911133,0.0066268705,12.367069,2.5683786e-07,1.6151982e-06,0,0,0,1
1771685605196000,1771685605040000,0,1771685605044000,0,-573.5595,12.354284,0.023742676,0.008239229,12.3671665,1.8232621e-06,1.6347984e-06,0,0,0,1
1771685605244000,1771685605092000,0,1771685605092000,0,-573.4982,12.354216,-0.037475586,0.003932761,12.367069,4.542449e-06,1.0528838e-06,0,0,0,1
1771685605300000,1771685605144000,0,1771685605148000,0,-573.522,12.354284,-0.01373291,0.0022686035,12.3671665,6.0997905e-07,8.9623734e-07,0,0,0,1
1771685605348000,1771685605196000,0,1771685605196000,0,-573.5644,12.354216,0.028686523,0.0047572483,12.367069,2.6616383e-06,1.0625432e-06,0,0,0,1
1771685605404000,1771685605248000,0,1771685605252000,0,-573.5782,12.354284,0.042663574,0.008328134,12.3671665,5.8871383e-06,1.5170341e-06,0,0,0,1
1771685605452000,1771685605300000,0,1771685605300000,0,-573.56384,12.354216,0.028259277,0.010205706,12.367069,2.5829459e-06,1.6174461e-06,0,0,0,1
1771685605508000,1771685605352000,0,1771685605356000,0,-573.48376,12.354284,-0.052246094,0.0043225647,12.3671665,8.828713e-06,6.3338746e-07,0,0,0,1
1771685605556000,1771685605404000,0,1771685605404000,0,-573.5593,12.354216,0.023376465,0.0061174976,12.367069,1.7674652e-06,7.4022086e-07,0,0,0,1
1771685605612000,1771685605456000,0,1771685605460000,0,-573.56854,12.354284,0.032409668,0.008594297,12.3671665,3.3973395e-06,9.905291e-07,0,0,0,1
1771685605660000,1771685605508000,0,1771685605508000,0,-573.5776,12.354216,0.040893555,0.011636981,12.367069,5.408825e-06,1.4067455e-06,0,0,0,1
1771685605716000,1771685605560000,0,1771685605564000,0,-573.5632,12.354284,0.025878906,0.0129786115,12.3671665,2.1661156e-06,1.4782803e-06,0,0,0,1
1771685605764000,1771685605612000,0,1771685605612000,0,-573.5301,12.354216,-0.007446289,0.011054527,12.367069,1.7933827e-07,1.3221278e-06,0,0,0,1
1771685605820000,1771685605664000,0,1771685605668000,0,-573.5724,12.354284,0.034973145,0.01330773,12.3671665,3.956026e-06,1.5702486e-06,0,0,0,1
1771685605868000,1771685605716000,0,1771685605716000,0,-573.52515,12.354216,-0.0126953125,0.010858168,12.367069,5.212907e-07,1.3732196e-06,0,0,0,1
1771685605924000,1771685605768000,0,1771685605772000,0,-573.53937,12.354284,0.0012207031,0.00995029,12.3671665,4.819588e-09,1.2443123e-06,0,0,0,1
1771685605972000,1771685605820000,0,1771685605820000,0,-573.53937,12.354216,0.0007324219,0.00908194,12.367069,1.7350653e-09,1.127258e-06,0,0,0,1
1771685606028000,1771685605872000,0,1771685605876000,0,-573.4408,12.354284,-0.09814453,-0.0010191044,12.3671665,3.1154585e-05,-1.9137854e-06,0,0,0,1
1771685606076000,1771685605924000,0,1771685605924000,0,-573.4885,12.354216,-0.05029297,-0.0056608454,12.367069,8.181026e-06,-2.5041777e-06,0,0,0,1
1771685606132000,1771685605976000,0,1771685605980000,0,-573.55,12.354284,0.011413574,-0.0040523857,12.3671665,4.2134042e-07,-2.2285853e-06,0,0,0,1
1771685606180000,1771685606028000,0,1771685606028000,0,-573.5546,12.354216,0.016662598,-0.002100974,12.367069,8.980047e-07,-1.9340514e-06,0,0,0,1
1771685606236000,1771685606080000,0,1771685606084000,0,-573.53094,12.354284,-0.006591797,-0.0025240227,12.3671665,1.4053917e-07,-1.7650973e-06,0,0,0,1
1771685606284000,1771685606132000,0,1771685606132000,0,-573.5169,12.354216,-0.020324707,-0.004200899,12.367069,1.3361087e-06,-1.7246853e-06,0,0,0,1
1771685606340000,1771685606184000,0,1771685606188000,0,-573.5359,12.354284,-0.0007324219,-0.0038741585,12.3671665,1.7350515e-09,-1.5623783e-06,0,0,0,1
1771685606388000,1771685606236000,0,1771685606236000,0,-573.55,12.354216,0.01373291,-0.0022155214,12.367069,6.099839e-07,-1.3577355e-06,0,0,0,1
1771685606444000,1771685606288000,0,1771685606292000,0,-573.56866,12.354284,0.03253174,0.0010577713,12.3671665,3.4229797e-06,-9.0737825e-07,0,0,0,1
1771685606492000,1771685606340000,0,1771685606340000,0,-573.5355,12.354216,-0.00036621094,0.000923628,12.367069,4.3376633e-10,-8.2194146e-07,0,0,0,1
1771685606548000,1771685606392000,0,1771685606396000,0,-573.5637,12.354284,0.028137207,0.0034872263,12.3671665,2.560659e-06,-5.0329066e-07,0,0,0,1
1771685606596000,1771685606444000,0,1771685606444000,0,-573.5259,12.354216,-0.009521484,0.002261768,12.367069,2.9322604e-07,-4.83502e-07,0,0,0,1
1771685606652000,1771685606496000,0,1771685606500000,0,-573.53534,12.354284,-0.0,0.002048703,12.3671665,0.0,-4.379547e-07,0,0,0,1
1771685606700000,1771685606548000,0,1771685606548000,0,-573.55884,12.354216,0.023498535,0.0040693395,12.367069,1.7859726e-06,-2.2845428e-07,0,0,0,1
1771685606756000,1771685606600000,0,1771685606604000,0,-573.5727,12.354284,0.03717041,0.0071875565,12.3671665,4.4687336e-06,2.1403444e-07,0,0,0,1
1771685606804000,1771685606652000,0,1771685606652000,0,-573.55365,12.354216,0.01776123,0.008183627,12.367069,1.0203269e-06,2.8998954e-07,0,0,0,1
1771685606860000,1771685606704000,0,1771685606708000,0,-573.54407,12.354284,0.007873535,0.0081544155,12.3671665,2.005069e-07,2.8156e-07,0,0,0,1
1771685606908000,1771685606756000,0,1771685606756000,0,-573.5675,12.354216,0.03100586,0.0103070885,12.367069,3.1094298e-06,5.4795356e-07,0,0,0,1
1771685606964000,1771685606808000,0,1771685606812000,0,-573.55786,12.354284,0.021118164,0.011325523,12.3671665,1.4424544e-06,6.3221813e-07,0,0,0,1
1771685607012000,1771685606860000,0,1771685606860000,0,-573.5342,12.354216,-0.0028076172,0.00999414,12.367069,2.549582e-08,5.7025954e-07,0,0,0,1
1771685607068000,1771685606912000,0,1771685606916000,0,-573.5624,12.354284,0.025024414,0.011410035,12.3671665,2.0254317e-06,7.07341e-07,0,0,0,1
1771685607116000,1771685606964000,0,1771685606964000,0,-573.5481,12.354216,0.010803223,0.011352872,12.367069,3.7748515e-07,6.762676e-07,0,0,0,1
1771685607172000,1771685607016000,0,1771685607020000,0,-573.5198,12.354284,-0.01751709,0.008633237,12.3671665,9.924615e-07,5.1906846e-07,0,0,0,1
1771685607220000,1771685607068000,0,1771685607068000,0,-573.55756,12.354216,0.020080566,0.009711609,12.367069,1.3042028e-06,5.930304e-07,0,0,0,1
1771685607276000,1771685607120000,0,1771685607124000,0,-573.5245,12.354284,-0.013183594,0.0075548147,12.3671665,5.621567e-07,4.842084e-07,0,0,0,1
1771685607324000,1771685607172000,0,1771685607172000,0,-573.5434,12.354216,0.0057373047,0.0073836,12.367069,1.06465535e-07,4.4862392e-07,0,0,0,1
1771685607380000,1771685607224000,0,1771685607228000,0,-573.595,12.354284,0.05706787,0.012064002,12.3671665,1.053351e-05,1.3986495e-06,0,0,0,1
1771685607428000,1771685607276000,0,1771685607276000,0,-573.54285,12.354216,0.0048217773,0.011381764,12.367069,7.519821e-08,1.2739765e-06,0,0,0,1
1771685607484000,1771685607328000,0,1771685607332000,0,-573.5053,12.354284,-0.03277588,0.0072219856,12.3671665,3.4745492e-06,8.266516e-07,0,0,0,1
1771685607532000,1771685607380000,0,1771685607380000,0,-573.5431,12.354216,0.0052490234,0.0070361267,12.367069,8.911488e-08,7.571735e-07,0,0,0,1
1771685607588000,1771685607432000,0,1771685607436000,0,-573.482,12.354284,-0.055664062,0.0011295867,12.3671665,1.00216575e-05,-2.5822368e-07,0,0,0,1
1771685607636000,1771685607484000,0,1771685607484000,0,-573.5247,12.354216,-0.0126953125,-0.00017275894,12.367069,5.212907e-07,-2.8300536e-07,0,0,0,1
1771685607692000,1771685607536000,0,1771685607540000,0,-573.52014,12.354284,-0.01727295,-0.0017836466,12.3671665,9.649899e-07,-3.472503e-07,0,0,0,1
1771685607740000,1771685607588000,0,1771685607588000,0,-573.56726,12.354216,0.030029297,0.0012132251,12.367069,2.9166447e-06,-3.9781924e-08,0,0,0,1
1771685607796000,1771685607640000,0,1771685607644000,0,-573.5576,12.354284,0.020324707,0.0030135822,12.3671665,1.3360982e-06,8.982998e-08,0,0,0,1
1771685607844000,1771685607692000,0,1771685607692000,0,-573.52924,12.354216,-0.008117676,0.0019649854,12.367069,2.131359e-07,6.128972e-08,0,0,0,1
1771685607900000,1771685607744000,0,1771685607748000,0,-573.534,12.354284,-0.0036010742,0.0014406464,12.3671665,4.1942464e-08,5.1564946e-08,0,0,0,1
1771685607948000,1771685607796000,0,1771685607796000,0,-573.53406,12.354216,-0.0037231445,0.00095420226,12.367069,4.4834568e-08,4.2483833e-08,0,0,0,1
1771685608004000,1771685607848000,0,1771685607852000,0,-573.473,12.354284,-0.06488037,-0.005247606,12.3671665,1.3614962e-05,-1.2440872e-06,0,0,0,1
1771685608052000,1771685607900000,0,1771685607900000,0,-573.544,12.354216,0.00579834,-0.004207046,12.367069,1.087428e-07,-1.1166467e-06,0,0,0,1
1771685608108000,1771685607952000,0,1771685607956000,0,-573.5205,12.354284,-0.018005371,-0.005506888,12.3671665,1.0485616e-06,-1.1102328e-06,0,0,0,1
1771685608156000,1771685608004000,0,1771685608004000,0,-573.5676,12.354216,0.0289917,-0.002257021,12.367069,2.7185702e-06,-7.4954846e-07,0,0,0,1
1771685608212000,1771685608056000,0,1771685608060000,0,-573.5251,12.354284,-0.013916016,-0.0033553322,12.3671665,6.263536e-07,-7.3794314e-07,0,0,0,1
1771685608260000,1771685608108000,0,1771685608108000,0,-573.5252,12.354216,-0.0138549805,-0.00434443,12.367069,6.208762e-07,-7.269151e-07,0,0,0,1
1771685608316000,1771685608160000,0,1771685608164000,0,-573.5488,12.354284,0.0095825195,-0.0030324706,12.3671665,2.9699504e-07,-6.304598e-07,0,0,0,1
1771685608364000,1771685608212000,0,1771685608212000,0,-573.5722,12.354216,0.033203125,0.00038102805,12.367069,3.565752e-06,-2.3516446e-07,0,0,0,1
1771685608420000,1771685608264000,0,1771685608268000,0,-573.54846,12.354284,0.009399414,0.0012305862,12.3671665,2.8575334e-07,-1.8609249e-07,0,0,0,1
1771685608468000,1771685608316000,0,1771685608316000,0,-573.5578,12.354216,0.018737793,0.002879816,12.367069,1.1356123e-06,-6.158406e-08,0,0,0,1
1771685608524000,1771685608368000,0,1771685608372000,0,-573.57635,12.354284,0.03741455,0.0061330884,12.3671665,4.5276292e-06,3.7073318e-07,0,0,0,1
1771685608572000,1771685608420000,0,1771685608420000,0,-573.562,12.354216,0.022705078,0.007694218,12.367069,1.6673978e-06,4.9288275e-07,0,0,0,1
1771685608628000,1771685608472000,0,1771685608476000,0,-573.52423,12.354284,-0.0154418945,0.005514729,12.3671665,7.7124247e-07,3.7379849e-07,0,0,0,1
1771685608676000,1771685608524000,0,1771685608524000,0,-573.52435,12.354216,-0.015563965,0.0035290546,12.367069,7.834904e-07,2.6477852e-07,0,0,0,1
1771685608732000,1771685608576000,0,1771685608580000,0,-573.5668,12.354284,0.026367188,0.005680473,12.3671665,2.2486267e-06,4.516628e-07,0,0,0,1
1771685608780000,1771685608628000,0,1771685608628000,0,-573.51483,12.354216,-0.026000977,0.0026959886,12.367069,2.186616e-06,2.0312928e-07,0,0,0,1
1771685608836000,1771685608680000,0,1771685608684000,0,-573.5292,12.354284,-0.012023926,0.0013093299,12.3671665,4.6760846e-07,1.3994384e-07,0,0,0,1
1771685608884000,1771685608732000,0,1771685608732000,0,-573.58563,12.354216,0.044189453,0.0053487616,12.367069,6.3158304e-06,7.217303e-07,0,0,0,1
1771685608940000,1771685608784000,0,1771685608788000,0,-573.5618,12.354284,0.020263672,0.0067537893,12.3671665,1.3280855e-06,7.7885073e-07,0,0,0,1
1771685608988000,1771685608836000,0,1771685608836000,0,-573.54285,12.354216,0.0012817383,0.006238306,12.367069,5.3136375e-09,7.059813e-07,0,0,0,1
1771685609044000,1771685608888000,0,1771685608892000,0,-573.51935,12.354284,-0.022277832,0.0035520028,12.3671665,1.6052239e-06,4.8825905e-07,0,0,0,1
1771685609092000,1771685608940000,0,1771685608940000,0,-573.5383,12.354216,-0.0029296875,0.0029414087,12.367069,2.7761045e-08,4.3964846e-07,0,0,0,1
1771685609148000,1771685608992000,0,1771685608996000,0,-573.5008,12.354284,-0.039978027,-0.0011017267,12.3671665,5.169309e-06,-8.873164e-08,0,0,0,1
1771685609196000,1771685609044000,0,1771685609044000,0,-573.5481,12.354216,0.0076293945,-0.00027922966,12.367069,1.8826663e-07,-6.2637596e-08,0,0,0,1
1771685609252000,1771685609096000,0,1771685609100000,0,-573.5762,12.354284,0.036010742,0.003139391,12.3671665,4.1942462e-06,3.3837324e-07,0,0,0,1
1771685609300000,1771685609148000,0,1771685609148000,0,-573.5477,12.354216,0.00793457,0.003591111,12.367069,2.0362918e-07,3.2567996e-07,0,0,0,1
1771685609356000,1771685609200000,0,1771685609204000,0,-573.4913,12.354284,-0.048217773,-0.0012894366,12.3671665,7.5197618e-06,-4.133834e-07,0,0,0,1
1771685609404000,1771685609252000,0,1771685609252000,0,-573.5809,12.354216,0.041625977,0.0027533197,12.367069,5.604309e-06,1.5350074e-07,0,0,0,1
1771685609460000,1771685609304000,0,1771685609308000,0,-573.53827,12.354284,-0.0010375977,0.0023962043,12.3671665,3.4821521e-09,1.387125e-07,0,0,0,1
1771685609508000,1771685609356000,0,1771685609356000,0,-573.5571,12.354216,0.018249512,0.003889632,12.367069,1.0771984e-06,2.2712058e-07,0,0,0,1
1771685609564000,1771685609408000,0,1771685609412000,0,-573.54755,12.354284,0.009216309,0.00439142,12.3671665,2.7472854e-07,2.3160538e-07,0,0,0,1
1771685609612000,1771685609460000,0,1771685609460000,0,-573.5616,12.354216,0.023498535,0.006191366,12.367069,1.7859726e-06,3.780313e-07,0,0,0,1
1771685609668000,1771685609512000,0,1771685609516000,0,-573.54254,12.354284,0.0048828125,0.0060680965,12.3671665,7.7113405e-08,3.4968397e-07,0,0,0,1
1771685609716000,1771685609564000,0,1771685609564000,0,-573.4862,12.354216,-0.050964355,0.000695474,12.367069,8.400909e-06,-4.7464735e-07,0,0,0,1
1771685609772000,1771685609616000,0,1771685609620000,0,-573.50073,12.354284,-0.035705566,-0.0027336099,12.3671665,4.1234584e-06,-8.1837595e-07,0,0,0,1
1771685609820000,1771685609668000,0,1771685609668000,0,-573.5386,12.354216,0.0029907227,-0.002194361,12.367069,2.8929804e-08,-7.385573e-07,0,0,0,1
1771685609876000,1771685609720000,0,1771685609724000,0,-573.515,12.354284,-0.01977539,-0.003850545,12.3671665,1.2648526e-06,-7.881358e-07,0,0,0,1
1771685609924000,1771685609772000,0,1771685609772000,0,-573.5575,12.354216,0.02319336,-0.0013029305,12.367069,1.7398849e-06,-5.4998895e-07,0,0,0,1
1771685609980000,1771685609824000,0,1771685609828000,0,-573.4775,12.354284,-0.056396484,-0.0064929035,12.3671665,1.0287121e-05,-1.4672551e-06,0,0,0,1
1771685610028000,1771685609876000,0,1771685609876000,0,-573.5155,12.354216,-0.018249512,-0.00760041,12.367069,1.0771984e-06,-1.4305106e-06,0,0,0,1
1771685610084000,1771685609928000,0,1771685609932000,0,-573.5344,12.354284,0.0004272461,-0.0068441816,12.3671665,5.903995e-10,-1.2956967e-06,0,0,0,1
1771685610132000,1771685609980000,0,1771685609980000,0,-573.58136,12.354216,0.047607422,-0.0017146822,12.367069,7.330651e-06,-4.830697e-07,0,0,0,1
1771685610188000,1771685610032000,0,1771685610036000,0,-573.53406,12.354284,0.00018310547,-0.0015359051,12.3671665,1.0844072e-10,-4.375529e-07,0,0,0,1
1771685610236000,1771685610084000,0,1771685610084000,0,-573.4965,12.354216,-0.03717041,-0.004892779,12.367069,4.468769e-06,-8.1730514e-07,0,0,0,1
1771685610292000,1771685610136000,0,1771685610140000,0,-573.54376,12.354284,0.010498047,-0.0034429184,12.3671665,3.564567e-07,-7.067334e-07,0,0,0,1
1771685610340000,1771685610188000,0,1771685610188000,0,-573.51544,12.354216,-0.017578125,-0.004774496,12.367069,9.993976e-07,-7.3430317e-07,0,0,0,1
1771685610396000,1771685610240000,0,1771685610244000,0,-573.525,12.354284,-0.007751465,-0.005054935,12.3671665,1.9433783e-07,-6.8343684e-07,0,0,0,1
1771685610444000,1771685610292000,0,1771685610292000,0,-573.5908,12.354216,0.058044434,0.0008892091,12.367069,1.0897186e-05,4.0749148e-07,0,0,0,1
1771685610500000,1771685610344000,0,1771685610348000,0,-573.5622,12.354284,0.028930664,0.0035307957,12.3671665,2.7071142e-06,6.2412266e-07,0,0,0,1
1771685610548000,1771685610396000,0,1771685610396000,0,-573.5009,12.354216,-0.032348633,0.00015084911,12.367069,3.3845822e-06,2.4649103e-07,0,0,0,1
1771685610604000,1771685610448000,0,1771685610452000,0,-573.5152,12.354284,-0.017822266,-0.0015422704,12.3671665,1.0273433e-06,1.2649214e-07,0,0,0,1
1771685610652000,1771685610500000,0,1771685610500000,0,-573.5389,12.354216,0.006286621,-0.0008047661,12.367069,1.2782853e-07,1.2661803e-07,0,0,0,1
1771685610708000,1771685610552000,0,1771685610556000,0,-573.5247,12.354284,-0.0075683594,-0.0014419162,12.3671665,1.8526495e-07,9.723775e-08,0,0,0,1
1771685610756000,1771685610604000,0,1771685610604000,0,-573.50134,12.354216,-0.030639648,-0.0041924277,12.367069,3.0364124e-06,-1.9796121e-07,0,0,0,1
1771685610812000,1771685610656000,0,1771685610660000,0,-573.5203,12.354284,-0.011413574,-0.0048726806,12.3671665,4.2134042e-07,-2.1900418e-07,0,0,0,1
1771685610860000,1771685610708000,0,1771685610708000,0,-573.52045,12.354216,-0.011291504,-0.0054773525,12.367069,4.1237922e-07,-2.3722068e-07,0,0,0,1
1771685610916000,1771685610760000,0,1771685610764000,0,-573.5111,12.354284,-0.020751953,-0.006916264,12.3671665,1.3928609e-06,-3.4608536e-07,0,0,0,1
1771685610964000,1771685610812000,0,1771685610812000,0,-573.5817,12.354216,0.04949951,-0.0016017342,12.367069,7.924923e-06,4.3306767e-07,0,0,0,1
1771685611020000,1771685610864000,0,1771685610868000,0,-573.478,12.354284,-0.054382324,-0.006573819,12.3671665,9.565448e-06,-5.0882153e-07,0,0,0,1
1771685611068000,1771685610916000,0,1771685610916000,0,-573.51605,12.354216,-0.016174316,-0.007478214,12.367069,8.4614555e-07,-5.405984e-07,0,0,0,1
1771685611124000,1771685610968000,0,1771685610972000,0,-573.5115,12.354284,-0.020690918,-0.008722889,12.3671665,1.3846796e-06,-6.201133e-07,0,0,0,1
1771685611172000,1771685611020000,0,1771685611020000,0,-573.51636,12.354216,-0.015319824,-0.009344339,12.367069,7.591031e-07,-6.332066e-07,0,0,0,1
1771685611228000,1771685611072000,0,1771685611076000,0,-573.5588,12.354284,0.027526855,-0.005870966,12.3671665,2.4507724e-06,-3.426868e-07,0,0,0,1
1771685611276000,1771685611124000,0,1771685611124000,0,-573.55853,12.354216,0.027770996,-0.0027017954,12.367069,2.4944575e-06,-7.541959e-08,0,0,0,1
1771685611332000,1771685611176000,0,1771685611180000,0,-573.48315,12.354284,-0.047180176,-0.006891788,12.3671665,7.1996087e-06,-7.4653894e-07,0,0,0,1
1771685611380000,1771685611228000,0,1771685611228000,0,-573.5071,12.354216,-0.022949219,-0.008404445,12.367069,1.7034486e-06,-8.366826e-07,0,0,0,1
1771685611436000,1771685611280000,0,1771685611284000,0,-573.5636,12.354284,0.03387451,-0.0044216444,12.3671665,3.7113837e-06,-4.0824153e-07,0,0,0,1
1771685611484000,1771685611332000,0,1771685611332000,0,-573.5257,12.354216,-0.0037231445,-0.0043558436,12.367069,4.4834568e-08,-3.7400753e-07,0,0,0,1
1771685611540000,1771685611384000,0,1771685611388000,0,-573.54926,12.354284,0.020141602,-0.0020481132,12.3671665,1.3121328e-06,-2.1516821e-07,0,0,0,1
1771685611588000,1771685611436000,0,1771685611436000,0,-573.5444,12.354216,0.015686035,-0.00037750497,12.367069,7.9582867e-07,-1.1992937e-07,0,0,0,1
1771685611644000,1771685611488000,0,1771685611492000,0,-573.4503,12.354284,-0.078430176,-0.0077302936,12.3671665,1.9895559e-05,-1.982851e-06,0,0,0,1
1771685611692000,1771685611540000,0,1771685611540000,0,-573.5637,12.354216,0.034973145,-0.0037075058,12.367069,3.9560573e-06,-1.4233885e-06,0,0,0,1
1771685611748000,1771685611592000,0,1771685611596000,0,-573.5399,12.354284,0.011047363,-0.0023175543,12.3671665,3.9473628e-07,-1.2521159e-06,0,0,0,1
1771685611796000,1771685611644000,0,1771685611644000,0,-573.50696,12.354216,-0.022094727,-0.0041806214,12.367069,1.5789576e-06,-1.2829054e-06,0,0,0,1
1771685611852000,1771685611696000,0,1771685611700000,0,-573.5259,12.354284,-0.0037841797,-0.0041432753,12.3671665,4.6316238e-08,-1.1664151e-06,0,0,0,1
1771685611900000,1771685611748000,0,1771685611748000,0,-573.5025,12.354216,-0.027282715,-0.0063230777,12.367069,2.4075116e-06,-1.28333e-06,0,0,0,1
1771685611956000,1771685611800000,0,1771685611804000,0,-573.5497,12.354284,0.019836426,-0.0038587765,12.3671665,1.2726724e-06,-1.0425472e-06,0,0,0,1
1771685612004000,1771685611852000,0,1771685611852000,0,-573.5119,12.354216,-0.018127441,-0.005202926,12.367069,1.062836e-06,-1.0444585e-06,0,0,0,1
1771685612060000,1771685611904000,0,1771685611908000,0,-573.5167,12.354284,-0.013427734,-0.005977727,12.3671665,5.831701e-07,-1.0010037e-06,0,0,0,1
1771685612108000,1771685611956000,0,1771685611956000,0,-573.53094,12.354216,0.0007324219,-0.0053456114,12.367069,1.7350653e-09,-9.065428e-07,0,0,0,1
1771685612164000,1771685612008000,0,1771685612012000,0,-573.53094,12.354284,0.00048828125,-0.0047960416,12.3671665,7.7113405e-10,-8.2107124e-07,0,0,0,1
1771685612212000,1771685612060000,0,1771685612060000,0,-573.4652,12.354216,-0.06542969,-0.010507908,12.367069,1.3846592e-05,-2.0481132e-06,0,0,0,1
1771685612268000,1771685612112000,0,1771685612116000,0,-573.50336,12.354284,-0.027404785,-0.012099642,12.3671665,2.4290844e-06,-2.0840018e-06,0,0,0,1
1771685612316000,1771685612164000,0,1771685612164000,0,-573.53644,12.354216,0.00579834,-0.0104136,12.367069,1.087428e-07,-1.8774389e-06,0,0,0,1
1771685612372000,1771685612216000,0,1771685612220000,0,-573.49884,12.354284,-0.03186035,-0.012433946,12.3671665,3.2831513e-06,-2.009861e-06,0,0,0,1
1771685612420000,1771685612268000,0,1771685612268000,0,-573.49445,12.354216,-0.036254883,-0.014677947,12.367069,4.251344e-06,-2.2210152e-06,0,0,0,1
1771685612476000,1771685612320000,0,1771685612324000,0,-573.5417,12.354284,0.0107421875,-0.012283297,12.3671665,3.7322886e-07,-1.9766298e-06,0,0,0,1
1771685612524000,1771685612372000,0,1771685612372000,0,-573.54626,12.354216,0.015258789,-0.009688753,12.367069,7.530665e-07,-1.7194845e-06,0,0,0,1
1771685612580000,1771685612424000,0,1771685612428000,0,-573.54144,12.354284,0.010620117,-0.007775598,12.3671665,3.647946e-07,-1.5231394e-06,0,0,0,1
1771685612628000,1771685612476000,0,1771685612476000,0,-573.50385,12.354216,-0.026733398,-0.009561478,12.367069,2.3115408e-06,-1.5974091e-06,0,0,0,1
1771685612684000,1771685612528000,0,1771685612532000,0,-573.56506,12.354284,0.034362793,-0.005423684,12.3671665,3.8191497e-06,-1.0871536e-06,0,0,0,1
1771685612732000,1771685612580000,0,1771685612580000,0,-573.56946,12.354216,0.03857422,-0.0012789541,12.367069,4.8126853e-06,-5.313716e-07,0,0,0,1
1771685612788000,1771685612632000,0,1771685612636000,0,-573.5081,12.354284,-0.023132324,-0.0033376052,12.3671665,1.730726e-06,-6.4435426e-07,0,0,0,1
1771685612836000,1771685612684000,0,1771685612684000,0,-573.5083,12.354216,-0.023010254,-0.005190826,12.367069,1.7125215e-06,-7.449787e-07,0,0,0,1
1771685612892000,1771685612736000,0,1771685612740000,0,-573.5226,12.354284,-0.008728027,-0.0055240407,12.3671665,2.4638936e-07,-6.980101e-07,0,0,0,1
1771685612940000,1771685612788000,0,1771685612788000,0,-573.52734,12.354216,-0.0038452148,-0.0053658905,12.367069,4.7822738e-08,-6.367606e-07,0,0,0,1
1771685612996000,1771685612840000,0,1771685612844000,0,-573.54144,12.354284,0.010314941,-0.0038887106,12.3671665,3.441306e-07,-5.443578e-07,0,0,0,1
1771685613044000,1771685612892000,0,1771685612892000,0,-573.5226,12.354216,-0.008483887,-0.0043215896,12.367069,2.3279998e-07,-5.1500814e-07,0,0,0,1
1771685613100000,1771685612944000,0,1771685612948000,0,-573.53674,12.354284,0.0056152344,-0.003385512,12.3671665,1.0198247e-07,-4.5688583e-07,0,0,0,1
1771685613148000,1771685612996000,0,1771685612996000,0,-573.5649,12.354216,0.03326416,6.6993525e-05,12.367069,3.5788732e-06,-7.670559e-08,0,0,0,1
1771685613204000,1771685613048000,0,1771685613052000,0,-573.55054,12.354284,0.018310547,0.0017855893,12.3671665,1.0844072e-06,3.2674606e-08,0,0,0,1
1771685613252000,1771685613100000,0,1771685613100000,0,-573.56915,12.354216,0.03643799,0.0050499463,12.367069,4.294395e-06,4.3414104e-07,0,0,0,1
1771685613308000,1771685613152000,0,1771685613156000,0,-573.55945,12.354284,0.025817871,0.0070063453,12.3671665,2.1559101e-06,5.963367e-07,0,0,0,1
1771685613356000,1771685613204000,0,1771685613204000,0,-573.53107,12.354216,-0.0026855469,0.006093341,12.367069,2.3326988e-08,5.379626e-07,0,0,0,1
1771685613412000,1771685613256000,0,1771685613260000,0,-573.53107,12.354284,-0.0026855469,0.005266344,12.3671665,2.3326804e-08,4.850875e-07,0,0,0,1
1771685613460000,1771685613308000,0,1771685613308000,0,-573.4935,12.354216,-0.040100098,0.0009926935,12.367069,5.200967e-06,-5.0555343e-08,0,0,0,1
1771685613516000,1771685613360000,0,1771685613364000,0,-573.52203,12.354284,-0.01159668,-0.000193262,12.3671665,4.349678e-07,-8.676811e-08,0,0,0,1
1771685613564000,1771685613412000,0,1771685613412000,0,-573.5315,12.354216,-0.002380371,-0.00039929402,12.367069,1.8326627e-08,-8.0320724e-08,0,0,0,1
1771685613620000,1771685613464000,0,1771685613468000,0,-573.4658,12.354284,-0.068237305,-0.006789832,12.3671665,1.50602955e-05,-1.4914779e-06,0,0,0,1
1771685613668000,1771685613516000,0,1771685613516000,0,-573.5603,12.354216,0.026000977,-0.0037008424,12.367069,2.186616e-06,-1.1449907e-06,0,0,0,1
1771685613724000,1771685613568000,0,1771685613572000,0,-573.5554,12.354284,0.020874023,-0.0013858185,12.3671665,1.4092957e-06,-9.0436953e-07,0,0,0,1
1771685613772000,1771685613620000,0,1771685613620000,0,-573.54114,12.354216,0.006225586,-0.00066880207,12.367069,1.2535847e-07,-8.073662e-07,0,0,0,1
1771685613828000,1771685613672000,0,1771685613676000,0,-573.5411,12.354284,0.005493164,-8.8326924e-05,12.3671665,9.7596654e-08,-7.2211606e-07,0,0,0,1
1771685613876000,1771685613724000,0,1771685613724000,0,-573.5035,12.354216,-0.032409668,-0.0031330911,12.367069,3.3973663e-06,-9.741324e-07,0,0,0,1
1771685613932000,1771685613776000,0,1771685613780000,0,-573.5648,12.354284,0.028564453,-0.0001470903,12.3671665,2.6390135e-06,-6.3376353e-07,0,0,0,1
1771685613980000,1771685613828000,0,1771685613828000,0,-573.5505,12.354216,0.014038086,0.0011891945,12.367069,6.373955e-07,-5.140167e-07,0,0,0,1
1771685614036000,1771685613880000,0,1771685613884000,0,-573.5034,12.354284,-0.033569336,-0.00208516,12.3671665,3.6448132e-06,-8.089468e-07,0,0,0,1
1771685614084000,1771685613932000,0,1771685613932000,0,-573.5412,12.354216,0.0037231445,-0.0015380008,12.367069,4.4834568e-08,-7.2851816e-07,0,0,0,1
1771685614140000,1771685613984000,0,1771685613988000,0,-573.56,12.354284,0.022033691,0.00068252115,12.3671665,1.5702337e-06,-5.1196906e-07,0,0,0,1
1771685614188000,1771685614036000,0,1771685614036000,0,-573.541,12.354216,0.0025634766,0.0008597126,12.367069,2.125455e-08,-4.6173784e-07,0,0,0,1
1771685614244000,1771685614088000,0,1771685614092000,0,-573.5034,12.354284,-0.034973145,-0.0025158464,12.3671665,3.956026e-06,-7.9090995e-07,0,0,0,1
1771685614292000,1771685614140000,0,1771685614140000,0,-573.5037,12.354216,-0.034851074,-0.005561919,12.367069,3.928489e-06,-1.086479e-06,0,0,0,1
1771685614348000,1771685614192000,0,1771685614196000,0,-573.53687,12.354284,-0.0016479492,-0.0051932116,12.3671665,8.783698e-09,-9.84957e-07,0,0,0,1
1771685614396000,1771685614244000,0,1771685614244000,0,-573.54156,12.354216,0.0030517578,-0.0044165114,12.367069,3.012266e-08,-8.893335e-07,0,0,0,1
1771685614452000,1771685614296000,0,1771685614300000,0,-573.53217,12.354284,-0.006591797,-0.0046214294,12.3671665,1.4053917e-07,-8.187949e-07,0,0,0,1
1771685614500000,1771685614348000,0,1771685614348000,0,-573.5088,12.354216,-0.029907227,-0.0070034247,12.367069,2.8929803e-06,-1.0141891e-06,0,0,0,1
1771685614556000,1771685614400000,0,1771685614404000,0,-573.57007,12.354284,0.031433105,-0.0033825918,12.3671665,3.195688e-06,-6.176065e-07,0,0,0,1
1771685614604000,1771685614452000,0,1771685614452000,0,-573.5369,12.354216,-0.0016479492,-0.0032191833,12.367069,8.783768e-09,-5.602536e-07,0,0,0,1
1771685614660000,1771685614504000,0,1771685614508000,0,-573.551,12.354284,0.012573242,-0.001731491,12.3671665,5.113101e-07,-4.593092e-07,0,0,0,1
1771685614708000,1771685614556000,0,1771685614556000,0,-573.518,12.354216,-0.020324707,-0.0034830258,12.367069,1.3361087e-06,-5.419063e-07,0,0,0,1
1771685614764000,1771685614608000,0,1771685614612000,0,-573.5745,12.354284,0.03643799,0.00027764984,12.3671665,4.294361e-06,-8.631585e-08,0,0,0,1
1771685614812000,1771685614660000,0,1771685614660000,0,-573.5602,12.354216,0.022338867,0.0023558806,12.367069,1.6140444e-06,7.386302e-08,0,0,0,1
1771685614868000,1771685614712000,0,1771685614716000,0,-573.5553,12.354284,0.017578125,0.0037898603,12.3671665,9.993897e-07,1.6105032e-07,0,0,0,1
1771685614916000,1771685614764000,0,1771685614764000,0,-573.5504,12.354216,0.012634277,0.00462303,12.367069,5.1629036e-07,1.9451497e-07,0,0,0,1
1771685614972000,1771685614816000,0,1771685614820000,0,-573.55975,12.354284,0.02154541,0.0062171672,12.3671665,1.50141e-06,3.176283e-07,0,0,0,1
1771685615020000,1771685614868000,0,1771685614868000,0,-573.5643,12.354216,0.025756836,0.008057861,12.367069,2.1457456e-06,4.8984225e-07,0,0,0,1
1771685615076000,1771685614920000,0,1771685614924000,0,-573.59216,12.354284,0.053588867,0.012347014,12.3671665,9.288357e-06,1.318688e-06,0,0,0,1
1771685615124000,1771685614972000,0,1771685614972000,0,-573.60114,12.354216,0.06225586,0.017048571,12.367069,1.25358465e-05,2.3753769e-06,0,0,0,1
1771685615180000,1771685615024000,0,1771685615028000,0,-573.53015,12.354284,-0.009094238,0.014585842,12.3671665,2.6749916e-07,2.1264102e-06,0,0,0,1
1771685615228000,1771685615076000,0,1771685615076000,0,-573.5302,12.354216,-0.009155273,0.012349361,12.367069,2.7110394e-07,1.9005574e-06,0,0,0,1
1771685615284000,1771685615128000,0,1771685615132000,0,-573.53973,12.354284,0.00012207031,0.011197515,12.3671665,4.8195878e-11,1.721524e-06,0,0,0,1
1771685615332000,1771685615180000,0,1771685615180000,0,-573.4928,12.354216,-0.04675293,0.0057384144,12.367069,7.0698607e-06,8.9335e-07,0,0,0,1
1771685615388000,1771685615232000,0,1771685615236000,0,-573.59174,12.354284,0.0524292,0.010136822,12.3671665,8.890705e-06,1.6467241e-06,0,0,0,1
1771685615436000,1771685615284000,0,1771685615284000,0,-573.47864,12.354216,-0.060791016,0.0034552142,12.367069,1.1952865e-05,3.6560323e-07,0,0,0,1
1771685615492000,1771685615336000,0,1771685615340000,0,-573.53076,12.354284,-0.0087890625,0.0023017677,12.3671665,2.4984743e-07,3.0762598e-07,0,0,0,1
1771685615540000,1771685615388000,0,1771685615388000,0,-573.5637,12.354216,0.024047852,0.004350312,12.367069,1.8704486e-06,4.5484842e-07,0,0,0,1
1771685615596000,1771685615440000,0,1771685615444000,0,-573.54474,12.354284,0.005126953,0.004423474,12.3671665,8.5017525e-08,4.2000926e-07,0,0,0,1
1771685615644000,1771685615492000,0,1771685615492000,0,-573.5494,12.354216,0.009765625,0.00492672,12.367069,3.0845604e-07,4.0950061e-07,0,0,0,1
1771685615700000,1771685615544000,0,1771685615548000,0,-573.60095,12.354284,0.061340332,0.010241047,12.3671665,1.216976e-05,1.5173512e-06,0,0,0,1
1771685615748000,1771685615596000,0,1771685615596000,0,-573.5206,12.354216,-0.019165039,0.0074709076,12.367069,1.1879896e-06,1.2625002e-06,0,0,0,1
1771685615804000,1771685615648000,0,1771685615652000,0,-573.55835,12.354284,0.018371582,0.008497783,12.3671665,1.0916486e-06,1.2464054e-06,0,0,0,1
1771685615852000,1771685615700000,0,1771685615700000,0,-573.5488,12.354216,0.008544922,0.0085022235,12.367069,2.3616167e-07,1.1512375e-06,0,0,0,1
1771685615908000,1771685615752000,0,1771685615756000,0,-573.4877,12.354284,-0.052734375,0.002733558,12.3671665,8.994507e-06,1.9547883e-07,0,0,0,1
1771685615956000,1771685615804000,0,1771685615804000,0,-573.58203,12.354216,0.041809082,0.0064145857,12.367069,5.6537224e-06,7.096612e-07,0,0,0,1
1771685616012000,1771685615856000,0,1771685615860000,0,-573.5253,12.354284,-0.015075684,0.00439014,12.3671665,7.3509557e-07,5.735609e-07,0,0,0,1
1771685616060000,1771685615908000,0,1771685615908000,0,-573.56775,12.354216,0.02722168,0.0065409373,12.367069,2.3967516e-06,7.453108e-07,0,0,0,1
1771685616116000,1771685615960000,0,1771685615964000,0,-573.5346,12.354284,-0.006286621,0.005332544,12.3671665,1.2782752e-07,6.630586e-07,0,0,0,1
1771685616164000,1771685616012000,0,1771685616012000,0,-573.51587,12.354216,-0.024841309,0.0024900793,12.367069,1.9959155e-06,4.125755e-07,0,0,0,1
1771685616220000,1771685616064000,0,1771685616068000,0,-573.57245,12.354284,0.031799316,0.0052510947,12.3671665,3.2705843e-06,6.818083e-07,0,0,0,1
1771685616268000,1771685616116000,0,1771685616116000,0,-573.4924,12.354216,-0.048217773,0.00021417206,12.367069,7.519821e-06,-9.080907e-08,0,0,0,1
1771685616324000,1771685616168000,0,1771685616172000,0,-573.4881,12.354284,-0.052124023,-0.004716238,12.3671665,8.787506e-06,-9.1006314e-07,0,0,0,1
1771685616372000,1771685616220000,0,1771685616220000,0,-573.56366,12.354216,0.023742676,-0.0020353256,12.367069,1.8232764e-06,-6.525746e-07,0,0,0,1
1771685616428000,1771685616272000,0,1771685616276000,0,-573.50714,12.354284,-0.032592773,-0.004913926,12.3671665,3.4358359e-06,-9.147659e-07,0,0,0,1
1771685616476000,1771685616324000,0,1771685616324000,0,-573.5637,12.354216,0.024475098,-0.0021453947,12.367069,1.9375016e-06,-6.46074e-07,0,0,0,1
1771685616532000,1771685616376000,0,1771685616380000,0,-573.54944,12.354284,0.010864258,-0.00091984763,12.3671665,3.8175955e-07,-5.492491e-07,0,0,0,1
1771685616580000,1771685616428000,0,1771685616428000,0,-573.4742,12.354216,-0.0637207,-0.006835871,12.367069,1.3132709e-05,-1.7346475e-06,0,0,0,1
1771685616636000,1771685616480000,0,1771685616484000,0,-573.4982,12.354284,-0.038757324,-0.009842965,12.3671665,4.8584457e-06,-2.0289185e-06,0,0,0,1
1771685616684000,1771685616532000,0,1771685616532000,0,-573.51733,12.354216,-0.018432617,-0.010652135,12.367069,1.0989229e-06,-1.9413103e-06,0,0,0,1
1771685616740000,1771685616584000,0,1771685616588000,0,-573.52686,12.354284,-0.00793457,-0.010396132,12.3671665,2.0362758e-07,-1.7776156e-06,0,0,0,1
1771685616788000,1771685616636000,0,1771685616636000,0,-573.5269,12.354216,-0.006591797,-0.010037753,12.367069,1.405403e-07,-1.6233984e-06,0,0,0,1
1771685616844000,1771685616688000,0,1771685616692000,0,-573.50354,12.354284,-0.028869629,-0.0118117705,12.3671665,2.6957039e-06,-1.7244126e-06,0,0,0,1
1771685616892000,1771685616740000,0,1771685616740000,0,-573.5038,12.354216,-0.02758789,-0.013297927,12.367069,2.461672e-06,-1.7938646e-06,0,0,0,1
1771685616948000,1771685616792000,0,1771685616796000,0,-573.52277,12.354284,-0.0076904297,-0.012769684,12.3671665,1.9128943e-07,-1.6428974e-06,0,0,0,1
1771685616996000,1771685616844000,0,1771685616844000,0,-573.5275,12.354216,-0.001953125,-0.011750733,12.367069,1.23382415e-08,-1.4892939e-06,0,0,0,1
1771685617052000,1771685616896000,0,1771685616900000,0,-573.4947,12.354284,-0.034240723,-0.0138693545,12.3671665,3.7920636e-06,-1.7062215e-06,0,0,0,1
1771685617100000,1771685616948000,0,1771685616948000,0,-573.556,12.354216,0.027709961,-0.009952462,12.367069,2.4835049e-06,-1.3115371e-06,0,0,0,1
1771685617156000,1771685617000000,0,1771685617004000,0,-573.5276,12.354284,-0.00061035156,-0.009072408,12.3671665,1.204897e-09,-1.1881e-06,0,0,0,1
1771685617204000,1771685617052000,0,1771685617052000,0,-573.5229,12.354216,-0.0052490234,-0.008712234,12.367069,8.911488e-08,-1.0845724e-06,0,0,0,1
1771685617260000,1771685617104000,0,1771685617108000,0,-573.51355,12.354284,-0.014526367,-0.009259942,12.3671665,6.825018e-07,-1.0466962e-06,0,0,0,1
1771685617308000,1771685617156000,0,1771685617156000,0,-573.5137,12.354216,-0.014282227,-0.009733056,12.367069,6.597586e-07,-1.0102456e-06,0,0,0,1
1771685617364000,1771685617208000,0,1771685617212000,0,-573.5373,12.354284,0.009521484,-0.007919222,12.3671665,2.932237e-07,-8.87455e-07,0,0,0,1
1771685617412000,1771685617260000,0,1771685617260000,0,-573.51843,12.354216,-0.009277344,-0.008047161,12.367069,2.7838158e-07,-8.300785e-07,0,0,0,1
1771685617468000,1771685617312000,0,1771685617316000,0,-573.5373,12.354284,0.009887695,-0.006357645,12.3671665,3.1621315e-07,-7.2209446e-07,0,0,0,1
1771685617516000,1771685617364000,0,1771685617364000,0,-573.4997,12.354216,-0.027648926,-0.008363346,12.367069,2.4725764e-06,-8.8699494e-07,0,0,0,1
1771685617572000,1771685617416000,0,1771685617420000,0,-573.5468,12.354284,0.01940918,-0.005747093,12.3671665,1.2184399e-06,-6.886569e-07,0,0,0,1
1771685617620000,1771685617468000,0,1771685617468000,0,-573.50446,12.354216,-0.022766113,-0.007350334,12.367069,1.6763743e-06,-7.8170274e-07,0,0,0,1
1771685617676000,1771685617520000,0,1771685617524000,0,-573.50464,12.354284,-0.022399902,-0.008768047,12.3671665,1.6228636e-06,-8.609425e-07,0,0,0,1
1771685617724000,1771685617572000,0,1771685617572000,0,-573.54706,12.354216,0.020141602,-0.006044674,12.367069,1.3121431e-06,-6.562315e-07,0,0,0,1
1771685617780000,1771685617624000,0,1771685617628000,0,-573.5657,12.354284,0.03894043,-0.0018069465,12.3671665,4.9044606e-06,-1.3239816e-07,0,0,0,1
1771685617828000,1771685617676000,0,1771685617676000,0,-573.5231,12.354216,-0.0036621094,-0.0019817082,12.367069,4.337663e-08,-1.2401208e-07,0,0,0,1
1771685617884000,1771685617728000,0,1771685617732000,0,-573.5419,12.354284,0.014770508,-0.00040360074,12.3671665,7.0563584e-07,-4.5856837e-08,0,0,0,1
1771685617932000,1771685617780000,0,1771685617780000,0,-573.53705,12.354216,0.009887695,0.00056586927,12.367069,3.1621565e-07,-1.1748558e-08,0,0,0,1
1771685617988000,1771685617832000,0,1771685617836000,0,-573.5464,12.354284,0.018859863,0.0022892165,12.3671665,1.1504476e-06,9.773369e-08,0,0,0,1
1771685618036000,1771685617884000,0,1771685617884000,0,-573.47577,12.354216,-0.052001953,-0.0028251694,12.367069,8.746464e-06,-7.354154e-07,0,0,0,1
1771685618092000,1771685617936000,0,1771685617940000,0,-573.4574,12.354284,-0.070373535,-0.009188421,12.3671665,1.6018008e-05,-2.17508e-06,0,0,0,1
1771685618140000,1771685617988000,0,1771685617988000,0,-573.55664,12.354216,0.028686523,-0.005620491,12.367069,2.6616383e-06,-1.719447e-06,0,0,0,1
1771685618196000,1771685618040000,0,1771685618044000,0,-573.48596,12.354284,-0.042297363,-0.00907556,12.3671665,5.7865054e-06,-2.1025758e-06,0,0,0,1
1771685618244000,1771685618092000,0,1771685618092000,0,-573.5051,12.354216,-0.022827148,-0.010371,12.367069,1.685375e-06,-2.0632742e-06,0,0,0,1
1771685618300000,1771685618144000,0,1771685618148000,0,-573.53815,12.354284,0.010131836,-0.0084395725,12.3671665,3.320214e-07,-1.8376304e-06,0,0,0,1
1771685618348000,1771685618196000,0,1771685618196000,0,-573.5334,12.354216,0.0056152344,-0.007115569,12.367069,1.0198328e-07,-1.6549131e-06,0,0,0,1
1771685618404000,1771685618248000,0,1771685618252000,0,-573.5427,12.354284,0.014404297,-0.005088335,12.3671665,6.710794e-07,-1.4357979e-06,0,0,0,1
1771685618452000,1771685618300000,0,1771685618300000,0,-573.48627,12.354216,-0.042419434,-0.008605033,12.367069,5.8199994e-06,-1.8488024e-06,0,0,0,1
1771685618508000,1771685618352000,0,1771685618356000,0,-573.48663,12.354284,-0.042297363,-0.011778949,12.3671665,5.7865054e-06,-2.2197455e-06,0,0,0,1
1771685618556000,1771685618404000,0,1771685618404000,0,-573.52924,12.354216,0.00012207031,-0.010657839,12.367069,4.8196256e-11,-2.0106345e-06,0,0,0,1
1771685618612000,1771685618456000,0,1771685618460000,0,-573.5105,12.354284,-0.018981934,-0.011441993,12.3671665,1.1653883e-06,-1.9310098e-06,0,0,0,1
1771685618660000,1771685618508000,0,1771685618508000,0,-573.53876,12.354216,0.008972168,-0.0095189195,12.367069,2.6036824e-07,-1.7245757e-06,0,0,0,1
1771685618716000,1771685618560000,0,1771685618564000,0,-573.51056,12.354284,-0.01965332,-0.01047361,12.3671665,1.2492853e-06,-1.6798019e-06,0,0,0,1
1771685618764000,1771685618612000,0,1771685618612000,0,-573.48724,12.354216,-0.042907715,-0.013528997,12.367069,5.954756e-06,-2.082515e-06,0,0,0,1
1771685618820000,1771685618664000,0,1771685618668000,0,-573.5111,12.354284,-0.018981934,-0.014042679,12.3671665,1.1653883e-06,-1.996119e-06,0,0,0,1
1771685618868000,1771685618716000,0,1771685618716000,0,-573.48303,12.354216,-0.046569824,-0.017106831,12.367069,7.0145916e-06,-2.4688736e-06,0,0,0,1
1771685618924000,1771685618768000,0,1771685618772000,0,-573.521,12.354284,-0.008239746,-0.016271526,12.3671665,2.1959247e-07,-2.2569848e-06,0,0,0,1
1771685618972000,1771685618820000,0,1771685618820000,0,-573.4929,12.354216,-0.035949707,-0.018125268,12.367069,4.1800736e-06,-2.4381454e-06,0,0,0,1
1771685619028000,1771685618872000,0,1771685618876000,0,-573.5026,12.354284,-0.025939941,-0.018861433,12.3671665,2.176345e-06,-2.4134831e-06,0,0,0,1
1771685619076000,1771685618924000,0,1771685618924000,0,-573.52155,12.354216,-0.007019043,-0.017745845,12.367069,1.5934887e-07,-2.201137e-06,0,0,0,1
1771685619132000,1771685618976000,0,1771685618980000,0,-573.5357,12.354284,0.007385254,-0.015378423,12.3671665,1.7640896e-07,-1.9771653e-06,0,0,0,1
1771685619180000,1771685619028000,0,1771685619028000,0,-573.54034,12.354216,0.012573242,-0.012745295,12.367069,5.113141e-07,-1.7427433e-06,0,0,0,1
1771685619236000,1771685619080000,0,1771685619084000,0,-573.48865,12.354284,-0.03845215,-0.015166955,12.3671665,4.782236e-06,-2.0290722e-06,0,0,0,1
1771685619284000,1771685619132000,0,1771685619132000,0,-573.51245,12.354216,-0.013671875,-0.015026114,12.367069,6.0457387e-07,-1.8948804e-06,0,0,0,1
1771685619340000,1771685619184000,0,1771685619188000,0,-573.5266,12.354284,0.0009765625,-0.013518616,12.3671665,3.0845362e-09,-1.7160866e-06,0,0,0,1
1771685619388000,1771685619236000,0,1771685619236000,0,-573.5079,12.354216,-0.017333984,-0.013878034,12.367069,9.718293e-07,-1.6459753e-06,0,0,0,1
1771685619444000,1771685619288000,0,1771685619292000,0,-573.56903,12.354284,0.044067383,-0.0084194075,12.3671665,6.280935e-06,-8.9923736e-07,0,0,0,1
1771685619492000,1771685619340000,0,1771685619340000,0,-573.48883,12.354216,-0.036132812,-0.011030091,12.367069,4.2227634e-06,-1.2123232e-06,0,0,0,1
1771685619548000,1771685619392000,0,1771685619396000,0,-573.5314,12.354284,0.00592041,-0.009433305,12.3671665,1.1336875e-07,-1.0874392e-06,0,0,0,1
1771685619596000,1771685619444000,0,1771685619444000,0,-573.5407,12.354216,0.014892578,-0.0071417363,12.367069,7.173531e-07,-9.174225e-07,0,0,0,1
1771685619652000,1771685619496000,0,1771685619500000,0,-573.5547,12.354284,0.028808594,-0.0037551108,12.3671665,2.6843177e-06,-5.781281e-07,0,0,0,1
1771685619700000,1771685619548000,0,1771685619548000,0,-573.55914,12.354216,0.03338623,-0.00025628856,12.367069,3.6051886e-06,-1.8404748e-07,0,0,0,1
1771685619756000,1771685619600000,0,1771685619604000,0,-573.5401,12.354284,0.014221191,0.0011075322,12.3671665,6.541265e-07,-1.0508906e-07,0,0,0,1
1771685619804000,1771685619652000,0,1771685619652000,0,-573.48364,12.354216,-0.042297363,-0.0029813354,12.367069,5.7865514e-06,-6.4029933e-07,0,0,0,1
1771685619860000,1771685619704000,0,1771685619708000,0,-573.5403,12.354284,0.014404297,-0.0013435583,12.3671665,6.710794e-07,-5.1676363e-07,0,0,0,1
1771685619908000,1771685619756000,0,1771685619756000,0,-573.54486,12.354216,0.018737793,0.0005481633,12.367069,1.1356123e-06,-3.6110504e-07,0,0,0,1
1771685619964000,1771685619808000,0,1771685619812000,0,-573.54004,12.354284,0.013793945,0.0017959544,12.3671665,6.1541317e-07,-2.691142e-07,0,0,0,1
1771685620012000,1771685619860000,0,1771685619860000,0,-573.5681,12.354216,0.041870117,0.005571057,12.367069,5.6702415e-06,2.9039035e-07,0,0,0,1
1771685620068000,1771685619912000,0,1771685619916000,0,-573.5865,12.354284,0.059570312,0.010657944,12.3671665,1.1477559e-05,1.3442541e-06,0,0,0,1
1771685620116000,1771685619964000,0,1771685619964000,0,-573.52966,12.354216,0.002380371,0.009878173,12.367069,1.8326627e-08,1.2193478e-06,0,0,0,1
1771685620172000,1771685620016000,0,1771685620020000,0,-573.5062,12.354284,-0.02154541,0.0069179796,12.3671665,1.50141e-06,9.630445e-07,0,0,0,1
1771685620220000,1771685620068000,0,1771685620068000,0,-573.5909,12.354216,0.06298828,0.012199964,12.367069,1.2832543e-05,2.0811858e-06,0,0,0,1
1771685620276000,1771685620120000,0,1771685620124000,0,-573.5575,12.354284,0.028930664,0.013776045,12.3671665,2.7071142e-06,2.1401502e-06,0,0,0,1
1771685620324000,1771685620172000,0,1771685620172000,0,-573.53845,12.354216,0.0095825195,0.013381003,12.367069,2.969974e-07,1.96652e-06,0,0,0,1
1771685620380000,1771685620224000,0,1771685620228000,0,-573.5337,12.354284,0.0045166016,0.012545951,12.3671665,6.598015e-08,1.7874836e-06,0,0,0,1
1771685620428000,1771685620276000,0,1771685620276000,0,-573.5383,12.354216,0.008972168,0.01220929,12.367069,2.6036824e-07,1.6436248e-06,0,0,0,1
1771685620484000,1771685620328000,0,1771685620332000,0,-573.54297,12.354284,0.013305664,0.0123125715,12.3671665,5.726152e-07,1.5427327e-06,0,0,0,1
1771685620532000,1771685620380000,0,1771685620380000,0,-573.51935,12.354216,-0.010620117,0.010152245,12.367069,3.6479747e-07,1.3630378e-06,0,0,0,1
1771685620588000,1771685620432000,0,1771685620436000,0,-573.5476,12.354284,0.017211914,0.010817287,12.3671665,9.581822e-07,1.3248992e-06,0,0,0,1
1771685620636000,1771685620484000,0,1771685620484000,0,-573.524,12.354216,-0.0065307617,0.00918305,12.367069,1.3794974e-07,1.1870947e-06,0,0,0,1
1771685620692000,1771685620536000,0,1771685620540000,0,-573.54285,12.354284,0.011779785,0.00942767,12.3671665,4.4881205e-07,1.1175463e-06,0,0,0,1
1771685620740000,1771685620588000,0,1771685620588000,0,-573.5286,12.354216,-0.0029296875,0.008263571,12.367069,2.7761045e-08,1.009655e-06,0,0,0,1
1771685620796000,1771685620640000,0,1771685620644000,0,-573.5334,12.354284,0.0014648438,0.0076231114,12.3671665,6.940206e-09,9.151963e-07,0,0,0,1
1771685620844000,1771685620692000,0,1771685620692000,0,-573.5333,12.354216,0.0010986328,0.0070084864,12.367069,3.9038968e-09,8.293499e-07,0,0,0,1
1771685620900000,1771685620744000,0,1771685620748000,0,-573.5662,12.354284,0.033569336,0.009510595,12.3671665,3.6448132e-06,1.0945747e-06,0,0,0,1
1771685620948000,1771685620796000,0,1771685620796000,0,-573.5707,12.354216,0.03753662,0.012150728,12.367069,4.5572574e-06,1.4207695e-06,0,0,0,1
1771685621004000,1771685620848000,0,1771685620852000,0,-573.5374,12.354284,0.0037231445,0.011356825,12.3671665,4.4834216e-08,1.2911524e-06,0,0,0,1
1771685621052000,1771685620900000,0,1771685620900000,0,-573.5374,12.354216,0.003479004,0.010614712,12.367069,3.914741e-08,1.17321e-06,0,0,0,1
1771685621108000,1771685620952000,0,1771685620956000,0,-573.53735,12.354284,0.0030517578,0.009902259,12.3671665,3.0122422e-08,1.0655278e-06,0,0,0,1
1771685621156000,1771685621004000,0,1771685621004000,0,-573.589,12.354216,0.05419922,0.014075162,12.367069,9.501217e-06,1.8601943e-06,0,0,0,1
1771685621212000,1771685621056000,0,1771685621060000,0,-573.5698,12.354284,0.034973145,0.016043812,12.3671665,3.956026e-06,2.0576276e-06,0,0,0,1
1771685621260000,1771685621108000,0,1771685621108000,0,-573.5507,12.354216,0.015380859,0.01598136,12.367069,7.651638e-07,1.9358738e-06,0,0,0,1
1771685621316000,1771685621160000,0,1771685621164000,0,-573.5694,12.354284,0.033691406,0.017649697,12.3671665,3.671369e-06,2.0993625e-06,0,0,0,1
1771685621364000,1771685621212000,0,1771685621212000,0,-573.6066,12.354216,0.07067871,0.022645185,12.367069,1.615736e-05,3.4236668e-06,0,0,0,1
1771685621420000,1771685621264000,0,1771685621268000,0,-573.5356,12.354284,-0.0004272461,0.020471694,12.3671665,5.903995e-10,3.1010918e-06,0,0,0,1
1771685621468000,1771685621316000,0,1771685621316000,0,-573.5262,12.354216,-0.00982666,0.017617501,12.367069,3.123238e-07,2.7795381e-06,0,0,0,1
1771685621524000,1771685621368000,0,1771685621372000,0,-573.5169,12.354284,-0.01953125,0.014117981,12.3671665,1.2338145e-06,2.4014687e-06,0,0,0,1
1771685621572000,1771685621420000,0,1771685621420000,0,-573.5217,12.354216,-0.014831543,0.011390852,12.367069,7.114852e-07,2.1082194e-06,0,0,0,1
1771685621628000,1771685621472000,0,1771685621476000,0,-573.55945,12.354284,0.022888184,0.012473933,12.3671665,1.6943864e-06,2.069235e-06,0,0,0,1
1771685621676000,1771685621524000,0,1771685621524000,0,-573.53577,12.354216,-0.0007324219,0.011229856,12.367069,1.7350653e-09,1.8741437e-06,0,0,0,1
1771685621732000,1771685621576000,0,1771685621580000,0,-573.52167,12.354284,-0.014404297,0.008815045,12.3671665,6.710794e-07,1.6343763e-06,0,0,0,1
1771685621780000,1771685621628000,0,1771685621628000,0,-573.5641,12.354216,0.028564453,0.010675496,12.367069,2.6390344e-06,1.729018e-06,0,0,0,1
1771685621836000,1771685621680000,0,1771685621684000,0,-573.51685,12.354284,-0.018249512,0.007950677,12.3671665,1.07719e-06,1.464665e-06,0,0,0,1
1771685621884000,1771685621732000,0,1771685621732000,0,-573.503,12.354216,-0.03186035,0.0042003617,12.367069,3.2831772e-06,1.0174044e-06,0,0,0,1
1771685621940000,1771685621784000,0,1771685621788000,0,-573.46094,12.354284,-0.07373047,-0.0031409492,12.3671665,1.7582626e-05,-7.3477247e-07,0,0,0,1
1771685621988000,1771685621836000,0,1771685621836000,0,-573.5226,12.354216,-0.01171875,-0.003949003,12.367069,4.4417672e-07,-7.0739753e-07,0,0,0,1
1771685622044000,1771685621888000,0,1771685621892000,0,-573.48047,12.354284,-0.053771973,-0.008642471,12.3671665,9.35194e-06,-1.5217386e-06,0,0,0,1
1771685622092000,1771685621940000,0,1771685621940000,0,-573.4809,12.354216,-0.052978516,-0.0128190555,12.367069,9.078054e-06,-2.2335655e-06,0,0,0,1
1771685622148000,1771685621992000,0,1771685621996000,0,-573.5002,12.354284,-0.03363037,-0.014779542,12.3671665,3.658079e-06,-2.3677587e-06,0,0,0,1
1771685622196000,1771685622044000,0,1771685622044000,0,-573.4816,12.354216,-0.051818848,-0.018268753,12.367069,8.684978e-06,-2.962859e-06,0,0,0,1
1771685622252000,1771685622096000,0,1771685622100000,0,-573.4915,12.354284,-0.041748047,-0.020480571,12.3671665,5.6371828e-06,-3.2147882e-06,0,0,0,1
1771685622300000,1771685622148000,0,1771685622148000,0,-573.53876,12.354216,0.0057373047,-0.01801077,12.367069,1.06465535e-07,-2.9019166e-06,0,0,0,1
1771685622356000,1771685622200000,0,1771685622204000,0,-573.53406,12.354284,0.0014038086,-0.01618186,12.3671665,6.3739045e-09,-2.6279472e-06,0,0,0,1
1771685622404000,1771685622252000,0,1771685622252000,0,-573.49646,12.354216,-0.035583496,-0.01800955,12.367069,4.0953446e-06,-2.7661804e-06,0,0,0,1
1771685622460000,1771685622304000,0,1771685622308000,0,-573.50616,12.354284,-0.02557373,-0.018722119,12.3671665,2.1153292e-06,-2.7048684e-06,0,0,0,1
1771685622508000,1771685622356000,0,1771685622356000,0,-573.5064,12.354216,-0.025024414,-0.019315813,12.367069,2.0254477e-06,-2.640865e-06,0,0,0,1
1771685622564000,1771685622408000,0,1771685622412000,0,-573.59106,12.354284,0.059509277,-0.0118902605,12.3671665,1.1454052e-05,-1.3130829e-06,0,0,0,1
1771685622612000,1771685622460000,0,1771685622460000,0,-573.5014,12.354216,-0.030273438,-0.013622009,12.367069,2.9642626e-06,-1.4686289e-06,0,0,0,1
1771685622668000,1771685622512000,0,1771685622516000,0,-573.5908,12.354284,0.0592041,-0.006761578,12.3671665,1.1336875e-05,-2.6231316e-07,0,0,0,1
1771685622716000,1771685622564000,0,1771685622564000,0,-573.5528,12.354216,0.020935059,-0.0041524745,12.367069,1.4175604e-06,-1.040642e-07,0,0,0,1
1771685622772000,1771685622616000,0,1771685622620000,0,-573.5526,12.354284,0.020385742,-0.0018409032,12.3671665,1.3441348e-06,3.2360347e-08,0,0,0,1
1771685622820000,1771685622668000,0,1771685622668000,0,-573.52423,12.354216,-0.00793457,-0.0024149443,12.367069,2.0362918e-07,1.01294475e-08,0,0,0,1
1771685622876000,1771685622720000,0,1771685622724000,0,-573.5666,12.354284,0.034423828,0.0010553752,12.3671665,3.832729e-06,3.702294e-07,0,0,0,1
1771685622924000,1771685622772000,0,1771685622772000,0,-573.54285,12.354216,0.010437012,0.0019391526,12.367069,3.5232668e-07,3.685429e-07,0,0,0,1
1771685622980000,1771685622824000,0,1771685622828000,0,-573.538,12.354284,0.005554199,0.0022797005,12.3671665,9.9777516e-08,3.4322443e-07,0,0,0,1
1771685623028000,1771685622876000,0,1771685622876000,0,-573.5004,12.354216,-0.032043457,-0.00095364056,12.367069,3.3210233e-06,-1.9583695e-09,0,0,0,1
1771685623084000,1771685622928000,0,1771685622932000,0,-573.50073,12.354284,-0.031311035,-0.0038133953,12.3671665,3.170915e-06,-3.004833e-07,0,0,0,1
1771685623132000,1771685622980000,0,1771685622980000,0,-573.5104,12.354216,-0.021057129,-0.0054378053,12.367069,1.4341399e-06,-4.0727704e-07,0,0,0,1
1771685623188000,1771685623032000,0,1771685623036000,0,-573.5387,12.354284,0.007751465,-0.0041953376,12.3671665,1.9433783e-07,-3.5060316e-07,0,0,0,1
1771685623236000,1771685623084000,0,1771685623084000,0,-573.5011,12.354216,-0.029663086,-0.0065944735,12.367069,2.8459408e-06,-5.856712e-07,0,0,0,1
1771685623292000,1771685623136000,0,1771685623140000,0,-573.5671,12.354284,0.036010742,-0.0025809384,12.3671665,4.1942462e-06,-1.3538909e-07,0,0,0,1
1771685623340000,1771685623188000,0,1771685623188000,0,-573.51044,12.354216,-0.020996094,-0.0043156995,12.367069,1.425838e-06,-2.5695311e-07,0,0,0,1
1771685623396000,1771685623240000,0,1771685623244000,0,-573.6092,12.354284,0.07702637,0.0033469591,12.3671665,1.9189718e-05,1.5749797e-06,0,0,0,1
1771685623444000,1771685623292000,0,1771685623292000,0,-573.5522,12.354216,0.019226074,0.004842818,12.367069,1.1955684e-06,1.539238e-06,0,0,0,1
1771685623500000,1771685623344000,0,1771685623348000,0,-573.56146,12.354284,0.02734375,0.0069624707,12.3671665,2.4182764e-06,1.622046e-06,0,0,0,1
1771685623548000,1771685623396000,0,1771685623396000,0,-573.5471,12.354216,0.012084961,0.0074450243,12.367069,4.723715e-07,1.5137434e-06,0,0,0,1
1771685623604000,1771685623448000,0,1771685623452000,0,-573.62213,12.354284,0.085998535,0.014844993,12.3671665,2.392059e-05,3.6245335e-06,0,0,0,1
1771685623652000,1771685623500000,0,1771685623500000,0,-573.51807,12.354216,-0.019165039,0.011641149,12.367069,1.1879896e-06,3.1711797e-06,0,0,0,1
1771685623708000,1771685623552000,0,1771685623556000,0,-573.56055,12.354284,0.021972656,0.012614408,12.3671665,1.5615465e-06,3.0195476e-06,0,0,0,1
1771685623756000,1771685623604000,0,1771685623604000,0,-573.5791,12.354216,0.039489746,0.015146143,12.367069,5.0438466e-06,3.2102425e-06,0,0,0,1
1771685623812000,1771685623656000,0,1771685623660000,0,-573.63513,12.354284,0.09423828,0.022596851,12.3671665,2.872397e-05,5.6137096e-06,0,0,0,1
1771685623860000,1771685623708000,0,1771685623708000,0,-573.55927,12.354216,0.017211914,0.022089574,12.367069,9.581898e-07,5.1751463e-06,0,0,0,1
1771685623916000,1771685623760000,0,1771685623764000,0,-573.5121,12.354284,-0.03100586,0.01708783,12.3671665,3.1094053e-06,4.3947175e-06,0,0,0,1
1771685623964000,1771685623812000,0,1771685623812000,0,-573.564,12.354216,0.020446777,0.017404253,12.367069,1.3522063e-06,4.108104e-06,0,0,0,1
1771685624020000,1771685623864000,0,1771685623868000,0,-573.5639,12.354284,0.019470215,0.017598873,12.3671665,1.2261152e-06,3.836612e-06,0,0,0,1
1771685624068000,1771685623916000,0,1771685623916000,0,-573.5637,12.354216,0.018737793,0.017706163,12.367069,1.1356123e-06,3.58217e-06,0,0,0,1
1771685624124000,1771685623968000,0,1771685623972000,0,-573.55414,12.354284,0.008666992,0.016854648,12.3671665,2.4295542e-07,3.2676062e-06,0,0,0,1
1771685624172000,1771685624020000,0,1771685624020000,0,-573.5447,12.354216,-0.0007324219,0.015197895,12.367069,1.7350653e-09,2.9596247e-06,0,0,0,1
1771685624228000,1771685624072000,0,1771685624076000,0,-573.5588,12.354284,0.0134887695,0.01503689,12.3671665,5.884837e-07,2.7362564e-06,0,0,0,1
1771685624276000,1771685624124000,0,1771685624124000,0,-573.52106,12.354216,-0.024475098,0.011314746,12.367069,1.9375016e-06,2.2959748e-06,0,0,0,1
1771685624332000,1771685624176000,0,1771685624180000,0,-573.5683,12.354284,0.022521973,0.012370499,12.3671665,1.6405997e-06,2.2342365e-06,0,0,0,1
1771685624380000,1771685624228000,0,1771685624228000,0,-573.5305,12.354216,-0.01550293,0.009744741,12.367069,7.7735746e-07,1.9505355e-06,0,0,0,1
1771685624436000,1771685624280000,0,1771685624284000,0,-573.54944,12.354284,0.0029907227,0.009108493,12.3671665,2.8929575e-08,1.7695147e-06,0,0,0,1
1771685624484000,1771685624332000,0,1771685624332000,0,-573.5963,12.354216,0.049621582,0.012924944,12.367069,7.964058e-06,2.3530588e-06,0,0,0,1
1771685624540000,1771685624384000,0,1771685624388000,0,-573.58655,12.354284,0.039489746,0.0154274255,12.3671665,5.043807e-06,2.6065352e-06,0,0,0,1
1771685624588000,1771685624436000,0,1771685624436000,0,-573.55804,12.354216,0.010375977,0.014951564,12.367069,3.4821795e-07,2.393795e-06,0,0,0,1
1771685624644000,1771685624488000,0,1771685624492000,0,-573.5861,12.354284,0.037963867,0.01711939,12.3671665,4.6615532e-06,2.6074244e-06,0,0,0,1
1771685624692000,1771685624540000,0,1771685624540000,0,-573.5435,12.354216,-0.005126953,0.01502372,12.367069,8.50182e-08,2.3537884e-06,0,0,0,1
1771685624748000,1771685624592000,0,1771685624596000,0,-573.5717,12.354284,0.022277832,0.01570708,12.3671665,1.6052239e-06,2.2832714e-06,0,0,0,1
1771685624796000,1771685624644000,0,1771685624644000,0,-573.5622,12.354216,0.012207031,0.015377365,12.367069,4.8196256e-07,2.113583e-06,0,0,0,1
1771685624852000,1771685624696000,0,1771685624700000,0,-573.6278,12.354284,0.07696533,0.02117913,12.3671665,1.9159319e-05,3.7193408e-06,0,0,0,1
1771685624900000,1771685624748000,0,1771685624748000,0,-573.54266,12.354216,-0.008850098,0.01835029,12.367069,2.533316e-07,3.3451036e-06,0,0,0,1
1771685624956000,1771685624800000,0,1771685624804000,0,-573.57086,12.354284,0.018615723,0.018375294,12.3671665,1.1208554e-06,3.135573e-06,0,0,0,1
1771685625004000,1771685624852000,0,1771685624852000,0,-573.5754,12.354216,0.022583008,0.018771673,12.367069,1.6495169e-06,2.9955822e-06,0,0,0,1
1771685625060000,1771685624904000,0,1771685624908000,0,-573.4954,12.354284,-0.058288574,0.011512374,12.3671665,1.0988962e-05,1.6781976e-06,0,0,0,1
1771685625108000,1771685624956000,0,1771685624956000,0,-573.4818,12.354216,-0.07232666,0.0036144927,12.367069,1.6919597e-05,-7.3768774e-08,0,0,0,1
1771685625164000,1771685625008000,0,1771685625012000,0,-573.53876,12.354284,-0.015319824,0.001830825,12.3671665,7.5909713e-07,-1.3832869e-07,0,0,0,1
1771685625212000,1771685625060000,0,1771685625060000,0,-573.49664,12.354216,-0.056884766,-0.0037003541,12.367069,1.0466107e-05,-1.1112354e-06,0,0,0,1
1771685625268000,1771685625112000,0,1771685625116000,0,-573.54877,12.354284,-0.0045776367,-0.0037829967,12.3671665,6.777545e-08,-1.0129385e-06,0,0,0,1
1771685625316000,1771685625164000,0,1771685625164000,0,-573.59106,12.354216,0.038024902,0.00015542866,12.367069,4.6765913e-06,-4.7696824e-07,0,0,0,1
1771685625372000,1771685625216000,0,1771685625220000,0,-573.58136,12.354284,0.028503418,0.0028258916,12.3671665,2.6277476e-06,-1.8449501e-07,0,0,0,1
1771685625420000,1771685625268000,0,1771685625268000,0,-573.553,12.354216,0.00036621094,0.0025941825,12.367069,4.3376633e-10,-1.6707418e-07,0,0,0,1
1771685625476000,1771685625320000,0,1771685625324000,0,-573.6046,12.354284,0.05218506,0.0072657866,12.3671665,8.808098e-06,6.7841313e-07,0,0,0,1
1771685625524000,1771685625372000,0,1771685625372000,0,-573.50085,12.354216,-0.051452637,0.0017343406,12.36707,8.562654e-06,-1.9212229e-07,0,0,0,1
1771685625580000,1771685625424000,0,1771685625428000,0,-573.5389,12.354284,-0.013305664,0.00031752838,12.3671665,5.726152e-07,-2.2796583e-07,0,0,0,1
1771685625628000,1771685625476000,0,1771685625476000,0,-573.5718,12.354216,0.019897461,0.0021620148,12.36707,1.2805262e-06,-8.586149e-08,0,0,0,1
1771685625684000,1771685625528000,0,1771685625532000,0,-573.5623,12.354284,0.011169434,0.0030105398,12.367167,4.035079e-07,-3.976147e-08,0,0,0,1
1771685625732000,1771685625580000,0,1771685625580000,0,-573.59973,12.354216,0.049072266,0.007349688,12.367071,7.788706e-06,6.9770294e-07,0,0,0,1
1771685625788000,1771685625632000,0,1771685625636000,0,-573.54767,12.354284,-0.002746582,0.0063985903,12.367167,2.439916e-08,6.296788e-07,0,0,0,1
1771685625836000,1771685625684000,0,1771685625684000,0,-573.5571,12.354216,0.006958008,0.006451289,12.367071,1.565896e-07,5.8511245e-07,0,0,0,1
1771685625892000,1771685625736000,0,1771685625740000,0,-573.5993,12.354284,0.049438477,0.010500807,12.367168,7.905328e-06,1.274698e-06,0,0,0,1
1771685625940000,1771685625788000,0,1771685625788000,0,-573.54724,12.354216,-0.0021362305,0.009310362,12.367072,1.4760101e-08,1.1532272e-06,0,0,0,1
1771685625996000,1771685625840000,0,1771685625844000,0,-573.56134,12.354284,0.0126953125,0.009629234,12.367169,5.212865e-07,1.0936966e-06,0,0,0,1
1771685626044000,1771685625892000,0,1771685625892000,0,-573.5095,12.354216,-0.038330078,0.005111327,12.367072,4.7519575e-06,5.43019e-07,0,0,0,1
1771685626100000,1771685625944000,0,1771685625948000,0,-573.524,12.354284,-0.022949219,0.002467942,12.36717,1.7034346e-06,3.3139654e-07,0,0,0,1
1771685626148000,1771685625996000,0,1771685625996000,0,-573.56177,12.354216,0.015625,0.0037073751,12.367073,7.8964723e-07,3.7456508e-07,0,0,0,1
1771685626204000,1771685626048000,0,1771685626052000,0,-573.54755,12.354284,0.0021972656,0.0035651184,12.367171,1.5615457e-08,3.4075097e-07,0,0,0,1
1771685626252000,1771685626100000,0,1771685626100000,0,-573.5193,12.354216,-0.02545166,0.0008316536,12.367074,2.0951989e-06,1.11277416e-07,0,0,0,1
1771685626308000,1771685626152000,0,1771685626156000,0,-573.51953,12.354284,-0.024597168,-0.0015638154,12.367172,1.9568602e-06,-8.354715e-08,0,0,0,1
1771685626356000,1771685626204000,0,1771685626204000,0,-573.5526,12.354216,0.009094238,-0.00055979576,12.367076,2.6750112e-07,-5.0477382e-08,0,0,0,1
1771685626412000,1771685626256000,0,1771685626260000,0,-573.53845,12.354284,-0.0043945312,-0.000921039,12.367173,6.246182e-08,-5.1606353e-08,0,0,0,1
1771685626460000,1771685626308000,0,1771685626308000,0,-573.60425,12.354216,0.06201172,0.00500741,12.367077,1.2437712e-05,1.1249238e-06,0,0,0,1
1771685626516000,1771685626360000,0,1771685626364000,0,-573.51917,12.354284,-0.022644043,0.0024025626,12.367174,1.6584312e-06,8.6272365e-07,0,0,0,1
1771685626564000,1771685626412000,0,1771685626412000,0,-573.5757,12.354216,0.034240723,0.0054018097,12.367078,3.7920909e-06,1.1386785e-06,0,0,0,1
1771685626620000,1771685626464000,0,1771685626468000,0,-573.5379,12.354284,-0.0029296875,0.0046169586,12.367175,2.7760805e-08,1.0287965e-06,0,0,0,1
1771685626668000,1771685626516000,0,1771685626516000,0,-573.5567,12.354216,0.016479492,0.0057344437,12.367079,8.783761e-07,1.0146265e-06,0,0,0,1
1771685626724000,1771685626568000,0,1771685626572000,0,-573.5894,12.354284,0.049804688,0.009885989,12.367177,8.022872e-06,1.6748236e-06,0,0,0,1
1771685626772000,1771685626620000,0,1771685626620000,0,-573.56555,12.354216,0.026733398,0.011473064,12.367081,2.3115388e-06,1.734804e-06,0,0,0,1
1771685626828000,1771685626672000,0,1771685626676000,0,-573.58405,12.354284,0.046081543,0.014733284,12.367178,6.8682075e-06,2.2183854e-06,0,0,0,1
1771685626876000,1771685626724000,0,1771685626724000,0,-573.471,12.354216,-0.06640625,0.007089704,12.367082,1.4262993e-05,6.657915e-07,0,0,0,1
1771685626932000,1771685626776000,0,1771685626780000,0,-573.48096,12.354284,-0.055847168,0.0011608675,12.367179,1.0087689e-05,-3.4721756e-07,0,0,0,1
1771685626980000,1771685626828000,0,1771685626828000,0,-573.5613,12.354216,0.025146484,0.0034203823,12.367083,2.0452542e-06,-1.2183978e-07,0,0,0,1
1771685627036000,1771685626880000,0,1771685626884000,0,-573.54224,12.354284,0.0067749023,0.003736388,12.367181,1.4845517e-07,-9.637721e-08,0,0,0,1
1771685627084000,1771685626932000,0,1771685626932000,0,-573.5422,12.354216,0.007507324,0.004091621,12.3670845,1.8229007e-07,-7.012594e-08,0,0,0,1
1771685627140000,1771685626984000,0,1771685626988000,0,-573.57965,12.354284,0.04559326,0.008001196,12.367182,6.7234255e-06,5.6984635e-07,0,0,0,1
1771685627188000,1771685627036000,0,1771685627036000,0,-573.5042,12.354216,-0.02911377,0.0045048585,12.367085,2.741508e-06,2.5790715e-07,0,0,0,1
1771685627244000,1771685627088000,0,1771685627092000,0,-573.5326,12.354284,-6.1035156e-05,0.004074738,12.367183,1.2048954e-11,2.3361041e-07,0,0,0,1
1771685627292000,1771685627140000,0,1771685627140000,0,-573.5795,12.354216,0.047180176,0.008135395,12.367086,7.1996556e-06,8.898321e-07,0,0,0,1
1771685627348000,1771685627192000,0,1771685627196000,0,-573.55096,12.354284,0.019042969,0.0091629205,12.367184,1.1728932e-06,9.164973e-07,0,0,0,1
1771685627396000,1771685627244000,0,1771685627244000,0,-573.51324,12.354216,-0.018005371,0.0066035884,12.367087,1.0485683e-06,7.3138244e-07,0,0,0,1
1771685627452000,1771685627296000,0,1771685627300000,0,-573.51807,12.354284,-0.012268066,0.004825824,12.367185,4.867897e-07,6.1662706e-07,0,0,0,1
1771685627500000,1771685627348000,0,1771685627348000,0,-573.50415,12.354216,-0.025268555,0.0019908461,12.367088,2.0651582e-06,3.639951e-07,0,0,0,1
1771685627556000,1771685627400000,0,1771685627404000,0,-573.5982,12.354284,0.06958008,0.008357948,12.367186,1.5658818e-05,1.804812e-06,0,0,0,1
1771685627604000,1771685627452000,0,1771685627452000,0,-573.4897,12.354216,-0.03869629,0.0039253016,12.367089,4.8431857e-06,1.1785512e-06,0,0,0,1
1771685627660000,1771685627504000,0,1771685627508000,0,-573.5041,12.354284,-0.024169922,0.00127865,12.367187,1.8894682e-06,8.895348e-07,0,0,0,1
1771685627708000,1771685627556000,0,1771685627556000,0,-573.5419,12.354216,0.013244629,0.00240588,12.367089,5.6737747e-07,8.591867e-07,0,0,0,1
1771685627764000,1771685627608000,0,1771685627612000,0,-573.5042,12.354284,-0.02508545,-0.00018388312,12.3671875,2.0353204e-06,5.8651574e-07,0,0,0,1
1771685627812000,1771685627660000,0,1771685627660000,0,-573.4997,12.354216,-0.030334473,-0.0030241562,12.36709,2.9762223e-06,2.5089545e-07,0,0,0,1
1771685627868000,1771685627712000,0,1771685627716000,0,-573.575,12.354284,0.043823242,0.0013890048,12.3671875,6.2115223e-06,8.1240387e-07,0,0,0,1
1771685627916000,1771685627764000,0,1771685627764000,0,-573.5183,12.354216,-0.01361084,-2.4024164e-05,12.367091,5.991869e-07,6.794279e-07,0,0,0,1
1771685627972000,1771685627816000,0,1771685627820000,0,-573.57477,12.354284,0.041809082,0.003916776,12.367188,5.6536674e-06,1.1480157e-06,0,0,0,1
1771685628020000,1771685627868000,0,1771685627868000,0,-573.4993,12.354216,-0.034423828,0.00030497927,12.367092,3.832752e-06,6.788129e-07,0,0,0,1
1771685628076000,1771685627920000,0,1771685627924000,0,-573.5325,12.354284,-0.001159668,0.00016700524,12.367189,4.34967e-09,6.14457e-07,0,0,0,1
1771685628124000,1771685627972000,0,1771685627972000,0,-573.5466,12.354216,0.0134887695,0.0014219541,12.367093,5.884872e-07,6.120106e-07,0,0,0,1
1771685628180000,1771685628024000,0,1771685628028000,0,-573.53705,12.354284,0.004333496,0.0016962299,12.36719,6.073874e-08,5.600792e-07,0,0,0,1
1771685628228000,1771685628076000,0,1771685628076000,0,-573.54645,12.354216,0.0138549805,0.0028416195,12.367094,6.20875e-07,5.658063e-07,0,0,0,1
1771685628284000,1771685628128000,0,1771685628132000,0,-573.5087,12.354284,-0.023864746,0.00032580225,12.367191,1.8420549e-06,3.389788e-07,0,0,0,1
1771685628332000,1771685628180000,0,1771685628180000,0,-573.5465,12.354216,0.013977051,0.0016117895,12.367094,6.318637e-07,3.665694e-07,0,0,0,1
1771685628388000,1771685628232000,0,1771685628236000,0,-573.5088,12.354284,-0.023864746,-0.00078817434,12.367192,1.8420546e-06,1.585106e-07,0,0,0,1
1771685628436000,1771685628284000,0,1771685628284000,0,-573.54663,12.354216,0.01373291,0.000579754,12.367095,6.0998264e-07,2.0104058e-07,0,0,0,1
1771685628492000,1771685628336000,0,1771685628340000,0,-573.5324,12.354284,-0.0010375977,0.00042739479,12.367193,3.4821446e-09,1.8177394e-07,0,0,0,1
1771685628540000,1771685628388000,0,1771685628388000,0,-573.5277,12.354216,-0.007019043,-0.00027408128,12.367096,1.5934853e-07,1.4963922e-07,0,0,0,1
1771685628596000,1771685628440000,0,1771685628444000,0,-573.5466,12.354284,0.00982666,0.000677438,12.367194,3.1232065e-07,1.6496429e-07,0,0,0,1
1771685628644000,1771685628492000,0,1771685628492000,0,-573.54645,12.354216,0.0079956055,0.0013668307,12.367097,2.0677352e-07,1.6890284e-07,0,0,0,1
1771685628700000,1771685628544000,0,1771685628548000,0,-573.5323,12.354284,-0.008422852,0.00044461415,12.367195,2.2946006e-07,1.313759e-07,0,0,0,1
1771685628748000,1771685628596000,0,1771685628596000,0,-573.5042,12.354216,-0.038208008,-0.0031965752,12.367098,4.721728e-06,-3.258006e-07,0,0,0,1
1771685628804000,1771685628648000,0,1771685628652000,0,-573.5139,12.354284,-0.030273438,-0.005747294,12.367196,2.9642322e-06,-5.743485e-07,0,0,0,1
1771685628852000,1771685628700000,0,1771685628700000,0,-573.5048,12.354216,-0.04071045,-0.009040925,12.3671,5.360483e-06,-1.0252163e-06,0,0,0,1
1771685628908000,1771685628752000,0,1771685628756000,0,-573.5615,12.354284,0.014770508,-0.0067978185,12.367197,7.056341e-07,-8.6216517e-07,0,0,0,1
1771685628956000,1771685628804000,0,1771685628804000,0,-573.50037,12.354216,-0.046875,-0.010573206,12.367101,7.1068093e-06,-1.4504287e-06,0,0,0,1
1771685629012000,1771685628856000,0,1771685628860000,0,-573.53357,12.354284,-0.014099121,-0.010905357,12.367199,6.429434e-07,-1.3743613e-06,0,0,0,1
1771685629060000,1771685628908000,0,1771685628908000,0,-573.5337,12.354216,-0.013977051,-0.01119472,12.367103,6.318633e-07,-1.3044158e-06,0,0,0,1
1771685629116000,1771685628960000,0,1771685628964000,0,-573.5573,12.354284,0.009643555,-0.009231694,12.367201,3.0078965e-07,-1.1532009e-06,0,0,0,1
1771685629164000,1771685629012000,0,1771685629012000,0,-573.54785,12.354216,0.00024414062,-0.008339043,12.367105,1.9278448e-10,-1.0445478e-06,0,0,0,1
1771685629220000,1771685629064000,0,1771685629068000,0,-573.5948,12.354284,0.04736328,-0.0030917218,12.367203,7.2555795e-06,-2.6265178e-07,0,0,0,1
1771685629268000,1771685629116000,0,1771685629116000,0,-573.5427,12.354216,-0.0048828125,-0.0032604476,12.367106,7.7113775e-08,-2.4517357e-07,0,0,0,1
1771685629324000,1771685629168000,0,1771685629172000,0,-573.5944,12.354284,0.046875,0.0014624572,12.367205,7.1067493e-06,4.4739892e-07,0,0,0,1
1771685629372000,1771685629220000,0,1771685629220000,0,-573.53296,12.354216,-0.014526367,-4.3736538e-05,12.367108,6.8250506e-07,3.4095868e-07,0,0,0,1
1771685629428000,1771685629272000,0,1771685629276000,0,-573.5613,12.354284,0.014038086,0.0012828121,12.367207,6.373884e-07,3.688832e-07,0,0,0,1
1771685629476000,1771685629324000,0,1771685629324000,0,-573.5987,12.354216,0.05206299,0.0060664522,12.367111,8.766978e-06,1.1600082e-06,0,0,0,1
1771685629532000,1771685629376000,0,1771685629380000,0,-573.52783,12.354284,-0.018127441,0.003787317,12.367209,1.0628239e-06,9.5061097e-07,0,0,0,1
1771685629580000,1771685629428000,0,1771685629428000,0,-573.5374,12.354216,-0.007873535,0.0026888307,12.367113,2.0050777e-07,8.4217226e-07,0,0,0,1
1771685629636000,1771685629480000,0,1771685629484000,0,-573.5328,12.354284,-0.01171875,0.0013315948,12.367212,4.4417158e-07,7.2099493e-07,0,0,0,1
1771685629684000,1771685629532000,0,1771685629532000,0,-573.5845,12.354217,0.04095459,0.005064196,12.367117,5.4249617e-06,1.1641223e-06,0,0,0,1
1771685629740000,1771685629584000,0,1771685629588000,0,-573.61707,12.354284,0.07476807,0.011630503,12.367215,1.8080913e-05,2.757733e-06,0,0,0,1
1771685629788000,1771685629636000,0,1771685629636000,0,-573.53656,12.354217,-0.004760742,0.0100864,12.367121,7.3306204e-08,2.491041e-06,0,0,0,1
1771685629844000,1771685629688000,0,1771685629692000,0,-573.5178,12.354284,-0.021911621,0.007072094,12.367218,1.5528768e-06,2.1100923e-06,0,0,0,1
1771685629892000,1771685629740000,0,1771685629740000,0,-573.5321,12.354217,-0.00579834,0.005859662,12.367124,1.0874232e-07,1.9010716e-06,0,0,0,1
1771685629948000,1771685629792000,0,1771685629796000,0,-573.51337,12.354284,-0.022216797,0.003214778,12.367222,1.5964331e-06,1.5715966e-06,0,0,0,1
1771685629996000,1771685629844000,0,1771685629844000,0,-573.4807,12.354217,-0.052978516,-0.0020787935,12.367126,9.078012e-06,5.6837246e-07,0,0,0,1
1771685630052000,1771685629896000,0,1771685629900000,0,-573.49524,12.354284,-0.036376953,-0.0053097797,12.367225,4.279967e-06,1.11644795e-07,0,0,0,1
1771685630100000,1771685629948000,0,1771685629948000,0,-573.5143,12.354217,-0.015258789,-0.0062470054,12.367129,7.5306286e-07,3.018682e-08,0,0,0,1
1771685630156000,1771685630000000,0,1771685630004000,0,-573.5191,12.354284,-0.008361816,-0.006446227,12.367228,2.2614599e-07,6.0395227e-09,0,0,0,1
1771685630204000,1771685630052000,0,1771685630052000,0,-573.599,12.354217,0.07373047,0.0011066506,12.367132,1.7582675e-05,1.6618097e-06,0,0,0,1
1771685630260000,1771685630104000,0,1771685630108000,0,-573.52325,12.354284,0.0004272461,0.0010426487,12.36723,5.9039645e-10,1.5053181e-06,0,0,0,1
1771685630308000,1771685630156000,0,1771685630156000,0,-573.4763,12.354217,-0.044677734,-0.0032643443,12.367135,6.4561436e-06,7.5532523e-07,0,0,0,1
1771685630364000,1771685630208000,0,1771685630212000,0,-573.5095,12.354284,-0.009094238,-0.0038135373,12.367232,2.6749774e-07,6.5897234e-07,0,0,0,1
1771685630412000,1771685630260000,0,1771685630260000,0,-573.56604,12.354217,0.049072266,0.0011684592,12.367136,7.788666e-06,1.3306102e-06,0,0,0,1
1771685630468000,1771685630312000,0,1771685630316000,0,-573.5562,12.354284,0.04071045,0.0048934296,12.367233,5.360425e-06,1.7102304e-06,0,0,0,1
1771685630516000,1771685630364000,0,1771685630364000,0,-573.54175,12.354217,0.02758789,0.007031314,12.367138,2.4616584e-06,1.7810171e-06,0,0,0,1
1771685630572000,1771685630416000,0,1771685630420000,0,-573.50397,12.354284,-0.008728027,0.0055467384,12.367234,2.4638803e-07,1.5900297e-06,0,0,0,1
1771685630620000,1771685630468000,0,1771685630468000,0,-573.4994,12.354217,-0.012268066,0.0038685321,12.367139,4.867915e-07,1.3943871e-06,0,0,0,1
1771685630676000,1771685630520000,0,1771685630524000,0,-573.48535,12.354284,-0.025634766,0.0010892358,12.367235,2.1254264e-06,1.0628105e-06,0,0,0,1
1771685630724000,1771685630572000,0,1771685630572000,0,-573.5044,12.354217,-0.0053100586,0.00048640365,12.367139,9.119886e-08,9.540995e-07,0,0,0,1
1771685630780000,1771685630624000,0,1771685630628000,0,-573.47156,12.354284,-0.036987305,-0.0030437284,12.367234,4.4247913e-06,4.4739238e-07,0,0,0,1
1771685630828000,1771685630676000,0,1771685630676000,0,-573.5188,12.354217,0.01159668,-0.0016645595,12.367138,4.3496883e-07,4.4622203e-07,0,0,0,1
1771685630884000,1771685630728000,0,1771685630732000,0,-573.5516,12.354284,0.04498291,0.002729768,12.367234,6.544591e-06,1.0207061e-06,0,0,0,1
1771685630932000,1771685630780000,0,1771685630780000,0,-573.4761,12.354217,-0.030151367,-0.0003677304,12.367137,2.9403893e-06,6.4755943e-07,0,0,0,1
1771685630988000,1771685630832000,0,1771685630836000,0,-573.5045,12.354284,-0.0014648438,-0.00047108164,12.367232,6.9401693e-09,5.8590365e-07,0,0,0,1
1771685631036000,1771685630884000,0,1771685630884000,0,-573.52325,12.354217,0.01751709,0.0012234563,12.367135,9.924642e-07,6.242028e-07,0,0,0,1
1771685631092000,1771685630936000,0,1771685630940000,0,-573.556,12.354284,0.050598145,0.0058746953,12.367231,8.280503e-06,1.3454485e-06,0,0,0,1
1771685631140000,1771685630988000,0,1771685630988000,0,-573.4664,12.354217,-0.03881836,0.0016644797,12.367134,4.873773e-06,7.595798e-07,0,0,0,1
1771685631196000,1771685631040000,0,1771685631044000,0,-573.57935,12.354284,0.07421875,0.008499302,12.3672285,1.7816192e-05,2.3663622e-06,0,0,0,1
1771685631244000,1771685631092000,0,1771685631092000,0,-573.49896,12.354217,-0.006164551,0.0071179243,12.367131,1.2291189e-07,2.1318654e-06,0,0,0,1
1771685631300000,1771685631144000,0,1771685631148000,0,-573.52246,12.354284,0.016967773,0.008045808,12.367227,9.31188e-07,2.018758e-06,0,0,0,1
1771685631348000,1771685631196000,0,1771685631196000,0,-573.50354,12.354217,-0.0022583008,0.0070751314,12.367129,1.649509e-08,1.8270314e-06,0,0,0,1
1771685631404000,1771685631248000,0,1771685631252000,0,-573.4707,12.354284,-0.03564453,0.0030508153,12.367225,4.109354e-06,1.2678066e-06,0,0,0,1
1771685631452000,1771685631300000,0,1771685631300000,0,-573.51324,12.354217,0.0064086914,0.003367137,12.367126,1.3284031e-07,1.1608895e-06,0,0,0,1
1771685631508000,1771685631352000,0,1771685631356000,0,-573.5132,12.354284,0.00579834,0.0035961634,12.367222,1.0874147e-07,1.0617741e-06,0,0,0,1
1771685631556000,1771685631404000,0,1771685631404000,0,-573.4991,12.354217,-0.0087890625,0.0024294392,12.367125,2.4984828e-07,9.3821546e-07,0,0,0,1
1771685631612000,1771685631456000,0,1771685631460000,0,-573.45685,12.354284,-0.052124023,-0.0027096556,12.367219,8.787469e-06,2.2027734e-08,0,0,0,1
1771685631660000,1771685631508000,0,1771685631508000,0,-573.5183,12.354217,0.008605957,-0.001643692,12.367122,2.3954644e-07,4.251863e-08,0,0,0,1
1771685631716000,1771685631560000,0,1771685631564000,0,-573.476,12.354284,-0.03479004,-0.004766174,12.367216,3.914695e-06,-3.3026237e-07,0,0,0,1
1771685631764000,1771685631612000,0,1771685631612000,0,-573.54675,12.354217,0.03515625,-0.0010053657,12.367119,3.9975744e-06,7.7432446e-08,0,0,0,1
1771685631820000,1771685631664000,0,1771685631668000,0,-573.54175,12.354284,0.028686523,0.0017916965,12.367214,2.6616071e-06,3.208692e-07,0,0,0,1
1771685631868000,1771685631716000,0,1771685631716000,0,-573.565,12.354217,0.05053711,0.006383656,12.367116,8.260615e-06,1.0688163e-06,0,0,0,1
1771685631924000,1771685631768000,0,1771685631772000,0,-573.5505,12.354284,0.03479004,0.00905962,12.367211,3.9146958e-06,1.3369065e-06,0,0,0,1
1771685631972000,1771685631820000,0,1771685631820000,0,-573.5079,12.354217,-0.008728027,0.007383972,12.367114,2.463904e-07,1.1877553e-06,0,0,0,1
1771685632028000,1771685631872000,0,1771685631876000,0,-573.48456,12.354284,-0.03314209,0.003566299,12.3672085,3.5526145e-06,7.411986e-07,0,0,0,1
1771685632076000,1771685631924000,0,1771685631924000,0,-573.50824,12.354217,-0.010314941,0.0022586458,12.367111,3.4413213e-07,6.389573e-07,0,0,0,1
1771685632132000,1771685631976000,0,1771685631980000,0,-573.54126,12.354284,0.02130127,0.0040525165,12.367207,1.4675717e-06,7.170152e-07,0,0,0,1
1771685632180000,1771685632028000,0,1771685632028000,0,-573.5176,12.354217,-0.003540039,0.0033372757,12.367109,4.053292e-08,6.45652e-07,0,0,0,1
1771685632236000,1771685632080000,0,1771685632084000,0,-573.5458,12.354284,0.023254395,0.005213526,12.367204,1.7490353e-06,7.4959394e-07,0,0,0,1
1771685632284000,1771685632132000,0,1771685632132000,0,-573.5315,12.354217,0.007751465,0.0054526073,12.367106,1.9433877e-07,6.972873e-07,0,0,0,1
1771685632340000,1771685632184000,0,1771685632188000,0,-573.4986,12.354284,-0.026306152,0.00246084,12.367202,2.2382221e-06,4.207538e-07,0,0,0,1
1771685632388000,1771685632236000,0,1771685632236000,0,-573.48944,12.354217,-0.036193848,-0.001180544,12.367105,4.2370293e-06,-1.8022888e-08,0,0,0,1
1771685632444000,1771685632288000,0,1771685632292000,0,-573.4428,12.354284,-0.083740234,-0.008957907,12.367199,2.2680728e-05,-2.1529154e-06,0,0,0,1
1771685632492000,1771685632340000,0,1771685632340000,0,-573.54675,12.354217,0.01965332,-0.006262646,12.367103,1.2492918e-06,-1.8324176e-06,0,0,0,1
1771685632548000,1771685632392000,0,1771685632396000,0,-573.5747,12.354284,0.046813965,-0.001262675,12.367197,7.0882584e-06,-9.920641e-07,0,0,0,1
1771685632596000,1771685632444000,0,1771685632444000,0,-573.48987,12.354217,-0.039245605,-0.0048407773,12.367101,4.981661e-06,-1.3678957e-06,0,0,0,1
1771685632652000,1771685632496000,0,1771685632500000,0,-573.5418,12.354284,0.01184082,-0.0032693222,12.367195,4.5347397e-07,-1.1963174e-06,0,0,0,1
1771685632700000,1771685632548000,0,1771685632548000,0,-573.53705,12.354217,0.006713867,-0.0023288769,12.367099,1.4579334e-07,-1.0698866e-06,0,0,0,1
1771685632756000,1771685632600000,0,1771685632604000,0,-573.5511,12.354284,0.020141602,-0.00021209265,12.367193,1.3121299e-06,-8.454937e-07,0,0,0,1
1771685632804000,1771685632652000,0,1771685632652000,0,-573.5227,12.354217,-0.008972168,-0.0010373171,12.367097,2.6036764e-07,-7.903731e-07,0,0,0,1
1771685632860000,1771685632704000,0,1771685632708000,0,-573.54626,12.354284,0.013427734,0.00032533286,12.367192,5.831689e-07,-6.6098147e-07,0,0,0,1
1771685632908000,1771685632756000,0,1771685632756000,0,-573.579,12.354217,0.04534912,0.0045667044,12.367095,6.65166e-06,2.7890621e-08,0,0,0,1
1771685632964000,1771685632808000,0,1771685632812000,0,-573.5505,12.354284,0.016357422,0.0056774244,12.36719,8.6540354e-07,1.0678677e-07,0,0,0,1
1771685633012000,1771685632860000,0,1771685632860000,0,-573.51746,12.354217,-0.017089844,0.0035326816,12.367094,9.446448e-07,7.738862e-09,0,0,0,1
1771685633068000,1771685632912000,0,1771685632916000,0,-573.5974,12.354284,0.062072754,0.009047327,12.367188,1.2462095e-05,1.1809753e-06,0,0,0,1
1771685633116000,1771685632964000,0,1771685632964000,0,-573.49365,12.354217,-0.042297363,0.0042105075,12.367092,5.7865404e-06,5.2461513e-07,0,0,0,1
1771685633172000,1771685633016000,0,1771685633020000,0,-573.48456,12.354284,-0.051818848,-0.0010676207,12.3671875,8.684895e-06,-3.4294743e-07,0,0,0,1
1771685633220000,1771685633068000,0,1771685633068000,0,-573.5742,12.354217,0.037597656,0.0025747607,12.367091,4.5720817e-06,1.200626e-07,0,0,0,1
1771685633276000,1771685633120000,0,1771685633124000,0,-573.5457,12.354284,0.008666992,0.0031486666,12.367187,2.4295502e-07,1.3163942e-07,0,0,0,1
1771685633324000,1771685633172000,0,1771685633172000,0,-573.53156,12.354217,-0.0056152344,0.0023230817,12.367089,1.0198311e-07,1.096315e-07,0,0,0,1
1771685633380000,1771685633224000,0,1771685633228000,0,-573.5504,12.354284,0.013061523,0.003334674,12.367185,5.517938e-07,1.5128447e-07,0,0,0,1
1771685633428000,1771685633276000,0,1771685633276000,0,-573.5127,12.354217,-0.025024414,0.00066316547,12.367088,2.0254445e-06,-5.3769725e-08,0,0,0,1
1771685633484000,1771685633328000,0,1771685633332000,0,-573.53644,12.354284,-0.0013427734,0.00047420018,12.367184,5.831693e-09,-4.9253824e-08,0,0,0,1
1771685633532000,1771685633380000,0,1771685633380000,0,-573.54114,12.354217,0.0032348633,0.00073426263,12.367087,3.3845772e-08,-4.14256e-08,0,0,0,1
1771685633588000,1771685633432000,0,1771685633436000,0,-573.5552,12.354284,0.016906738,0.002257757,12.367183,9.2450415e-07,4.9567788e-08,0,0,0,1
1771685633636000,1771685633484000,0,1771685633484000,0,-573.53156,12.354217,-0.006958008,0.001389605,12.367086,1.5658942e-07,3.0147177e-08,0,0,0,1
1771685633692000,1771685633536000,0,1771685633540000,0,-573.57385,12.354284,0.035217285,0.004576271,12.367182,4.0114464e-06,4.0519717e-07,0,0,0,1
1771685633740000,1771685633588000,0,1771685633588000,0,-573.5125,12.354217,-0.025878906,0.0017073047,12.367085,2.16613e-06,1.6297068e-07,0,0,0,1
1771685633796000,1771685633640000,0,1771685633644000,0,-573.53625,12.354284,-0.0020751953,0.0013509822,12.367181,1.3928592e-08,1.4630625e-07,0,0,0,1
1771685633844000,1771685633692000,0,1771685633692000,0,-573.51276,12.354217,-0.025634766,-0.0011911535,12.3670845,2.1254523e-06,-6.7700014e-08,0,0,0,1
1771685633900000,1771685633744000,0,1771685633748000,0,-573.513,12.354284,-0.02545166,-0.0034765638,12.36718,2.095181e-06,-2.586946e-07,0,0,0,1
1771685633948000,1771685633796000,0,1771685633796000,0,-573.5179,12.354217,-0.020263672,-0.005057958,12.367084,1.3280945e-06,-3.5943518e-07,0,0,0,1
1771685634004000,1771685633848000,0,1771685633852000,0,-573.5697,12.354284,0.031677246,-0.0015973952,12.367179,3.245519e-06,-1.9838012e-08,0,0,0,1
1771685634052000,1771685633900000,0,1771685633900000,0,-573.5178,12.354217,-0.020141602,-0.0033443132,12.367083,1.3121416e-06,-1.4157678e-07,0,0,0,1
1771685634108000,1771685633952000,0,1771685633956000,0,-573.56024,12.354284,0.022338867,-0.0009248832,12.367178,1.6140303e-06,2.3806521e-08,0,0,0,1
1771685634156000,1771685634004000,0,1771685634004000,0,-573.51776,12.354217,-0.020019531,-0.0027236545,12.367082,1.2962853e-06,-1.00549954e-07,0,0,0,1
1771685634212000,1771685634056000,0,1771685634060000,0,-573.53204,12.354284,-0.0057373047,-0.003007549,12.367177,1.0646461e-07,-1.0110713e-07,0,0,0,1
1771685634260000,1771685634108000,0,1771685634108000,0,-573.59784,12.354217,0.06011963,0.0029392142,12.367081,1.1690293e-05,1.0096769e-06,0,0,0,1
1771685634316000,1771685634160000,0,1771685634164000,0,-573.54565,12.354284,0.0079956055,0.003415541,12.367176,2.067722e-07,9.3404094e-07,0,0,0,1
1771685634364000,1771685634212000,0,1771685634212000,0,-573.5409,12.354217,0.0033569336,0.0034100201,12.36708,3.6448387e-08,8.494851e-07,0,0,0,1
1771685634420000,1771685634264000,0,1771685634268000,0,-573.508,12.354284,-0.029418945,0.0003174364,12.367176,2.7992626e-06,5.057625e-07,0,0,0,1
1771685634468000,1771685634316000,0,1771685634316000,0,-573.5693,12.354217,0.032470703,0.0033463677,12.36708,3.4101713e-06,7.7936625e-07,0,0,0,1
1771685634524000,1771685634368000,0,1771685634372000,0,-573.54553,12.354284,0.009094238,0.0038878338,12.367175,2.67499e-07,7.311469e-07,0,0,0,1
1771685634572000,1771685634420000,0,1771685634420000,0,-573.5455,12.354217,0.009155273,0.0043840418,12.367079,2.7110374e-07,6.8780946e-07,0,0,0,1
1771685634628000,1771685634472000,0,1771685634476000,0,-573.60175,12.354284,0.06542969,0.010134719,12.367174,1.3846475e-05,1.927394e-06,0,0,0,1
1771685634676000,1771685634524000,0,1771685634524000,0,-573.56366,12.354217,0.02734375,0.01175586,12.367078,2.4182937e-06,1.973638e-06,0,0,0,1
1771685634732000,1771685634576000,0,1771685634580000,0,-573.59155,12.354284,0.055358887,0.015863393,12.367174,9.912067e-06,2.7214612e-06,0,0,0,1
1771685634780000,1771685634628000,0,1771685634628000,0,-573.4972,12.354217,-0.03894043,0.010700714,12.367078,4.904496e-06,2.0030739e-06,0,0,0,1
1771685634836000,1771685634680000,0,1771685634684000,0,-573.5351,12.354284,-0.0007324219,0.009623679,12.367173,1.7350508e-09,1.814215e-06,0,0,0,1
1771685634884000,1771685634732000,0,1771685634732000,0,-573.521,12.354217,-0.014404297,0.0073601743,12.367077,6.710843e-07,1.5800925e-06,0,0,0,1
1771685634940000,1771685634784000,0,1771685634788000,0,-573.57275,12.354284,0.03765869,0.010214383,12.367172,4.586908e-06,1.8633433e-06,0,0,0,1
1771685634988000,1771685634836000,0,1771685634836000,0,-573.488,12.354216,-0.046875,0.0048363972,12.367075,7.106824e-06,1.0183276e-06,0,0,0,1
1771685635044000,1771685634888000,0,1771685634892000,0,-573.5494,12.354284,0.014831543,0.005777969,12.367172,7.1147923e-07,9.894216e-07,0,0,0,1
1771685635092000,1771685634940000,0,1771685634940000,0,-573.51636,12.354216,-0.01776123,0.003560508,12.367075,1.0203263e-06,8.000975e-07,0,0,0,1
1771685635148000,1771685634992000,0,1771685634996000,0,-573.55414,12.354284,0.020263672,0.0051339944,12.367171,1.3280851e-06,8.498355e-07,0,0,0,1
1771685635196000,1771685635044000,0,1771685635044000,0,-573.55396,12.354216,0.020446777,0.006576503,12.367074,1.3522057e-06,8.9716025e-07,0,0,0,1
1771685635252000,1771685635096000,0,1771685635100000,0,-573.5115,12.354284,-0.021728516,0.003910088,12.367171,1.5270375e-06,6.687938e-07,0,0,0,1
1771685635300000,1771685635148000,0,1771685635148000,0,-573.4788,12.354216,-0.05444336,-0.0015869765,12.367074,9.587003e-06,-2.9733206e-07,0,0,0,1
1771685635356000,1771685635200000,0,1771685635204000,0,-573.5685,12.354284,0.034973145,0.0018570933,12.36717,3.956025e-06,1.0334654e-07,0,0,0,1
1771685635404000,1771685635252000,0,1771685635252000,0,-573.52124,12.354216,-0.012329102,0.00052071246,12.367073,4.9164987e-07,4.7296144e-08,0,0,0,1
1771685635460000,1771685635304000,0,1771685635308000,0,-573.526,12.354284,-0.0076293945,-0.0002470513,12.36717,1.8826509e-07,2.5105592e-08,0,0,0,1
1771685635508000,1771685635356000,0,1771685635356000,0,-573.51196,12.354216,-0.021484375,-0.0022476688,12.367073,1.4929268e-06,-1.1789747e-07,0,0,0,1
1771685635564000,1771685635408000,0,1771685635412000,0,-573.53094,12.354284,-0.0025634766,-0.0022774187,12.367169,2.1254378e-08,-1.08793415e-07,0,0,0,1
1771685635612000,1771685635460000,0,1771685635460000,0,-573.5357,12.354216,0.0024414062,-0.0018328917,12.367073,1.9278497e-08,-9.672867e-08,0,0,0,1
1771685635668000,1771685635512000,0,1771685635516000,0,-573.53094,12.354284,-0.002380371,-0.0018844659,12.367169,1.8326478e-08,-8.9342954e-08,0,0,0,1
1771685635716000,1771685635564000,0,1771685635564000,0,-573.4747,12.354216,-0.05859375,-0.0072266455,12.367072,1.11044155e-05,-1.1269948e-06,0,0,0,1
1771685635772000,1771685635616000,0,1771685635620000,0,-573.555,12.354284,0.022216797,-0.0044529876,12.367169,1.5964399e-06,-8.704393e-07,0,0,0,1
1771685635820000,1771685635668000,0,1771685635668000,0,-573.5172,12.354216,-0.015258789,-0.0054709255,12.367072,7.530664e-07,-8.5938245e-07,0,0,0,1
1771685635876000,1771685635720000,0,1771685635724000,0,-573.51733,12.354284,-0.015136719,-0.006381471,12.367168,7.4105975e-07,-8.482361e-07,0,0,0,1
1771685635924000,1771685635772000,0,1771685635772000,0,-573.51746,12.354216,-0.015197754,-0.0072119907,12.367072,7.470539e-07,-8.387044e-07,0,0,0,1
1771685635980000,1771685635824000,0,1771685635828000,0,-573.5411,12.354284,0.008117676,-0.0057678916,12.367168,2.131342e-07,-7.3961814e-07,0,0,0,1
1771685636028000,1771685635876000,0,1771685635876000,0,-573.5175,12.354216,-0.015625,-0.00669646,12.367071,7.8964734e-07,-7.4433103e-07,0,0,0,1
1771685636084000,1771685635928000,0,1771685635932000,0,-573.51294,12.354284,-0.020202637,-0.007968781,12.367168,1.320097e-06,-7.985699e-07,0,0,0,1
1771685636132000,1771685635980000,0,1771685635980000,0,-573.4756,12.354216,-0.057434082,-0.012628555,12.367071,1.0669215e-05,-1.7284133e-06,0,0,0,1
1771685636188000,1771685636032000,0,1771685636036000,0,-573.5465,12.354284,0.014221191,-0.010099231,12.367168,6.5412644e-07,-1.5039711e-06,0,0,0,1
1771685636236000,1771685636084000,0,1771685636084000,0,-573.48535,12.354216,-0.04638672,-0.013517618,12.367071,6.959538e-06,-2.0179014e-06,0,0,0,1
1771685636292000,1771685636136000,0,1771685636140000,0,-573.52325,12.354284,-0.007873535,-0.012985929,12.367167,2.0050688e-07,-1.8466975e-06,0,0,0,1
1771685636340000,1771685636188000,0,1771685636188000,0,-573.57495,12.354216,0.044006348,-0.007617091,12.367071,6.2635963e-06,-1.0826843e-06,0,0,0,1
1771685636396000,1771685636240000,0,1771685636244000,0,-573.55585,12.354284,0.024963379,-0.004547916,12.367167,2.0155635e-06,-7.9082037e-07,0,0,0,1
1771685636444000,1771685636292000,0,1771685636292000,0,-573.54156,12.354216,0.010620117,-0.003119043,12.367071,3.6479742e-07,-6.8195783e-07,0,0,0,1
1771685636500000,1771685636344000,0,1771685636348000,0,-573.54614,12.354284,0.015136719,-0.0013992972,12.367167,7.4105975e-07,-5.479054e-07,0,0,0,1
1771685636548000,1771685636396000,0,1771685636396000,0,-573.4991,12.354216,-0.031982422,-0.004280316,12.36707,3.3083836e-06,-8.079505e-07,0,0,0,1
1771685636604000,1771685636448000,0,1771685636452000,0,-573.5322,12.354284,0.0015869141,-0.003727606,12.367167,8.145102e-09,-7.3107196e-07,0,0,0,1
1771685636652000,1771685636500000,0,1771685636500000,0,-573.55096,12.354216,0.020324707,-0.0014618083,12.36707,1.3361085e-06,-5.3633755e-07,0,0,0,1
1771685636708000,1771685636552000,0,1771685636556000,0,-573.4804,12.354284,-0.050354004,-0.0060675954,12.367167,8.200829e-06,-1.258355e-06,0,0,0,1
1771685636756000,1771685636604000,0,1771685636604000,0,-573.49963,12.354216,-0.030944824,-0.008411103,12.36707,3.0971996e-06,-1.4315796e-06,0,0,0,1
1771685636812000,1771685636656000,0,1771685636660000,0,-573.5327,12.354284,0.0022583008,-0.007406014,12.367167,1.6495036e-08,-1.2951667e-06,0,0,0,1
1771685636860000,1771685636708000,0,1771685636708000,0,-573.5046,12.354216,-0.025756836,-0.0091347145,12.36707,2.1457454e-06,-1.3752937e-06,0,0,0,1
1771685636916000,1771685636760000,0,1771685636764000,0,-573.49536,12.354284,-0.034362793,-0.011511273,12.3671665,3.8191497e-06,-1.605512e-06,0,0,0,1
1771685636964000,1771685636812000,0,1771685636812000,0,-573.46747,12.354216,-0.061828613,-0.016251313,12.36707,1.2364375e-05,-2.6190282e-06,0,0,0,1
1771685637020000,1771685636864000,0,1771685636868000,0,-573.45856,12.354284,-0.070373535,-0.021349784,12.3671665,1.6018008e-05,-3.881251e-06,0,0,0,1
1771685637068000,1771685636916000,0,1771685636916000,0,-573.5202,12.354216,-0.008544922,-0.02014353,12.36707,2.3616164e-07,-3.537873e-06,0,0,0,1
1771685637124000,1771685636968000,0,1771685636972000,0,-573.4498,12.354284,-0.07867432,-0.0256573,12.3671665,2.0019615e-05,-5.090501e-06,0,0,0,1
1771685637172000,1771685637020000,0,1771685637020000,0,-573.4834,12.354216,-0.044799805,-0.027460579,12.36707,6.4915052e-06,-5.2224796e-06,0,0,0,1
1771685637228000,1771685637072000,0,1771685637076000,0,-573.5213,12.354284,-0.006652832,-0.025500428,12.3671665,1.431538e-07,-4.7439926e-06,0,0,0,1
1771685637276000,1771685637124000,0,1771685637124000,0,-573.55896,12.354216,0.031066895,-0.020171622,12.36707,3.1216834e-06,-4.003023e-06,0,0,0,1
1771685637332000,1771685637176000,0,1771685637180000,0,-573.5305,12.354284,0.0026245117,-0.01802416,12.3671665,2.2278543e-08,-3.623828e-06,0,0,0,1
1771685637380000,1771685637228000,0,1771685637228000,0,-573.5352,12.354216,0.0071411133,-0.015653517,12.367069,1.6493965e-07,-3.266915e-06,0,0,0,1
1771685637436000,1771685637280000,0,1771685637284000,0,-573.507,12.354284,-0.021240234,-0.016179802,12.3671665,1.4591784e-06,-3.096621e-06,0,0,0,1
1771685637484000,1771685637332000,0,1771685637332000,0,-573.5823,12.354216,0.053771973,-0.0095901415,12.367069,9.352014e-06,-1.9239233e-06,0,0,0,1
1771685637540000,1771685637384000,0,1771685637388000,0,-573.53485,12.354284,0.0060424805,-0.008117503,12.3671665,1.1809195e-07,-1.7315595e-06,0,0,0,1
1771685637588000,1771685637436000,0,1771685637436000,0,-573.5442,12.354216,0.015319824,-0.0059096385,12.367069,7.591031e-07,-1.4969318e-06,0,0,0,1
1771685637644000,1771685637488000,0,1771685637492000,0,-573.50653,12.354284,-0.022094727,-0.0074343206,12.3671665,1.5789451e-06,-1.5046577e-06,0,0,0,1
1771685637692000,1771685637540000,0,1771685637540000,0,-573.4363,12.354216,-0.092163086,-0.015416016,12.367069,2.7473072e-05,-3.9509578e-06,0,0,0,1
1771685637748000,1771685637592000,0,1771685637596000,0,-573.54034,12.354284,0.012084961,-0.012825344,12.3671665,4.723678e-07,-3.5342675e-06,0,0,0,1
1771685637796000,1771685637644000,0,1771685637644000,0,-573.512,12.354216,-0.01586914,-0.013112078,12.367069,8.1451674e-07,-3.278059e-06,0,0,0,1
1771685637852000,1771685637696000,0,1771685637700000,0,-573.5122,12.354284,-0.015380859,-0.013325804,12.3671665,7.651577e-07,-3.0413364e-06,0,0,0,1
1771685637900000,1771685637748000,0,1771685637748000,0,-573.4983,12.354216,-0.028869629,-0.014790078,12.367069,2.6957252e-06,-3.0087788e-06,0,0,0,1
1771685637956000,1771685637800000,0,1771685637804000,0,-573.50793,12.354284,-0.018737793,-0.015161964,12.3671665,1.1356033e-06,-2.8323202e-06,0,0,0,1
1771685638004000,1771685637852000,0,1771685637852000,0,-573.49866,12.354216,-0.027648926,-0.016338272,12.367069,2.4725764e-06,-2.7984313e-06,0,0,0,1
1771685638060000,1771685637904000,0,1771685637908000,0,-573.56464,12.354284,0.038879395,-0.011136607,12.3671665,4.8890984e-06,-2.0742436e-06,0,0,0,1
1771685638108000,1771685637956000,0,1771685637956000,0,-573.5033,12.354216,-0.022216797,-0.012180394,12.367069,1.5964529e-06,-2.0292343e-06,0,0,0,1
1771685638164000,1771685638008000,0,1771685638012000,0,-573.4941,12.354284,-0.03137207,-0.013988305,12.3671665,3.1832894e-06,-2.1379497e-06,0,0,0,1
1771685638212000,1771685638060000,0,1771685638060000,0,-573.4567,12.354216,-0.06842041,-0.019115968,12.367069,1.5141349e-05,-3.3629076e-06,0,0,0,1
1771685638268000,1771685638112000,0,1771685638116000,0,-573.5231,12.354284,-0.0016479492,-0.017470429,12.3671665,8.783698e-09,-3.0469394e-06,0,0,0,1
1771685638316000,1771685638164000,0,1771685638164000,0,-573.48553,12.354216,-0.03881836,-0.019481465,12.367069,4.8737984e-06,-3.2190349e-06,0,0,0,1
1771685638372000,1771685638216000,0,1771685638220000,0,-573.50934,12.354284,-0.014221191,-0.018985933,12.3671665,6.541265e-07,-2.977413e-06,0,0,0,1
1771685638420000,1771685638268000,0,1771685638268000,0,-573.45306,12.354216,-0.06976318,-0.023769297,12.367069,1.5741489e-05,-4.179826e-06,0,0,0,1
1771685638476000,1771685638320000,0,1771685638324000,0,-573.5054,12.354284,-0.017089844,-0.023140073,12.3671665,9.4463917e-07,-3.8750622e-06,0,0,0,1
1771685638524000,1771685638372000,0,1771685638372000,0,-573.52893,12.354216,0.0071411133,-0.020287497,12.367069,1.6493965e-07,-3.4944824e-06,0,0,0,1
1771685638580000,1771685638424000,0,1771685638428000,0,-573.49603,12.354284,-0.025024414,-0.020733729,12.3671665,2.0254317e-06,-3.3560934e-06,0,0,0,1
1771685638628000,1771685638476000,0,1771685638476000,0,-573.4587,12.354216,-0.06188965,-0.024610735,12.367069,1.2388799e-05,-4.2070005e-06,0,0,0,1
1771685638684000,1771685638528000,0,1771685638532000,0,-573.5202,12.354284,-6.1035156e-05,-0.022298083,12.3671665,1.20489695e-11,-3.81069e-06,0,0,0,1
1771685638732000,1771685638580000,0,1771685638580000,0,-573.50146,12.354216,-0.018798828,-0.021968443,12.367069,1.1430225e-06,-3.559388e-06,0,0,0,1
1771685638788000,1771685638632000,0,1771685638636000,0,-573.49695,12.354284,-0.022949219,-0.022060836,12.3671665,1.703435e-06,-3.3845517e-06,0,0,0,1
1771685638836000,1771685638684000,0,1771685638684000,0,-573.53937,12.354216,0.019958496,-0.018102493,12.367069,1.2883944e-06,-2.9443468e-06,0,0,0,1
1771685638892000,1771685638736000,0,1771685638740000,0,-573.5533,12.354284,0.034057617,-0.013188859,12.3671665,3.7516152e-06,-2.3135676e-06,0,0,0,1
1771685638940000,1771685638788000,0,1771685638788000,0,-573.5671,12.354216,0.047607422,-0.007461673,12.367069,7.330651e-06,-1.4050543e-06,0,0,0,1
1771685638996000,1771685638840000,0,1771685638844000,0,-573.4963,12.354284,-0.0234375,-0.008966642,12.3671665,1.7766928e-06,-1.4400637e-06,0,0,0,1
1771685639044000,1771685638892000,0,1771685638892000,0,-573.5199,12.354216,-0.0,-0.008121959,12.367069,0.0,-1.3044055e-06,0,0,0,1
1771685639100000,1771685638944000,0,1771685638948000,0,-573.5293,12.354284,0.009216309,-0.0064886436,12.3671665,2.7472854e-07,-1.1556465e-06,0,0,0,1
1771685639148000,1771685638996000,0,1771685638996000,0,-573.4823,12.354216,-0.037719727,-0.009430703,12.367069,4.6018267e-06,-1.4802866e-06,0,0,0,1
1771685639204000,1771685639048000,0,1771685639052000,0,-573.5108,12.354284,-0.009399414,-0.009427755,12.3671665,2.8575334e-07,-1.3677582e-06,0,0,0,1
1771685639252000,1771685639100000,0,1771685639100000,0,-573.5578,12.354216,0.03765869,-0.004992075,12.367069,4.5869465e-06,-8.068077e-07,0,0,0,1
1771685639308000,1771685639152000,0,1771685639156000,0,-573.5622,12.354284,0.041625977,-0.00060051866,12.3671665,5.604265e-06,-2.0286603e-07,0,0,0,1
1771685639356000,1771685639204000,0,1771685639204000,0,-573.5102,12.354216,-0.010375977,-0.0015213953,12.367069,3.4821795e-07,-2.165586e-07,0,0,0,1
1771685639412000,1771685639256000,0,1771685639260000,0,-573.4868,12.354284,-0.033935547,-0.004574903,12.3671665,3.72477e-06,-5.470423e-07,0,0,0,1
1771685639460000,1771685639308000,0,1771685639308000,0,-573.51056,12.354216,-0.010314941,-0.005115631,12.367069,3.4413333e-07,-5.279277e-07,0,0,0,1
1771685639516000,1771685639360000,0,1771685639364000,0,-573.5482,12.354284,0.026855469,-0.0021038605,12.3671665,2.3326804e-06,-2.584501e-07,0,0,0,1
1771685639564000,1771685639412000,0,1771685639412000,0,-573.5386,12.354216,0.016845703,-0.00031875644,12.367069,9.1784955e-07,-1.4763924e-07,0,0,0,1
1771685639620000,1771685639464000,0,1771685639468000,0,-573.4915,12.354284,-0.030578613,-0.0031693229,12.3671665,3.0243034e-06,-4.1862936e-07,0,0,0,1
1771685639668000,1771685639516000,0,1771685639516000,0,-573.50586,12.354216,-0.016601562,-0.0044346787,12.367069,8.91438e-07,-4.631693e-07,0,0,0,1
1771685639724000,1771685639568000,0,1771685639572000,0,-573.506,12.354284,-0.016906738,-0.005609583,12.3671665,9.2450534e-07,-5.066285e-07,0,0,0,1
1771685639772000,1771685639620000,0,1771685639620000,0,-573.5249,12.354216,0.0015258789,-0.004937402,12.367069,7.530665e-09,-4.5819323e-07,0,0,0,1
1771685639828000,1771685639672000,0,1771685639676000,0,-573.52484,12.354284,0.00091552734,-0.004386039,12.3671665,2.711018e-09,-4.1477472e-07,0,0,0,1
1771685639876000,1771685639724000,0,1771685639724000,0,-573.52014,12.354216,-0.004333496,-0.0043810895,12.367069,6.073933e-08,-3.8142355e-07,0,0,0,1
1771685639932000,1771685639776000,0,1771685639780000,0,-573.51086,12.354284,-0.014160156,-0.005302306,12.3671665,6.485237e-07,-4.0658517e-07,0,0,0,1
1771685639980000,1771685639828000,0,1771685639828000,0,-573.464,12.354216,-0.061157227,-0.010564001,12.367069,1.2097309e-05,-1.5078854e-06,0,0,0,1
1771685640036000,1771685639880000,0,1771685639884000,0,-573.5443,12.354284,0.018920898,-0.007786438,12.3671665,1.1579059e-06,-1.2567601e-06,0,0,0,1
1771685640084000,1771685639932000,0,1771685639932000,0,-573.46906,12.354216,-0.05657959,-0.012382895,12.367069,1.0354111e-05,-2.113757e-06,0,0,0,1
1771685640140000,1771685639984000,0,1771685639988000,0,-573.5306,12.354284,0.0049438477,-0.010750665,12.3671665,7.905329e-08,-1.907188e-06,0,0,0,1
1771685640188000,1771685640036000,0,1771685640036000,0,-573.5305,12.354216,0.0045776367,-0.009306694,12.367069,6.7775986e-08,-1.7211406e-06,0,0,0,1
1771685640244000,1771685640088000,0,1771685640092000,0,-573.56805,12.354284,0.04156494,-0.0045144386,12.3671665,5.587842e-06,-1.0326132e-06,0,0,0,1
1771685640292000,1771685640140000,0,1771685640140000,0,-573.5395,12.354216,0.012512207,-0.002910479,12.367069,5.063619e-07,-8.8763727e-07,0,0,0,1
1771685640348000,1771685640192000,0,1771685640196000,0,-573.5535,12.354284,0.026062012,-0.00018118601,12.3671665,2.1968765e-06,-5.970671e-07,0,0,0,1
1771685640396000,1771685640244000,0,1771685640244000,0,-573.5392,12.354216,0.011291504,0.0008995747,12.367069,4.1237922e-07,-5.0197434e-07,0,0,0,1
1771685640452000,1771685640296000,0,1771685640300000,0,-573.511,12.354284,-0.017028809,-0.00078933116,12.3671665,9.379038e-07,-5.430402e-07,0,0,0,1
1771685640500000,1771685640348000,0,1771685640348000,0,-573.53455,12.354216,0.0064086914,-0.00011125649,12.367069,1.3284094e-07,-4.793702e-07,0,0,0,1
1771685640556000,1771685640400000,0,1771685640404000,0,-573.5204,12.354284,-0.008422852,-0.0008942329,12.3671665,2.2946057e-07,-4.55828e-07,0,0,0,1
1771685640604000,1771685640452000,0,1771685640452000,0,-573.4594,12.354216,-0.069885254,-0.007393387,12.367069,1.5796624e-05,-1.9009756e-06,0,0,0,1
1771685640660000,1771685640504000,0,1771685640508000,0,-573.5868,12.354284,0.057006836,-0.0013266988,12.3671665,1.051099e-05,-7.3173226e-07,0,0,0,1
1771685640708000,1771685640556000,0,1771685640556000,0,-573.6239,12.354216,0.09375,0.0076298025,12.367069,2.842731e-05,2.0151342e-06,0,0,0,1
1771685640764000,1771685640608000,0,1771685640612000,0,-573.49634,12.354284,-0.034301758,0.0036797277,12.3671665,3.8055946e-06,1.4668046e-06,0,0,0,1
1771685640812000,1771685640660000,0,1771685640660000,0,-573.5671,12.354216,0.036071777,0.006731153,12.367069,4.2085094e-06,1.7250811e-06,0,0,0,1
1771685640868000,1771685640712000,0,1771685640716000,0,-573.5527,12.354284,0.021240234,0.00809795,12.3671665,1.4591784e-06,1.7000323e-06,0,0,0,1
1771685640916000,1771685640764000,0,1771685640764000,0,-573.5525,12.354216,0.020935059,0.009307243,12.367069,1.4175604e-06,1.6734226e-06,0,0,0,1
1771685640972000,1771685640816000,0,1771685640820000,0,-573.5101,12.354284,-0.02166748,0.006389334,12.3671665,1.5184713e-06,1.372737e-06,0,0,0,1
1771685641020000,1771685640868000,0,1771685640868000,0,-573.5619,12.354216,0.029968262,0.008610537,12.367069,2.9048006e-06,1.5170618e-06,0,0,0,1
1771685641076000,1771685640920000,0,1771685640924000,0,-573.56165,12.354284,0.02960205,0.010587999,12.3671665,2.8342188e-06,1.6411418e-06,0,0,0,1
1771685641124000,1771685640972000,0,1771685640972000,0,-573.5473,12.354216,0.014892578,0.010993503,12.367069,7.173531e-07,1.5541182e-06,0,0,0,1
1771685641180000,1771685641024000,0,1771685641028000,0,-573.5566,12.354284,0.023864746,0.012206011,12.3671665,1.8420585e-06,1.5812429e-06,0,0,0,1
1771685641228000,1771685641076000,0,1771685641076000,0,-573.4953,12.354216,-0.03741455,0.0075316103,12.367069,4.5276647e-06,1.0057661e-06,0,0,0,1
1771685641284000,1771685641128000,0,1771685641132000,0,-573.49097,12.354284,-0.041931152,0.0028720745,12.3671665,5.6867398e-06,3.753126e-07,0,0,0,1
1771685641332000,1771685641180000,0,1771685641180000,0,-573.5382,12.354216,0.005065918,0.003078741,12.367069,8.300601e-08,3.4777648e-07,0,0,0,1
1771685641388000,1771685641232000,0,1771685641236000,0,-573.5241,12.354284,-0.009277344,0.001914762,12.3671665,2.783794e-07,2.8879077e-07,0,0,0,1
1771685641436000,1771685641284000,0,1771685641284000,0,-573.5289,12.354216,-0.0044555664,0.0013146584,12.367069,6.4209466e-08,2.5553712e-07,0,0,0,1
1771685641492000,1771685641336000,0,1771685641340000,0,-573.4679,12.354284,-0.06555176,-0.004984352,12.3671665,1.3898197e-05,-1.0777858e-06,0,0,0,1
1771685641540000,1771685641388000,0,1771685641388000,0,-573.5201,12.354216,-0.013061523,-0.0057452447,12.367069,5.5179896e-07,-1.0282363e-06,0,0,0,1
1771685641596000,1771685641440000,0,1771685641444000,0,-573.54364,12.354284,0.010437012,-0.0042208293,12.3671665,3.5232392e-07,-8.981835e-07,0,0,0,1
1771685641644000,1771685641492000,0,1771685641492000,0,-573.50134,12.354216,-0.03186035,-0.006824553,12.367069,3.2831772e-06,-1.1228568e-06,0,0,0,1
1771685641700000,1771685641544000,0,1771685641548000,0,-573.5579,12.354284,0.025024414,-0.0038242878,12.3671665,2.0254317e-06,-8.262789e-07,0,0,0,1
1771685641748000,1771685641596000,0,1771685641596000,0,-573.54834,12.354216,0.016052246,-0.0019518605,12.367069,8.334217e-07,-6.699303e-07,0,0,0,1
1771685641804000,1771685641648000,0,1771685641652000,0,-573.5388,12.354284,0.006958008,-0.0011125251,12.3671665,1.565884e-07,-5.920698e-07,0,0,0,1
1771685641852000,1771685641700000,0,1771685641700000,0,-573.52466,12.354216,-0.0068359375,-0.0016516872,12.367069,1.5114347e-07,-5.5053323e-07,0,0,0,1
1771685641908000,1771685641752000,0,1771685641756000,0,-573.5013,12.354284,-0.029968262,-0.004319191,12.3671665,2.9047776e-06,-7.723099e-07,0,0,0,1
1771685641956000,1771685641804000,0,1771685641804000,0,-573.56256,12.354216,0.03186035,-0.00091097294,12.367069,3.2831772e-06,-3.9027123e-07,0,0,0,1
1771685642012000,1771685641856000,0,1771685641860000,0,-573.54816,12.354284,0.018127441,0.000882501,12.3671665,1.0628276e-06,-2.533851e-07,0,0,0,1
1771685642060000,1771685641908000,0,1771685641908000,0,-573.53864,12.354216,0.0087890625,0.001627322,12.367069,2.498494e-07,-2.0597895e-07,0,0,0,1
1771685642116000,1771685641960000,0,1771685641964000,0,-573.548,12.354284,0.018188477,0.003187431,12.3671665,1.0699966e-06,-8.577834e-08,0,0,0,1
1771685642164000,1771685642012000,0,1771685642012000,0,-573.5713,12.354216,0.04156494,0.006802704,12.367069,5.5878863e-06,4.4869736e-07,0,0,0,1
1771685642220000,1771685642064000,0,1771685642068000,0,-573.5286,12.354284,-0.0013427734,0.0060353763,12.3671665,5.831701e-09,4.058794e-07,0,0,0,1
1771685642268000,1771685642116000,0,1771685642116000,0,-573.50525,12.354216,-0.024841309,0.003126703,12.367069,1.9959155e-06,1.7962334e-07,0,0,0,1
1771685642324000,1771685642168000,0,1771685642172000,0,-573.5242,12.354284,-0.006164551,0.0022514397,12.3671665,1.2291153e-07,1.5112367e-07,0,0,0,1
1771685642372000,1771685642220000,0,1771685642220000,0,-573.5383,12.354216,0.008056641,0.0027983065,12.367069,2.099429e-07,1.5666461e-07,0,0,0,1
1771685642428000,1771685642272000,0,1771685642276000,0,-573.5289,12.354284,-0.0015869141,0.002385206,12.3671665,8.145103e-09,1.4113905e-07,0,0,0,1
1771685642476000,1771685642324000,0,1771685642324000,0,-573.56647,12.354216,0.0357666,0.00552983,12.367069,4.1376006e-06,5.176173e-07,0,0,0,1
1771685642532000,1771685642376000,0,1771685642380000,0,-573.52856,12.354284,-0.0022583008,0.0047961655,12.3671665,1.6495038e-08,4.6730236e-07,0,0,0,1
1771685642580000,1771685642428000,0,1771685642428000,0,-573.56616,12.354216,0.03540039,0.0076791723,12.367069,4.0533055e-06,8.0511427e-07,0,0,0,1
1771685642636000,1771685642480000,0,1771685642484000,0,-573.5424,12.354284,0.011657715,0.008053962,12.3671665,4.3955845e-07,7.7067784e-07,0,0,0,1
1771685642684000,1771685642532000,0,1771685642532000,0,-573.5141,12.354216,-0.016784668,0.005714091,12.367069,9.112105e-07,6.122391e-07,0,0,0,1
1771685642740000,1771685642584000,0,1771685642588000,0,-573.5049,12.354284,-0.026184082,0.0027091904,12.3671665,2.2175043e-06,3.4566904e-07,0,0,0,1
1771685642788000,1771685642636000,0,1771685642636000,0,-573.53796,12.354216,0.006958008,0.0031094414,12.367069,1.5658964e-07,3.278572e-07,0,0,0,1
1771685642844000,1771685642688000,0,1771685642692000,0,-573.50977,12.354284,-0.021057129,0.00083288015,12.3671665,1.4341285e-06,1.6187303e-07,0,0,0,1
1771685642892000,1771685642740000,0,1771685642740000,0,-573.5193,12.354216,-0.011352539,-0.00031502172,12.367069,4.1684945e-07,1.0735569e-07,0,0,0,1
1771685642948000,1771685642792000,0,1771685642796000,0,-573.51935,12.354284,-0.011474609,-0.0013662874,12.3671665,4.2585876e-07,5.7125337e-08,0,0,0,1
1771685642996000,1771685642844000,0,1771685642844000,0,-573.55237,12.354216,0.021606445,0.00079781085,12.367069,1.5099406e-06,1.9398475e-07,0,0,0,1
1771685643052000,1771685642896000,0,1771685642900000,0,-573.5756,12.354284,0.044677734,0.004931427,12.3671665,6.456127e-06,7.838967e-07,0,0,0,1
1771685643100000,1771685642948000,0,1771685642948000,0,-573.5096,12.354216,-0.02142334,0.0024487313,12.367069,1.4844568e-06,5.702112e-07,0,0,0,1
1771685643156000,1771685643000000,0,1771685643004000,0,-573.58954,12.354284,0.058288574,0.007709007,12.3671665,1.0988962e-05,1.5516878e-06,0,0,0,1
1771685643204000,1771685643052000,0,1771685643052000,0,-573.58905,12.354216,0.057495117,0.012399003,12.367069,1.0691906e-05,2.412723e-06,0,0,0,1
1771685643260000,1771685643104000,0,1771685643108000,0,-573.5651,12.354284,0.0335083,0.01438756,12.3671665,3.6315714e-06,2.5275422e-06,0,0,0,1
1771685643308000,1771685643156000,0,1771685643156000,0,-573.485,12.354216,-0.04675293,0.008627948,12.367069,7.0698607e-06,1.623439e-06,0,0,0,1
1771685643364000,1771685643208000,0,1771685643212000,0,-573.4948,12.354284,-0.03704834,0.0043251095,12.3671665,4.4394305e-06,1.052299e-06,0,0,0,1
1771685643412000,1771685643260000,0,1771685643260000,0,-573.53735,12.354216,0.0053710938,0.0044236444,12.367069,9.330795e-08,9.619592e-07,0,0,0,1
1771685643468000,1771685643312000,0,1771685643316000,0,-573.49506,12.354284,-0.03704834,0.0005168631,12.3671665,4.4394305e-06,4.531326e-07,0,0,0,1
1771685643516000,1771685643364000,0,1771685643364000,0,-573.5235,12.354216,-0.008728027,-0.0003540325,12.367069,2.4639132e-07,3.8723542e-07,0,0,0,1
1771685643572000,1771685643416000,0,1771685643420000,0,-573.55646,12.354284,0.024108887,0.0019504456,12.3671665,1.8799404e-06,5.2785254e-07,0,0,0,1
1771685643620000,1771685643468000,0,1771685643468000,0,-573.5891,12.354216,0.05645752,0.00708517,12.367069,1.0309481e-05,1.4493103e-06,0,0,0,1
1771685643676000,1771685643520000,0,1771685643524000,0,-573.5511,12.354284,0.0178833,0.008102385,12.3671665,1.034392e-06,1.4102237e-06,0,0,0,1
1771685643724000,1771685643572000,0,1771685643572000,0,-573.56036,12.354216,0.026733398,0.009857481,12.367069,2.3115408e-06,1.4951304e-06,0,0,0,1
1771685643780000,1771685643624000,0,1771685643628000,0,-573.5131,12.354284,-0.020874023,0.006962484,12.3671665,1.4092957e-06,1.221525e-06,0,0,0,1
1771685643828000,1771685643676000,0,1771685643676000,0,-573.5274,12.354216,-0.006713867,0.005674132,12.367069,1.4579368e-07,1.0927197e-06,0,0,0,1
1771685643884000,1771685643728000,0,1771685643732000,0,-573.51807,12.354284,-0.016235352,0.0036101951,12.3671665,8.5253686e-07,9.094708e-07,0,0,0,1
1771685643932000,1771685643780000,0,1771685643780000,0,-573.47595,12.354216,-0.05847168,-0.0022380976,12.367069,1.1058198e-05,-2.1791834e-07,0,0,0,1
1771685643988000,1771685643832000,0,1771685643836000,0,-573.5563,12.354284,0.021972656,4.2625936e-05,12.3671665,1.5615465e-06,-5.0287582e-08,0,0,0,1
1771685644036000,1771685643884000,0,1771685643884000,0,-573.5232,12.354216,-0.011230469,-0.0010193323,12.367069,4.0793313e-07,-8.397883e-08,0,0,0,1
1771685644092000,1771685643936000,0,1771685643940000,0,-573.528,12.354284,-0.0068969727,-0.0015730232,12.3671665,1.5385329e-07,-9.056121e-08,0,0,0,1
1771685644140000,1771685643988000,0,1771685643988000,0,-573.5187,12.354216,-0.016479492,-0.0029772557,12.367069,8.783768e-07,-1.6477573e-07,0,0,0,1
1771685644196000,1771685644040000,0,1771685644044000,0,-573.5376,12.354284,0.0026855469,-0.0024438032,12.3671665,2.3326804e-08,-1.4705591e-07,0,0,0,1
1771685644244000,1771685644092000,0,1771685644092000,0,-573.61273,12.354216,0.078125,0.0051460126,12.367069,1.9741186e-05,1.7264742e-06,0,0,0,1
1771685644300000,1771685644144000,0,1771685644148000,0,-573.5416,12.354284,0.0072631836,0.0053454563,12.3671665,1.7062546e-07,1.5799087e-06,0,0,0,1
1771685644348000,1771685644196000,0,1771685644196000,0,-573.5087,12.354216,-0.02545166,0.0024442784,12.367069,2.0951998e-06,1.2337028e-06,0,0,0,1
1771685644404000,1771685644248000,0,1771685644252000,0,-573.55115,12.354284,0.01727295,0.0038411822,12.3671665,9.649899e-07,1.2083893e-06,0,0,0,1
1771685644452000,1771685644300000,0,1771685644300000,0,-573.551,12.354216,0.017456055,0.005123743,12.367069,9.855653e-07,1.1873987e-06,0,0,0,1
1771685644508000,1771685644352000,0,1771685644356000,0,-573.5086,12.354284,-0.024719238,0.0023124474,12.3671665,1.9763322e-06,8.89366e-07,0,0,0,1
1771685644556000,1771685644404000,0,1771685644404000,0,-573.5182,12.354216,-0.014892578,0.00069168396,12.367069,7.173531e-07,7.380084e-07,0,0,0,1
1771685644612000,1771685644456000,0,1771685644460000,0,-573.5371,12.354284,0.0045166016,0.0010520023,12.3671665,6.598015e-08,6.7470137e-07,0,0,0,1
1771685644660000,1771685644508000,0,1771685644508000,0,-573.52765,12.354216,-0.004699707,0.00051017455,12.367069,7.1438905e-08,6.044128e-07,0,0,0,1
1771685644716000,1771685644560000,0,1771685644564000,0,-573.57,12.354284,0.038024902,0.004044171,12.3671665,4.6765545e-06,9.880204e-07,0,0,0,1
1771685644764000,1771685644612000,0,1771685644612000,0,-573.5368,12.354216,0.0051879883,0.0041519217,12.367069,8.705449e-08,9.0314677e-07,0,0,0,1
1771685644820000,1771685644664000,0,1771685644668000,0,-573.4898,12.354284,-0.041503906,-0.00014898973,12.3671665,5.5714436e-06,2.9322155e-07,0,0,0,1
1771685644868000,1771685644716000,0,1771685644716000,0,-573.5512,12.354216,0.020141602,0.0017624429,12.367069,1.3121431e-06,3.8920692e-07,0,0,0,1
1771685644924000,1771685644768000,0,1771685644772000,0,-573.5275,12.354284,-0.0032958984,0.0012859325,12.3671665,3.5134793e-08,3.492327e-07,0,0,0,1
1771685644972000,1771685644820000,0,1771685644820000,0,-573.5181,12.354216,-0.012573242,-1.9642059e-05,12.367069,5.113141e-07,2.6816667e-07,0,0,0,1
1771685645028000,1771685644872000,0,1771685644876000,0,-573.53705,12.354284,0.0064086914,0.00058592565,12.3671665,1.3283989e-07,2.5541848e-07,0,0,0,1
1771685645076000,1771685644924000,0,1771685644924000,0,-573.537,12.354216,0.006652832,0.0011574458,12.367069,1.4315494e-07,2.4484294e-07,0,0,0,1
1771685645132000,1771685644976000,0,1771685644980000,0,-573.5228,12.354284,-0.0072021484,0.00036994775,12.3671665,1.6776985e-07,2.059736e-07,0,0,0,1
1771685645180000,1771685645028000,0,1771685645028000,0,-573.537,12.354216,0.006713867,0.00096756336,12.367069,1.4579368e-07,2.0030448e-07,0,0,0,1
1771685645236000,1771685645080000,0,1771685645084000,0,-573.57446,12.354284,0.043884277,0.005010443,12.3671665,6.2288473e-06,7.682108e-07,0,0,0,1
1771685645284000,1771685645132000,0,1771685645132000,0,-573.56006,12.354216,0.0289917,0.007269547,12.367069,2.7185702e-06,9.519403e-07,0,0,0,1
1771685645340000,1771685645184000,0,1771685645188000,0,-573.5504,12.354284,0.018737793,0.008349889,12.3671665,1.1356033e-06,9.692419e-07,0,0,0,1
1771685645388000,1771685645236000,0,1771685645236000,0,-573.5409,12.354216,0.008666992,0.008379761,12.367069,2.4295733e-07,9.008238e-07,0,0,0,1
1771685645444000,1771685645288000,0,1771685645292000,0,-573.58307,12.354284,0.05065918,0.012362605,12.3671665,8.300535e-06,1.5978981e-06,0,0,0,1
1771685645492000,1771685645340000,0,1771685645340000,0,-573.5404,12.354216,0.007873535,0.011939721,12.367069,2.0050848e-07,1.4662598e-06,0,0,0,1
1771685645548000,1771685645392000,0,1771685645396000,0,-573.5544,12.354284,0.021606445,0.012850354,12.3671665,1.5099287e-06,1.4703736e-06,0,0,0,1
1771685645596000,1771685645444000,0,1771685645444000,0,-573.5589,12.354216,0.0256958,0.014060433,12.367069,2.1355881e-06,1.5330387e-06,0,0,0,1
1771685645652000,1771685645496000,0,1771685645500000,0,-573.5493,12.354284,0.015808105,0.0142250685,12.3671665,8.082569e-07,1.4647621e-06,0,0,0,1
1771685645700000,1771685645548000,0,1771685645548000,0,-573.5351,12.354216,0.0015869141,0.013034518,12.367069,8.145167e-09,1.3275446e-06,0,0,0,1
1771685645756000,1771685645600000,0,1771685645604000,0,-573.48816,12.354284,-0.045837402,0.0074886116,12.3671665,6.7956307e-06,5.623179e-07,0,0,0,1
1771685645804000,1771685645652000,0,1771685645652000,0,-573.5073,12.354216,-0.026855469,0.0042532994,12.367069,2.3326988e-06,2.8959892e-07,0,0,0,1
1771685645860000,1771685645704000,0,1771685645708000,0,-573.5216,12.354284,-0.0126953125,0.0026566908,12.3671665,5.212866e-07,2.1321114e-07,0,0,0,1
1771685645908000,1771685645756000,0,1771685645756000,0,-573.55457,12.354216,0.020690918,0.0043555675,12.367069,1.3846906e-06,3.2356792e-07,0,0,0,1
1771685645964000,1771685645808000,0,1771685645812000,0,-573.5121,12.354284,-0.021728516,0.0018983709,12.3671665,1.5270382e-06,1.4923543e-07,0,0,0,1
1771685646012000,1771685645860000,0,1771685645860000,0,-573.48413,12.354216,-0.049072266,-0.0029032112,12.367069,7.788708e-06,-5.985419e-07,0,0,0,1
1771685646068000,1771685645912000,0,1771685645916000,0,-573.5221,12.354284,-0.010864258,-0.003653165,12.3671665,3.8175955e-07,-5.7812036e-07,0,0,0,1
1771685646116000,1771685645964000,0,1771685645964000,0,-573.5222,12.354216,-0.010559082,-0.0043037226,12.367069,3.6061644e-07,-5.5763087e-07,0,0,0,1
1771685646172000,1771685646016000,0,1771685646020000,0,-573.5411,12.354284,0.008605957,-0.0030875932,12.3671665,2.3954556e-07,-4.825345e-07,0,0,0,1
1771685646220000,1771685646068000,0,1771685646068000,0,-573.5504,12.354216,0.018188477,-0.0010833256,12.367069,1.0700052e-06,-3.3628078e-07,0,0,0,1
1771685646276000,1771685646120000,0,1771685646124000,0,-573.57367,12.354284,0.04156494,0.002934265,12.3671665,5.587842e-06,2.2178881e-07,0,0,0,1
1771685646324000,1771685646172000,0,1771685646172000,0,-573.58276,12.354216,0.050842285,0.0074473396,12.367069,8.360713e-06,9.884991e-07,0,0,0,1
1771685646380000,1771685646224000,0,1771685646228000,0,-573.5495,12.354284,0.017333984,0.00837869,12.3671665,9.718217e-07,9.869281e-07,0,0,0,1
1771685646428000,1771685646276000,0,1771685646276000,0,-573.5681,12.354216,0.035583496,0.010941462,12.367069,4.0953446e-06,1.2797499e-06,0,0,0,1
1771685646484000,1771685646328000,0,1771685646332000,0,-573.5396,12.354284,0.006591797,0.01053171,12.3671665,1.4053917e-07,1.1724329e-06,0,0,0,1
1771685646532000,1771685646380000,0,1771685646380000,0,-573.51605,12.354216,-0.017089844,0.00792968,12.367069,9.446467e-07,9.729979e-07,0,0,0,1
1771685646588000,1771685646432000,0,1771685646436000,0,-573.60077,12.354284,0.06750488,0.013541837,12.3671665,1.4738733e-05,2.26977e-06,0,0,0,1
1771685646636000,1771685646484000,0,1771685646484000,0,-573.5345,12.354216,0.0010375977,0.012363901,12.367069,3.4821797e-09,2.056279e-06,0,0,0,1
1771685646692000,1771685646536000,0,1771685646540000,0,-573.57666,12.354284,0.04296875,0.015246967,12.3671665,5.9716617e-06,2.4251194e-06,0,0,0,1
1771685646740000,1771685646588000,0,1771685646588000,0,-573.51056,12.354216,-0.023132324,0.011631526,12.367069,1.7307397e-06,2.0336254e-06,0,0,0,1
1771685646796000,1771685646640000,0,1771685646644000,0,-573.539,12.354284,0.0053710938,0.011041775,12.3671665,9.3307214e-08,1.8508417e-06,0,0,0,1
1771685646844000,1771685646692000,0,1771685646692000,0,-573.52484,12.354216,-0.008728027,0.009179402,12.367069,2.4639132e-07,1.6532763e-06,0,0,0,1
1771685646900000,1771685646744000,0,1771685646748000,0,-573.5437,12.354284,0.010498047,0.009303622,12.3671665,3.564567e-07,1.531112e-06,0,0,0,1
1771685646948000,1771685646796000,0,1771685646796000,0,-573.53424,12.354216,0.0013427734,0.008553687,12.367069,5.831747e-09,1.3874262e-06,0,0,0,1
1771685647004000,1771685646848000,0,1771685646852000,0,-573.5248,12.354284,-0.0078125,0.007011944,12.3671665,1.9741032e-07,1.23813e-06,0,0,0,1
1771685647052000,1771685646900000,0,1771685646900000,0,-573.5108,12.354216,-0.021606445,0.0043160086,12.367069,1.5099406e-06,9.792539e-07,0,0,0,1
1771685647108000,1771685646952000,0,1771685646956000,0,-573.5486,12.354284,0.016479492,0.005461844,12.3671665,8.7836986e-07,9.697503e-07,0,0,0,1
1771685647156000,1771685647004000,0,1771685647004000,0,-573.539,12.354216,0.007080078,0.0056142863,12.367069,1.6213221e-07,8.9367035e-07,0,0,0,1
1771685647212000,1771685647056000,0,1771685647060000,0,-573.55774,12.354284,0.025878906,0.007523272,12.3671665,2.1661156e-06,1.0135384e-06,0,0,0,1
1771685647260000,1771685647108000,0,1771685647108000,0,-573.53876,12.354216,0.006713867,0.007447024,12.367069,1.4579368e-07,9.317943e-07,0,0,0,1
1771685647316000,1771685647160000,0,1771685647164000,0,-573.5575,12.354284,0.025390625,0.009137363,12.3671665,2.0851464e-06,1.0404434e-06,0,0,0,1
1771685647364000,1771685647212000,0,1771685647212000,0,-573.5009,12.354216,-0.03112793,0.005344256,12.367069,3.1339616e-06,6.4720234e-07,0,0,0,1
1771685647420000,1771685647264000,0,1771685647268000,0,-573.5012,12.354284,-0.030639648,0.0019544675,12.3671665,3.0363885e-06,3.0019737e-07,0,0,0,1
1771685647468000,1771685647316000,0,1771685647316000,0,-573.5484,12.354216,0.016723633,0.0033457656,12.367069,9.0459554e-07,3.5713344e-07,0,0,0,1
1771685647524000,1771685647368000,0,1771685647372000,0,-573.5576,12.354284,0.025817871,0.0054627033,12.3671665,2.1559101e-06,5.2658345e-07,0,0,0,1
1771685647572000,1771685647420000,0,1771685647420000,0,-573.56683,12.354216,0.03491211,0.008236923,12.367069,3.942261e-06,8.483502e-07,0,0,0,1
1771685647628000,1771685647472000,0,1771685647476000,0,-573.58057,12.354284,0.048217773,0.0120032355,12.3671665,7.5197618e-06,1.4768166e-06,0,0,0,1
1771685647676000,1771685647524000,0,1771685647524000,0,-573.59894,12.354216,0.06604004,0.017093658,12.367069,1.4106129e-05,2.6665346e-06,0,0,0,1
1771685647732000,1771685647576000,0,1771685647580000,0,-573.54675,12.354284,0.013427734,0.016748318,12.3671665,5.831701e-07,2.4702756e-06,0,0,0,1
1771685647780000,1771685647628000,0,1771685647628000,0,-573.556,12.354216,0.022521973,0.017292213,12.367069,1.6406127e-06,2.3921189e-06,0,0,0,1
1771685647836000,1771685647680000,0,1771685647684000,0,-573.4901,12.354284,-0.04345703,0.011569457,12.3671665,6.108153e-06,1.5913686e-06,0,0,0,1
1771685647884000,1771685647732000,0,1771685647732000,0,-573.5327,12.354216,-0.00091552734,0.0103933355,12.367069,2.7110394e-09,1.4412017e-06,0,0,0,1
1771685647940000,1771685647784000,0,1771685647788000,0,-573.5092,12.354284,-0.024353027,0.007120127,12.3671665,1.918208e-06,1.1247355e-06,0,0,0,1
1771685647988000,1771685647836000,0,1771685647836000,0,-573.54236,12.354216,0.008728027,0.0072715958,12.367069,2.4639132e-07,1.041993e-06,0,0,0,1
1771685648044000,1771685647888000,0,1771685647892000,0,-573.5658,12.354284,0.032104492,0.009610927,12.3671665,3.3336605e-06,1.2578747e-06,0,0,0,1
1771685648092000,1771685647940000,0,1771685647940000,0,-573.5608,12.354216,0.027160645,0.011264161,12.367069,2.386016e-06,1.3641489e-06,0,0,0,1
1771685648148000,1771685647992000,0,1771685647996000,0,-573.53235,12.354284,-0.0017089844,0.010042053,12.3671665,9.446392e-09,1.2347523e-06,0,0,0,1
1771685648196000,1771685648044000,0,1771685648044000,0,-573.5418,12.354216,0.007873535,0.009837772,12.367069,2.0050848e-07,1.1373235e-06,0,0,0,1
1771685648252000,1771685648096000,0,1771685648100000,0,-573.5887,12.354284,0.05456543,0.014051247,12.3671665,9.62997e-06,1.9373556e-06,0,0,0,1
1771685648300000,1771685648148000,0,1771685648148000,0,-573.54596,12.354216,0.0119018555,0.013848769,12.367069,4.581657e-07,1.7980116e-06,0,0,0,1
1771685648356000,1771685648200000,0,1771685648204000,0,-573.52234,12.354284,-0.0119018555,0.011422985,12.3671665,4.5816205e-07,1.5854735e-06,0,0,0,1
1771685648404000,1771685648252000,0,1771685648252000,0,-573.56476,12.354216,0.030029297,0.013175754,12.367069,2.9166447e-06,1.7108737e-06,0,0,0,1
1771685648460000,1771685648304000,0,1771685648308000,0,-573.5363,12.354284,0.0007324219,0.012003556,12.3671665,1.7350515e-09,1.5498679e-06,0,0,0,1
1771685648508000,1771685648356000,0,1771685648356000,0,-573.541,12.354216,0.005126953,0.01135576,12.367069,8.50182e-08,1.4118748e-06,0,0,0,1
1771685648564000,1771685648408000,0,1771685648412000,0,-573.51746,12.354284,-0.018493652,0.008543858,12.3671665,1.1062039e-06,1.1746645e-06,0,0,0,1
1771685648612000,1771685648460000,0,1771685648460000,0,-573.5787,12.354216,0.042907715,0.011781033,12.367069,5.954756e-06,1.624963e-06,0,0,0,1
1771685648668000,1771685648512000,0,1771685648516000,0,-573.522,12.354284,-0.01361084,0.009389045,12.3671665,5.991832e-07,1.4154421e-06,0,0,0,1
1771685648716000,1771685648564000,0,1771685648564000,0,-573.5737,12.354216,0.038330078,0.012115374,12.367069,4.7519584e-06,1.7297516e-06,0,0,0,1
1771685648772000,1771685648616000,0,1771685648620000,0,-573.5405,12.354284,0.0053710938,0.011480044,12.3671665,9.3307214e-08,1.5755938e-06,0,0,0,1
1771685648820000,1771685648668000,0,1771685648668000,0,-573.564,12.354216,0.028869629,0.013118193,12.367069,2.6957252e-06,1.6811134e-06,0,0,0,1
1771685648876000,1771685648720000,0,1771685648724000,0,-573.5638,12.354284,0.028503418,0.014567525,12.3671665,2.6277476e-06,1.7702891e-06,0,0,0,1
1771685648924000,1771685648772000,0,1771685648772000,0,-573.56354,12.354216,0.028137207,0.015845828,12.367069,2.5606791e-06,1.8447462e-06,0,0,0,1
1771685648980000,1771685648824000,0,1771685648828000,0,-573.6008,12.354284,0.06530762,0.020505272,12.3671665,1.3794865e-05,2.970482e-06,0,0,0,1
1771685649028000,1771685648876000,0,1771685648876000,0,-573.53455,12.354216,-0.0010375977,0.018475872,12.367069,3.4821797e-09,2.690326e-06,0,0,0,1
1771685649084000,1771685648928000,0,1771685648932000,0,-573.53925,12.354284,0.0037841797,0.017091872,12.3671665,4.6316238e-08,2.4412527e-06,0,0,0,1
1771685649132000,1771685648980000,0,1771685648980000,0,-573.5392,12.354216,0.0036621094,0.015826749,12.367069,4.337663e-08,2.2153658e-06,0,0,0,1
1771685649188000,1771685649032000,0,1771685649036000,0,-573.5345,12.354284,-0.0010986328,0.014232328,12.3671665,3.903866e-09,2.0063042e-06,0,0,0,1
1771685649236000,1771685649084000,0,1771685649084000,0,-573.5298,12.354216,-0.0056762695,0.01235688,12.367069,1.0421236e-07,1.8074874e-06,0,0,0,1
1771685649292000,1771685649136000,0,1771685649140000,0,-573.54395,12.354284,0.008666992,0.012009282,12.3671665,2.4295542e-07,1.6601039e-06,0,0,0,1
1771685649340000,1771685649188000,0,1771685649188000,0,-573.5251,12.354216,-0.00970459,0.009963771,12.367069,3.046124e-07,1.4750219e-06,0,0,0,1
1771685649396000,1771685649240000,0,1771685649244000,0,-573.51105,12.354284,-0.0234375,0.0068172743,12.3671665,1.7766928e-06,1.1687009e-06,0,0,0,1
1771685649444000,1771685649292000,0,1771685649292000,0,-573.4972,12.354216,-0.037109375,0.0026792563,12.367069,4.4541052e-06,6.390162e-07,0,0,0,1
1771685649500000,1771685649344000,0,1771685649348000,0,-573.56323,12.354284,0.029052734,0.0051637143,12.3671665,2.7300073e-06,8.3599366e-07,0,0,0,1
1771685649548000,1771685649396000,0,1771685649396000,0,-573.47845,12.354216,-0.055603027,-0.00056068925,12.367069,9.9997715e-06,-1.8476692e-07,0,0,0,1
1771685649604000,1771685649448000,0,1771685649452000,0,-573.5447,12.354284,0.010620117,0.00049257523,12.3671665,3.647946e-07,-1.3299663e-07,0,0,0,1
1771685649652000,1771685649500000,0,1771685649500000,0,-573.5164,12.354216,-0.0178833,-0.0012384857,12.367069,1.0344002e-06,-2.1791146e-07,0,0,0,1
1771685649708000,1771685649552000,0,1771685649556000,0,-573.53064,12.354284,-0.0037231445,-0.0014725478,12.3671665,4.4834216e-08,-2.0160708e-07,0,0,0,1
1771685649756000,1771685649604000,0,1771685649604000,0,-573.5401,12.354216,0.005432129,-0.0008221072,12.367069,9.544064e-08,-1.7362431e-07,0,0,0,1
1771685649812000,1771685649656000,0,1771685649660000,0,-573.52594,12.354284,-0.008544922,-0.0015496188,12.3671665,2.3615979e-07,-1.7951534e-07,0,0,0,1
1771685649860000,1771685649708000,0,1771685649708000,0,-573.49786,12.354216,-0.036315918,-0.004824705,12.367069,4.26567e-06,-5.6444304e-07,0,0,0,1
1771685649916000,1771685649760000,0,1771685649764000,0,-573.5639,12.354284,0.030151367,-0.0015298573,12.3671665,2.9403823e-06,-2.342783e-07,0,0,0,1
1771685649964000,1771685649812000,0,1771685649812000,0,-573.53076,12.354216,-0.0028686523,-0.0016559757,12.367069,2.6616384e-08,-2.1471595e-07,0,0,0,1
1771685650020000,1771685649864000,0,1771685649868000,0,-573.54016,12.354284,0.0064086914,-0.00089626067,12.3671665,1.3283989e-07,-1.8197518e-07,0,0,0,1
1771685650068000,1771685649916000,0,1771685649916000,0,-573.5448,12.354216,0.011108398,0.00023461314,12.367069,3.9911322e-07,-1.2723497e-07,0,0,0,1
1771685650124000,1771685649968000,0,1771685649972000,0,-573.52124,12.354284,-0.012939453,-0.0010064221,12.3671665,5.415289e-07,-1.6626267e-07,0,0,0,1
1771685650172000,1771685650020000,0,1771685650020000,0,-573.51666,12.354216,-0.017700195,-0.002579024,12.367069,1.0133264e-06,-2.4605853e-07,0,0,0,1
1771685650228000,1771685650072000,0,1771685650076000,0,-573.5638,12.354284,0.028686523,0.00036628149,12.3671665,2.6616174e-06,2.7852991e-08,0,0,0,1
1771685650276000,1771685650124000,0,1771685650124000,0,-573.5964,12.354216,0.06072998,0.0060527176,12.367069,1.1928875e-05,1.1489637e-06,0,0,0,1
1771685650332000,1771685650176000,0,1771685650180000,0,-573.51135,12.354284,-0.025146484,0.0031136621,12.3671665,2.0452403e-06,8.4806044e-07,0,0,0,1
1771685650380000,1771685650228000,0,1771685650228000,0,-573.5867,12.354216,0.04937744,0.0074718446,12.367069,7.885884e-06,1.5110438e-06,0,0,0,1
1771685650436000,1771685650280000,0,1771685650284000,0,-573.5299,12.354284,-0.008361816,0.0059802677,12.3671665,2.2614711e-07,1.3473954e-06,0,0,0,1
1771685650484000,1771685650332000,0,1771685650332000,0,-573.54407,12.354216,0.005126953,0.005899883,12.367069,8.50182e-08,1.2284758e-06,0,0,0,1
1771685650540000,1771685650384000,0,1771685650388000,0,-573.5769,12.354284,0.03729248,0.008857157,12.3671665,4.4981334e-06,1.5364869e-06,0,0,0,1
1771685650588000,1771685650436000,0,1771685650436000,0,-573.54376,12.354216,0.0038452148,0.0083850175,12.367069,4.7822738e-08,1.3962505e-06,0,0,0,1
1771685650644000,1771685650488000,0,1771685650492000,0,-573.5202,12.354284,-0.020141602,0.005697727,12.3671665,1.3121328e-06,1.1411129e-06,0,0,0,1
1771685650692000,1771685650540000,0,1771685650540000,0,-573.5298,12.354216,-0.010498047,0.0041720383,12.36707,3.5645948e-07,1.0000372e-06,0,0,0,1
1771685650748000,1771685650592000,0,1771685650596000,0,-573.53455,12.354284,-0.005493164,0.003261548,12.3671665,9.7596654e-08,8.966369e-07,0,0,0,1
1771685650796000,1771685650644000,0,1771685650644000,0,-573.5628,12.354216,0.022949219,0.005116184,12.36707,1.7034483e-06,9.726409e-07,0,0,0,1
1771685650852000,1771685650696000,0,1771685650700000,0,-573.5344,12.354284,-0.0051879883,0.0041455007,12.367167,8.705379e-08,8.728146e-07,0,0,0,1
1771685650900000,1771685650748000,0,1771685650748000,0,-573.5486,12.354216,0.009094238,0.0046116863,12.36707,2.6750126e-07,8.157923e-07,0,0,0,1
1771685650956000,1771685650800000,0,1771685650804000,0,-573.5719,12.354284,0.032409668,0.007230337,12.367167,3.397339e-06,1.0589815e-06,0,0,0,1
1771685651004000,1771685650852000,0,1771685650852000,0,-573.52,12.354216,-0.019592285,0.004703568,12.367071,1.2415474e-06,8.42265e-07,0,0,0,1
1771685651060000,1771685650904000,0,1771685650908000,0,-573.57184,12.354284,0.031677246,0.0072445665,12.367167,3.245522e-06,1.0686588e-06,0,0,0,1
1771685651108000,1771685650956000,0,1771685650956000,0,-573.5575,12.354216,0.016784668,0.008143271,12.367071,9.112103e-07,1.0538266e-06,0,0,0,1
1771685651164000,1771685651008000,0,1771685651012000,0,-573.5996,12.354284,0.05871582,0.012907352,12.367168,1.1150645e-05,2.0049763e-06,0,0,0,1
1771685651212000,1771685651060000,0,1771685651060000,0,-573.5381,12.354216,-0.0029296875,0.011415457,12.367072,2.776104e-08,1.8134865e-06,0,0,0,1
1771685651268000,1771685651112000,0,1771685651116000,0,-573.5662,12.354284,0.02508545,0.01270321,12.367169,2.0353236e-06,1.8343842e-06,0,0,0,1
1771685651316000,1771685651164000,0,1771685651164000,0,-573.5097,12.354216,-0.03161621,0.008528192,12.367072,3.2330524e-06,1.3570169e-06,0,0,0,1
1771685651372000,1771685651216000,0,1771685651220000,0,-573.50525,12.354284,-0.036315918,0.0043037464,12.36717,4.265635e-06,8.2734675e-07,0,0,0,1
1771685651420000,1771685651268000,0,1771685651268000,0,-573.52905,12.354216,-0.012512207,0.0027196347,12.367073,5.063618e-07,7.0170756e-07,0,0,0,1
1771685651476000,1771685651320000,0,1771685651324000,0,-573.5574,12.354284,0.015930176,0.003964106,12.36717,8.207876e-07,7.1292527e-07,0,0,0,1
1771685651524000,1771685651372000,0,1771685651372000,0,-573.56195,12.354216,0.020324707,0.0055053225,12.367074,1.3361082e-06,7.7163094e-07,0,0,0,1
1771685651580000,1771685651424000,0,1771685651428000,0,-573.54297,12.354284,0.001159668,0.0050959494,12.367171,4.349676e-09,6.9935084e-07,0,0,0,1
1771685651628000,1771685651476000,0,1771685651476000,0,-573.5758,12.354216,0.034301758,0.007847222,12.367075,3.8056228e-06,9.919706e-07,0,0,0,1
1771685651684000,1771685651528000,0,1771685651532000,0,-573.55676,12.354284,0.01550293,0.008568412,12.367173,7.773509e-07,9.717528e-07,0,0,0,1
1771685651732000,1771685651580000,0,1771685651580000,0,-573.5848,12.354216,0.043701172,0.011878019,12.367077,6.1770215e-06,1.4621043e-06,0,0,0,1
1771685651788000,1771685651632000,0,1771685651636000,0,-573.514,12.354284,-0.026611328,0.008252211,12.367174,2.2904594e-06,1.1086019e-06,0,0,0,1
1771685651836000,1771685651684000,0,1771685651684000,0,-573.5893,12.354216,0.04888916,0.0120803295,12.367078,7.730687e-06,1.7324214e-06,0,0,0,1
1771685651892000,1771685651736000,0,1771685651740000,0,-573.5373,12.354284,-0.0028076172,0.0106778415,12.367175,2.5495602e-08,1.5668205e-06,0,0,0,1
1771685651940000,1771685651788000,0,1771685651788000,0,-573.5514,12.354216,0.01184082,0.010787398,12.367079,4.5347824e-07,1.4619404e-06,0,0,0,1
1771685651996000,1771685651840000,0,1771685651844000,0,-573.5513,12.354284,0.012329102,0.010932631,12.367176,4.916458e-07,1.3705359e-06,0,0,0,1
1771685652044000,1771685651892000,0,1771685651892000,0,-573.5089,12.354216,-0.029052734,0.007165893,12.36708,2.7300264e-06,9.84251e-07,0,0,0,1
1771685652100000,1771685651944000,0,1771685651948000,0,-573.50916,12.354284,-0.027832031,0.0038689866,12.367178,2.5054123e-06,6.5551455e-07,0,0,0,1
1771685652148000,1771685651996000,0,1771685651996000,0,-573.50006,12.354216,-0.036254883,8.920161e-05,12.367082,4.2513393e-06,1.9327464e-07,0,0,0,1
1771685652204000,1771685652048000,0,1771685652052000,0,-573.505,12.354284,-0.030517578,-0.002794046,12.367179,3.0122394e-06,-1.0869411e-07,0,0,0,1
1771685652252000,1771685652100000,0,1771685652100000,0,-573.51465,12.354216,-0.020080566,-0.0044224863,12.367083,1.3042014e-06,-2.2131438e-07,0,0,0,1
1771685652308000,1771685652152000,0,1771685652156000,0,-573.51483,12.354284,-0.018676758,-0.00576528,12.36718,1.128216e-06,-3.0674715e-07,0,0,0,1
1771685652356000,1771685652204000,0,1771685652204000,0,-573.51495,12.354216,-0.01751709,-0.006872335,12.367084,9.924682e-07,-3.7134407e-07,0,0,0,1
1771685652412000,1771685652256000,0,1771685652260000,0,-573.52924,12.354284,-0.002380371,-0.006449179,12.367181,1.832646e-08,-3.380888e-07,0,0,0,1
1771685652460000,1771685652308000,0,1771685652308000,0,-573.50574,12.354216,-0.024963379,-0.00819327,12.3670845,2.015577e-06,-4.9611305e-07,0,0,0,1
1771685652516000,1771685652360000,0,1771685652364000,0,-573.5013,12.354284,-0.028442383,-0.010100796,12.367183,2.6165026e-06,-6.958599e-07,0,0,0,1
1771685652564000,1771685652412000,0,1771685652412000,0,-573.478,12.354216,-0.050598145,-0.013915764,12.367085,8.2806e-06,-1.4103645e-06,0,0,0,1
1771685652620000,1771685652464000,0,1771685652468000,0,-573.5207,12.354284,-0.006652832,-0.013231575,12.367184,1.431536e-07,-1.2909895e-06,0,0,0,1
1771685652668000,1771685652516000,0,1771685652516000,0,-573.56305,12.354216,0.036621094,-0.008535309,12.367086,4.337657e-06,-7.6075463e-07,0,0,0,1
1771685652724000,1771685652568000,0,1771685652572000,0,-573.53455,12.354284,0.008850098,-0.006897553,12.367185,2.533292e-07,-6.65225e-07,0,0,0,1
1771685652772000,1771685652620000,0,1771685652620000,0,-573.49225,12.354216,-0.032958984,-0.009352615,12.367087,3.513502e-06,-9.3354095e-07,0,0,0,1
1771685652828000,1771685652672000,0,1771685652676000,0,-573.5253,12.354284,0.0014648438,-0.008333579,12.367185,6.940196e-09,-8.449449e-07,0,0,0,1
1771685652876000,1771685652724000,0,1771685652724000,0,-573.5112,12.354216,-0.010253906,-0.008514479,12.367088,3.4007226e-07,-7.973844e-07,0,0,0,1
1771685652932000,1771685652776000,0,1771685652780000,0,-573.51605,12.354284,-0.0014038086,-0.007844633,12.367186,6.373895e-09,-7.2286895e-07,0,0,0,1
1771685652980000,1771685652828000,0,1771685652828000,0,-573.502,12.354216,-0.010253906,-0.008071594,12.367089,3.4007223e-07,-6.868084e-07,0,0,0,1
1771685653036000,1771685652880000,0,1771685652884000,0,-573.5208,12.354284,0.01776123,-0.0056380667,12.367187,1.0203172e-06,-5.2599216e-07,0,0,0,1
1771685653084000,1771685652932000,0,1771685652932000,0,-573.5301,12.354216,0.037719727,-0.0015536365,12.367089,4.601819e-06,-4.2937472e-08,0,0,0,1
1771685653140000,1771685652984000,0,1771685652988000,0,-573.49225,12.354284,0.016174316,0.00011638808,12.367187,8.4613754e-07,4.0815976e-08,0,0,0,1
1771685653188000,1771685653036000,0,1771685653036000,0,-573.39813,12.354216,-0.0,-0.0055177724,12.36709,1.1524718e-05,-1.0486909e-06,0,0,0,1
1771685653244000,1771685653088000,0,1771685653092000,0,-573.4269,12.354284,-0.0,-0.00540046,12.3671875,5.903985e-08,-9.55463e-07,0,0,0,1
1771685653292000,1771685653140000,0,1771685653140000,0,-573.36115,12.354216,-0.0,-0.008859007,12.36709,5.73655e-06,-1.4058553e-06,0,0,0,1
1771685653348000,1771685653192000,0,1771685653196000,0,-573.3239,12.354284,-0.0,-0.011790508,12.3671875,5.1693005e-06,-1.7603828e-06,0,0,0,1
1771685653396000,1771685653244000,0,1771685653244000,0,-573.30554,12.354216,-0.0,-0.01249096,12.36709,1.1955664e-06,-1.7071754e-06,0,0,0,1
1771685653452000,1771685653296000,0,1771685653300000,0,-573.2211,12.354284,-0.0,-0.016098017,12.3671875,8.340572e-06,-2.3320608e-06,0,0,0,1
1771685653500000,1771685653348000,0,1771685653348000,0,-573.184,12.354216,-0.0,-0.018129095,12.36709,4.5869388e-06,-2.544477e-06,0,0,0,1
1771685653556000,1771685653400000,0,1771685653404000,0,-573.0998,12.354284,-0.0,-0.021883486,12.3671875,1.0874177e-05,-3.329159e-06,0,0,0,1
1771685653604000,1771685653452000,0,1771685653452000,0,-572.9313,12.354216,-0.0,-0.035622142,12.36709,9.0988404e-05,-1.1586914e-05,0,0,0,1
1771685653660000,1771685653504000,0,1771685653508000,0,-572.9656,12.354284,-0.0,-0.037975874,12.3671875,1.1880854e-05,-1.1614604e-05,0,0,0,1
1771685653708000,1771685653556000,0,1771685653556000,0,-572.891,12.354216,-0.0,-0.040958833,12.36709,1.5686423e-05,-1.1998181e-05,0,0,0,1
1771685653764000,1771685653608000,0,1771685653612000,0,-572.76953,12.354284,-0.0,-0.047645323,12.3671875,4.0527313e-05,-1.4685708e-05,0,0,0,1
1771685653812000,1771685653660000,0,1771685653660000,0,-572.74695,12.354216,-0.0,-0.049280412,12.36709,1.36663275e-05,-1.4589679e-05,0,0,0,1
1771685653868000,1771685653712000,0,1771685653716000,0,-572.67706,12.354284,-0.0,-0.04952529,12.367187,8.705367e-06,-1.40353595e-05,0,0,0,1
1771685653916000,1771685653764000,0,1771685653764000,0,-572.5742,12.354216,-0.0,-0.052644942,12.36709,2.2089705e-05,-1.4794103e-05,0,0,0,1
1771685653972000,1771685653816000,0,1771685653820000,0,-572.5233,12.354284,-0.0,-0.052268136,12.367187,7.653602e-06,-1.4121447e-05,0,0,0,1
1771685654020000,1771685653868000,0,1771685653868000,0,-572.4016,12.354216,-0.0,-0.056566827,12.367089,3.0999974e-05,-1.5711454e-05,0,0,0,1
1771685654076000,1771685653920000,0,1771685653924000,0,-572.3508,12.354284,-0.0,-0.05727524,12.367187,1.3283968e-05,-1.5482778e-05,0,0,0,1
1771685654124000,1771685653972000,0,1771685653972000,0,-572.26215,12.354216,-0.0,-0.05943484,12.367089,2.0803831e-05,-1.5984037e-05,0,0,0,1
1771685654180000,1771685654024000,0,1771685654028000,0,-572.15955,12.354284,-0.0,-0.063098654,12.367186,3.1270898e-05,-1.7424103e-05,0,0,0,1
1771685654228000,1771685654076000,0,1771685654076000,0,-572.0946,12.354216,-0.0,-0.065744616,12.367088,2.6893904e-05,-1.8316186e-05,0,0,0,1
1771685654284000,1771685654128000,0,1771685654132000,0,-572.02026,12.354284,-0.0,-0.06720412,12.367186,2.1345453e-05,-1.8601551e-05,0,0,0,1
1771685654332000,1771685654180000,0,1771685654180000,0,-571.88477,12.354216,-0.0,-0.074459806,12.367088,6.7279085e-05,-2.3187116e-05,0,0,0,1
1771685654388000,1771685654232000,0,1771685654236000,0,-571.81085,12.354284,-0.0,-0.080060296,12.367185,5.7999267e-05,-2.6466521e-05,0,0,0,1
1771685654436000,1771685654284000,0,1771685654284000,0,-571.798,12.354216,-0.0,-0.079492755,12.367087,1.7728593e-05,-2.5643383e-05,0,0,0,1
1771685654492000,1771685654336000,0,1771685654340000,0,-571.6577,12.354284,-0.0,-0.0842224,12.367184,5.4408552e-05,-2.8353146e-05,0,0,0,1
1771685654540000,1771685654388000,0,1771685654388000,0,-571.5696,12.354216,-0.0,-0.08997841,12.367086,6.830799e-05,-3.211701e-05,0,0,0,1
1771685654596000,1771685654440000,0,1771685654444000,0,-571.4722,12.354284,-0.0,-0.096411124,12.367184,8.101293e-05,-3.6723148e-05,0,0,0,1
1771685654644000,1771685654492000,0,1771685654492000,0,-571.4877,12.354216,-0.0,-0.09395831,12.367086,1.6018112e-05,-3.4772675e-05,0,0,0,1
1771685654700000,1771685654544000,0,1771685654548000,0,-571.3286,12.354284,-0.0,-0.09877417,12.367183,6.8078145e-05,-3.7910148e-05,0,0,0,1
1771685654748000,1771685654596000,0,1771685654596000,0,-571.29224,12.354216,-0.0,-0.0997383,12.367085,3.843401e-05,-3.7959497e-05,0,0,0,1
1771685654804000,1771685654648000,0,1771685654652000,0,-571.1617,12.354284,-0.0,-0.104969874,12.367182,7.798007e-05,-4.1729552e-05,0,0,0,1
1771685654852000,1771685654700000,0,1771685654700000,0,-571.1302,12.354216,-0.0,-0.105821826,12.3670845,4.204424e-05,-4.17592e-05,0,0,0,1
1771685654908000,1771685654752000,0,1771685654756000,0,-571.0795,12.354284,-0.0,-0.10347144,12.367182,2.1153446e-05,-3.981808e-05,0,0,0,1
1771685654956000,1771685654804000,0,1771685654804000,0,-570.9487,12.354216,-0.0,-0.10685642,12.3670845,6.285575e-05,-4.1988293e-05,0,0,0,1
1771685655012000,1771685654856000,0,1771685654860000,0,-570.87476,12.354284,-0.0,-0.10896808,12.367181,5.4050695e-05,-4.3124604e-05,0,0,0,1
1771685655060000,1771685654908000,0,1771685654908000,0,-570.86646,12.354216,-0.0,-0.10488963,12.367084,1.3950101e-05,-4.0376282e-05,0,0,0,1
1771685655116000,1771685654960000,0,1771685654964000,0,-570.74023,12.354284,-0.0,-0.105214424,12.36718,3.796174e-05,-4.0148825e-05,0,0,0,1
1771685655164000,1771685655012000,0,1771685655012000,0,-570.6614,12.354216,-0.0,-0.10617558,12.367083,4.3085973e-05,-4.042551e-05,0,0,0,1
1771685655220000,1771685655064000,0,1771685655068000,0,-570.5825,12.354284,-0.0,-0.106597714,12.367179,3.960455e-05,-4.0348175e-05,0,0,0,1
1771685655268000,1771685655116000,0,1771685655116000,0,-570.5177,12.354216,-0.0,-0.106295876,12.367082,3.4576395e-05,-3.9804458e-05,0,0,0,1
1771685655324000,1771685655168000,0,1771685655172000,0,-570.3871,12.354284,-0.0,-0.11050723,12.367179,7.374777e-05,-4.3002015e-05,0,0,0,1
1771685655372000,1771685655220000,0,1771685655220000,0,-570.37897,12.354216,-0.0,-0.10831918,12.367082,2.4639108e-05,-4.1272175e-05,0,0,0,1
1771685655428000,1771685655272000,0,1771685655276000,0,-570.2013,12.354284,-0.0,-0.11520902,12.367178,0.00010649748,-4.7416586e-05,0,0,0,1
1771685655476000,1771685655324000,0,1771685655324000,0,-570.1887,12.354216,-0.0,-0.11587262,12.367081,4.8340913e-05,-4.750366e-05,0,0,0,1
1771685655532000,1771685655376000,0,1771685655380000,0,-570.1053,12.354284,-0.0,-0.11647371,12.367177,4.8340535e-05,-4.7582496e-05,0,0,0,1
1771685655580000,1771685655428000,0,1771685655428000,0,-570.00305,12.354216,-0.0,-0.119875774,12.367081,7.530658e-05,-5.0194187e-05,0,0,0,1
1771685655636000,1771685655480000,0,1771685655484000,0,-569.99493,12.354284,-0.0,-0.115862235,12.367177,1.9311543e-05,-4.7284953e-05,0,0,0,1
1771685655684000,1771685655532000,0,1771685655532000,0,-569.83124,12.354216,-0.0,-0.12090306,12.36708,9.2785245e-05,-5.1571213e-05,0,0,0,1
1771685655740000,1771685655584000,0,1771685655588000,0,-569.76227,12.354284,-0.0,-0.12415235,12.367176,7.8102756e-05,-5.4070562e-05,0,0,0,1
1771685655788000,1771685655636000,0,1771685655636000,0,-569.7119,12.354216,-0.0,-0.12514065,12.367079,5.8635953e-05,-5.4500637e-05,0,0,0,1
1771685655844000,1771685655688000,0,1771685655692000,0,-569.64264,12.354284,-0.0,-0.12474217,12.367176,4.728447e-05,-5.382085e-05,0,0,0,1
1771685655892000,1771685655740000,0,1771685655740000,0,-569.57794,12.354216,-0.0,-0.123771764,12.367079,4.235996e-05,-5.27412e-05,0,0,0,1
1771685655948000,1771685655792000,0,1771685655796000,0,-569.45215,12.354284,-0.0,-0.12689455,12.367175,7.964412e-05,-5.5275534e-05,0,0,0,1
1771685655996000,1771685655844000,0,1771685655844000,0,-569.35956,12.354216,-0.0,-0.13171831,12.367078,0.000102594386,-5.9733105e-05,0,0,0,1
1771685656052000,1771685655896000,0,1771685655900000,0,-569.3376,12.354284,-0.0,-0.13033797,12.367175,4.4324803e-05,-5.82816e-05,0,0,0,1
1771685656100000,1771685655948000,0,1771685655948000,0,-569.2071,12.354216,-0.0,-0.13465911,12.367078,0.0001004261,-6.225173e-05,0,0,0,1
1771685656156000,1771685656000000,0,1771685656004000,0,-569.2086,12.354284,-0.0,-0.13055812,12.367174,2.6857728e-05,-5.8917514e-05,0,0,0,1
1771685656204000,1771685656052000,0,1771685656052000,0,-569.1577,12.354216,-0.0,-0.124888554,12.367077,1.6018124e-05,-5.487627e-05,0,0,0,1
1771685656260000,1771685656104000,0,1771685656108000,0,-569.02216,12.354284,-0.0,-0.124709316,12.367174,4.8921498e-05,-5.431531e-05,0,0,0,1
1771685656308000,1771685656156000,0,1771685656156000,0,-568.9903,12.354216,-0.0,-0.12084991,12.367077,2.2680953e-05,-5.1335264e-05,0,0,0,1
1771685656364000,1771685656208000,0,1771685656212000,0,-568.91125,12.354284,-0.0,-0.117020585,12.367173,2.0803693e-05,-4.84591e-05,0,0,0,1
1771685656412000,1771685656260000,0,1771685656260000,0,-568.75226,12.354216,-0.0,-0.1218258,12.367076,9.131991e-05,-5.2496714e-05,0,0,0,1
1771685656468000,1771685656312000,0,1771685656316000,0,-568.7161,12.354284,-0.0,-0.121751085,12.367173,4.7380006e-05,-5.2014704e-05,0,0,0,1
1771685656516000,1771685656364000,0,1771685656364000,0,-568.6608,12.354216,-0.0,-0.12012525,12.367076,3.531511e-05,-5.0441555e-05,0,0,0,1
1771685656572000,1771685656416000,0,1771685656420000,0,-568.59125,12.354284,-0.0,-0.11734164,12.367172,2.6534903e-05,-4.818948e-05,0,0,0,1
1771685656620000,1771685656468000,0,1771685656468000,0,-568.50745,12.354216,-0.0,-0.115970194,12.367075,3.4169396e-05,-4.6868747e-05,0,0,0,1
1771685656676000,1771685656520000,0,1771685656524000,0,-568.4239,12.354284,-0.0,-0.11474519,12.367172,3.4290977e-05,-4.5683882e-05,0,0,0,1
1771685656724000,1771685656572000,0,1771685656572000,0,-568.359,12.354216,-0.0,-0.112974375,12.367075,2.9775441e-05,-4.418526e-05,0,0,0,1
1771685656780000,1771685656624000,0,1771685656628000,0,-568.31287,12.354284,-0.0,-0.10784006,12.367172,1.1058105e-05,-4.1064588e-05,0,0,0,1
1771685656828000,1771685656676000,0,1771685656676000,0,-568.13025,12.354216,-0.0,-0.11363085,12.367075,9.271842e-05,-4.593053e-05,0,0,0,1
1771685656884000,1771685656728000,0,1771685656732000,0,-568.1317,12.354284,-0.0,-0.110866815,12.367171,2.2979315e-05,-4.3768458e-05,0,0,0,1
1771685656932000,1771685656780000,0,1771685656780000,0,-568.03845,12.354216,-0.0,-0.11038705,12.367074,3.6186808e-05,-4.3054242e-05,0,0,0,1
1771685656988000,1771685656832000,0,1771685656836000,0,-567.9549,12.354284,-0.0,-0.10997548,12.367171,3.6353762e-05,-4.242304e-05,0,0,0,1
1771685657036000,1771685656884000,0,1771685656884000,0,-567.829,12.354216,-0.0,-0.11470266,12.367074,8.296231e-05,-4.6241956e-05,0,0,0,1
1771685657092000,1771685656936000,0,1771685656940000,0,-567.75995,12.354284,-0.0,-0.11763334,12.367171,6.876731e-05,-4.836391e-05,0,0,0,1
1771685657140000,1771685656988000,0,1771685656988000,0,-567.7189,12.354216,-0.0,-0.117349856,12.367074,4.2495634e-05,-4.78111e-05,0,0,0,1
1771685657196000,1771685657040000,0,1771685657044000,0,-567.5978,12.354284,-0.0,-0.12056014,12.36717,7.4165735e-05,-5.0293784e-05,0,0,0,1
1771685657244000,1771685657092000,0,1771685657092000,0,-567.5333,12.354216,-0.0,-0.12270329,12.367074,6.642772e-05,-5.1813648e-05,0,0,0,1
1771685657300000,1771685657144000,0,1771685657148000,0,-567.47815,12.354284,-0.0,-0.1218847,12.36717,4.204395e-05,-5.0893315e-05,0,0,0,1
1771685657348000,1771685657196000,0,1771685657196000,0,-567.36176,12.354216,-0.0,-0.12528875,12.367073,8.07639e-05,-5.3707212e-05,0,0,0,1
1771685657404000,1771685657248000,0,1771685657252000,0,-567.3631,12.354284,-0.0,-0.12031682,12.36717,1.7005235e-05,-5.024978e-05,0,0,0,1
1771685657452000,1771685657300000,0,1771685657300000,0,-567.23694,12.354216,-0.0,-0.12089023,12.367073,5.1678915e-05,-5.0384406e-05,0,0,0,1
1771685657508000,1771685657352000,0,1771685657356000,0,-567.19574,12.354284,-0.0,-0.11737909,12.367169,2.2614706e-05,-4.776842e-05,0,0,0,1
1771685657556000,1771685657404000,0,1771685657404000,0,-567.0885,12.354216,-0.0,-0.11752778,12.367073,4.5769575e-05,-4.758012e-05,0,0,0,1
1771685657612000,1771685657456000,0,1771685657460000,0,-567.04254,12.354284,-0.0,-0.11412641,12.367169,2.144181e-05,-4.5117817e-05,0,0,0,1
1771685657660000,1771685657508000,0,1771685657508000,0,-566.95404,12.354216,-0.0,-0.11259787,12.367073,3.1000018e-05,-4.3787877e-05,0,0,0,1
1771685657716000,1771685657560000,0,1771685657564000,0,-566.922,12.354284,-0.0,-0.10634334,12.367169,6.904648e-06,-4.031337e-05,0,0,0,1
1771685657764000,1771685657612000,0,1771685657612000,0,-566.7533,12.354216,-0.0,-0.10979701,12.367072,6.614512e-05,-4.2746797e-05,0,0,0,1
1771685657820000,1771685657664000,0,1771685657668000,0,-566.67944,12.354284,-0.0,-0.11201688,12.367169,5.7524478e-05,-4.41389e-05,0,0,0,1
1771685657868000,1771685657716000,0,1771685657716000,0,-566.62897,12.354216,-0.0,-0.11199225,12.367072,4.0395214e-05,-4.3786233e-05,0,0,0,1
1771685657924000,1771685657768000,0,1771685657772000,0,-566.53595,12.354284,-0.0,-0.11280939,12.367169,4.7093738e-05,-4.409781e-05,0,0,0,1
1771685657972000,1771685657820000,0,1771685657820000,0,-566.49475,12.354216,-0.0,-0.11061146,12.367072,2.5895313e-05,-4.2383082e-05,0,0,0,1
1771685658028000,1771685657872000,0,1771685657876000,0,-566.472,12.354284,-0.0,-0.10285365,12.367168,2.5829252e-06,-3.8633792e-05,0,0,0,1
1771685658076000,1771685657924000,0,1771685657924000,0,-566.322,12.354216,-0.0,-0.103168994,12.367072,3.647974e-05,-3.8430873e-05,0,0,0,1
1771685658132000,1771685657976000,0,1771685657980000,0,-566.2337,12.354284,-0.0,-0.10393761,12.367168,4.0086627e-05,-3.858685e-05,0,0,0,1
1771685658180000,1771685658028000,0,1771685658028000,0,-566.1783,12.354216,-0.0,-0.1031389,12.367072,2.9473162e-05,-3.7728314e-05,0,0,0,1
1771685658236000,1771685658080000,0,1771685658084000,0,-566.08984,12.354284,-0.0,-0.102927156,12.367168,3.2922708e-05,-3.727561e-05,0,0,0,1
1771685658284000,1771685658132000,0,1771685658132000,0,-566.05786,12.354216,-0.0,-0.099044055,12.367071,1.23156e-05,-3.4924306e-05,0,0,0,1
1771685658340000,1771685658184000,0,1771685658188000,0,-565.9833,12.354284,-0.0,-0.09478504,12.367168,9.3731815e-06,-3.2517317e-05,0,0,0,1
1771685658388000,1771685658236000,0,1771685658236000,0,-565.86163,12.354216,-0.0,-0.09568223,12.367071,3.5191468e-05,-3.276923e-05,0,0,0,1
1771685658444000,1771685658288000,0,1771685658292000,0,-565.8484,12.354284,-0.0,-0.08994601,12.367168,3.91471e-06,-3.005105e-05,0,0,0,1
1771685658492000,1771685658340000,0,1771685658340000,0,-565.7501,12.354216,-0.0,-0.087308764,12.367071,1.2413245e-05,-2.8389517e-05,0,0,0,1
1771685658548000,1771685658392000,0,1771685658396000,0,-565.6474,12.354284,-0.0,-0.086777106,12.367168,2.1570593e-05,-2.7747155e-05,0,0,0,1
1771685658596000,1771685658444000,0,1771685658444000,0,-565.58234,12.354216,-0.0,-0.08569757,12.367071,1.8347782e-05,-2.6861708e-05,0,0,0,1
1771685658652000,1771685658496000,0,1771685658500000,0,-565.4938,12.354284,-0.0,-0.085231446,12.367167,2.1089658e-05,-2.6317965e-05,0,0,0,1
1771685658700000,1771685658548000,0,1771685658548000,0,-565.3959,12.354216,-0.0,-0.08729885,12.367071,3.7153717e-05,-2.7338723e-05,0,0,0,1
1771685658756000,1771685658600000,0,1771685658604000,0,-565.3263,12.354284,-0.0,-0.08788931,12.367167,2.8316148e-05,-2.7430799e-05,0,0,0,1
1771685658804000,1771685658652000,0,1771685658652000,0,-565.27545,12.354216,-0.0,-0.08645777,12.367071,1.7091366e-05,-2.6456793e-05,0,0,0,1
1771685658860000,1771685658704000,0,1771685658708000,0,-565.2197,12.354284,-0.0,-0.08250472,12.367167,6.4033156e-06,-2.4567698e-05,0,0,0,1
1771685658908000,1771685658756000,0,1771685658756000,0,-565.0887,12.354216,-0.0,-0.084507,12.367071,3.482179e-05,-2.5533664e-05,0,0,0,1
1771685658964000,1771685658808000,0,1771685658812000,0,-565.0473,12.354284,-0.0,-0.08234189,12.367167,1.2242523e-05,-2.4281599e-05,0,0,0,1
1771685659012000,1771685658860000,0,1771685658860000,0,-564.9351,12.354216,-0.0,-0.08418127,12.367071,3.3563396e-05,-2.515597e-05,0,0,0,1
1771685659068000,1771685658912000,0,1771685658916000,0,-564.85614,12.354284,-0.0,-0.08540466,12.367167,3.0537674e-05,-2.5662943e-05,0,0,0,1
1771685659116000,1771685658964000,0,1771685658964000,0,-564.81006,12.354216,-0.0,-0.084080674,12.36707,1.646578e-05,-2.4796544e-05,0,0,0,1
1771685659172000,1771685659016000,0,1771685659020000,0,-564.7637,12.354284,-0.0,-0.07936261,12.367167,3.7381803e-06,-2.2812785e-05,0,0,0,1
1771685659220000,1771685659068000,0,1771685659068000,0,-564.6137,12.354216,-0.0,-0.082454346,12.36707,4.0704675e-05,-2.4498253e-05,0,0,0,1
1771685659276000,1771685659120000,0,1771685659124000,0,-564.6522,12.354284,0.010192871,-0.073726706,12.367167,3.3603368e-07,-2.215879e-05,0,0,0,1
1771685659324000,1771685659172000,0,1771685659172000,0,-564.4503,12.354216,-0.0,-0.07802783,12.36707,4.6098943e-05,-2.4414023e-05,0,0,0,1
1771685659380000,1771685659224000,0,1771685659228000,0,-564.3996,12.354284,-0.0,-0.07880169,12.367167,2.4056597e-05,-2.4380352e-05,0,0,0,1
1771685659428000,1771685659276000,0,1771685659276000,0,-564.3581,12.354216,-0.0,-0.07660481,12.36707,9.955912e-06,-2.3021528e-05,0,0,0,1
1771685659484000,1771685659328000,0,1771685659332000,0,-564.2318,12.354284,-0.0,-0.07859367,12.367167,3.0883926e-05,-2.376219e-05,0,0,0,1
1771685659532000,1771685659380000,0,1771685659380000,0,-564.14813,12.354216,-0.0,-0.08147036,12.36707,3.8520182e-05,-2.5152436e-05,0,0,0,1
1771685659588000,1771685659432000,0,1771685659436000,0,-564.0504,12.354284,-0.0,-0.08533525,12.367167,4.8533835e-05,-2.7355032e-05,0,0,0,1
1771685659636000,1771685659484000,0,1771685659484000,0,-564.06555,12.354216,-0.0,-0.08056224,12.36707,3.887317e-06,-2.5144305e-05,0,0,0,1
1771685659692000,1771685659536000,0,1771685659540000,0,-563.9579,12.354284,-0.0,-0.0784295,12.367167,1.0851312e-05,-2.3797864e-05,0,0,0,1
1771685659740000,1771685659588000,0,1771685659588000,0,-563.87384,12.354216,-0.0,-0.07757286,12.36707,1.5549267e-05,-2.3020822e-05,0,0,0,1
1771685659796000,1771685659640000,0,1771685659644000,0,-563.78986,12.354284,-0.0,-0.07676817,12.3671665,1.5412572e-05,-2.2304102e-05,0,0,0,1
1771685659844000,1771685659692000,0,1771685659692000,0,-563.66376,12.354216,-0.0,-0.08111626,12.36707,4.887336e-05,-2.4807003e-05,0,0,0,1
1771685659900000,1771685659744000,0,1771685659748000,0,-563.6178,12.354284,-0.0,-0.08143819,12.3671665,2.3112634e-05,-2.4647388e-05,0,0,0,1
1771685659948000,1771685659796000,0,1771685659796000,0,-563.5622,12.354216,-0.0,-0.08013138,12.36707,1.4765513e-05,-2.3716488e-05,0,0,0,1
1771685660004000,1771685659848000,0,1771685659852000,0,-563.483,12.354284,-0.0,-0.078476205,12.3671665,1.2658948e-05,-2.2674836e-05,0,0,0,1
1771685660052000,1771685659900000,0,1771685659900000,0,-563.3802,12.354216,-0.0,-0.07985754,12.36707,2.8058364e-05,-2.318198e-05,0,0,0,1
1771685660108000,1771685659952000,0,1771685659956000,0,-563.3246,12.354284,-0.0,-0.0784639,12.3671665,1.3691919e-05,-2.2287988e-05,0,0,0,1
1771685660156000,1771685660004000,0,1771685660004000,0,-563.2688,12.354216,-0.0,-0.07569512,12.36707,7.788707e-06,-2.0922114e-05,0,0,0,1
1771685660212000,1771685660056000,0,1771685660060000,0,-563.1941,12.354284,-0.0,-0.072347715,12.3671665,5.2167698e-06,-1.9442625e-05,0,0,0,1
1771685660260000,1771685660108000,0,1771685660108000,0,-563.1287,12.354216,-0.0,-0.068637185,12.36707,3.5135067e-06,-1.7942055e-05,0,0,0,1
1771685660316000,1771685660160000,0,1771685660164000,0,-563.0163,12.354284,-0.0,-0.06794405,12.3671665,1.2145554e-05,-1.7396007e-05,0,0,0,1
1771685660364000,1771685660212000,0,1771685660212000,0,-562.9417,12.354216,-0.0,-0.0675232,12.36707,1.3032267e-05,-1.698493e-05,0,0,0,1
1771685660420000,1771685660264000,0,1771685660268000,0,-562.8719,12.354284,-0.0,-0.06582531,12.3671665,7.92486e-06,-1.6131446e-05,0,0,0,1
1771685660468000,1771685660316000,0,1771685660316000,0,-562.783,12.354216,-0.0,-0.06588579,12.36707,1.4289237e-05,-1.5957905e-05,0,0,0,1
1771685660524000,1771685660368000,0,1771685660372000,0,-562.7179,12.354284,-0.0,-0.06416967,12.3671665,7.349401e-06,-1.51469585e-05,0,0,0,1
1771685660572000,1771685660420000,0,1771685660420000,0,-562.5915,12.354216,-0.0,-0.06769793,12.36707,3.3402714e-05,-1.6866703e-05,0,0,0,1
1771685660628000,1771685660472000,0,1771685660476000,0,-562.5595,12.354284,-0.0,-0.06601808,12.3671665,8.042554e-06,-1.6035443e-05,0,0,0,1
1771685660676000,1771685660524000,0,1771685660524000,0,-562.4754,12.354216,-0.0,-0.06561767,12.367069,1.2339977e-05,-1.568732e-05,0,0,0,1
1771685660732000,1771685660576000,0,1771685660580000,0,-562.4102,12.354284,-0.0,-0.063512824,12.3671665,6.0567877e-06,-1.4780096e-05,0,0,0,1
1771685660780000,1771685660628000,0,1771685660628000,0,-562.3965,12.354216,0.014953613,-0.05612106,12.367069,7.232451e-07,-1.3319635e-05,0,0,0,1
1771685660836000,1771685660680000,0,1771685660684000,0,-562.24146,12.354284,-0.0,-0.05617,12.3671665,1.037638e-05,-1.3042372e-05,0,0,0,1
1771685660884000,1771685660732000,0,1771685660732000,0,-562.18085,12.354216,-0.0,-0.055173643,12.367069,6.7234864e-06,-1.2447115e-05,0,0,0,1
1771685660940000,1771685660784000,0,1771685660788000,0,-562.09674,12.354284,-0.0,-0.054357387,12.3671665,6.9961616e-06,-1.193362e-05,0,0,0,1
1771685660988000,1771685660836000,0,1771685660836000,0,-562.02203,12.354216,-0.0,-0.05391701,12.367069,7.983662e-06,-1.1561522e-05,0,0,0,1
1771685661044000,1771685660888000,0,1771685660892000,0,-561.9097,12.354284,-0.0,-0.056254968,12.3671665,2.005069e-05,-1.2361226e-05,0,0,0,1
1771685661092000,1771685660940000,0,1771685660940000,0,-561.89166,12.354216,-0.0,-0.05330146,12.367069,2.0057355e-06,-1.1385709e-05,0,0,0,1
1771685661148000,1771685660992000,0,1771685660996000,0,-561.7932,12.354284,-0.0,-0.052011855,12.3671665,5.0750377e-06,-1.0791225e-05,0,0,0,1
1771685661196000,1771685661044000,0,1771685661044000,0,-561.6856,12.354216,-0.0,-0.054184303,12.367069,1.822903e-05,-1.1491888e-05,0,0,0,1
1771685661252000,1771685661096000,0,1771685661100000,0,-561.6064,12.354284,-0.0,-0.055715125,12.3671665,1.6045806e-05,-1.192088e-05,0,0,0,1
1771685661300000,1771685661148000,0,1771685661148000,0,-561.438,12.354216,-0.0,-0.06616325,12.367069,8.980047e-05,-1.9257364e-05,0,0,0,1
1771685661356000,1771685661200000,0,1771685661204000,0,-561.4582,12.354284,-0.0,-0.06582391,12.3671665,1.2658948e-05,-1.8635774e-05,0,0,0,1
1771685661404000,1771685661252000,0,1771685661252000,0,-561.3507,12.354216,-0.0,-0.06884561,12.367069,3.1000025e-05,-1.9800522e-05,0,0,0,1
1771685661460000,1771685661304000,0,1771685661308000,0,-561.267,12.354284,-0.0,-0.071519405,12.3671665,3.0576055e-05,-2.0815609e-05,0,0,0,1
1771685661508000,1771685661356000,0,1771685661356000,0,-561.2209,12.354216,-0.0,-0.07144596,12.367069,1.6185279e-05,-2.0379419e-05,0,0,0,1
1771685661564000,1771685661408000,0,1771685661412000,0,-561.0806,12.354284,-0.0,-0.07665189,12.3671665,5.192836e-05,-2.335142e-05,0,0,0,1
1771685661612000,1771685661460000,0,1771685661460000,0,-561.1193,12.354216,-0.0,-0.07090873,12.367069,7.9582867e-07,-2.1226617e-05,0,0,0,1
1771685661668000,1771685661512000,0,1771685661516000,0,-561.0302,12.354284,-0.0,-0.06616657,12.3671665,1.3683893e-06,-1.9355914e-05,0,0,0,1
1771685661716000,1771685661564000,0,1771685661564000,0,-560.95526,12.354216,-0.0,-0.06210687,12.367069,1.7216186e-06,-1.7694712e-05,0,0,0,1
1771685661772000,1771685661616000,0,1771685661620000,0,-560.8334,12.354284,-0.0,-0.061971415,12.3671665,1.1904815e-05,-1.7149287e-05,0,0,0,1
1771685661820000,1771685661668000,0,1771685661668000,0,-560.7541,12.354216,-0.0,-0.062481184,12.367069,1.4685593e-05,-1.69172e-05,0,0,0,1
1771685661876000,1771685661720000,0,1771685661724000,0,-560.703,12.354284,-0.0,-0.0598266,12.3671665,3.8055946e-06,-1.5682048e-05,0,0,0,1
1771685661924000,1771685661772000,0,1771685661772000,0,-560.6,12.354216,-0.0,-0.06032568,12.367069,1.3717728e-05,-1.5497004e-05,0,0,0,1
1771685661980000,1771685661824000,0,1771685661828000,0,-560.5536,12.354284,-0.0,-0.057247434,12.3671665,2.4725568e-06,-1.4270063e-05,0,0,0,1
1771685662028000,1771685661876000,0,1771685661876000,0,-560.41766,12.354216,-0.0,-0.060438845,12.367069,2.6857955e-05,-1.5455878e-05,0,0,0,1
1771685662084000,1771685661928000,0,1771685661932000,0,-560.3809,12.354284,-0.0,-0.05883336,12.3671665,6.091007e-06,-1.457368e-05,0,0,0,1
1771685662132000,1771685661980000,0,1771685661980000,0,-560.30145,12.354216,-0.0,-0.05804608,12.367069,8.240704e-06,-1.39770955e-05,0,0,0,1
1771685662188000,1771685662032000,0,1771685662036000,0,-560.1704,12.354284,-0.0,-0.061765973,12.3671665,3.0768297e-05,-1.5558875e-05,0,0,0,1
1771685662236000,1771685662084000,0,1771685662084000,0,-560.1947,12.354216,-0.0,-0.056079682,12.367069,6.373955e-09,-1.4093785e-05,0,0,0,1
1771685662292000,1771685662136000,0,1771685662140000,0,-560.09607,12.354284,-0.0,-0.05234923,12.3671665,8.7836986e-07,-1.2848854e-05,0,0,0,1
1771685662340000,1771685662188000,0,1771685662188000,0,-559.9977,12.354216,-0.0,-0.05148856,12.367069,6.0397624e-06,-1.2207417e-05,0,0,0,1
1771685662396000,1771685662240000,0,1771685662244000,0,-559.9605,12.354284,0.003112793,-0.046344955,12.3671665,3.133937e-08,-1.1054491e-05,0,0,0,1
1771685662444000,1771685662292000,0,1771685662292000,0,-559.8712,12.354216,-0.0,-0.04335905,12.367069,6.940261e-07,-1.0078505e-05,0,0,0,1
1771685662500000,1771685662344000,0,1771685662348000,0,-559.77747,12.354284,-0.0,-0.041631874,12.3671665,2.0254317e-06,-9.319881e-06,0,0,0,1
1771685662548000,1771685662396000,0,1771685662396000,0,-559.6744,12.354216,-0.0,-0.043022744,12.367069,1.0287202e-05,-9.4110055e-06,0,0,0,1
1771685662604000,1771685662448000,0,1771685662452000,0,-559.65607,12.354284,0.008850098,-0.038136173,12.3671665,2.5332957e-07,-8.500597e-06,0,0,0,1
1771685662652000,1771685662500000,0,1771685662500000,0,-559.5621,12.354216,-0.0,-0.035802815,12.367069,5.778852e-07,-7.7542545e-06,0,0,0,1
1771685662708000,1771685662552000,0,1771685662556000,0,-559.51526,12.354284,0.023010254,-0.030262453,12.3671665,1.7125079e-06,-6.862458e-06,0,0,0,1
1771685662756000,1771685662604000,0,1771685662604000,0,-559.393,12.354216,-0.0,-0.030050749,12.367069,2.5385089e-06,-6.4551296e-06,0,0,0,1
1771685662812000,1771685662656000,0,1771685662660000,0,-559.2571,12.354284,-0.0,-0.034866966,12.3671665,2.1313423e-05,-7.854824e-06,0,0,0,1
1771685662860000,1771685662708000,0,1771685662708000,0,-559.2296,12.354216,-0.0,-0.035124205,12.367069,4.57209e-06,-7.5455805e-06,0,0,0,1
1771685662916000,1771685662760000,0,1771685662764000,0,-559.1736,12.354284,-0.0,-0.032827348,12.3671665,3.7322886e-07,-6.869924e-06,0,0,0,1
1771685662964000,1771685662812000,0,1771685662812000,0,-559.0657,12.354216,-0.0,-0.034202423,12.367069,7.2743696e-06,-6.9080243e-06,0,0,0,1
1771685663020000,1771685662864000,0,1771685662868000,0,-559.0238,12.354284,-0.0,-0.03158992,12.3671665,1.3538222e-07,-6.270022e-06,0,0,0,1
1771685663068000,1771685662916000,0,1771685662916000,0,-558.9253,12.354216,-0.0,-0.031787887,12.367069,3.6713982e-06,-6.025224e-06,0,0,0,1
1771685663124000,1771685662968000,0,1771685662972000,0,-558.85046,12.354284,-0.0,-0.031196745,12.3671665,2.105244e-06,-5.6559506e-06,0,0,0,1
1771685663172000,1771685663020000,0,1771685663020000,0,-558.7474,12.354216,-0.0,-0.03361088,12.367069,1.0443659e-05,-6.106967e-06,0,0,0,1
1771685663228000,1771685663072000,0,1771685663076000,0,-558.71967,12.354284,-0.0,-0.030576881,12.3671665,6.3739045e-09,-5.532273e-06,0,0,0,1
1771685663276000,1771685663124000,0,1771685663124000,0,-558.6164,12.354216,-0.0,-0.030818531,12.367069,3.5526546e-06,-5.345787e-06,0,0,0,1
1771685663332000,1771685663176000,0,1771685663180000,0,-558.53217,12.354284,-0.0,-0.03114666,12.3671665,3.8055946e-06,-5.2006963e-06,0,0,0,1
1771685663380000,1771685663228000,0,1771685663228000,0,-558.47614,12.354216,-0.0,-0.029983459,12.367069,1.1430225e-06,-4.8184515e-06,0,0,0,1
1771685663436000,1771685663280000,0,1771685663284000,0,-558.373,12.354284,-0.0,-0.030809982,12.3671665,4.8584457e-06,-4.822219e-06,0,0,0,1
1771685663484000,1771685663332000,0,1771685663332000,0,-558.3076,12.354216,-0.0,-0.030989425,12.367069,3.461648e-06,-4.6940495e-06,0,0,0,1
1771685663540000,1771685663384000,0,1771685663388000,0,-558.2186,12.354284,-0.0,-0.031738434,12.3671665,4.9044606e-06,-4.713871e-06,0,0,0,1
1771685663588000,1771685663436000,0,1771685663436000,0,-558.12506,12.354216,-0.0,-0.03450977,12.367069,1.2097309e-05,-5.4094126e-06,0,0,0,1
1771685663644000,1771685663488000,0,1771685663492000,0,-558.0505,12.354284,-0.0,-0.03623233,12.3671665,9.01534e-06,-5.7491015e-06,0,0,0,1
1771685663692000,1771685663540000,0,1771685663540000,0,-558.00397,12.354216,-0.0,-0.03542375,12.367069,2.4725764e-06,-5.440443e-06,0,0,0,1
1771685663748000,1771685663592000,0,1771685663596000,0,-557.87744,12.354284,-0.0,-0.038802367,12.3671665,1.6437492e-05,-6.476397e-06,0,0,0,1
1771685663796000,1771685663644000,0,1771685663644000,0,-557.85925,12.354216,-0.0,-0.03686623,12.367069,1.0771984e-06,-5.967777e-06,0,0,0,1
1771685663852000,1771685663696000,0,1771685663700000,0,-557.7514,12.354284,-0.0,-0.037452605,12.3671665,6.00564e-06,-5.971344e-06,0,0,0,1
1771685663900000,1771685663748000,0,1771685663748000,0,-557.65784,12.354216,-0.0,-0.040082376,12.367069,1.3820771e-05,-6.7107826e-06,0,0,0,1
1771685663956000,1771685663800000,0,1771685663804000,0,-557.5739,12.354284,-0.0,-0.042539164,12.3671665,1.4158214e-05,-7.4123523e-06,0,0,0,1
1771685664004000,1771685663852000,0,1771685663852000,0,-557.5181,12.354216,-0.0,-0.043281093,12.367069,8.220787e-06,-7.4885093e-06,0,0,0,1
1771685664060000,1771685663904000,0,1771685663908000,0,-557.4622,12.354284,-0.0,-0.041348524,12.3671665,1.6763611e-06,-6.940988e-06,0,0,0,1
1771685664108000,1771685663956000,0,1771685663956000,0,-557.36383,12.354216,-0.0,-0.042110622,12.367069,7.905391e-06,-7.0318374e-06,0,0,0,1
1771685664164000,1771685664008000,0,1771685664012000,0,-557.2656,12.354284,-0.0,-0.0442096,12.3671665,1.3410804e-05,-7.632754e-06,0,0,0,1
1771685664212000,1771685664060000,0,1771685664060000,0,-557.22864,12.354216,-0.0,-0.042862274,12.367069,2.8929803e-06,-7.1862537e-06,0,0,0,1
1771685664268000,1771685664112000,0,1771685664116000,0,-557.13025,12.354284,-0.0,-0.043067794,12.3671665,6.562399e-06,-7.127485e-06,0,0,0,1
1771685664316000,1771685664164000,0,1771685664164000,0,-557.0368,12.354216,-0.0,-0.045318093,12.367069,1.4499952e-05,-7.821993e-06,0,0,0,1
1771685664372000,1771685664216000,0,1771685664220000,0,-556.99036,12.354284,-0.0,-0.043866344,12.3671665,2.8929576e-06,-7.3576634e-06,0,0,0,1
1771685664420000,1771685664268000,0,1771685664268000,0,-556.8826,12.354216,-0.0,-0.04593792,12.367069,1.4028014e-05,-7.98603e-06,0,0,0,1
1771685664476000,1771685664320000,0,1771685664324000,0,-556.84564,12.354284,-0.0,-0.043461837,12.3671665,1.2492853e-06,-7.3514093e-06,0,0,0,1
1771685664524000,1771685664372000,0,1771685664372000,0,-556.7519,12.354216,-0.0,-0.04332339,12.367069,5.703352e-06,-7.1961576e-06,0,0,0,1
1771685664580000,1771685664424000,0,1771685664428000,0,-556.6584,12.354284,-0.0,-0.04420993,12.3671665,8.994507e-06,-7.3655674e-06,0,0,0,1
1771685664628000,1771685664476000,0,1771685664476000,0,-556.5743,12.354216,-0.0,-0.046243392,12.367069,1.4002025e-05,-7.990741e-06,0,0,0,1
1771685664684000,1771685664528000,0,1771685664532000,0,-556.5795,12.354284,0.022277832,-0.039788492,12.3671665,1.6052239e-06,-7.0867736e-06,0,0,0,1
1771685664732000,1771685664580000,0,1771685664580000,0,-556.5371,12.354216,0.05090332,-0.03124506,12.367069,8.380799e-06,-5.629683e-06,0,0,0,1
1771685664788000,1771685664632000,0,1771685664636000,0,-556.363,12.354284,-0.0,-0.032165475,12.3671665,5.4411216e-06,-5.61192e-06,0,0,0,1
1771685664836000,1771685664684000,0,1771685664684000,0,-556.2882,12.354216,-0.0,-0.033378664,12.367069,6.562451e-06,-5.701463e-06,0,0,0,1
1771685664892000,1771685664736000,0,1771685664740000,0,-556.2604,12.354284,0.0095825195,-0.029331597,12.3671665,2.9699504e-07,-5.136391e-06,0,0,0,1
1771685664940000,1771685664788000,0,1771685664788000,0,-556.2039,12.354216,0.023803711,-0.024326097,12.367069,1.8326627e-06,-4.479886e-06,0,0,0,1
1771685664996000,1771685664840000,0,1771685664844000,0,-556.07697,12.354284,-0.0,-0.024006652,12.3671665,1.4175491e-06,-4.191405e-06,0,0,0,1
1771685665044000,1771685664892000,0,1771685664892000,0,-555.9739,12.354216,-0.0,-0.026810631,12.367069,9.352014e-06,-4.6775494e-06,0,0,0,1
1771685665100000,1771685664944000,0,1771685664948000,0,-555.93677,12.354284,-0.0,-0.025112947,12.3671665,2.4984743e-07,-4.260447e-06,0,0,0,1
1771685665148000,1771685664996000,0,1771685664996000,0,-555.7866,12.354216,-0.0,-0.031084284,12.367069,2.5333158e-05,-6.2455574e-06,0,0,0,1
1771685665204000,1771685665048000,0,1771685665052000,0,-555.79675,12.354284,0.0037231445,-0.027805323,12.3671665,4.4834216e-08,-5.6529843e-06,0,0,0,1
1771685665252000,1771685665100000,0,1771685665100000,0,-555.6934,12.354216,-0.0,-0.027911333,12.367069,2.7071355e-06,-5.3754766e-06,0,0,0,1
1771685665308000,1771685665152000,0,1771685665156000,0,-555.60443,12.354284,-0.0,-0.028657071,12.3671665,4.1517014e-06,-5.2601936e-06,0,0,0,1
1771685665356000,1771685665204000,0,1771685665204000,0,-555.5296,12.354216,-0.0,-0.029735038,12.367069,5.200967e-06,-5.2546143e-06,0,0,0,1
1771685665412000,1771685665256000,0,1771685665260000,0,-555.47363,12.354284,-0.0,-0.028227592,12.3671665,6.0997905e-07,-4.817076e-06,0,0,0,1
1771685665460000,1771685665308000,0,1771685665308000,0,-555.3846,12.354216,-0.0,-0.028581308,12.367069,3.3083838e-06,-4.674953e-06,0,0,0,1
1771685665516000,1771685665360000,0,1771685665364000,0,-555.3754,12.354284,0.041381836,-0.021990577,12.3671665,5.5387186e-06,-3.7127952e-06,0,0,0,1
1771685665564000,1771685665412000,0,1771685665412000,0,-555.20605,12.354216,-0.0,-0.02529496,12.367069,1.0533593e-05,-4.355334e-06,0,0,0,1
1771685665620000,1771685665464000,0,1771685665468000,0,-555.1408,12.354284,-0.0,-0.026666649,12.3671665,5.137789e-06,-4.4290437e-06,0,0,0,1
1771685665668000,1771685665516000,0,1771685665516000,0,-555.06604,12.354216,-0.0,-0.02829435,12.367069,6.246235e-06,-4.6002283e-06,0,0,0,1
1771685665724000,1771685665568000,0,1771685665572000,0,-555.0242,12.354284,-0.0,-0.02597392,12.3671665,4.337629e-08,-4.1709595e-06,0,0,0,1
1771685665772000,1771685665620000,0,1771685665620000,0,-554.92554,12.354216,-0.0,-0.026516939,12.367069,3.258067e-06,-4.0849623e-06,0,0,0,1
1771685665828000,1771685665672000,0,1771685665676000,0,-554.893,12.354284,0.017822266,-0.022340057,12.3671665,1.0273433e-06,-3.6033682e-06,0,0,0,1
1771685665876000,1771685665724000,0,1771685665724000,0,-554.76135,12.354216,-0.0,-0.024323588,12.367069,6.091055e-06,-3.8377157e-06,0,0,0,1
1771685665932000,1771685665776000,0,1771685665780000,0,-554.696,12.354284,-0.0,-0.024562098,12.3671665,2.3326804e-06,-3.695937e-06,0,0,0,1
1771685665980000,1771685665828000,0,1771685665828000,0,-554.6258,12.354216,-0.0,-0.024743643,12.367069,2.2695135e-06,-3.5615637e-06,0,0,0,1
1771685666036000,1771685665880000,0,1771685665884000,0,-554.565,12.354284,-0.0,-0.022918692,12.3671665,9.3307214e-08,-3.234844e-06,0,0,0,1
1771685666084000,1771685665932000,0,1771685665932000,0,-554.49457,12.354216,-0.0,-0.021259908,12.367069,9.119937e-08,-2.9387033e-06,0,0,0,1
1771685666140000,1771685665984000,0,1771685665988000,0,-554.42896,12.354284,0.011108398,-0.018210718,12.3671665,3.9911006e-07,-2.6242717e-06,0,0,0,1
1771685666188000,1771685666036000,0,1771685666036000,0,-554.35846,12.354216,0.011230469,-0.015437273,12.367069,4.0793313e-07,-2.3386292e-06,0,0,0,1
1771685666244000,1771685666088000,0,1771685666092000,0,-554.2644,12.354284,-0.0,-0.014040534,12.3671665,1.204897e-09,-2.1184371e-06,0,0,0,1
1771685666292000,1771685666140000,0,1771685666140000,0,-554.16113,12.354216,-0.0,-0.015834207,12.367069,3.5395813e-06,-2.252313e-06,0,0,0,1
1771685666348000,1771685666192000,0,1771685666196000,0,-554.05817,12.354284,-0.0,-0.019442553,12.3671665,9.479755e-06,-2.933159e-06,0,0,0,1
1771685666396000,1771685666244000,0,1771685666244000,0,-553.98816,12.354216,-0.0,-0.022653485,12.367069,9.267284e-06,-3.5298522e-06,0,0,0,1
1771685666452000,1771685666296000,0,1771685666300000,0,-553.9323,12.354284,-0.0,-0.023083823,12.3671665,2.3967327e-06,-3.423109e-06,0,0,0,1
1771685666500000,1771685666348000,0,1771685666348000,0,-553.86206,12.354216,-0.0,-0.023398874,12.367069,2.259067e-06,-3.313453e-06,0,0,0,1
1771685666556000,1771685666400000,0,1771685666404000,0,-553.7778,12.354284,-0.0,-0.023850989,12.3671665,2.5717802e-06,-3.243585e-06,0,0,0,1
1771685666604000,1771685666452000,0,1771685666452000,0,-553.7733,12.354216,0.038269043,-0.017999101,12.367069,4.7368367e-06,-2.4918063e-06,0,0,0,1
1771685666660000,1771685666504000,0,1771685666508000,0,-553.64624,12.354284,-0.0,-0.016941749,12.3671665,1.4845536e-07,-2.2710558e-06,0,0,0,1
1771685666708000,1771685666556000,0,1771685666556000,0,-553.52893,12.354216,-0.0,-0.020371014,12.367069,9.203991e-06,-2.9241585e-06,0,0,0,1
1771685666764000,1771685666608000,0,1771685666612000,0,-553.5059,12.354284,0.0053710938,-0.017946033,12.3671665,9.3307214e-08,-2.6399046e-06,0,0,0,1
1771685666812000,1771685666660000,0,1771685666660000,0,-553.4025,12.354216,-0.0,-0.018871574,12.367069,2.4944575e-06,-2.626203e-06,0,0,0,1
1771685666868000,1771685666712000,0,1771685666716000,0,-553.36053,12.354284,0.0115356445,-0.016007125,12.3671665,4.3040123e-07,-2.338262e-06,0,0,0,1
1771685666916000,1771685666764000,0,1771685666764000,0,-553.23834,12.354216,-0.0,-0.018305503,12.367069,5.2804303e-06,-2.6154228e-06,0,0,0,1
1771685666972000,1771685666816000,0,1771685666820000,0,-553.1683,12.354284,-0.0,-0.019306423,12.3671665,2.7071142e-06,-2.6240605e-06,0,0,0,1
1771685667020000,1771685666868000,0,1771685666868000,0,-553.1028,12.354216,-0.0,-0.019776078,12.367069,1.90862e-06,-2.556664e-06,0,0,0,1
1771685667076000,1771685666920000,0,1771685666924000,0,-553.0091,12.354284,-0.0,-0.021374427,12.3671665,4.3665946e-06,-2.7271647e-06,0,0,0,1
1771685667124000,1771685666972000,0,1771685666972000,0,-552.9718,12.354216,-0.0,-0.019757623,12.367069,5.7365597e-08,-2.4756619e-06,0,0,0,1
1771685667180000,1771685667024000,0,1771685667028000,0,-552.8592,12.354284,-0.0,-0.021213967,12.3671665,4.0114514e-06,-2.6203377e-06,0,0,0,1
1771685667228000,1771685667076000,0,1771685667076000,0,-552.775,12.354216,-0.0,-0.023855548,12.367069,7.846941e-06,-3.1126988e-06,0,0,0,1
1771685667284000,1771685667128000,0,1771685667132000,0,-552.73785,12.354284,-0.0,-0.022051012,12.3671665,7.1438336e-08,-2.8262032e-06,0,0,0,1
1771685667332000,1771685667180000,0,1771685667180000,0,-552.6721,12.354216,-0.0,-0.020002492,12.367069,3.012266e-10,-2.559995e-06,0,0,0,1
1771685667388000,1771685667232000,0,1771685667236000,0,-552.6299,12.354284,0.039001465,-0.014444148,12.3671665,4.919847e-06,-1.8553721e-06,0,0,0,1
1771685667436000,1771685667284000,0,1771685667284000,0,-552.5075,12.354216,-0.0,-0.014348399,12.367069,5.831747e-07,-1.7355275e-06,0,0,0,1
1771685667492000,1771685667336000,0,1771685667340000,0,-552.4466,12.354284,0.006958008,-0.012341274,12.3671665,1.565884e-07,-1.5572847e-06,0,0,0,1
1771685667540000,1771685667388000,0,1771685667388000,0,-552.33386,12.354216,-0.0,-0.014605504,12.367069,4.2800207e-06,-1.8137744e-06,0,0,0,1
1771685667596000,1771685667440000,0,1771685667444000,0,-552.24963,12.354284,-0.0,-0.01699567,12.3671665,5.169309e-06,-2.1298756e-06,0,0,0,1
1771685667644000,1771685667492000,0,1771685667492000,0,-552.16547,12.354216,-0.0,-0.0205291,12.367069,9.608514e-06,-2.8343852e-06,0,0,0,1
1771685667700000,1771685667544000,0,1771685667548000,0,-552.12366,12.354284,-0.0,-0.020038372,12.3671665,7.5909713e-07,-2.638887e-06,0,0,0,1
1771685667748000,1771685667596000,0,1771685667596000,0,-552.044,12.354216,-0.0,-0.020513821,12.367069,2.03534e-06,-2.5820311e-06,0,0,0,1
1771685667804000,1771685667648000,0,1771685667652000,0,-551.9832,12.354284,-0.0,-0.018983837,12.3671665,5.9039948e-08,-2.344358e-06,0,0,0,1
1771685667852000,1771685667700000,0,1771685667700000,0,-551.8987,12.354216,-0.0,-0.018977908,12.367069,1.1579151e-06,-2.2325917e-06,0,0,0,1
1771685667908000,1771685667752000,0,1771685667756000,0,-551.8237,12.354284,-0.0,-0.018340072,12.3671665,4.8195875e-07,-2.0676769e-06,0,0,0,1
1771685667956000,1771685667804000,0,1771685667804000,0,-551.76276,12.354216,-0.0,-0.016871119,12.367069,2.4399355e-08,-1.8751941e-06,0,0,0,1
1771685668012000,1771685667856000,0,1771685667860000,0,-551.65485,12.354284,-0.0,-0.018018663,12.3671665,2.7300073e-06,-1.95572e-06,0,0,0,1
1771685668060000,1771685667908000,0,1771685667908000,0,-551.62225,12.354216,0.008605957,-0.015510546,12.367069,2.3954746e-07,-1.7489195e-06,0,0,0,1
1771685668116000,1771685667960000,0,1771685667964000,0,-551.4766,12.354284,-0.0,-0.019304624,12.3671665,1.0065661e-05,-2.5323807e-06,0,0,0,1
1771685668164000,1771685668012000,0,1771685668012000,0,-551.4395,12.354216,-0.0,-0.019676704,12.367069,1.7490543e-06,-2.458589e-06,0,0,0,1
1771685668220000,1771685668064000,0,1771685668068000,0,-551.41156,12.354284,0.030090332,-0.014988504,12.3671665,2.92849e-06,-1.9511106e-06,0,0,0,1
1771685668268000,1771685668116000,0,1771685668116000,0,-551.26105,12.354216,-0.0,-0.018337287,12.367069,8.260646e-06,-2.545487e-06,0,0,0,1
1771685668324000,1771685668168000,0,1771685668172000,0,-551.20044,12.354284,-0.0,-0.019438708,12.3671665,2.9166217e-06,-2.5804488e-06,0,0,0,1
1771685668372000,1771685668220000,0,1771685668220000,0,-551.17725,12.354216,0.016540527,-0.016049359,12.367069,8.848953e-07,-2.2540034e-06,0,0,0,1
1771685668428000,1771685668272000,0,1771685668276000,0,-551.0738,12.354284,-0.0,-0.015095183,12.3671665,1.1336875e-07,-2.0523494e-06,0,0,0,1
1771685668476000,1771685668324000,0,1771685668324000,0,-550.9565,12.354216,-0.0,-0.018761648,12.367069,9.437128e-06,-2.7480169e-06,0,0,0,1
1771685668532000,1771685668376000,0,1771685668380000,0,-550.9757,12.354284,0.045837402,-0.01267623,12.3671665,6.7956307e-06,-1.8489775e-06,0,0,0,1
1771685668580000,1771685668428000,0,1771685668428000,0,-550.8626,12.354216,0.0017700195,-0.011315351,12.367069,1.0133263e-08,-1.6738438e-06,0,0,0,1
1771685668636000,1771685668480000,0,1771685668484000,0,-550.76874,12.354284,-0.0,-0.011347603,12.3671665,4.3955845e-07,-1.5575706e-06,0,0,0,1
1771685668684000,1771685668532000,0,1771685668532000,0,-550.75946,12.354216,0.048339844,-0.005724872,12.367069,7.557944e-06,-6.9886266e-07,0,0,0,1
1771685668740000,1771685668584000,0,1771685668588000,0,-550.65106,12.354284,0.020446777,-0.0032594267,12.3671665,1.3521956e-06,-5.05647e-07,0,0,0,1
1771685668788000,1771685668636000,0,1771685668636000,0,-550.54755,12.354216,-0.0,-0.004257559,12.367069,6.208762e-07,-5.165019e-07,0,0,0,1
1771685668844000,1771685668688000,0,1771685668692000,0,-550.52423,12.354284,0.043701172,0.00026029302,12.3671665,6.1769765e-06,1.1404319e-07,0,0,0,1
1771685668892000,1771685668740000,0,1771685668740000,0,-550.4018,12.354216,-0.0,-0.0006381801,12.367069,2.7838158e-07,7.707564e-08,0,0,0,1
1771685668948000,1771685668792000,0,1771685668796000,0,-550.3455,12.354284,0.015197754,0.00085361087,12.3671665,7.4704815e-07,1.40189e-07,0,0,0,1
1771685668996000,1771685668844000,0,1771685668844000,0,-550.23267,12.354216,-0.0,-0.0018716587,12.367069,2.549582e-06,-1.13195256e-07,0,0,0,1
1771685669052000,1771685668896000,0,1771685668900000,0,-550.2189,12.354284,0.039245605,0.0020017072,12.3671665,4.9816344e-06,3.667525e-07,0,0,0,1
1771685669100000,1771685668948000,0,1771685668948000,0,-550.15283,12.354216,0.042663574,0.0058321734,12.367069,5.887185e-06,8.867933e-07,0,0,0,1
1771685669156000,1771685669000000,0,1771685669004000,0,-550.05853,12.354284,0.029663086,0.008077115,12.3671665,2.8459183e-06,1.0713486e-06,0,0,0,1
1771685669204000,1771685669052000,0,1771685669052000,0,-549.8752,12.354216,-0.0,-0.00056659617,12.367069,2.2647915e-05,-1.163075e-06,0,0,0,1
1771685669260000,1771685669104000,0,1771685669108000,0,-549.8477,12.354284,-0.0,-0.0032960707,12.3671665,2.8225434e-06,-1.3194017e-06,0,0,0,1
1771685669308000,1771685669156000,0,1771685669156000,0,-549.7681,12.354216,-0.0,-0.0066538732,12.367069,4.9044993e-06,-1.6571283e-06,0,0,0,1
1771685669364000,1771685669208000,0,1771685669212000,0,-549.6699,12.354284,-0.0,-0.011259276,12.3671665,9.977752e-06,-2.440955e-06,0,0,0,1
1771685669412000,1771685669260000,0,1771685669260000,0,-549.614,12.354216,-0.0,-0.014062411,12.367069,5.441165e-06,-2.7235835e-06,0,0,0,1
1771685669468000,1771685669312000,0,1771685669316000,0,-549.55334,12.354284,-0.0,-0.014646588,12.3671665,1.3280855e-06,-2.5921236e-06,0,0,0,1
1771685669516000,1771685669364000,0,1771685669364000,0,-549.4925,12.354216,-0.0,-0.014313281,12.367069,3.9911322e-07,-2.3855357e-06,0,0,0,1
1771685669572000,1771685669416000,0,1771685669420000,0,-549.4033,12.354284,-0.0,-0.014741582,12.3671665,1.1504476e-06,-2.2691868e-06,0,0,0,1
1771685669620000,1771685669468000,0,1771685669468000,0,-549.35657,12.354216,0.0043945312,-0.012938905,12.367069,6.246235e-08,-2.0495386e-06,0,0,0,1
1771685669676000,1771685669520000,0,1771685669524000,0,-549.2814,12.354284,0.010681152,-0.010713827,12.3671665,3.6899968e-07,-1.8217053e-06,0,0,0,1
1771685669724000,1771685669572000,0,1771685669572000,0,-549.1921,12.354216,-0.0,-0.01050951,12.367069,2.3616167e-07,-1.6723425e-06,0,0,0,1
1771685669780000,1771685669624000,0,1771685669628000,0,-549.1593,12.354284,0.03967285,-0.005782185,12.3671665,5.0906897e-06,-1.0352452e-06,0,0,0,1
1771685669828000,1771685669676000,0,1771685669676000,0,-549.06036,12.354216,0.010253906,-0.004271539,12.367069,3.400728e-07,-9.0568625e-07,0,0,0,1
1771685669884000,1771685669728000,0,1771685669732000,0,-549.0274,12.354284,0.058288574,0.0016218051,12.3671665,1.0988962e-05,2.1482418e-07,0,0,0,1
1771685669932000,1771685669780000,0,1771685669780000,0,-548.9565,12.354216,0.057128906,0.0068507353,12.367069,1.0556138e-05,1.1890058e-06,0,0,0,1
1771685669988000,1771685669832000,0,1771685669836000,0,-548.88556,12.354284,0.06732178,0.012547283,12.3671665,1.46588845e-05,2.4579076e-06,0,0,0,1
1771685670036000,1771685669884000,0,1771685669884000,0,-548.7442,12.354216,-0.0,0.010928316,12.367069,6.9595394e-08,2.2198094e-06,0,0,0,1
1771685670092000,1771685669936000,0,1771685669940000,0,-548.64557,12.354284,-0.0,0.007834698,12.3671665,1.5528832e-06,1.8644108e-06,0,0,0,1
1771685670140000,1771685669988000,0,1771685669988000,0,-548.6176,12.354216,0.020141602,0.008994044,12.367069,1.3121431e-06,1.8123856e-06,0,0,0,1
1771685670196000,1771685670040000,0,1771685670044000,0,-548.4672,12.354284,-0.0,0.0035240287,12.3671665,7.788646e-06,9.079405e-07,0,0,0,1
1771685670244000,1771685670092000,0,1771685670092000,0,-548.4582,12.354216,0.0119018555,0.0043132445,12.367069,4.581657e-07,8.6557037e-07,0,0,0,1
1771685670300000,1771685670144000,0,1771685670148000,0,-548.4441,12.354284,0.07952881,0.011398769,12.3671665,2.0456848e-05,2.7111257e-06,0,0,0,1
1771685670348000,1771685670196000,0,1771685670196000,0,-548.2509,12.354216,-0.0,0.006265691,12.367069,6.0056873e-06,1.8899766e-06,0,0,0,1
1771685670404000,1771685670248000,0,1771685670252000,0,-548.2325,12.354284,0.019836426,0.0075440938,12.3671665,1.2726724e-06,1.8318248e-06,0,0,0,1
1771685670452000,1771685670300000,0,1771685670300000,0,-548.1149,12.354216,-0.0,0.0042403084,12.367069,2.4507917e-06,1.4283899e-06,0,0,0,1
1771685670508000,1771685670352000,0,1771685670356000,0,-548.05414,12.354284,-0.0,0.0032256423,12.3671665,1.3794865e-07,1.2808362e-06,0,0,0,1
1771685670556000,1771685670404000,0,1771685670404000,0,-547.9509,12.354216,-0.0,-0.000792522,12.367069,5.0282674e-06,6.8650024e-07,0,0,0,1
1771685670612000,1771685670456000,0,1771685670460000,0,-547.8902,12.354284,-0.0,-0.002419772,12.3671665,1.0556824e-06,5.223816e-07,0,0,0,1
1771685670660000,1771685670508000,0,1771685670508000,0,-547.8528,12.354216,0.015136719,-0.00076589966,12.367069,7.4106566e-07,5.4298226e-07,0,0,0,1
1771685670716000,1771685670560000,0,1771685670564000,0,-547.7729,12.354284,0.017700195,0.00097366015,12.3671665,1.0133183e-06,5.8728926e-07,0,0,0,1
1771685670764000,1771685670612000,0,1771685670612000,0,-547.7351,12.354216,0.05041504,0.0056311814,12.367069,8.220787e-06,1.306387e-06,0,0,0,1
1771685670820000,1771685670664000,0,1771685670668000,0,-547.5986,12.354284,-0.0,0.0046637314,12.3671665,6.959485e-08,1.1767655e-06,0,0,0,1
1771685670868000,1771685670716000,0,1771685670716000,0,-547.55634,12.354216,0.02319336,0.0064092763,12.367069,1.7398849e-06,1.229813e-06,0,0,0,1
1771685670924000,1771685670768000,0,1771685670772000,0,-547.4294,12.354284,-0.0,0.0037471151,12.3671665,1.5442441e-06,9.684888e-07,0,0,0,1
1771685670972000,1771685670820000,0,1771685670820000,0,-547.3545,12.354216,-0.0,0.00092175975,12.367069,2.227872e-06,6.673823e-07,0,0,0,1
1771685671028000,1771685670872000,0,1771685670876000,0,-547.28424,12.354284,-0.0,-0.0005162497,12.3671665,6.6540434e-07,5.4182993e-07,0,0,0,1
1771685671076000,1771685670924000,0,1771685670924000,0,-547.25146,12.354216,0.02331543,0.0017287637,12.367069,1.7582477e-06,6.5642e-07,0,0,0,1
1771685671132000,1771685670976000,0,1771685670980000,0,-547.1574,12.354284,0.011108398,0.0026123526,12.3671665,3.9911006e-07,6.321807e-07,0,0,0,1
1771685671180000,1771685671028000,0,1771685671028000,0,-547.11505,12.354216,0.03918457,0.006057562,12.367069,4.9661908e-06,1.040457e-06,0,0,0,1
1771685671236000,1771685671080000,0,1771685671084000,0,-546.9739,12.354284,-0.0,0.0035722754,12.3671665,1.3360982e-06,8.165787e-07,0,0,0,1
1771685671284000,1771685671132000,0,1771685671132000,0,-546.93646,12.354216,0.012207031,0.0043856944,12.367069,4.8196256e-07,7.8505684e-07,0,0,0,1
1771685671340000,1771685671184000,0,1771685671188000,0,-546.8847,12.354284,0.041992188,0.007928335,12.3671665,5.703307e-06,1.2483704e-06,0,0,0,1
1771685671388000,1771685671236000,0,1771685671236000,0,-546.77637,12.354216,0.0038452148,0.0075436933,12.367069,4.7822738e-08,1.1352753e-06,0,0,0,1
1771685671444000,1771685671288000,0,1771685671292000,0,-546.6731,12.354284,-0.0,0.005177145,12.3671665,9.993897e-07,9.341836e-07,0,0,0,1
1771685671492000,1771685671340000,0,1771685671340000,0,-546.6262,12.354216,0.005859375,0.005241413,12.367069,1.1104418e-07,8.5664146e-07,0,0,0,1
1771685671548000,1771685671392000,0,1771685671396000,0,-546.55585,12.354284,0.017456055,0.0063920678,12.3671665,9.855574e-07,8.687857e-07,0,0,0,1
1771685671596000,1771685671444000,0,1771685671444000,0,-546.44293,12.354216,-0.0,0.0034152947,12.367069,2.0551968e-06,5.933381e-07,0,0,0,1
1771685671652000,1771685671496000,0,1771685671500000,0,-546.3211,12.354284,-0.0,-0.0030471038,12.3671665,1.37433435e-05,-7.57219e-07,0,0,0,1
1771685671700000,1771685671548000,0,1771685671548000,0,-546.35925,12.354216,0.0435791,0.0013452203,12.367069,6.142565e-06,-1.0723937e-07,0,0,0,1
1771685671756000,1771685671600000,0,1771685671604000,0,-546.2368,12.354284,0.002746582,0.0014772327,12.3671665,2.4399164e-08,-9.483864e-08,0,0,0,1
1771685671804000,1771685671652000,0,1771685671652000,0,-546.1663,12.354216,0.0021972656,0.0015450618,12.367069,1.5615587e-08,-8.443353e-08,0,0,0,1
1771685671860000,1771685671704000,0,1771685671708000,0,-546.11,12.354284,0.027282715,0.0039696237,12.3671665,2.4074925e-06,1.5031316e-07,0,0,0,1
1771685671908000,1771685671756000,0,1771685671756000,0,-546.0346,12.354216,0.021728516,0.005642563,12.367069,1.5270502e-06,2.800058e-07,0,0,0,1
1771685671964000,1771685671808000,0,1771685671812000,0,-545.91235,12.354284,-0.0,0.0033171142,12.3671665,1.1728948e-06,1.4313834e-07,0,0,0,1
1771685672012000,1771685671860000,0,1771685671860000,0,-545.8562,12.354216,-0.0,0.0025216585,12.367069,8.50182e-08,1.2164533e-07,0,0,0,1
1771685672068000,1771685671912000,0,1771685671916000,0,-545.79517,12.354284,0.0154418945,0.0037387824,12.3671665,7.7124247e-07,1.8283927e-07,0,0,0,1
1771685672116000,1771685671964000,0,1771685671964000,0,-545.6871,12.354216,-0.0,0.0012706926,12.367069,1.6317325e-06,1.1901335e-08,0,0,0,1
1771685672172000,1771685672016000,0,1771685672020000,0,-545.6262,12.354284,-0.0,0.0010014977,12.3671665,8.145103e-09,1.00129025e-08,0,0,0,1
1771685672220000,1771685672068000,0,1771685672068000,0,-545.5183,12.354216,-0.0,-0.002818645,12.367069,5.0594504e-06,-4.6754525e-07,0,0,0,1
1771685672276000,1771685672120000,0,1771685672124000,0,-545.4482,12.354284,-0.0,-0.0052094767,12.3671665,2.5717802e-06,-6.657703e-07,0,0,0,1
1771685672324000,1771685672172000,0,1771685672172000,0,-545.3968,12.354216,-0.0,-0.0055811824,12.367069,2.7110394e-07,-6.285916e-07,0,0,0,1
1771685672380000,1771685672224000,0,1771685672228000,0,-545.35455,12.354284,0.030395508,-0.0021920737,12.3671665,2.9881926e-06,-2.8788e-07,0,0,0,1
1771685672428000,1771685672276000,0,1771685672276000,0,-545.23224,12.354216,-0.0,-0.004055462,12.367069,1.5615587e-06,-4.0786423e-07,0,0,0,1
1771685672484000,1771685672328000,0,1771685672332000,0,-545.14795,12.354284,-0.0,-0.006007799,12.3671665,1.9861038e-06,-5.56539e-07,0,0,0,1
1771685672532000,1771685672380000,0,1771685672380000,0,-545.04956,12.354216,-0.0,-0.010432577,12.367069,9.078054e-06,-1.3592905e-06,0,0,0,1
1771685672588000,1771685672432000,0,1771685672436000,0,-544.99365,12.354284,-0.0,-0.01199116,12.3671665,2.3539349e-06,-1.452989e-06,0,0,0,1
1771685672636000,1771685672484000,0,1771685672484000,0,-544.97516,12.354216,0.024963379,-0.008509935,12.367069,2.0155796e-06,-1.1262397e-06,0,0,0,1
1771685672692000,1771685672536000,0,1771685672540000,0,-544.9045,12.354284,0.036010742,-0.004315958,12.3671665,4.1942462e-06,-6.2503443e-07,0,0,0,1
1771685672740000,1771685672588000,0,1771685672588000,0,-544.82904,12.354216,0.030883789,-0.0010000395,12.367069,3.0849942e-06,-2.7553895e-07,0,0,0,1
1771685672796000,1771685672640000,0,1771685672644000,0,-544.76306,12.354284,0.046447754,0.0034696807,12.3671665,6.977811e-06,4.077477e-07,0,0,0,1
1771685672844000,1771685672692000,0,1771685672692000,0,-544.61707,12.354216,-0.0,0.00035997736,12.367069,2.8225656e-06,1.034428e-07,0,0,0,1
1771685672900000,1771685672744000,0,1771685672748000,0,-544.59393,12.354284,0.029052734,0.0030629185,12.3671665,2.7300073e-06,3.5087282e-07,0,0,0,1
1771685672948000,1771685672796000,0,1771685672796000,0,-544.49976,12.354216,0.0052490234,0.003268856,12.367069,8.911488e-08,3.2621446e-07,0,0,0,1
1771685673004000,1771685672848000,0,1771685672852000,0,-544.4199,12.354284,0.0073242188,0.003650883,12.3671665,1.7350516e-07,3.118288e-07,0,0,0,1
1771685673052000,1771685672900000,0,1771685672900000,0,-544.3541,12.354216,0.0119018555,0.0044281487,12.367069,4.581657e-07,3.2561417e-07,0,0,0,1
1771685673108000,1771685672952000,0,1771685672956000,0,-544.2554,12.354284,-0.0,0.0035395299,12.3671665,8.101727e-08,2.873083e-07,0,0,0,1
1771685673156000,1771685673004000,0,1771685673004000,0,-544.1991,12.354216,0.008972168,0.0040513,12.367069,2.6036824e-07,2.8477046e-07,0,0,0,1
1771685673212000,1771685673056000,0,1771685673060000,0,-544.10986,12.354284,0.0013427734,0.003796149,12.3671665,5.831701e-09,2.5849363e-07,0,0,0,1
1771685673260000,1771685673108000,0,1771685673108000,0,-544.02057,12.354216,-0.0,0.0017826303,12.367069,9.993976e-07,1.3999662e-07,0,0,0,1
1771685673316000,1771685673160000,0,1771685673164000,0,-543.894,12.354284,-0.0,-0.0042384826,12.3671665,1.2486636e-05,-1.0494689e-06,0,0,0,1
1771685673364000,1771685673212000,0,1771685673212000,0,-543.8945,12.354216,0.009216309,-0.0029710021,12.367069,2.7473072e-07,-9.2472544e-07,0,0,0,1
1771685673420000,1771685673264000,0,1771685673268000,0,-543.77234,12.354284,-0.0,-0.0055774692,12.3671665,3.0363885e-06,-1.1236502e-06,0,0,0,1
1771685673468000,1771685673316000,0,1771685673316000,0,-543.6787,12.354216,-0.0,-0.010088783,12.367069,9.246163e-06,-1.8888146e-06,0,0,0,1
1771685673524000,1771685673368000,0,1771685673372000,0,-543.62286,12.354284,-0.0,-0.011668254,12.3671665,2.3326804e-06,-1.930628e-06,0,0,0,1
1771685673572000,1771685673420000,0,1771685673420000,0,-543.5479,12.354216,-0.0,-0.013478413,12.367069,3.0849942e-06,-2.0393727e-06,0,0,0,1
1771685673628000,1771685673472000,0,1771685673476000,0,-543.4543,12.354284,-0.0,-0.016135745,12.3671665,5.620712e-06,-2.3767452e-06,0,0,0,1
1771685673676000,1771685673524000,0,1771685673524000,0,-543.3936,12.354216,-0.0,-0.017542303,12.367069,3.1216837e-06,-2.4469207e-06,0,0,0,1
1771685673732000,1771685673576000,0,1771685673580000,0,-543.3751,12.354284,0.0335083,-0.0127331875,12.3671665,3.6315714e-06,-1.874309e-06,0,0,0,1
1771685673780000,1771685673628000,0,1771685673628000,0,-543.24805,12.354216,-0.0,-0.01365532,12.367069,1.6406127e-06,-1.8522941e-06,0,0,0,1
1771685673836000,1771685673680000,0,1771685673684000,0,-543.1684,12.354284,-0.0,-0.014220349,12.3671665,1.2492853e-06,-1.7954889e-06,0,0,0,1
1771685673884000,1771685673732000,0,1771685673732000,0,-543.11224,12.354216,-0.0,-0.013352225,12.367069,8.101791e-08,-1.6339807e-06,0,0,0,1
1771685673940000,1771685673784000,0,1771685673788000,0,-543.01373,12.354284,-0.0,-0.014083799,12.3671665,1.4424544e-06,-1.6159383e-06,0,0,0,1
1771685673988000,1771685673836000,0,1771685673836000,0,-542.9529,12.354216,-0.0,-0.013803507,12.367069,3.9911322e-07,-1.5013098e-06,0,0,0,1
1771685674044000,1771685673888000,0,1771685673892000,0,-542.8684,12.354284,-0.0,-0.0137278605,12.3671665,5.466497e-07,-1.4113781e-06,0,0,0,1
1771685674092000,1771685673940000,0,1771685673940000,0,-542.8263,12.354216,0.015991211,-0.010928238,12.367069,8.2709596e-07,-1.2005073e-06,0,0,0,1
1771685674148000,1771685673992000,0,1771685673996000,0,-542.74634,12.354284,0.019104004,-0.008099114,12.3671665,1.1804254e-06,-9.762165e-07,0,0,0,1
1771685674196000,1771685674044000,0,1771685674044000,0,-542.6429,12.354216,-0.0,-0.008566587,12.367069,5.5179896e-07,-9.362351e-07,0,0,0,1
1771685674252000,1771685674096000,0,1771685674100000,0,-542.6101,12.354284,0.037353516,-0.00424078,12.3671665,4.512869e-06,-4.2291362e-07,0,0,0,1
1771685674300000,1771685674148000,0,1771685674148000,0,-542.469,12.354216,-0.0,-0.006859873,12.367069,3.3210233e-06,-6.95924e-07,0,0,0,1
1771685674356000,1771685674200000,0,1771685674204000,0,-542.3988,12.354284,-0.0,-0.007990307,12.3671665,1.1504476e-06,-7.387414e-07,0,0,0,1
1771685674404000,1771685674252000,0,1771685674252000,0,-542.32385,12.354216,-0.0,-0.009336233,12.367069,1.6052365e-06,-8.2036775e-07,0,0,0,1
1771685674460000,1771685674304000,0,1771685674308000,0,-542.2771,12.354284,0.014282227,-0.0071113054,12.3671665,6.5975337e-07,-6.8093607e-07,0,0,0,1
1771685674508000,1771685674356000,0,1771685674356000,0,-542.1502,12.354216,-0.0,-0.01032244,12.367069,5.489855e-06,-1.1339503e-06,0,0,0,1
1771685674564000,1771685674408000,0,1771685674412000,0,-542.08954,12.354284,-0.0,-0.011097942,12.3671665,1.1135176e-06,-1.1320254e-06,0,0,0,1
1771685674612000,1771685674460000,0,1771685674460000,0,-541.991,12.354216,-0.0,-0.014359,12.367069,6.759537e-06,-1.6621534e-06,0,0,0,1
1771685674668000,1771685674512000,0,1771685674516000,0,-541.95856,12.354284,0.005065918,-0.012529116,12.3671665,8.300535e-08,-1.4977544e-06,0,0,0,1
1771685674716000,1771685674564000,0,1771685674564000,0,-541.8412,12.354216,-0.0,-0.015195379,12.367069,5.3926915e-06,-1.8646688e-06,0,0,0,1
1771685674772000,1771685674616000,0,1771685674620000,0,-541.8462,12.354284,0.04736328,-0.009302171,12.3671665,7.2556e-06,-1.0055129e-06,0,0,0,1
1771685674820000,1771685674668000,0,1771685674668000,0,-541.72845,12.354216,0.001159668,-0.008316635,12.367069,4.349712e-09,-9.103809e-07,0,0,0,1
1771685674876000,1771685674720000,0,1771685674724000,0,-541.6486,12.354284,0.0045166016,-0.0071077067,12.3671665,6.598015e-08,-8.184048e-07,0,0,0,1
1771685674924000,1771685674772000,0,1771685674772000,0,-541.6016,12.354216,0.028930664,-0.0037127878,12.367069,2.7071355e-06,-4.862887e-07,0,0,0,1
1771685674980000,1771685674824000,0,1771685674828000,0,-541.4652,12.354284,-0.0,-0.00563416,12.3671665,1.8799404e-06,-6.1757476e-07,0,0,0,1
1771685675028000,1771685674876000,0,1771685674876000,0,-541.41846,12.354216,0.0012817383,-0.004982662,12.367069,5.3136375e-09,-5.588969e-07,0,0,0,1
1771685675084000,1771685674928000,0,1771685674932000,0,-541.3058,12.354284,-0.0,-0.007100641,12.3671665,2.4399162e-06,-7.3609436e-07,0,0,0,1
1771685675132000,1771685674980000,0,1771685674980000,0,-541.26373,12.354216,0.0025634766,-0.006190253,12.367069,2.125455e-08,-6.647499e-07,0,0,0,1
1771685675188000,1771685675032000,0,1771685675036000,0,-541.18396,12.354284,0.0067749023,-0.0049688974,12.3671665,1.4845536e-07,-5.881436e-07,0,0,0,1
1771685675236000,1771685675084000,0,1771685675084000,0,-541.10406,12.354216,-0.0,-0.004592808,12.367069,3.0845604e-09,-5.330294e-07,0,0,0,1
1771685675292000,1771685675136000,0,1771685675140000,0,-540.94916,12.354284,-0.0,-0.010973534,12.3671665,1.6919465e-05,-2.0766793e-06,0,0,0,1
1771685675340000,1771685675188000,0,1771685675188000,0,-540.9685,12.354216,0.018981934,-0.008151641,12.367069,1.1653975e-06,-1.7712662e-06,0,0,0,1
1771685675396000,1771685675240000,0,1771685675244000,0,-540.86505,12.354284,-0.0,-0.0074642287,12.3671665,2.361598e-09,-1.6046303e-06,0,0,0,1
1771685675444000,1771685675292000,0,1771685675292000,0,-540.8134,12.354216,0.019348145,-0.0049384255,12.367069,1.2107985e-06,-1.3394088e-06,0,0,0,1
1771685675500000,1771685675344000,0,1771685675348000,0,-540.73346,12.354284,0.023010254,-0.0023055787,12.3671665,1.7125079e-06,-1.0519093e-06,0,0,0,1
1771685675548000,1771685675396000,0,1771685675396000,0,-540.62524,12.354216,-0.0,-0.0033245697,12.367069,5.56968e-07,-1.0052844e-06,0,0,0,1
1771685675604000,1771685675448000,0,1771685675452000,0,-540.4892,12.354284,-0.0,-0.009186552,12.3671665,1.3898197e-05,-2.2198342e-06,0,0,0,1
1771685675652000,1771685675500000,0,1771685675500000,0,-540.4334,12.354216,-0.0,-0.012949652,12.367069,7.808095e-06,-2.7462645e-06,0,0,0,1
1771685675708000,1771685675552000,0,1771685675556000,0,-540.44324,12.354284,0.04486084,-0.007503736,12.3671665,6.5091544e-06,-1.8743772e-06,0,0,0,1
1771685675756000,1771685675604000,0,1771685675604000,0,-540.2879,12.354216,-0.0,-0.010390418,12.367069,4.706666e-06,-2.141187e-06,0,0,0,1
1771685675812000,1771685675656000,0,1771685675660000,0,-540.246,12.354284,0.0037231445,-0.009060879,12.3671665,4.4834216e-08,-1.9352574e-06,0,0,0,1
1771685675860000,1771685675708000,0,1771685675708000,0,-540.1568,12.354216,-0.0,-0.009506748,12.367069,6.15418e-07,-1.8109247e-06,0,0,0,1
1771685675916000,1771685675760000,0,1771685675764000,0,-540.0771,12.354284,-0.0,-0.009559884,12.3671665,3.280332e-07,-1.671232e-06,0,0,0,1
1771685675964000,1771685675812000,0,1771685675812000,0,-540.0067,12.354216,-0.0,-0.009458521,12.367069,2.3279998e-07,-1.5357275e-06,0,0,0,1
1771685676020000,1771685675864000,0,1771685675868000,0,-539.94574,12.354284,0.014404297,-0.0072105746,12.3671665,6.710794e-07,-1.3278399e-06,0,0,0,1
1771685676068000,1771685675916000,0,1771685675916000,0,-539.8564,12.354216,-0.0,-0.006795803,12.367069,2.549582e-08,-1.2051553e-06,0,0,0,1
1771685676124000,1771685675968000,0,1771685675972000,0,-539.7438,12.354284,-0.0,-0.009156956,12.3671665,3.2831513e-06,-1.4009086e-06,0,0,0,1
1771685676172000,1771685676020000,0,1771685676020000,0,-539.7159,12.354216,0.01184082,-0.0071789045,12.367069,4.5347858e-07,-1.2262199e-06,0,0,0,1
1771685676228000,1771685676072000,0,1771685676076000,0,-539.69226,12.354284,0.0713501,0.00021875557,12.3671665,1.6465652e-05,4.4040598e-07,0,0,0,1
1771685676276000,1771685676124000,0,1771685676124000,0,-539.54614,12.354216,-0.0,-0.00010658536,12.367069,3.3845822e-08,3.957301e-07,0,0,0,1
1771685676332000,1771685676176000,0,1771685676180000,0,-539.4898,12.354284,0.023620605,0.002128585,12.3671665,1.8045621e-06,5.2844615e-07,0,0,0,1
1771685676380000,1771685676228000,0,1771685676228000,0,-539.3488,12.354216,-0.0,-0.00240145,12.367069,6.8319277e-06,-1.6492243e-07,0,0,0,1
1771685676436000,1771685676280000,0,1771685676284000,0,-539.29755,12.354284,-0.0,-0.003491905,12.3671665,6.3186e-07,-2.089093e-07,0,0,0,1
1771685676484000,1771685676332000,0,1771685676332000,0,-539.23663,12.354216,-0.0,-0.0035021892,12.367069,4.1942794e-08,-1.9318057e-07,0,0,0,1
1771685676540000,1771685676384000,0,1771685676388000,0,-539.19434,12.354284,0.037231445,0.0003350377,12.3671665,4.4834214e-06,2.4736894e-07,0,0,0,1
1771685676588000,1771685676436000,0,1771685676436000,0,-539.09076,12.354216,0.005004883,0.0007749507,12.367069,8.101791e-08,2.316982e-07,0,0,0,1
1771685676644000,1771685676488000,0,1771685676492000,0,-539.0203,12.354284,0.017700195,0.0023693582,12.3671665,1.0133183e-06,3.0532908e-07,0,0,0,1
1771685676692000,1771685676540000,0,1771685676540000,0,-538.86053,12.354216,-0.0,-0.0045234817,12.367069,1.6213222e-05,-1.2507663e-06,0,0,0,1
1771685676748000,1771685676592000,0,1771685676596000,0,-538.8048,12.354284,-0.0,-0.008191135,12.3671665,6.108153e-06,-1.7083462e-06,0,0,0,1
1771685676796000,1771685676644000,0,1771685676644000,0,-538.74414,12.354216,-0.0,-0.010478341,12.367069,3.4101745e-06,-1.8686634e-06,0,0,0,1
1771685676852000,1771685676696000,0,1771685676700000,0,-538.66925,12.354284,-0.0,-0.01172788,12.3671665,1.8232621e-06,-1.8643865e-06,0,0,0,1
1771685676900000,1771685676748000,0,1771685676748000,0,-538.6695,12.354216,0.04815674,-0.0060865744,12.367069,7.5007956e-06,-9.82159e-07,0,0,0,1
1771685676956000,1771685676800000,0,1771685676804000,0,-538.5188,12.354284,-0.0,-0.0073473523,12.3671665,1.2261152e-06,-1.0051403e-06,0,0,0,1
1771685677004000,1771685676852000,0,1771685676852000,0,-538.4204,12.354216,-0.0,-0.011007725,12.367069,6.904704e-06,-1.5608964e-06,0,0,0,1
1771685677060000,1771685676904000,0,1771685676908000,0,-538.38794,12.354284,0.0044555664,-0.009551038,12.3671665,6.4208955e-08,-1.4078067e-06,0,0,0,1
1771685677108000,1771685676956000,0,1771685676956000,0,-538.2282,12.354216,-0.0,-0.016522627,12.367069,2.2581886e-05,-3.4024665e-06,0,0,0,1
1771685677164000,1771685677008000,0,1771685677012000,0,-538.23834,12.354284,0.009643555,-0.014057697,12.3671665,3.0079048e-07,-3.053609e-06,0,0,0,1
1771685677212000,1771685677060000,0,1771685677060000,0,-538.19604,12.354216,0.039123535,-0.0090478705,12.367069,4.9507316e-06,-2.2995769e-06,0,0,0,1
1771685677268000,1771685677112000,0,1771685677116000,0,-538.083,12.354284,0.009460449,-0.007304333,12.3671665,2.8947647e-07,-2.0556804e-06,0,0,0,1
1771685677316000,1771685677164000,0,1771685677164000,0,-537.9796,12.354216,-0.0,-0.008732129,12.367069,1.6317325e-06,-2.0157433e-06,0,0,0,1
1771685677372000,1771685677216000,0,1771685677220000,0,-537.92816,12.354284,0.009521484,-0.0070125856,12.3671665,2.932237e-07,-1.798232e-06,0,0,0,1
1771685677420000,1771685677268000,0,1771685677268000,0,-537.8248,12.354216,-0.0,-0.008444866,12.367069,1.5964529e-06,-1.7792238e-06,0,0,0,1
1771685677476000,1771685677320000,0,1771685677324000,0,-537.7405,12.354284,-0.0,-0.009851466,12.3671665,1.7674513e-06,-1.7781148e-06,0,0,0,1
1771685677524000,1771685677372000,0,1771685677372000,0,-537.6702,12.354216,-0.0,-0.010987568,12.367069,1.5528955e-06,-1.7568984e-06,0,0,0,1
1771685677580000,1771685677424000,0,1771685677428000,0,-537.59534,12.354284,-0.0,-0.01119444,12.3671665,5.621567e-07,-1.6443503e-06,0,0,0,1
1771685677628000,1771685677476000,0,1771685677476000,0,-537.5344,12.354216,-0.0,-0.010364128,12.367069,1.8326627e-08,-1.4911741e-06,0,0,0,1
1771685677684000,1771685677528000,0,1771685677532000,0,-537.4499,12.354284,-0.0,-0.009744278,12.3671665,4.6316238e-08,-1.3550643e-06,0,0,0,1
1771685677732000,1771685677580000,0,1771685677580000,0,-537.3936,12.354216,0.011230469,-0.0077683963,12.367069,4.0793313e-07,-1.1889848e-06,0,0,0,1
1771685677788000,1771685677632000,0,1771685677636000,0,-537.33716,12.354284,0.037719727,-0.0034832829,12.3671665,4.6017904e-06,-6.43477e-07,0,0,0,1
1771685677836000,1771685677684000,0,1771685677684000,0,-537.1819,12.354216,-0.0,-0.007530661,12.367069,6.977866e-06,-1.2401949e-06,0,0,0,1
1771685677892000,1771685677736000,0,1771685677740000,0,-537.17285,12.354284,0.027404785,-0.00423964,12.3671665,2.4290844e-06,-8.945382e-07,0,0,0,1
1771685677940000,1771685677788000,0,1771685677788000,0,-537.12103,12.354216,0.04699707,0.00058700703,12.367069,7.1438903e-06,-1.3729482e-07,0,0,0,1
1771685677996000,1771685677840000,0,1771685677844000,0,-536.99854,12.354284,0.0073242188,0.0012216719,12.3671665,1.7350516e-07,-1.0801656e-07,0,0,0,1
1771685678044000,1771685677892000,0,1771685677892000,0,-536.8905,12.354216,-0.0,-0.0016935116,12.367069,2.8576646e-06,-3.670414e-07,0,0,0,1
1771685678100000,1771685677944000,0,1771685677948000,0,-536.8579,12.354284,0.020202637,0.00036916905,12.3671665,1.3200971e-06,-2.0810805e-07,0,0,0,1
1771685678148000,1771685677996000,0,1771685677996000,0,-536.806,12.354216,0.039001465,0.0040084436,12.367069,4.919886e-06,2.7496387e-07,0,0,0,1
1771685678204000,1771685678048000,0,1771685678052000,0,-536.632,12.354284,-0.0,-0.0013426444,12.3671665,9.01534e-06,-6.002098e-07,0,0,0,1
1771685678252000,1771685678100000,0,1771685678100000,0,-536.5808,12.354216,-0.0,-0.004366993,12.367069,3.6183822e-06,-8.845304e-07,0,0,0,1
1771685678308000,1771685678152000,0,1771685678156000,0,-536.5201,12.354284,-0.0,-0.005088298,12.3671665,4.6760846e-07,-8.452551e-07,0,0,0,1
1771685678356000,1771685678204000,0,1771685678204000,0,-536.4357,12.354216,-0.0,-0.0070180856,12.367069,2.1153458e-06,-9.649013e-07,0,0,0,1
1771685678412000,1771685678256000,0,1771685678260000,0,-536.3232,12.354284,-0.0,-0.011583429,12.3671665,9.955835e-06,-1.8118734e-06,0,0,0,1
1771685678460000,1771685678308000,0,1771685678308000,0,-536.29553,12.354216,-0.0,-0.011653673,12.367069,4.9165004e-07,-1.6875046e-06,0,0,0,1
1771685678516000,1771685678360000,0,1771685678364000,0,-536.2393,12.354284,0.013916016,-0.009244934,12.3671665,6.263536e-07,-1.4695324e-06,0,0,0,1
1771685678564000,1771685678412000,0,1771685678412000,0,-536.1265,12.354216,-0.0,-0.011018891,12.367069,2.549582e-06,-1.5712762e-06,0,0,0,1
1771685678620000,1771685678464000,0,1771685678468000,0,-536.1126,12.354284,0.040222168,-0.0061918343,12.3671665,5.2326386e-06,-9.303277e-07,0,0,0,1
1771685678668000,1771685678516000,0,1771685678516000,0,-536.0278,12.354216,0.0256958,-0.0031879265,12.367069,2.1355881e-06,-6.4150953e-07,0,0,0,1
1771685678724000,1771685678568000,0,1771685678572000,0,-535.9712,12.354284,0.051330566,0.0019478737,12.3671665,8.522007e-06,2.2172037e-07,0,0,0,1
1771685678772000,1771685678620000,0,1771685678620000,0,-535.8909,12.354216,0.041870117,0.005708665,12.367069,5.6702415e-06,7.349869e-07,0,0,0,1
1771685678828000,1771685678672000,0,1771685678676000,0,-535.7873,12.354284,0.020690918,0.007120037,12.3671665,1.3846796e-06,7.9618985e-07,0,0,0,1
1771685678876000,1771685678724000,0,1771685678724000,0,-535.6792,12.354216,-0.0,0.0048796437,12.367069,8.980047e-07,6.3659184e-07,0,0,0,1
1771685678932000,1771685678776000,0,1771685678780000,0,-535.6089,12.354284,-0.0,0.003942743,12.3671665,8.300535e-08,5.6880367e-07,0,0,0,1
1771685678980000,1771685678828000,0,1771685678828000,0,-535.5198,12.354216,-0.0,0.0013519451,12.367069,1.7952624e-06,3.4610179e-07,0,0,0,1
1771685679036000,1771685678880000,0,1771685678884000,0,-535.4448,12.354284,-0.0,-0.00030482933,12.3671665,8.5253686e-07,2.3318654e-07,0,0,0,1
1771685679084000,1771685678932000,0,1771685678932000,0,-535.3745,12.354216,-0.0,-0.0017595333,12.367069,8.020339e-07,1.3566576e-07,0,0,0,1
1771685679140000,1771685678984000,0,1771685678988000,0,-535.2948,12.354284,-0.0,-0.0028127143,12.3671665,5.415289e-07,7.187206e-08,0,0,0,1
1771685679188000,1771685679036000,0,1771685679036000,0,-535.2245,12.354216,-0.0,-0.0037091856,12.367069,4.9165004e-07,1.8786636e-08,0,0,0,1
1771685679244000,1771685679088000,0,1771685679092000,0,-535.1918,12.354284,0.037597656,0.00018203887,12.3671665,4.5720535e-06,4.477176e-07,0,0,0,1
1771685679292000,1771685679140000,0,1771685679140000,0,-535.0694,12.354216,-0.0,-0.0011575383,12.367069,6.373955e-07,3.454968e-07,0,0,0,1
1771685679348000,1771685679192000,0,1771685679196000,0,-535.0085,12.354284,0.007507324,-0.00034128304,12.3671665,1.8228886e-07,3.3012213e-07,0,0,0,1
1771685679396000,1771685679244000,0,1771685679244000,0,-534.90515,12.354216,-0.0,-0.002660756,12.367069,2.0155796e-06,1.0915019e-07,0,0,0,1
1771685679452000,1771685679296000,0,1771685679300000,0,-534.8349,12.354284,-0.0,-0.0036060405,12.3671665,5.212866e-07,4.9761212e-08,0,0,0,1
1771685679500000,1771685679348000,0,1771685679348000,0,-534.7599,12.354216,-0.0,-0.0048647546,12.367069,9.311999e-07,-4.2648175e-08,0,0,0,1
1771685679556000,1771685679400000,0,1771685679404000,0,-534.7318,12.354284,0.03717041,-0.00090492005,12.3671665,4.4687336e-06,3.8233708e-07,0,0,0,1
1771685679604000,1771685679452000,0,1771685679452000,0,-534.6001,12.354216,-0.0,-0.0030620527,12.367069,1.8326627e-06,1.7367766e-07,0,0,0,1
1771685679660000,1771685679504000,0,1771685679508000,0,-534.51575,12.354284,-0.0,-0.0052114665,12.3671665,2.1661156e-06,-4.6737654e-08,0,0,0,1
1771685679708000,1771685679556000,0,1771685679556000,0,-534.45966,12.354216,-0.0,-0.005795723,12.367069,4.2134374e-07,-8.202663e-08,0,0,0,1
1771685679764000,1771685679608000,0,1771685679612000,0,-534.3893,12.354284,0.0005493164,-0.005198002,12.3671665,9.759665e-10,-7.420755e-08,0,0,0,1
1771685679812000,1771685679660000,0,1771685679660000,0,-534.30945,12.354216,-0.0,-0.005524791,12.367069,2.4295733e-07,-9.0104265e-08,0,0,0,1
1771685679868000,1771685679712000,0,1771685679716000,0,-534.20154,12.354284,-0.0,-0.008218415,12.3671665,3.7650739e-06,-4.3629709e-07,0,0,0,1
1771685679916000,1771685679764000,0,1771685679764000,0,-534.20654,12.354216,0.04156494,-0.0035286783,12.367069,5.5878863e-06,1.311985e-07,0,0,0,1
1771685679972000,1771685679816000,0,1771685679820000,0,-534.1029,12.354284,0.020812988,-0.0012356224,12.3671665,1.4010662e-06,2.5082375e-07,0,0,0,1
1771685680020000,1771685679868000,0,1771685679868000,0,-533.9901,12.354216,-0.0,-0.0030741175,12.367069,1.3928718e-06,9.598284e-08,0,0,0,1
1771685680076000,1771685679920000,0,1771685679924000,0,-533.95734,12.354284,0.02911377,-4.1925116e-05,12.3671665,2.7414899e-06,3.451973e-07,0,0,0,1
1771685680124000,1771685679972000,0,1771685679972000,0,-533.89136,12.354216,0.034484863,0.0032105986,12.367069,3.8463627e-06,6.7501725e-07,0,0,0,1
1771685680180000,1771685680024000,0,1771685680028000,0,-533.78784,12.354284,0.013549805,0.004184582,12.3671665,5.938214e-07,6.6736834e-07,0,0,0,1
1771685680228000,1771685680076000,0,1771685680076000,0,-533.63745,12.354216,-0.0,-0.0024192822,12.367069,1.4054029e-05,-7.1943e-07,0,0,0,1
1771685680284000,1771685680128000,0,1771685680132000,0,-533.61926,12.354284,-0.0,-0.002335121,12.3671665,7.5306055e-09,-6.5236696e-07,0,0,0,1
1771685680332000,1771685680180000,0,1771685680180000,0,-533.5488,12.354216,-0.0,-0.0022071407,12.367069,3.0845604e-09,-5.9120265e-07,0,0,0,1
1771685680388000,1771685680232000,0,1771685680236000,0,-533.4831,12.354284,0.016052246,-0.0004870533,12.3671665,8.3341513e-07,-4.5699952e-07,0,0,0,1
1771685680436000,1771685680284000,0,1771685680284000,0,-533.3656,12.354216,-0.0,-0.0033045167,12.367069,2.9882162e-06,-6.954475e-07,0,0,0,1
1771685680492000,1771685680336000,0,1771685680340000,0,-533.3001,12.354284,-0.0,-0.0042006564,12.3671665,5.3135955e-07,-6.7998997e-07,0,0,0,1
1771685680540000,1771685680388000,0,1771685680388000,0,-533.27673,12.354216,0.035583496,-0.00045287376,12.367069,4.0953446e-06,-2.3013956e-07,0,0,0,1
1771685680596000,1771685680440000,0,1771685680444000,0,-533.15436,12.354284,-0.0,-0.00073794404,12.3671665,3.91471e-08,-2.1214751e-07,0,0,0,1
1771685680644000,1771685680492000,0,1771685680492000,0,-533.06995,12.354216,-0.0,-0.0021748461,12.367069,8.2709596e-07,-2.7007744e-07,0,0,0,1
1771685680700000,1771685680544000,0,1771685680548000,0,-533.0841,12.354284,0.08166504,0.005723115,12.3671665,2.1570595e-05,1.7873774e-06,0,0,0,1
1771685680748000,1771685680596000,0,1771685680596000,0,-532.9613,12.354216,0.030578613,0.0080645755,12.367069,3.0243273e-06,1.9039016e-06,0,0,0,1
1771685680804000,1771685680648000,0,1771685680652000,0,-532.80615,12.354284,-0.0,0.0033893306,12.3671665,5.587842e-06,1.1981576e-06,0,0,0,1
1771685680852000,1771685680700000,0,1771685680700000,0,-532.8018,12.354216,0.025634766,0.0054849153,12.367069,2.125455e-06,1.2855118e-06,0,0,0,1
1771685680908000,1771685680752000,0,1771685680756000,0,-532.72644,12.354284,0.03363037,0.0081362985,12.3671665,3.658079e-06,1.5090145e-06,0,0,0,1
1771685680956000,1771685680804000,0,1771685680804000,0,-532.6088,12.354216,-0.0,0.006214148,12.367069,4.8679425e-07,1.3210035e-06,0,0,0,1
1771685681012000,1771685680856000,0,1771685680860000,0,-532.4493,12.354284,-0.0,-0.0027197911,12.3671665,2.5402891e-05,-1.1964648e-06,0,0,0,1
1771685681060000,1771685680908000,0,1771685680908000,0,-532.4407,12.354216,-0.0,-0.0048611993,12.367069,2.0951998e-06,-1.2811283e-06,0,0,0,1
1771685681116000,1771685680960000,0,1771685680964000,0,-532.3563,12.354284,-0.0,-0.006887126,12.3671665,2.2486267e-06,-1.3722695e-06,0,0,0,1
1771685681164000,1771685681012000,0,1771685681012000,0,-532.2768,12.354216,-0.0,-0.009440916,12.367069,3.7382101e-06,-1.595148e-06,0,0,0,1
1771685681220000,1771685681064000,0,1771685681068000,0,-532.22546,12.354284,-0.0,-0.008741294,12.3671665,1.3121327e-08,-1.4461165e-06,0,0,0,1
1771685681268000,1771685681116000,0,1771685681116000,0,-532.19257,12.354216,0.0368042,-0.004450776,12.367069,4.3811483e-06,-8.9717116e-07,0,0,0,1
1771685681324000,1771685681168000,0,1771685681172000,0,-532.1077,12.354284,0.03515625,-0.0007196793,12.3671665,3.997559e-06,-4.3607338e-07,0,0,0,1
1771685681372000,1771685681220000,0,1771685681220000,0,-532.03705,12.354216,0.035888672,0.0027289337,12.367069,4.165892e-06,-2.5549127e-09,0,0,0,1
1771685681428000,1771685681272000,0,1771685681276000,0,-531.8677,12.354284,-0.0,-0.0022543843,12.3671665,8.141295e-06,-7.692479e-07,0,0,0,1
1771685681476000,1771685681324000,0,1771685681324000,0,-531.84937,12.354216,0.003112793,-0.0017487806,12.367069,3.1339617e-08,-6.938302e-07,0,0,0,1
1771685681532000,1771685681376000,0,1771685681380000,0,-531.807,12.354284,0.04425049,0.0025844844,12.3671665,6.3332395e-06,-3.1859827e-08,0,0,0,1
1771685681580000,1771685681428000,0,1771685681428000,0,-531.755,12.354216,0.064086914,0.008378193,12.367069,1.3284093e-05,1.2225416e-06,0,0,0,1
1771685681636000,1771685681480000,0,1771685681484000,0,-531.5855,12.354284,-0.0,0.005513305,12.3671665,1.5702337e-06,9.594542e-07,0,0,0,1
1771685681684000,1771685681532000,0,1771685681532000,0,-531.49646,12.354216,-0.0,0.0012968858,12.367069,4.9816736e-06,3.9978266e-07,0,0,0,1
1771685681740000,1771685681584000,0,1771685681588000,0,-531.4545,12.354284,0.0024414062,0.0014047029,12.3671665,1.9278351e-08,3.6393806e-07,0,0,0,1
1771685681788000,1771685681636000,0,1771685681636000,0,-531.36066,12.354216,-0.0,-0.0005675247,12.367069,1.2338242e-06,2.1342422e-07,0,0,0,1
1771685681844000,1771685681688000,0,1771685681692000,0,-531.30444,12.354284,0.007751465,0.00021614827,12.3671665,1.9433783e-07,2.1162622e-07,0,0,0,1
1771685681892000,1771685681740000,0,1771685681740000,0,-531.20105,12.354216,-0.0,-0.0020465923,12.367069,1.8326627e-06,1.9048258e-08,0,0,0,1
1771685681948000,1771685681792000,0,1771685681796000,0,-531.1074,12.354284,-0.0,-0.0050563742,12.3671665,3.7381806e-06,-3.348936e-07,0,0,0,1
1771685681996000,1771685681844000,0,1771685681844000,0,-531.02313,12.354216,-0.0,-0.0089785615,12.367069,7.051414e-06,-9.676094e-07,0,0,0,1
1771685682052000,1771685681896000,0,1771685681900000,0,-530.9531,12.354284,-0.0,-0.011283585,12.3671665,3.6183537e-06,-1.2173172e-06,0,0,0,1
1771685682100000,1771685681948000,0,1771685681948000,0,-530.90643,12.354216,-0.0,-0.011042844,12.367069,2.4639132e-07,-1.1258531e-06,0,0,0,1
1771685682156000,1771685682000000,0,1771685682004000,0,-530.8174,12.354284,-0.0,-0.011371002,12.3671665,6.825018e-07,-1.0840881e-06,0,0,0,1
1771685682204000,1771685682052000,0,1771685682052000,0,-530.69073,12.354216,-0.0,-0.016877465,12.367069,1.5769045e-05,-2.4674537e-06,0,0,0,1
1771685682260000,1771685682104000,0,1771685682108000,0,-530.6537,12.354284,-0.0,-0.017524188,12.3671665,1.8232621e-06,-2.406769e-06,0,0,0,1
1771685682308000,1771685682156000,0,1771685682156000,0,-530.5694,12.354216,-0.0,-0.019294424,12.367069,4.26567e-06,-2.5818829e-06,0,0,0,1
1771685682364000,1771685682208000,0,1771685682212000,0,-530.45703,12.354284,-0.0,-0.023651998,12.3671665,1.3898197e-05,-3.6479125e-06,0,0,0,1
1771685682412000,1771685682260000,0,1771685682260000,0,-530.40594,12.354216,-0.0,-0.025661433,12.367069,6.5446784e-06,-3.920796e-06,0,0,0,1
1771685682468000,1771685682312000,0,1771685682316000,0,-530.3641,12.354284,-0.0,-0.023560284,12.3671665,3.644813e-08,-3.5548792e-06,0,0,0,1
1771685682516000,1771685682364000,0,1771685682364000,0,-530.2373,12.354216,-0.0,-0.026837539,12.367069,1.1012074e-05,-4.2573683e-06,0,0,0,1
1771685682572000,1771685682416000,0,1771685682420000,0,-530.18616,12.354284,-0.0,-0.026764482,12.3671665,2.1968765e-06,-4.063264e-06,0,0,0,1
1771685682620000,1771685682468000,0,1771685682468000,0,-530.10657,12.354216,-0.0,-0.027434267,12.367069,3.711413e-06,-4.030119e-06,0,0,0,1
1771685682676000,1771685682520000,0,1771685682524000,0,-530.06464,12.354284,0.0076904297,-0.02412542,12.3671665,1.9128943e-07,-3.63245e-06,0,0,0,1
1771685682724000,1771685682572000,0,1771685682572000,0,-529.98,12.354216,-0.0,-0.02231271,12.367069,7.711401e-08,-3.297527e-06,0,0,0,1
1771685682780000,1771685682624000,0,1771685682628000,0,-529.8768,12.354284,-0.0,-0.022539413,12.3671665,1.9763322e-06,-3.1730665e-06,0,0,0,1
1771685682828000,1771685682676000,0,1771685682676000,0,-529.8207,12.354216,-0.0,-0.021272838,12.367069,2.675013e-07,-2.8993538e-06,0,0,0,1
1771685682884000,1771685682728000,0,1771685682732000,0,-529.7362,12.354284,-0.0,-0.020252071,12.3671665,3.5232392e-07,-2.6594162e-06,0,0,0,1
1771685682932000,1771685682780000,0,1771685682780000,0,-529.6283,12.354216,-0.0,-0.022806026,12.367069,7.2556572e-06,-3.0923954e-06,0,0,0,1
1771685682988000,1771685682832000,0,1771685682836000,0,-529.5677,12.354284,-0.0,-0.023015006,12.3671665,2.0254317e-06,-2.9918845e-06,0,0,0,1
1771685683036000,1771685682884000,0,1771685682884000,0,-529.50214,12.354216,-0.0,-0.022646578,12.367069,1.1804348e-06,-2.8212407e-06,0,0,0,1
1771685683092000,1771685682936000,0,1771685682940000,0,-529.4413,12.354284,0.0033569336,-0.020196972,12.3671665,3.644813e-08,-2.552038e-06,0,0,0,1
1771685683140000,1771685682988000,0,1771685682988000,0,-529.31915,12.354216,-0.0,-0.022750368,12.367069,7.2369694e-06,-2.9933722e-06,0,0,0,1
1771685683196000,1771685683040000,0,1771685683044000,0,-529.29144,12.354284,0.007751465,-0.019877007,12.3671665,1.9433783e-07,-2.6930807e-06,0,0,0,1
1771685683244000,1771685683092000,0,1771685683092000,0,-529.18805,12.354216,-0.0,-0.02033316,12.367069,1.9763477e-06,-2.6255623e-06,0,0,0,1
1771685683300000,1771685683144000,0,1771685683148000,0,-529.10846,12.354284,-0.0,-0.020464607,12.3671665,1.5270382e-06,-2.5220781e-06,0,0,0,1
1771685683348000,1771685683196000,0,1771685683196000,0,-529.0335,12.354216,-0.0,-0.020957401,12.367069,2.1355881e-06,-2.4856697e-06,0,0,0,1
1771685683404000,1771685683248000,0,1771685683252000,0,-529.01025,12.354284,0.033691406,-0.015809324,12.3671665,3.671369e-06,-1.9056588e-06,0,0,0,1
1771685683452000,1771685683300000,0,1771685683300000,0,-528.9302,12.354216,0.024414062,-0.012020163,12.367069,1.9278502e-06,-1.5445311e-06,0,0,0,1
1771685683508000,1771685683352000,0,1771685683356000,0,-528.8126,12.354284,-0.0,-0.011882525,12.3671665,3.606136e-07,-1.4330026e-06,0,0,0,1
1771685683556000,1771685683404000,0,1771685683404000,0,-528.70935,12.354216,-0.0,-0.014805188,12.367069,5.954756e-06,-1.8589649e-06,0,0,0,1
1771685683612000,1771685683456000,0,1771685683460000,0,-528.6769,12.354284,0.006958008,-0.012755033,12.3671665,1.565884e-07,-1.6690939e-06,0,0,0,1
1771685683660000,1771685683508000,0,1771685683508000,0,-528.6439,12.354216,0.04498291,-0.0073159505,12.367069,6.5446784e-06,-8.953327e-07,0,0,0,1
1771685683716000,1771685683560000,0,1771685683564000,0,-528.47455,12.354284,-0.0,-0.010548055,12.3671665,5.604265e-06,-1.3389279e-06,0,0,0,1
1771685683764000,1771685683612000,0,1771685683612000,0,-528.4092,12.354216,-0.0,-0.012912216,12.367069,4.109406e-06,-1.5999149e-06,0,0,0,1
1771685683820000,1771685683664000,0,1771685683668000,0,-528.34845,12.354284,-0.0,-0.012983778,12.3671665,6.045691e-07,-1.5061504e-06,0,0,0,1
1771685683868000,1771685683716000,0,1771685683716000,0,-528.2312,12.354216,-0.0,-0.017395362,12.367069,1.1571921e-05,-2.4543751e-06,0,0,0,1
1771685683924000,1771685683768000,0,1771685683772000,0,-528.20355,12.354284,-0.0,-0.016216643,12.3671665,7.7113405e-08,-2.2304303e-06,0,0,0,1
1771685683972000,1771685683820000,0,1771685683820000,0,-528.1613,12.354216,0.024108887,-0.012417861,12.367069,1.8799552e-06,-1.84322e-06,0,0,0,1
1771685684028000,1771685683872000,0,1771685683876000,0,-527.99677,12.354284,-0.0,-0.016693018,12.3671665,1.0805624e-05,-2.6875045e-06,0,0,0,1
1771685684076000,1771685683924000,0,1771685683924000,0,-527.9127,12.354216,-0.0,-0.021784376,12.367069,1.6185279e-05,-3.959034e-06,0,0,0,1
1771685684132000,1771685683976000,0,1771685683980000,0,-527.8946,12.354284,-0.0,-0.020318693,12.3671665,1.2535747e-07,-3.5978906e-06,0,0,0,1
1771685684180000,1771685684028000,0,1771685684028000,0,-527.8383,12.354216,0.008666992,-0.017588157,12.367069,2.4295733e-07,-3.2360715e-06,0,0,0,1
1771685684236000,1771685684080000,0,1771685684084000,0,-527.79596,12.354284,0.04925537,-0.011291303,12.3671665,7.846879e-06,-2.1920255e-06,0,0,0,1
1771685684284000,1771685684132000,0,1771685684132000,0,-527.6547,12.354216,-0.0,-0.012211272,12.367069,1.4341399e-06,-2.1206304e-06,0,0,0,1
1771685684340000,1771685684184000,0,1771685684188000,0,-527.5939,12.354284,0.0005493164,-0.011009187,12.3671665,9.759665e-10,-1.920769e-06,0,0,0,1
1771685684388000,1771685684236000,0,1771685684236000,0,-527.51404,12.354216,-0.0,-0.010754048,12.367069,2.228595e-07,-1.7608209e-06,0,0,0,1
1771685684444000,1771685684288000,0,1771685684292000,0,-527.42487,12.354284,-0.0,-0.011166908,12.3671665,7.410598e-07,-1.6647564e-06,0,0,0,1
1771685684492000,1771685684340000,0,1771685684340000,0,-527.40155,12.354216,0.032348633,-0.0070676175,12.367069,3.3845822e-06,-1.1890941e-06,0,0,0,1
1771685684548000,1771685684392000,0,1771685684396000,0,-527.2698,12.354284,-0.0,-0.00802324,12.3671665,9.581822e-07,-1.1673415e-06,0,0,0,1
1771685684596000,1771685684444000,0,1771685684444000,0,-527.23236,12.354216,0.016357422,-0.0057265107,12.367069,8.65412e-07,-9.758502e-07,0,0,0,1
1771685684652000,1771685684496000,0,1771685684500000,0,-527.16187,12.354284,0.028381348,-0.0025134515,12.3671665,2.6052883e-06,-6.3849654e-07,0,0,0,1
1771685684700000,1771685684548000,0,1771685684548000,0,-527.01135,12.354216,-0.0,-0.007123665,12.367069,8.562655e-06,-1.3849753e-06,0,0,0,1
1771685684756000,1771685684600000,0,1771685684604000,0,-526.993,12.354284,0.012451172,-0.0052796584,12.3671665,5.014299e-07,-1.2072705e-06,0,0,0,1
1771685684804000,1771685684652000,0,1771685684652000,0,-526.8943,12.354216,-0.0,-0.006196723,12.367069,7.291612e-07,-1.1622312e-06,0,0,0,1
1771685684860000,1771685684704000,0,1771685684708000,0,-526.78174,12.354284,-0.0,-0.009867744,12.3671665,6.5980157e-06,-1.6742979e-06,0,0,0,1
1771685684908000,1771685684756000,0,1771685684756000,0,-526.768,12.354216,0.01184082,-0.007822733,12.367069,4.5347858e-07,-1.4738551e-06,0,0,0,1
1771685684964000,1771685684808000,0,1771685684812000,0,-526.6788,12.354284,0.005065918,-0.006608585,12.3671665,8.300535e-08,-1.3271944e-06,0,0,0,1
1771685685012000,1771685684860000,0,1771685684860000,0,-526.5942,12.354216,-0.0,-0.0068082428,12.367069,2.4639132e-07,-1.2253796e-06,0,0,0,1
1771685685068000,1771685684912000,0,1771685684916000,0,-526.5191,12.354284,-0.0,-0.00628763,12.3671665,5.3135953e-09,-1.1104459e-06,0,0,0,1
1771685685116000,1771685684964000,0,1771685684964000,0,-526.39233,12.354216,-0.0,-0.011117274,12.367069,1.0714619e-05,-2.015187e-06,0,0,0,1
1771685685172000,1771685685016000,0,1771685685020000,0,-526.3975,12.354284,0.029541016,-0.007287145,12.3671665,2.8225434e-06,-1.5594587e-06,0,0,0,1
1771685685220000,1771685685068000,0,1771685685068000,0,-526.2189,12.354216,-0.0,-0.014035023,12.367069,2.0144216e-05,-3.310197e-06,0,0,0,1
1771685685276000,1771685685120000,0,1771685685124000,0,-526.23364,12.354284,0.018127441,-0.011005225,12.3671665,1.0628276e-06,-2.8982454e-06,0,0,0,1
1771685685324000,1771685685172000,0,1771685685172000,0,-526.1725,12.354216,0.027709961,-0.007358142,12.367069,2.4835049e-06,-2.391269e-06,0,0,0,1
1771685685380000,1771685685224000,0,1771685685228000,0,-526.1018,12.354284,0.03942871,-0.0029506846,12.3671665,5.028228e-06,-1.6923308e-06,0,0,0,1
1771685685428000,1771685685276000,0,1771685685276000,0,-526.0263,12.354216,0.034484863,0.0005758526,12.367069,3.8463627e-06,-1.1705697e-06,0,0,0,1
1771685685484000,1771685685328000,0,1771685685332000,0,-525.9416,12.354284,0.032104492,0.0035459423,12.3671665,3.3336605e-06,-7.4625814e-07,0,0,0,1
1771685685532000,1771685685380000,0,1771685685380000,0,-525.83325,12.354216,-0.0,0.0026656836,12.367069,1.087428e-07,-6.862023e-07,0,0,0,1
1771685685588000,1771685685432000,0,1771685685436000,0,-525.73004,12.354284,-0.0,-8.079666e-05,12.3671665,2.2694956e-06,-8.3535315e-07,0,0,0,1
1771685685636000,1771685685484000,0,1771685685484000,0,-525.68805,12.354216,0.002380371,0.0001510525,12.367069,1.8326627e-08,-7.5493404e-07,0,0,0,1
1771685685692000,1771685685536000,0,1771685685540000,0,-525.58936,12.354284,-0.0,-0.0011511074,12.3671665,6.045691e-07,-7.407692e-07,0,0,0,1
1771685685740000,1771685685588000,0,1771685685588000,0,-525.505,12.354216,-0.0,-0.0036012814,12.367069,2.386016e-06,-8.957562e-07,0,0,0,1
1771685685796000,1771685685640000,0,1771685685644000,0,-525.4348,12.354284,-0.0,-0.004653455,12.3671665,7.0563584e-07,-8.7784633e-07,0,0,0,1
1771685685844000,1771685685692000,0,1771685685692000,0,-525.3692,12.354216,-0.0,-0.0051005385,12.367069,2.8575562e-07,-8.2206964e-07,0,0,0,1
1771685685900000,1771685685744000,0,1771685685748000,0,-525.34106,12.354284,0.04522705,-0.00035953335,12.3671665,6.61586e-06,-1.2139509e-07,0,0,0,1
1771685685948000,1771685685796000,0,1771685685796000,0,-525.1811,12.354216,-0.0,-0.00447119,12.367069,6.2635977e-06,-7.000084e-07,0,0,0,1
1771685686004000,1771685685848000,0,1771685685852000,0,-525.20496,12.354284,0.062561035,0.0018434408,12.3671665,1.2658948e-05,5.5844407e-07,0,0,0,1
1771685686052000,1771685685900000,0,1771685685900000,0,-525.07764,12.354216,0.0059814453,0.0022332529,12.367069,1.1571922e-07,5.167381e-07,0,0,0,1
1771685686108000,1771685685952000,0,1771685685956000,0,-524.9743,12.354284,-0.0,0.0006314493,12.3671665,7.0563584e-07,4.0158693e-07,0,0,0,1
1771685686156000,1771685686004000,0,1771685686004000,0,-524.89935,12.354216,-0.0,-0.0011471922,12.367069,1.0771984e-06,2.6228105e-07,0,0,0,1
1771685686212000,1771685686056000,0,1771685686060000,0,-524.81494,12.354284,-0.0,-0.002861775,12.3671665,1.2107889e-06,1.2351359e-07,0,0,0,1
1771685686260000,1771685686108000,0,1771685686108000,0,-524.7729,12.354216,0.010192871,-0.0016319894,12.367069,3.3603635e-07,1.4353385e-07,0,0,0,1
1771685686316000,1771685686160000,0,1771685686164000,0,-524.6272,12.354284,-0.0,-0.0063884854,12.3671665,8.787506e-06,-6.9779605e-07,0,0,0,1
1771685686364000,1771685686212000,0,1771685686212000,0,-524.58075,12.354216,-0.0,-0.008322285,12.367069,2.343314e-06,-8.528086e-07,0,0,0,1
1771685686420000,1771685686264000,0,1771685686268000,0,-524.56213,12.354284,0.037902832,-0.0039677443,12.3671665,4.6465766e-06,-3.3475055e-07,0,0,0,1
1771685686468000,1771685686316000,0,1771685686316000,0,-524.44916,12.354216,-0.0,-0.0038929551,12.367069,3.258067e-08,-3.0628527e-07,0,0,0,1
1771685686524000,1771685686368000,0,1771685686372000,0,-524.4117,12.354284,0.04272461,0.0004985549,12.3671665,5.903995e-06,2.7874117e-07,0,0,0,1
1771685686572000,1771685686420000,0,1771685686420000,0,-524.3315,12.354216,0.034179688,0.0036714154,12.367069,3.7785867e-06,6.084368e-07,0,0,0,1
1771685686628000,1771685686472000,0,1771685686476000,0,-524.2138,12.354284,-0.0,0.0033025586,12.3671665,1.9278351e-10,5.511021e-07,0,0,0,1
1771685686676000,1771685686524000,0,1771685686524000,0,-524.1669,12.354216,0.024291992,0.005279824,12.367069,1.90862e-06,6.7898424e-07,0,0,0,1
1771685686732000,1771685686576000,0,1771685686580000,0,-524.0352,12.354284,-0.0,0.0025055725,12.3671665,1.8894712e-06,4.370283e-07,0,0,0,1
1771685686780000,1771685686628000,0,1771685686628000,0,-523.97906,12.354216,-0.0,0.001424336,12.367069,2.6036824e-07,3.713315e-07,0,0,0,1
1771685686836000,1771685686680000,0,1771685686684000,0,-523.9885,12.354284,0.083618164,0.0091672335,12.3671665,2.2614711e-05,2.4667224e-06,0,0,0,1
1771685686884000,1771685686732000,0,1771685686732000,0,-523.8423,12.354216,0.0087890625,0.0091316085,12.367069,2.498494e-07,2.2578865e-06,0,0,0,1
1771685686940000,1771685686784000,0,1771685686788000,0,-523.7389,12.354284,-0.0,0.007132946,12.3671665,4.723678e-07,2.0006887e-06,0,0,0,1
1771685686988000,1771685686836000,0,1771685686836000,0,-523.6545,12.354216,-0.0,0.00409213,12.367069,2.0452565e-06,1.6195489e-06,0,0,0,1
1771685687044000,1771685686888000,0,1771685686892000,0,-523.5843,12.354284,-0.0,0.0025394524,12.3671665,4.9652596e-07,1.4202085e-06,0,0,0,1
1771685687092000,1771685686940000,0,1771685686940000,0,-523.4858,12.354216,-0.0,-0.0014370691,12.367069,5.0907297e-06,8.068592e-07,0,0,0,1
1771685687148000,1771685686992000,0,1771685686996000,0,-523.3641,12.354284,-0.0,-0.008690043,12.3671665,1.9895559e-05,-1.1433688e-06,0,0,0,1
1771685687196000,1771685687044000,0,1771685687044000,0,-523.38354,12.354216,0.0119018555,-0.0067502265,12.367069,4.581657e-07,-9.924995e-07,0,0,0,1
1771685687252000,1771685687096000,0,1771685687100000,0,-523.2848,12.354284,-0.0,-0.0064823157,12.3671665,4.935258e-08,-9.0365234e-07,0,0,0,1
1771685687300000,1771685687148000,0,1771685687148000,0,-523.1769,12.354216,-0.0,-0.009666458,12.367069,5.2485725e-06,-1.3129564e-06,0,0,0,1
1771685687356000,1771685687200000,0,1771685687204000,0,-523.09265,12.354284,-0.0,-0.012659889,12.3671665,5.555069e-06,-1.7125758e-06,0,0,0,1
1771685687404000,1771685687252000,0,1771685687252000,0,-523.1118,12.354216,0.04901123,-0.00685029,12.367069,7.769345e-06,-8.193513e-07,0,0,0,1
1771685687460000,1771685687304000,0,1771685687308000,0,-523.07855,12.354284,0.09857178,0.003080775,12.3671665,3.142642e-05,2.2182944e-06,0,0,0,1
1771685687508000,1771685687356000,0,1771685687356000,0,-522.9321,12.354216,0.023254395,0.0049811886,12.367069,1.7490543e-06,2.1740907e-06,0,0,0,1
1771685687564000,1771685687408000,0,1771685687412000,0,-522.8427,12.354284,0.016601562,0.006075862,12.3671665,8.9143094e-07,2.0532605e-06,0,0,0,1
1771685687612000,1771685687460000,0,1771685687460000,0,-522.744,12.354216,-0.0,0.0044743037,12.367069,3.8606407e-07,1.823469e-06,0,0,0,1
1771685687668000,1771685687512000,0,1771685687516000,0,-522.70654,12.354284,0.034057617,0.0072611375,12.3671665,3.7516152e-06,2.005106e-06,0,0,0,1
1771685687716000,1771685687564000,0,1771685687564000,0,-522.5795,12.354216,-0.0,0.0044957297,12.367069,1.5789576e-06,1.6674767e-06,0,0,0,1
1771685687772000,1771685687616000,0,1771685687620000,0,-522.5468,12.354284,0.027832031,0.0066940775,12.3671665,2.5054144e-06,1.7464129e-06,0,0,0,1
1771685687820000,1771685687668000,0,1771685687668000,0,-522.4527,12.354216,0.004699707,0.006506202,12.367069,7.1438905e-08,1.5886254e-06,0,0,0,1
1771685687876000,1771685687720000,0,1771685687724000,0,-522.42444,12.354284,0.05895996,0.011447499,12.3671665,1.1243568e-05,2.4981491e-06,0,0,0,1
1771685687924000,1771685687772000,0,1771685687772000,0,-522.3488,12.354216,0.05419922,0.015474835,12.367069,9.501217e-06,3.1578584e-06,0,0,0,1
1771685687980000,1771685687824000,0,1771685687828000,0,-522.2733,12.354284,0.060913086,0.019755252,12.3671665,1.2000822e-05,3.9908914e-06,0,0,0,1
1771685688028000,1771685687876000,0,1771685687876000,0,-522.18353,12.354216,0.041503906,0.021804038,12.367069,5.5714872e-06,4.139788e-06,0,0,0,1
1771685688084000,1771685687928000,0,1771685687932000,0,-522.03766,12.354284,-0.0,0.01763415,12.3671665,1.6317196e-06,3.5960952e-06,0,0,0,1
1771685688132000,1771685687980000,0,1771685687980000,0,-521.9862,12.354216,-0.0,0.01561648,12.367069,4.6316604e-08,3.2529695e-06,0,0,0,1
1771685688188000,1771685688032000,0,1771685688036000,0,-521.9252,12.354284,0.01727295,0.015772525,12.3671665,9.649899e-07,3.0374351e-06,0,0,0,1
1771685688236000,1771685688084000,0,1771685688084000,0,-521.8593,12.354216,0.022399902,0.016396843,12.367069,1.6228764e-06,2.9041796e-06,0,0,0,1
1771685688292000,1771685688136000,0,1771685688140000,0,-521.73706,12.354284,-0.0,0.013230801,12.3671665,9.581822e-07,2.5403338e-06,0,0,0,1
1771685688340000,1771685688188000,0,1771685688188000,0,-521.6245,12.354216,-0.0,0.0064417203,12.367069,1.1197148e-05,1.2462232e-06,0,0,0,1
1771685688396000,1771685688240000,0,1771685688244000,0,-521.55927,12.354284,-0.0,0.0019538514,12.3671665,5.4898114e-06,6.116691e-07,0,0,0,1
1771685688444000,1771685688292000,0,1771685688292000,0,-521.5221,12.354216,-0.0,0.0010913296,12.367069,1.6777118e-07,5.3824357e-07,0,0,0,1
1771685688500000,1771685688344000,0,1771685688348000,0,-521.4189,12.354284,-0.0,-0.0016275854,12.3671665,2.494438e-06,2.5255616e-07,0,0,0,1
1771685688548000,1771685688396000,0,1771685688396000,0,-521.405,12.354216,0.029541016,0.0013085874,12.367069,2.8225656e-06,4.946585e-07,0,0,0,1
1771685688604000,1771685688448000,0,1771685688452000,0,-521.31085,12.354284,0.018127441,0.0028929724,12.3671665,1.0628276e-06,5.481817e-07,0,0,0,1
1771685688652000,1771685688500000,0,1771685688500000,0,-521.198,12.354216,-0.0,0.0003953164,12.367069,1.8045763e-06,3.2654503e-07,0,0,0,1
1771685688708000,1771685688552000,0,1771685688556000,0,-521.13715,12.354284,-0.0,0.00019133546,12.3671665,1.0133183e-08,2.9482896e-07,0,0,0,1
1771685688756000,1771685688604000,0,1771685688604000,0,-521.03864,12.354216,-0.0,-0.002557791,12.367069,2.7185702e-06,1.095799e-08,0,0,0,1
1771685688812000,1771685688656000,0,1771685688660000,0,-520.97784,12.354284,-0.0,-0.0029723044,12.3671665,1.565884e-07,-4.8253668e-09,0,0,0,1
1771685688860000,1771685688708000,0,1771685688708000,0,-520.94037,12.354216,0.026611328,-0.00018544006,12.367069,2.290479e-06,2.1139897e-07,0,0,0,1
1771685688916000,1771685688760000,0,1771685688764000,0,-520.8697,12.354284,0.03857422,0.0034658324,12.3671665,4.8126476e-06,6.4484993e-07,0,0,0,1
1771685688964000,1771685688812000,0,1771685688812000,0,-520.76605,12.354216,0.0063476562,0.0037373086,12.367069,1.3032268e-07,5.9637995e-07,0,0,0,1
1771685689020000,1771685688864000,0,1771685688868000,0,-520.6439,12.354284,-0.0,0.00028616097,12.3671665,3.5004787e-06,2.1044397e-07,0,0,0,1
1771685689068000,1771685688916000,0,1771685688916000,0,-520.6019,12.354216,-0.0,-8.5777574e-05,12.367069,4.337663e-08,1.8653333e-07,0,0,0,1
1771685689124000,1771685688968000,0,1771685688972000,0,-520.4564,12.354284,-0.0,-0.0063046105,12.3671665,1.4132103e-05,-1.162324e-06,0,0,0,1
1771685689172000,1771685689020000,0,1771685689020000,0,-520.45233,12.354216,0.00091552734,-0.0056244526,12.367069,2.7110394e-09,-1.0525744e-06,0,0,0,1
1771685689228000,1771685689072000,0,1771685689076000,0,-520.3678,12.354284,-0.0,-0.0051751086,12.3671665,2.361598e-09,-9.536413e-07,0,0,0,1
1771685689276000,1771685689124000,0,1771685689124000,0,-520.27856,12.354216,-0.0,-0.0064815013,12.367069,1.1729041e-06,-9.742965e-07,0,0,0,1
1771685689332000,1771685689176000,0,1771685689180000,0,-520.2271,12.354284,0.012329102,-0.004709488,12.3671665,4.916461e-07,-8.3620046e-07,0,0,0,1
1771685689380000,1771685689228000,0,1771685689228000,0,-520.1378,12.354216,-0.0,-0.004812061,12.367069,1.087428e-07,-7.6767185e-07,0,0,0,1
1771685689436000,1771685689280000,0,1771685689284000,0,-520.06744,12.354284,0.006591797,-0.0037377845,12.3671665,1.4053917e-07,-6.8211574e-07,0,0,0,1
1771685689484000,1771685689332000,0,1771685689332000,0,-519.99225,12.354216,0.0028076172,-0.0031211886,12.367069,2.549582e-08,-6.1545666e-07,0,0,0,1
1771685689540000,1771685689384000,0,1771685689388000,0,-519.91705,12.354284,0.010864258,-0.0018037189,12.3671665,3.8175955e-07,-5.21516e-07,0,0,0,1
1771685689588000,1771685689436000,0,1771685689436000,0,-519.87946,12.354216,0.04449463,0.00255772,12.367069,6.403367e-06,1.3082814e-07,0,0,0,1
1771685689644000,1771685689488000,0,1771685689492000,0,-519.7758,12.354284,0.023742676,0.0045534046,12.3671665,1.8232621e-06,2.9026035e-07,0,0,0,1
1771685689692000,1771685689540000,0,1771685689540000,0,-519.68634,12.354216,0.005126953,0.0046074344,12.367069,8.50182e-08,2.7092594e-07,0,0,0,1
1771685689748000,1771685689592000,0,1771685689596000,0,-519.569,12.354284,-0.0,0.001390551,12.3671665,2.8225434e-06,-2.0487875e-08,0,0,0,1
1771685689796000,1771685689644000,0,1771685689644000,0,-519.5786,12.354216,0.05126953,0.006089296,12.367069,8.50182e-06,7.8233836e-07,0,0,0,1
1771685689852000,1771685689696000,0,1771685689700000,0,-519.47955,12.354284,0.03515625,0.008827488,12.3671665,3.997559e-06,1.0852215e-06,0,0,0,1
1771685689900000,1771685689748000,0,1771685689748000,0,-519.3807,12.354216,0.007507324,0.008703125,12.367069,1.822903e-07,1.0001627e-06,0,0,0,1
1771685689956000,1771685689800000,0,1771685689804000,0,-519.28674,12.354284,-0.0,0.007544033,12.3671665,4.1942464e-08,9.0199336e-07,0,0,0,1
1771685690004000,1771685689852000,0,1771685689852000,0,-519.221,12.354216,0.0017700195,0.0070001045,12.367069,1.0133263e-08,8.1797754e-07,0,0,0,1
1771685690060000,1771685689904000,0,1771685689908000,0,-519.1318,12.354284,-0.0,0.005938196,12.3671665,5.9039948e-08,7.3535995e-07,0,0,0,1
1771685690108000,1771685689956000,0,1771685689956000,0,-519.0661,12.354216,0.0015258789,0.005522543,12.367069,7.530665e-09,6.667963e-07,0,0,0,1
1771685690164000,1771685690008000,0,1771685690012000,0,-519.0144,12.354284,0.033203125,0.008130134,12.3671665,3.5657238e-06,9.3988376e-07,0,0,0,1
1771685690212000,1771685690060000,0,1771685690060000,0,-518.8968,12.354216,-0.0,0.006156817,12.367069,5.3136375e-07,8.0128797e-07,0,0,0,1
1771685690268000,1771685690112000,0,1771685690116000,0,-518.8218,12.354284,-0.0,0.005174349,12.3671665,5.9039948e-08,7.2024255e-07,0,0,0,1
1771685690316000,1771685690164000,0,1771685690164000,0,-518.79834,12.354216,0.043884277,0.008820937,12.367069,6.2288964e-06,1.2391738e-06,0,0,0,1
1771685690372000,1771685690216000,0,1771685690220000,0,-518.70404,12.354284,0.032958984,0.011094811,12.3671665,3.5134794e-06,1.45342e-06,0,0,0,1
1771685690420000,1771685690268000,0,1771685690268000,0,-518.6146,12.354216,0.015136719,0.0114755705,12.367069,7.4106566e-07,1.3863142e-06,0,0,0,1
1771685690476000,1771685690320000,0,1771685690324000,0,-518.49243,12.354284,-0.0,0.008163659,12.3671665,1.8139e-06,1.0848448e-06,0,0,0,1
1771685690524000,1771685690372000,0,1771685690372000,0,-518.4081,12.354216,-0.0,0.0039908024,12.367069,4.2227634e-06,5.848527e-07,0,0,0,1
1771685690580000,1771685690424000,0,1771685690428000,0,-518.34265,12.354284,-0.0,0.0019359479,12.3671665,1.0273433e-06,4.3297916e-07,0,0,0,1
1771685690628000,1771685690476000,0,1771685690476000,0,-518.30524,12.354216,0.016723633,0.0033289907,12.367069,9.0459554e-07,4.774068e-07,0,0,0,1
1771685690684000,1771685690528000,0,1771685690532000,0,-518.2441,12.354284,0.039123535,0.006700941,12.3671665,4.9506925e-06,8.9880325e-07,0,0,0,1
1771685690732000,1771685690580000,0,1771685690580000,0,-518.19214,12.354216,0.05895996,0.011623893,12.367069,1.1243656e-05,1.8733184e-06,0,0,0,1
1771685690788000,1771685690632000,0,1771685690636000,0,-518.0554,12.354284,0.0053710938,0.011034861,12.3671665,9.3307214e-08,1.7056361e-06,0,0,0,1
1771685690836000,1771685690684000,0,1771685690684000,0,-517.9756,12.354216,-0.0,0.009696362,12.367069,3.258067e-08,1.541891e-06,0,0,0,1
1771685690892000,1771685690736000,0,1771685690740000,0,-517.8864,12.354284,-0.0,0.007880235,12.3671665,2.9699504e-07,1.3686627e-06,0,0,0,1
1771685690940000,1771685690788000,0,1771685690788000,0,-517.8489,12.354216,0.023986816,0.009397522,12.367069,1.860966e-06,1.415039e-06,0,0,0,1
1771685690996000,1771685690840000,0,1771685690844000,0,-517.7454,12.354284,0.003540039,0.00884573,12.3671665,4.0532733e-08,1.2855566e-06,0,0,0,1
1771685691044000,1771685690892000,0,1771685690892000,0,-517.60455,12.354216,-0.0,0.0018085218,12.367069,1.4028014e-05,-1.5702642e-07,0,0,0,1
1771685691100000,1771685690944000,0,1771685690948000,0,-517.5863,12.354284,-0.0,0.0015749072,12.3671665,1.4579252e-09,-1.4237142e-07,0,0,0,1
1771685691148000,1771685690996000,0,1771685690996000,0,-517.52527,12.354216,0.0099487305,0.0023637456,12.367069,3.201316e-07,-9.880229e-08,0,0,0,1
1771685691204000,1771685691048000,0,1771685691052000,0,-517.497,12.354284,0.06488037,0.008252993,12.3671665,1.3614962e-05,1.1930741e-06,0,0,0,1
1771685691252000,1771685691100000,0,1771685691100000,0,-517.3791,12.354216,0.018249512,0.009194694,12.367069,1.0771984e-06,1.1821583e-06,0,0,0,1
1771685691308000,1771685691152000,0,1771685691156000,0,-517.29913,12.354284,0.021362305,0.010340919,12.3671665,1.4759987e-06,1.2098388e-06,0,0,0,1
1771685691356000,1771685691204000,0,1771685691204000,0,-517.2379,12.354216,0.031799316,0.012362363,12.367069,3.27061e-06,1.4039695e-06,0,0,0,1
1771685691412000,1771685691256000,0,1771685691260000,0,-517.125,12.354284,0.001953125,0.011381783,12.3671665,1.2338145e-08,1.2728738e-06,0,0,0,1
1771685691460000,1771685691308000,0,1771685691308000,0,-517.0498,12.354216,-0.0,0.010114096,12.367069,1.3928719e-08,1.1516532e-06,0,0,0,1
1771685691516000,1771685691360000,0,1771685691364000,0,-516.9513,12.354284,-0.0,0.007511158,12.3671665,9.924615e-07,9.496714e-07,0,0,0,1
1771685691564000,1771685691412000,0,1771685691412000,0,-516.9232,12.354216,0.025878906,0.009241453,12.367069,2.1661326e-06,1.0642656e-06,0,0,0,1
1771685691620000,1771685691464000,0,1771685691468000,0,-516.815,12.354284,0.0010375977,0.008468626,12.3671665,3.4821521e-09,9.643367e-07,0,0,0,1
1771685691668000,1771685691516000,0,1771685691516000,0,-516.73047,12.354216,-0.0,0.0065266686,12.367069,4.77155e-07,8.28544e-07,0,0,0,1
1771685691724000,1771685691568000,0,1771685691572000,0,-516.6649,12.354284,0.005065918,0.0063890615,12.3671665,8.300535e-08,7.5831207e-07,0,0,0,1
1771685691772000,1771685691620000,0,1771685691620000,0,-516.5944,12.354216,0.005554199,0.006310415,12.367069,9.9778305e-08,6.962763e-07,0,0,0,1
1771685691828000,1771685691672000,0,1771685691676000,0,-516.5005,12.354284,-0.0,0.005175485,12.3671665,1.0646469e-07,6.206558e-07,0,0,0,1
1771685691876000,1771685691724000,0,1771685691724000,0,-516.4066,12.354216,-0.0,0.0019568366,12.367069,2.7185702e-06,3.0609098e-07,0,0,0,1
1771685691932000,1771685691776000,0,1771685691780000,0,-516.3082,12.354284,-0.0,-0.0024535244,12.3671665,6.5091544e-06,-3.359249e-07,0,0,0,1
1771685691980000,1771685691828000,0,1771685691828000,0,-516.2476,12.354216,-0.0,-0.00545947,12.367069,3.8191797e-06,-6.6405767e-07,0,0,0,1
1771685692036000,1771685691880000,0,1771685691884000,0,-516.215,12.354284,0.01586914,-0.003450253,12.3671665,8.145103e-07,-5.2477225e-07,0,0,0,1
1771685692084000,1771685691932000,0,1771685691932000,0,-516.1445,12.354216,0.016601562,-0.0015613139,12.367069,8.91438e-07,-3.9136114e-07,0,0,0,1
1771685692140000,1771685691984000,0,1771685691988000,0,-516.027,12.354284,-0.0,-0.0031161415,12.3671665,1.0556824e-06,-4.5394214e-07,0,0,0,1
1771685692188000,1771685692036000,0,1771685692036000,0,-515.97546,12.354216,0.0015869141,-0.0026731,12.367069,8.145167e-09,-4.1041216e-07,0,0,0,1
1771685692244000,1771685692088000,0,1771685692092000,0,-515.8722,12.354284,-0.0,-0.0042094393,12.3671665,1.1653883e-06,-4.815331e-07,0,0,0,1
1771685692292000,1771685692140000,0,1771685692140000,0,-515.8207,12.354216,0.0007324219,-0.0037439016,12.367069,1.7350653e-09,-4.3600784e-07,0,0,0,1
1771685692348000,1771685692192000,0,1771685692196000,0,-515.7315,12.354284,-0.0,-0.0039259363,12.3671665,1.0421154e-07,-4.0475166e-07,0,0,0,1
1771685692396000,1771685692244000,0,1771685692244000,0,-515.7033,12.354216,0.03717041,-5.4541277e-05,12.367069,4.468769e-06,5.4348135e-08,0,0,0,1
1771685692452000,1771685692296000,0,1771685692300000,0,-515.63727,12.354284,0.053466797,0.0049873246,12.3671665,9.24609e-06,9.2023697e-07,0,0,0,1
1771685692500000,1771685692348000,0,1771685692348000,0,-515.53827,12.354216,0.02520752,0.0068921256,12.367069,2.0551968e-06,1.0271535e-06,0,0,0,1
1771685692556000,1771685692400000,0,1771685692404000,0,-515.43945,12.354284,0.0087890625,0.0070708226,12.3671665,2.4984743e-07,9.53929e-07,0,0,0,1
1771685692604000,1771685692452000,0,1771685692452000,0,-515.36426,12.354216,0.003967285,0.0067784605,12.367069,5.0907296e-08,8.688617e-07,0,0,0,1
1771685692660000,1771685692504000,0,1771685692508000,0,-515.322,12.354284,0.04425049,0.010308434,12.3671665,6.3332395e-06,1.383622e-06,0,0,0,1
1771685692708000,1771685692556000,0,1771685692556000,0,-515.1713,12.354216,-0.0,0.005991031,12.367069,4.0813075e-06,8.6880976e-07,0,0,0,1
1771685692764000,1771685692608000,0,1771685692612000,0,-515.1341,12.354284,0.010009766,0.0063696075,12.3671665,3.2406908e-07,8.174936e-07,0,0,0,1
1771685692812000,1771685692660000,0,1771685692660000,0,-515.08234,12.354216,0.029418945,0.008540922,12.367069,2.799287e-06,1.0041844e-06,0,0,0,1
1771685692868000,1771685692712000,0,1771685692716000,0,-514.9178,12.354284,-0.0,0.0028088586,12.3671665,8.849353e-06,7.595247e-08,0,0,0,1
1771685692916000,1771685692764000,0,1771685692764000,0,-514.9229,12.354216,0.024047852,0.004809634,12.367069,1.8704486e-06,2.4499923e-07,0,0,0,1
1771685692972000,1771685692816000,0,1771685692820000,0,-514.80536,12.354284,-0.0,0.0033561066,12.3671665,3.647946e-07,1.8755487e-07,0,0,0,1
1771685693020000,1771685692868000,0,1771685692868000,0,-514.7585,12.354216,0.0138549805,0.004345131,12.367069,6.208762e-07,2.28375e-07,0,0,0,1
1771685693076000,1771685692920000,0,1771685692924000,0,-514.6738,12.354284,0.012145996,0.0050799954,12.3671665,4.771512e-07,2.5181043e-07,0,0,0,1
1771685693124000,1771685692972000,0,1771685692972000,0,-514.59863,12.354216,0.008056641,0.005360404,12.367069,2.099429e-07,2.4786638e-07,0,0,0,1
1771685693180000,1771685693024000,0,1771685693028000,0,-514.4953,12.354284,-0.0,0.0036710026,12.3671665,5.113101e-07,1.7634974e-07,0,0,0,1
1771685693228000,1771685693076000,0,1771685693076000,0,-514.4296,12.354216,-0.0,0.002629471,12.367069,1.7641035e-07,1.4311871e-07,0,0,0,1
1771685693284000,1771685693128000,0,1771685693132000,0,-514.35455,12.354284,6.1035156e-05,0.002387517,12.3671665,1.20489695e-11,1.2963764e-07,0,0,0,1
1771685693332000,1771685693180000,0,1771685693180000,0,-514.2419,12.354216,-0.0,-0.0017586818,12.367069,5.604309e-06,-4.1051678e-07,0,0,0,1
1771685693388000,1771685693232000,0,1771685693236000,0,-514.1953,12.354284,-0.0,-0.0021219803,12.3671665,1.0198247e-07,-3.8145194e-07,0,0,0,1
1771685693436000,1771685693284000,0,1771685693284000,0,-514.14844,12.354216,0.018554688,-0.00017417804,12.367069,1.1135263e-06,-2.4062064e-07,0,0,0,1
1771685693492000,1771685693336000,0,1771685693340000,0,-514.0872,12.354284,0.040039062,0.0036140261,12.3671665,5.1851052e-06,2.704985e-07,0,0,0,1
1771685693540000,1771685693388000,0,1771685693388000,0,-514.0165,12.354216,0.040283203,0.007068369,12.367069,5.2485725e-06,7.394475e-07,0,0,0,1
1771685693596000,1771685693440000,0,1771685693444000,0,-513.87994,12.354284,-0.0,0.0051318267,12.3671665,5.884837e-07,6.1435253e-07,0,0,0,1
1771685693644000,1771685693492000,0,1771685693492000,0,-513.81433,12.354216,-0.0,0.0038779355,12.367069,2.16353e-07,5.360977e-07,0,0,0,1
1771685693700000,1771685693544000,0,1771685693548000,0,-513.7111,12.354284,-0.0,0.0007987695,12.3671665,2.6843177e-06,2.327252e-07,0,0,0,1
1771685693748000,1771685693596000,0,1771685693596000,0,-513.6738,12.354216,0.004638672,0.0011604995,12.367069,6.9595394e-08,2.173579e-07,0,0,0,1
1771685693804000,1771685693648000,0,1771685693652000,0,-513.5893,12.354284,0.0028076172,0.0013156628,12.3671665,2.5495618e-08,1.992839e-07,0,0,0,1
1771685693852000,1771685693700000,0,1771685693700000,0,-513.55634,12.354216,0.04083252,0.005038265,12.367069,5.3926915e-06,6.8851796e-07,0,0,0,1
1771685693908000,1771685693752000,0,1771685693756000,0,-513.45746,12.354284,0.024658203,0.0068865204,12.3671665,1.9665845e-06,8.0891556e-07,0,0,0,1
1771685693956000,1771685693804000,0,1771685693804000,0,-513.34454,12.354216,-0.0,0.0046278774,12.367069,9.446467e-07,6.437249e-07,0,0,0,1
1771685694012000,1771685693856000,0,1771685693860000,0,-513.32117,12.354284,0.042114258,0.008159203,12.3671665,5.736514e-06,1.1234804e-06,0,0,0,1
1771685694060000,1771685693908000,0,1771685693908000,0,-513.18475,12.354216,-0.0,0.0052057006,12.367069,1.7398849e-06,8.53743e-07,0,0,0,1
1771685694116000,1771685693960000,0,1771685693964000,0,-513.15674,12.354284,0.03173828,0.007705147,12.3671665,3.2580413e-06,1.0802349e-06,0,0,0,1
1771685694164000,1771685694012000,0,1771685694012000,0,-513.06256,12.354216,0.008605957,0.0077900058,12.367069,2.3954746e-07,1.0010398e-06,0,0,0,1
1771685694220000,1771685694064000,0,1771685694068000,0,-512.95917,12.354284,-0.0,0.005934975,12.3671665,4.5816205e-07,8.6357875e-07,0,0,0,1
1771685694268000,1771685694116000,0,1771685694116000,0,-512.8701,12.354216,-0.0,0.0025930337,12.367069,2.8225656e-06,5.163332e-07,0,0,0,1
1771685694324000,1771685694168000,0,1771685694172000,0,-512.83276,12.354284,0.016235352,0.0038781797,12.3671665,8.5253686e-07,5.4800455e-07,0,0,0,1
1771685694372000,1771685694220000,0,1771685694220000,0,-512.7341,12.354216,-0.0,0.0024893992,12.367069,3.8176256e-07,4.604178e-07,0,0,0,1
1771685694428000,1771685694272000,0,1771685694276000,0,-512.63556,12.354284,-0.0,-0.00021172618,12.3671665,2.2175043e-06,2.0814974e-07,0,0,0,1
1771685694476000,1771685694324000,0,1771685694324000,0,-512.617,12.354216,0.026977539,0.0023495816,12.367069,2.3539535e-06,4.1029068e-07,0,0,0,1
1771685694532000,1771685694376000,0,1771685694380000,0,-512.5181,12.354284,0.011291504,0.0031919368,12.3671665,4.1237598e-07,4.1048713e-07,0,0,0,1
1771685694580000,1771685694428000,0,1771685694428000,0,-512.396,12.354216,-0.0,-0.0008173026,12.367069,5.012712e-06,-1.00394004e-07,0,0,0,1
1771685694636000,1771685694480000,0,1771685694484000,0,-512.3165,12.354284,-0.0,-0.004109628,12.3671665,4.137568e-06,-4.807075e-07,0,0,0,1
1771685694684000,1771685694532000,0,1771685694532000,0,-512.27924,12.354216,-0.0,-0.0038777308,12.367069,8.783768e-09,-4.3625093e-07,0,0,0,1
1771685694740000,1771685694584000,0,1771685694588000,0,-512.19946,12.354284,0.0018920898,-0.003334197,12.3671665,1.15790595e-08,-3.9406405e-07,0,0,0,1
1771685694788000,1771685694636000,0,1771685694636000,0,-512.07733,12.354216,-0.0,-0.007596859,12.367069,7.63448e-06,-1.0761323e-06,0,0,0,1
1771685694844000,1771685694688000,0,1771685694692000,0,-512.0074,12.354284,-0.0,-0.010193033,12.3671665,3.997559e-06,-1.3513392e-06,0,0,0,1
1771685694892000,1771685694740000,0,1771685694740000,0,-511.95132,12.354216,-0.0,-0.01107272,12.367069,1.2338242e-06,-1.3402689e-06,0,0,0,1
1771685694948000,1771685694792000,0,1771685694796000,0,-511.85757,12.354284,-0.0,-0.012826862,12.3671665,2.8517773e-06,-1.4826574e-06,0,0,0,1
1771685694996000,1771685694844000,0,1771685694844000,0,-511.85785,12.354216,0.042266846,-0.0076368744,12.367069,5.778204e-06,-7.986631e-07,0,0,0,1
1771685695052000,1771685694896000,0,1771685694900000,0,-511.7119,12.354284,-0.0,-0.008820605,12.3671665,1.3200971e-06,-8.477837e-07,0,0,0,1
1771685695100000,1771685694948000,0,1771685694948000,0,-511.67453,12.354216,0.0140686035,-0.006664376,12.367069,6.401698e-07,-7.0761416e-07,0,0,0,1
1771685695156000,1771685695000000,0,1771685695004000,0,-511.58524,12.354284,0.008178711,-0.005266114,12.3671665,2.163513e-07,-6.205739e-07,0,0,0,1
1771685695204000,1771685695052000,0,1771685695052000,0,-511.52878,12.354216,0.023132324,-0.0025908987,12.367069,1.7307397e-06,-3.9907337e-07,0,0,0,1
1771685695260000,1771685695104000,0,1771685695108000,0,-511.41592,12.354284,-0.0,-0.0029361716,12.3671665,1.2658948e-07,-3.734046e-07,0,0,0,1
1771685695308000,1771685695156000,0,1771685695156000,0,-511.34088,12.354216,-0.0,-0.0035881505,12.367069,3.142667e-07,-3.6783362e-07,0,0,0,1
1771685695364000,1771685695208000,0,1771685695212000,0,-511.30338,12.354284,0.035949707,0.00013643061,12.3671665,4.1800404e-06,6.058934e-08,0,0,0,1
1771685695412000,1771685695260000,0,1771685695260000,0,-511.19977,12.354216,0.0040283203,0.00050305796,12.367069,5.2485724e-08,5.982596e-08,0,0,0,1
1771685695468000,1771685695312000,0,1771685695316000,0,-511.1481,12.354284,0.03591919,0.0038393606,12.3671665,4.172947e-06,4.4729387e-07,0,0,0,1
1771685695516000,1771685695364000,0,1771685695364000,0,-511.02573,12.354216,-0.0,0.0020948814,12.367069,6.969209e-07,3.395055e-07,0,0,0,1
1771685695572000,1771685695416000,0,1771685695420000,0,-510.99768,12.354284,0.04083252,0.0057440796,12.3671665,5.3926487e-06,8.155263e-07,0,0,0,1
1771685695620000,1771685695468000,0,1771685695468000,0,-510.8377,12.354216,-0.0,0.00072683766,12.367069,7.302483e-06,5.0786184e-08,0,0,0,1
1771685695676000,1771685695520000,0,1771685695524000,0,-510.76767,12.354284,-0.0,-0.002590207,12.3671665,3.846332e-06,-3.1633368e-07,0,0,0,1
1771685695724000,1771685695572000,0,1771685695572000,0,-510.7351,12.354216,0.0043029785,-0.0019408488,12.367069,5.9886865e-08,-2.808926e-07,0,0,0,1
1771685695780000,1771685695624000,0,1771685695628000,0,-510.6224,12.354284,-0.0,-0.004138387,12.3671665,2.065145e-06,-4.4897436e-07,0,0,0,1
1771685695828000,1771685695676000,0,1771685695676000,0,-510.57568,12.354216,-0.0,-0.0038146602,12.367069,1.5934888e-09,-4.0682977e-07,0,0,0,1
1771685695884000,1771685695728000,0,1771685695732000,0,-510.53342,12.354284,0.03994751,0.00030786335,12.3671665,5.16142e-06,1.1771556e-07,0,0,0,1
1771685695932000,1771685695780000,0,1771685695780000,0,-510.4204,12.354216,-0.0,0.0001092459,12.367069,1.04856985e-08,1.0563863e-07,0,0,0,1
1771685695988000,1771685695832000,0,1771685695836000,0,-510.3265,12.354284,-0.0,-0.0011027304,12.3671665,5.26311e-07,4.610714e-08,0,0,0,1
1771685696036000,1771685695884000,0,1771685695884000,0,-510.33133,12.354216,0.06329346,0.0049635777,12.367069,1.295719e-05,1.2623688e-06,0,0,0,1
1771685696092000,1771685695936000,0,1771685695940000,0,-510.21338,12.354284,0.028564453,0.0071868487,12.3671665,2.6390135e-06,1.3920527e-06,0,0,0,1
1771685696140000,1771685695988000,0,1771685695988000,0,-510.03003,12.354216,-0.0,-0.0013528727,12.367069,2.2532427e-05,-8.617029e-07,0,0,0,1
1771685696196000,1771685696040000,0,1771685696044000,0,-509.9979,12.354284,-0.0,-0.004275638,12.3671665,3.3909444e-06,-1.0999648e-06,0,0,0,1
1771685696244000,1771685696092000,0,1771685696092000,0,-509.9418,12.354216,-0.0,-0.0054741492,12.367069,9.3455253e-07,-1.0843825e-06,0,0,0,1
1771685696300000,1771685696144000,0,1771685696148000,0,-509.84805,12.354284,-0.0,-0.0075659524,12.3671665,2.4780181e-06,-1.215667e-06,0,0,0,1
1771685696348000,1771685696196000,0,1771685696196000,0,-509.81076,12.354216,0.006225586,-0.0062667495,12.367069,1.2535847e-07,-1.0893385e-06,0,0,0,1
1771685696404000,1771685696248000,0,1771685696252000,0,-509.7215,12.354284,-0.0,-0.0057339002,12.3671665,1.204897e-09,-9.868331e-07,0,0,0,1
1771685696452000,1771685696300000,0,1771685696300000,0,-509.69333,12.354216,0.042266846,-0.0012120907,12.367069,5.778204e-06,-3.4954695e-07,0,0,0,1
1771685696508000,1771685696352000,0,1771685696356000,0,-509.52396,12.354284,-0.0,-0.005277932,12.3671665,6.3682296e-06,-9.1652436e-07,0,0,0,1
1771685696556000,1771685696404000,0,1771685696404000,0,-509.44922,12.354216,-0.0,-0.009320116,12.367069,7.5103053e-06,-1.5376777e-06,0,0,0,1
1771685696612000,1771685696456000,0,1771685696460000,0,-509.39325,12.354284,-0.0,-0.010460274,12.3671665,1.4844451e-06,-1.5326631e-06,0,0,0,1
1771685696660000,1771685696508000,0,1771685696508000,0,-509.3465,12.354216,0.0032348633,-0.009170152,12.367069,3.3845822e-08,-1.3850934e-06,0,0,0,1
1771685696716000,1771685696560000,0,1771685696564000,0,-509.25256,12.354284,-0.0,-0.009039382,12.3671665,1.9587105e-07,-1.2730652e-06,0,0,0,1
1771685696764000,1771685696612000,0,1771685696612000,0,-509.1822,12.354216,-0.0,-0.008863435,12.367069,1.663524e-07,-1.1688096e-06,0,0,0,1
1771685696820000,1771685696664000,0,1771685696668000,0,-509.08368,12.354284,-0.0,-0.0101846075,12.3671665,1.6943864e-06,-1.2183204e-06,0,0,0,1
1771685696868000,1771685696716000,0,1771685696716000,0,-509.03223,12.354216,-0.0,-0.00954142,12.367069,3.644842e-08,-1.1069847e-06,0,0,0,1
1771685696924000,1771685696768000,0,1771685696772000,0,-508.95715,12.354284,0.004058838,-0.008260236,12.3671665,5.3283554e-08,-9.97684e-07,0,0,0,1
1771685696972000,1771685696820000,0,1771685696820000,0,-508.90076,12.354216,0.018585205,-0.0057313177,12.367069,1.1171923e-06,-7.984565e-07,0,0,0,1
1771685697028000,1771685696872000,0,1771685696876000,0,-508.802,12.354284,0.002380371,-0.004967173,12.3671665,1.8326482e-08,-7.215132e-07,0,0,0,1
1771685697076000,1771685696924000,0,1771685696924000,0,-508.74567,12.354216,0.017242432,-0.0028749637,12.367069,9.615907e-07,-5.629599e-07,0,0,0,1
1771685697132000,1771685696976000,0,1771685696980000,0,-508.66568,12.354284,0.019866943,-0.00073261,12.3671665,1.2765913e-06,-3.896688e-07,0,0,0,1
1771685697180000,1771685697028000,0,1771685697028000,0,-508.55753,12.354216,-0.0,-0.0022993826,12.367069,9.752542e-07,-4.4483264e-07,0,0,0,1
1771685697236000,1771685697080000,0,1771685697084000,0,-508.5342,12.354284,0.041870117,0.0018615129,12.3671665,5.6701965e-06,1.3122084e-07,0,0,0,1
1771685697284000,1771685697132000,0,1771685697132000,0,-508.41647,12.354216,-0.0,0.0011859301,12.367069,9.119937e-08,1.1026822e-07,0,0,0,1
1771685697340000,1771685697184000,0,1771685697188000,0,-508.30383,12.354284,-0.0,-0.0022721072,12.3671665,4.081275e-06,-2.8458734e-07,0,0,0,1
1771685697388000,1771685697236000,0,1771685697236000,0,-508.27127,12.354216,0.002746582,-0.0017993321,12.367069,2.4399355e-08,-2.554799e-07,0,0,0,1
1771685697444000,1771685697288000,0,1771685697292000,0,-508.2149,12.354284,0.029083252,0.001109897,12.3671665,2.7357455e-06,2.6302217e-08,0,0,0,1
1771685697492000,1771685697340000,0,1771685697340000,0,-508.06442,12.354216,-0.0,-0.0037410269,12.367069,8.210838e-06,-7.4966033e-07,0,0,0,1
1771685697548000,1771685697392000,0,1771685697396000,0,-508.0038,12.354284,-0.0,-0.0060478426,12.3671665,2.5773497e-06,-9.21834e-07,0,0,0,1
1771685697596000,1771685697444000,0,1771685697444000,0,-507.91016,12.354216,-0.0,-0.010253236,12.367069,8.310604e-06,-1.6178776e-06,0,0,0,1
1771685697652000,1771685697496000,0,1771685697500000,0,-507.91058,12.354284,0.032409668,-0.0062342663,12.3671665,3.3973395e-06,-1.1454296e-06,0,0,0,1
1771685697700000,1771685697548000,0,1771685697548000,0,-507.86337,12.354216,0.056488037,-0.000325643,12.367069,1.0320629e-05,-6.5293534e-08,0,0,0,1
1771685697756000,1771685697600000,0,1771685697604000,0,-507.7408,12.354284,0.016113281,0.0012229515,12.3671665,8.3976494e-07,1.9965604e-08,0,0,0,1
1771685697804000,1771685697652000,0,1771685697652000,0,-507.66556,12.354216,0.011291504,0.0021714384,12.367069,4.1237922e-07,5.693211e-08,0,0,0,1
1771685697860000,1771685697704000,0,1771685697708000,0,-507.58096,12.354284,0.00881958,0.0027977126,12.3671665,2.515855e-07,7.526903e-08,0,0,0,1
1771685697908000,1771685697756000,0,1771685697756000,0,-507.49167,12.354216,-0.0,0.001591211,12.367069,3.2407164e-07,3.764998e-08,0,0,0,1
1771685697964000,1771685697808000,0,1771685697812000,0,-507.41193,12.354284,-0.0,0.0007369773,12.3671665,1.8080985e-07,1.7070429e-08,0,0,0,1
1771685698012000,1771685697860000,0,1771685697860000,0,-507.35095,12.354216,0.0023498535,0.0008889149,12.367069,1.7859726e-08,1.7144783e-08,0,0,0,1
1771685698068000,1771685697912000,0,1771685697916000,0,-507.21478,12.354284,-0.0,-0.004047561,12.3671665,8.582914e-06,-7.9300577e-07,0,0,0,1
1771685698116000,1771685697964000,0,1771685697964000,0,-507.1589,12.354216,-0.0,-0.007141956,12.367069,4.402972e-06,-1.1330751e-06,0,0,0,1
1771685698172000,1771685698016000,0,1771685698020000,0,-507.0606,12.354284,-0.0,-0.0114397695,12.3671665,9.004921e-06,-1.8746259e-06,0,0,0,1
1771685698220000,1771685698068000,0,1771685698068000,0,-507.0094,12.354216,-0.0,-0.013464067,12.367069,3.5070036e-06,-2.0284006e-06,0,0,0,1
1771685698276000,1771685698120000,0,1771685698124000,0,-506.95334,12.354284,-0.0,-0.012796556,12.3671665,1.3157775e-07,-1.8497143e-06,0,0,0,1
1771685698324000,1771685698172000,0,1771685698172000,0,-506.88766,12.354216,-0.0,-0.0116658285,12.367069,2.0362918e-09,-1.6756577e-06,0,0,0,1
1771685698380000,1771685698224000,0,1771685698228000,0,-506.77496,12.354284,-0.0,-0.013453217,12.3671665,3.0363885e-06,-1.8038425e-06,0,0,0,1
1771685698428000,1771685698276000,0,1771685698276000,0,-506.74707,12.354216,0.012817383,-0.01097845,12.367069,5.3136375e-07,-1.5838592e-06,0,0,0,1
1771685698484000,1771685698328000,0,1771685698332000,0,-506.62958,12.354284,-0.0,-0.011996888,12.3671665,1.535629e-06,-1.5793158e-06,0,0,0,1
1771685698532000,1771685698380000,0,1771685698380000,0,-506.54526,12.354216,-0.0,-0.014149819,12.367069,3.928489e-06,-1.8006148e-06,0,0,0,1
1771685698588000,1771685698432000,0,1771685698436000,0,-506.47983,12.354284,-0.0,-0.014487149,12.3671665,1.0168155e-06,-1.7267786e-06,0,0,0,1
1771685698636000,1771685698484000,0,1771685698484000,0,-506.4612,12.354216,0.034606934,-0.009862345,12.367069,3.8736416e-06,-1.1992028e-06,0,0,0,1
1771685698692000,1771685698536000,0,1771685698540000,0,-506.33884,12.354284,-0.0,-0.009439256,12.3671665,9.3307214e-08,-1.0950242e-06,0,0,0,1
1771685698740000,1771685698588000,0,1771685698588000,0,-506.28253,12.354216,0.009338379,-0.0076703485,12.367069,2.8205656e-07,-9.652993e-07,0,0,0,1
1771685698796000,1771685698640000,0,1771685698644000,0,-506.16977,12.354284,-0.0,-0.008894049,12.3671665,1.3805981e-06,-1.0044216e-06,0,0,0,1
1771685698844000,1771685698692000,0,1771685698692000,0,-506.08545,12.354216,-0.0,-0.011261655,12.367069,3.7449245e-06,-1.262585e-06,0,0,0,1
1771685698900000,1771685698744000,0,1771685698748000,0,-506.0294,12.354284,-0.0,-0.01091661,12.3671665,1.8676204e-07,-1.1612393e-06,0,0,0,1
1771685698948000,1771685698796000,0,1771685698796000,0,-505.93555,12.354216,-0.0,-0.012765953,12.367069,3.0182937e-06,-1.3361793e-06,0,0,0,1
1771685699004000,1771685698848000,0,1771685698852000,0,-505.82782,12.354284,-0.0,-0.016784081,12.3671665,9.933941e-06,-2.1461133e-06,0,0,0,1
1771685699052000,1771685698900000,0,1771685698900000,0,-505.8189,12.354216,0.0069274902,-0.014550382,12.367069,1.5521906e-07,-1.9293211e-06,0,0,0,1
1771685699108000,1771685698952000,0,1771685698956000,0,-505.68738,12.354284,-0.0,-0.01712398,12.3671665,5.6701965e-06,-2.2817226e-06,0,0,0,1
1771685699156000,1771685699004000,0,1771685699004000,0,-505.6173,12.354216,-0.0,-0.019360268,12.367069,5.400755e-06,-2.5755444e-06,0,0,0,1
1771685699212000,1771685699056000,0,1771685699060000,0,-505.59888,12.354284,0.023529053,-0.0153199695,12.3671665,1.7906003e-06,-2.1642409e-06,0,0,0,1
1771685699260000,1771685699108000,0,1771685699108000,0,-505.4954,12.354216,-0.0,-0.014707614,12.367069,2.5158747e-07,-1.9840634e-06,0,0,0,1
1771685699316000,1771685699160000,0,1771685699164000,0,-505.472,12.354284,0.050598145,-0.008555622,12.3671665,8.280545e-06,-1.0171074e-06,0,0,0,1
1771685699364000,1771685699212000,0,1771685699212000,0,-505.3636,12.354216,0.013336182,-0.0064933505,12.367069,5.7524943e-07,-8.671027e-07,0,0,0,1
1771685699420000,1771685699264000,0,1771685699268000,0,-505.2367,12.354284,-0.0,-0.008779502,12.3671665,3.060631e-06,-1.0737394e-06,0,0,0,1
1771685699468000,1771685699316000,0,1771685699316000,0,-505.1994,12.354216,0.00289917,-0.0076793367,12.367069,2.71857e-08,-9.700291e-07,0,0,0,1
1771685699524000,1771685699368000,0,1771685699372000,0,-505.0773,12.354284,-0.0,-0.010374111,12.3671665,4.25847e-06,-1.2798098e-06,0,0,0,1
1771685699572000,1771685699420000,0,1771685699420000,0,-505.04004,12.354216,-0.0,-0.009598079,12.367069,1.4760104e-08,-1.1606385e-06,0,0,0,1
1771685699628000,1771685699472000,0,1771685699476000,0,-504.94147,12.354284,-0.0,-0.010358447,12.3671665,1.0098271e-06,-1.1464316e-06,0,0,0,1
1771685699676000,1771685699524000,0,1771685699524000,0,-504.87122,12.354216,-0.0,-0.010937942,12.367069,8.8163307e-07,-1.1214868e-06,0,0,0,1
1771685699732000,1771685699576000,0,1771685699580000,0,-504.75397,12.354284,-0.0,-0.014636675,12.3671665,8.151203e-06,-1.7837065e-06,0,0,0,1
1771685699780000,1771685699628000,0,1771685699628000,0,-504.72153,12.354216,-0.0,-0.014275553,12.367069,3.7748515e-07,-1.6512363e-06,0,0,0,1
1771685699836000,1771685699680000,0,1771685699684000,0,-504.69812,12.354284,0.049102783,-0.00830513,12.3671665,7.798337e-06,-7.61059e-07,0,0,0,1
1771685699884000,1771685699732000,0,1771685699732000,0,-504.56625,12.354216,-0.0,-0.008597954,12.367069,4.2134374e-07,-7.2905686e-07,0,0,0,1
1771685699940000,1771685699784000,0,1771685699788000,0,-504.48187,12.354284,-0.0,-0.008989687,12.3671665,5.26311e-07,-7.099576e-07,0,0,0,1
1771685699988000,1771685699836000,0,1771685699836000,0,-504.435,12.354216,0.01171875,-0.0070388922,12.367069,4.4417672e-07,-6.012348e-07,0,0,0,1
1771685700044000,1771685699888000,0,1771685699892000,0,-504.3551,12.354284,0.0152282715,-0.004941261,12.3671665,7.5005136e-07,-4.7393968e-07,0,0,0,1
1771685700092000,1771685699940000,0,1771685699940000,0,-504.27045,12.354216,0.0020141602,-0.00428604,12.367069,1.3121431e-08,-4.280571e-07,0,0,0,1
1771685700148000,1771685699992000,0,1771685699996000,0,-504.21408,12.354284,0.029052734,-0.0011454306,12.3671665,2.7300073e-06,-1.3055825e-07,0,0,0,1
1771685700196000,1771685700044000,0,1771685700044000,0,-504.0777,12.354216,-0.0,-0.004412595,12.367069,4.151734e-06,-5.0936467e-07,0,0,0,1
1771685700252000,1771685700096000,0,1771685700100000,0,-504.04514,12.354284,0.014953613,-0.002588242,12.3671665,7.232394e-07,-3.932498e-07,0,0,0,1
1771685700300000,1771685700148000,0,1771685700148000,0,-503.99338,12.354216,0.034576416,0.0009127767,12.367069,3.8668127e-06,8.060454e-09,0,0,0,1
1771685700356000,1771685700200000,0,1771685700204000,0,-503.8616,12.354284,-0.0,-0.0004870135,12.3671665,6.291038e-07,-5.1962267e-08,0,0,0,1
1771685700404000,1771685700252000,0,1771685700252000,0,-503.796,12.354216,-0.0,-0.0012029691,12.367069,2.1153639e-07,-6.6994616e-08,0,0,0,1
1771685700460000,1771685700304000,0,1771685700308000,0,-503.67868,12.354284,-0.0,-0.005056931,12.3671665,5.736514e-06,-6.010798e-07,0,0,0,1
1771685700508000,1771685700356000,0,1771685700356000,0,-503.65088,12.354216,0.0016479492,-0.004425312,12.367069,8.783768e-09,-5.436289e-07,0,0,0,1
1771685700564000,1771685700408000,0,1771685700412000,0,-503.56168,12.354284,-0.0,-0.004405163,12.3671665,5.7365142e-08,-4.978215e-07,0,0,0,1
1771685700612000,1771685700460000,0,1771685700460000,0,-503.51944,12.354216,0.02508545,-0.0016270617,12.367069,2.03534e-06,-2.591903e-07,0,0,0,1
1771685700668000,1771685700512000,0,1771685700516000,0,-503.3784,12.354284,-0.0,-0.004549871,12.3671665,3.4487161e-06,-5.596529e-07,0,0,0,1
1771685700716000,1771685700564000,0,1771685700564000,0,-503.41153,12.354216,0.07211304,0.002671997,12.367069,1.6819798e-05,1.0775418e-06,0,0,0,1
1771685700772000,1771685700616000,0,1771685700620000,0,-503.25128,12.354284,-0.0,0.001960312,12.3671665,7.7113405e-08,9.687699e-07,0,0,0,1
1771685700820000,1771685700668000,0,1771685700668000,0,-503.21844,12.354216,0.033691406,0.0049494733,12.367069,3.6713982e-06,1.2233653e-06,0,0,0,1
1771685700876000,1771685700720000,0,1771685700724000,0,-503.14304,12.354284,0.04156494,0.008398756,12.3671665,5.587842e-06,1.6345117e-06,0,0,0,1
1771685700924000,1771685700772000,0,1771685700772000,0,-502.99716,12.354216,-0.0,0.0044969874,12.367069,3.5265323e-06,1.1483264e-06,0,0,0,1
1771685700980000,1771685700824000,0,1771685700828000,0,-502.927,12.354284,-0.0,0.002170211,12.3671665,1.3200971e-06,9.1579375e-07,0,0,0,1
1771685701028000,1771685700876000,0,1771685700876000,0,-502.95065,12.354216,0.07473755,0.009006265,12.367069,1.806637e-05,2.531428e-06,0,0,0,1
1771685701084000,1771685700928000,0,1771685700932000,0,-502.781,12.354284,-0.0,0.007039534,12.3671665,4.5581552e-07,2.250021e-06,0,0,0,1
1771685701132000,1771685700980000,0,1771685700980000,0,-502.73416,12.354216,0.0126953125,0.007572325,12.367069,5.212907e-07,2.0871696e-06,0,0,0,1
1771685701188000,1771685701032000,0,1771685701036000,0,-502.64014,12.354284,0.0018310547,0.007031481,12.3671665,1.0844072e-08,1.8915737e-06,0,0,0,1
1771685701236000,1771685701084000,0,1771685701084000,0,-502.60727,12.354216,0.04034424,0.010169639,12.367069,5.264489e-06,2.209312e-06,0,0,0,1
1771685701292000,1771685701136000,0,1771685701140000,0,-502.48486,12.354284,0.0011291504,0.009317999,12.3671665,4.1237596e-09,2.0015768e-06,0,0,0,1
1771685701340000,1771685701188000,0,1771685701188000,0,-502.4097,12.354216,-0.0,0.00819298,12.367069,2.227872e-08,1.8109238e-06,0,0,0,1
1771685701396000,1771685701240000,0,1771685701244000,0,-502.32053,12.354284,-0.0,0.0066104713,12.3671665,2.3954556e-07,1.6177636e-06,0,0,0,1
1771685701444000,1771685701292000,0,1771685701292000,0,-502.28308,12.354216,0.025543213,0.008393991,12.367069,2.1103003e-06,1.664162e-06,0,0,0,1
1771685701500000,1771685701344000,0,1771685701348000,0,-502.17014,12.354284,-0.0,0.007241022,12.3671665,4.7822358e-08,1.5028882e-06,0,0,0,1
1771685701548000,1771685701396000,0,1771685701396000,0,-502.0998,12.354216,-0.0,0.0063634072,12.367069,1.3928719e-08,1.3599996e-06,0,0,0,1
1771685701604000,1771685701448000,0,1771685701452000,0,-502.0059,12.354284,-0.0,0.004599644,12.3671665,4.9408305e-07,1.1853397e-06,0,0,0,1
1771685701652000,1771685701500000,0,1771685701500000,0,-501.95905,12.354216,0.012542725,0.005347905,12.367069,5.08835e-07,1.1216109e-06,0,0,0,1
1771685701708000,1771685701552000,0,1771685701556000,0,-501.81808,12.354284,-0.0,0.00059797196,12.3671665,6.571294e-06,3.9691696e-07,0,0,0,1
1771685701756000,1771685701604000,0,1771685701604000,0,-501.795,12.354216,0.003692627,0.00088949746,12.367069,4.410259e-08,3.636808e-07,0,0,0,1
1771685701812000,1771685701656000,0,1771685701660000,0,-501.73392,12.354284,0.026245117,0.0032780706,12.3671665,2.2278543e-06,5.3929136e-07,0,0,0,1
1771685701860000,1771685701708000,0,1771685701708000,0,-501.6257,12.354216,-0.0,0.0020234429,12.367069,3.260507e-07,4.5777364e-07,0,0,0,1
1771685701916000,1771685701760000,0,1771685701764000,0,-501.56006,12.354284,0.008056641,0.0025917876,12.3671665,2.0994123e-07,4.344271e-07,0,0,0,1
1771685701964000,1771685701812000,0,1771685701812000,0,-501.45673,12.354216,-0.0,0.00013687834,12.367069,1.7813367e-06,2.2569573e-07,0,0,0,1
1771685702020000,1771685701864000,0,1771685701868000,0,-501.40994,12.354284,0.013122559,0.0013601672,12.3671665,5.569636e-07,2.5690213e-07,0,0,0,1
1771685702068000,1771685701916000,0,1771685701916000,0,-501.33942,12.354216,0.014099121,0.0025602137,12.367069,6.429501e-07,2.9326895e-07,0,0,0,1
1771685702124000,1771685701968000,0,1771685701972000,0,-501.2548,12.354284,0.012512207,0.0034977205,12.3671665,5.0635794e-07,3.1334255e-07,0,0,0,1
1771685702172000,1771685702020000,0,1771685702020000,0,-501.18427,12.354216,0.013366699,0.004427407,12.367069,5.778852e-07,3.3826325e-07,0,0,0,1
1771685702228000,1771685702072000,0,1771685702076000,0,-501.11374,12.354284,0.025817871,0.006442451,12.3671665,2.1559101e-06,5.0949086e-07,0,0,0,1
1771685702276000,1771685702124000,0,1771685702124000,0,-500.97263,12.354216,-0.0,0.0016986523,12.367069,6.2375625e-06,-1.2610116e-07,0,0,0,1
1771685702332000,1771685702176000,0,1771685702180000,0,-500.95895,12.354284,0.0256958,0.0039592534,12.3671665,2.1355713e-06,8.695497e-08,0,0,0,1
1771685702380000,1771685702228000,0,1771685702228000,0,-500.89297,12.354216,0.031280518,0.006532996,12.367069,3.1647621e-06,3.7689335e-07,0,0,0,1
1771685702436000,1771685702280000,0,1771685702284000,0,-500.77066,12.354284,-0.0,0.0051614847,12.3671665,2.0835378e-07,3.2176138e-07,0,0,0,1
1771685702484000,1771685702332000,0,1771685702332000,0,-500.74255,12.354216,0.035186768,0.007989953,12.367069,4.004534e-06,6.6868927e-07,0,0,0,1
1771685702540000,1771685702384000,0,1771685702388000,0,-500.592,12.354284,-0.0,0.00420719,12.3671665,3.3463482e-06,2.9046106e-07,0,0,0,1
1771685702588000,1771685702436000,0,1771685702436000,0,-500.54532,12.354216,-0.0,0.0031208978,12.367069,1.7350652e-07,2.4675396e-07,0,0,0,1
1771685702644000,1771685702488000,0,1771685702492000,0,-500.46088,12.354284,-0.0,0.0020564417,12.3671665,2.163513e-07,2.031281e-07,0,0,0,1
1771685702692000,1771685702540000,0,1771685702540000,0,-500.39056,12.354216,-0.0,0.0012331279,12.367069,1.444713e-07,1.7038323e-07,0,0,0,1
1771685702748000,1771685702592000,0,1771685702596000,0,-500.35303,12.354284,0.039367676,0.004825513,12.3671665,5.0126723e-06,6.265409e-07,0,0,0,1
1771685702796000,1771685702644000,0,1771685702644000,0,-500.20715,12.354216,-0.0,0.0010821132,12.367069,3.942261e-06,1.9614646e-07,0,0,0,1
1771685702852000,1771685702696000,0,1771685702700000,0,-500.21683,12.354284,0.058502197,0.006491252,12.3671665,1.10696565e-05,1.2204628e-06,0,0,0,1
1771685702900000,1771685702748000,0,1771685702748000,0,-500.0567,12.354216,-0.0,0.0030681596,12.367069,2.8811844e-06,8.3407565e-07,0,0,0,1
1771685702956000,1771685702800000,0,1771685702804000,0,-499.98654,12.354284,-0.0,0.0012324636,12.3671665,8.7187544e-07,6.733701e-07,0,0,0,1
1771685703004000,1771685702852000,0,1771685702852000,0,-499.93036,12.354216,-0.0,0.0010329915,12.367069,2.5333158e-09,6.09698e-07,0,0,0,1
1771685703060000,1771685702904000,0,1771685702908000,0,-499.84116,12.354284,-0.0,0.0003175891,12.3671665,1.392409e-07,5.391458e-07,0,0,0,1
1771685703108000,1771685702956000,0,1771685702956000,0,-499.79425,12.354216,0.018127441,0.001995329,12.367069,1.062836e-06,5.8847894e-07,0,0,0,1
1771685703164000,1771685703008000,0,1771685703012000,0,-499.72366,12.354284,0.030761719,0.0047052065,12.3671665,3.060631e-06,8.2136285e-07,0,0,0,1
1771685703212000,1771685703060000,0,1771685703060000,0,-499.62482,12.354216,0.0033874512,0.00458107,12.367069,3.711413e-08,7.4748436e-07,0,0,0,1
1771685703268000,1771685703112000,0,1771685703116000,0,-499.56842,12.354284,0.029907227,0.0069668675,12.3671665,2.8929576e-06,9.495942e-07,0,0,0,1
1771685703316000,1771685703164000,0,1771685703164000,0,-499.43674,12.354216,-0.0,0.0034385987,12.367069,3.0062445e-06,5.7694274e-07,0,0,0,1
1771685703372000,1771685703216000,0,1771685703220000,0,-499.39,12.354284,0.006011963,0.003681017,12.3671665,1.16902115e-07,5.336056e-07,0,0,0,1
1771685703420000,1771685703268000,0,1771685703268000,0,-499.2867,12.354216,-0.0,0.0009021361,12.367069,2.155927e-06,2.8024382e-07,0,0,0,1
1771685703476000,1771685703320000,0,1771685703324000,0,-499.2024,12.354284,-0.0,-0.0016897123,12.3671665,2.2904608e-06,3.8075996e-08,0,0,0,1
1771685703524000,1771685703372000,0,1771685703372000,0,-499.1369,12.354216,-0.0,-0.0034250591,12.367069,1.3081699e-06,-8.874427e-08,0,0,0,1
1771685703580000,1771685703424000,0,1771685703428000,0,-499.08542,12.354284,0.0121154785,-0.0019610953,12.3671665,4.747565e-07,-3.5660864e-08,0,0,0,1
1771685703628000,1771685703476000,0,1771685703476000,0,-498.95856,12.354216,-0.0,-0.0058356347,12.367069,6.0056873e-06,-5.980547e-07,0,0,0,1
1771685703684000,1771685703528000,0,1771685703532000,0,-498.93073,12.354284,0.012542725,-0.00410434,12.3671665,5.0883096e-07,-4.9378286e-07,0,0,0,1
1771685703732000,1771685703580000,0,1771685703580000,0,-498.84613,12.354216,-0.0,-0.0037579471,12.367069,5.9040417e-10,-4.473227e-07,0,0,0,1
1771685703788000,1771685703632000,0,1771685703636000,0,-498.83673,12.354284,0.07354736,0.0035244375,12.3671665,1.7495404e-05,1.2429342e-06,0,0,0,1
1771685703836000,1771685703684000,0,1771685703684000,0,-498.6812,12.354216,-0.0,0.0022063535,12.367069,3.543901e-07,1.0924616e-06,0,0,0,1
1771685703892000,1771685703736000,0,1771685703740000,0,-498.60617,12.354284,-0.0,0.0018030191,12.3671665,1.39286085e-08,9.882365e-07,0,0,0,1
1771685703940000,1771685703788000,0,1771685703788000,0,-498.50287,12.354216,-0.0,-0.001557908,12.367069,3.711413e-06,5.4551583e-07,0,0,0,1
1771685703996000,1771685703840000,0,1771685703844000,0,-498.42807,12.354284,-0.0,-0.0038202682,12.3671665,2.1153292e-06,2.948565e-07,0,0,0,1
1771685704044000,1771685703892000,0,1771685703892000,0,-498.42828,12.354216,0.045928955,0.00086625316,12.367069,6.822858e-06,9.0981325e-07,0,0,0,1
1771685704100000,1771685703944000,0,1771685703948000,0,-498.28702,12.354284,-0.0,-0.00037678762,12.3671665,4.916461e-07,7.777917e-07,0,0,0,1
1771685704148000,1771685703996000,0,1771685703996000,0,-498.26834,12.354216,0.04055786,0.003479375,12.367069,5.320388e-06,1.2057175e-06,0,0,0,1
1771685704204000,1771685704048000,0,1771685704052000,0,-498.16003,12.354284,0.015258789,0.00458903,12.3671665,7.530606e-07,1.1630759e-06,0,0,0,1
1771685704252000,1771685704100000,0,1771685704100000,0,-498.07538,12.354216,0.001953125,0.0043407204,12.367069,1.23382415e-08,1.0546731e-06,0,0,0,1
1771685704308000,1771685704152000,0,1771685704156000,0,-498.0237,12.354284,0.03338623,0.007076892,12.3671665,3.6051601e-06,1.2949364e-06,0,0,0,1
1771685704356000,1771685704204000,0,1771685704204000,0,-497.92014,12.354216,0.0011901855,0.006522347,12.367069,4.581657e-09,1.1733812e-06,0,0,0,1
1771685704412000,1771685704256000,0,1771685704260000,0,-497.83563,12.354284,-0.0,0.0058992985,12.3671665,2.711018e-11,1.0628427e-06,0,0,0,1
1771685704460000,1771685704308000,0,1771685704308000,0,-497.7746,12.354216,0.010040283,0.0062893913,12.367069,3.260507e-07,9.934347e-07,0,0,0,1
1771685704516000,1771685704360000,0,1771685704364000,0,-497.6853,12.354284,0.0029296875,0.0059728976,12.3671665,2.7760825e-08,9.0246544e-07,0,0,0,1
1771685704564000,1771685704412000,0,1771685704412000,0,-497.64304,12.354216,0.030517578,0.008285077,12.367069,3.012266e-06,1.1012148e-06,0,0,0,1
1771685704620000,1771685704464000,0,1771685704468000,0,-497.5395,12.354284,0.0074768066,0.008208936,12.3671665,1.8080985e-07,1.01451e-06,0,0,0,1
1771685704668000,1771685704516000,0,1771685704516000,0,-497.469,12.354216,0.0059814453,0.0079991,12.367069,1.1571922e-07,9.2984124e-07,0,0,0,1
1771685704724000,1771685704568000,0,1771685704572000,0,-497.38443,12.354284,0.0005187988,0.0072944337,12.3671665,8.7053803e-10,8.423295e-07,0,0,0,1
1771685704772000,1771685704620000,0,1771685704620000,0,-497.28113,12.354216,-0.0,0.003269582,12.367069,4.0602968e-06,3.8048785e-07,0,0,0,1
1771685704828000,1771685704672000,0,1771685704676000,0,-497.2392,12.354284,0.000579834,0.0030162,12.3671665,1.0874195e-09,3.4474724e-07,0,0,0,1
1771685704876000,1771685704724000,0,1771685704724000,0,-497.19223,12.354216,0.019897461,0.004606464,12.367069,1.2805264e-06,4.3290035e-07,0,0,0,1
1771685704932000,1771685704776000,0,1771685704780000,0,-497.06998,12.354284,-0.0,0.001743278,12.3671665,2.1508163e-06,1.8950672e-07,0,0,0,1
1771685704980000,1771685704828000,0,1771685704828000,0,-497.04202,12.354216,0.011352539,0.0026484984,12.367069,4.1684945e-07,2.1092306e-07,0,0,0,1
1771685705036000,1771685704880000,0,1771685704884000,0,-497.03723,12.354284,0.081848145,0.010109335,12.3671665,2.1667433e-05,2.2321885e-06,0,0,0,1
1771685705084000,1771685704932000,0,1771685704932000,0,-496.8253,12.354216,-0.0,0.002935843,12.367069,1.4106129e-05,6.9307157e-07,0,0,0,1
1771685705140000,1771685704984000,0,1771685704988000,0,-496.80237,12.354284,-0.0,0.0012218559,12.3671665,7.530606e-07,5.568417e-07,0,0,0,1
1771685705188000,1771685705036000,0,1771685705036000,0,-496.73676,12.354216,-0.0,-0.00056928094,12.367069,1.0238361e-06,4.0793725e-07,0,0,0,1
1771685705244000,1771685705088000,0,1771685705092000,0,-496.67587,12.354284,-0.0,-0.0010532489,12.3671665,1.05335104e-07,3.595855e-07,0,0,0,1
1771685705292000,1771685705140000,0,1771685705140000,0,-496.6008,12.354216,-0.0,-0.0027076849,12.367069,1.1208642e-06,2.2012283e-07,0,0,0,1
1771685705348000,1771685705192000,0,1771685705196000,0,-496.54932,12.354284,0.0015869141,-0.0023031211,12.3671665,8.145103e-09,2.001539e-07,0,0,0,1
1771685705396000,1771685705244000,0,1771685705244000,0,-496.50235,12.354216,0.015777588,-0.0005998658,12.367069,8.051456e-07,2.5714587e-07,0,0,0,1
1771685705452000,1771685705296000,0,1771685705300000,0,-496.49753,12.354284,0.080963135,0.007083606,12.3671665,2.1201393e-05,2.2301547e-06,0,0,0,1
1771685705500000,1771685705348000,0,1771685705348000,0,-496.39822,12.354216,0.041107178,0.010288726,12.367069,5.465483e-06,2.534932e-06,0,0,0,1
1771685705556000,1771685705400000,0,1771685705404000,0,-496.32278,12.354284,0.034240723,0.012545073,12.3671665,3.7920636e-06,2.6533576e-06,0,0,0,1
1771685705604000,1771685705452000,0,1771685705452000,0,-496.238,12.354216,0.0076293945,0.012082002,12.367069,1.8826663e-07,2.4211388e-06,0,0,0,1
1771685705660000,1771685705504000,0,1771685705508000,0,-496.20508,12.354284,0.042022705,0.014902503,12.3671665,5.7116e-06,2.7311098e-06,0,0,0,1
1771685705708000,1771685705556000,0,1771685705556000,0,-496.1014,12.354216,-0.0,0.013119165,12.367069,5.2485724e-08,2.468887e-06,0,0,0,1
1771685705764000,1771685705608000,0,1771685705612000,0,-496.06387,12.354284,0.024749756,0.014214801,12.3671665,1.981215e-06,2.4229469e-06,0,0,0,1
1771685705812000,1771685705660000,0,1771685705660000,0,-496.00732,12.354216,0.024597168,0.01519285,12.367069,1.9568765e-06,2.3790417e-06,0,0,0,1
1771685705868000,1771685705712000,0,1771685705716000,0,-495.94138,12.354284,0.023956299,0.016018393,12.3671665,1.856219e-06,2.3297903e-06,0,0,0,1
1771685705916000,1771685705764000,0,1771685705764000,0,-495.8614,12.354216,-0.0,0.014463415,12.367069,7.711401e-10,2.1102446e-06,0,0,0,1
1771685705972000,1771685705816000,0,1771685705820000,0,-495.81912,12.354284,0.021484375,0.01512481,12.3671665,1.4929154e-06,2.0520904e-06,0,0,0,1
1771685706020000,1771685705868000,0,1771685705868000,0,-495.78607,12.354216,0.04333496,0.017782288,12.367069,6.0739335e-06,2.4309597e-06,0,0,0,1
1771685706076000,1771685705920000,0,1771685705924000,0,-495.7012,12.354284,0.02178955,0.018159784,12.3671665,1.535629e-06,2.346617e-06,0,0,0,1
1771685706124000,1771685705972000,0,1771685705972000,0,-495.62592,12.354216,0.00045776367,0.016492203,12.367069,6.7775985e-10,2.1256228e-06,0,0,0,1
1771685706180000,1771685706024000,0,1771685706028000,0,-495.57895,12.354284,0.015777588,0.016424883,12.3671665,8.051392e-07,2.0012294e-06,0,0,0,1
1771685706228000,1771685706076000,0,1771685706076000,0,-495.52246,12.354216,0.012176514,0.016024675,12.367069,4.7955575e-07,1.8578833e-06,0,0,0,1
1771685706284000,1771685706128000,0,1771685706132000,0,-495.44724,12.354284,-0.0,0.0143339895,12.3671665,1.1955589e-08,1.681739e-06,0,0,0,1
1771685706332000,1771685706180000,0,1771685706180000,0,-495.4285,12.354216,0.031280518,0.015930401,12.367069,3.1647621e-06,1.8214441e-06,0,0,0,1
1771685706388000,1771685706232000,0,1771685706236000,0,-495.39066,12.354284,0.053619385,0.019480813,12.3671665,9.298939e-06,2.525846e-06,0,0,0,1
1771685706436000,1771685706284000,0,1771685706284000,0,-495.3057,12.354216,0.019805908,0.019511439,12.367069,1.2687694e-06,2.4074257e-06,0,0,0,1
1771685706492000,1771685706336000,0,1771685706340000,0,-495.20694,12.354284,-0.0,0.015816255,12.3671665,1.257057e-06,2.0622208e-06,0,0,0,1
1771685706540000,1771685706388000,0,1771685706388000,0,-495.19772,12.354216,0.021575928,0.016358832,12.367069,1.5056781e-06,2.0097928e-06,0,0,0,1
1771685706596000,1771685706440000,0,1771685706444000,0,-495.1224,12.354284,0.0042419434,0.015217386,12.3671665,5.8199532e-08,1.825947e-06,0,0,0,1
1771685706644000,1771685706492000,0,1771685706492000,0,-495.06134,12.354216,-0.0,0.013099651,12.367069,1.706268e-07,1.637864e-06,0,0,0,1
1771685706700000,1771685706544000,0,1771685706548000,0,-495.02853,12.354284,0.016998291,0.013466914,12.3671665,9.3454514e-07,1.5716093e-06,0,0,0,1
1771685706748000,1771685706596000,0,1771685706596000,0,-494.9908,12.354216,0.027709961,0.014808651,12.367069,2.4835049e-06,1.6575126e-06,0,0,0,1
1771685706804000,1771685706648000,0,1771685706652000,0,-494.95773,12.354284,0.050323486,0.018154252,12.3671665,8.190892e-06,2.272976e-06,0,0,0,1
1771685706852000,1771685706700000,0,1771685706700000,0,-494.85873,12.354216,-0.0,0.01634345,12.367069,3.690026e-09,2.0585073e-06,0,0,0,1
1771685706908000,1771685706752000,0,1771685706756000,0,-494.8775,12.354284,0.07244873,0.02162873,12.3671665,1.6976624e-05,3.4638374e-06,0,0,0,1
1771685706956000,1771685706804000,0,1771685706804000,0,-494.7924,12.354216,0.033813477,0.022776568,12.367069,3.6980507e-06,3.485901e-06,0,0,0,1
1771685707012000,1771685706856000,0,1771685706860000,0,-494.7921,12.354284,0.08706665,0.02883288,12.3671665,2.4518475e-05,5.467231e-06,0,0,0,1
1771685707060000,1771685706908000,0,1771685706908000,0,-494.64584,12.354216,-0.0,0.024834558,12.367069,5.991879e-07,4.895757e-06,0,0,0,1
1771685707116000,1771685706960000,0,1771685706964000,0,-494.70697,12.354284,0.10018921,0.031933185,12.3671665,3.2466214e-05,7.492974e-06,0,0,0,1
1771685707164000,1771685707012000,0,1771685707012000,0,-494.6216,12.354216,0.05987549,0.03456543,12.367069,1.159555e-05,7.879448e-06,0,0,0,1
1771685707220000,1771685707064000,0,1771685707068000,0,-494.5507,12.354284,0.040893555,0.03516156,12.3671665,5.4087823e-06,7.646704e-06,0,0,0,1
1771685707268000,1771685707116000,0,1771685707116000,0,-494.44705,12.354216,-0.0,0.030098457,12.367069,1.1171923e-06,6.8211193e-06,0,0,0,1
1771685707324000,1771685707168000,0,1771685707172000,0,-494.37207,12.354284,-0.0,0.023252686,12.3671665,5.861899e-06,5.626342e-06,0,0,0,1
1771685707372000,1771685707220000,0,1771685707220000,0,-494.36307,12.354216,-0.0,0.020346379,12.367069,1.8676351e-07,5.0787307e-06,0,0,0,1
1771685707428000,1771685707272000,0,1771685707276000,0,-494.3819,12.354284,0.061767578,0.024248376,12.3671665,1.23398795e-05,5.762752e-06,0,0,0,1
1771685707476000,1771685707324000,0,1771685707324000,0,-494.3438,12.354216,0.066833496,0.028260019,12.367069,1.444713e-05,6.580846e-06,0,0,0,1
1771685707532000,1771685707376000,0,1771685707380000,0,-494.27283,12.354284,0.045684814,0.029901486,12.3671665,6.750462e-06,6.5968243e-06,0,0,0,1
1771685707580000,1771685707428000,0,1771685707428000,0,-494.2208,12.354216,0.035888672,0.030465497,12.367069,4.165892e-06,6.3678235e-06,0,0,0,1
1771685707636000,1771685707480000,0,1771685707484000,0,-494.20642,12.354284,0.070129395,0.03420195,12.3671665,1.590706e-05,7.2664475e-06,0,0,0,1
1771685707684000,1771685707532000,0,1771685707532000,0,-494.12598,12.354216,0.031402588,0.03393824,12.367069,3.1895108e-06,6.8823883e-06,0,0,0,1
1771685707740000,1771685707584000,0,1771685707588000,0,-494.01306,12.354284,-0.0,0.027547207,12.3671665,3.718074e-06,5.883794e-06,0,0,0,1
1771685707788000,1771685707636000,0,1771685707636000,0,-494.03214,12.354216,0.025756836,0.027378548,12.367069,2.1457456e-06,5.531659e-06,0,0,0,1
1771685707844000,1771685707688000,0,1771685707692000,0,-494.03192,12.354284,0.07247925,0.031627163,12.3671665,1.6990929e-05,6.6111556e-06,0,0,0,1
1771685707892000,1771685707740000,0,1771685707740000,0,-493.97495,12.354216,0.055633545,0.033888634,12.367069,1.0010751e-05,6.9314074e-06,0,0,0,1
1771685707948000,1771685707792000,0,1771685707796000,0,-493.93695,12.354284,0.063934326,0.036719024,12.3671665,1.3220807e-05,7.5238872e-06,0,0,0,1
1771685707996000,1771685707844000,0,1771685707844000,0,-493.86597,12.354216,0.03262329,0.036333196,12.367069,3.4423e-06,7.1393897e-06,0,0,0,1
1771685708052000,1771685707896000,0,1771685707900000,0,-493.84222,12.354284,0.05456543,0.038050726,12.3671665,9.62997e-06,7.37401e-06,0,0,0,1
1771685708100000,1771685707948000,0,1771685707948000,0,-493.77603,12.354216,0.02734375,0.037042096,12.367069,2.4182955e-06,6.907167e-06,0,0,0,1
1771685708156000,1771685708000000,0,1771685708004000,0,-493.73352,12.354284,0.029754639,0.036355596,12.3671665,2.863513e-06,6.526243e-06,0,0,0,1
1771685708204000,1771685708052000,0,1771685708052000,0,-493.66754,12.354216,0.002166748,0.033134907,12.367069,1.5184833e-08,5.9128824e-06,0,0,0,1
1771685708260000,1771685708104000,0,1771685708108000,0,-493.64877,12.354284,0.027648926,0.032618113,12.3671665,2.4725568e-06,5.588794e-06,0,0,0,1
1771685708308000,1771685708156000,0,1771685708156000,0,-493.5922,12.354216,0.008880615,0.030381972,12.367069,2.5508172e-07,5.0863428e-06,0,0,0,1
1771685708364000,1771685708208000,0,1771685708212000,0,-493.53107,12.354284,-0.0,0.026723571,12.3671665,2.3112634e-07,4.5854217e-06,0,0,0,1
1771685708412000,1771685708260000,0,1771685708260000,0,-493.55933,12.354216,0.057250977,0.02959934,12.367069,1.0601297e-05,5.1521347e-06,0,0,0,1
1771685708468000,1771685708312000,0,1771685708316000,0,-493.5072,12.354284,0.047912598,0.031324502,12.3671665,7.424876e-06,5.3662334e-06,0,0,0,1
1771685708516000,1771685708364000,0,1771685708364000,0,-493.47864,12.354216,0.05581665,0.033631735,12.367069,1.0076756e-05,5.809978e-06,0,0,0,1
1771685708572000,1771685708416000,0,1771685708420000,0,-493.44058,12.354284,0.060058594,0.036121223,12.3671665,1.1666487e-05,6.361678e-06,0,0,0,1
1771685708620000,1771685708468000,0,1771685708468000,0,-493.40253,12.354216,0.05795288,0.03817783,12.367069,1.0862837e-05,6.7857004e-06,0,0,0,1
1771685708676000,1771685708520000,0,1771685708524000,0,-493.32224,12.354284,0.019073486,0.036378145,12.3671665,1.1766572e-06,6.257312e-06,0,0,0,1
1771685708724000,1771685708572000,0,1771685708572000,0,-493.30325,12.354216,0.03552246,0.036297537,12.367069,4.0813075e-06,6.052326e-06,0,0,0,1
1771685708780000,1771685708624000,0,1771685708628000,0,-493.26074,12.354284,0.033966064,0.036077905,12.3671665,3.7314724e-06,5.833695e-06,0,0,0,1
1771685708828000,1771685708676000,0,1771685708676000,0,-493.25104,12.354216,0.05923462,0.038259335,12.367069,1.1348655e-05,6.35322e-06,0,0,0,1
1771685708884000,1771685708728000,0,1771685708732000,0,-493.1848,12.354284,0.032958984,0.037760027,12.3671665,3.5134794e-06,6.0857083e-06,0,0,0,1
1771685708932000,1771685708780000,0,1771685708780000,0,-493.2127,12.354216,0.094940186,0.043146566,12.367069,2.9153678e-05,8.258778e-06,0,0,0,1
1771685708988000,1771685708832000,0,1771685708836000,0,-493.1321,12.354284,0.05368042,0.044138886,12.3671665,9.3201215e-06,8.358759e-06,0,0,0,1
1771685709036000,1771685708884000,0,1771685708884000,0,-493.04715,12.354216,0.002166748,0.04018499,12.367069,1.5184833e-08,7.5727703e-06,0,0,0,1
1771685709092000,1771685708936000,0,1771685708940000,0,-493.08466,12.354284,0.07867432,0.043810796,12.3671665,2.0019615e-05,8.745299e-06,0,0,0,1
1771685709140000,1771685708988000,0,1771685708988000,0,-492.9807,12.354216,0.007659912,0.040405277,12.367069,1.8977578e-07,7.939344e-06,0,0,0,1
1771685709196000,1771685709040000,0,1771685709044000,0,-492.97125,12.354284,0.036621094,0.040048797,12.3671665,4.337629e-06,7.600052e-06,0,0,0,1
1771685709244000,1771685709092000,0,1771685709092000,0,-492.9991,12.354216,0.09741211,0.045452587,12.367069,3.0691568e-05,9.77534e-06,0,0,0,1
1771685709300000,1771685709144000,0,1771685709148000,0,-492.97482,12.354284,0.11090088,0.051618006,12.3671665,3.977954e-05,1.2601823e-05,0,0,0,1
1771685709348000,1771685709196000,0,1771685709196000,0,-492.8706,12.354216,0.039123535,0.05044099,12.367069,4.9507316e-06,1.1881068e-05,0,0,0,1
1771685709404000,1771685709248000,0,1771685709252000,0,-492.8421,12.354284,0.04815674,0.050225805,12.3671665,7.5007365e-06,1.1468428e-05,0,0,0,1
1771685709452000,1771685709300000,0,1771685709300000,0,-492.80414,12.354216,0.042816162,0.049527794,12.367069,5.9293716e-06,1.0946633e-05,0,0,0,1
1771685709508000,1771685709352000,0,1771685709356000,0,-492.785,12.354284,0.061676025,0.050672192,12.3671665,1.2303326e-05,1.1074437e-05,0,0,0,1
1771685709556000,1771685709404000,0,1771685709404000,0,-492.73285,12.354216,0.042053223,0.04986026,12.367069,5.719944e-06,1.0570028e-05,0,0,0,1
1771685709612000,1771685709456000,0,1771685709460000,0,-492.68552,12.354284,0.032318115,0.04820774,12.3671665,3.3781726e-06,9.892535e-06,0,0,0,1
1771685709660000,1771685709508000,0,1771685709508000,0,-492.643,12.354216,0.022247314,0.045762192,12.367069,1.6008418e-06,9.111433e-06,0,0,0,1
1771685709716000,1771685709560000,0,1771685709564000,0,-492.63812,12.354284,0.055664062,0.04669498,12.3671665,1.00216575e-05,9.197179e-06,0,0,0,1
1771685709764000,1771685709612000,0,1771685709612000,0,-492.55783,12.354216,0.008026123,0.04305226,12.367069,2.0835543e-07,8.350406e-06,0,0,0,1
1771685709820000,1771685709664000,0,1771685709668000,0,-492.6,12.354284,0.08831787,0.047316413,12.3671665,2.522824e-05,9.940347e-06,0,0,0,1
1771685709868000,1771685709716000,0,1771685709716000,0,-492.557,12.354216,0.078063965,0.050212923,12.367069,1.9710353e-05,1.086071e-05,0,0,0,1
1771685709924000,1771685709768000,0,1771685709772000,0,-492.44836,12.354284,0.007446289,0.046184182,12.3671665,1.7933687e-07,9.854493e-06,0,0,0,1
1771685709972000,1771685709820000,0,1771685709820000,0,-492.49994,12.354216,0.09194946,0.050495405,12.367069,2.734586e-05,1.1502231e-05,0,0,0,1
1771685710028000,1771685709872000,0,1771685709876000,0,-492.41937,12.354284,0.049591064,0.050410215,12.3671665,7.954202e-06,1.11679965e-05,0,0,0,1
1771685710076000,1771685709924000,0,1771685709924000,0,-492.3532,12.354216,0.016601562,0.04722534,12.367069,8.91438e-07,1.0199915e-05,0,0,0,1
1771685710132000,1771685709976000,0,1771685709980000,0,-492.3625,12.354284,0.064086914,0.04881375,12.3671665,1.3283989e-05,1.0490444e-05,0,0,0,1
1771685710180000,1771685710028000,0,1771685710028000,0,-492.376,12.354216,0.110443115,0.054619413,12.367069,3.9452134e-05,1.321872e-05,0,0,0,1
1771685710236000,1771685710080000,0,1771685710084000,0,-492.25772,12.354284,0.03048706,0.052346077,12.3671665,3.0062208e-06,1.2256673e-05,0,0,0,1
1771685710284000,1771685710132000,0,1771685710132000,0,-492.22928,12.354216,0.034820557,0.05069512,12.367069,3.921612e-06,1.1471486e-05,0,0,0,1
1771685710340000,1771685710184000,0,1771685710188000,0,-492.1914,12.354284,0.035247803,0.049239937,12.3671665,4.0184063e-06,1.0769384e-05,0,0,0,1
1771685710388000,1771685710236000,0,1771685710236000,0,-492.18643,12.354216,0.06323242,0.05055807,12.367069,1.29322125e-05,1.0973129e-05,0,0,0,1
1771685710444000,1771685710288000,0,1771685710292000,0,-492.13895,12.354284,0.054107666,0.050892454,12.3671665,9.469071e-06,1.08314425e-05,0,0,0,1
1771685710492000,1771685710340000,0,1771685710340000,0,-492.07745,12.354216,0.0256958,0.048518855,12.367069,2.1355881e-06,1.0012268e-05,0,0,0,1
1771685710548000,1771685710392000,0,1771685710396000,0,-492.08664,12.354284,0.073516846,0.050873738,12.3671665,1.7480888e-05,1.0715834e-05,0,0,0,1
1771685710596000,1771685710444000,0,1771685710444000,0,-492.05316,12.354216,0.07312012,0.05296941,12.367069,1.7292865e-05,1.1335409e-05,0,0,0,1
1771685710652000,1771685710496000,0,1771685710500000,0,-492.01968,12.354284,0.07791138,0.05531902,12.3671665,1.963322e-05,1.2117087e-05,0,0,0,1
1771685710700000,1771685710548000,0,1771685710548000,0,-491.9345,12.354216,0.025787354,0.05253705,12.367069,2.1508333e-06,1.11782365e-05,0,0,0,1
1771685710756000,1771685710600000,0,1771685710604000,0,-491.9343,12.354284,0.06375122,0.053593457,12.3671665,1.3145187e-05,1.1363529e-05,0,0,0,1
1771685710804000,1771685710652000,0,1771685710652000,0,-491.91495,12.354216,0.0769043,0.055789407,12.367069,1.9129095e-05,1.2095068e-05,0,0,0,1
1771685710860000,1771685710704000,0,1771685710708000,0,-491.85797,12.354284,0.05795288,0.055993214,12.3671665,1.0862751e-05,1.197898e-05,0,0,0,1
1771685710908000,1771685710756000,0,1771685710756000,0,-491.85278,12.354216,0.085235596,0.058747932,12.367069,2.3498233e-05,1.3064127e-05,0,0,0,1
1771685710964000,1771685710808000,0,1771685710812000,0,-491.8286,12.354284,0.099121094,0.0625512,12.3671665,3.177766e-05,1.4826996e-05,0,0,0,1
1771685711012000,1771685710860000,0,1771685710860000,0,-491.76202,12.354216,0.065338135,0.06281374,12.367069,1.3807869e-05,1.4730992e-05,0,0,0,1
1771685711068000,1771685710912000,0,1771685710916000,0,-491.7427,12.354284,0.08425903,0.06483395,12.3671665,2.2962688e-05,1.550644e-05,0,0,0,1
1771685711116000,1771685710964000,0,1771685710964000,0,-491.61523,12.354216,-0.0,0.05776045,12.367069,3.400728e-07,1.40136535e-05,0,0,0,1
1771685711172000,1771685711016000,0,1771685711020000,0,-491.67166,12.354284,0.08459473,0.060288318,12.3671665,2.3146022e-05,1.4873949e-05,0,0,0,1
1771685711220000,1771685711068000,0,1771685711068000,0,-491.62866,12.354216,0.07443237,0.061620727,12.367069,1.791913e-05,1.5160814e-05,0,0,0,1
1771685711276000,1771685711120000,0,1771685711124000,0,-491.60928,12.354284,0.093322754,0.06460715,12.3671665,2.8168575e-05,1.6386182e-05,0,0,0,1
1771685711324000,1771685711172000,0,1771685711172000,0,-491.524,12.354216,0.04083252,0.06236751,12.367069,5.3926915e-06,1.5350564e-05,0,0,0,1
1771685711380000,1771685711224000,0,1771685711228000,0,-491.48608,12.354284,0.04135132,0.060387723,12.3671665,5.5305522e-06,1.4425491e-05,0,0,0,1
1771685711428000,1771685711276000,0,1771685711276000,0,-491.41998,12.354216,0.008361816,0.05548673,12.367069,2.2614888e-07,1.3087872e-05,0,0,0,1
1771685711484000,1771685711328000,0,1771685711332000,0,-491.3777,12.354284,0.0046081543,0.05069382,12.3671665,6.8682134e-08,1.1861426e-05,0,0,0,1
1771685711532000,1771685711380000,0,1771685711380000,0,-491.37296,12.354216,0.032989502,0.049026024,12.367069,3.5200167e-06,1.1075641e-05,0,0,0,1
1771685711588000,1771685711432000,0,1771685711436000,0,-491.3398,12.354284,0.038513184,0.048035685,12.3671665,4.7974295e-06,1.0484215e-05,0,0,0,1
1771685711636000,1771685711484000,0,1771685711484000,0,-491.28314,12.354216,0.015136719,0.044936508,12.367069,7.4106566e-07,9.566382e-06,0,0,0,1
1771685711692000,1771685711536000,0,1771685711540000,0,-491.2877,12.354284,0.05831909,0.046197187,12.3671665,1.1000471e-05,9.701477e-06,0,0,0,1
1771685711740000,1771685711588000,0,1771685711588000,0,-491.18863,12.354216,-0.0,0.041143816,12.367069,1.7933827e-07,8.770676e-06,0,0,0,1
1771685711796000,1771685711640000,0,1771685711644000,0,-491.21216,12.354284,0.054992676,0.04244842,12.3671665,9.781365e-06,8.865885e-06,0,0,0,1
1771685711844000,1771685711692000,0,1771685711692000,0,-491.17883,12.354216,0.05496216,0.04362725,12.367069,9.77059e-06,8.951111e-06,0,0,0,1
1771685711900000,1771685711744000,0,1771685711748000,0,-491.1079,12.354284,0.022827148,0.04166782,12.3671665,1.6853617e-06,8.266657e-06,0,0,0,1
1771685711948000,1771685711796000,0,1771685711796000,0,-491.0655,12.354216,0.01361084,0.03902477,12.367069,5.991879e-07,7.5443586e-06,0,0,0,1
1771685712004000,1771685711848000,0,1771685711852000,0,-490.99023,12.354284,-0.0,0.03320389,12.3671665,1.6763611e-06,6.67574e-06,0,0,0,1
1771685712052000,1771685711900000,0,1771685711900000,0,-491.00455,12.354216,0.024658203,0.03239886,12.367069,1.9666002e-06,6.2321255e-06,0,0,0,1
1771685712108000,1771685711952000,0,1771685711956000,0,-490.99963,12.354284,0.05822754,0.034831997,12.3671665,1.09659595e-05,6.6780663e-06,0,0,0,1
1771685712156000,1771685712004000,0,1771685712004000,0,-490.96158,12.354216,0.05331421,0.036573075,12.367069,9.1934635e-06,6.915024e-06,0,0,0,1
1771685712212000,1771685712056000,0,1771685712060000,0,-490.8907,12.354284,0.020904541,0.035097055,12.3671665,1.4134195e-06,6.3967573e-06,0,0,0,1
1771685712260000,1771685712108000,0,1771685712108000,0,-490.93747,12.354216,0.10055542,0.041263424,12.367069,3.2704247e-05,8.874999e-06,0,0,0,1
1771685712316000,1771685712160000,0,1771685712164000,0,-490.8333,12.354284,0.034942627,0.040667985,12.3671665,3.949125e-06,8.410968e-06,0,0,0,1
1771685712364000,1771685712212000,0,1771685712212000,0,-490.772,12.354216,0.0063476562,0.03743491,12.367069,1.3032268e-07,7.630907e-06,0,0,0,1
1771685712420000,1771685712264000,0,1771685712268000,0,-490.7954,12.354284,0.068237305,0.040336587,12.3671665,1.50602955e-05,8.330777e-06,0,0,0,1
1771685712468000,1771685712316000,0,1771685712316000,0,-490.70563,12.354216,0.011413574,0.037611954,12.367069,4.2134374e-07,7.585685e-06,0,0,0,1
1771685712524000,1771685712368000,0,1771685712372000,0,-490.69617,12.354284,0.040771484,0.03790959,12.3671665,5.3765393e-06,7.3775773e-06,0,0,0,1
1771685712572000,1771685712420000,0,1771685712420000,0,-490.67233,12.354216,0.050048828,0.039053142,12.367069,8.101791e-06,7.4458003e-06,0,0,0,1
1771685712628000,1771685712472000,0,1771685712476000,0,-490.5874,12.354284,0.0032348633,0.035678957,12.3671665,3.3845556e-08,6.7475726e-06,0,0,0,1
1771685712676000,1771685712524000,0,1771685712524000,0,-490.60617,12.354216,0.05493164,0.037492614,12.367069,9.759742e-06,7.0313276e-06,0,0,0,1
1771685712732000,1771685712576000,0,1771685712580000,0,-490.53998,12.354284,0.027160645,0.03651931,12.3671665,2.385997e-06,6.593724e-06,0,0,0,1
1771685712780000,1771685712628000,0,1771685712628000,0,-490.5491,12.354216,0.06930542,0.039607856,12.367069,1.5535585e-05,7.4360732e-06,0,0,0,1
1771685712836000,1771685712680000,0,1771685712684000,0,-490.48282,12.354284,0.041381836,0.03977497,12.3671665,5.5387186e-06,7.257337e-06,0,0,0,1
1771685712884000,1771685712732000,0,1771685712732000,0,-490.42145,12.354216,0.0128479,0.03723836,12.367069,5.3389704e-07,6.6239695e-06,0,0,0,1
1771685712940000,1771685712784000,0,1771685712788000,0,-490.3509,12.354284,-0.0,0.03192212,12.3671665,1.1917666e-06,5.8877044e-06,0,0,0,1
1771685712988000,1771685712836000,0,1771685712836000,0,-490.36514,12.354216,0.028442383,0.031594317,12.367069,2.6165267e-06,5.57955e-06,0,0,0,1
1771685713044000,1771685712888000,0,1771685712892000,0,-490.32266,12.354284,0.024627686,0.03093804,12.3671665,1.9617198e-06,5.23874e-06,0,0,0,1
1771685713092000,1771685712940000,0,1771685712940000,0,-490.22855,12.354216,-0.0,0.024634145,12.367069,4.1871735e-06,4.3507916e-06,0,0,0,1
1771685713148000,1771685712992000,0,1771685712996000,0,-490.26642,12.354284,0.04043579,0.026122706,12.3671665,5.288368e-06,4.439114e-06,0,0,0,1
1771685713196000,1771685713044000,0,1771685713044000,0,-490.22852,12.354216,0.035827637,0.027036939,12.367069,4.151734e-06,4.412042e-06,0,0,0,1
1771685713252000,1771685713096000,0,1771685713100000,0,-490.24698,12.354284,0.09298706,0.03324963,12.3671665,2.7966287e-05,6.6309203e-06,0,0,0,1
1771685713300000,1771685713148000,0,1771685713148000,0,-490.18985,12.354216,0.06903076,0.03662032,12.367069,1.5412694e-05,7.458189e-06,0,0,0,1
1771685713356000,1771685713200000,0,1771685713204000,0,-490.13293,12.354284,0.05065918,0.03794282,12.3671665,8.300535e-06,7.5375406e-06,0,0,0,1
1771685713404000,1771685713252000,0,1771685713252000,0,-490.1419,12.354216,0.09246826,0.043079276,12.367069,2.7655315e-05,9.432693e-06,0,0,0,1
1771685713460000,1771685713304000,0,1771685713308000,0,-489.9862,12.354284,-0.0,0.036683835,12.3671665,1.9909987e-06,8.356548e-06,0,0,0,1
1771685713508000,1771685713356000,0,1771685713356000,0,-490.00046,12.354216,0.023010254,0.035395745,12.367069,1.7125215e-06,7.730661e-06,0,0,0,1
1771685713564000,1771685713408000,0,1771685713412000,0,-489.96274,12.354284,0.02420044,0.034341116,12.3671665,1.8942455e-06,7.180854e-06,0,0,0,1
1771685713612000,1771685713460000,0,1771685713460000,0,-489.93433,12.354216,0.029174805,0.033854432,12.367069,2.7530184e-06,6.763739e-06,0,0,0,1
1771685713668000,1771685713512000,0,1771685713516000,0,-489.89185,12.354284,0.025726318,0.03308874,12.3671665,2.140647e-06,6.32823e-06,0,0,0,1
1771685713716000,1771685713564000,0,1771685713564000,0,-489.86346,12.354216,0.030853271,0.032878153,12.367069,3.0789004e-06,6.0221337e-06,0,0,0,1
1771685713772000,1771685713616000,0,1771685713620000,0,-489.83975,12.354284,0.04598999,0.034113325,12.3671665,6.84095e-06,6.0992684e-06,0,0,0,1
1771685713820000,1771685713668000,0,1771685713668000,0,-489.81116,12.354216,0.05029297,0.035637494,12.367069,8.181026e-06,6.295376e-06,0,0,0,1
1771685713876000,1771685713720000,0,1771685713724000,0,-489.7591,12.354284,0.03677368,0.035744525,12.3671665,4.373851e-06,6.114363e-06,0,0,0,1
1771685713924000,1771685713772000,0,1771685713772000,0,-489.7682,12.354216,0.07885742,0.039805885,12.367069,2.011307e-05,7.433082e-06,0,0,0,1
1771685713980000,1771685713824000,0,1771685713828000,0,-489.70178,12.354284,0.050994873,0.04085992,12.3671665,8.410906e-06,7.525196e-06,0,0,0,1
1771685714028000,1771685713876000,0,1771685713876000,0,-489.62622,12.354216,0.008392334,0.037801377,12.367069,2.2780263e-07,6.8377603e-06,0,0,0,1
1771685714084000,1771685713928000,0,1771685713932000,0,-489.62616,12.354284,0.047027588,0.038670514,12.3671665,7.1531144e-06,6.8674676e-06,0,0,0,1
1771685714132000,1771685713980000,0,1771685713980000,0,-489.6211,12.354216,0.07531738,0.042122755,12.367069,1.8347786e-05,7.948947e-06,0,0,0,1
1771685714188000,1771685714032000,0,1771685714036000,0,-489.55942,12.354284,0.052215576,0.043073528,12.3671665,8.818402e-06,8.030853e-06,0,0,0,1
1771685714236000,1771685714084000,0,1771685714084000,0,-489.5167,12.354216,0.043060303,0.043072283,12.367069,5.997184e-06,7.839275e-06,0,0,0,1
1771685714292000,1771685714136000,0,1771685714140000,0,-489.46942,12.354284,0.035125732,0.042323694,12.3671665,3.9906217e-06,7.476721e-06,0,0,0,1
1771685714340000,1771685714188000,0,1771685714188000,0,-489.46442,12.354216,0.064086914,0.04437385,12.367069,1.3284093e-05,8.023792e-06,0,0,0,1
1771685714396000,1771685714240000,0,1771685714244000,0,-489.37933,12.354284,0.018066406,0.041895613,12.3671665,1.0556824e-06,7.3673764e-06,0,0,0,1
1771685714444000,1771685714292000,0,1771685714292000,0,-489.31348,12.354216,-0.0,0.03660637,12.367069,6.569421e-07,6.611462e-06,0,0,0,1
1771685714500000,1771685714344000,0,1771685714348000,0,-489.3136,12.354284,0.025146484,0.035526816,12.3671665,2.0452403e-06,6.1813107e-06,0,0,0,1
1771685714548000,1771685714396000,0,1771685714396000,0,-489.28052,12.354216,0.025604248,0.03459208,12.367069,2.1203973e-06,5.798761e-06,0,0,0,1
1771685714604000,1771685714448000,0,1771685714452000,0,-489.23804,12.354284,0.02243042,0.033446416,12.3671665,1.6272886e-06,5.405796e-06,0,0,0,1
1771685714652000,1771685714500000,0,1771685714500000,0,-489.24255,12.354216,0.060821533,0.036025234,12.367069,1.19648685e-05,6.02368e-06,0,0,0,1
1771685714708000,1771685714552000,0,1771685714556000,0,-489.15283,12.354284,0.0105896,0.033629123,12.3671665,3.627011e-07,5.4903994e-06,0,0,0,1
1771685714756000,1771685714604000,0,1771685714604000,0,-489.11987,12.354216,0.011688232,0.031562228,12.367069,4.418663e-07,5.014813e-06,0,0,0,1
1771685714812000,1771685714656000,0,1771685714660000,0,-489.0775,12.354284,0.009094238,0.029445678,12.3671665,2.6749916e-07,4.567602e-06,0,0,0,1
1771685714860000,1771685714708000,0,1771685714708000,0,-489.04926,12.354216,0.015014648,0.028086234,12.367069,7.291612e-07,4.2060096e-06,0,0,0,1
1771685714916000,1771685714760000,0,1771685714764000,0,-489.02097,12.354284,0.026184082,0.027907046,12.3671665,2.2175043e-06,4.0186865e-06,0,0,0,1
1771685714964000,1771685714812000,0,1771685714812000,0,-488.99728,12.354216,0.036376953,0.028704936,12.367069,4.2800207e-06,4.043305e-06,0,0,0,1
1771685715020000,1771685714864000,0,1771685714868000,0,-488.98288,12.354284,0.061340332,0.031779286,12.3671665,1.216976e-05,4.808841e-06,0,0,0,1
1771685715068000,1771685714916000,0,1771685714916000,0,-488.8603,12.354216,-0.0,0.026186725,12.367069,2.461672e-06,4.1239373e-06,0,0,0,1
1771685715124000,1771685714968000,0,1771685714972000,0,-488.87463,12.354284,0.025726318,0.026143353,12.3671665,2.140647e-06,3.9371057e-06,0,0,0,1
1771685715172000,1771685715020000,0,1771685715020000,0,-488.83685,12.354216,0.021362305,0.025692964,12.367069,1.4760104e-06,3.7052635e-06,0,0,0,1
1771685715228000,1771685715072000,0,1771685715076000,0,-488.7334,12.354284,-0.0,0.019213332,12.3671665,6.00564e-06,2.7904682e-06,0,0,0,1
1771685715276000,1771685715124000,0,1771685715124000,0,-488.72906,12.354216,-0.0,0.016086701,12.367069,6.3186496e-07,2.4680744e-06,0,0,0,1
1771685715332000,1771685715176000,0,1771685715180000,0,-488.81366,12.354284,0.10974121,0.024909228,12.3671665,3.8951956e-05,5.904962e-06,0,0,0,1
1771685715380000,1771685715228000,0,1771685715228000,0,-488.6672,12.354216,-0.0,0.022266597,12.367069,3.1957132e-08,5.345687e-06,0,0,0,1
1771685715436000,1771685715280000,0,1771685715284000,0,-488.64374,12.354284,0.012329102,0.021330455,12.3671665,4.916461e-07,4.888422e-06,0,0,0,1
1771685715484000,1771685715332000,0,1771685715332000,0,-488.61548,12.354216,0.01739502,0.020959726,12.367069,9.786853e-07,4.5201136e-06,0,0,0,1
1771685715540000,1771685715384000,0,1771685715388000,0,-488.60596,12.354284,0.046844482,0.023398144,12.3671665,7.0975207e-06,4.762913e-06,0,0,0,1
1771685715588000,1771685715436000,0,1771685715436000,0,-488.51636,12.354216,-0.0,0.020331517,12.367069,2.7110394e-07,4.2886936e-06,0,0,0,1
1771685715644000,1771685715488000,0,1771685715492000,0,-488.48825,12.354284,0.0016479492,0.01857147,12.3671665,8.783698e-09,3.8855137e-06,0,0,0,1
1771685715692000,1771685715540000,0,1771685715540000,0,-488.47885,12.354216,0.025726318,0.019245477,12.367069,2.1406638e-06,3.7211437e-06,0,0,0,1
1771685715748000,1771685715592000,0,1771685715596000,0,-488.44107,12.354284,0.02722168,0.01999686,12.3671665,2.3967327e-06,3.5963803e-06,0,0,0,1
1771685715796000,1771685715644000,0,1771685715644000,0,-488.41266,12.354216,0.032714844,0.021194931,12.367069,3.461648e-06,3.583688e-06,0,0,0,1
1771685715852000,1771685715696000,0,1771685715700000,0,-488.34665,12.354284,0.0058898926,0.019753153,12.3671665,1.1220301e-07,3.256664e-06,0,0,0,1
1771685715900000,1771685715748000,0,1771685715748000,0,-488.32785,12.354216,0.020629883,0.019835742,12.367069,1.3765333e-06,3.0795502e-06,0,0,0,1
1771685715956000,1771685715800000,0,1771685715804000,0,-488.32297,12.354284,0.054870605,0.023136128,12.3671665,9.737989e-06,3.7067944e-06,0,0,0,1
1771685716004000,1771685715852000,0,1771685715852000,0,-488.2427,12.354216,0.008422852,0.021750094,12.367069,2.2946239e-07,3.3792196e-06,0,0,0,1
1771685716060000,1771685715904000,0,1771685715908000,0,-488.2379,12.354284,0.04248047,0.023702957,12.3671665,5.8367136e-06,3.6107226e-06,0,0,0,1
1771685716108000,1771685715956000,0,1771685715956000,0,-488.12958,12.354216,-0.0,0.018399736,12.367069,3.435863e-06,2.9469138e-06,0,0,0,1
1771685716164000,1771685716008000,0,1771685716012000,0,-488.17212,12.354284,0.048706055,0.02125468,12.3671665,7.672832e-06,3.392109e-06,0,0,0,1
1771685716212000,1771685716060000,0,1771685716060000,0,-488.10126,12.354216,0.010986328,0.02028737,12.367069,3.903897e-07,3.1093382e-06,0,0,0,1
1771685716268000,1771685716112000,0,1771685716116000,0,-488.04953,12.354284,-0.0,0.018163502,12.3671665,1.6495038e-08,2.8148756e-06,0,0,0,1
1771685716316000,1771685716164000,0,1771685716164000,0,-488.0965,12.354216,0.07778931,0.023780426,12.367069,1.95719e-05,4.393436e-06,0,0,0,1
1771685716372000,1771685716216000,0,1771685716220000,0,-488.10052,12.354284,0.108306885,0.031743065,12.3671665,3.79404e-05,7.5536577e-06,0,0,0,1
1771685716420000,1771685716268000,0,1771685716268000,0,-488.08554,12.354216,0.11340332,0.0394357,12.367069,4.1595347e-05,1.0760484e-05,0,0,0,1
1771685716476000,1771685716320000,0,1771685716324000,0,-488.09866,12.354284,0.15133667,0.049977094,12.3671665,7.40761e-05,1.6724998e-05,0,0,0,1
1771685716524000,1771685716372000,0,1771685716372000,0,-488.0739,12.354216,0.1451416,0.058941867,12.367069,6.813606e-05,2.156807e-05,0,0,0,1
1771685716580000,1771685716424000,0,1771685716428000,0,-488.0821,12.354284,0.17617798,0.06998585,12.3671665,0.00010039059,2.8993381e-05,0,0,0,1
1771685716628000,1771685716476000,0,1771685716476000,0,-488.0853,12.354216,0.19625854,0.081881106,12.367069,0.00012458058,3.7997972e-05,0,0,0,1
1771685716684000,1771685716528000,0,1771685716532000,0,-488.13528,12.354284,0.26757812,0.09937431,12.3671665,0.00023157464,5.6233454e-05,0,0,0,1
1771685716732000,1771685716580000,0,1771685716580000,0,-488.1471,12.354216,0.29473877,0.11777821,12.367069,0.00028097501,7.740476e-05,0,0,0,1
1771685716788000,1771685716632000,0,1771685716636000,0,-488.1024,12.354284,0.26971436,0.13209105,12.3671665,0.00023528696,9.227772e-05,0,0,0,1
1771685716836000,1771685716684000,0,1771685716684000,0,-488.06256,12.354216,0.24423218,0.14265506,12.367069,0.00019292964,0.00010175942,0,0,0,1
1771685716892000,1771685716736000,0,1771685716740000,0,-488.11682,12.354284,0.31759644,0.15913504,12.3671665,0.00032624285,0.00012290641,0,0,0,1
1771685716940000,1771685716788000,0,1771685716788000,0,-488.07187,12.354216,0.28582764,0.17106986,12.367069,0.00026424185,0.00013622062,0,0,0,1
1771685716996000,1771685716840000,0,1771685716844000,0,-488.0507,12.354284,0.28216553,0.1815354,12.3671665,0.00025751212,0.00014764664,0,0,0,1
1771685717044000,1771685716892000,0,1771685716892000,0,-488.11404,12.354216,0.35775757,0.19813603,12.367069,0.00041397192,0.00017273525,0,0,0,1
1771685717100000,1771685716944000,0,1771685716948000,0,-488.05002,12.354284,0.31002808,0.20867659,12.3671665,0.00031087932,0.00018574882,0,0,0,1
1771685717148000,1771685716996000,0,1771685716996000,0,-488.06616,12.354216,0.33737183,0.22080006,12.367069,0.00036813813,0.00020293043,0,0,0,1
1771685717204000,1771685717048000,0,1771685717052000,0,-488.05396,12.354284,0.34051514,0.23207757,12.3671665,0.00037502707,0.00021914243,0,0,0,1
1771685717252000,1771685717100000,0,1771685717100000,0,-488.07925,12.354216,0.3761902,0.24565339,12.367069,0.0004577287,0.00024161795,0,0,0,1
1771685717308000,1771685717152000,0,1771685717156000,0,-488.05258,12.354284,0.36361694,0.2567659,12.3671665,0.0004276397,0.00025914173,0,0,0,1
1771685717356000,1771685717204000,0,1771685717204000,0,-488.03543,12.354216,0.3557129,0.266087,12.367069,0.0004092535,0.0002732827,0,0,0,1
1771685717412000,1771685717256000,0,1771685717260000,0,-488.0653,12.354284,0.39831543,0.2785433,12.3671665,0.00051314966,0.00029587885,0,0,0,1
1771685717460000,1771685717308000,0,1771685717308000,0,-488.01968,12.354216,0.3607483,0.28628725,12.367069,0.00042092215,0.0003076583,0,0,0,1
1771685717516000,1771685717360000,0,1771685717364000,0,-487.99316,12.354284,0.34561157,0.29187578,12.3671665,0.00038633702,0.00031507006,0,0,0,1
1771685717564000,1771685717412000,0,1771685717412000,0,-488.0419,12.354216,0.40145874,0.30219883,12.367069,0.0005212848,0.0003344961,0,0,0,1
1771685717620000,1771685717464000,0,1771685717468000,0,-488.0338,12.354284,0.4039917,0.31178802,12.3671665,0.00052787934,0.00035271334,0,0,0,1
1771685717668000,1771685717516000,0,1771685717516000,0,-488.0304,12.354216,0.4069519,0.32075274,12.367069,0.00053564785,0.0003699463,0,0,0,1
1771685717724000,1771685717568000,0,1771685717572000,0,-488.05518,12.354284,0.44137573,0.33211577,12.3671665,0.00063009595,0.00039445315,0,0,0,1
1771685717772000,1771685717620000,0,1771685717620000,0,-488.02325,12.354216,0.41506958,0.33993027,12.367069,0.00055723067,0.00040978726,0,0,0,1
1771685717828000,1771685717672000,0,1771685717676000,0,-488.02448,12.354284,0.42477417,0.3479228,12.3671665,0.0005835875,0.00042615974,0,0,0,1
1771685717876000,1771685717724000,0,1771685717724000,0,-487.93637,12.354216,0.34072876,0.3472451,12.367069,0.00037550073,0.00042138752,0,0,0,1
1771685717932000,1771685717776000,0,1771685717780000,0,-488.08374,12.354284,0.49588013,0.36124694,12.3671665,0.00079532235,0.00045661326,0,0,0,1
1771685717980000,1771685717828000,0,1771685717828000,0,-487.9622,12.354216,0.37832642,0.36285588,12.367069,0.00046294197,0.00045720945,0,0,0,1
1771685718036000,1771685717880000,0,1771685717884000,0,-488.01535,12.354284,0.43832397,0.3699652,12.3671665,0.0006214129,0.0004726779,0,0,0,1
1771685718084000,1771685717932000,0,1771685717932000,0,-487.9553,12.354216,0.381073,0.37101158,12.367069,0.0004696881,0.00047239626,0,0,0,1
1771685718140000,1771685717984000,0,1771685717988000,0,-487.9662,12.354284,0.39782715,0.3735377,12.3671665,0.0005118923,0.0004761169,0,0,0,1
1771685718188000,1771685718036000,0,1771685718036000,0,-487.991,12.354216,0.42489624,0.37837583,12.367069,0.0005839276,0.00048627297,0,0,0,1
1771685718244000,1771685718088000,0,1771685718092000,0,-487.98743,12.354284,0.42660522,0.3829192,12.3671665,0.0005886296,0.00049591524,0,0,0,1
1771685718292000,1771685718140000,0,1771685718140000,0,-487.98383,12.354216,0.42462158,0.38684767,12.367069,0.0005831729,0.00050413515,0,0,0,1
1771685718348000,1771685718192000,0,1771685718196000,0,-487.97086,12.354284,0.4161682,0.38960975,12.3671665,0.00056018,0.00050941476,0,0,0,1
1771685718396000,1771685718244000,0,1771685718244000,0,-487.9861,12.354216,0.4326172,0.39366117,12.367069,0.0006053419,0.0005184514,0,0,0,1
1771685718452000,1771685718296000,0,1771685718300000,0,-488.01062,12.354284,0.46069336,0.3999758,12.3671665,0.00068645756,0.00053427805,0,0,0,1
1771685718500000,1771685718348000,0,1771685718348000,0,-488.06778,12.354216,0.5179138,0.4110859,12.367069,0.0008675774,0.0005656758,0,0,0,1
1771685718556000,1771685718400000,0,1771685718404000,0,-487.9742,12.354284,0.4269104,0.41257662,12.3671665,0.0005894721,0.0005679175,0,0,0,1
1771685718604000,1771685718452000,0,1771685718452000,0,-487.9753,12.354216,0.42767334,0.41399878,12.367069,0.0005915855,0.00057014707,0,0,0,1
1771685718660000,1771685718504000,0,1771685718508000,0,-487.9717,12.354284,0.42614746,0.41514322,12.3671665,0.00058736705,0.00057176925,0,0,0,1
1771685718708000,1771685718556000,0,1771685718556000,0,-487.95404,12.354216,0.40768433,0.41444057,12.367069,0.00053757767,0.00056854833,0,0,0,1
1771685718764000,1771685718608000,0,1771685718612000,0,-487.94122,12.354284,0.39645386,0.41274616,12.3671665,0.00050836435,0.00056287885,0,0,0,1
1771685718812000,1771685718660000,0,1771685718660000,0,-487.95663,12.354216,0.41082764,0.41256544,12.367069,0.00054589927,0.0005612793,0,0,0,1
1771685718868000,1771685718712000,0,1771685718716000,0,-487.9485,12.354284,0.4038086,0.4117405,12.3671665,0.00052740093,0.00055808784,0,0,0,1
1771685718916000,1771685718764000,0,1771685718764000,0,-487.96857,12.354216,0.4223938,0.41274408,12.367069,0.0005770697,0.000559876,0,0,0,1
1771685718972000,1771685718816000,0,1771685718820000,0,-487.9791,12.354284,0.43371582,0.41471967,12.3671665,0.0006084155,0.00056444854,0,0,0,1
1771685719020000,1771685718868000,0,1771685718868000,0,-487.9144,12.354216,0.36727905,0.41025063,12.367069,0.00043630032,0.0005523766,0,0,0,1
1771685719076000,1771685718920000,0,1771685718924000,0,-487.97232,12.354284,0.42575073,0.4117108,12.3671665,0.0005862739,0.00055556983,0,0,0,1
1771685719124000,1771685718972000,0,1771685718972000,0,-487.9171,12.354216,0.3687439,0.4076632,12.367069,0.00043978752,0.0005446628,0,0,0,1
1771685719180000,1771685719024000,0,1771685719028000,0,-487.93747,12.354284,0.38952637,0.40595466,12.3671665,0.0004907536,0.00053958443,0,0,0,1
1771685719228000,1771685719076000,0,1771685719076000,0,-487.95297,12.354216,0.40301514,0.40567774,12.367069,0.0005253345,0.00053824205,0,0,0,1
1771685719284000,1771685719128000,0,1771685719132000,0,-487.9308,12.354284,0.3807068,0.4033254,12.3671665,0.00046878212,0.0005316987,0,0,0,1
1771685719332000,1771685719180000,0,1771685719180000,0,-487.9041,12.354216,0.3515625,0.39844918,12.367069,0.00039975904,0.0005192696,0,0,0,1
1771685719388000,1771685719232000,0,1771685719236000,0,-487.8542,12.354284,0.30099487,0.3892687,12.3671665,0.00029302723,0.00049795693,0,0,0,1
1771685719436000,1771685719284000,0,1771685719284000,0,-487.93146,12.354216,0.3756714,0.3879878,12.367069,0.00045646704,0.00049404847,0,0,0,1
1771685719492000,1771685719336000,0,1771685719340000,0,-487.86728,12.354284,0.31072998,0.3807099,12.3671665,0.00031228855,0.00047692616,0,0,0,1
1771685719540000,1771685719388000,0,1771685719388000,0,-487.9116,12.354216,0.35177612,0.37798426,12.367069,0.00040024502,0.00046970256,0,0,0,1
1771685719596000,1771685719440000,0,1771685719444000,0,-487.89926,12.354284,0.33776855,0.3741958,12.3671665,0.00036900156,0.00046021622,0,0,0,1
1771685719644000,1771685719492000,0,1771685719492000,0,-487.91986,12.354216,0.35482788,0.3723713,12.367069,0.00040721963,0.00045522378,0,0,0,1
1771685719700000,1771685719544000,0,1771685719548000,0,-487.8746,12.354284,0.30758667,0.3662684,12.3671665,0.00030600236,0.0004411667,0,0,0,1
1771685719748000,1771685719596000,0,1771685719596000,0,-487.8814,12.354216,0.31048584,0.36101353,12.367069,0.00031180048,0.00042898,0,0,0,1
1771685719804000,1771685719648000,0,1771685719652000,0,-487.85065,12.354284,0.27734375,0.3531316,12.3671665,0.00024878635,0.00041200523,0,0,0,1
1771685719852000,1771685719700000,0,1771685719700000,0,-487.91403,12.354216,0.33648682,0.3515636,12.367069,0.00036620925,0.0004076911,0,0,0,1
1771685719908000,1771685719752000,0,1771685719756000,0,-487.88303,12.354284,0.30270386,0.34696087,12.3671665,0.00029636416,0.00039720378,0,0,0,1
1771685719956000,1771685719804000,0,1771685719804000,0,-487.8429,12.354216,0.25793457,0.33857435,12.367069,0.00021518515,0.00038005708,0,0,0,1
1771685720012000,1771685719856000,0,1771685719860000,0,-487.92053,12.354284,0.3326416,0.33801547,12.3671665,0.0003578845,0.00037796836,0,0,0,1
1771685720060000,1771685719908000,0,1771685719908000,0,-487.91302,12.354216,0.3208313,0.33639666,12.367069,0.0003329252,0.00037372517,0,0,0,1
1771685720116000,1771685719960000,0,1771685719964000,0,-487.854,12.354284,0.25881958,0.3290887,12.3671665,0.00021666264,0.00035892942,0,0,0,1
1771685720164000,1771685720012000,0,1771685720012000,0,-487.93164,12.354216,0.3320923,0.32937163,12.367069,0.0003567063,0.00035872,0,0,0,1
1771685720220000,1771685720064000,0,1771685720068000,0,-487.8772,12.354284,0.27450562,0.3242031,12.3671665,0.0002437206,0.0003478867,0,0,0,1
1771685720268000,1771685720116000,0,1771685720116000,0,-487.89368,12.354216,0.28622437,0.3206254,12.367069,0.0002649759,0.00034007625,0,0,0,1
1771685720324000,1771685720168000,0,1771685720172000,0,-487.91003,12.354284,0.2989807,0.3185864,12.3671665,0.00028911865,0.0003352759,0,0,0,1
1771685720372000,1771685720220000,0,1771685720220000,0,-487.9122,12.354216,0.29641724,0.316498,12.367069,0.00028418432,0.0003304629,0,0,0,1
1771685720428000,1771685720272000,0,1771685720276000,0,-487.88153,12.354284,0.2619629,0.31136066,12.3671665,0.00022195725,0.00032024135,0,0,0,1
1771685720476000,1771685720324000,0,1771685720324000,0,-487.86053,12.354216,0.23608398,0.30426937,12.367069,0.00018027116,0.00030705574,0,0,0,1
1771685720532000,1771685720376000,0,1771685720380000,0,-487.88205,12.354284,0.25360107,0.29949626,12.3671665,0.00020801369,0.0002977257,0,0,0,1
1771685720580000,1771685720428000,0,1771685720428000,0,-487.84235,12.354216,0.20904541,0.29097554,12.367069,0.00014134306,0.000282994,0,0,0,1
1771685720636000,1771685720480000,0,1771685720484000,0,-487.8922,12.354284,0.25524902,0.28761,12.3671665,0.00021072592,0.00027618615,0,0,0,1
1771685720684000,1771685720532000,0,1771685720532000,0,-487.86188,12.354216,0.22003174,0.28124392,12.367069,0.00015658994,0.00026491986,0,0,0,1
1771685720740000,1771685720584000,0,1771685720588000,0,-487.87885,12.354284,0.23297119,0.2766965,12.3671665,0.00017554732,0.0002565007,0,0,0,1
1771685720788000,1771685720636000,0,1771685720636000,0,-487.86276,12.354216,0.21166992,0.2705708,12.367069,0.00014491439,0.00024598895,0,0,0,1
1771685720844000,1771685720688000,0,1771685720692000,0,-487.82343,12.354284,0.16854858,0.26096,12.3671665,9.1884016e-05,0.00023147181,0,0,0,1
1771685720892000,1771685720740000,0,1771685720740000,0,-487.8361,12.354216,0.17678833,0.2530308,12.367069,0.00010108818,0.0002191893,0,0,0,1
1771685720948000,1771685720792000,0,1771685720796000,0,-487.87683,12.354284,0.21377563,0.24933286,12.3671665,0.0001478108,0.00021246524,0,0,0,1
1771685720996000,1771685720844000,0,1771685720844000,0,-487.85156,12.354216,0.18374634,0.24315442,12.367069,0.000109201996,0.00020273754,0,0,0,1
1771685721052000,1771685720896000,0,1771685720900000,0,-487.83597,12.354284,0.16412354,0.23570949,12.3671665,8.712274e-05,0.0001918463,0,0,0,1
1771685721100000,1771685720948000,0,1771685720948000,0,-487.7923,12.354216,0.115875244,0.22442076,12.367069,4.342847e-05,0.0001778649,0,0,0,1
1771685721156000,1771685721000000,0,1771685721004000,0,-487.83826,12.354284,0.15789795,0.21815412,12.3671665,8.063856e-05,0.0001687059,0,0,0,1
1771685721204000,1771685721052000,0,1771685721052000,0,-487.81348,12.354216,0.12841797,0.2097007,12.367069,5.333899e-05,0.000157838,0,0,0,1
1771685721260000,1771685721104000,0,1771685721108000,0,-487.84525,12.354284,0.1560669,0.20464824,12.3671665,7.877916e-05,0.00015039044,0,0,0,1
1771685721308000,1771685721156000,0,1771685721156000,0,-487.85803,12.354216,0.16427612,0.20084508,12.367069,8.7285494e-05,0.00014444576,0,0,0,1
1771685721364000,1771685721208000,0,1771685721212000,0,-487.8191,12.354284,0.12145996,0.19336677,12.3671665,4.7715122e-05,0.00013533345,0,0,0,1
1771685721412000,1771685721260000,0,1771685721260000,0,-487.89316,12.354216,0.19073486,0.19311884,12.367069,0.00011766664,0.0001336692,0,0,0,1
1771685721468000,1771685721312000,0,1771685721316000,0,-487.86807,12.354284,0.16171265,0.19016029,12.3671665,8.458196e-05,0.00012904503,0,0,0,1
1771685721516000,1771685721364000,0,1771685721364000,0,-487.78223,12.354216,0.07128906,0.17896228,12.367069,1.6437623e-05,0.000118437085,0,0,0,1
1771685721572000,1771685721416000,0,1771685721420000,0,-487.82855,12.354284,0.11349487,0.17279506,12.3671665,4.1662206e-05,0.00011120467,0,0,0,1
1771685721620000,1771685721468000,0,1771685721468000,0,-487.8511,12.354216,0.13153076,0.16890784,12.367069,5.5956156e-05,0.000106000094,0,0,0,1
1771685721676000,1771685721520000,0,1771685721524000,0,-487.84998,12.354284,0.12609863,0.16487509,12.3671665,5.142929e-05,0.00010085937,0,0,0,1
1771685721724000,1771685721572000,0,1771685721572000,0,-487.82077,12.354216,0.09222412,0.15803115,12.367069,2.7509472e-05,9.3949595e-05,0,0,0,1
1771685721780000,1771685721624000,0,1771685721628000,0,-487.80588,12.354284,0.07324219,0.15004379,12.3671665,1.7350516e-05,8.673374e-05,0,0,0,1
