timestamp,timestamp_sample,pub_timestamp,device_id,bias,bias_var,innov,innov_var,innov_test_ratio,publisher_id
1771685523292000,1771685523140000,0,6620172,0.1279801,0.103337854,-0.09933722,12.367069,8.865735e-05,0
1771685523348000,1771685523192000,0,6620172,0.12685229,0.10340488,-0.13374792,12.3671665,0.00016071684,0
1771685523396000,1771685523244000,0,6620172,0.12638998,0.103337854,-0.054861322,12.367069,2.7041031e-05,0
1771685523452000,1771685523296000,0,6620172,0.12567548,0.10340488,-0.084733486,12.3671665,6.4505606e-05,0
1771685523500000,1771685523348000,0,6620172,0.124871545,0.103337854,-0.09540205,12.367069,8.177228e-05,0
1771685523556000,1771685523400000,0,6620172,0.12369738,0.10340488,-0.13924533,12.3671665,0.00017420018,0
1771685523604000,1771685523452000,0,6620172,0.1231503,0.103337854,-0.06492052,12.367069,3.7866463e-05,0
1771685523660000,1771685523504000,0,6620172,0.12274438,0.10340488,-0.04813809,12.3671665,2.0819245e-05,0
1771685523708000,1771685523556000,0,6620172,0.12216419,0.103337854,-0.06885034,12.367069,4.258953e-05,0
1771685523764000,1771685523608000,0,6620172,0.12141121,0.10340488,-0.08929676,12.3671665,7.164051e-05,0
1771685523812000,1771685523660000,0,6620172,0.12049045,0.103337854,-0.109265216,12.367069,0.000107264146,0
1771685523868000,1771685523712000,0,6620172,0.11979558,0.10340488,-0.08240451,12.3671665,6.1008344e-05,0
1771685523916000,1771685523764000,0,6620172,0.11897458,0.103337854,-0.0974262,12.367069,8.527903e-05,0
1771685523972000,1771685523816000,0,6620172,0.1180259,0.10340488,-0.112504855,12.3671665,0.00011371816,0
1771685524020000,1771685523868000,0,6620172,0.11711283,0.103337854,-0.10835183,12.367069,0.00010547831,0
1771685524076000,1771685523920000,0,6620172,0.11599508,0.10340488,-0.13255472,12.3671665,0.00015786204,0
1771685524124000,1771685523972000,0,6620172,0.11515261,0.103337854,-0.09997335,12.367069,8.979646e-05,0
1771685524180000,1771685524024000,0,6620172,0.11426344,0.10340488,-0.10544802,12.3671665,9.98997e-05,0
1771685524228000,1771685524076000,0,6620172,0.11356852,0.103337854,-0.08246412,12.367069,6.1097126e-05,0
1771685524284000,1771685524128000,0,6620172,0.11282703,0.10340488,-0.08793376,12.3671665,6.94702e-05,0
1771685524332000,1771685524180000,0,6620172,0.112079926,0.103337854,-0.08865711,12.367069,7.06184e-05,0
1771685524388000,1771685524232000,0,6620172,0.11057358,0.10340488,-0.17863876,12.3671665,0.00028670725,0
1771685524436000,1771685524284000,0,6620172,0.109467685,0.103337854,-0.13123399,12.367069,0.00015473315,0
1771685524492000,1771685524336000,0,6620172,0.10824045,0.10340488,-0.14553946,12.3671665,0.00019030439,0
1771685524540000,1771685524388000,0,6620172,0.10761017,0.103337854,-0.07479318,12.367069,5.0259103e-05,0
1771685524596000,1771685524440000,0,6620172,0.106260665,0.10340488,-0.16003937,12.3671665,0.00023011288,0
1771685524644000,1771685524492000,0,6620172,0.10515228,0.103337854,-0.13152921,12.367069,0.00015543011,0
1771685524700000,1771685524544000,0,6620172,0.104199976,0.10340488,-0.11293426,12.3671665,0.00011458789,0
1771685524748000,1771685524596000,0,6620172,0.10328898,0.103337854,-0.108106226,12.367069,0.000105000676,0
1771685524804000,1771685524648000,0,6620172,0.10241338,0.10340488,-0.103838295,12.3671665,9.687292e-05,0
1771685524852000,1771685524700000,0,6620172,0.101891614,0.103337854,-0.061916552,12.367069,3.444326e-05,0
1771685524908000,1771685524752000,0,6620172,0.101161614,0.10340488,-0.08657179,12.3671665,6.7334884e-05,0
1771685524956000,1771685524804000,0,6620172,0.10046575,0.103337854,-0.08257641,12.367069,6.126362e-05,0
1771685525012000,1771685524856000,0,6620172,0.09936666,0.10340488,-0.13034245,12.3671665,0.00015263673,0
1771685525060000,1771685524908000,0,6620172,0.09810755,0.103337854,-0.1494155,12.367069,0.0002005774,0
1771685525116000,1771685524960000,0,6620172,0.097202554,0.10340488,-0.107323855,12.3671665,0.000103485574,0
1771685525164000,1771685525012000,0,6620172,0.095705025,0.103337854,-0.17770793,12.367069,0.00028372937,0
1771685525220000,1771685525064000,0,6620172,0.09488617,0.10340488,-0.09710883,12.3671665,8.4723666e-05,0
1771685525268000,1771685525116000,0,6620172,0.094069086,0.103337854,-0.096961364,12.367069,8.44672e-05,0
1771685525324000,1771685525168000,0,6620172,0.09340736,0.10340488,-0.0784746,12.3671665,5.5328073e-05,0
1771685525372000,1771685525220000,0,6620172,0.09218998,0.103337854,-0.14446327,12.367069,0.00018750186,0
1771685525428000,1771685525272000,0,6620172,0.09144606,0.10340488,-0.0882227,12.3671665,6.992749e-05,0
1771685525476000,1771685525324000,0,6620172,0.09081792,0.103337854,-0.07453932,12.367069,4.99185e-05,0
1771685525532000,1771685525376000,0,6620172,0.09022144,0.10340488,-0.070737354,12.3671665,4.4955716e-05,0
1771685525580000,1771685525428000,0,6620172,0.08926545,0.103337854,-0.11344532,12.367069,0.00011562823,0
1771685525636000,1771685525480000,0,6620172,0.088229924,0.10340488,-0.12280427,12.3671665,0.00013549218,0
1771685525684000,1771685525532000,0,6620172,0.08751497,0.103337854,-0.08484247,12.367069,6.467216e-05,0
1771685525740000,1771685525584000,0,6620172,0.08671885,0.10340488,-0.09441194,12.3671665,8.008314e-05,0
1771685525788000,1771685525636000,0,6620172,0.08611975,0.103337854,-0.07109385,12.367069,4.5410343e-05,0
1771685525844000,1771685525688000,0,6620172,0.08516144,0.10340488,-0.113646604,12.3671665,0.000116038,0
1771685525892000,1771685525740000,0,6620172,0.083297335,0.103337854,-0.22120881,12.367069,0.00043963833,0
1771685525948000,1771685525792000,0,6620172,0.08231239,0.10340488,-0.116805635,12.3671665,0.00012257867,0
1771685525996000,1771685525844000,0,6620172,0.08141122,0.103337854,-0.106940076,12.367069,0.0001027476,0
1771685526052000,1771685525896000,0,6620172,0.080668636,0.10340488,-0.08806405,12.3671665,6.967623e-05,0
1771685526100000,1771685525948000,0,6620172,0.08044121,0.103337854,-0.026988216,12.367069,6.5439363e-06,0
1771685526156000,1771685526000000,0,6620172,0.07977139,0.10340488,-0.07943413,12.3671665,5.6689358e-05,0
1771685526204000,1771685526052000,0,6620172,0.078467816,0.103337854,-0.15469205,12.367069,0.00021499419,0
1771685526260000,1771685526104000,0,6620172,0.07736122,0.10340488,-0.13123271,12.3671665,0.00015472891,0
1771685526308000,1771685526156000,0,6620172,0.07649354,0.103337854,-0.10296547,12.367069,9.5251955e-05,0
1771685526364000,1771685526208000,0,6620172,0.075662725,0.10340488,-0.09852723,12.3671665,8.721674e-05,0
1771685526412000,1771685526260000,0,6620172,0.074990146,0.103337854,-0.079813115,12.367069,5.7232042e-05,0
1771685526468000,1771685526312000,0,6620172,0.0737981,0.10340488,-0.14136589,12.3671665,0.00017954633,0
1771685526516000,1771685526364000,0,6620172,0.0732423,0.103337854,-0.06595508,12.367069,3.908294e-05,0
1771685526572000,1771685526416000,0,6620172,0.07256371,0.10340488,-0.080474965,12.3671665,5.8184713e-05,0
1771685526620000,1771685526468000,0,6620172,0.0712162,0.103337854,-0.15990502,12.367069,0.00022972851,0
1771685526676000,1771685526520000,0,6620172,0.070071675,0.10340488,-0.13573036,12.3671665,0.0001655165,0
1771685526724000,1771685526572000,0,6620172,0.06913221,0.103337854,-0.11148403,12.367069,0.00011166473,0
1771685526780000,1771685526624000,0,6620172,0.06839306,0.10340488,-0.08765638,12.3671665,6.903262e-05,0
1771685526828000,1771685526676000,0,6620172,0.06773571,0.103337854,-0.078006096,12.367069,5.466984e-05,0
1771685526884000,1771685526728000,0,6620172,0.06672244,0.10340488,-0.12016491,12.3671665,0.00012973066,0
1771685526932000,1771685526780000,0,6620172,0.06599173,0.103337854,-0.08671145,12.367069,6.755284e-05,0
1771685526988000,1771685526832000,0,6620172,0.06517973,0.10340488,-0.096295685,12.3671665,8.3310726e-05,0
1771685527036000,1771685526884000,0,6620172,0.06421179,0.103337854,-0.114862345,12.367069,0.00011853486,0
1771685527092000,1771685526936000,0,6620172,0.06383812,0.10340488,-0.044314332,12.3671665,1.7643133e-05,0
1771685527140000,1771685526988000,0,6620172,0.0625932,0.103337854,-0.14773095,12.367069,0.00019608017,0
1771685527196000,1771685527040000,0,6620172,0.06107465,0.10340488,-0.18008587,12.3671665,0.00029137117,0
1771685527244000,1771685527092000,0,6620172,0.06016137,0.103337854,-0.1083769,12.367069,0.00010552713,0
1771685527300000,1771685527144000,0,6620172,0.059646606,0.10340488,-0.06104638,12.3671665,3.3481672e-05,0
1771685527348000,1771685527196000,0,6620172,0.059130598,0.103337854,-0.06123352,12.367069,3.368753e-05,0
1771685527404000,1771685527248000,0,6620172,0.058285616,0.10340488,-0.100207254,12.3671665,9.0216425e-05,0
1771685527452000,1771685527300000,0,6620172,0.057546537,0.103337854,-0.08770456,12.367069,6.9109075e-05,0
1771685527508000,1771685527352000,0,6620172,0.05654044,0.10340488,-0.11931412,12.3671665,0.00012790013,0
1771685527556000,1771685527404000,0,6620172,0.055741232,0.103337854,-0.094840005,12.367069,8.081163e-05,0
1771685527612000,1771685527456000,0,6620172,0.05471716,0.10340488,-0.12144558,12.3671665,0.00013251064,0
1771685527660000,1771685527508000,0,6620172,0.054254007,0.103337854,-0.0549613,12.367069,2.7139678e-05,0
1771685527716000,1771685527560000,0,6620172,0.053553335,0.10340488,-0.08309312,12.3671665,6.203224e-05,0
1771685527764000,1771685527612000,0,6620172,0.05269829,0.103337854,-0.10146593,12.367069,9.249776e-05,0
1771685527820000,1771685527664000,0,6620172,0.052119076,0.10340488,-0.0686895,12.3671665,4.239045e-05,0
1771685527868000,1771685527716000,0,6620172,0.051543575,0.103337854,-0.06829339,12.367069,4.1903288e-05,0
1771685527924000,1771685527768000,0,6620172,0.051198237,0.10340488,-0.040953975,12.3671665,1.50688265e-05,0
1771685527972000,1771685527820000,0,6620172,0.050385155,0.103337854,-0.09648632,12.367069,8.364158e-05,0
1771685528028000,1771685527872000,0,6620172,0.04952462,0.10340488,-0.102051415,12.3671665,9.356757e-05,0
1771685528076000,1771685527924000,0,6620172,0.04891672,0.103337854,-0.072138146,12.367069,4.6754205e-05,0
1771685528132000,1771685527976000,0,6620172,0.048458945,0.10340488,-0.054287814,12.3671665,2.6478416e-05,0
1771685528180000,1771685528028000,0,6620172,0.04821749,0.103337854,-0.028653037,12.367069,7.376189e-06,0
1771685528236000,1771685528080000,0,6620172,0.04725403,0.10340488,-0.11425753,12.3671665,0.00011728891,0
1771685528284000,1771685528132000,0,6620172,0.04710965,0.103337854,-0.01713318,12.367069,2.6373434e-06,0
1771685528340000,1771685528184000,0,6620172,0.046678178,0.10340488,-0.051168486,12.3671665,2.3522985e-05,0
1771685528388000,1771685528236000,0,6620172,0.04639901,0.103337854,-0.033128373,12.367069,9.860319e-06,0
1771685528444000,1771685528288000,0,6620172,0.04595886,0.10340488,-0.05219735,12.3671665,2.4478464e-05,0
1771685528492000,1771685528340000,0,6620172,0.04536301,0.103337854,-0.07070862,12.367069,4.491955e-05,0
1771685528548000,1771685528392000,0,6620172,0.04485131,0.10340488,-0.060682833,12.3671665,3.3084074e-05,0
1771685528596000,1771685528444000,0,6620172,0.04475264,0.103337854,-0.011709221,12.367069,1.2318184e-06,0
1771685528652000,1771685528496000,0,6620172,0.04477851,0.10340488,0.0030684061,12.3671665,8.458883e-08,0
1771685528700000,1771685528548000,0,6620172,0.044586327,0.103337854,-0.022805855,12.367069,4.672867e-06,0
1771685528756000,1771685528600000,0,6620172,0.04464474,0.10340488,0.006927345,12.3671665,4.3114258e-07,0
1771685528804000,1771685528652000,0,6620172,0.04425978,0.103337854,-0.045682337,12.367069,1.8749399e-05,0
1771685528860000,1771685528704000,0,6620172,0.043938804,0.10340488,-0.03806471,12.3671665,1.3017643e-05,0
1771685528908000,1771685528756000,0,6620172,0.04418291,0.103337854,0.02896769,12.367069,7.5390813e-06,0
1771685528964000,1771685528808000,0,6620172,0.044216935,0.10340488,0.004034862,12.3671665,1.4626643e-07,0
1771685529012000,1771685528860000,0,6620172,0.044153184,0.103337854,-0.0075653233,12.367069,5.1421614e-07,0
1771685529068000,1771685528912000,0,6620172,0.043937072,0.10340488,-0.025629014,12.3671665,5.901346e-06,0
1771685529116000,1771685528964000,0,6620172,0.044478737,0.103337854,0.06427826,12.367069,3.712094e-05,0
1771685529172000,1771685529016000,0,6620172,0.04453497,0.10340488,0.006668724,12.3671665,3.9955154e-07,0
1771685529220000,1771685529068000,0,6620172,0.04447394,0.103337854,-0.0072424896,12.367069,4.712664e-07,0
1771685529276000,1771685529120000,0,6620172,0.04444375,0.10340488,-0.003580384,12.3671665,1.1517189e-07,0
1771685529324000,1771685529172000,0,6620172,0.044170808,0.103337854,-0.032389306,12.367069,9.425275e-06,0
1771685529380000,1771685529224000,0,6620172,0.044319704,0.10340488,0.017657805,12.3671665,2.8013073e-06,0
1771685529428000,1771685529276000,0,6620172,0.044377755,0.103337854,0.006888792,12.367069,4.263604e-07,0
1771685529484000,1771685529328000,0,6620172,0.044489395,0.10340488,0.013239432,12.3671665,1.5748021e-06,0
1771685529532000,1771685529380000,0,6620172,0.044267245,0.103337854,-0.026361953,12.367069,6.2437557e-06,0
1771685529588000,1771685529432000,0,6620172,0.0438214,0.10340488,-0.0528732,12.3671665,2.5116464e-05,0
1771685529636000,1771685529484000,0,6620172,0.043911938,0.103337854,0.0107440315,12.367069,1.037111e-06,0
1771685529692000,1771685529536000,0,6620172,0.04420558,0.10340488,0.034823414,12.3671665,1.0895069e-05,0
1771685529740000,1771685529588000,0,6620172,0.044274364,0.103337854,0.008162584,12.367069,5.9861287e-07,0
1771685529796000,1771685529640000,0,6620172,0.04450139,0.10340488,0.026923146,12.3671665,6.5123677e-06,0
1771685529844000,1771685529692000,0,6620172,0.044698324,0.103337854,0.023369703,12.367069,4.906786e-06,0
1771685529900000,1771685529744000,0,6620172,0.044732634,0.10340488,0.004068766,12.3671665,1.4873483e-07,0
1771685529948000,1771685529796000,0,6620172,0.044853553,0.103337854,0.014349397,12.367069,1.8499417e-06,0
1771685530004000,1771685529848000,0,6620172,0.045122016,0.10340488,0.03183712,12.3671665,9.10657e-06,0
1771685530052000,1771685529900000,0,6620172,0.04503469,0.103337854,-0.010362495,12.367069,9.647601e-07,0
1771685530108000,1771685529952000,0,6620172,0.04529185,0.10340488,0.030496314,12.3671665,8.355684e-06,0
1771685530156000,1771685530004000,0,6620172,0.045704316,0.103337854,0.048946433,12.367069,2.1524487e-05,0
1771685530212000,1771685530056000,0,6620172,0.046177134,0.10340488,0.056071807,12.3671665,2.8247263e-05,0
1771685530260000,1771685530108000,0,6620172,0.04651939,0.103337854,0.04061486,12.367069,1.4820423e-05,0
1771685530316000,1771685530160000,0,6620172,0.04679362,0.10340488,0.032521136,12.3671665,9.502081e-06,0
1771685530364000,1771685530212000,0,6620172,0.04721272,0.103337854,0.04973348,12.367069,2.2222268e-05,0
1771685530420000,1771685530264000,0,6620172,0.047719136,0.10340488,0.060056567,12.3671665,3.240472e-05,0
1771685530468000,1771685530316000,0,6620172,0.048286796,0.103337854,0.06736265,12.367069,4.0768904e-05,0
1771685530524000,1771685530368000,0,6620172,0.04854329,0.10340488,0.030418038,12.3671665,8.312845e-06,0
1771685530572000,1771685530420000,0,6620172,0.048780743,0.103337854,0.028177902,12.367069,7.133588e-06,0
1771685530628000,1771685530472000,0,6620172,0.049179498,0.10340488,0.047288593,12.3671665,2.009093e-05,0
1771685530676000,1771685530524000,0,6620172,0.049519084,0.103337854,0.04029804,12.367069,1.4590111e-05,0
1771685530732000,1771685530576000,0,6620172,0.049625713,0.10340488,0.012645222,12.3671665,1.4366144e-06,0
1771685530780000,1771685530628000,0,6620172,0.05014696,0.103337854,0.061855,12.367069,3.437481e-05,0
1771685530836000,1771685530680000,0,6620172,0.050508715,0.10340488,0.042901136,12.3671665,1.6535787e-05,0
1771685530884000,1771685530732000,0,6620172,0.051084757,0.103337854,0.06835725,12.367069,4.198169e-05,0
1771685530940000,1771685530784000,0,6620172,0.051616423,0.10340488,0.063050985,12.3671665,3.5716675e-05,0
1771685530988000,1771685530836000,0,6620172,0.052236363,0.103337854,0.07356668,12.367069,4.8624264e-05,0
1771685531044000,1771685530888000,0,6620172,0.052846327,0.10340488,0.07233639,12.3671665,4.701116e-05,0
1771685531092000,1771685530940000,0,6620172,0.053304173,0.103337854,0.054331407,12.367069,2.6521167e-05,0
1771685531148000,1771685530992000,0,6620172,0.053830765,0.10340488,0.062449,12.3671665,3.5037916e-05,0
1771685531196000,1771685531044000,0,6620172,0.05408461,0.103337854,0.030123092,12.367069,8.152481e-06,0
1771685531252000,1771685531096000,0,6620172,0.054208066,0.10340488,0.014640976,12.3671665,1.9258716e-06,0
1771685531300000,1771685531148000,0,6620172,0.05445796,0.103337854,0.029654238,12.367069,7.900676e-06,0
1771685531356000,1771685531200000,0,6620172,0.05457801,0.10340488,0.01423711,12.3671665,1.8210881e-06,0
1771685531404000,1771685531252000,0,6620172,0.0545095,0.103337854,-0.008130256,12.367069,5.9388066e-07,0
1771685531460000,1771685531304000,0,6620172,0.054550886,0.10340488,0.0049082264,12.3671665,2.1643947e-07,0
1771685531508000,1771685531356000,0,6620172,0.054364562,0.103337854,-0.0221107,12.367069,4.3923374e-06,0
1771685531564000,1771685531408000,0,6620172,0.054726526,0.10340488,0.042925477,12.3671665,1.6554557e-05,0
1771685531612000,1771685531460000,0,6620172,0.05533106,0.103337854,0.07173832,12.367069,4.6237365e-05,0
1771685531668000,1771685531512000,0,6620172,0.055165313,0.10340488,-0.01965601,12.3671665,3.471187e-06,0
1771685531716000,1771685531564000,0,6620172,0.055601045,0.103337854,0.051707245,12.367069,2.4021134e-05,0
1771685531772000,1771685531616000,0,6620172,0.055662308,0.10340488,0.0072651654,12.3671665,4.7421833e-07,0
1771685531820000,1771685531668000,0,6620172,0.05592515,0.103337854,0.03119072,12.367069,8.740605e-06,0
1771685531876000,1771685531720000,0,6620172,0.056763917,0.10340488,0.09947036,12.3671665,8.889446e-05,0
1771685531924000,1771685531772000,0,6620172,0.057120856,0.103337854,0.042357177,12.367069,1.6119246e-05,0
1771685531980000,1771685531824000,0,6620172,0.057298742,0.10340488,0.021095697,12.3671665,3.998297e-06,0
1771685532028000,1771685531876000,0,6620172,0.05759434,0.103337854,0.035077967,12.367069,1.105502e-05,0
1771685532084000,1771685531928000,0,6620172,0.058067,0.10340488,0.05605312,12.3671665,2.8228442e-05,0
1771685532132000,1771685531980000,0,6620172,0.058535114,0.103337854,0.055549942,12.367069,2.772413e-05,0
1771685532188000,1771685532032000,0,6620172,0.058702104,0.10340488,0.01980351,12.3671665,3.5234782e-06,0
1771685532236000,1771685532084000,0,6620172,0.05882926,0.103337854,0.0150894,12.367069,2.0456657e-06,0
1771685532292000,1771685532136000,0,6620172,0.058933552,0.10340488,0.012368251,12.3671665,1.3743705e-06,0
1771685532340000,1771685532188000,0,6620172,0.059507776,0.103337854,0.06814164,12.367069,4.1717267e-05,0
1771685532396000,1771685532240000,0,6620172,0.059854418,0.10340488,0.04110868,12.3671665,1.5182885e-05,0
1771685532444000,1771685532292000,0,6620172,0.059836593,0.103337854,-0.0021151602,12.367069,4.019548e-08,0
1771685532500000,1771685532344000,0,6620172,0.06038762,0.10340488,0.06534651,12.3671665,3.8364724e-05,0
1771685532548000,1771685532396000,0,6620172,0.06053272,0.103337854,0.017218582,12.367069,2.6637013e-06,0
1771685532604000,1771685532448000,0,6620172,0.061325688,0.10340488,0.094038814,12.3671665,7.9451405e-05,0
1771685532652000,1771685532500000,0,6620172,0.062182955,0.103337854,0.101729736,12.367069,9.297936e-05,0
1771685532708000,1771685532552000,0,6620172,0.062809154,0.10340488,0.07426114,12.3671665,4.954621e-05,0
1771685532756000,1771685532604000,0,6620172,0.06318253,0.103337854,0.044307545,12.367069,1.7637869e-05,0
1771685532812000,1771685532656000,0,6620172,0.06328486,0.10340488,0.01213485,12.3671665,1.3229886e-06,0
1771685532860000,1771685532708000,0,6620172,0.064010665,0.103337854,0.0861292,12.367069,6.664868e-05,0
1771685532916000,1771685532760000,0,6620172,0.06442356,0.10340488,0.04896541,12.3671665,2.154101e-05,0
1771685532964000,1771685532812000,0,6620172,0.06510145,0.103337854,0.08044338,12.367069,5.813951e-05,0
1771685533020000,1771685532864000,0,6620172,0.06542743,0.10340488,0.038658313,12.3671665,1.34268175e-05,0
1771685533068000,1771685532916000,0,6620172,0.06625553,0.103337854,0.09826886,12.367069,8.676059e-05,0
1771685533124000,1771685532968000,0,6620172,0.06657229,0.10340488,0.03756527,12.3671665,1.2678278e-05,0
1771685533172000,1771685533020000,0,6620172,0.06703174,0.103337854,0.054521456,12.367069,2.670703e-05,0
1771685533228000,1771685533072000,0,6620172,0.06733913,0.10340488,0.036453366,12.3671665,1.1938852e-05,0
1771685533276000,1771685533124000,0,6620172,0.06767356,0.103337854,0.039686017,12.367069,1.4150303e-05,0
1771685533332000,1771685533176000,0,6620172,0.06753832,0.10340488,-0.016037814,12.3671665,2.3108812e-06,0
1771685533380000,1771685533228000,0,6620172,0.068026915,0.103337854,0.057980478,12.367069,3.0203291e-05,0
1771685533436000,1771685533280000,0,6620172,0.06824356,0.10340488,0.025692567,12.3671665,5.93065e-06,0
1771685533484000,1771685533332000,0,6620172,0.06825225,0.103337854,0.0010313392,12.367069,9.556388e-09,0
1771685533540000,1771685533384000,0,6620172,0.06886561,0.10340488,0.07273896,12.3671665,4.7535872e-05,0
1771685533588000,1771685533436000,0,6620172,0.06934302,0.103337854,0.056653187,12.367069,2.883629e-05,0
1771685533644000,1771685533488000,0,6620172,0.06954626,0.10340488,0.024101801,12.3671665,5.2189876e-06,0
1771685533692000,1771685533540000,0,6620172,0.070014335,0.103337854,0.055545293,12.367069,2.771949e-05,0
1771685533748000,1771685533592000,0,6620172,0.07044866,0.10340488,0.05150666,12.3671665,2.3834942e-05,0
1771685533796000,1771685533644000,0,6620172,0.0706697,0.103337854,0.026231028,12.367069,6.181891e-06,0
1771685533852000,1771685533696000,0,6620172,0.07093895,0.10340488,0.031930394,12.3671665,9.160009e-06,0
1771685533900000,1771685533748000,0,6620172,0.071274675,0.103337854,0.039839856,12.367069,1.4260221e-05,0
1771685533956000,1771685533800000,0,6620172,0.072170064,0.10340488,0.10618504,12.3671665,0.000101301055,0
1771685534004000,1771685533852000,0,6620172,0.072884515,0.103337854,0.08478184,12.367069,6.4579755e-05,0
1771685534060000,1771685533904000,0,6620172,0.073479146,0.10340488,0.070517585,12.3671665,4.467681e-05,0
1771685534108000,1771685533956000,0,6620172,0.07393465,0.103337854,0.054053813,12.367069,2.6250851e-05,0
1771685534164000,1771685534008000,0,6620172,0.07431121,0.10340488,0.044656657,12.3671665,1.791677e-05,0
1771685534212000,1771685534060000,0,6620172,0.07451128,0.103337854,0.023741767,12.367069,5.064269e-06,0
1771685534268000,1771685534112000,0,6620172,0.07459708,0.10340488,0.010174997,12.3671665,9.301562e-07,0
1771685534316000,1771685534164000,0,6620172,0.07471117,0.103337854,0.013537683,12.367069,1.6465668e-06,0
1771685534372000,1771685534216000,0,6620172,0.07530274,0.10340488,0.07015578,12.3671665,4.4219534e-05,0
1771685534420000,1771685534268000,0,6620172,0.07559552,0.103337854,0.034743644,12.367069,1.0845297e-05,0
1771685534476000,1771685534320000,0,6620172,0.07569431,0.10340488,0.011715271,12.3671665,1.233082e-06,0
1771685534524000,1771685534372000,0,6620172,0.07565847,0.103337854,-0.0042526573,12.367069,1.6248434e-07,0
1771685534580000,1771685534424000,0,6620172,0.07590263,0.10340488,0.028955787,12.3671665,7.532828e-06,0
1771685534628000,1771685534476000,0,6620172,0.07628654,0.103337854,0.045557328,12.367069,1.8646922e-05,0
1771685534684000,1771685534528000,0,6620172,0.076751865,0.10340488,0.055183187,12.3671665,2.735904e-05,0
1771685534732000,1771685534580000,0,6620172,0.07755449,0.103337854,0.095245205,12.367069,8.150363e-05,0
1771685534788000,1771685534632000,0,6620172,0.07764216,0.10340488,0.010397173,12.3671665,9.712205e-07,0
1771685534836000,1771685534684000,0,6620172,0.078270115,0.103337854,0.07451849,12.367069,4.9890605e-05,0
1771685534892000,1771685534736000,0,6620172,0.07846446,0.10340488,0.023048244,12.3671665,4.7726876e-06,0
1771685534940000,1771685534788000,0,6620172,0.07860639,0.103337854,0.016841933,12.367069,2.548441e-06,0
1771685534996000,1771685534840000,0,6620172,0.07875287,0.10340488,0.017371394,12.3671665,2.7111691e-06,0
1771685535044000,1771685534892000,0,6620172,0.07872597,0.103337854,-0.0031913444,12.367069,9.150357e-08,0
1771685535100000,1771685534944000,0,6620172,0.079181015,0.10340488,0.05396446,12.3671665,2.6163927e-05,0
1771685535148000,1771685534996000,0,6620172,0.07965971,0.103337854,0.056805313,12.367069,2.899136e-05,0
1771685535204000,1771685535048000,0,6620172,0.07966324,0.10340488,0.00041841716,12.3671665,1.5729186e-09,0
1771685535252000,1771685535100000,0,6620172,0.07933756,0.103337854,-0.038647614,12.367069,1.3419493e-05,0
1771685535308000,1771685535152000,0,6620172,0.07890016,0.10340488,-0.05187174,12.3671665,2.4174022e-05,0
1771685535356000,1771685535204000,0,6620172,0.07896358,0.103337854,0.007525623,12.367069,5.088334e-07,0
1771685535412000,1771685535256000,0,6620172,0.07905635,0.10340488,0.011002243,12.3671665,1.0875513e-06,0
1771685535460000,1771685535308000,0,6620172,0.07946589,0.103337854,0.048598677,12.367069,2.121972e-05,0
1771685535516000,1771685535360000,0,6620172,0.07986452,0.10340488,0.047273614,12.3671665,2.0078205e-05,0
1771685535564000,1771685535412000,0,6620172,0.08006048,0.103337854,0.02325438,12.367069,4.858478e-06,0
1771685535620000,1771685535464000,0,6620172,0.08050685,0.10340488,0.052935123,12.3671665,2.5175328e-05,0
1771685535668000,1771685535516000,0,6620172,0.080500916,0.103337854,-0.0007033795,12.367069,4.444983e-09,0
1771685535724000,1771685535568000,0,6620172,0.08067491,0.10340488,0.020634338,12.3671665,3.825325e-06,0
1771685535772000,1771685535620000,0,6620172,0.08107852,0.103337854,0.047895648,12.367069,2.0610229e-05,0
1771685535828000,1771685535672000,0,6620172,0.081880435,0.10340488,0.09509946,12.3671665,8.125374e-05,0
1771685535876000,1771685535724000,0,6620172,0.08246188,0.103337854,0.06899847,12.367069,4.2772994e-05,0
1771685535932000,1771685535776000,0,6620172,0.08341425,0.10340488,0.112942174,12.3671665,0.00011460395,0
1771685535980000,1771685535828000,0,6620172,0.08373794,0.103337854,0.038411923,12.367069,1.32563155e-05,0
1771685536036000,1771685535880000,0,6620172,0.08421351,0.10340488,0.05639878,12.3671665,2.8577662e-05,0
1771685536084000,1771685535932000,0,6620172,0.08513121,0.103337854,0.108901724,12.367069,0.00010655166,0
1771685536140000,1771685535984000,0,6620172,0.085719585,0.10340488,0.06977601,12.3671665,4.3742097e-05,0
1771685536188000,1771685536036000,0,6620172,0.086770155,0.103337854,0.1246686,12.367069,0.0001396384,0
1771685536244000,1771685536088000,0,6620172,0.08711285,0.10340488,0.040640734,12.3671665,1.4839196e-05,0
1771685536292000,1771685536140000,0,6620172,0.08795803,0.103337854,0.100295596,12.367069,9.037628e-05,0
1771685536348000,1771685536192000,0,6620172,0.08877167,0.10340488,0.09649021,12.3671665,8.364766e-05,0
1771685536396000,1771685536244000,0,6620172,0.089775175,0.103337854,0.11908355,12.367069,0.0001274073,0
1771685536452000,1771685536296000,0,6620172,0.09099681,0.10340488,0.14487448,12.3671665,0.00018856933,0
1771685536500000,1771685536348000,0,6620172,0.09234931,0.103337854,0.16049856,12.367069,0.00023143711,0
1771685536556000,1771685536400000,0,6620172,0.09335778,0.10340488,0.11959527,12.3671665,0.0001285036,0
1771685536604000,1771685536452000,0,6620172,0.0943445,0.103337854,0.11709144,12.367069,0.00012318023,0
1771685536660000,1771685536504000,0,6620172,0.09542621,0.10340488,0.12828124,12.3671665,0.00014784736,0
1771685536708000,1771685536556000,0,6620172,0.09632606,0.103337854,0.10678326,12.367069,0.000102446495,0
1771685536764000,1771685536608000,0,6620172,0.09720527,0.10340488,0.10426598,12.3671665,9.767256e-05,0
1771685536812000,1771685536660000,0,6620172,0.09767017,0.103337854,0.055169,12.367069,2.7345191e-05,0
1771685536868000,1771685536712000,0,6620172,0.098516166,0.10340488,0.10032788,12.3671665,9.043375e-05,0
1771685536916000,1771685536764000,0,6620172,0.09942341,0.103337854,0.10766059,12.367069,0.0001041368,0
1771685536972000,1771685536816000,0,6620172,0.10003538,0.10340488,0.07257366,12.3671665,4.732007e-05,0
1771685537020000,1771685536868000,0,6620172,0.10083004,0.103337854,0.09430056,12.367069,7.989494e-05,0
1771685537076000,1771685536920000,0,6620172,0.1019232,0.10340488,0.1296387,12.3671665,0.00015099294,0
1771685537124000,1771685536972000,0,6620172,0.10271635,0.103337854,0.094121724,12.367069,7.959219e-05,0
1771685537180000,1771685537024000,0,6620172,0.10384841,0.10340488,0.13425264,12.3671665,0.0001619321,0
1771685537228000,1771685537076000,0,6620172,0.10452325,0.103337854,0.08008103,12.367069,5.7616915e-05,0
1771685537284000,1771685537128000,0,6620172,0.10537863,0.10340488,0.101439886,12.3671665,9.2449554e-05,0
1771685537332000,1771685537180000,0,6620172,0.1062962,0.103337854,0.10888529,12.367069,0.0001065195,0
1771685537388000,1771685537232000,0,6620172,0.10707538,0.10340488,0.092403755,12.3671665,7.671257e-05,0
1771685537436000,1771685537284000,0,6620172,0.10827053,0.103337854,0.14182599,12.367069,0.0001807184,0
1771685537492000,1771685537336000,0,6620172,0.10920445,0.10340488,0.110754125,12.3671665,0.00011020647,0
1771685537540000,1771685537388000,0,6620172,0.11043387,0.103337854,0.145892,12.367069,0.00019122894,0
1771685537596000,1771685537440000,0,6620172,0.11140024,0.10340488,0.11460275,12.3671665,0.00011799874,0
1771685537644000,1771685537492000,0,6620172,0.11238459,0.103337854,0.11681021,12.367069,0.00012258923,0
1771685537700000,1771685537544000,0,6620172,0.11338752,0.10340488,0.118938655,12.3671665,0.00012709643,0
1771685537748000,1771685537596000,0,6620172,0.11464546,0.103337854,0.14927727,12.367069,0.00020020646,0
1771685537804000,1771685537648000,0,6620172,0.11563936,0.10340488,0.11786797,12.3671665,0.00012481849,0
1771685537852000,1771685537700000,0,6620172,0.11688553,0.103337854,0.14787993,12.367069,0.00019647584,0
1771685537908000,1771685537752000,0,6620172,0.117711805,0.10340488,0.09798874,12.3671665,8.6265994e-05,0
1771685537956000,1771685537804000,0,6620172,0.11918842,0.103337854,0.17522642,12.367069,0.00027586074,0
1771685538012000,1771685537856000,0,6620172,0.120359145,0.10340488,0.1388377,12.3671665,0.00017318173,0
1771685538060000,1771685537908000,0,6620172,0.12189677,0.103337854,0.18246678,12.367069,0.00029912885,0
1771685538116000,1771685537960000,0,6620172,0.12297081,0.10340488,0.1273708,12.3671665,0.00014575622,0
1771685538164000,1771685538012000,0,6620172,0.12429664,0.103337854,0.15733314,12.367069,0.00022239813,0
1771685538220000,1771685538064000,0,6620172,0.12571612,0.10340488,0.16833642,12.3671665,0.00025459126,0
1771685538268000,1771685538116000,0,6620172,0.12710857,0.103337854,0.16523847,12.367069,0.00024530874,0
1771685538324000,1771685538168000,0,6620172,0.12807819,0.10340488,0.11498737,12.3671665,0.000118792115,0
1771685538372000,1771685538220000,0,6620172,0.12914188,0.103337854,0.12622479,12.367069,0.00014314626,0
1771685538428000,1771685538272000,0,6620172,0.13053748,0.10340488,0.16550533,12.3671665,0.0002460998,0
1771685538476000,1771685538324000,0,6620172,0.13186383,0.103337854,0.15739587,12.367069,0.00022257552,0
1771685538532000,1771685538376000,0,6620172,0.13276556,0.10340488,0.10693622,12.3671665,0.000102739374,0
1771685538580000,1771685538428000,0,6620172,0.13391781,0.103337854,0.13673517,12.367069,0.00016797753,0
1771685538636000,1771685538480000,0,6620172,0.1354,0.10340488,0.17577457,12.3671665,0.00027758718,0
1771685538684000,1771685538532000,0,6620172,0.13657378,0.103337854,0.13928872,12.367069,0.00017431013,0
1771685538740000,1771685538584000,0,6620172,0.13783723,0.10340488,0.1498337,12.3671665,0.00020170017,0
1771685538788000,1771685538636000,0,6620172,0.13946675,0.103337854,0.19337004,12.367069,0.00033594572,0
1771685538844000,1771685538688000,0,6620172,0.14047162,0.10340488,0.11916973,12.3671665,0.00012759074,0
1771685538892000,1771685538740000,0,6620172,0.14156973,0.103337854,0.13031085,12.367069,0.00015256394,0
1771685538948000,1771685538792000,0,6620172,0.1430381,0.10340488,0.17413461,12.3671665,0.00027243161,0
1771685538996000,1771685538844000,0,6620172,0.14404078,0.103337854,0.11898583,12.367069,0.00012719826,0
1771685539052000,1771685538896000,0,6620172,0.14498161,0.10340488,0.111574456,12.3671665,0.000111845075,0
1771685539100000,1771685538948000,0,6620172,0.1460947,0.103337854,0.13208748,12.367069,0.00015675234,0
1771685539156000,1771685539000000,0,6620172,0.14702207,0.10340488,0.1099783,12.3671665,0.00010866791,0
1771685539204000,1771685539052000,0,6620172,0.14811951,0.103337854,0.13023013,12.367069,0.00015237498,0
1771685539260000,1771685539104000,0,6620172,0.1493484,0.10340488,0.14573425,12.3671665,0.00019081414,0
1771685539308000,1771685539156000,0,6620172,0.15011428,0.103337854,0.09088598,12.367069,7.421377e-05,0
1771685539364000,1771685539208000,0,6620172,0.1507795,0.10340488,0.07888962,12.3671665,5.591484e-05,0
1771685539412000,1771685539260000,0,6620172,0.15205975,0.103337854,0.15192436,12.367069,0.00020736981,0
1771685539468000,1771685539312000,0,6620172,0.15272091,0.10340488,0.078409,12.3671665,5.5235607e-05,0
1771685539516000,1771685539364000,0,6620172,0.15379605,0.103337854,0.12758304,12.367069,0.00014624352,0
1771685539572000,1771685539416000,0,6620172,0.15480748,0.10340488,0.11994663,12.3671665,0.00012925977,0
1771685539620000,1771685539468000,0,6620172,0.1557151,0.103337854,0.10770473,12.367069,0.00010422221,0
1771685539676000,1771685539520000,0,6620172,0.15699573,0.10340488,0.15187158,12.3671665,0.00020722412,0
1771685539724000,1771685539572000,0,6620172,0.1580086,0.103337854,0.12019543,12.367069,0.0001297976,0
1771685539780000,1771685539624000,0,6620172,0.15875497,0.10340488,0.08851239,12.3671665,7.0387476e-05,0
1771685539828000,1771685539676000,0,6620172,0.15955758,0.103337854,0.09524283,12.367069,8.1499566e-05,0
1771685539884000,1771685539728000,0,6620172,0.16069284,0.10340488,0.13463187,12.3671665,0.00016284823,0
1771685539932000,1771685539780000,0,6620172,0.16140401,0.103337854,0.08439383,12.367069,6.3989995e-05,0
1771685539988000,1771685539832000,0,6620172,0.16228876,0.10340488,0.10492289,12.3671665,9.890717e-05,0
1771685540036000,1771685539884000,0,6620172,0.16354454,0.103337854,0.14902106,12.367069,0.00019951981,0
1771685540092000,1771685539936000,0,6620172,0.16473085,0.10340488,0.1406852,12.3671665,0.00017782144,0
1771685540140000,1771685539988000,0,6620172,0.16596399,0.103337854,0.14633483,12.367069,0.0001923916,0
1771685540196000,1771685540040000,0,6620172,0.16728379,0.10340488,0.15651526,12.3671665,0.00022009017,0
1771685540244000,1771685540092000,0,6620172,0.16801529,0.103337854,0.08680557,12.367069,6.769956e-05,0
1771685540300000,1771685540144000,0,6620172,0.1689166,0.10340488,0.10688706,12.3671665,0.00010264494,0
1771685540348000,1771685540196000,0,6620172,0.16990797,0.103337854,0.11764346,12.367069,0.00012434441,0
1771685540404000,1771685540248000,0,6620172,0.1707923,0.10340488,0.1048723,12.3671665,9.881182e-05,0
1771685540452000,1771685540300000,0,6620172,0.17157345,0.103337854,0.09269647,12.367069,7.719997e-05,0
1771685540508000,1771685540352000,0,6620172,0.17221315,0.10340488,0.07586308,12.3671665,5.1706866e-05,0
1771685540556000,1771685540404000,0,6620172,0.17302862,0.103337854,0.09676878,12.367069,8.413201e-05,0
1771685540612000,1771685540456000,0,6620172,0.17385986,0.10340488,0.09857783,12.3671665,8.730634e-05,0
1771685540660000,1771685540508000,0,6620172,0.17450972,0.103337854,0.0771167,12.367069,5.3430293e-05,0
1771685540716000,1771685540560000,0,6620172,0.17537324,0.10340488,0.102406785,12.3671665,9.4220355e-05,0
1771685540764000,1771685540612000,0,6620172,0.17644958,0.103337854,0.12772734,12.367069,0.00014657452,0
1771685540820000,1771685540664000,0,6620172,0.17730498,0.10340488,0.101443484,12.3671665,9.24561e-05,0
1771685540868000,1771685540716000,0,6620172,0.17841442,0.103337854,0.13165498,12.367069,0.00015572748,0
1771685540924000,1771685540768000,0,6620172,0.1792651,0.10340488,0.100882456,12.3671665,9.143628e-05,0
1771685540972000,1771685540820000,0,6620172,0.1798977,0.103337854,0.0750684,12.367069,5.0629664e-05,0
1771685541028000,1771685540872000,0,6620172,0.18086968,0.10340488,0.11526832,12.3671665,0.000119373304,0
1771685541076000,1771685540924000,0,6620172,0.18190074,0.103337854,0.12235297,12.367069,0.00013449922,0
1771685541132000,1771685540976000,0,6620172,0.18243586,0.10340488,0.06346059,12.3671665,3.6182246e-05,0
1771685541180000,1771685541028000,0,6620172,0.1829543,0.103337854,0.061521664,12.367069,3.400532e-05,0
1771685541236000,1771685541080000,0,6620172,0.18357575,0.10340488,0.073698536,12.3671665,4.8798334e-05,0
1771685541284000,1771685541132000,0,6620172,0.18434072,0.103337854,0.09077728,12.367069,7.4036354e-05,0
1771685541340000,1771685541184000,0,6620172,0.18516818,0.10340488,0.09812999,12.3671665,8.6514876e-05,0
1771685541388000,1771685541236000,0,6620172,0.18593927,0.103337854,0.09150419,12.367069,7.522681e-05,0
1771685541444000,1771685541288000,0,6620172,0.1866951,0.10340488,0.08963446,12.3671665,7.21834e-05,0
1771685541492000,1771685541340000,0,6620172,0.18723679,0.103337854,0.06428146,12.367069,3.7124635e-05,0
1771685541548000,1771685541392000,0,6620172,0.1880419,0.10340488,0.09547806,12.3671665,8.1901984e-05,0
1771685541596000,1771685541444000,0,6620172,0.1887502,0.103337854,0.08405283,12.367069,6.347393e-05,0
1771685541652000,1771685541496000,0,6620172,0.18972217,0.10340488,0.115265906,12.3671665,0.000119368306,0
1771685541700000,1771685541548000,0,6620172,0.19004239,0.103337854,0.038000003,12.367069,1.2973524e-05,0
1771685541756000,1771685541600000,0,6620172,0.19074972,0.10340488,0.08388339,12.3671665,6.321778e-05,0
1771685541804000,1771685541652000,0,6620172,0.19171964,0.103337854,0.11509745,12.367069,0.000119020595,0
1771685541860000,1771685541704000,0,6620172,0.1923171,0.10340488,0.070853606,12.3671665,4.51036e-05,0
1771685541908000,1771685541756000,0,6620172,0.19329387,0.103337854,0.11591044,12.367069,0.00012070794,0
1771685541964000,1771685541808000,0,6620172,0.19409268,0.10340488,0.09473103,12.3671665,8.062539e-05,0
1771685542012000,1771685541860000,0,6620172,0.19455506,0.103337854,0.054869726,12.367069,2.7049318e-05,0
1771685542068000,1771685541912000,0,6620172,0.19508332,0.10340488,0.06264709,12.3671665,3.526055e-05,0
1771685542116000,1771685541964000,0,6620172,0.19575235,0.103337854,0.07939178,12.367069,5.6629375e-05,0
1771685542172000,1771685542016000,0,6620172,0.1963261,0.10340488,0.06804159,12.3671665,4.1594532e-05,0
1771685542220000,1771685542068000,0,6620172,0.1970438,0.103337854,0.085168034,12.367069,6.5169435e-05,0
1771685542276000,1771685542120000,0,6620172,0.197232,0.10340488,0.022316545,12.3671665,4.474466e-06,0
1771685542324000,1771685542172000,0,6620172,0.19804236,0.103337854,0.096164,12.367069,8.308369e-05,0
1771685542380000,1771685542224000,0,6620172,0.1986385,0.10340488,0.07069543,12.3671665,4.4902445e-05,0
1771685542428000,1771685542276000,0,6620172,0.19961394,0.103337854,0.11575359,12.367069,0.000120381475,0
1771685542484000,1771685542328000,0,6620172,0.20029357,0.10340488,0.08059846,12.3671665,5.836342e-05,0
1771685542532000,1771685542380000,0,6620172,0.20103544,0.103337854,0.08803651,12.367069,6.963319e-05,0
1771685542588000,1771685542432000,0,6620172,0.20140304,0.10340488,0.043593466,12.3671665,1.7073797e-05,0
1771685542636000,1771685542484000,0,6620172,0.20214996,0.103337854,0.088636026,12.367069,7.058481e-05,0
1771685542692000,1771685542536000,0,6620172,0.20244588,0.10340488,0.035093695,12.3671665,1.1064849e-05,0
1771685542740000,1771685542588000,0,6620172,0.20316292,0.103337854,0.08509074,12.367069,6.50512e-05,0
1771685542796000,1771685542640000,0,6620172,0.20378639,0.10340488,0.073936686,12.3671665,4.911422e-05,0
1771685542844000,1771685542692000,0,6620172,0.20435585,0.103337854,0.06757592,12.367069,4.102746e-05,0
1771685542900000,1771685542744000,0,6620172,0.2053043,0.10340488,0.112477645,12.3671665,0.00011366316,0
1771685542948000,1771685542796000,0,6620172,0.2062282,0.103337854,0.10963711,12.367069,0.000107995555,0
1771685543004000,1771685542848000,0,6620172,0.2066534,0.10340488,0.050424635,12.3671665,2.2844035e-05,0
1771685543052000,1771685542900000,0,6620172,0.20733705,0.103337854,0.08112736,12.367069,5.9132388e-05,0
1771685543108000,1771685542952000,0,6620172,0.20752645,0.10340488,0.022460312,12.3671665,4.5323022e-06,0
1771685543156000,1771685543004000,0,6620172,0.20805873,0.103337854,0.06316447,12.367069,3.584565e-05,0
1771685543212000,1771685543056000,0,6620172,0.20869134,0.10340488,0.075022325,12.3671665,5.0567134e-05,0
1771685543260000,1771685543108000,0,6620172,0.2090302,0.103337854,0.040210024,12.367069,1.4526446e-05,0
1771685543316000,1771685543160000,0,6620172,0.2094678,0.10340488,0.051895097,12.3671665,2.4195797e-05,0
1771685543364000,1771685543212000,0,6620172,0.20964476,0.103337854,0.021000952,12.367069,3.9624942e-06,0
1771685543420000,1771685543264000,0,6620172,0.20984249,0.10340488,0.023448497,12.3671665,4.9398905e-06,0
1771685543468000,1771685543316000,0,6620172,0.20986457,0.103337854,0.0026208907,12.367069,6.171469e-08,0
1771685543524000,1771685543368000,0,6620172,0.21022926,0.10340488,0.04324822,12.3671665,1.680443e-05,0
1771685543572000,1771685543420000,0,6620172,0.21085346,0.103337854,0.074072495,12.367069,4.9295206e-05,0
1771685543628000,1771685543472000,0,6620172,0.21121855,0.10340488,0.043296933,12.3671665,1.6842307e-05,0
1771685543676000,1771685543524000,0,6620172,0.21219857,0.103337854,0.1162961,12.367069,0.00012151251,0
1771685543732000,1771685543576000,0,6620172,0.21327285,0.10340488,0.12740104,12.3671665,0.00014582541,0
1771685543780000,1771685543628000,0,6620172,0.21396501,0.103337854,0.0821373,12.367069,6.0613806e-05,0
1771685543836000,1771685543680000,0,6620172,0.21471046,0.10340488,0.08840315,12.3671665,7.021385e-05,0
1771685543884000,1771685543732000,0,6620172,0.21495178,0.103337854,0.028636709,12.367069,7.3677843e-06,0
1771685543940000,1771685543784000,0,6620172,0.215131,0.10340488,0.021254271,12.3671665,4.0586324e-06,0
1771685543988000,1771685543836000,0,6620172,0.21572366,0.103337854,0.070330426,12.367069,4.4440323e-05,0
1771685544044000,1771685543888000,0,6620172,0.21597306,0.10340488,0.02957663,12.3671665,7.859315e-06,0
1771685544092000,1771685543940000,0,6620172,0.21639816,0.103337854,0.050445393,12.367069,2.2863027e-05,0
1771685544148000,1771685543992000,0,6620172,0.21667738,0.10340488,0.033113554,12.3671665,9.851421e-06,0
1771685544196000,1771685544044000,0,6620172,0.21744783,0.103337854,0.091428086,12.367069,7.5101736e-05,0
1771685544252000,1771685544096000,0,6620172,0.21771666,0.10340488,0.03188078,12.3671665,9.131565e-06,0
1771685544300000,1771685544148000,0,6620172,0.21824022,0.103337854,0.062129527,12.367069,3.4680615e-05,0
1771685544356000,1771685544200000,0,6620172,0.21842104,0.10340488,0.021444842,12.3671665,4.1317403e-06,0
1771685544404000,1771685544252000,0,6620172,0.21870464,0.103337854,0.033654153,12.367069,1.0175788e-05,0
1771685544460000,1771685544304000,0,6620172,0.21924902,0.10340488,0.06455952,12.3671665,3.744621e-05,0
1771685544508000,1771685544356000,0,6620172,0.2198142,0.103337854,0.06706689,12.367069,4.0411698e-05,0
1771685544564000,1771685544408000,0,6620172,0.22023754,0.10340488,0.050205335,12.3671665,2.2645767e-05,0
1771685544612000,1771685544460000,0,6620172,0.22087513,0.103337854,0.0756609,12.367069,5.1432035e-05,0
1771685544668000,1771685544512000,0,6620172,0.22132814,0.10340488,0.05372204,12.3671665,2.5929387e-05,0
1771685544716000,1771685544564000,0,6620172,0.22183567,0.103337854,0.060227036,12.367069,3.25892e-05,0
1771685544772000,1771685544616000,0,6620172,0.22184259,0.10340488,0.00082057714,12.3671665,6.0495924e-09,0
1771685544820000,1771685544668000,0,6620172,0.22218634,0.103337854,0.04079169,12.367069,1.4949756e-05,0
1771685544876000,1771685544720000,0,6620172,0.22230868,0.10340488,0.014507994,12.3671665,1.8910456e-06,0
1771685544924000,1771685544772000,0,6620172,0.22300391,0.103337854,0.08250089,12.367069,6.115162e-05,0
1771685544980000,1771685544824000,0,6620172,0.22347602,0.10340488,0.05598779,12.3671665,2.8162678e-05,0
1771685545028000,1771685544876000,0,6620172,0.22419998,0.103337854,0.085911185,12.367069,6.6311695e-05,0
1771685545084000,1771685544928000,0,6620172,0.22422607,0.10340488,0.0030949414,12.3671665,8.605817e-08,0
1771685545132000,1771685544980000,0,6620172,0.22470815,0.103337854,0.057207033,12.367069,2.940286e-05,0
1771685545188000,1771685545032000,0,6620172,0.22452565,0.10340488,-0.02164419,12.3671665,4.208913e-06,0
1771685545236000,1771685545084000,0,6620172,0.22499336,0.103337854,0.05550365,12.367069,2.7677945e-05,0
1771685545292000,1771685545136000,0,6620172,0.22535245,0.10340488,0.042584762,12.3671665,1.62928e-05,0
1771685545340000,1771685545188000,0,6620172,0.22592276,0.103337854,0.067677334,12.367069,4.11507e-05,0
1771685545396000,1771685545240000,0,6620172,0.22610727,0.10340488,0.021879971,12.3671665,4.3011123e-06,0
1771685545444000,1771685545292000,0,6620172,0.22654572,0.103337854,0.052029938,12.367069,2.4321891e-05,0
1771685545500000,1771685545344000,0,6620172,0.22719331,0.10340488,0.076799005,12.3671665,5.2990556e-05,0
1771685545548000,1771685545396000,0,6620172,0.22729807,0.103337854,0.012430713,12.367069,1.3882982e-06,0
1771685545604000,1771685545448000,0,6620172,0.22741796,0.10340488,0.014218047,12.3671665,1.8162146e-06,0
1771685545652000,1771685545500000,0,6620172,0.22786954,0.103337854,0.0535879,12.367069,2.5800266e-05,0
1771685545708000,1771685545552000,0,6620172,0.22852965,0.10340488,0.0782828,12.3671665,5.5057946e-05,0
1771685545756000,1771685545604000,0,6620172,0.22900221,0.103337854,0.056077287,12.367069,2.8253009e-05,0
1771685545812000,1771685545656000,0,6620172,0.22924978,0.10340488,0.029359609,12.3671665,7.744401e-06,0
1771685545860000,1771685545708000,0,6620172,0.22939275,0.103337854,0.016966045,12.367069,2.5861395e-06,0
1771685545916000,1771685545760000,0,6620172,0.22986966,0.10340488,0.056556955,12.3671665,2.8738184e-05,0
1771685545964000,1771685545812000,0,6620172,0.2304446,0.103337854,0.06822604,12.367069,4.1820676e-05,0
1771685546020000,1771685545864000,0,6620172,0.230838,0.10340488,0.046655014,12.3671665,1.9556177e-05,0
1771685546068000,1771685545916000,0,6620172,0.2312083,0.103337854,0.043942273,12.367069,1.7348253e-05,0
1771685546124000,1771685545968000,0,6620172,0.2311578,0.10340488,-0.005988568,12.3671665,3.2220575e-07,0
1771685546172000,1771685546020000,0,6620172,0.23156244,0.103337854,0.04801701,12.367069,2.0714808e-05,0
1771685546228000,1771685546072000,0,6620172,0.2313875,0.10340488,-0.020747006,12.3671665,3.8672138e-06,0
1771685546276000,1771685546124000,0,6620172,0.23210497,0.103337854,0.085140824,12.367069,6.51278e-05,0
1771685546332000,1771685546176000,0,6620172,0.23267584,0.10340488,0.067699715,12.3671665,4.1177598e-05,0
1771685546380000,1771685546228000,0,6620172,0.2327066,0.103337854,0.0036522895,12.367069,1.1984532e-07,0
1771685546436000,1771685546280000,0,6620172,0.23291522,0.10340488,0.024739683,12.3671665,5.498897e-06,0
1771685546484000,1771685546332000,0,6620172,0.2333035,0.103337854,0.046076477,12.367069,1.9074329e-05,0
1771685546540000,1771685546384000,0,6620172,0.23374538,0.10340488,0.052402064,12.3671665,2.467085e-05,0
1771685546588000,1771685546436000,0,6620172,0.23392299,0.103337854,0.021076396,12.367069,3.9910155e-06,0
1771685546644000,1771685546488000,0,6620172,0.23411517,0.10340488,0.022790879,12.3671665,4.666695e-06,0
1771685546692000,1771685546540000,0,6620172,0.23424491,0.103337854,0.01539655,12.367069,2.1297938e-06,0
1771685546748000,1771685546592000,0,6620172,0.23474576,0.10340488,0.059395224,12.3671665,3.169497e-05,0
1771685546852000,1771685546696000,0,6620172,0.23476163,0.10340488,0.001826033,12.3671665,2.995743e-08,0
1771685546900000,1771685546748000,0,6620172,0.23487718,0.103337854,0.013712496,12.367069,1.6893658e-06,0
1771685546956000,1771685546800000,0,6620172,0.23469642,0.10340488,-0.021437243,12.3671665,4.128812e-06,0
1771685547004000,1771685546852000,0,6620172,0.23493597,0.103337854,0.02842614,12.367069,7.259831e-06,0
1771685547060000,1771685546904000,0,6620172,0.23480052,0.10340488,-0.016063899,12.3671665,2.3184045e-06,0
1771685547108000,1771685546956000,0,6620172,0.23492706,0.103337854,0.015016377,12.367069,2.0259142e-06,0
1771685547164000,1771685547008000,0,6620172,0.23479632,0.10340488,-0.0155056715,12.3671665,2.160073e-06,0
1771685547212000,1771685547060000,0,6620172,0.23524281,0.103337854,0.052984446,12.367069,2.5222464e-05,0
1771685547268000,1771685547112000,0,6620172,0.23507287,0.10340488,-0.020154923,12.3671665,3.6496363e-06,0
1771685547316000,1771685547164000,0,6620172,0.23512253,0.103337854,0.005893931,12.367069,3.1210502e-07,0
1771685547372000,1771685547216000,0,6620172,0.23502822,0.10340488,-0.011184543,12.3671665,1.12389e-06,0
1771685547420000,1771685547268000,0,6620172,0.23515181,0.103337854,0.014666602,12.367069,1.9326346e-06,0
1771685547476000,1771685547320000,0,6620172,0.2354906,0.10340488,0.040177777,12.3671665,1.4503043e-05,0
1771685547524000,1771685547372000,0,6620172,0.23592508,0.103337854,0.051557735,12.367069,2.3882421e-05,0
1771685547580000,1771685547424000,0,6620172,0.23557954,0.10340488,-0.04097879,12.3671665,1.5087092e-05,0
1771685547628000,1771685547476000,0,6620172,0.23585021,0.103337854,0.03212066,12.367069,9.269572e-06,0
1771685547684000,1771685547528000,0,6620172,0.23629275,0.10340488,0.052479863,12.3671665,2.4744157e-05,0
1771685547732000,1771685547580000,0,6620172,0.23682539,0.103337854,0.06320676,12.367069,3.5893667e-05,0
1771685547788000,1771685547632000,0,6620172,0.23669356,0.10340488,-0.015633985,12.3671665,2.1959715e-06,0
1771685547836000,1771685547684000,0,6620172,0.23662002,0.103337854,-0.0087272525,12.367069,6.842988e-07,0
1771685547892000,1771685547736000,0,6620172,0.23671947,0.10340488,0.011793062,12.3671665,1.249512e-06,0
1771685547940000,1771685547788000,0,6620172,0.23727114,0.103337854,0.065465584,12.367069,3.850497e-05,0
1771685547996000,1771685547840000,0,6620172,0.23771508,0.10340488,0.052645847,12.3671665,2.4900928e-05,0
1771685548044000,1771685547892000,0,6620172,0.23809275,0.103337854,0.044816658,12.367069,1.804553e-05,0
1771685548100000,1771685547944000,0,6620172,0.23808455,0.10340488,-0.0009711683,12.3671665,8.473762e-09,0
1771685548148000,1771685547996000,0,6620172,0.23852545,0.103337854,0.05232072,12.367069,2.4594507e-05,0
1771685548204000,1771685548048000,0,6620172,0.23929334,0.10340488,0.09106439,12.3671665,7.450484e-05,0
1771685548252000,1771685548100000,0,6620172,0.23963301,0.103337854,0.040308714,12.367069,1.459784e-05,0
1771685548308000,1771685548152000,0,6620172,0.23990211,0.10340488,0.0319124,12.3671665,9.149688e-06,0
1771685548356000,1771685548204000,0,6620172,0.24018368,0.103337854,0.03341332,12.367069,1.0030672e-05,0
1771685548412000,1771685548256000,0,6620172,0.23999986,0.10340488,-0.021799892,12.3671665,4.2696865e-06,0
1771685548460000,1771685548308000,0,6620172,0.24042976,0.103337854,0.051015764,12.367069,2.3382961e-05,0
1771685548516000,1771685548360000,0,6620172,0.2403154,0.10340488,-0.013562083,12.3671665,1.6524948e-06,0
1771685548564000,1771685548412000,0,6620172,0.24065623,0.103337854,0.040446326,12.367069,1.4697684e-05,0
1771685548620000,1771685548464000,0,6620172,0.2408117,0.10340488,0.018438011,12.3671665,3.0543265e-06,0
1771685548668000,1771685548516000,0,6620172,0.24157628,0.103337854,0.09073126,12.367069,7.396132e-05,0
1771685548724000,1771685548568000,0,6620172,0.24199265,0.10340488,0.049378306,12.3671665,2.1905827e-05,0
1771685548772000,1771685548620000,0,6620172,0.24218357,0.103337854,0.022655785,12.367069,4.6115715e-06,0
1771685548828000,1771685548672000,0,6620172,0.24222787,0.10340488,0.0052529573,12.3671665,2.4791058e-07,0
1771685548876000,1771685548724000,0,6620172,0.2420475,0.103337854,-0.021402672,12.367069,4.1155386e-06,0
1771685548932000,1771685548776000,0,6620172,0.24231477,0.10340488,0.031695172,12.3671665,9.025546e-06,0
1771685548980000,1771685548828000,0,6620172,0.24251325,0.103337854,0.02355437,12.367069,4.984639e-06,0
1771685549036000,1771685548880000,0,6620172,0.2429593,0.10340488,0.052896902,12.3671665,2.5138987e-05,0
1771685549084000,1771685548932000,0,6620172,0.24341467,0.103337854,0.054037765,12.367069,2.6235266e-05,0
1771685549140000,1771685548984000,0,6620172,0.24363953,0.10340488,0.026665896,12.3671665,6.3885113e-06,0
1771685549188000,1771685549036000,0,6620172,0.24391584,0.103337854,0.032788694,12.367069,9.65915e-06,0
1771685549244000,1771685549088000,0,6620172,0.24468048,0.10340488,0.090678886,12.3671665,7.3875366e-05,0
1771685549292000,1771685549140000,0,6620172,0.245414,0.103337854,0.087045595,12.367069,6.807448e-05,0
1771685549348000,1771685549192000,0,6620172,0.24560244,0.10340488,0.022347227,12.3671665,4.486778e-06,0
1771685549396000,1771685549244000,0,6620172,0.24572489,0.103337854,0.014529392,12.367069,1.8966431e-06,0
1771685549452000,1771685549296000,0,6620172,0.24558286,0.10340488,-0.01684305,12.3671665,2.5487593e-06,0
1771685549500000,1771685549348000,0,6620172,0.24569467,0.103337854,0.013267234,12.367069,1.5814355e-06,0
1771685549556000,1771685549400000,0,6620172,0.24574126,0.10340488,0.005526036,12.3671665,2.7435615e-07,0
1771685549604000,1771685549452000,0,6620172,0.24623749,0.103337854,0.0588852,12.367069,3.1153228e-05,0
1771685549660000,1771685549504000,0,6620172,0.24658625,0.10340488,0.04136017,12.3671665,1.5369224e-05,0
1771685549708000,1771685549556000,0,6620172,0.2468691,0.103337854,0.03356512,12.367069,1.0122018e-05,0
1771685549764000,1771685549608000,0,6620172,0.2473618,0.10340488,0.05842875,12.3671665,3.0671883e-05,0
1771685549812000,1771685549660000,0,6620172,0.24742928,0.103337854,0.0080093,12.367069,5.763414e-07,0
1771685549868000,1771685549712000,0,6620172,0.24754927,0.10340488,0.014228433,12.3671665,1.8188691e-06,0
1771685549916000,1771685549764000,0,6620172,0.247645,0.103337854,0.011361867,12.367069,1.1598187e-06,0
1771685549972000,1771685549816000,0,6620172,0.24755627,0.10340488,-0.010523424,12.3671665,9.949504e-07,0
1771685550020000,1771685549868000,0,6620172,0.24740867,0.103337854,-0.017514765,12.367069,2.7561277e-06,0
1771685550076000,1771685549920000,0,6620172,0.24783403,0.10340488,0.05044289,12.3671665,2.2860577e-05,0
1771685550124000,1771685549972000,0,6620172,0.24851218,0.103337854,0.08047408,12.367069,5.8183887e-05,0
1771685550180000,1771685550024000,0,6620172,0.2482885,0.10340488,-0.026527315,12.3671665,6.322283e-06,0
1771685550228000,1771685550076000,0,6620172,0.24839756,0.103337854,0.012941971,12.367069,1.5048444e-06,0
1771685550284000,1771685550128000,0,6620172,0.24871576,0.10340488,0.037735254,12.3671665,1.2793278e-05,0
1771685550332000,1771685550180000,0,6620172,0.24885054,0.103337854,0.015993714,12.367069,2.2982083e-06,0
1771685550388000,1771685550232000,0,6620172,0.2489606,0.10340488,0.013051316,12.3671665,1.5303681e-06,0
1771685550436000,1771685550284000,0,6620172,0.24920647,0.103337854,0.029176608,12.367069,7.648218e-06,0
1771685550492000,1771685550336000,0,6620172,0.24962695,0.10340488,0.049865797,12.3671665,2.2340497e-05,0
1771685550540000,1771685550388000,0,6620172,0.24986206,0.103337854,0.027899906,12.367069,6.993526e-06,0
1771685550596000,1771685550440000,0,6620172,0.25002947,0.10340488,0.019852296,12.3671665,3.5408598e-06,0
1771685550644000,1771685550492000,0,6620172,0.25028896,0.103337854,0.03079328,12.367069,8.519274e-06,0
1771685550700000,1771685550544000,0,6620172,0.25039822,0.10340488,0.012955666,12.3671665,1.5080187e-06,0
1771685550748000,1771685550596000,0,6620172,0.25048178,0.103337854,0.009916723,12.367069,8.835417e-07,0
1771685550804000,1771685550648000,0,6620172,0.25050038,0.10340488,0.0022037625,12.3671665,4.3633182e-08,0
1771685550852000,1771685550700000,0,6620172,0.25085157,0.103337854,0.041674912,12.367069,1.560415e-05,0
1771685550908000,1771685550752000,0,6620172,0.25117326,0.10340488,0.038149893,12.3671665,1.3075971e-05,0
1771685550956000,1771685550804000,0,6620172,0.25102863,0.103337854,-0.017164469,12.367069,2.6469847e-06,0
1771685551012000,1771685550856000,0,6620172,0.25113422,0.10340488,0.0125211775,12.3671665,1.4085674e-06,0
1771685551060000,1771685550908000,0,6620172,0.2518468,0.103337854,0.08455914,12.367069,6.4240936e-05,0
1771685551116000,1771685550960000,0,6620172,0.25217038,0.10340488,0.038375378,12.3671665,1.3230999e-05,0
1771685551164000,1771685551012000,0,6620172,0.25258258,0.103337854,0.04891604,12.367069,2.1497766e-05,0
1771685551220000,1771685551064000,0,6620172,0.252884,0.10340488,0.0357475,12.3671665,1.1480971e-05,0
1771685551268000,1771685551116000,0,6620172,0.25284016,0.103337854,-0.0052033365,12.367069,2.4325095e-07,0
1771685551324000,1771685551168000,0,6620172,0.25284916,0.10340488,0.0010660887,12.3671665,1.0211133e-08,0
1771685551372000,1771685551220000,0,6620172,0.25327006,0.103337854,0.04994625,12.367069,2.2412818e-05,0
1771685551428000,1771685551272000,0,6620172,0.25366193,0.10340488,0.046473593,12.3671665,1.940438e-05,0
1771685551476000,1771685551324000,0,6620172,0.25398546,0.103337854,0.038391292,12.367069,1.3242079e-05,0
1771685551532000,1771685551376000,0,6620172,0.25388288,0.10340488,-0.0121641755,12.3671665,1.3293907e-06,0
1771685551580000,1771685551428000,0,6620172,0.25438815,0.103337854,0.05995989,12.367069,3.230073e-05,0
1771685551636000,1771685551480000,0,6620172,0.25470114,0.10340488,0.037115753,12.3671665,1.237667e-05,0
1771685551684000,1771685551532000,0,6620172,0.2551018,0.103337854,0.047544956,12.367069,2.0309519e-05,0
1771685551740000,1771685551584000,0,6620172,0.2553506,0.10340488,0.029505134,12.3671665,7.821363e-06,0
1771685551788000,1771685551636000,0,6620172,0.25541145,0.103337854,0.0072226524,12.367069,4.6868834e-07,0
1771685551844000,1771685551688000,0,6620172,0.25536427,0.10340488,-0.0055945516,12.3671665,2.8120166e-07,0
1771685551892000,1771685551740000,0,6620172,0.25509328,0.103337854,-0.032158703,12.367069,9.291541e-06,0
1771685551948000,1771685551792000,0,6620172,0.2552742,0.10340488,0.021457016,12.3671665,4.136433e-06,0
1771685551996000,1771685551844000,0,6620172,0.25503534,0.103337854,-0.028345495,12.367069,7.218697e-06,0
1771685552052000,1771685551896000,0,6620172,0.25489354,0.10340488,-0.016815126,12.3671665,2.5403147e-06,0
1771685552100000,1771685551948000,0,6620172,0.25477102,0.103337854,-0.014537096,12.367069,1.8986549e-06,0
1771685552156000,1771685552000000,0,6620172,0.25506172,0.10340488,0.03447458,12.3671665,1.0677887e-05,0
1771685552204000,1771685552052000,0,6620172,0.25544545,0.103337854,0.04553643,12.367069,1.862982e-05,0
1771685552260000,1771685552104000,0,6620172,0.2555642,0.10340488,0.014085799,12.3671665,1.7825852e-06,0
1771685552308000,1771685552156000,0,6620172,0.25558007,0.103337854,0.0018820763,12.367069,3.182476e-08,0
1771685552364000,1771685552208000,0,6620172,0.25584644,0.10340488,0.031590343,12.3671665,8.9659425e-06,0
1771685552412000,1771685552260000,0,6620172,0.25600702,0.103337854,0.019055903,12.367069,3.2624946e-06,0
1771685552468000,1771685552312000,0,6620172,0.25562593,0.10340488,-0.045191586,12.3671665,1.8348579e-05,0
1771685552516000,1771685552364000,0,6620172,0.2556999,0.103337854,0.0087783635,12.367069,6.923375e-07,0
1771685552572000,1771685552416000,0,6620172,0.2560646,0.10340488,0.043250293,12.3671665,1.680604e-05,0
1771685552620000,1771685552468000,0,6620172,0.25620687,0.103337854,0.016884625,12.367069,2.5613772e-06,0
1771685552676000,1771685552520000,0,6620172,0.2562827,0.10340488,0.008990884,12.3671665,7.262599e-07,0
1771685552724000,1771685552572000,0,6620172,0.25645038,0.103337854,0.019901395,12.367069,3.5584246e-06,0
1771685552780000,1771685552624000,0,6620172,0.25667083,0.10340488,0.026142389,12.3671665,6.1401333e-06,0
1771685552828000,1771685552676000,0,6620172,0.2563523,0.103337854,-0.037798762,12.367069,1.2836477e-05,0
1771685552884000,1771685552728000,0,6620172,0.2564485,0.10340488,0.011408925,12.3671665,1.1694367e-06,0
1771685552932000,1771685552780000,0,6620172,0.2568401,0.103337854,0.046468973,12.367069,1.9400675e-05,0
1771685552988000,1771685552832000,0,6620172,0.256732,0.10340488,-0.012821555,12.3671665,1.4769598e-06,0
1771685553036000,1771685552884000,0,6620172,0.2568419,0.103337854,0.013043404,12.367069,1.5285252e-06,0
1771685553092000,1771685552936000,0,6620172,0.2568516,0.10340488,0.0011537075,12.3671665,1.1958555e-08,0
1771685553140000,1771685552988000,0,6620172,0.25700167,0.103337854,0.01780659,12.367069,2.848736e-06,0
1771685553196000,1771685553040000,0,6620172,0.25701264,0.10340488,0.001299113,12.3671665,1.5162861e-08,0
1771685553244000,1771685553092000,0,6620172,0.25712276,0.103337854,0.013067931,12.367069,1.534279e-06,0
1771685553300000,1771685553144000,0,6620172,0.25701225,0.10340488,-0.0131042,12.3671665,1.5427954e-06,0
1771685553348000,1771685553196000,0,6620172,0.25684616,0.103337854,-0.01970756,12.367069,3.4894458e-06,0
1771685553404000,1771685553248000,0,6620172,0.2571796,0.10340488,0.03954056,12.3671665,1.40466545e-05,0
1771685553452000,1771685553300000,0,6620172,0.25737676,0.103337854,0.023399025,12.367069,4.9191067e-06,0
1771685553508000,1771685553352000,0,6620172,0.25727803,0.10340488,-0.011710256,12.3671665,1.2320266e-06,0
1771685553556000,1771685553404000,0,6620172,0.25735763,0.103337854,0.009445608,12.367069,8.0158674e-07,0
1771685553612000,1771685553456000,0,6620172,0.25674438,0.10340488,-0.07272628,12.3671665,4.75193e-05,0
1771685553660000,1771685553508000,0,6620172,0.2565919,0.103337854,-0.018096924,12.367069,2.94239e-06,0
1771685553716000,1771685553560000,0,6620172,0.2568142,0.10340488,0.026367098,12.3671665,6.2461436e-06,0
1771685553764000,1771685553612000,0,6620172,0.25717443,0.103337854,0.042746335,12.367069,1.64168e-05,0
1771685553820000,1771685553664000,0,6620172,0.25703675,0.10340488,-0.016329706,12.3671665,2.3957637e-06,0
1771685553868000,1771685553716000,0,6620172,0.25692293,0.103337854,-0.013506472,12.367069,1.6389835e-06,0
1771685553924000,1771685553768000,0,6620172,0.25714505,0.10340488,0.02634123,12.3671665,6.2338936e-06,0
1771685553972000,1771685553820000,0,6620172,0.25706837,0.103337854,-0.009098172,12.367069,7.437021e-07,0
1771685554028000,1771685553872000,0,6620172,0.25625837,0.10340488,-0.09605762,12.3671665,8.289932e-05,0
1771685554076000,1771685553924000,0,6620172,0.25650704,0.103337854,0.029508233,12.367069,7.823068e-06,0
1771685554132000,1771685553976000,0,6620172,0.25633895,0.10340488,-0.019934773,12.3671665,3.5703426e-06,0
1771685554180000,1771685554028000,0,6620172,0.256391,0.103337854,0.006173253,12.367069,3.4238826e-07,0
1771685554236000,1771685554080000,0,6620172,0.25677818,0.10340488,0.04591614,12.3671665,1.894166e-05,0
1771685554284000,1771685554132000,0,6620172,0.25670716,0.103337854,-0.00842613,12.367069,6.3789173e-07,0
1771685554340000,1771685554184000,0,6620172,0.25630113,0.10340488,-0.048150033,12.3671665,2.0829577e-05,0
1771685554388000,1771685554236000,0,6620172,0.25635913,0.103337854,0.006882459,12.367069,4.2557681e-07,0
1771685554444000,1771685554288000,0,6620172,0.25616398,0.10340488,-0.023143798,12.3671665,4.812343e-06,0
1771685554492000,1771685554340000,0,6620172,0.25623342,0.103337854,0.008240312,12.367069,6.100678e-07,0
1771685554548000,1771685554392000,0,6620172,0.25648195,0.10340488,0.029472142,12.3671665,7.803882e-06,0
1771685554596000,1771685554444000,0,6620172,0.25663203,0.103337854,0.017810047,12.367069,2.8498423e-06,0
1771685554652000,1771685554496000,0,6620172,0.2565236,0.10340488,-0.012857616,12.3671665,1.4852794e-06,0
1771685554700000,1771685554548000,0,6620172,0.25679317,0.103337854,0.031989574,12.367069,9.194066e-06,0
1771685554756000,1771685554600000,0,6620172,0.25636584,0.10340488,-0.05067745,12.3671665,2.3073675e-05,0
1771685554804000,1771685554652000,0,6620172,0.256359,0.103337854,-0.00081163645,12.367069,5.9185292e-09,0
1771685554860000,1771685554704000,0,6620172,0.25625288,0.10340488,-0.012584597,12.3671665,1.4228722e-06,0
1771685554908000,1771685554756000,0,6620172,0.25652474,0.103337854,0.0322603,12.367069,9.350342e-06,0
1771685554964000,1771685554808000,0,6620172,0.25626025,0.10340488,-0.03136605,12.3671665,8.839078e-06,0
1771685555012000,1771685554860000,0,6620172,0.25602183,0.103337854,-0.028293937,12.367069,7.1924605e-06,0
1771685555068000,1771685554912000,0,6620172,0.2560045,0.10340488,-0.0020545423,12.3671665,3.792429e-08,0
1771685555116000,1771685554964000,0,6620172,0.25600946,0.103337854,0.00058728456,12.367069,3.0987595e-09,0
1771685555172000,1771685555016000,0,6620172,0.2563911,0.10340488,0.04526007,12.3671665,1.8404235e-05,0
1771685555220000,1771685555068000,0,6620172,0.2569498,0.103337854,0.06630176,12.367069,3.9494884e-05,0
1771685555276000,1771685555120000,0,6620172,0.25685108,0.10340488,-0.011710554,12.3671665,1.2320894e-06,0
1771685555324000,1771685555172000,0,6620172,0.2569317,0.103337854,0.00956738,12.367069,8.22388e-07,0
1771685555380000,1771685555224000,0,6620172,0.25671628,0.10340488,-0.025547415,12.3671665,5.863828e-06,0
1771685555428000,1771685555276000,0,6620172,0.2565244,0.103337854,-0.022768527,12.367069,4.657583e-06,0
1771685555484000,1771685555328000,0,6620172,0.25655124,0.10340488,0.003180176,12.3671665,9.086353e-08,0
1771685555532000,1771685555380000,0,6620172,0.25655928,0.103337854,0.0009560883,12.367069,8.212715e-09,0
1771685555588000,1771685555432000,0,6620172,0.25595585,0.10340488,-0.071561724,12.3671665,4.600964e-05,0
1771685555636000,1771685555484000,0,6620172,0.25641176,0.103337854,0.05410275,12.367069,2.6298403e-05,0
1771685555692000,1771685555536000,0,6620172,0.2566135,0.10340488,0.023922712,12.3671665,5.1417164e-06,0
1771685555740000,1771685555588000,0,6620172,0.2564446,0.103337854,-0.020041227,12.367069,3.6086049e-06,0
1771685555796000,1771685555640000,0,6620172,0.25649938,0.10340488,0.00649485,12.3671665,3.7898803e-07,0
1771685555844000,1771685555692000,0,6620172,0.25673676,0.103337854,0.028168589,12.367069,7.128873e-06,0
1771685555900000,1771685555744000,0,6620172,0.25675768,0.10340488,0.0024795532,12.3671665,5.5237518e-08,0
1771685555948000,1771685555796000,0,6620172,0.25727886,0.103337854,0.06184584,12.367069,3.436463e-05,0
1771685556004000,1771685555848000,0,6620172,0.25691074,0.10340488,-0.043655813,12.3671665,1.712267e-05,0
1771685556052000,1771685555900000,0,6620172,0.25716266,0.103337854,0.029893458,12.367069,8.028659e-06,0
1771685556108000,1771685555952000,0,6620172,0.25711924,0.10340488,-0.0051485,12.3671665,2.38149e-07,0
1771685556156000,1771685556004000,0,6620172,0.25730097,0.103337854,0.021567285,12.367069,4.1790895e-06,0
1771685556212000,1771685556056000,0,6620172,0.2575863,0.10340488,0.033836722,12.3671665,1.02864105e-05,0
1771685556260000,1771685556108000,0,6620172,0.25777644,0.103337854,0.022565067,12.367069,4.574714e-06,0
1771685556316000,1771685556160000,0,6620172,0.25787196,0.10340488,0.011327565,12.3671665,1.152817e-06,0
1771685556364000,1771685556212000,0,6620172,0.25827006,0.103337854,0.04724279,12.367069,2.005219e-05,0
1771685556420000,1771685556264000,0,6620172,0.25809532,0.10340488,-0.020721227,12.3671665,3.857609e-06,0
1771685556468000,1771685556316000,0,6620172,0.2583815,0.103337854,0.0339579,12.367069,1.0360301e-05,0
1771685556524000,1771685556368000,0,6620172,0.2585316,0.10340488,0.017802596,12.3671665,2.8474358e-06,0
1771685556572000,1771685556420000,0,6620172,0.25819072,0.103337854,-0.040452987,12.367069,1.4702524e-05,0
1771685556628000,1771685556472000,0,6620172,0.2578782,0.10340488,-0.03706035,12.3671665,1.2339749e-05,0
1771685556676000,1771685556524000,0,6620172,0.2577527,0.103337854,-0.014897257,12.367069,1.9939e-06,0
1771685556732000,1771685556576000,0,6620172,0.25800794,0.10340488,0.030272216,12.3671665,8.233334e-06,0
1771685556836000,1771685556680000,0,6620172,0.25826353,0.10340488,0.030383795,12.3671665,8.29414e-06,0
1771685556884000,1771685556732000,0,6620172,0.25830087,0.103337854,0.004431784,12.367069,1.7646067e-07,0
1771685556940000,1771685556784000,0,6620172,0.25816396,0.10340488,-0.016235441,12.3671665,2.3681841e-06,0
1771685556988000,1771685556836000,0,6620172,0.25832763,0.103337854,0.019423932,12.367069,3.3897293e-06,0
1771685557044000,1771685556888000,0,6620172,0.25827235,0.10340488,-0.0065576136,12.3671665,3.8634823e-07,0
1771685557092000,1771685556940000,0,6620172,0.25859353,0.103337854,0.03811437,12.367069,1.3051733e-05,0
1771685557148000,1771685556992000,0,6620172,0.25873053,0.10340488,0.01624778,12.3671665,2.371785e-06,0
1771685557196000,1771685557044000,0,6620172,0.25880715,0.103337854,0.009091735,12.367069,7.426501e-07,0
1771685557252000,1771685557096000,0,6620172,0.25886053,0.10340488,0.0063295662,12.3671665,3.599442e-07,0
1771685557300000,1771685557148000,0,6620172,0.25909087,0.103337854,0.02733332,12.367069,6.7123633e-06,0
1771685557356000,1771685557200000,0,6620172,0.2586215,0.10340488,-0.055660695,12.3671665,2.7834572e-05,0
1771685557404000,1771685557252000,0,6620172,0.2589665,0.103337854,0.040939033,12.367069,1.5057951e-05,0
1771685557460000,1771685557304000,0,6620172,0.25873238,0.10340488,-0.027765334,12.3671665,6.9261687e-06,0
1771685557508000,1771685557356000,0,6620172,0.25923228,0.103337854,0.05932182,12.367069,3.1616928e-05,0
1771685557612000,1771685557460000,0,6620172,0.25877577,0.103337854,-0.05415401,12.367069,2.6348258e-05,0
1771685557668000,1771685557512000,0,6620172,0.25917423,0.10340488,0.047254503,12.3671665,2.0061976e-05,0
1771685557716000,1771685557564000,0,6620172,0.2593906,0.103337854,0.025676847,12.367069,5.9234408e-06,0
1771685557772000,1771685557616000,0,6620172,0.25926766,0.10340488,-0.014578581,12.3671665,1.9094916e-06,0
1771685557820000,1771685557668000,0,6620172,0.25908515,0.103337854,-0.021657795,12.367069,4.214239e-06,0
1771685557876000,1771685557720000,0,6620172,0.25896066,0.10340488,-0.014761418,12.3671665,1.9576878e-06,0
1771685557924000,1771685557772000,0,6620172,0.2589762,0.103337854,0.0018425584,12.367069,3.0502346e-08,0
1771685557980000,1771685557824000,0,6620172,0.25881147,0.10340488,-0.019535273,12.3671665,3.4286747e-06,0
1771685558028000,1771685557876000,0,6620172,0.2594604,0.103337854,0.077003956,12.367069,5.3274183e-05,0
1771685558084000,1771685557928000,0,6620172,0.25952986,0.10340488,0.008239806,12.3671665,6.099879e-07,0
1771685558132000,1771685557980000,0,6620172,0.2591461,0.103337854,-0.0455406,12.367069,1.8633235e-05,0
1771685558188000,1771685558032000,0,6620172,0.2590623,0.10340488,-0.009939551,12.3671665,8.876073e-07,0
1771685558236000,1771685558084000,0,6620172,0.25919732,0.103337854,0.016023159,12.367069,2.3066782e-06,0
1771685558292000,1771685558136000,0,6620172,0.2590333,0.10340488,-0.01945123,12.3671665,3.3992371e-06,0
1771685558340000,1771685558188000,0,6620172,0.25932595,0.103337854,0.034728914,12.367069,1.0836104e-05,0
1771685558396000,1771685558240000,0,6620172,0.25955406,0.10340488,0.027051002,12.3671665,6.5743675e-06,0
1771685558444000,1771685558292000,0,6620172,0.25976002,0.103337854,0.024442524,12.367069,5.367633e-06,0
1771685558500000,1771685558344000,0,6620172,0.25978324,0.10340488,0.0027521849,12.3671665,6.805225e-08,0
1771685558548000,1771685558396000,0,6620172,0.25974864,0.103337854,-0.0041069686,12.367069,1.5154217e-07,0
1771685558604000,1771685558448000,0,6620172,0.25945747,0.10340488,-0.03452891,12.3671665,1.0711568e-05,0
1771685558652000,1771685558500000,0,6620172,0.2591921,0.103337854,-0.03149116,12.367069,8.909802e-06,0
1771685558708000,1771685558552000,0,6620172,0.2591954,0.10340488,0.00039041042,12.3671665,1.3693993e-09,0
1771685558756000,1771685558604000,0,6620172,0.25927785,0.103337854,0.009786546,12.367069,8.604975e-07,0
1771685558812000,1771685558656000,0,6620172,0.2594976,0.10340488,0.026061505,12.3671665,6.1021974e-06,0
1771685558860000,1771685558708000,0,6620172,0.25958732,0.103337854,0.010643989,12.367069,1.0178869e-06,0
1771685558916000,1771685558760000,0,6620172,0.259893,0.10340488,0.036250085,12.3671665,1.180607e-05,0
1771685558964000,1771685558812000,0,6620172,0.26022676,0.103337854,0.03960651,12.367069,1.4093664e-05,0
1771685559020000,1771685558864000,0,6620172,0.25983328,0.10340488,-0.046664745,12.3671665,1.9564335e-05,0
1771685559068000,1771685558916000,0,6620172,0.25967634,0.103337854,-0.018622339,12.367069,3.1157251e-06,0
1771685559124000,1771685558968000,0,6620172,0.25944087,0.10340488,-0.027925849,12.3671665,7.0064825e-06,0
1771685559172000,1771685559020000,0,6620172,0.25959688,0.103337854,0.018513232,12.367069,3.0793228e-06,0
1771685559228000,1771685559072000,0,6620172,0.25952214,0.10340488,-0.008864462,12.3671665,7.0597946e-07,0
1771685559276000,1771685559124000,0,6620172,0.2593277,0.103337854,-0.023071945,12.367069,4.7825456e-06,0
1771685559332000,1771685559176000,0,6620172,0.2587205,0.10340488,-0.072010815,12.3671665,4.658893e-05,0
1771685559380000,1771685559228000,0,6620172,0.2588306,0.103337854,0.013069063,12.367069,1.534545e-06,0
1771685559436000,1771685559280000,0,6620172,0.25868872,0.10340488,-0.016826212,12.3671665,2.5436657e-06,0
1771685559484000,1771685559332000,0,6620172,0.25854915,0.103337854,-0.016562253,12.367069,2.4645042e-06,0
1771685559540000,1771685559384000,0,6620172,0.25796652,0.10340488,-0.06909603,12.3671665,4.2893695e-05,0
1771685559588000,1771685559436000,0,6620172,0.25754705,0.103337854,-0.0497756,12.367069,2.2259926e-05,0
1771685559644000,1771685559488000,0,6620172,0.25681844,0.10340488,-0.08640447,12.3671665,6.7074856e-05,0
1771685559692000,1771685559540000,0,6620172,0.25653672,0.103337854,-0.03342977,12.367069,1.00405505e-05,0
1771685559748000,1771685559592000,0,6620172,0.2560323,0.10340488,-0.059820414,12.3671665,3.215038e-05,0
1771685559796000,1771685559644000,0,6620172,0.25553656,0.103337854,-0.0588277,12.367069,3.109241e-05,0
1771685559852000,1771685559696000,0,6620172,0.2553782,0.10340488,-0.018781185,12.3671665,3.1690806e-06,0
1771685559900000,1771685559748000,0,6620172,0.25451148,0.103337854,-0.10285133,12.367069,9.504091e-05,0
1771685559956000,1771685559800000,0,6620172,0.25403082,0.10340488,-0.05700171,12.3671665,2.9191946e-05,0
1771685560004000,1771685559852000,0,6620172,0.2533987,0.103337854,-0.07501471,12.367069,5.0557268e-05,0
1771685560060000,1771685559904000,0,6620172,0.25251773,0.10340488,-0.104472905,12.3671665,9.806062e-05,0
1771685560108000,1771685559956000,0,6620172,0.25192097,0.103337854,-0.07081607,12.367069,4.5056182e-05,0
1771685560164000,1771685560008000,0,6620172,0.2511559,0.10340488,-0.09072712,12.3671665,7.395398e-05,0
1771685560212000,1771685560060000,0,6620172,0.24967876,0.103337854,-0.17528921,12.367069,0.00027605848,0
1771685560268000,1771685560112000,0,6620172,0.24907158,0.10340488,-0.07200542,12.3671665,4.6581954e-05,0
1771685560316000,1771685560164000,0,6620172,0.24849461,0.103337854,-0.068468556,12.367069,4.2118514e-05,0
1771685560372000,1771685560216000,0,6620172,0.24794477,0.10340488,-0.065206036,12.3671665,3.8199956e-05,0
1771685560420000,1771685560268000,0,6620172,0.24741329,0.103337854,-0.063069284,12.367069,3.5737692e-05,0
1771685560476000,1771685560320000,0,6620172,0.24670479,0.10340488,-0.08402218,12.3671665,6.342714e-05,0
1771685560524000,1771685560372000,0,6620172,0.24545494,0.103337854,-0.14831612,12.367069,0.0001976366,0
1771685560580000,1771685560424000,0,6620172,0.24414791,0.10340488,-0.15500084,12.3671665,0.00021585166,0
1771685560628000,1771685560476000,0,6620172,0.24308626,0.103337854,-0.12598385,12.367069,0.00014260031,0
1771685560684000,1771685560528000,0,6620172,0.24215434,0.10340488,-0.110517904,12.3671665,0.00010973687,0
1771685560732000,1771685560580000,0,6620172,0.24109304,0.103337854,-0.1259434,12.367069,0.00014250877,0
1771685560788000,1771685560632000,0,6620172,0.24038893,0.10340488,-0.083500266,12.3671665,6.264162e-05,0
1771685560836000,1771685560684000,0,6620172,0.2393785,0.103337854,-0.11990553,12.367069,0.00012917223,0
1771685560892000,1771685560736000,0,6620172,0.23835844,0.10340488,-0.120970294,12.3671665,0.00013147548,0
1771685560940000,1771685560788000,0,6620172,0.23765624,0.103337854,-0.08332914,12.367069,6.2385625e-05,0
1771685560996000,1771685560840000,0,6620172,0.23621888,0.10340488,-0.17045653,12.3671665,0.0002610445,0
1771685561044000,1771685560892000,0,6620172,0.23544316,0.103337854,-0.092053846,12.367069,7.6133285e-05,0
1771685561100000,1771685560944000,0,6620172,0.2339972,0.10340488,-0.17147832,12.3671665,0.00026418353,0
1771685561148000,1771685560996000,0,6620172,0.23299588,0.103337854,-0.118823856,12.367069,0.0001268522,0
1771685561204000,1771685561048000,0,6620172,0.2317476,0.10340488,-0.14803495,12.3671665,0.00019688642,0
1771685561252000,1771685561100000,0,6620172,0.23092623,0.103337854,-0.09747025,12.367069,8.5356165e-05,0
1771685561308000,1771685561152000,0,6620172,0.23007472,0.10340488,-0.10098238,12.3671665,9.161752e-05,0
1771685561356000,1771685561204000,0,6620172,0.22886883,0.103337854,-0.14309962,12.367069,0.00018397876,0
1771685561412000,1771685561256000,0,6620172,0.22757815,0.10340488,-0.15306316,12.3671665,0.00021048864,0
1771685561460000,1771685561308000,0,6620172,0.22674614,0.103337854,-0.09873293,12.367069,8.758199e-05,0
1771685561516000,1771685561360000,0,6620172,0.22529271,0.10340488,-0.17236382,12.3671665,0.000266919,0
1771685561564000,1771685561412000,0,6620172,0.22404431,0.103337854,-0.14814427,12.367069,0.00019717892,0
1771685561620000,1771685561464000,0,6620172,0.22255601,0.10340488,-0.17649792,12.3671665,0.00027987652,0
1771685561668000,1771685561516000,0,6620172,0.22120929,0.103337854,-0.15981187,12.367069,0.00022946094,0
1771685561724000,1771685561568000,0,6620172,0.22019781,0.10340488,-0.11995196,12.3671665,0.00012927127,0
1771685561772000,1771685561620000,0,6620172,0.21890439,0.103337854,-0.15348639,12.367069,0.00021165593,0
1771685561828000,1771685561672000,0,6620172,0.21737091,0.10340488,-0.18185605,12.3671665,0.00029712747,0
1771685561876000,1771685561724000,0,6620172,0.21620831,0.103337854,-0.13796417,12.367069,0.00017101073,0
1771685561932000,1771685561776000,0,6620172,0.21478249,0.10340488,-0.16908917,12.3671665,0.00025687323,0
1771685561980000,1771685561828000,0,6620172,0.21358305,0.103337854,-0.14233376,12.367069,0.00018201474,0
1771685562036000,1771685561880000,0,6620172,0.2124892,0.10340488,-0.12972075,12.3671665,0.00015118411,0
1771685562084000,1771685561932000,0,6620172,0.21091768,0.103337854,-0.18648823,12.367069,0.00031245936,0
1771685562140000,1771685561984000,0,6620172,0.20950817,0.10340488,-0.16715547,12.3671665,0.00025103166,0
1771685562188000,1771685562036000,0,6620172,0.20815156,0.103337854,-0.16098522,12.367069,0.00023284274,0
1771685562244000,1771685562088000,0,6620172,0.2067767,0.10340488,-0.16304658,12.3671665,0.000238842,0
1771685562292000,1771685562140000,0,6620172,0.20519468,0.103337854,-0.18773372,12.367069,0.00031664694,0
1771685562348000,1771685562192000,0,6620172,0.20297702,0.10340488,-0.26299497,12.3671665,0.0006214156,0
1771685562396000,1771685562244000,0,6620172,0.20179427,0.103337854,-0.14035495,12.367069,0.00017698895,0
1771685562452000,1771685562296000,0,6620172,0.20010398,0.10340488,-0.2004515,12.3671665,0.0003609989,0
1771685562500000,1771685562348000,0,6620172,0.19870524,0.103337854,-0.16598533,12.367069,0.0002475313,0
1771685562556000,1771685562400000,0,6620172,0.19677235,0.10340488,-0.22922282,12.3671665,0.00047206628,0
1771685562604000,1771685562452000,0,6620172,0.19530138,0.103337854,-0.17455555,12.367069,0.00027375246,0
1771685562660000,1771685562504000,0,6620172,0.1937863,0.10340488,-0.17967638,12.3671665,0.0002900476,0
1771685562708000,1771685562556000,0,6620172,0.19194908,0.103337854,-0.21801725,12.367069,0.00042704382,0
1771685562764000,1771685562608000,0,6620172,0.19044116,0.10340488,-0.17882653,12.3671665,0.00028731028,0
1771685562812000,1771685562660000,0,6620172,0.18893662,0.103337854,-0.1785393,12.367069,0.00028639036,0
1771685562868000,1771685562712000,0,6620172,0.18748806,0.10340488,-0.17178574,12.3671665,0.00026513162,0
1771685562916000,1771685562764000,0,6620172,0.18589063,0.103337854,-0.18956326,12.367069,0.0003228487,0
1771685562972000,1771685562816000,0,6620172,0.18467568,0.10340488,-0.14408155,12.3671665,0.00018651082,0
1771685563020000,1771685562868000,0,6620172,0.183355,0.103337854,-0.15672158,12.367069,0.00022067255,0
1771685563076000,1771685562920000,0,6620172,0.1823426,0.10340488,-0.12006155,12.3671665,0.00012950758,0
1771685563124000,1771685562972000,0,6620172,0.18115166,0.103337854,-0.14132698,12.367069,0.00017944894,0
1771685563180000,1771685563024000,0,6620172,0.1797986,0.10340488,-0.16046074,12.3671665,0.00023132622,0
1771685563228000,1771685563076000,0,6620172,0.17823665,0.103337854,-0.1853528,12.367069,0.00030866617,0
1771685563284000,1771685563128000,0,6620172,0.17656231,0.10340488,-0.19856136,12.3671665,0.000354223,0
1771685563332000,1771685563180000,0,6620172,0.17500448,0.103337854,-0.18486309,12.367069,0.00030703732,0
1771685563388000,1771685563232000,0,6620172,0.17310213,0.10340488,-0.22560263,12.3671665,0.00045727304,0
1771685563436000,1771685563284000,0,6620172,0.17187795,0.103337854,-0.1452701,12.367069,0.00018960211,0
1771685563492000,1771685563336000,0,6620172,0.17042759,0.10340488,-0.17200002,12.3671665,0.00026579347,0
1771685563540000,1771685563388000,0,6620172,0.16893123,0.103337854,-0.1775687,12.367069,0.000283285,0
1771685563596000,1771685563440000,0,6620172,0.16782996,0.10340488,-0.13060115,12.3671665,0.00015324324,0
1771685563644000,1771685563492000,0,6620172,0.16666615,0.103337854,-0.13810584,12.367069,0.00017136212,0
1771685563700000,1771685563544000,0,6620172,0.16524893,0.10340488,-0.16806996,12.3671665,0.0002537859,0
1771685563748000,1771685563596000,0,6620172,0.16380599,0.103337854,-0.17123038,12.367069,0.00026342217,0
1771685563804000,1771685563648000,0,6620172,0.16270882,0.10340488,-0.13011459,12.3671665,0.00015210352,0
1771685563852000,1771685563700000,0,6620172,0.1610332,0.103337854,-0.19884163,12.367069,0.0003552265,0
1771685563908000,1771685563752000,0,6620172,0.15939482,0.10340488,-0.19429736,12.3671665,0.00033917284,0
1771685563956000,1771685563804000,0,6620172,0.15802486,0.103337854,-0.16256864,12.367069,0.00023744568,0
1771685564012000,1771685563856000,0,6620172,0.15634751,0.10340488,-0.19891842,12.3671665,0.00035549808,0
1771685564060000,1771685563908000,0,6620172,0.15459538,0.103337854,-0.20792222,12.367069,0.00038841192,0
1771685564116000,1771685563960000,0,6620172,0.15319192,0.10340488,-0.1664362,12.3671665,0.0002488759,0
1771685564164000,1771685564012000,0,6620172,0.15153272,0.103337854,-0.1968931,12.36707,0.00034829852,0
1771685564220000,1771685564064000,0,6620172,0.15008047,0.10340488,-0.17222364,12.3671665,0.00026648503,0
1771685564268000,1771685564116000,0,6620172,0.14894126,0.103337854,-0.1351879,12.36707,0.0001641974,0
1771685564324000,1771685564168000,0,6620172,0.14774401,0.10340488,-0.14198326,12.367167,0.00018111795,0
1771685564372000,1771685564220000,0,6620172,0.14643778,0.103337854,-0.1550072,12.367071,0.00021587103,0
1771685564428000,1771685564272000,0,6620172,0.14537023,0.10340488,-0.12660135,12.367168,0.00014400047,0
1771685564476000,1771685564324000,0,6620172,0.14400737,0.103337854,-0.16172765,12.367072,0.00023499528,0
1771685564532000,1771685564376000,0,6620172,0.1429001,0.10340488,-0.13131206,12.36717,0.00015491602,0
1771685564580000,1771685564428000,0,6620172,0.1415097,0.103337854,-0.16499482,12.367074,0.00024458577,0
1771685564636000,1771685564480000,0,6620172,0.14026548,0.10340488,-0.14755218,12.367171,0.00019560428,0
1771685564684000,1771685564532000,0,6620172,0.1392995,0.103337854,-0.114630714,12.367076,0.0001180572,0
1771685564740000,1771685564584000,0,6620172,0.13832971,0.10340488,-0.115007505,12.367174,0.00011883363,0
1771685564788000,1771685564636000,0,6620172,0.13677724,0.103337854,-0.18422815,12.367078,0.00030493157,0
1771685564844000,1771685564688000,0,6620172,0.13563366,0.10340488,-0.13561757,12.367176,0.0001652414,0
1771685564892000,1771685564740000,0,6620172,0.13436005,0.103337854,-0.15113659,12.367081,0.00020522466,0
1771685564948000,1771685564792000,0,6620172,0.13252147,0.10340488,-0.21803924,12.367179,0.00042712616,0
1771685564996000,1771685564844000,0,6620172,0.13073042,0.103337854,-0.21253856,12.367084,0.00040585012,0
1771685565052000,1771685564896000,0,6620172,0.1289451,0.10340488,-0.21172407,12.367182,0.00040274227,0
1771685565100000,1771685564948000,0,6620172,0.12725414,0.103337854,-0.2006614,12.367086,0.00036175773,0
1771685565156000,1771685565000000,0,6620172,0.12550071,0.10340488,-0.20794262,12.367186,0.00038848445,0
1771685565204000,1771685565052000,0,6620172,0.124209106,0.103337854,-0.1532717,12.36709,0.00021106389,0
1771685565260000,1771685565104000,0,6620172,0.12289925,0.10340488,-0.15533704,12.367189,0.00021678863,0
1771685565308000,1771685565156000,0,6620172,0.12106226,0.103337854,-0.21799202,12.367094,0.0004269441,0
1771685565364000,1771685565208000,0,6620172,0.119615786,0.10340488,-0.17153832,12.367192,0.00026436787,0
1771685565412000,1771685565260000,0,6620172,0.118364,0.103337854,-0.14854646,12.367097,0.0001982505,0
1771685565468000,1771685565312000,0,6620172,0.11670765,0.10340488,-0.19642797,12.367196,0.00034665136,0
1771685565516000,1771685565364000,0,6620172,0.11508897,0.103337854,-0.19208607,12.367101,0.00033149833,0
1771685565572000,1771685565416000,0,6620172,0.11385962,0.10340488,-0.14578965,12.367199,0.00019095874,0
1771685565620000,1771685565468000,0,6620172,0.11207,0.103337854,-0.21237037,12.367104,0.00040520736,0
1771685565676000,1771685565520000,0,6620172,0.11015175,0.10340489,-0.22748747,12.367202,0.0004649444,0
1771685565724000,1771685565572000,0,6620172,0.108898975,0.10333786,-0.14866494,12.3671055,0.00019856675,0
1771685565780000,1771685565624000,0,6620172,0.106991,0.103404894,-0.22626957,12.367204,0.00045997932,0
1771685565828000,1771685565676000,0,6620172,0.10601688,0.10333787,-0.11559696,12.367107,0.00012005552,0
1771685565884000,1771685565728000,0,6620172,0.10433856,0.1034049,-0.19903445,12.367206,0.00035591185,0
1771685565932000,1771685565780000,0,6620172,0.102837995,0.10333788,-0.17806903,12.367108,0.00028488273,0
1771685565988000,1771685565832000,0,6620172,0.101744376,0.10340491,-0.12969346,12.367207,0.00015112005,0
1771685566036000,1771685565884000,0,6620172,0.100820124,0.103337884,-0.10967895,12.367109,0.00010807763,0
1771685566092000,1771685565936000,0,6620172,0.09958192,0.10340491,-0.14684063,12.367207,0.00019372176,0
1771685566140000,1771685565988000,0,6620172,0.09815693,0.103337884,-0.16910097,12.367109,0.00025691028,0
1771685566196000,1771685566040000,0,6620172,0.09670135,0.10340491,-0.17261982,12.367207,0.0002677116,0
1771685566244000,1771685566092000,0,6620172,0.09545647,0.103337884,-0.14772674,12.367109,0.00019606836,0
1771685566300000,1771685566144000,0,6620172,0.094176516,0.10340491,-0.15179193,12.367207,0.00020700616,0
1771685566348000,1771685566196000,0,6620172,0.09321986,0.103337884,-0.11352466,12.367109,0.00011578964,0
1771685566404000,1771685566248000,0,6620172,0.09234116,0.10340491,-0.10420619,12.367206,9.756026e-05,0
1771685566452000,1771685566300000,0,6620172,0.09126522,0.103337884,-0.12768051,12.367107,0.00014646658,0
1771685566508000,1771685566352000,0,6620172,0.090265065,0.10340491,-0.11860897,12.367205,0.0001263924,0
1771685566556000,1771685566404000,0,6620172,0.089702435,0.103337884,-0.06676653,12.367107,4.0050407e-05,0
1771685566612000,1771685566456000,0,6620172,0.088810675,0.10340491,-0.10575468,12.367203,0.000100481295,0
1771685566660000,1771685566508000,0,6620172,0.08736278,0.103337884,-0.1718185,12.3671055,0.00026523403,0
1771685566716000,1771685566560000,0,6620172,0.08630547,0.10340491,-0.12538768,12.367202,0.0001412524,0
1771685566764000,1771685566612000,0,6620172,0.08497075,0.103337884,-0.15838799,12.367104,0.00022538965,0
1771685566820000,1771685566664000,0,6620172,0.08394905,0.10340491,-0.1211646,12.3672,0.0001318978,0
1771685566868000,1771685566716000,0,6620172,0.08316396,0.103337884,-0.09316536,12.367104,7.798273e-05,0
1771685566924000,1771685566768000,0,6620172,0.08181216,0.10340491,-0.1603124,12.367198,0.00023089813,0
1771685566972000,1771685566820000,0,6620172,0.080657266,0.103337884,-0.13704897,12.367102,0.00016874897,0
1771685567028000,1771685566872000,0,6620172,0.07953555,0.10340491,-0.13302544,12.367197,0.00015898481,0
1771685567076000,1771685566924000,0,6620172,0.07849397,0.103337884,-0.123602934,12.3671,0.00013726101,0
1771685567132000,1771685566976000,0,6620172,0.077604085,0.10340491,-0.10553254,12.367195,0.000100059675,0
1771685567180000,1771685567028000,0,6620172,0.07655408,0.103337884,-0.124601156,12.367098,0.00013948703,0
1771685567236000,1771685567080000,0,6620172,0.07553696,0.10340491,-0.120621465,12.367193,0.00013071804,0
1771685567284000,1771685567132000,0,6620172,0.07455633,0.103337884,-0.11636948,12.367096,0.00012166564,0
1771685567340000,1771685567184000,0,6620172,0.0734454,0.10340491,-0.13174626,12.367192,0.00015594195,0
1771685567388000,1771685567236000,0,6620172,0.07248908,0.103337884,-0.113484465,12.367094,0.0001157078,0
1771685567444000,1771685567288000,0,6620172,0.071362644,0.10340491,-0.13358527,12.36719,0.00016032587,0
1771685567492000,1771685567340000,0,6620172,0.07035084,0.103337884,-0.1200687,12.367094,0.00012952376,0
1771685567548000,1771685567392000,0,6620172,0.06916678,0.10340491,-0.1404192,12.367189,0.00017714931,0
1771685567596000,1771685567444000,0,6620172,0.06805775,0.103337884,-0.13160574,12.367092,0.00015561075,0
1771685567652000,1771685567496000,0,6620172,0.066861115,0.10340491,-0.14191028,12.3671875,0.00018093154,0
1771685567700000,1771685567548000,0,6620172,0.06590267,0.103337884,-0.113736115,12.36709,0.00011622157,0
1771685567756000,1771685567600000,0,6620172,0.065014996,0.10340491,-0.10527035,12.367187,9.956316e-05,0
1771685567804000,1771685567652000,0,6620172,0.06380723,0.103337884,-0.1433231,12.36709,0.00018455352,0
1771685567860000,1771685567704000,0,6620172,0.062592395,0.10340491,-0.14406845,12.367186,0.00018647661,0
1771685567908000,1771685567756000,0,6620172,0.06145853,0.103337884,-0.13455284,12.367088,0.00016265812,0
1771685567964000,1771685567808000,0,6620172,0.06067627,0.10340491,-0.09276956,12.367185,7.7321034e-05,0
1771685568012000,1771685567860000,0,6620172,0.060050774,0.103337884,-0.074226074,12.367086,4.949976e-05,0
1771685568068000,1771685567912000,0,6620172,0.05941728,0.10340491,-0.075126454,12.367184,5.070753e-05,0
1771685568116000,1771685567964000,0,6620172,0.05818519,0.103337884,-0.14620927,12.367086,0.00019206131,0
1771685568172000,1771685568016000,0,6620172,0.057147972,0.10340491,-0.123004526,12.367183,0.00013593426,0
1771685568220000,1771685568068000,0,6620172,0.055913918,0.103337884,-0.14644241,12.3670845,0.00019267436,0
1771685568276000,1771685568120000,0,6620172,0.055194363,0.10340491,-0.08533286,12.367182,6.542133e-05,0
1771685568324000,1771685568172000,0,6620172,0.054435045,0.103337884,-0.09010647,12.3670845,7.294611e-05,0
1771685568380000,1771685568224000,0,6620172,0.053354826,0.10340491,-0.12810448,12.367181,0.00014744002,0
1771685568428000,1771685568276000,0,6620172,0.052714393,0.103337884,-0.07599887,12.3670845,5.1892486e-05,0
1771685568484000,1771685568328000,0,6620172,0.051992994,0.10340491,-0.08555131,12.36718,6.5756714e-05,0
1771685568532000,1771685568380000,0,6620172,0.051311575,0.103337884,-0.08086263,12.367083,5.874703e-05,0
1771685568588000,1771685568432000,0,6620172,0.050625682,0.10340491,-0.08134087,12.367179,5.9443515e-05,0
1771685568636000,1771685568484000,0,6620172,0.04938384,0.103337884,-0.1473664,12.367083,0.00019511345,0
1771685568692000,1771685568536000,0,6620172,0.048458926,0.10340491,-0.109686576,12.367178,0.00010809206,0
1771685568740000,1771685568588000,0,6620172,0.047891125,0.103337884,-0.067379825,12.367081,4.0789655e-05,0
1771685568796000,1771685568640000,0,6620172,0.046842925,0.10340491,-0.12430714,12.367177,0.00013882863,0
1771685568844000,1771685568692000,0,6620172,0.046073746,0.103337884,-0.09127652,12.367081,7.485287e-05,0
1771685568900000,1771685568744000,0,6620172,0.045063514,0.10340491,-0.11980422,12.367177,0.0001289529,0
1771685568948000,1771685568796000,0,6620172,0.04397553,0.103337884,-0.12910892,12.367081,0.0001497624,0
1771685569004000,1771685568848000,0,6620172,0.04284506,0.10340491,-0.13406342,12.367176,0.00016147585,0
1771685569052000,1771685568900000,0,6620172,0.042271074,0.103337884,-0.06811361,12.367079,4.1682924e-05,0
1771685569108000,1771685568952000,0,6620172,0.041692294,0.10340491,-0.068638265,12.367175,4.2327207e-05,0
1771685569156000,1771685569004000,0,6620172,0.04115168,0.103337884,-0.06415323,12.367079,3.697664e-05,0
1771685569212000,1771685569056000,0,6620172,0.040089283,0.10340491,-0.12599054,12.367175,0.00014261424,0
1771685569260000,1771685569108000,0,6620172,0.039505087,0.103337884,-0.06932512,12.367079,4.3178905e-05,0
1771685569316000,1771685569160000,0,6620172,0.038840517,0.10340491,-0.07881173,12.367174,5.5804434e-05,0
1771685569364000,1771685569212000,0,6620172,0.038257074,0.103337884,-0.069236025,12.367077,4.3067997e-05,0
1771685569420000,1771685569264000,0,6620172,0.03763031,0.10340491,-0.074328855,12.367174,4.9636586e-05,0
1771685569468000,1771685569316000,0,6620172,0.037078664,0.103337884,-0.065462336,12.367077,3.8501123e-05,0
1771685569524000,1771685569368000,0,6620172,0.036282215,0.10340491,-0.09445171,12.367173,8.015059e-05,0
1771685569572000,1771685569420000,0,6620172,0.03584017,0.103337884,-0.05245653,12.367077,2.472234e-05,0
1771685569628000,1771685569472000,0,6620172,0.03515195,0.10340491,-0.081616536,12.367172,5.984714e-05,0
1771685569676000,1771685569524000,0,6620172,0.034264755,0.103337884,-0.105281346,12.367077,9.9584846e-05,0
1771685569732000,1771685569576000,0,6620172,0.033730324,0.10340491,-0.06337853,12.367172,3.608871e-05,0
1771685569780000,1771685569628000,0,6620172,0.033112276,0.10333788,-0.073342144,12.367075,4.8327875e-05,0
1771685569836000,1771685569680000,0,6620172,0.032686897,0.1034049,-0.05044626,12.367171,2.2863624e-05,0
1771685569884000,1771685569732000,0,6620172,0.03225869,0.10333788,-0.050814338,12.367075,2.3198669e-05,0
1771685569940000,1771685569784000,0,6620172,0.03178595,0.1034049,-0.0560624,12.367171,2.8237775e-05,0
1771685569988000,1771685569836000,0,6620172,0.03150935,0.10333787,-0.032823548,12.367074,9.679693e-06,0
1771685570044000,1771685569888000,0,6620172,0.030514367,0.103404894,-0.11799617,12.367171,0.0001250901,0
1771685570092000,1771685569940000,0,6620172,0.030313289,0.10333787,-0.023861535,12.367074,5.1154907e-06,0
1771685570148000,1771685569992000,0,6620172,0.030186858,0.103404894,-0.014993465,12.36717,2.01972e-06,0
1771685570196000,1771685570044000,0,6620172,0.029542094,0.10333787,-0.076512545,12.367073,5.259638e-05,0
1771685570252000,1771685570096000,0,6620172,0.028973375,0.103404894,-0.06744493,12.36717,4.086822e-05,0
1771685570300000,1771685570148000,0,6620172,0.028642295,0.10333787,-0.039288316,12.367073,1.3868114e-05,0
1771685570356000,1771685570200000,0,6620172,0.0281877,0.103404894,-0.05391085,12.367169,2.6111966e-05,0
1771685570404000,1771685570252000,0,6620172,0.027533552,0.10333787,-0.077626176,12.367073,5.4138593e-05,0
1771685570460000,1771685570304000,0,6620172,0.026838692,0.103404894,-0.08240416,12.367169,6.1007813e-05,0
1771685570508000,1771685570356000,0,6620172,0.026462339,0.10333787,-0.044660956,12.367072,1.7920356e-05,0
1771685570564000,1771685570408000,0,6620172,0.02615994,0.103404894,-0.035861753,12.367169,1.1554474e-05,0
1771685570612000,1771685570460000,0,6620172,0.025538824,0.10333787,-0.07370633,12.367072,4.8809026e-05,0
1771685570668000,1771685570512000,0,6620172,0.025111428,0.103404894,-0.05068531,12.367168,2.3080827e-05,0
1771685570716000,1771685570564000,0,6620172,0.024525378,0.10333787,-0.06954502,12.367072,4.3453296e-05,0
1771685570772000,1771685570616000,0,6620172,0.023935143,0.103404894,-0.069996566,12.367168,4.401905e-05,0
1771685570820000,1771685570668000,0,6620172,0.023424327,0.10333786,-0.06061727,12.367071,3.301288e-05,0
1771685570876000,1771685570720000,0,6620172,0.022752795,0.10340489,-0.07963771,12.367168,5.6980294e-05,0
1771685570924000,1771685570772000,0,6620172,0.02236304,0.10333786,-0.04625133,12.367071,1.9219367e-05,0
1771685570980000,1771685570824000,0,6620172,0.02165465,0.10340489,-0.084008545,12.367168,6.340655e-05,0
1771685571028000,1771685570876000,0,6620172,0.020830791,0.10333786,-0.09776549,12.367071,8.587402e-05,0
1771685571084000,1771685570928000,0,6620172,0.02024752,0.10340489,-0.06917064,12.367167,4.2986376e-05,0
1771685571132000,1771685570980000,0,6620172,0.01966697,0.10333786,-0.06889254,12.367071,4.264175e-05,0
1771685571188000,1771685571032000,0,6620172,0.01932254,0.10340489,-0.04084617,12.367167,1.4989596e-05,0
1771685571236000,1771685571084000,0,6620172,0.01830334,0.10333786,-0.12094608,12.367071,0.00013142386,0
1771685571292000,1771685571136000,0,6620172,0.018037317,0.10340489,-0.03154797,12.367167,8.941907e-06,0
1771685571340000,1771685571188000,0,6620172,0.017138502,0.103337854,-0.106660366,12.36707,0.000102210804,0
1771685571396000,1771685571240000,0,6620172,0.016638348,0.10340488,-0.059313796,12.367167,3.1608124e-05,0
1771685571444000,1771685571292000,0,6620172,0.016099013,0.103337854,-0.06400163,12.36707,3.6802106e-05,0
1771685571500000,1771685571344000,0,6620172,0.015834078,0.10340488,-0.031418838,12.367167,8.868854e-06,0
1771685571548000,1771685571396000,0,6620172,0.015488225,0.103337854,-0.041041598,12.36707,1.51334925e-05,0
1771685571604000,1771685571448000,0,6620172,0.015260865,0.10340488,-0.026962835,12.367167,6.5315817e-06,0
1771685571652000,1771685571500000,0,6620172,0.014239889,0.103337854,-0.121156864,12.36707,0.00013188236,0
1771685571708000,1771685571552000,0,6620172,0.013815643,0.10340488,-0.050311666,12.3671665,2.2741793e-05,0
1771685571756000,1771685571604000,0,6620172,0.013671961,0.103337854,-0.017050507,12.36707,2.6119521e-06,0
1771685571812000,1771685571656000,0,6620172,0.013524764,0.10340488,-0.01745614,12.3671665,2.7376868e-06,0
1771685571860000,1771685571708000,0,6620172,0.013096533,0.103337854,-0.050817244,12.36707,2.3201328e-05,0
1771685571916000,1771685571760000,0,6620172,0.0128234625,0.10340488,-0.032383643,12.3671665,9.421904e-06,0
1771685571964000,1771685571812000,0,6620172,0.011995843,0.103337854,-0.098211646,12.36707,8.665959e-05,0
1771685572020000,1771685571864000,0,6620172,0.011962111,0.10340488,-0.004000237,12.3671665,1.4376685e-07,0
1771685572068000,1771685571916000,0,6620172,0.011805245,0.103337854,-0.018614944,12.367069,3.1132513e-06,0
1771685572124000,1771685571968000,0,6620172,0.011482332,0.10340488,-0.0382945,12.3671665,1.3175289e-05,0
1771685572172000,1771685572020000,0,6620172,0.010640297,0.103337854,-0.09992227,12.367069,8.9704714e-05,0
1771685572228000,1771685572072000,0,6620172,0.010468742,0.10340488,-0.020344887,12.3671665,3.7187574e-06,0
1771685572276000,1771685572124000,0,6620172,0.010370236,0.103337854,-0.011689445,12.367069,1.2276611e-06,0
1771685572332000,1771685572176000,0,6620172,0.0099482555,0.10340488,-0.050043087,12.3671665,2.2499635e-05,0
1771685572380000,1771685572228000,0,6620172,0.009841277,0.103337854,-0.0126948375,12.367069,1.4479215e-06,0
1771685572436000,1771685572280000,0,6620172,0.00952875,0.10340488,-0.037062958,12.3671665,1.2341486e-05,0
1771685572484000,1771685572332000,0,6620172,0.00937233,0.103337854,-0.018561952,12.367069,3.0955512e-06,0
1771685572540000,1771685572384000,0,6620172,0.008693195,0.10340488,-0.08053932,12.3671665,5.8277812e-05,0
1771685572588000,1771685572436000,0,6620172,0.008568505,0.103337854,-0.014796711,12.367069,1.9670756e-06,0
1771685572644000,1771685572488000,0,6620172,0.008439124,0.10340488,-0.015343407,12.3671665,2.1151e-06,0
1771685572692000,1771685572540000,0,6620172,0.0081489,0.103337854,-0.0344401,12.367069,1.0656621e-05,0
1771685572748000,1771685572592000,0,6620172,0.007975708,0.10340488,-0.020539038,12.3671665,3.7900722e-06,0
1771685572796000,1771685572644000,0,6620172,0.007127219,0.103337854,-0.10068811,12.367069,9.108504e-05,0
1771685572852000,1771685572696000,0,6620172,0.0071484377,0.10340488,0.0025163358,12.3671665,5.68885e-08,0
1771685572900000,1771685572748000,0,6620172,0.006846974,0.103337854,-0.035773925,12.367069,1.1498043e-05,0
1771685572956000,1771685572800000,0,6620172,0.0068540866,0.10340488,0.00084345555,12.3671665,6.391631e-09,0
1771685573004000,1771685572852000,0,6620172,0.0063792006,0.103337854,-0.0563536,12.367069,2.8532118e-05,0
1771685573060000,1771685572904000,0,6620172,0.00613704,0.10340488,-0.028718067,12.3671665,7.4096506e-06,0
1771685573108000,1771685572956000,0,6620172,0.0063671805,0.103337854,0.027310226,12.367069,6.701026e-06,0
1771685573164000,1771685573008000,0,6620172,0.0055198697,0.10340488,-0.10048339,12.3671665,9.071432e-05,0
1771685573212000,1771685573060000,0,6620172,0.005506786,0.103337854,-0.0015525846,12.367069,2.1657147e-08,0
1771685573268000,1771685573112000,0,6620172,0.0054109427,0.10340488,-0.011366161,12.3671665,1.1606863e-06,0
1771685573316000,1771685573164000,0,6620172,0.0050351406,0.103337854,-0.044595513,12.367069,1.786788e-05,0
1771685573372000,1771685573216000,0,6620172,0.004301996,0.10340488,-0.08694432,12.3671665,6.791563e-05,0
1771685573420000,1771685573268000,0,6620172,0.0037724942,0.103337854,-0.06283471,12.367069,3.547235e-05,0
1771685573476000,1771685573320000,0,6620172,0.0037586966,0.10340488,-0.0016362637,12.3671665,2.4054364e-08,0
1771685573524000,1771685573372000,0,6620172,0.004138492,0.103337854,0.04506943,12.367069,1.8249662e-05,0
1771685573580000,1771685573424000,0,6620172,0.0036378189,0.10340488,-0.05937531,12.3671665,3.1673717e-05,0
1771685573628000,1771685573476000,0,6620172,0.0030187615,0.103337854,-0.07346204,12.367069,4.8486036e-05,0
1771685573684000,1771685573528000,0,6620172,0.0027138407,0.10340488,-0.036160853,12.3671665,1.1748019e-05,0
1771685573732000,1771685573580000,0,6620172,0.00260662,0.103337854,-0.012723606,12.367069,1.4544914e-06,0
1771685573788000,1771685573632000,0,6620172,0.0024142845,0.10340488,-0.022809256,12.3671665,4.6742243e-06,0
1771685573836000,1771685573684000,0,6620172,0.0026125328,0.103337854,0.023525657,12.367069,4.9724936e-06,0
1771685573892000,1771685573736000,0,6620172,0.0025246253,0.10340488,-0.010425033,12.3671665,9.764324e-07,0
1771685573940000,1771685573788000,0,6620172,0.0019185492,0.103337854,-0.071921594,12.367069,4.647392e-05,0
1771685573996000,1771685573840000,0,6620172,0.0011926419,0.10340488,-0.08608603,12.3671665,6.658136e-05,0
1771685574044000,1771685573892000,0,6620172,0.00094496785,0.103337854,-0.029390885,12.367069,7.76097e-06,0
1771685574100000,1771685573944000,0,6620172,0.0010919151,0.10340488,0.017426614,12.3671665,2.728433e-06,0
1771685574148000,1771685573996000,0,6620172,0.00083737477,0.103337854,-0.030205684,12.367069,8.197248e-06,0
1771685574204000,1771685574048000,0,6620172,0.0003820365,0.10340488,-0.053998996,12.3671665,2.619743e-05,0
1771685574252000,1771685574100000,0,6620172,0.0002044568,0.103337854,-0.021072954,12.367069,3.9897122e-06,0
1771685574308000,1771685574152000,0,6620172,0.00014097238,0.10340488,-0.0075286757,12.3671665,5.092423e-07,0
1771685574356000,1771685574204000,0,6620172,3.2802272e-05,0.103337854,-0.012836285,12.367069,1.4803671e-06,0
1771685574412000,1771685574256000,0,6620172,0.00011693149,0.10340488,0.0099769635,12.3671665,8.943017e-07,0
1771685574460000,1771685574308000,0,6620172,-0.00015973863,0.103337854,-0.032831777,12.367069,9.684551e-06,0
1771685574516000,1771685574360000,0,6620172,-0.00043888658,0.10340488,-0.03310442,12.3671665,9.845987e-06,0
1771685574564000,1771685574412000,0,6620172,-0.00048559316,0.103337854,-0.0055425586,12.367069,2.760014e-07,0
1771685574620000,1771685574464000,0,6620172,-0.0005401708,0.10340488,-0.006472415,12.3671665,3.7637432e-07,0
1771685574668000,1771685574516000,0,6620172,-0.0004425238,0.103337854,0.011587534,12.367069,1.2063484e-06,0
1771685574724000,1771685574568000,0,6620172,-0.00035181313,0.10340488,0.010757465,12.3671665,1.0396978e-06,0
1771685574772000,1771685574620000,0,6620172,-0.0007006551,0.103337854,-0.041396234,12.367069,1.539616e-05,0
1771685574828000,1771685574672000,0,6620172,-0.0013710228,0.10340488,-0.07949954,12.3671665,5.6782766e-05,0
1771685574876000,1771685574724000,0,6620172,-0.0019597008,0.103337854,-0.069857,12.367069,4.3844044e-05,0
1771685574932000,1771685574776000,0,6620172,-0.0017959805,0.10340488,0.019415755,12.3671665,3.3868491e-06,0
1771685574980000,1771685574828000,0,6620172,-0.0020318425,0.103337854,-0.027989175,12.367069,7.0383508e-06,0
1771685575036000,1771685574880000,0,6620172,-0.0020332374,0.10340488,-0.00016542315,12.3671665,2.4585545e-10,0
1771685575084000,1771685574932000,0,6620172,-0.0017208739,0.103337854,0.037067417,12.367069,1.23445525e-05,0
1771685575140000,1771685574984000,0,6620172,-0.0020506768,0.10340488,-0.039111644,12.3671665,1.3743566e-05,0
1771685575188000,1771685575036000,0,6620172,-0.0021054032,0.103337854,-0.006494245,12.367069,3.7892048e-07,0
1771685575244000,1771685575088000,0,6620172,-0.0018879579,0.10340488,0.025787044,12.3671665,5.9743465e-06,0
1771685575292000,1771685575140000,0,6620172,-0.00223157,0.103337854,-0.040775616,12.367069,1.4937977e-05,0
1771685575348000,1771685575192000,0,6620172,-0.0025786827,0.10340488,-0.041164428,12.3671665,1.5224094e-05,0
1771685575396000,1771685575244000,0,6620172,-0.0027678306,0.103337854,-0.02244573,12.367069,4.526455e-06,0
1771685575452000,1771685575296000,0,6620172,-0.002922567,0.10340488,-0.018350333,12.3671665,3.025347e-06,0
1771685575500000,1771685575348000,0,6620172,-0.0032008835,0.103337854,-0.03302714,12.367069,9.800147e-06,0
1771685575556000,1771685575400000,0,6620172,-0.003285061,0.10340488,-0.009982711,12.3671665,8.9533233e-07,0
1771685575604000,1771685575452000,0,6620172,-0.0035680379,0.103337854,-0.033580173,12.367069,1.01311e-05,0
1771685575660000,1771685575504000,0,6620172,-0.0034175182,0.10340488,0.017850265,12.3671665,2.8627053e-06,0
1771685575708000,1771685575556000,0,6620172,-0.0035131888,0.103337854,-0.01135299,12.367069,1.1580071e-06,0
1771685575764000,1771685575608000,0,6620172,-0.0033785717,0.10340488,0.01596436,12.3671665,2.289762e-06,0
1771685575812000,1771685575660000,0,6620172,-0.003605212,0.103337854,-0.026894866,12.367069,6.498745e-06,0
1771685575868000,1771685575712000,0,6620172,-0.003835749,0.10340488,-0.027339611,12.3671665,6.715401e-06,0
1771685575916000,1771685575764000,0,6620172,-0.0038317142,0.103337854,0.00047881552,12.367069,2.0598099e-09,0
1771685575972000,1771685575816000,0,6620172,-0.0042692972,0.10340488,-0.051893383,12.3671665,2.41942e-05,0
1771685576020000,1771685575868000,0,6620172,-0.0039164885,0.103337854,0.041866954,12.367069,1.5748292e-05,0
1771685576076000,1771685575920000,0,6620172,-0.0037728094,0.10340488,0.017039048,12.3671665,2.6084224e-06,0
1771685576124000,1771685575972000,0,6620172,-0.0040347027,0.103337854,-0.031078264,12.367069,8.677692e-06,0
1771685576180000,1771685576024000,0,6620172,-0.0039059815,0.10340488,0.015265171,12.3671665,2.0935854e-06,0
1771685576228000,1771685576076000,0,6620172,-0.0037429389,0.103337854,0.019347876,12.367069,3.3632357e-06,0
1771685576284000,1771685576128000,0,6620172,-0.0035482268,0.10340488,0.023091083,12.3671665,4.7904455e-06,0
1771685576332000,1771685576180000,0,6620172,-0.0039138515,0.103337854,-0.043387808,12.367069,1.6913213e-05,0
1771685576388000,1771685576232000,0,6620172,-0.004559183,0.10340488,-0.07653049,12.3671665,5.2620653e-05,0
1771685576436000,1771685576284000,0,6620172,-0.004965665,0.103337854,-0.04823623,12.367069,2.0904385e-05,0
1771685576492000,1771685576336000,0,6620172,-0.0052948697,0.10340488,-0.039040685,12.3671665,1.36937415e-05,0
1771685576540000,1771685576388000,0,6620172,-0.005385007,0.103337854,-0.010696341,12.367069,1.0279246e-06,0
1771685576596000,1771685576440000,0,6620172,-0.005710161,0.10340488,-0.038560305,12.3671665,1.3358824e-05,0
1771685576644000,1771685576492000,0,6620172,-0.0059896745,0.103337854,-0.033169232,12.367069,9.884656e-06,0
1771685576700000,1771685576544000,0,6620172,-0.006225324,0.10340488,-0.027945872,12.3671665,7.016534e-06,0
1771685576748000,1771685576596000,0,6620172,-0.006101885,0.103337854,0.014648175,12.367069,1.927781e-06,0
1771685576804000,1771685576648000,0,6620172,-0.0066551687,0.10340488,-0.065614425,12.3671665,3.8679955e-05,0
1771685576852000,1771685576700000,0,6620172,-0.006929291,0.103337854,-0.032529403,12.367069,9.506987e-06,0
1771685576908000,1771685576752000,0,6620172,-0.0072033373,0.10340488,-0.03249942,12.3671665,9.489395e-06,0
1771685576956000,1771685576804000,0,6620172,-0.007672917,0.103337854,-0.05572391,12.367069,2.7898051e-05,0
1771685577012000,1771685576856000,0,6620172,-0.007941722,0.10340488,-0.031877864,12.3671665,9.129893e-06,0
1771685577060000,1771685576908000,0,6620172,-0.007769873,0.103337854,0.020392895,12.367069,3.736358e-06,0
1771685577116000,1771685576960000,0,6620172,-0.00823292,0.10340488,-0.054913234,12.3671665,2.7092015e-05,0
1771685577164000,1771685577012000,0,6620172,-0.008691252,0.103337854,-0.05438915,12.367069,2.6577567e-05,0
1771685577220000,1771685577064000,0,6620172,-0.008712149,0.10340488,-0.0024781814,12.3671665,5.5176415e-08,0
1771685577268000,1771685577116000,0,6620172,-0.008496775,0.103337854,0.025557853,12.367069,5.868667e-06,0
1771685577324000,1771685577168000,0,6620172,-0.00876378,0.10340488,-0.031664357,12.3671665,9.008006e-06,0
1771685577372000,1771685577220000,0,6620172,-0.008995959,0.103337854,-0.027552139,12.367069,6.820267e-06,0
1771685577428000,1771685577272000,0,6620172,-0.009196479,0.10340488,-0.023779921,12.3671665,5.0805193e-06,0
1771685577476000,1771685577324000,0,6620172,-0.009560282,0.103337854,-0.043171685,12.367069,1.6745138e-05,0
1771685577532000,1771685577376000,0,6620172,-0.009452904,0.10340488,0.0127341105,12.3671665,1.4568824e-06,0
1771685577580000,1771685577428000,0,6620172,-0.009509544,0.103337854,-0.0067214128,12.367069,4.0589325e-07,0
1771685577636000,1771685577480000,0,6620172,-0.009177683,0.10340488,0.039355736,12.3671665,1.39156455e-05,0
1771685577684000,1771685577532000,0,6620172,-0.009291163,0.103337854,-0.01346636,12.367069,1.6292629e-06,0
1771685577740000,1771685577584000,0,6620172,-0.009807775,0.10340488,-0.061265476,12.3671665,3.3722434e-05,0
1771685577788000,1771685577636000,0,6620172,-0.0098110195,0.103337854,-0.0003850963,12.367069,1.3323839e-09,0
1771685577844000,1771685577688000,0,6620172,-0.009779242,0.10340488,0.003768539,12.3671665,1.275949e-07,0
1771685577892000,1771685577740000,0,6620172,-0.0099092545,0.103337854,-0.015428278,12.367069,2.1385804e-06,0
1771685577948000,1771685577792000,0,6620172,-0.009962084,0.10340488,-0.006265062,12.3671665,3.5264523e-07,0
1771685577996000,1771685577844000,0,6620172,-0.010256172,0.103337854,-0.034898758,12.367069,1.0942352e-05,0
1771685578052000,1771685577896000,0,6620172,-0.0101573365,0.10340488,0.011721016,12.3671665,1.2342917e-06,0
1771685578100000,1771685577948000,0,6620172,-0.009985333,0.103337854,0.020411242,12.367069,3.743084e-06,0
1771685578156000,1771685578000000,0,6620172,-0.0097827595,0.10340488,0.02402342,12.3671665,5.1850975e-06,0
1771685578204000,1771685578052000,0,6620172,-0.010457425,0.103337854,-0.08006099,12.367069,5.758808e-05,0
1771685578260000,1771685578104000,0,6620172,-0.010816493,0.10340488,-0.042582124,12.3671665,1.6290782e-05,0
1771685578308000,1771685578156000,0,6620172,-0.010737687,0.103337854,0.009351649,12.367069,7.857188e-07,0
1771685578364000,1771685578208000,0,6620172,-0.010939476,0.10340488,-0.023930281,12.3671665,5.1449706e-06,0
1771685578412000,1771685578260000,0,6620172,-0.011103945,0.103337854,-0.019517068,12.367069,3.422314e-06,0
1771685578468000,1771685578312000,0,6620172,-0.011034502,0.10340488,0.0082352925,12.3671665,6.093199e-07,0
1771685578516000,1771685578364000,0,6620172,-0.010969804,0.103337854,0.007677568,12.367069,5.295879e-07,0
1771685578572000,1771685578416000,0,6620172,-0.0110692745,0.10340488,-0.01179631,12.3671665,1.2502004e-06,0
1771685578620000,1771685578468000,0,6620172,-0.011567997,0.103337854,-0.05918219,12.367069,3.1468262e-05,0
1771685578676000,1771685578520000,0,6620172,-0.01190895,0.10340488,-0.04043396,12.3671665,1.46885795e-05,0
1771685578724000,1771685578572000,0,6620172,-0.0120508475,0.103337854,-0.016838608,12.367069,2.547435e-06,0
1771685578780000,1771685578624000,0,6620172,-0.012355305,0.10340488,-0.03610589,12.3671665,1.1712333e-05,0
1771685578828000,1771685578676000,0,6620172,-0.012303136,0.103337854,0.0061907545,12.367069,3.443324e-07,0
1771685578884000,1771685578728000,0,6620172,-0.012770161,0.10340488,-0.055384852,12.3671665,2.755937e-05,0
1771685578932000,1771685578780000,0,6620172,-0.013078133,0.103337854,-0.036546245,12.367069,1.1999861e-05,0
1771685578988000,1771685578832000,0,6620172,-0.012993587,0.10340488,0.010026375,12.3671665,9.031818e-07,0
1771685579036000,1771685578884000,0,6620172,-0.013308934,0.103337854,-0.03742145,12.367069,1.2581486e-05,0
1771685579092000,1771685578936000,0,6620172,-0.013348022,0.10340488,-0.004635402,12.3671665,1.9304657e-07,0
1771685579140000,1771685578988000,0,6620172,-0.013666039,0.103337854,-0.037738405,12.367069,1.2795515e-05,0
1771685579196000,1771685579040000,0,6620172,-0.013550802,0.10340488,0.013666039,12.3671665,1.6779253e-06,0
1771685579244000,1771685579092000,0,6620172,-0.013402665,0.103337854,0.017579123,12.367069,2.77642e-06,0
1771685579300000,1771685579144000,0,6620172,-0.01330406,0.10340488,0.011693681,12.3671665,1.2285412e-06,0
1771685579348000,1771685579196000,0,6620172,-0.013132285,0.103337854,0.020384138,12.367069,3.73315e-06,0
1771685579404000,1771685579248000,0,6620172,-0.013047283,0.10340488,0.0100805275,12.3671665,9.129643e-07,0
1771685579452000,1771685579300000,0,6620172,-0.012850925,0.103337854,0.023301188,12.367069,4.8780566e-06,0
1771685579508000,1771685579352000,0,6620172,-0.013258776,0.10340488,-0.048367336,12.3671665,2.1018011e-05,0
1771685579556000,1771685579404000,0,6620172,-0.013232425,0.103337854,0.0031269398,12.367069,8.784757e-08,0
1771685579612000,1771685579456000,0,6620172,-0.013806384,0.10340488,-0.0680664,12.3671665,4.162487e-05,0
1771685579660000,1771685579508000,0,6620172,-0.01378622,0.103337854,0.0023928098,12.367069,5.1440725e-08,0
1771685579716000,1771685579560000,0,6620172,-0.014090455,0.10340488,-0.036079504,12.3671665,1.1695221e-05,0
1771685579764000,1771685579612000,0,6620172,-0.013763924,0.103337854,0.03874866,12.367069,1.34897555e-05,0
1771685579820000,1771685579664000,0,6620172,-0.013607718,0.10340488,0.018524665,12.3671665,3.0831031e-06,0
1771685579868000,1771685579716000,0,6620172,-0.013736843,0.103337854,-0.015322946,12.367069,2.1094793e-06,0
1771685579924000,1771685579768000,0,6620172,-0.013358013,0.10340488,0.04492581,12.3671665,1.8133394e-05,0
1771685579972000,1771685579820000,0,6620172,-0.013819961,0.103337854,-0.054818258,12.367069,2.6998594e-05,0
1771685580028000,1771685579872000,0,6620172,-0.013652989,0.10340488,0.019801406,12.3671665,3.52273e-06,0
1771685580076000,1771685579924000,0,6620172,-0.013293112,0.103337854,0.042705722,12.367069,1.6385618e-05,0
1771685580132000,1771685579976000,0,6620172,-0.013576286,0.10340488,-0.03358189,12.3671665,1.0132056e-05,0
1771685580180000,1771685580028000,0,6620172,-0.013461879,0.103337854,0.013576286,12.367069,1.6559707e-06,0
1771685580236000,1771685580080000,0,6620172,-0.013828036,0.10340488,-0.043422885,12.3671665,1.6940437e-05,0
1771685580284000,1771685580132000,0,6620172,-0.014075145,0.103337854,-0.02932382,12.367069,7.725593e-06,0
1771685580340000,1771685580184000,0,6620172,-0.014005867,0.10340488,0.00821577,12.3671665,6.064344e-07,0
1771685580388000,1771685580236000,0,6620172,-0.014335829,0.103337854,-0.039155755,12.367069,1.3774693e-05,0
1771685580444000,1771685580288000,0,6620172,-0.01454845,0.10340488,-0.025214951,12.3671665,5.712202e-06,0
1771685580492000,1771685580340000,0,6620172,-0.014879497,0.103337854,-0.039284557,12.367069,1.3865465e-05,0
1771685580548000,1771685580392000,0,6620172,-0.015013936,0.10340488,-0.015943257,12.3671665,2.2837123e-06,0
1771685580596000,1771685580444000,0,6620172,-0.014955821,0.103337854,0.00689626,12.367069,4.2728536e-07,0
1771685580652000,1771685580496000,0,6620172,-0.015298058,0.10340488,-0.04058617,12.3671665,1.4799377e-05,0
1771685580700000,1771685580548000,0,6620172,-0.015681423,0.103337854,-0.04549296,12.367069,1.8594268e-05,0
1771685580756000,1771685580600000,0,6620172,-0.015629996,0.10340488,0.0060989037,12.3671665,3.34188e-07,0
1771685580804000,1771685580652000,0,6620172,-0.015781684,0.103337854,-0.018000375,12.367069,2.9110781e-06,0
1771685580860000,1771685580704000,0,6620172,-0.015855504,0.10340488,-0.008754449,12.3671665,6.8856497e-07,0
1771685580908000,1771685580756000,0,6620172,-0.015500212,0.103337854,0.04216166,12.367069,1.5970778e-05,0
1771685580964000,1771685580808000,0,6620172,-0.01531341,0.10340488,0.022153044,12.3671665,4.409142e-06,0
1771685581012000,1771685580860000,0,6620172,-0.015489368,0.103337854,-0.020880438,12.367069,3.9171473e-06,0
1771685581068000,1771685580912000,0,6620172,-0.015711306,0.10340488,-0.026319714,12.3671665,6.2237136e-06,0
1771685581116000,1771685580964000,0,6620172,-0.015738867,0.103337854,-0.003270628,12.367069,9.6106554e-08,0
1771685581172000,1771685581016000,0,6620172,-0.015535127,0.10340488,0.024161719,12.3671665,5.2449695e-06,0
1771685581220000,1771685581068000,0,6620172,-0.015461306,0.103337854,0.008760225,12.367069,6.894793e-07,0
1771685581276000,1771685581120000,0,6620172,-0.015477612,0.10340488,-0.0019337134,12.3671665,3.359476e-08,0
1771685581324000,1771685581172000,0,6620172,-0.015105959,0.103337854,0.0441031,12.367069,1.7475473e-05,0
1771685581380000,1771685581224000,0,6620172,-0.014944612,0.10340488,0.01913428,12.3671665,3.2893608e-06,0
1771685581428000,1771685581276000,0,6620172,-0.0149091985,0.103337854,0.0042024245,12.367069,1.5866844e-07,0
1771685581484000,1771685581328000,0,6620172,-0.015277562,0.10340488,-0.04368455,12.3671665,1.714522e-05,0
1771685581532000,1771685581380000,0,6620172,-0.015172993,0.103337854,0.012408909,12.367069,1.3834324e-06,0
1771685581588000,1771685581432000,0,6620172,-0.015311648,0.10340488,-0.016443219,12.3671665,2.4291871e-06,0
1771685581636000,1771685581484000,0,6620172,-0.015374466,0.103337854,-0.007454465,12.367069,4.9925643e-07,0
1771685581692000,1771685581536000,0,6620172,-0.015087334,0.10340488,0.034051225,12.3671665,1.0417242e-05,0
1771685581740000,1771685581588000,0,6620172,-0.014888188,0.103337854,0.023632256,12.367069,5.017658e-06,0
1771685581796000,1771685581640000,0,6620172,-0.014938663,0.10340488,-0.0059858356,12.3671665,3.2191178e-07,0
1771685581844000,1771685581692000,0,6620172,-0.014872953,0.103337854,0.0077975495,12.367069,5.462695e-07,0
1771685581900000,1771685581744000,0,6620172,-0.014969877,0.10340488,-0.011494234,12.3671665,1.1869909e-06,0
1771685581948000,1771685581796000,0,6620172,-0.015226909,0.103337854,-0.030501314,12.367069,8.358489e-06,0
1771685582004000,1771685581848000,0,6620172,-0.01512939,0.10340488,0.0115648,12.3671665,1.20161e-06,0
1771685582052000,1771685581900000,0,6620172,-0.015235405,0.103337854,-0.012580571,12.367069,1.4219731e-06,0
1771685582108000,1771685581952000,0,6620172,-0.015544919,0.10340488,-0.036705513,12.3671665,1.2104584e-05,0
1771685582156000,1771685582004000,0,6620172,-0.015935462,0.103337854,-0.046344727,12.367069,1.9297071e-05,0
1771685582212000,1771685582056000,0,6620172,-0.01652317,0.10340488,-0.06969686,12.3671665,4.3642907e-05,0
1771685582260000,1771685582108000,0,6620172,-0.016435364,0.103337854,0.010419654,12.367069,9.754326e-07,0
1771685582316000,1771685582160000,0,6620172,-0.016351845,0.10340488,0.009904603,12.3671665,8.8137637e-07,0
1771685582364000,1771685582212000,0,6620172,-0.016629634,0.103337854,-0.03296456,12.367069,9.763045e-06,0
1771685582420000,1771685582264000,0,6620172,-0.01671226,0.10340488,-0.009798588,12.3671665,8.626096e-07,0
1771685582468000,1771685582316000,0,6620172,-0.016439756,0.103337854,0.03233726,12.367069,9.3950075e-06,0
1771685582524000,1771685582368000,0,6620172,-0.016570304,0.10340488,-0.01548163,12.3671665,2.1533801e-06,0
1771685582572000,1771685582420000,0,6620172,-0.016350431,0.103337854,0.026091788,12.367069,6.116435e-06,0
1771685582628000,1771685582472000,0,6620172,-0.016454969,0.10340488,-0.012397127,12.3671665,1.3807955e-06,0
1771685582676000,1771685582524000,0,6620172,-0.016402712,0.103337854,0.0062010624,12.367069,3.4548e-07,0
1771685582732000,1771685582576000,0,6620172,-0.016156318,0.10340488,0.029220095,12.3671665,7.670975e-06,0
1771685582780000,1771685582628000,0,6620172,-0.016546851,0.103337854,-0.046343684,12.367069,1.92962e-05,0
1771685582836000,1771685582680000,0,6620172,-0.01634196,0.10340488,0.024298316,12.3671665,5.3044414e-06,0
1771685582884000,1771685582732000,0,6620172,-0.016257739,0.103337854,0.009994304,12.367069,8.9742014e-07,0
1771685582940000,1771685582784000,0,6620172,-0.016135573,0.10340488,0.014487719,12.3671665,1.8857639e-06,0
1771685582988000,1771685582836000,0,6620172,-0.016133843,0.103337854,0.0002053976,12.367069,3.7903689e-10,0
1771685583044000,1771685582888000,0,6620172,-0.016371962,0.10340488,-0.028238716,12.3671665,7.1643562e-06,0
1771685583092000,1771685582940000,0,6620172,-0.016609464,0.103337854,-0.028183702,12.367069,7.1365253e-06,0
1771685583148000,1771685582992000,0,6620172,-0.016846145,0.10340488,-0.02806827,12.3671665,7.078131e-06,0
1771685583196000,1771685583044000,0,6620172,-0.017081194,0.103337854,-0.027892625,12.367069,6.9898765e-06,0
1771685583252000,1771685583096000,0,6620172,-0.017435359,0.10340488,-0.042000838,12.3671665,1.584905e-05,0
1771685583300000,1771685583148000,0,6620172,-0.017195338,0.103337854,0.028482722,12.367069,7.2887606e-06,0
1771685583356000,1771685583200000,0,6620172,-0.017081736,0.10340488,0.013472194,12.3671665,1.630662e-06,0
1771685583404000,1771685583252000,0,6620172,-0.01721193,0.103337854,-0.015450003,12.367069,2.1446074e-06,0
1771685583460000,1771685583304000,0,6620172,-0.017427063,0.10340488,-0.025512679,12.3671665,5.8478927e-06,0
1771685583508000,1771685583356000,0,6620172,-0.017603211,0.103337854,-0.020903016,12.367069,3.9256233e-06,0
1771685583564000,1771685583408000,0,6620172,-0.017664244,0.10340488,-0.0072380975,12.3671665,4.7069128e-07,0
1771685583612000,1771685583460000,0,6620172,-0.017334342,0.103337854,0.03914862,12.367069,1.3769674e-05,0
1771685583668000,1771685583512000,0,6620172,-0.017530428,0.10340488,-0.023254037,12.3671665,4.858296e-06,0
1771685583716000,1771685583564000,0,6620172,-0.017690275,0.103337854,-0.018968595,12.367069,3.2326675e-06,0
1771685583772000,1771685583616000,0,6620172,-0.017498387,0.10340488,0.022756193,12.3671665,4.6525015e-06,0
1771685583820000,1771685583668000,0,6620172,-0.017510375,0.103337854,-0.0014225114,12.367069,1.818035e-08,0
1771685583876000,1771685583720000,0,6620172,-0.017492933,0.10340488,0.0020684805,12.3671665,3.8440596e-08,0
1771685583924000,1771685583772000,0,6620172,-0.017403128,0.103337854,0.010656996,12.367069,1.0203761e-06,0
1771685583980000,1771685583824000,0,6620172,-0.017165283,0.10340488,0.02820635,12.3671665,7.147943e-06,0
1771685584028000,1771685583876000,0,6620172,-0.017097268,0.103337854,0.008071044,12.367069,5.8526183e-07,0
1771685584084000,1771685583928000,0,6620172,-0.016960818,0.10340488,0.01618174,12.3671665,2.352544e-06,0
1771685584132000,1771685583980000,0,6620172,-0.016755141,0.103337854,0.024407107,12.367069,5.352089e-06,0
1771685584188000,1771685584032000,0,6620172,-0.0170364,0.10340488,-0.033354722,12.3671665,9.99544e-06,0
1771685584236000,1771685584084000,0,6620172,-0.01704508,0.103337854,-0.0010300055,12.367069,9.531687e-09,0
1771685584292000,1771685584136000,0,6620172,-0.017061412,0.10340488,-0.0019368529,12.3671665,3.3703934e-08,0
1771685584340000,1771685584188000,0,6620172,-0.016806541,0.103337854,0.030245006,12.367069,8.218604e-06,0
1771685584396000,1771685584240000,0,6620172,-0.016878925,0.10340488,-0.008584084,12.3671665,6.6202625e-07,0
1771685584444000,1771685584292000,0,6620172,-0.017432071,0.103337854,-0.065640606,12.367069,3.8711136e-05,0
1771685584500000,1771685584344000,0,6620172,-0.017748281,0.10340488,-0.03749957,12.3671665,1.263397e-05,0
1771685584548000,1771685584396000,0,6620172,-0.01794641,0.103337854,-0.023511484,12.367069,4.966504e-06,0
1771685584604000,1771685584448000,0,6620172,-0.017793022,0.10340488,0.018190552,12.3671665,2.9728913e-06,0
1771685584652000,1771685584500000,0,6620172,-0.017963514,0.103337854,-0.02023188,12.367069,3.6775891e-06,0
1771685584708000,1771685584552000,0,6620172,-0.01746721,0.10340488,0.05885707,12.3671665,3.112322e-05,0
1771685584756000,1771685584604000,0,6620172,-0.017613187,0.103337854,-0.017322829,12.367069,2.6960524e-06,0
1771685584812000,1771685584656000,0,6620172,-0.017564513,0.10340488,0.005772367,12.3671665,2.9936098e-07,0
1771685584860000,1771685584708000,0,6620172,-0.017677782,0.103337854,-0.013441347,12.367069,1.6232159e-06,0
1771685584916000,1771685584760000,0,6620172,-0.01747828,0.10340488,0.023659227,12.3671665,5.0290782e-06,0
1771685584964000,1771685584812000,0,6620172,-0.017124228,0.103337854,0.042014413,12.367069,1.5859421e-05,0
1771685585020000,1771685584864000,0,6620172,-0.017291205,0.10340488,-0.019802041,12.3671665,3.5229561e-06,0
1771685585068000,1771685584916000,0,6620172,-0.01738003,0.103337854,-0.010540826,12.367069,9.982516e-07,0
1771685585124000,1771685584968000,0,6620172,-0.016918499,0.10340488,0.054733545,12.3671665,2.6915002e-05,0
1771685585172000,1771685585020000,0,6620172,-0.0170583,0.103337854,-0.016589802,12.367069,2.4727096e-06,0
1771685585228000,1771685585072000,0,6620172,-0.01704364,0.10340488,0.0017384756,12.3671665,2.7153417e-08,0
1771685585276000,1771685585124000,0,6620172,-0.017350575,0.103337854,-0.036423154,12.367069,1.19191645e-05,0
1771685585332000,1771685585176000,0,6620172,-0.017460573,0.10340488,-0.013044933,12.3671665,1.5288715e-06,0
1771685585380000,1771685585228000,0,6620172,-0.017808227,0.103337854,-0.041255247,12.367069,1.5291465e-05,0
1771685585436000,1771685585280000,0,6620172,-0.017718278,0.10340488,0.010667114,12.3671665,1.0223065e-06,0
1771685585484000,1771685585332000,0,6620172,-0.017432153,0.103337854,0.03395363,12.367069,1.0357695e-05,0
1771685585540000,1771685585384000,0,6620172,-0.017626386,0.10340488,-0.023034155,12.3671665,4.766854e-06,0
1771685585588000,1771685585436000,0,6620172,-0.017386813,0.103337854,0.028429609,12.367069,7.2616026e-06,0
1771685585644000,1771685585488000,0,6620172,-0.016914416,0.10340488,0.056022067,12.3671665,2.819717e-05,0
1771685585692000,1771685585540000,0,6620172,-0.01692361,0.103337854,-0.001090955,12.367069,1.0693119e-08,0
1771685585748000,1771685585592000,0,6620172,-0.01693685,0.10340488,-0.0015700422,12.3671665,2.2146748e-08,0
1771685585796000,1771685585644000,0,6620172,-0.017070323,0.103337854,-0.01583903,12.367069,2.2539684e-06,0
1771685585852000,1771685585696000,0,6620172,-0.017561482,0.10340488,-0.05824706,12.3671665,3.0481428e-05,0
1771685585900000,1771685585748000,0,6620172,-0.017457211,0.103337854,0.012373494,12.367069,1.3755468e-06,0
1771685585956000,1771685585800000,0,6620172,-0.017000174,0.10340488,0.054200374,12.3671665,2.6393189e-05,0
1771685586004000,1771685585852000,0,6620172,-0.01702459,0.103337854,-0.0028972868,12.367069,7.5417766e-08,0
1771685586060000,1771685585904000,0,6620172,-0.016972644,0.10340488,0.006160332,12.3671665,3.409538e-07,0
1771685586108000,1771685585956000,0,6620172,-0.017117132,0.103337854,-0.017146008,12.367069,2.641294e-06,0
1771685586164000,1771685586008000,0,6620172,-0.017262038,0.10340488,-0.017184626,12.3671665,2.6531848e-06,0
1771685586212000,1771685586060000,0,6620172,-0.01764531,0.103337854,-0.045482103,12.367069,1.8585393e-05,0
1771685586268000,1771685586112000,0,6620172,-0.017948398,0.10340488,-0.035943557,12.3671665,1.16072515e-05,0
1771685586316000,1771685586164000,0,6620172,-0.017932935,0.103337854,0.0018351171,12.367069,3.0256473e-08,0
1771685586372000,1771685586216000,0,6620172,-0.017523868,0.10340488,0.04851155,12.3671665,2.1143534e-05,0
1771685586420000,1771685586268000,0,6620172,-0.01747752,0.103337854,0.005499942,12.367069,2.7177342e-07,0
1771685586476000,1771685586320000,0,6620172,-0.017711513,0.10340488,-0.027749531,12.3671665,6.9182875e-06,0
1771685586524000,1771685586372000,0,6620172,-0.01766667,0.103337854,0.005321376,12.367069,2.544126e-07,0
1771685586580000,1771685586424000,0,6620172,-0.017821353,0.10340488,-0.018344073,12.3671665,3.0232832e-06,0
1771685586628000,1771685586476000,0,6620172,-0.01765626,0.103337854,0.019591372,12.367069,3.4484221e-06,0
1771685586684000,1771685586528000,0,6620172,-0.017810002,0.10340488,-0.018232413,12.3671665,2.9865898e-06,0
1771685586732000,1771685586580000,0,6620172,-0.018083218,0.103337854,-0.03242193,12.367069,9.444272e-06,0
1771685586788000,1771685586632000,0,6620172,-0.018235933,0.10340488,-0.01811063,12.3671665,2.9468254e-06,0
1771685586836000,1771685586684000,0,6620172,-0.018743183,0.103337854,-0.060194243,12.367069,3.255372e-05,0
1771685586892000,1771685586736000,0,6620172,-0.018571753,0.10340488,0.020330098,12.3671665,3.7133527e-06,0
1771685586940000,1771685586788000,0,6620172,-0.018637959,0.103337854,-0.00785647,12.367069,5.5455627e-07,0
1771685586996000,1771685586840000,0,6620172,-0.01850756,0.10340488,0.015464131,12.3671665,2.1485146e-06,0
1771685587044000,1771685586892000,0,6620172,-0.018698776,0.103337854,-0.02269117,12.367069,4.625988e-06,0
1771685587100000,1771685586944000,0,6620172,-0.018297663,0.10340488,0.047568403,12.3671665,2.0329395e-05,0
1771685587148000,1771685586996000,0,6620172,-0.018537967,0.103337854,-0.028516302,12.367069,7.3059573e-06,0
1771685587204000,1771685587048000,0,6620172,-0.018623028,0.10340488,-0.010087522,12.3671665,9.1423163e-07,0
1771685587252000,1771685587100000,0,6620172,-0.01874795,0.103337854,-0.014824238,12.367069,1.9744014e-06,0
1771685587308000,1771685587152000,0,6620172,-0.018915132,0.10340488,-0.019826269,12.3671665,3.5315818e-06,0
1771685587356000,1771685587204000,0,6620172,-0.018925468,0.103337854,-0.0012264699,12.367069,1.3514641e-08,0
1771685587412000,1771685587256000,0,6620172,-0.018823009,0.10340488,0.012150565,12.3671665,1.3264175e-06,0
1771685587460000,1771685587308000,0,6620172,-0.019002823,0.103337854,-0.021338124,12.367069,4.090752e-06,0
1771685587516000,1771685587360000,0,6620172,-0.018831262,0.10340488,0.020345597,12.3671665,3.719017e-06,0
1771685587564000,1771685587412000,0,6620172,-0.019023351,0.103337854,-0.022794714,12.367069,4.668303e-06,0
1771685587620000,1771685587464000,0,6620172,-0.019377096,0.10340488,-0.04195077,12.3671665,1.5811285e-05,0
1771685587668000,1771685587516000,0,6620172,-0.01949515,0.103337854,-0.014009135,12.367069,1.7632478e-06,0
1771685587724000,1771685587568000,0,6620172,-0.019348774,0.10340488,0.01735892,12.3671665,2.707277e-06,0
1771685587772000,1771685587620000,0,6620172,-0.019174922,0.103337854,0.020630512,12.367069,3.8239373e-06,0
1771685587828000,1771685587672000,0,6620172,-0.019095065,0.10340488,0.009470332,12.3671665,8.057823e-07,0
1771685587876000,1771685587724000,0,6620172,-0.018593661,0.103337854,0.059500337,12.367069,3.18075e-05,0
1771685587932000,1771685587776000,0,6620172,-0.018269092,0.10340488,0.038491122,12.3671665,1.3310931e-05,0
1771685587980000,1771685587828000,0,6620172,-0.01799787,0.103337854,0.032185107,12.367069,9.306806e-06,0
1771685588036000,1771685587880000,0,6620172,-0.01813638,0.10340488,-0.016425958,12.3671665,2.4240899e-06,0
1771685588084000,1771685587932000,0,6620172,-0.018363642,0.103337854,-0.0269686,12.367069,6.5344275e-06,0
1771685588140000,1771685587984000,0,6620172,-0.018442454,0.10340488,-0.009346319,12.3671665,7.848172e-07,0
1771685588188000,1771685588036000,0,6620172,-0.018564783,0.103337854,-0.014516531,12.367069,1.8932867e-06,0
1771685588244000,1771685588088000,0,6620172,-0.018850854,0.10340488,-0.03392545,12.3671665,1.0340429e-05,0
1771685588292000,1771685588140000,0,6620172,-0.018782008,0.103337854,0.008169701,12.36707,5.9965714e-07,0
1771685588348000,1771685588192000,0,6620172,-0.018838763,0.10340488,-0.006730687,12.3671665,4.0701093e-07,0
1771685588396000,1771685588244000,0,6620172,-0.018939236,0.103337854,-0.0119229555,12.36707,1.2771989e-06,0
1771685588452000,1771685588296000,0,6620172,-0.019160904,0.10340488,-0.026287815,12.367167,6.2086365e-06,0
1771685588500000,1771685588348000,0,6620172,-0.019262778,0.103337854,-0.012089096,12.36707,1.313041e-06,0
1771685588556000,1771685588400000,0,6620172,-0.019483777,0.10340488,-0.026208414,12.367167,6.1711876e-06,0
1771685588604000,1771685588452000,0,6620172,-0.020137899,0.103337854,-0.07762316,12.367071,5.413439e-05,0
1771685588660000,1771685588504000,0,6620172,-0.020036025,0.10340488,0.012081258,12.367168,1.3113286e-06,0
1771685588708000,1771685588556000,0,6620172,-0.02048953,0.103337854,-0.053816512,12.367071,2.6020864e-05,0
1771685588764000,1771685588608000,0,6620172,-0.020900391,0.10340488,-0.04872434,12.367168,2.1329422e-05,0
1771685588812000,1771685588660000,0,6620172,-0.020557106,0.103337854,0.040736817,12.367072,1.4909558e-05,0
1771685588868000,1771685588712000,0,6620172,-0.020973058,0.10340488,-0.04932815,12.367169,2.186134e-05,0
1771685588916000,1771685588764000,0,6620172,-0.021112638,0.103337854,-0.016563563,12.367073,2.464893e-06,0
1771685588972000,1771685588816000,0,6620172,-0.02125113,0.10340488,-0.016423983,12.36717,2.4235062e-06,0
1771685589020000,1771685588868000,0,6620172,-0.021463975,0.103337854,-0.025257658,12.367074,5.7316106e-06,0
1771685589076000,1771685588920000,0,6620172,-0.02171119,0.10340488,-0.029317275,12.367171,7.72208e-06,0
1771685589124000,1771685588972000,0,6620172,-0.02195256,0.103337854,-0.028642815,12.367075,7.3709234e-06,0
1771685589180000,1771685589024000,0,6620172,-0.022031475,0.10340488,-0.009358475,12.367172,7.868596e-07,0
1771685589228000,1771685589076000,0,6620172,-0.022265516,0.103337854,-0.027773213,12.367076,6.9301514e-06,0
1771685589284000,1771685589128000,0,6620172,-0.022381421,0.10340488,-0.013745226,12.367173,1.6974259e-06,0
1771685589332000,1771685589180000,0,6620172,-0.022495246,0.103337854,-0.013507251,12.367077,1.6391713e-06,0
1771685589388000,1771685589232000,0,6620172,-0.022326145,0.10340488,0.02005384,12.367175,3.613117e-06,0
1771685589436000,1771685589284000,0,6620172,-0.022632282,0.103337854,-0.03632864,12.367079,1.1857377e-05,0
1771685589492000,1771685589336000,0,6620172,-0.022854203,0.10340488,-0.026317913,12.367176,6.222858e-06,0
1771685589540000,1771685589388000,0,6620172,-0.022793798,0.103337854,0.007168168,12.36708,4.6164345e-07,0
1771685589596000,1771685589440000,0,6620172,-0.023167213,0.10340488,-0.044283837,12.367177,1.7618844e-05,0
1771685589644000,1771685589492000,0,6620172,-0.023770751,0.103337854,-0.07162038,12.367081,4.6085424e-05,0
1771685589700000,1771685589544000,0,6620172,-0.023690742,0.10340488,0.009488525,12.367179,8.0888026e-07,0
1771685589748000,1771685589596000,0,6620172,-0.024239462,0.103337854,-0.06511541,12.367083,3.8094106e-05,0
1771685589804000,1771685589648000,0,6620172,-0.024701048,0.10340488,-0.05474003,12.36718,2.6921354e-05,0
1771685589852000,1771685589700000,0,6620172,-0.024719203,0.103337854,-0.002154421,12.367084,4.1701472e-08,0
1771685589908000,1771685589752000,0,6620172,-0.024774788,0.10340488,-0.0065918323,12.367182,3.903903e-07,0
1771685589956000,1771685589804000,0,6620172,-0.02498417,0.103337854,-0.024846794,12.3670845,5.546652e-06,0
1771685590012000,1771685589856000,0,6620172,-0.024674164,0.10340488,0.036763955,12.367183,1.2143145e-05,0
1771685590060000,1771685589908000,0,6620172,-0.024794385,0.103337854,-0.014266266,12.367086,1.8285663e-06,0
1771685590116000,1771685589960000,0,6620172,-0.025187474,0.10340488,-0.046616748,12.367184,1.9524081e-05,0
1771685590164000,1771685590012000,0,6620172,-0.025338342,0.103337854,-0.017903347,12.367087,2.8797747e-06,0
1771685590220000,1771685590064000,0,6620172,-0.025804559,0.10340488,-0.055289097,12.367185,2.7464117e-05,0
1771685590268000,1771685590116000,0,6620172,-0.026305635,0.103337854,-0.059461556,12.367088,3.1766005e-05,0
1771685590324000,1771685590168000,0,6620172,-0.02652746,0.10340488,-0.02630667,12.367186,6.217537e-06,0
1771685590372000,1771685590220000,0,6620172,-0.026709728,0.103337854,-0.021629278,12.367089,4.2031415e-06,0
1771685590428000,1771685590272000,0,6620172,-0.026538543,0.10340488,0.020301037,12.367187,3.7027382e-06,0
1771685590476000,1771685590324000,0,6620172,-0.026569502,0.103337854,-0.003673859,12.36709,1.2126485e-07,0
1771685590532000,1771685590376000,0,6620172,-0.02645354,0.10340488,0.01375212,12.3671875,1.699127e-06,0
1771685590580000,1771685590428000,0,6620172,-0.026191015,0.103337854,0.031153247,12.367091,8.7196e-06,0
1771685590636000,1771685590480000,0,6620172,-0.02606795,0.10340488,0.014594335,12.367188,1.9136176e-06,0
1771685590684000,1771685590532000,0,6620172,-0.026238145,0.103337854,-0.020196699,12.367092,3.664803e-06,0
1771685590740000,1771685590584000,0,6620172,-0.02658715,0.10340488,-0.04138881,12.367189,1.5390486e-05,0
1771685590788000,1771685590636000,0,6620172,-0.026910871,0.103337854,-0.03841529,12.367093,1.3258613e-05,0
1771685590844000,1771685590688000,0,6620172,-0.027167737,0.10340488,-0.030462176,12.367191,8.3369705e-06,0
1771685590892000,1771685590740000,0,6620172,-0.027588919,0.103337854,-0.0499807,12.367094,2.2443703e-05,0
1771685590948000,1771685590792000,0,6620172,-0.027773676,0.10340488,-0.021910593,12.367192,4.313151e-06,0
1771685590996000,1771685590844000,0,6620172,-0.027917154,0.103337854,-0.017026128,12.367096,2.6044834e-06,0
1771685591052000,1771685590896000,0,6620172,-0.027974078,0.10340488,-0.0067508146,12.367194,4.0944792e-07,0
1771685591100000,1771685590948000,0,6620172,-0.028103009,0.103337854,-0.015299847,12.367098,2.1031192e-06,0
1771685591156000,1771685591000000,0,6620172,-0.02822167,0.10340488,-0.014072284,12.367195,1.779162e-06,0
1771685591204000,1771685591052000,0,6620172,-0.027854238,0.103337854,0.04360253,12.3671,1.7080989e-05,0
1771685591260000,1771685591104000,0,6620172,-0.027712516,0.10340488,0.016806874,12.367197,2.537816e-06,0
1771685591308000,1771685591156000,0,6620172,-0.027558194,0.103337854,0.018313102,12.367101,3.0130993e-06,0
1771685591364000,1771685591208000,0,6620172,-0.027112743,0.10340488,0.052826747,12.367199,2.5072282e-05,0
1771685591412000,1771685591260000,0,6620172,-0.026935186,0.103337854,0.021070262,12.367103,3.9886822e-06,0
1771685591468000,1771685591312000,0,6620172,-0.027025096,0.10340488,-0.01066247,12.367201,1.0214137e-06,0
1771685591516000,1771685591364000,0,6620172,-0.027297294,0.103337854,-0.032301076,12.367105,9.373967e-06,0
1771685591572000,1771685591416000,0,6620172,-0.027831396,0.10340489,-0.06333991,12.367203,3.6044657e-05,0
1771685591620000,1771685591468000,0,6620172,-0.027995475,0.10333786,-0.01947085,12.367106,3.4061145e-06,0
1771685591676000,1771685591520000,0,6620172,-0.027955497,0.103404894,0.00474108,12.367205,2.0194847e-07,0
1771685591724000,1771685591572000,0,6620172,-0.027873706,0.10333787,0.009705985,12.367107,8.4638623e-07,0
1771685591780000,1771685591624000,0,6620172,-0.028351482,0.1034049,-0.056659985,12.367206,2.8842895e-05,0
1771685591828000,1771685591676000,0,6620172,-0.028472088,0.10333788,-0.014312092,12.367109,1.8403293e-06,0
1771685591884000,1771685591728000,0,6620172,-0.028480588,0.10340491,-0.0010078922,12.367208,9.126705e-09,0
1771685591932000,1771685591780000,0,6620172,-0.028339338,0.103337884,0.016761838,12.367111,2.5242507e-06,0
1771685591988000,1771685591832000,0,6620172,-0.028211026,0.10340491,0.015216779,12.3672085,2.0803254e-06,0
1771685592036000,1771685591884000,0,6620172,-0.028410994,0.103337884,-0.023729892,12.367113,5.0591866e-06,0
1771685592092000,1771685591936000,0,6620172,-0.028467871,0.10340492,-0.0067452565,12.367209,4.0877347e-07,0
1771685592140000,1771685591988000,0,6620172,-0.028893527,0.10333789,-0.05051162,12.367114,2.2923015e-05,0
1771685592196000,1771685592040000,0,6620172,-0.028344175,0.103404924,0.06514841,12.367211,3.8132337e-05,0
1771685592244000,1771685592092000,0,6620172,-0.02848336,0.1033379,-0.016516665,12.367116,2.450946e-06,0
1771685592300000,1771685592144000,0,6620172,-0.028354347,0.10340493,0.015299765,12.367213,2.1030771e-06,0
1771685592348000,1771685592196000,0,6620172,-0.028310342,0.10333791,0.0052220225,12.367118,2.4500022e-07,0
1771685592404000,1771685592248000,0,6620172,-0.028271826,0.10340494,0.004567666,12.367215,1.8744515e-07,0
1771685592452000,1771685592300000,0,6620172,-0.027996551,0.103337914,0.032666355,12.367119,9.587167e-06,0
1771685592508000,1771685592352000,0,6620172,-0.028160373,0.10340495,-0.019427765,12.367217,3.3910267e-06,0
1771685592556000,1771685592404000,0,6620172,-0.028594792,0.10333792,-0.051551543,12.367122,2.3876584e-05,0
1771685592612000,1771685592456000,0,6620172,-0.028463297,0.103404954,0.015594304,12.367219,2.1848289e-06,0
1771685592660000,1771685592508000,0,6620172,-0.028400885,0.10333793,0.0074061677,12.367124,4.9280584e-07,0
1771685592716000,1771685592560000,0,6620172,-0.028564384,0.10340496,-0.019389642,12.367221,3.3777305e-06,0
1771685592764000,1771685592612000,0,6620172,-0.02855204,0.103337936,0.0014647748,12.3671255,1.9276602e-08,0
1771685592820000,1771685592664000,0,6620172,-0.028955644,0.10340497,-0.047863975,12.367223,2.0582724e-05,0
1771685592868000,1771685592716000,0,6620172,-0.028902456,0.10333794,0.006311601,12.367127,3.5790498e-07,0
1771685592924000,1771685592768000,0,6620172,-0.029108046,0.10340498,-0.024381235,12.367226,5.3406807e-06,0
1771685592972000,1771685592820000,0,6620172,-0.02941258,0.10333795,-0.036138535,12.367129,1.1733557e-05,0
1771685593028000,1771685592872000,0,6620172,-0.029458955,0.103404984,-0.0054995287,12.367228,2.7172908e-07,0
1771685593076000,1771685592924000,0,6620172,-0.029565599,0.10333796,-0.012655303,12.367131,1.4389099e-06,0
1771685593132000,1771685592976000,0,6620172,-0.030051237,0.10340499,-0.057592604,12.3672285,2.9800158e-05,0
1771685593180000,1771685593028000,0,6620172,-0.030159062,0.103337966,-0.012795443,12.367133,1.470954e-06,0
1771685593236000,1771685593080000,0,6620172,-0.030526984,0.103405,-0.04363244,12.36723,1.710425e-05,0
1771685593284000,1771685593132000,0,6620172,-0.031112218,0.10333797,-0.069448605,12.367134,4.333267e-05,0
1771685593340000,1771685593184000,0,6620172,-0.03124359,0.103405006,-0.015579676,12.36723,2.18073e-06,0
1771685593388000,1771685593236000,0,6620172,-0.031199412,0.10333798,0.005242614,12.367134,2.4693588e-07,0
1771685593444000,1771685593288000,0,6620172,-0.031463865,0.10340501,-0.031361625,12.36723,8.836538e-06,0
1771685593492000,1771685593340000,0,6620172,-0.03179895,0.10333799,-0.039764162,12.367134,1.420601e-05,0
1771685593548000,1771685593392000,0,6620172,-0.03192865,0.10340501,-0.015381224,12.36723,2.125528e-06,0
1771685593596000,1771685593444000,0,6620172,-0.032172386,0.10333799,-0.0289234,12.367134,7.516006e-06,0
1771685593652000,1771685593496000,0,6620172,-0.032252103,0.10340501,-0.009453591,12.367229,8.029318e-07,0
1771685593700000,1771685593548000,0,6620172,-0.032486938,0.10333799,-0.027867526,12.367133,6.977266e-06,0
1771685593756000,1771685593600000,0,6620172,-0.032405484,0.10340501,0.0096597895,12.3672285,8.3834044e-07,0
1771685593804000,1771685593652000,0,6620172,-0.032682747,0.10333799,-0.032902133,12.367131,9.726053e-06,0
1771685593860000,1771685593704000,0,6620172,-0.032286208,0.10340501,0.04702601,12.367227,1.9868332e-05,0
1771685593908000,1771685593756000,0,6620172,-0.03237314,0.10333799,-0.010316331,12.367129,9.561788e-07,0
1771685593964000,1771685593808000,0,6620172,-0.032270517,0.10340501,0.012170505,12.367225,1.3307681e-06,0
1771685594012000,1771685593860000,0,6620172,-0.032253172,0.10333799,0.0020581149,12.367127,3.8056417e-08,0
1771685594068000,1771685593912000,0,6620172,-0.03204348,0.10340501,0.024867918,12.367223,5.556025e-06,0
1771685594116000,1771685593964000,0,6620172,-0.03203885,0.10333799,0.00054933876,12.3671255,2.7112477e-09,0
1771685594172000,1771685594016000,0,6620172,-0.032126896,0.10340501,-0.01044162,12.367221,9.795376e-07,0
1771685594220000,1771685594068000,0,6620172,-0.032108705,0.10333799,0.0021586344,12.367124,4.1864602e-08,0
1771685594276000,1771685594120000,0,6620172,-0.0322641,0.10340501,-0.018428404,12.367218,3.0511314e-06,0
1771685594324000,1771685594172000,0,6620172,-0.032192804,0.10333799,0.008460388,12.367121,6.4308654e-07,0
1771685594380000,1771685594224000,0,6620172,-0.031936783,0.10340501,0.03036175,12.367216,8.282074e-06,0
1771685594428000,1771685594276000,0,6620172,-0.03201072,0.10333799,-0.008773666,12.367119,6.915939e-07,0
1771685594484000,1771685594328000,0,6620172,-0.031384643,0.10340501,0.07424705,12.367213,4.952723e-05,0
1771685594532000,1771685594380000,0,6620172,-0.031843323,0.10333799,-0.054430787,12.367116,2.6618174e-05,0
1771685594588000,1771685594432000,0,6620172,-0.03171789,0.10340501,0.01487555,12.36721,1.9880706e-06,0
1771685594636000,1771685594484000,0,6620172,-0.031485066,0.10333799,0.027628534,12.367113,6.8581157e-06,0
1771685594692000,1771685594536000,0,6620172,-0.031304494,0.10340501,0.021414265,12.3672085,4.119952e-06,0
1771685594740000,1771685594588000,0,6620172,-0.03117545,0.10333799,0.015313283,12.367111,2.1068122e-06,0
1771685594796000,1771685594640000,0,6620172,-0.030309891,0.10340501,0.10264762,12.367206,9.4663745e-05,0
1771685594844000,1771685594692000,0,6620172,-0.030097162,0.10333799,0.025243973,12.367108,5.7253856e-06,0
1771685594900000,1771685594744000,0,6620172,-0.029783158,0.10340501,0.037238277,12.367204,1.2458482e-05,0
1771685594948000,1771685594796000,0,6620172,-0.029921016,0.10333799,-0.01635942,12.367106,2.4045025e-06,0
1771685595004000,1771685594848000,0,6620172,-0.029714517,0.10340501,0.024488887,12.367202,5.3879567e-06,0
1771685595052000,1771685594900000,0,6620172,-0.029597843,0.10333799,0.013845377,12.367105,1.7222612e-06,0
1771685595108000,1771685594952000,0,6620172,-0.029770292,0.10340501,-0.020450985,12.367199,3.757635e-06,0
1771685595156000,1771685595004000,0,6620172,-0.029671665,0.10333799,0.011703886,12.367103,1.2306929e-06,0
1771685595212000,1771685595056000,0,6620172,-0.029618582,0.10340501,0.0062952004,12.367197,3.5604535e-07,0
1771685595260000,1771685595108000,0,6620172,-0.029728511,0.10333799,-0.013044992,12.367101,1.5288936e-06,0
1771685595316000,1771685595160000,0,6620172,-0.029843245,0.10340501,-0.01360645,12.367195,1.6633204e-06,0
1771685595364000,1771685595212000,0,6620172,-0.03016113,0.10333798,-0.037722673,12.367099,1.278482e-05,0
1771685595420000,1771685595264000,0,6620172,-0.030640204,0.103405006,-0.05681397,12.367194,2.8999904e-05,0
1771685595468000,1771685595316000,0,6620172,-0.03028685,0.10333797,0.041931707,12.367097,1.5797008e-05,0
1771685595524000,1771685595368000,0,6620172,-0.029942939,0.103405,0.040784895,12.367192,1.4944627e-05,0
1771685595572000,1771685595420000,0,6620172,-0.029526025,0.103337966,0.049474187,12.367095,2.1991109e-05,0
1771685595628000,1771685595472000,0,6620172,-0.028841127,0.10340499,0.0812228,12.36719,5.927102e-05,0
1771685595676000,1771685595524000,0,6620172,-0.028879942,0.10333796,-0.004606139,12.367094,1.90618e-07,0
1771685595732000,1771685595576000,0,6620172,-0.02860811,0.103404984,0.032236874,12.367189,9.336677e-06,0
1771685595780000,1771685595628000,0,6620172,-0.028424637,0.10333795,0.021772172,12.367092,4.2588604e-06,0
1771685595836000,1771685595680000,0,6620172,-0.028250314,0.10340498,0.020673173,12.3671875,3.839731e-06,0
1771685595884000,1771685595732000,0,6620172,-0.02812129,0.10333795,0.015310861,12.367091,2.1061494e-06,0
1771685595940000,1771685595784000,0,6620172,-0.028077679,0.10340498,0.005172072,12.367187,2.4033426e-07,0
1771685595988000,1771685595836000,0,6620172,-0.02756333,0.10333794,0.06103666,12.367089,3.347122e-05,0
1771685596044000,1771685595888000,0,6620172,-0.027612431,0.10340497,-0.0058229007,12.367185,3.046249e-07,0
1771685596092000,1771685595940000,0,6620172,-0.02758805,0.103337936,0.0028931927,12.367088,7.520465e-08,0
1771685596148000,1771685595992000,0,6620172,-0.027254544,0.10340496,0.03955094,12.367184,1.4054012e-05,0
1771685596196000,1771685596044000,0,6620172,-0.027088137,0.10333793,0.01974722,12.367087,3.503499e-06,0
1771685596252000,1771685596096000,0,6620172,-0.026930746,0.103404954,0.018665286,12.367183,3.1300842e-06,0
1771685596300000,1771685596148000,0,6620172,-0.026779411,0.10333793,0.017958578,12.367086,2.8975703e-06,0
1771685596356000,1771685596200000,0,6620172,-0.026870634,0.103404954,-0.010818245,12.367182,1.0514784e-06,0
1771685596404000,1771685596252000,0,6620172,-0.026647285,0.10333792,0.026504423,12.367085,6.311416e-06,0
1771685596460000,1771685596304000,0,6620172,-0.026506476,0.10340495,0.016698554,12.367181,2.5052123e-06,0
1771685596508000,1771685596356000,0,6620172,-0.02652639,0.103337914,-0.0023631528,12.3670845,5.017343e-08,0
1771685596564000,1771685596408000,0,6620172,-0.026390204,0.10340494,0.016150413,12.36718,2.3434413e-06,0
1771685596612000,1771685596460000,0,6620172,-0.026059292,0.103337914,0.03926862,12.367084,1.3854201e-05,0
1771685596668000,1771685596512000,0,6620172,-0.02569184,0.10340494,0.043576382,12.367179,1.70604e-05,0
1771685596716000,1771685596564000,0,6620172,-0.0262381,0.10333791,-0.0648233,12.367083,3.7753092e-05,0
1771685596772000,1771685596616000,0,6620172,-0.025947886,0.10340493,0.03441681,12.367178,1.06421185e-05,0
1771685596820000,1771685596668000,0,6620172,-0.025773972,0.1033379,0.020637827,12.367082,3.8266453e-06,0
1771685596876000,1771685596720000,0,6620172,-0.02575633,0.103404924,0.0020923316,12.367177,3.9332175e-08,0
1771685596924000,1771685596772000,0,6620172,-0.025380868,0.1033379,0.044555157,12.367081,1.783554e-05,0
1771685596980000,1771685596824000,0,6620172,-0.025405655,0.103404924,-0.002939444,12.367176,7.762782e-08,0
1771685597028000,1771685596876000,0,6620172,-0.02472043,0.1033379,0.081313856,12.36708,5.9404512e-05,0
1771685597084000,1771685596928000,0,6620172,-0.024556756,0.103404924,0.019410372,12.367176,3.3849687e-06,0
1771685597132000,1771685596980000,0,6620172,-0.024827639,0.1033379,-0.032144904,12.36708,9.283561e-06,0
1771685597188000,1771685597032000,0,6620172,-0.025055237,0.103404924,-0.026991209,12.367175,6.5453314e-06,0
1771685597236000,1771685597084000,0,6620172,-0.025240138,0.1033379,-0.021941833,12.367079,4.3254986e-06,0
1771685597292000,1771685597136000,0,6620172,-0.025106564,0.103404924,0.015840724,12.367174,2.2544316e-06,0
1771685597340000,1771685597188000,0,6620172,-0.02465634,0.10333789,0.053426877,12.367078,2.5645428e-05,0
1771685597396000,1771685597240000,0,6620172,-0.024683634,0.10340492,-0.003236726,12.367174,9.412368e-08,0
1771685597444000,1771685597292000,0,6620172,-0.024588266,0.10333789,0.011316935,12.367078,1.1506626e-06,0
1771685597500000,1771685597344000,0,6620172,-0.024292922,0.10340492,0.035025276,12.367173,1.1021741e-05,0
1771685597548000,1771685597396000,0,6620172,-0.024395267,0.103337884,-0.012145067,12.367077,1.3252268e-06,0
1771685597604000,1771685597448000,0,6620172,-0.02421529,0.10340491,0.021343509,12.367172,4.092783e-06,0
1771685597652000,1771685597500000,0,6620172,-0.023918135,0.103337884,0.03526265,12.367077,1.1171728e-05,0
1771685597708000,1771685597552000,0,6620172,-0.023741154,0.10340491,0.020988448,12.367172,3.9577444e-06,0
1771685597756000,1771685597604000,0,6620172,-0.023683561,0.10333788,0.0068344157,12.367075,4.1965586e-07,0
1771685597812000,1771685597656000,0,6620172,-0.023548702,0.1034049,0.015993131,12.367171,2.2980216e-06,0
1771685597860000,1771685597708000,0,6620172,-0.023613086,0.10333788,-0.007640263,12.367075,5.2445364e-07,0
1771685597916000,1771685597760000,0,6620172,-0.023556022,0.1034049,0.006767383,12.367171,4.1146095e-07,0
1771685597964000,1771685597812000,0,6620172,-0.023299398,0.10333787,0.030452995,12.367074,8.332025e-06,0
1771685598020000,1771685597864000,0,6620172,-0.023279976,0.103404894,0.0023033042,12.36717,4.7663914e-08,0
1771685598068000,1771685597916000,0,6620172,-0.022782397,0.10333787,0.059046578,12.367074,3.13242e-05,0
1771685598124000,1771685597968000,0,6620172,-0.022407066,0.103404894,0.044510912,12.36717,1.7800006e-05,0
1771685598172000,1771685598020000,0,6620172,-0.022114348,0.10333787,0.034736168,12.367073,1.0840627e-05,0
1771685598228000,1771685598072000,0,6620172,-0.022141974,0.103404894,-0.0032762773,12.36717,9.643806e-08,0
1771685598276000,1771685598124000,0,6620172,-0.022207925,0.10333787,-0.007826287,12.367073,5.503033e-07,0
1771685598332000,1771685598176000,0,6620172,-0.022272334,0.103404894,-0.0076382663,12.367169,5.2417556e-07,0
1771685598380000,1771685598228000,0,6620172,-0.02225695,0.10333787,0.0018255562,12.367073,2.994201e-08,0
1771685598436000,1771685598280000,0,6620172,-0.022044053,0.103404894,0.025247673,12.367169,5.7270354e-06,0
1771685598484000,1771685598332000,0,6620172,-0.021989446,0.10333787,0.0064800885,12.367072,3.7727014e-07,0
1771685598540000,1771685598384000,0,6620172,-0.021735573,0.103404894,0.030107122,12.367169,8.143773e-06,0
1771685598588000,1771685598436000,0,6620172,-0.021126024,0.10333787,0.072333716,12.367072,4.700804e-05,0
1771685598644000,1771685598488000,0,6620172,-0.021354472,0.103404894,-0.027091749,12.367168,6.5941877e-06,0
1771685598692000,1771685598540000,0,6620172,-0.021106627,0.10333787,0.029411113,12.367072,7.771655e-06,0
1771685598748000,1771685598592000,0,6620172,-0.020977542,0.103404894,0.015308287,12.367168,2.105428e-06,0
1771685598796000,1771685598644000,0,6620172,-0.02108571,0.10333786,-0.012835935,12.367071,1.480286e-06,0
1771685598852000,1771685598696000,0,6620172,-0.021071058,0.10340489,0.0017375648,12.367168,2.7124969e-08,0
1771685598900000,1771685598748000,0,6620172,-0.021054482,0.10333786,0.0019670539,12.367071,3.476347e-08,0
1771685598956000,1771685598800000,0,6620172,-0.021115236,0.10340489,-0.0072047953,12.367168,4.6636987e-07,0
1771685599004000,1771685598852000,0,6620172,-0.021215042,0.10333786,-0.011843748,12.367071,1.2602857e-06,0
1771685599060000,1771685598904000,0,6620172,-0.02103615,0.10340489,0.021215042,12.367167,4.043664e-06,0
1771685599108000,1771685598956000,0,6620172,-0.020975634,0.10333786,0.0071811695,12.367071,4.633199e-07,0
1771685599164000,1771685599008000,0,6620172,-0.020794643,0.10340489,0.021463916,12.367167,4.1390927e-06,0
1771685599212000,1771685599060000,0,6620172,-0.020812286,0.10333786,-0.0020935405,12.367071,3.9377973e-08,0
1771685599268000,1771685599112000,0,6620172,-0.021226086,0.10340489,-0.049072966,12.367167,2.1635746e-05,0
1771685599316000,1771685599164000,0,6620172,-0.021554353,0.103337854,-0.03895458,12.36707,1.3633509e-05,0
1771685599372000,1771685599216000,0,6620172,-0.021400906,0.10340488,0.01819742,12.367167,2.975136e-06,0
1771685599420000,1771685599268000,0,6620172,-0.021405725,0.103337854,-0.0005717501,12.36707,2.9369946e-09,0
1771685599476000,1771685599320000,0,6620172,-0.021249928,0.10340488,0.018476037,12.367167,3.0669373e-06,0
1771685599524000,1771685599372000,0,6620172,-0.02140929,0.103337854,-0.018911205,12.36707,3.2131359e-06,0
1771685599580000,1771685599424000,0,6620172,-0.021486608,0.10340488,-0.009169323,12.367167,7.5537366e-07,0
1771685599628000,1771685599476000,0,6620172,-0.021520536,0.103337854,-0.004026087,12.36707,1.4563206e-07,0
1771685599684000,1771685599528000,0,6620172,-0.021907263,0.10340488,-0.045862276,12.367167,1.8897243e-05,0
1771685599732000,1771685599580000,0,6620172,-0.021655789,0.103337854,0.029841833,12.36707,8.000951e-06,0
1771685599788000,1771685599632000,0,6620172,-0.021525161,0.10340488,0.015491238,12.3671665,2.1560536e-06,0
1771685599836000,1771685599684000,0,6620172,-0.021673461,0.103337854,-0.017598374,12.36707,2.7825035e-06,0
1771685599892000,1771685599736000,0,6620172,-0.021657456,0.10340488,0.0018980708,12.3671665,3.236772e-08,0
1771685599940000,1771685599788000,0,6620172,-0.02164211,0.103337854,0.0018210299,12.36707,2.9793727e-08,0
1771685599996000,1771685599840000,0,6620172,-0.021150298,0.10340488,0.05832424,12.3671665,3.056226e-05,0
1771685600044000,1771685599892000,0,6620172,-0.021371707,0.103337854,-0.026274018,12.36707,6.2021695e-06,0
1771685600100000,1771685599944000,0,6620172,-0.021911517,0.10340488,-0.064016476,12.3671665,3.6818903e-05,0
1771685600148000,1771685599996000,0,6620172,-0.022168687,0.103337854,-0.030517682,12.36707,8.367462e-06,0
1771685600204000,1771685600048000,0,6620172,-0.02238165,0.10340488,-0.02525563,12.3671665,5.7306474e-06,0
1771685600252000,1771685600100000,0,6620172,-0.02211332,0.103337854,0.031842098,12.36707,9.109488e-06,0
1771685600308000,1771685600152000,0,6620172,-0.022279916,0.10340488,-0.019756798,12.3671665,3.5068758e-06,0
1771685600356000,1771685600204000,0,6620172,-0.022445,0.103337854,-0.0195902,12.367069,3.44801e-06,0
1771685600412000,1771685600256000,0,6620172,-0.022723056,0.10340488,-0.03297492,12.3671665,9.769106e-06,0
1771685600460000,1771685600308000,0,6620172,-0.022992931,0.103337854,-0.03202548,12.367069,9.214717e-06,0
1771685600516000,1771685600360000,0,6620172,-0.022782577,0.10340488,0.024946056,12.3671665,5.5910205e-06,0
1771685600564000,1771685600412000,0,6620172,-0.022924395,0.103337854,-0.01682924,12.367069,2.5446009e-06,0
1771685600620000,1771685600464000,0,6620172,-0.02294159,0.10340488,-0.0020389836,12.3671665,3.735208e-08,0
1771685600668000,1771685600516000,0,6620172,-0.02287582,0.103337854,0.0078048706,12.367069,5.472958e-07,0
1771685600724000,1771685600568000,0,6620172,-0.023165168,0.10340488,-0.034314122,12.3671665,1.0578719e-05,0
1771685600772000,1771685600620000,0,6620172,-0.023211181,0.103337854,-0.00546032,12.367069,2.6787174e-07,0
1771685600828000,1771685600672000,0,6620172,-0.0235327,0.10340488,-0.03812915,12.3671665,1.3061755e-05,0
1771685600876000,1771685600724000,0,6620172,-0.023612134,0.103337854,-0.009426285,12.367069,7.983104e-07,0
1771685600932000,1771685600776000,0,6620172,-0.023609117,0.10340488,0.00035773963,12.3671665,1.1497976e-09,0
1771685600980000,1771685600828000,0,6620172,-0.024077775,0.103337854,-0.055614516,12.367069,2.7788625e-05,0
1771685601036000,1771685600880000,0,6620172,-0.024382208,0.10340488,-0.03610289,12.3671665,1.1710387e-05,0
1771685601084000,1771685600932000,0,6620172,-0.02432487,0.103337854,0.0068040825,12.367069,4.159392e-07,0
1771685601140000,1771685600984000,0,6620172,-0.024066743,0.10340488,0.03061149,12.3671665,8.418918e-06,0
1771685601188000,1771685601036000,0,6620172,-0.024284149,0.103337854,-0.02579898,12.367069,5.979926e-06,0
1771685601244000,1771685601088000,0,6620172,-0.024381487,0.10340488,-0.011543488,12.3671665,1.1971854e-06,0
1771685601292000,1771685601140000,0,6620172,-0.024159053,0.103337854,0.026395647,12.367069,6.259726e-06,0
1771685601348000,1771685601192000,0,6620172,-0.024371188,0.10340488,-0.025157353,12.3671665,5.6861354e-06,0
1771685601396000,1771685601244000,0,6620172,-0.02442144,0.103337854,-0.0059632845,12.367069,3.1949332e-07,0
1771685601452000,1771685601296000,0,6620172,-0.024153236,0.10340488,0.031806692,12.3671665,9.089172e-06,0
1771685601500000,1771685601348000,0,6620172,-0.023847861,0.103337854,0.036238197,12.367069,1.1798421e-05,0
1771685601556000,1771685601400000,0,6620172,-0.023904102,0.10340488,-0.006669717,12.3671665,3.996705e-07,0
1771685601604000,1771685601452000,0,6620172,-0.024196427,0.103337854,-0.03468965,12.367069,1.0811615e-05,0
1771685601660000,1771685601504000,0,6620172,-0.024683597,0.10340488,-0.057773788,12.3671665,2.9988101e-05,0
1771685601708000,1771685601556000,0,6620172,-0.025243497,0.103337854,-0.06644189,12.367069,3.9662013e-05,0
1771685601764000,1771685601608000,0,6620172,-0.02563949,0.10340488,-0.04696109,12.3671665,1.9813613e-05,0
1771685601812000,1771685601660000,0,6620172,-0.025512408,0.103337854,0.015080407,12.367069,2.043228e-06,0
1771685601868000,1771685601712000,0,6620172,-0.025581377,0.10340488,-0.008178998,12.3671665,6.01018e-07,0
1771685601916000,1771685601764000,0,6620172,-0.025688808,0.103337854,-0.0127487015,12.367069,1.4602346e-06,0
1771685601972000,1771685601816000,0,6620172,-0.0255988,0.10340488,0.01067416,12.3671665,1.0236575e-06,0
1771685602020000,1771685601868000,0,6620172,-0.025906162,0.103337854,-0.036473952,12.367069,1.1952435e-05,0
1771685602076000,1771685601920000,0,6620172,-0.026369136,0.10340488,-0.054904386,12.3671665,2.7083288e-05,0
1771685602124000,1771685601972000,0,6620172,-0.026305856,0.103337854,0.0075092725,12.367069,5.066248e-07,0
1771685602180000,1771685602024000,0,6620172,-0.026593558,0.10340488,-0.03411895,12.3671665,1.04587225e-05,0
1771685602228000,1771685602076000,0,6620172,-0.026357627,0.103337854,0.027997367,12.367069,7.0424717e-06,0
1771685602284000,1771685602128000,0,6620172,-0.026516225,0.10340488,-0.01880839,12.3671665,3.1782677e-06,0
1771685602332000,1771685602180000,0,6620172,-0.026432674,0.103337854,0.009914663,12.367069,8.8317466e-07,0
1771685602388000,1771685602232000,0,6620172,-0.02658601,0.10340488,-0.018184025,12.3671665,2.9707583e-06,0
1771685602436000,1771685602284000,0,6620172,-0.026738467,0.103337854,-0.018091725,12.367069,2.9406997e-06,0
1771685602492000,1771685602336000,0,6620172,-0.026533585,0.10340488,0.02429706,12.3671665,5.303893e-06,0
1771685602540000,1771685602388000,0,6620172,-0.026968855,0.103337854,-0.05165245,12.367069,2.397025e-05,0
1771685602596000,1771685602440000,0,6620172,-0.02720722,0.10340488,-0.028267961,12.3671665,7.1792033e-06,0
1771685602644000,1771685602492000,0,6620172,-0.0276435,0.103337854,-0.051772274,12.367069,2.4081592e-05,0
1771685602700000,1771685602544000,0,6620172,-0.027800519,0.10340488,-0.018621149,12.3671665,3.1153024e-06,0
1771685602748000,1771685602596000,0,6620172,-0.02736514,0.103337854,0.051665265,12.367069,2.3982147e-05,0
1771685602804000,1771685602648000,0,6620172,-0.02741128,0.10340488,-0.0054717734,12.3671665,2.6899457e-07,0
1771685602852000,1771685602700000,0,6620172,-0.027496606,0.103337854,-0.010125341,12.367069,9.2110685e-07,0
1771685602908000,1771685602752000,0,6620172,-0.027701184,0.10340488,-0.024261206,12.3671665,5.288251e-06,0
1771685602956000,1771685602804000,0,6620172,-0.027865846,0.103337854,-0.019540027,12.367069,3.4303705e-06,0
1771685603012000,1771685602856000,0,6620172,-0.028304573,0.10340488,-0.052029174,12.3671665,2.4320983e-05,0
1771685603060000,1771685602908000,0,6620172,-0.028224984,0.103337854,0.00944471,12.367069,8.0143434e-07,0
1771685603116000,1771685602960000,0,6620172,-0.028265933,0.10340488,-0.0048560705,12.3671665,2.1186405e-07,0
1771685603164000,1771685603012000,0,6620172,-0.028541561,0.103337854,-0.03270819,12.367069,9.611778e-06,0
1771685603220000,1771685603064000,0,6620172,-0.028737329,0.10340488,-0.023216251,12.3671665,4.842521e-06,0
1771685603268000,1771685603116000,0,6620172,-0.028775476,0.103337854,-0.004526831,12.367069,1.8411083e-07,0
1771685603324000,1771685603168000,0,6620172,-0.029293513,0.10340488,-0.061434485,12.3671665,3.3908746e-05,0
1771685603372000,1771685603220000,0,6620172,-0.02909655,0.103337854,0.023373103,12.367069,4.9082137e-06,0
1771685603428000,1771685603272000,0,6620172,-0.028746204,0.10340488,0.041547723,12.3671665,1.5508927e-05,0
1771685603476000,1771685603324000,0,6620172,-0.028639749,0.103337854,0.012632923,12.367069,1.4338325e-06,0
1771685603532000,1771685603376000,0,6620172,-0.028735356,0.10340488,-0.011338279,12.3671665,1.1549988e-06,0
1771685603580000,1771685603428000,0,6620172,-0.02867271,0.103337854,0.007434087,12.367069,4.9653056e-07,0
1771685603636000,1771685603480000,0,6620172,-0.028415492,0.10340488,0.030503765,12.3671665,8.359767e-06,0
1771685603684000,1771685603532000,0,6620172,-0.028440407,0.103337854,-0.0029565785,12.367069,7.853614e-08,0
1771685603740000,1771685603584000,0,6620172,-0.028389985,0.10340488,0.005979469,12.3671665,3.2122736e-07,0
1771685603788000,1771685603636000,0,6620172,-0.028223267,0.103337854,0.019784028,12.367069,3.516577e-06,0
1771685603844000,1771685603688000,0,6620172,-0.02810108,0.10340488,0.014490357,12.3671665,1.8864507e-06,0
1771685603892000,1771685603740000,0,6620172,-0.028298888,0.103337854,-0.023473628,12.367069,4.9505234e-06,0
1771685603948000,1771685603792000,0,6620172,-0.028022178,0.10340488,0.03281549,12.3671665,9.674869e-06,0
1771685603996000,1771685603844000,0,6620172,-0.027791182,0.103337854,0.027411826,12.367069,6.7509773e-06,0
1771685604052000,1771685603896000,0,6620172,-0.027647419,0.10340488,0.017048994,12.3671665,2.6114685e-06,0
1771685604100000,1771685603948000,0,6620172,-0.027861396,0.103337854,-0.025392132,12.367069,5.792807e-06,0
1771685604156000,1771685604000000,0,6620172,-0.027717555,0.10340488,0.017058173,12.3671665,2.6142814e-06,0
1771685604204000,1771685604052000,0,6620172,-0.02761411,0.103337854,0.01227566,12.367069,1.3538809e-06,0
1771685604260000,1771685604104000,0,6620172,-0.027510954,0.10340488,0.01223325,12.3671665,1.3445315e-06,0
1771685604308000,1771685604156000,0,6620172,-0.027683906,0.103337854,-0.020523714,12.367069,3.7844486e-06,0
1771685604364000,1771685604208000,0,6620172,-0.027418556,0.10340488,0.031468086,12.3671665,8.89668e-06,0
1771685604412000,1771685604260000,0,6620172,-0.027197275,0.103337854,0.026258888,12.367069,6.195029e-06,0
1771685604468000,1771685604312000,0,6620172,-0.026820743,0.10340488,0.04465333,12.3671665,1.79141e-05,0
1771685604516000,1771685604364000,0,6620172,-0.026844695,0.103337854,-0.0028423425,12.367069,7.2584434e-08,0
1771685604572000,1771685604416000,0,6620172,-0.026986836,0.10340488,-0.016856477,12.3671665,2.5528243e-06,0
1771685604620000,1771685604468000,0,6620172,-0.027403885,0.103337854,-0.049490213,12.367069,2.2005406e-05,0
1771685604676000,1771685604520000,0,6620172,-0.026946867,0.10340488,0.054198317,12.3671665,2.6391184e-05,0
1771685604724000,1771685604572000,0,6620172,-0.026810827,0.103337854,0.016143644,12.367069,2.3414982e-06,0
1771685604780000,1771685604624000,0,6620172,-0.026871935,0.10340488,-0.0072467905,12.3671665,4.7182255e-07,0
1771685604828000,1771685604676000,0,6620172,-0.027013239,0.103337854,-0.016768202,12.367069,2.5261766e-06,0
1771685604884000,1771685604728000,0,6620172,-0.026244536,0.10340488,0.09116119,12.3671665,7.4663316e-05,0
1771685604932000,1771685604780000,0,6620172,-0.025996117,0.103337854,0.0294794,12.367069,7.807787e-06,0
1771685604988000,1771685604832000,0,6620172,-0.02575169,0.10340488,0.02898684,12.3671665,7.548993e-06,0
1771685605036000,1771685604884000,0,6620172,-0.025748132,0.103337854,0.0004220996,12.367069,1.6007393e-09,0
1771685605092000,1771685604936000,0,6620172,-0.0261445,0.10340488,-0.047005773,12.3671665,1.9851332e-05,0
1771685605140000,1771685604988000,0,6620172,-0.026219413,0.103337854,-0.008889679,12.367069,7.100073e-07,0
1771685605196000,1771685605040000,0,6620172,-0.026019422,0.10340488,0.023716971,12.3671665,5.053657e-06,0
1771685605244000,1771685605092000,0,6620172,-0.02633507,0.103337854,-0.03745714,12.367069,1.2605495e-05,0
1771685605300000,1771685605144000,0,6620172,-0.026450627,0.10340488,-0.013703993,12.3671665,1.6872581e-06,0
1771685605348000,1771685605196000,0,6620172,-0.026208699,0.103337854,0.028708927,12.367069,7.4049926e-06,0
1771685605404000,1771685605248000,0,6620172,-0.025848737,0.10340488,0.04268819,12.3671665,1.637204e-05,0
1771685605452000,1771685605300000,0,6620172,-0.025610853,0.103337854,0.028229108,12.367069,7.1595387e-06,0
1771685605508000,1771685605352000,0,6620172,-0.026051613,0.10340488,-0.052270006,12.3671665,2.4546658e-05,0
1771685605556000,1771685605404000,0,6620172,-0.025854709,0.103337854,0.023366066,12.367069,4.9052583e-06,0
1771685605612000,1771685605456000,0,6620172,-0.025581622,0.10340488,0.03238547,12.3671665,9.422967e-06,0
1771685605660000,1771685605508000,0,6620172,-0.02523695,0.103337854,0.040901445,12.367069,1.5030313e-05,0
1771685605716000,1771685605560000,0,6620172,-0.025018482,0.10340488,0.025908336,12.3671665,6.0306807e-06,0
1771685605764000,1771685605612000,0,6620172,-0.02508128,0.103337854,-0.0074522216,12.367069,4.9895596e-07,0
1771685605820000,1771685605664000,0,6620172,-0.02478641,0.10340488,0.034968976,12.3671665,1.0986342e-05,0
1771685605868000,1771685605716000,0,6620172,-0.024893342,0.103337854,-0.012689175,12.367069,1.4466301e-06,0
1771685605924000,1771685605768000,0,6620172,-0.024883125,0.10340488,0.001211701,12.3671665,1.31910145e-08,0
1771685605972000,1771685605820000,0,6620172,-0.024877114,0.103337854,0.0007132031,12.367069,4.57001e-09,0
1771685606028000,1771685605872000,0,6620172,-0.025704917,0.10340488,-0.09816976,12.3671665,8.6585016e-05,0
1771685606076000,1771685605924000,0,6620172,-0.026128653,0.103337854,-0.050283853,12.367069,2.2716833e-05,0
1771685606132000,1771685605976000,0,6620172,-0.026032362,0.10340488,0.011419181,12.3671665,1.1715401e-06,0
1771685606180000,1771685606028000,0,6620172,-0.025892198,0.103337854,0.016632948,12.367069,2.485588e-06,0
1771685606236000,1771685606080000,0,6620172,-0.02594767,0.10340488,-0.006578505,12.3671665,3.8881385e-07,0
1771685606284000,1771685606132000,0,6620172,-0.026118878,0.103337854,-0.020316979,12.367069,3.7085913e-06,0
1771685606340000,1771685606184000,0,6620172,-0.02612509,0.10340488,-0.0007365905,12.3671665,4.8746056e-09,0
1771685606388000,1771685606236000,0,6620172,-0.026009347,0.103337854,0.0137349535,12.367069,1.694904e-06,0
1771685606444000,1771685606288000,0,6620172,-0.025734957,0.10340488,0.03254011,12.3671665,9.513171e-06,0
1771685606492000,1771685606340000,0,6620172,-0.025738228,0.103337854,-0.00038808957,12.367069,1.3531771e-09,0
1771685606548000,1771685606392000,0,6620172,-0.025501123,0.10340488,0.0281186,12.3671665,7.103537e-06,0
1771685606596000,1771685606444000,0,6620172,-0.025581457,0.103337854,-0.009533057,12.367069,8.1649796e-07,0
1771685606700000,1771685606548000,0,6620172,-0.025383307,0.103337854,0.023506196,12.367069,4.9642704e-06,0
1771685606756000,1771685606600000,0,6620172,-0.025069935,0.10340488,0.037163094,12.3671665,1.24082635e-05,0
1771685606804000,1771685606652000,0,6620172,-0.024920395,0.103337854,0.017745716,12.367069,2.8292923e-06,0
1771685606860000,1771685606704000,0,6620172,-0.02485385,0.10340488,0.007891586,12.3671665,5.5952034e-07,0
1771685606908000,1771685606756000,0,6620172,-0.024592461,0.103337854,0.0310184,12.367069,8.644293e-06,0
1771685606964000,1771685606808000,0,6620172,-0.024414426,0.10340488,0.021113457,12.3671665,4.005032e-06,0
1771685607012000,1771685606860000,0,6620172,-0.024438081,0.103337854,-0.002807254,12.367069,7.08034e-08,0
1771685607068000,1771685606912000,0,6620172,-0.024226865,0.10340488,0.025048433,12.3671665,5.637005e-06,0
1771685607116000,1771685606964000,0,6620172,-0.024135862,0.103337854,0.01079913,12.367069,1.0477756e-06,0
1771685607172000,1771685607016000,0,6620172,-0.024283344,0.10340488,-0.017490115,12.3671665,2.7483538e-06,0
1771685607220000,1771685607068000,0,6620172,-0.024114199,0.103337854,0.020071918,12.367069,3.619666e-06,0
1771685607276000,1771685607120000,0,6620172,-0.024225323,0.10340488,-0.0131782815,12.3671665,1.5602882e-06,0
1771685607324000,1771685607172000,0,6620172,-0.024177022,0.103337854,0.00573167,12.367069,2.95157e-07,0
1771685607380000,1771685607224000,0,6620172,-0.023695746,0.10340488,0.05707497,12.3671665,2.9267034e-05,0
1771685607428000,1771685607276000,0,6620172,-0.023654995,0.103337854,0.004835883,12.367069,2.1010787e-07,0
1771685607484000,1771685607328000,0,6620172,-0.023931598,0.10340488,-0.032802522,12.3671665,9.667224e-06,0
1771685607532000,1771685607380000,0,6620172,-0.023887316,0.103337854,0.0052548405,12.367069,2.4809032e-07,0
1771685607588000,1771685607432000,0,6620172,-0.024356505,0.10340488,-0.055641495,12.3671665,2.7815371e-05,0
1771685607636000,1771685607484000,0,6620172,-0.024463458,0.103337854,-0.012691835,12.367069,1.4472366e-06,0
1771685607692000,1771685607536000,0,6620172,-0.024609208,0.10340488,-0.017284589,12.3671665,2.6841415e-06,0
1771685607740000,1771685607588000,0,6620172,-0.024356052,0.103337854,0.030041337,12.367069,8.108289e-06,0
1771685607796000,1771685607640000,0,6620172,-0.024184642,0.10340488,0.020327732,12.3671665,3.7124887e-06,0
1771685607844000,1771685607692000,0,6620172,-0.024252925,0.103337854,-0.008102955,12.367069,5.8989895e-07,0
1771685607900000,1771685607744000,0,6620172,-0.024283106,0.10340488,-0.0035791062,12.3671665,1.150897e-07,0
1771685607948000,1771685607796000,0,6620172,-0.024314554,0.103337854,-0.0037320312,12.367069,1.2513571e-07,0
1771685608004000,1771685607848000,0,6620172,-0.024861459,0.10340488,-0.06485781,12.3671665,3.779304e-05,0
1771685608052000,1771685607900000,0,6620172,-0.024812426,0.103337854,0.00581849,12.367069,3.041664e-07,0
1771685608108000,1771685607952000,0,6620172,-0.024964498,0.10340488,-0.018034253,12.3671665,2.922023e-06,0
1771685608156000,1771685608004000,0,6620172,-0.024720179,0.103337854,0.028992819,12.367069,7.552167e-06,0
1771685608212000,1771685608056000,0,6620172,-0.024837516,0.10340488,-0.013915075,12.3671665,1.739636e-06,0
1771685608260000,1771685608108000,0,6620172,-0.024954302,0.103337854,-0.013858773,12.367069,1.7256004e-06,0
1771685608316000,1771685608160000,0,6620172,-0.024873575,0.10340488,0.009573443,12.3671665,8.234241e-07,0
1771685608364000,1771685608212000,0,6620172,-0.024594018,0.103337854,0.03317436,12.367069,9.887712e-06,0
1771685608420000,1771685608264000,0,6620172,-0.024514785,0.10340488,0.009396264,12.3671665,7.9322746e-07,0
1771685608468000,1771685608316000,0,6620172,-0.024357064,0.103337854,0.018716445,12.367069,3.1472948e-06,0
1771685608524000,1771685608368000,0,6620172,-0.024041537,0.10340488,0.03741859,12.3671665,1.2579463e-05,0
1771685608572000,1771685608420000,0,6620172,-0.023850257,0.103337854,0.022698764,12.367069,4.6290847e-06,0
1771685608628000,1771685608472000,0,6620172,-0.02398059,0.10340488,-0.015456384,12.3671665,2.1463627e-06,0
1771685608676000,1771685608524000,0,6620172,-0.024111798,0.103337854,-0.015570192,12.367069,2.178104e-06,0
1771685608732000,1771685608576000,0,6620172,-0.023889435,0.10340488,0.026370099,12.3671665,6.2475656e-06,0
1771685608780000,1771685608628000,0,6620172,-0.024108335,0.103337854,-0.025976287,12.367069,6.062404e-06,0
1771685608836000,1771685608680000,0,6620172,-0.02420973,0.10340488,-0.012024477,12.3671665,1.2990315e-06,0
1771685608884000,1771685608732000,0,6620172,-0.02383753,0.103337854,0.044168226,12.367069,1.7527123e-05,0
1771685608940000,1771685608784000,0,6620172,-0.023666888,0.10340488,0.020236455,12.3671665,3.6792235e-06,0
1771685608988000,1771685608836000,0,6620172,-0.023656212,0.103337854,0.0012669861,12.367069,1.4422297e-08,0
1771685609044000,1771685608888000,0,6620172,-0.023844281,0.10340488,-0.02230326,12.3671665,4.4691405e-06,0
1771685609092000,1771685608940000,0,6620172,-0.023869142,0.103337854,-0.0029501524,12.367069,7.819511e-08,0
1771685609148000,1771685608992000,0,6620172,-0.024206214,0.10340488,-0.03997363,12.3671665,1.4356035e-05,0
1771685609196000,1771685609044000,0,6620172,-0.02414213,0.103337854,0.007604651,12.367069,5.1957625e-07,0
1771685609252000,1771685609096000,0,6620172,-0.023838708,0.10340488,0.03598295,12.3671665,1.1632709e-05,0
1771685609300000,1771685609148000,0,6620172,-0.023772065,0.103337854,0.007908532,12.367069,5.6193034e-07,0
1771685609356000,1771685609200000,0,6620172,-0.024178406,0.10340488,-0.048188385,12.3671665,2.0862772e-05,0
1771685609404000,1771685609252000,0,6620172,-0.023827557,0.103337854,0.041634463,12.367069,1.5573873e-05,0
1771685609460000,1771685609304000,0,6620172,-0.023836104,0.10340488,-0.0010137521,12.3671665,9.23317e-09,0
1771685609508000,1771685609356000,0,6620172,-0.023682559,0.103337854,0.01822087,12.367069,2.9828327e-06,0
1771685609564000,1771685609408000,0,6620172,-0.023604836,0.10340488,0.009217227,12.3671665,7.6328695e-07,0
1771685609612000,1771685609460000,0,6620172,-0.023406949,0.103337854,0.023482766,12.367069,4.9543787e-06,0
1771685609668000,1771685609512000,0,6620172,-0.023365518,0.10340488,0.0049132966,12.3671665,2.1688686e-07,0
1771685609716000,1771685609564000,0,6620172,-0.023795081,0.103337854,-0.0509753,12.367069,2.3345883e-05,0
1771685609772000,1771685609616000,0,6620172,-0.024096236,0.10340488,-0.035714194,12.3671665,1.1459588e-05,0
1771685609820000,1771685609668000,0,6620172,-0.02407114,0.103337854,0.0029780716,12.367069,7.968214e-08,0
1771685609876000,1771685609720000,0,6620172,-0.024237696,0.10340488,-0.019752102,12.3671665,3.505209e-06,0
1771685609924000,1771685609772000,0,6620172,-0.024042191,0.103337854,0.023200098,12.367069,4.8358224e-06,0
1771685609980000,1771685609824000,0,6620172,-0.024517793,0.10340488,-0.056402147,12.3671665,2.8581075e-05,0
1771685610028000,1771685609876000,0,6620172,-0.024671735,0.103337854,-0.018267851,12.367069,2.9982348e-06,0
1771685610084000,1771685609928000,0,6620172,-0.02466802,0.10340488,0.0004407782,12.3671665,1.7455308e-09,0
1771685610132000,1771685609980000,0,6620172,-0.024266753,0.103337854,0.047617238,12.367069,2.0371319e-05,0
1771685610188000,1771685610032000,0,6620172,-0.024265422,0.10340488,0.00015786663,12.3671665,2.2390714e-10,0
1771685610236000,1771685610084000,0,6620172,-0.024578877,0.103337854,-0.03719698,12.367069,1.2430999e-05,0
1771685610292000,1771685610136000,0,6620172,-0.024490507,0.10340488,0.010479756,12.3671665,9.867101e-07,0
1771685610340000,1771685610188000,0,6620172,-0.024638508,0.103337854,-0.017562715,12.367069,2.7712395e-06,0
1771685610396000,1771685610240000,0,6620172,-0.024704037,0.10340488,-0.0077711605,12.3671665,5.4257407e-07,0
1771685610444000,1771685610292000,0,6620172,-0.024215031,0.103337854,0.058029234,12.367069,3.0254112e-05,0
1771685610500000,1771685610344000,0,6620172,-0.023971213,0.10340488,0.028914738,12.3671665,7.511485e-06,0
1771685610548000,1771685610396000,0,6620172,-0.024243943,0.103337854,-0.032364234,12.367069,9.410689e-06,0
1771685610604000,1771685610448000,0,6620172,-0.024394117,0.10340488,-0.01780928,12.3671665,2.8495742e-06,0
1771685610652000,1771685610500000,0,6620172,-0.02434131,0.103337854,0.006266676,12.367069,3.5282974e-07,0
1771685610708000,1771685610552000,0,6620172,-0.024405228,0.10340488,-0.0075800773,12.3671665,5.162197e-07,0
1771685610756000,1771685610604000,0,6620172,-0.0246635,0.103337854,-0.030648483,12.367069,8.439344e-06,0
1771685610812000,1771685610656000,0,6620172,-0.024759699,0.10340488,-0.011408277,12.3671665,1.1693039e-06,0
1771685610860000,1771685610708000,0,6620172,-0.024855025,0.103337854,-0.011312079,12.367069,1.1496762e-06,0
1771685610916000,1771685610760000,0,6620172,-0.025029898,0.10340488,-0.020738237,12.3671665,3.863945e-06,0
1771685610964000,1771685610812000,0,6620172,-0.024612725,0.103337854,0.049504995,12.367069,2.2018552e-05,0
1771685611020000,1771685610864000,0,6620172,-0.025071165,0.10340488,-0.054366767,12.3671665,2.655549e-05,0
1771685611068000,1771685610916000,0,6620172,-0.025207585,0.103337854,-0.016188601,12.367069,2.3545576e-06,0
1771685611124000,1771685610968000,0,6620172,-0.025382057,0.10340488,-0.020690853,12.3671665,3.846308e-06,0
1771685611172000,1771685611020000,0,6620172,-0.025511228,0.103337854,-0.015328392,12.367069,2.110979e-06,0
1771685611228000,1771685611072000,0,6620172,-0.025279123,0.10340488,0.027525388,12.3671665,6.8069753e-06,0
1771685611276000,1771685611124000,0,6620172,-0.025045011,0.103337854,0.027781565,12.367069,6.934324e-06,0
1771685611332000,1771685611176000,0,6620172,-0.025442677,0.10340488,-0.04715958,12.3671665,1.9981455e-05,0
1771685611380000,1771685611228000,0,6620172,-0.025636144,0.103337854,-0.022958202,12.367069,4.735507e-06,0
1771685611436000,1771685611280000,0,6620172,-0.02535049,0.10340488,0.03387589,12.3671665,1.0310238e-05,0
1771685611484000,1771685611332000,0,6620172,-0.02538169,0.103337854,-0.0037022438,12.367069,1.2314612e-07,0
1771685611540000,1771685611384000,0,6620172,-0.025211925,0.10340488,0.020132666,12.3671665,3.6415802e-06,0
1771685611588000,1771685611436000,0,6620172,-0.025079703,0.103337854,0.01569044,12.367069,2.211877e-06,0
1771685611644000,1771685611488000,0,6620172,-0.025741102,0.10340488,-0.07843592,12.3671665,5.527354e-05,0
1771685611692000,1771685611540000,0,6620172,-0.02544652,0.103337854,0.03495741,12.367069,1.0979162e-05,0
1771685611748000,1771685611592000,0,6620172,-0.025353407,0.10340488,0.011042222,12.3671665,1.0954694e-06,0
1771685611796000,1771685611644000,0,6620172,-0.025539396,0.103337854,-0.022070909,12.367069,4.3765426e-06,0
1771685611852000,1771685611696000,0,6620172,-0.02557108,0.10340488,-0.0037574787,12.3671665,1.2684704e-07,0
1771685611900000,1771685611748000,0,6620172,-0.02580101,0.103337854,-0.027285365,12.367069,6.6888315e-06,0
1771685611956000,1771685611800000,0,6620172,-0.025633885,0.10340488,0.019819565,12.3671665,3.529194e-06,0
1771685612004000,1771685611852000,0,6620172,-0.02578665,0.103337854,-0.018128322,12.367069,2.952609e-06,0
1771685612060000,1771685611904000,0,6620172,-0.025899624,0.10340488,-0.013397921,12.3671665,1.6127316e-06,0
1771685612108000,1771685611956000,0,6620172,-0.025893278,0.103337854,0.0007531401,12.367069,5.09615e-09,0
1771685612164000,1771685612008000,0,6620172,-0.025889039,0.10340488,0.0005026534,12.3671665,2.2699933e-09,0
1771685612212000,1771685612060000,0,6620172,-0.026440322,0.103337854,-0.065419555,12.367069,3.8450846e-05,0
1771685612268000,1771685612112000,0,6620172,-0.026671307,0.10340488,-0.027392685,12.3671665,6.7414994e-06,0
1771685612316000,1771685612164000,0,6620172,-0.026622454,0.103337854,0.0057972837,12.367069,3.0195335e-07,0
1771685612372000,1771685612216000,0,6620172,-0.026891017,0.10340488,-0.031849228,12.3671665,9.113498e-06,0
1771685612420000,1771685612268000,0,6620172,-0.027196748,0.103337854,-0.03628037,12.367069,1.1825899e-05,0
1771685612476000,1771685612320000,0,6620172,-0.027106376,0.10340488,0.010717256,12.3671665,1.0319401e-06,0
1771685612524000,1771685612372000,0,6620172,-0.026977735,0.103337854,0.015265556,12.367069,2.0937073e-06,0
1771685612580000,1771685612424000,0,6620172,-0.02688818,0.10340488,0.010620313,12.3671665,1.0133557e-06,0
1771685612628000,1771685612476000,0,6620172,-0.027113698,0.103337854,-0.026761722,12.367069,6.4345595e-06,0
1771685612684000,1771685612528000,0,6620172,-0.02682382,0.10340488,0.034376882,12.3671665,1.061745e-05,0
1771685612732000,1771685612580000,0,6620172,-0.026498511,0.103337854,0.038603604,12.367069,1.3388947e-05,0
1771685612788000,1771685612632000,0,6620172,-0.026693493,0.10340488,-0.02312307,12.3671665,4.8037273e-06,0
1771685612836000,1771685612684000,0,6620172,-0.02688722,0.103337854,-0.022989124,12.367069,4.7482717e-06,0
1771685612892000,1771685612736000,0,6620172,-0.026961064,0.10340488,-0.008757312,12.3671665,6.890154e-07,0
1771685612940000,1771685612788000,0,6620172,-0.026993606,0.103337854,-0.00386169,12.367069,1.3398171e-07,0
1771685612996000,1771685612840000,0,6620172,-0.026906492,0.10340488,0.010331009,12.3671665,9.588988e-07,0
1771685613044000,1771685612892000,0,6620172,-0.02697807,0.103337854,-0.008493898,12.367069,6.4819375e-07,0
1771685613100000,1771685612944000,0,6620172,-0.026930716,0.10340488,0.005615765,12.3671665,2.8333824e-07,0
1771685613148000,1771685612996000,0,6620172,-0.026650282,0.103337854,0.033278372,12.367069,9.949812e-06,0
1771685613204000,1771685613048000,0,6620172,-0.026496068,0.10340488,0.018288465,12.3671665,3.0049816e-06,0
1771685613252000,1771685613100000,0,6620172,-0.026188951,0.103337854,0.036444798,12.367069,1.19333345e-05,0
1771685613308000,1771685613152000,0,6620172,-0.025971204,0.10340488,0.02582274,12.3671665,5.9908984e-06,0
1771685613356000,1771685613204000,0,6620172,-0.025994087,0.103337854,-0.0027153194,12.367069,6.624187e-08,0
1771685613412000,1771685613256000,0,6620172,-0.02601679,0.10340488,-0.0026924368,12.3671665,6.512958e-08,0
1771685613460000,1771685613308000,0,6620172,-0.026354577,0.103337854,-0.040084284,12.367069,1.4435737e-05,0
1771685613516000,1771685613360000,0,6620172,-0.02645247,0.10340488,-0.01160929,12.3671665,1.2108729e-06,0
1771685613564000,1771685613412000,0,6620172,-0.026472325,0.103337854,-0.0023561232,12.367069,4.9875435e-08,0
1771685613620000,1771685613464000,0,6620172,-0.027047869,0.10340488,-0.06825424,12.3671665,4.1854924e-05,0
1771685613668000,1771685613516000,0,6620172,-0.026828682,0.103337854,0.026010271,12.367069,6.078277e-06,0
1771685613724000,1771685613568000,0,6620172,-0.026652891,0.10340488,0.020847237,12.3671665,3.9046695e-06,0
1771685613772000,1771685613620000,0,6620172,-0.026600594,0.103337854,0.006206114,12.367069,3.460431e-07,0
1771685613828000,1771685613672000,0,6620172,-0.026554365,0.10340488,0.0054824296,12.3671665,2.7004333e-07,0
1771685613876000,1771685613724000,0,6620172,-0.026827443,0.103337854,-0.032405596,12.367069,9.434758e-06,0
1771685613932000,1771685613776000,0,6620172,-0.026586814,0.10340488,0.028536428,12.3671665,7.316216e-06,0
1771685613980000,1771685613828000,0,6620172,-0.026468722,0.103337854,0.014013572,12.367069,1.7643648e-06,0
1771685614036000,1771685613880000,0,6620172,-0.026751963,0.10340488,-0.03358987,12.3671665,1.0136871e-05,0
1771685614084000,1771685613932000,0,6620172,-0.026720433,0.103337854,0.0037417095,12.367069,1.2578558e-07,0
1771685614140000,1771685613984000,0,6620172,-0.026534745,0.10340488,0.022020726,12.3671665,4.356629e-06,0
1771685614188000,1771685614036000,0,6620172,-0.026513275,0.103337854,0.002547929,12.367069,5.8326428e-08,0
1771685614244000,1771685614088000,0,6620172,-0.026807979,0.10340488,-0.034949128,12.3671665,1.0973874e-05,0
1771685614292000,1771685614140000,0,6620172,-0.02710155,0.103337854,-0.03483753,12.367069,1.0903989e-05,0
1771685614348000,1771685614192000,0,6620172,-0.02711543,0.10340488,-0.0016460083,12.3671665,2.4341727e-08,0
1771685614396000,1771685614244000,0,6620172,-0.02708958,0.103337854,0.0030675791,12.367069,8.454389e-08,0
1771685614452000,1771685614296000,0,6620172,-0.02714525,0.10340488,-0.0066018254,12.3671665,3.9157536e-07,0
1771685614500000,1771685614348000,0,6620172,-0.027397405,0.103337854,-0.029922621,12.367069,8.044332e-06,0
1771685614556000,1771685614400000,0,6620172,-0.027132412,0.10340488,0.031425726,12.3671665,8.872743e-06,0
1771685614604000,1771685614452000,0,6620172,-0.027146537,0.103337854,-0.0016761813,12.367069,2.524252e-08,0
1771685614660000,1771685614504000,0,6620172,-0.027040634,0.10340488,0.0125591345,12.3671665,1.4171203e-06,0
1771685614708000,1771685614556000,0,6620172,-0.027211891,0.103337854,-0.020322647,12.367069,3.7106608e-06,0
1771685614764000,1771685614608000,0,6620172,-0.026904717,0.10340488,0.0364282,12.3671665,1.1922371e-05,0
1771685614812000,1771685614660000,0,6620172,-0.02671657,0.103337854,0.02232708,12.367069,4.4787266e-06,0
1771685614868000,1771685614712000,0,6620172,-0.026568487,0.10340488,0.017561296,12.3671665,2.7707697e-06,0
1771685614916000,1771685614764000,0,6620172,-0.026461866,0.103337854,0.012652472,12.367069,1.4382734e-06,0
1771685614972000,1771685614816000,0,6620172,-0.026280418,0.10340488,0.021518018,12.3671665,4.1599856e-06,0
1771685615020000,1771685614868000,0,6620172,-0.026063584,0.103337854,0.025731102,12.367069,5.9485005e-06,0
1771685615076000,1771685614920000,0,6620172,-0.025611691,0.10340488,0.05359044,12.3671665,2.5802508e-05,0
1771685615124000,1771685614972000,0,6620172,-0.025087262,0.103337854,0.062232785,12.367069,3.479599e-05,0
1771685615180000,1771685615024000,0,6620172,-0.025163932,0.10340488,-0.009092426,12.3671665,7.4275715e-07,0
1771685615228000,1771685615076000,0,6620172,-0.025240935,0.103337854,-0.009137826,12.367069,7.50199e-07,0
1771685615332000,1771685615180000,0,6620172,-0.02563436,0.103337854,-0.046781346,12.367069,1.9662384e-05,0
1771685615388000,1771685615232000,0,6620172,-0.025192263,0.10340488,0.052428793,12.3671665,2.4696023e-05,0
1771685615436000,1771685615284000,0,6620172,-0.02570467,0.103337854,-0.060806274,12.367069,3.3219072e-05,0
1771685615492000,1771685615336000,0,6620172,-0.025778709,0.10340488,-0.008780193,12.3671665,6.926206e-07,0
1771685615540000,1771685615388000,0,6620172,-0.025575876,0.103337854,0.024069725,12.367069,5.2051464e-06,0
1771685615596000,1771685615440000,0,6620172,-0.025532626,0.10340488,0.005129099,12.3671665,2.3635754e-07,0
1771685615644000,1771685615492000,0,6620172,-0.025450164,0.103337854,0.009785555,12.367069,8.6032327e-07,0
1771685615700000,1771685615544000,0,6620172,-0.024932934,0.10340488,0.061338834,12.3671665,3.380324e-05,0
1771685615748000,1771685615596000,0,6620172,-0.025094692,0.103337854,-0.019195484,12.367069,3.3104639e-06,0
1771685615804000,1771685615648000,0,6620172,-0.024939697,0.10340488,0.018380824,12.3671665,3.0354092e-06,0
1771685615852000,1771685615700000,0,6620172,-0.02486789,0.103337854,0.00852124,12.367069,6.523735e-07,0
1771685615908000,1771685615752000,0,6620172,-0.025312342,0.10340488,-0.05270779,12.3671665,2.495956e-05,0
1771685615956000,1771685615804000,0,6620172,-0.024960166,0.103337854,0.041791834,12.367069,1.569183e-05,0
1771685616012000,1771685615856000,0,6620172,-0.025087316,0.10340488,-0.015078897,12.3671665,2.0428026e-06,0
1771685616060000,1771685615908000,0,6620172,-0.024857905,0.103337854,0.027223546,12.367069,6.6585567e-06,0
1771685616116000,1771685615960000,0,6620172,-0.024910776,0.10340488,-0.006270025,12.3671665,3.5320417e-07,0
1771685616164000,1771685616012000,0,6620172,-0.02512004,0.103337854,-0.024832876,12.367069,5.5404466e-06,0
1771685616220000,1771685616064000,0,6620172,-0.024852121,0.10340488,0.031772874,12.3671665,9.069853e-06,0
1771685616268000,1771685616116000,0,6620172,-0.025258357,0.103337854,-0.048206963,12.367069,2.0879028e-05,0
1771685616324000,1771685616168000,0,6620172,-0.02569797,0.10340488,-0.052134223,12.3671665,2.4419292e-05,0
1771685616372000,1771685616220000,0,6620172,-0.025497876,0.103337854,0.023744846,12.367069,5.0655826e-06,0
1771685616428000,1771685616272000,0,6620172,-0.025772834,0.10340488,-0.032607593,12.3671665,9.55267e-06,0
1771685616476000,1771685616324000,0,6620172,-0.02556645,0.103337854,0.024491096,12.367069,5.388987e-06,0
1771685616532000,1771685616376000,0,6620172,-0.0254749,0.10340488,0.010856977,12.3671665,1.0590222e-06,0
1771685616580000,1771685616428000,0,6620172,-0.026011672,0.103337854,-0.063697465,12.367069,3.6453144e-05,0
1771685616636000,1771685616480000,0,6620172,-0.026338397,0.10340488,-0.03874663,12.3671665,1.3488236e-05,0
1771685616684000,1771685616532000,0,6620172,-0.026493968,0.103337854,-0.018461408,12.367069,3.0621068e-06,0
1771685616740000,1771685616584000,0,6620172,-0.026560836,0.10340488,-0.00792986,12.3671665,5.6496077e-07,0
1771685616788000,1771685616636000,0,6620172,-0.026616296,0.103337854,-0.0065812543,12.367069,3.8914197e-07,0
1771685616844000,1771685616688000,0,6620172,-0.026859693,0.10340488,-0.028864661,12.3671665,7.4854897e-06,0
1771685616892000,1771685616740000,0,6620172,-0.027092138,0.103337854,-0.027583666,12.367069,6.835884e-06,0
1771685616948000,1771685616792000,0,6620172,-0.02715705,0.10340488,-0.0076979008,12.3671665,5.3239245e-07,0
1771685616996000,1771685616844000,0,6620172,-0.02717354,0.103337854,-0.00195672,12.367069,3.4399175e-08,0
1771685617052000,1771685616896000,0,6620172,-0.02746216,0.10340488,-0.034227826,12.3671665,1.0525578e-05,0
1771685617100000,1771685616948000,0,6620172,-0.027228681,0.103337854,0.0277063,12.367069,6.8968025e-06,0
1771685617156000,1771685617000000,0,6620172,-0.027233768,0.10340488,-0.0006033499,12.3671665,3.2705874e-09,0
1771685617204000,1771685617052000,0,6620172,-0.0272779,0.103337854,-0.005236935,12.367069,2.4640246e-07,0
1771685617260000,1771685617104000,0,6620172,-0.027400432,0.10340488,-0.014531182,12.3671665,1.8970956e-06,0
1771685617308000,1771685617156000,0,6620172,-0.027520824,0.103337854,-0.01428658,12.367069,1.8337801e-06,0
1771685617364000,1771685617208000,0,6620172,-0.027440587,0.10340488,0.009515453,12.3671665,8.1347883e-07,0
1771685617412000,1771685617260000,0,6620172,-0.027518978,0.103337854,-0.009302577,12.367069,7.774944e-07,0
1771685617468000,1771685617312000,0,6620172,-0.027435668,0.10340488,0.009879818,12.3671665,8.769709e-07,0
1771685617516000,1771685617364000,0,6620172,-0.027668918,0.103337854,-0.027679078,12.367069,6.883257e-06,0
1771685617572000,1771685617416000,0,6620172,-0.027505085,0.10340488,0.019429171,12.3671665,3.3915317e-06,0
1771685617620000,1771685617468000,0,6620172,-0.027697116,0.103337854,-0.022787884,12.367069,4.6655055e-06,0
1771685617676000,1771685617520000,0,6620172,-0.027886108,0.10340488,-0.022412747,12.3671665,4.513126e-06,0
1771685617724000,1771685617572000,0,6620172,-0.027716435,0.103337854,0.020134643,12.367069,3.642324e-06,0
1771685617780000,1771685617624000,0,6620172,-0.027388021,0.10340488,0.038946904,12.3671665,1.3628033e-05,0
1771685617828000,1771685617676000,0,6620172,-0.027419023,0.103337854,-0.0036788732,12.367069,1.215963e-07,0
1771685617884000,1771685617728000,0,6620172,-0.027294353,0.10340488,0.014784746,12.3671665,1.9638803e-06,0
1771685617932000,1771685617780000,0,6620172,-0.027210932,0.103337854,0.009899333,12.367069,8.804457e-07,0
1771685617988000,1771685617832000,0,6620172,-0.02705199,0.10340488,0.018849116,12.3671665,3.192047e-06,0
1771685618036000,1771685617884000,0,6620172,-0.027490092,0.103337854,-0.051988535,12.367069,2.4283197e-05,0
1771685618092000,1771685617936000,0,6620172,-0.028083302,0.10340488,-0.07034926,12.3671665,4.4463777e-05,0
1771685618140000,1771685617988000,0,6620172,-0.027841503,0.103337854,0.028693654,12.367069,7.397116e-06,0
1771685618196000,1771685618040000,0,6620172,-0.02819809,0.10340488,-0.042287894,12.3671665,1.606643e-05,0
1771685618244000,1771685618092000,0,6620172,-0.028390452,0.103337854,-0.022827301,12.367069,4.68166e-06,0
1771685618300000,1771685618144000,0,6620172,-0.02830494,0.10340488,0.010140941,12.3671665,9.2394e-07,0
1771685618348000,1771685618196000,0,6620172,-0.02825775,0.103337854,0.005599862,12.367069,2.8173795e-07,0
1771685618404000,1771685618248000,0,6620172,-0.0281363,0.10340488,0.0144027695,12.3671665,1.8637141e-06,0
1771685618452000,1771685618300000,0,6620172,-0.028493771,0.103337854,-0.042420343,12.367069,1.6167358e-05,0
1771685618508000,1771685618352000,0,6620172,-0.028850518,0.10340488,-0.04230701,12.3671665,1.6080961e-05,0
1771685618612000,1771685618456000,0,6620172,-0.02900988,0.10340488,-0.019001912,12.3671665,3.244008e-06,0
1771685618660000,1771685618508000,0,6620172,-0.02893412,0.103337854,0.008990349,12.367069,7.261793e-07,0
1771685618716000,1771685618560000,0,6620172,-0.029099815,0.10340488,-0.019649865,12.3671665,3.469017e-06,0
1771685618764000,1771685618612000,0,6620172,-0.02946151,0.103337854,-0.04292167,12.367069,1.655175e-05,0
1771685618820000,1771685618664000,0,6620172,-0.029621728,0.10340488,-0.019000404,12.3671665,3.243493e-06,0
1771685618868000,1771685618716000,0,6620172,-0.030014,0.103337854,-0.046550147,12.367069,1.9468514e-05,0
1771685618924000,1771685618768000,0,6620172,-0.03008361,0.10340488,-0.008255042,12.3671665,6.122459e-07,0
1771685618972000,1771685618820000,0,6620172,-0.030386612,0.103337854,-0.035956427,12.367069,1.1615657e-05,0
1771685619028000,1771685618872000,0,6620172,-0.030605422,0.10340488,-0.025948837,12.3671665,6.0495504e-06,0
1771685619076000,1771685618924000,0,6620172,-0.030664345,0.103337854,-0.006992234,12.367069,4.3926096e-07,0
1771685619132000,1771685618976000,0,6620172,-0.030601863,0.10340488,0.0074099507,12.3671665,4.9330777e-07,0
1771685619180000,1771685619028000,0,6620172,-0.030495713,0.103337854,0.012596492,12.367069,1.4255746e-06,0
1771685619236000,1771685619080000,0,6620172,-0.030820139,0.10340488,-0.038474016,12.3671665,1.3299103e-05,0
1771685619284000,1771685619132000,0,6620172,-0.030935373,0.103337854,-0.01367449,12.367069,1.6800143e-06,0
1771685619340000,1771685619184000,0,6620172,-0.030927218,0.10340488,0.00096711144,12.3671665,8.4031155e-09,0
1771685619388000,1771685619236000,0,6620172,-0.031073438,0.103337854,-0.01735159,12.367069,2.7050123e-06,0
1771685619444000,1771685619288000,0,6620172,-0.030701792,0.10340488,0.044073924,12.3671665,1.7452223e-05,0
1771685619492000,1771685619340000,0,6620172,-0.031006271,0.103337854,-0.036131702,12.367069,1.17291775e-05,0
1771685619548000,1771685619392000,0,6620172,-0.030956345,0.10340488,0.005920822,12.3671665,3.1495702e-07,0
1771685619596000,1771685619444000,0,6620172,-0.030830748,0.103337854,0.014904099,12.367069,1.9957315e-06,0
1771685619652000,1771685619496000,0,6620172,-0.030587757,0.10340488,0.028816588,12.3671665,7.460577e-06,0
1771685619700000,1771685619548000,0,6620172,-0.030306337,0.103337854,0.033395372,12.367069,1.0019898e-05,0
1771685619756000,1771685619600000,0,6620172,-0.030186657,0.10340488,0.014193056,12.3671665,1.8098357e-06,0
1771685619804000,1771685619652000,0,6620172,-0.030543309,0.103337854,-0.04232311,12.367069,1.6093327e-05,0
1771685619860000,1771685619704000,0,6620172,-0.03042163,0.10340488,0.014430027,12.3671665,1.8707752e-06,0
1771685619908000,1771685619756000,0,6620172,-0.030263508,0.103337854,0.018763915,12.367069,3.1632799e-06,0
1771685619964000,1771685619808000,0,6620172,-0.030147277,0.10340488,0.013784016,12.3671665,1.7070208e-06,0
1771685620012000,1771685619860000,0,6620172,-0.029794475,0.103337854,0.041866027,12.367069,1.5747593e-05,0
1771685620068000,1771685619912000,0,6620172,-0.029292079,0.10340488,0.059579633,12.3671665,3.1892087e-05,0
1771685620116000,1771685619964000,0,6620172,-0.02927206,0.103337854,0.0023755748,12.367069,5.0702354e-08,0
1771685620172000,1771685620016000,0,6620172,-0.029453948,0.10340488,-0.021570224,12.3671665,4.180196e-06,0
1771685620220000,1771685620068000,0,6620172,-0.028923372,0.103337854,0.06296225,12.367069,3.5616496e-05,0
1771685620276000,1771685620120000,0,6620172,-0.02867948,0.10340488,0.028923372,12.3671665,7.5159714e-06,0
1771685620324000,1771685620172000,0,6620172,-0.02859879,0.103337854,0.009575477,12.367069,8.237805e-07,0
1771685620380000,1771685620224000,0,6620172,-0.028560929,0.10340488,0.0044899024,12.3671665,1.8111777e-07,0
1771685620428000,1771685620276000,0,6620172,-0.02848535,0.103337854,0.008968644,12.367069,7.2267704e-07,0
1771685620484000,1771685620328000,0,6620172,-0.028373305,0.10340488,0.013287596,12.3671665,1.5862811e-06,0
1771685620532000,1771685620380000,0,6620172,-0.028462866,0.103337854,-0.01062816,12.367069,1.0148617e-06,0
1771685620588000,1771685620432000,0,6620172,-0.028317558,0.10340488,0.017232398,12.3671665,2.667956e-06,0
1771685620636000,1771685620484000,0,6620172,-0.028372616,0.103337854,-0.0065335166,12.367069,3.835171e-07,0
1771685620692000,1771685620536000,0,6620172,-0.028273357,0.10340488,0.011771053,12.3671665,1.2448526e-06,0
1771685620740000,1771685620588000,0,6620172,-0.028297927,0.103337854,-0.0029156078,12.367069,7.637459e-08,0
1771685620796000,1771685620640000,0,6620172,-0.028285764,0.10340488,0.0014424585,12.3671665,1.8693642e-08,0
1771685620844000,1771685620692000,0,6620172,-0.028276283,0.103337854,0.0011251196,12.367069,1.1373342e-08,0
1771685620900000,1771685620744000,0,6620172,-0.027993072,0.10340488,0.033586342,12.3671665,1.0134742e-05,0
1771685620948000,1771685620796000,0,6620172,-0.02767694,0.103337854,0.037514556,12.367069,1.264417e-05,0
1771685621004000,1771685620848000,0,6620172,-0.027645309,0.10340488,0.0037511587,12.3671665,1.264207e-07,0
1771685621052000,1771685620900000,0,6620172,-0.027616022,0.103337854,0.0034753866,12.367069,1.085168e-07,0
1771685621108000,1771685620952000,0,6620172,-0.027590051,0.10340488,0.0030798893,12.3671665,8.522314e-08,0
1771685621156000,1771685621004000,0,6620172,-0.0271333,0.103337854,0.05420138,12.367069,2.6394375e-05,0
1771685621212000,1771685621056000,0,6620172,-0.026838627,0.10340488,0.0349458,12.3671665,1.0971785e-05,0
1771685621260000,1771685621108000,0,6620172,-0.026709156,0.103337854,0.015364017,12.367069,2.120803e-06,0
1771685621316000,1771685621160000,0,6620172,-0.026425263,0.10340488,0.033667162,12.3671665,1.0183576e-05,0
1771685621364000,1771685621212000,0,6620172,-0.025829686,0.103337854,0.07067575,12.367069,4.4877805e-05,0
1771685621420000,1771685621264000,0,6620172,-0.02583319,0.10340488,-0.00041543134,12.3671665,1.5505501e-09,0
1771685621468000,1771685621316000,0,6620172,-0.025915869,0.103337854,-0.009811342,12.367069,8.648634e-07,0
1771685621524000,1771685621368000,0,6620172,-0.026080767,0.10340488,-0.019555323,12.3671665,3.435716e-06,0
1771685621572000,1771685621420000,0,6620172,-0.026205592,0.103337854,-0.014812788,12.367069,1.9713527e-06,0
1771685621628000,1771685621472000,0,6620172,-0.02601241,0.10340488,0.022909693,12.3671665,4.7154795e-06,0
1771685621676000,1771685621524000,0,6620172,-0.026018485,0.103337854,-0.00072098896,12.367069,4.6703343e-09,0
1771685621732000,1771685621576000,0,6620172,-0.0261398,0.10340488,-0.014386788,12.3671665,1.8595805e-06,0
1771685621780000,1771685621628000,0,6620172,-0.025898948,0.103337854,0.028581206,12.367069,7.339252e-06,0
1771685621836000,1771685621680000,0,6620172,-0.026052665,0.10340488,-0.01822947,12.3671665,2.9856255e-06,0
1771685621884000,1771685621732000,0,6620172,-0.026321229,0.103337854,-0.0318697,12.367069,9.125289e-06,0
1771685621940000,1771685621784000,0,6620172,-0.026942823,0.10340488,-0.07371539,12.3671665,4.8820657e-05,0
1771685621988000,1771685621836000,0,6620172,-0.027041353,0.103337854,-0.011692431,12.367069,1.2282884e-06,0
1771685622044000,1771685621888000,0,6620172,-0.027494755,0.10340488,-0.053769194,12.3671665,2.5974927e-05,0
1771685622092000,1771685621940000,0,6620172,-0.027940955,0.103337854,-0.05294958,12.367069,2.5189282e-05,0
1771685622148000,1771685621992000,0,6620172,-0.028224649,0.10340488,-0.033643518,12.3671665,1.0169277e-05,0
1771685622196000,1771685622044000,0,6620172,-0.028661098,0.103337854,-0.051792443,12.367069,2.410036e-05,0
1771685622252000,1771685622096000,0,6620172,-0.029013347,0.10340488,-0.041773472,12.3671665,1.5677919e-05,0
1771685622300000,1771685622148000,0,6620172,-0.028964818,0.103337854,0.0057589523,12.367069,2.9797351e-07,0
1771685622356000,1771685622200000,0,6620172,-0.028953208,0.10340488,0.0013769269,12.3671665,1.7033702e-08,0
1771685622404000,1771685622252000,0,6620172,-0.029252876,0.103337854,-0.03556095,12.367069,1.1361546e-05,0
1771685622460000,1771685622304000,0,6620172,-0.029468378,0.10340488,-0.025556695,12.3671665,5.868089e-06,0
1771685622508000,1771685622356000,0,6620172,-0.029679354,0.103337854,-0.025036016,12.367069,5.631462e-06,0
1771685622564000,1771685622408000,0,6620172,-0.029177414,0.10340488,0.059525546,12.3671665,3.183421e-05,0
1771685622612000,1771685622460000,0,6620172,-0.029432504,0.103337854,-0.030270828,12.367069,8.232643e-06,0
1771685622668000,1771685622512000,0,6620172,-0.02893316,0.10340488,0.05921766,12.3671665,3.1505748e-05,0
1771685622716000,1771685622564000,0,6620172,-0.028756721,0.103337854,0.020937555,12.367069,3.938607e-06,0
1771685622772000,1771685622616000,0,6620172,-0.028584745,0.10340488,0.020394905,12.3671665,3.7370648e-06,0
1771685622820000,1771685622668000,0,6620172,-0.028651437,0.103337854,-0.007914279,12.367069,5.627473e-07,0
1771685622876000,1771685622720000,0,6620172,-0.028360944,0.10340488,0.03444978,12.3671665,1.06625275e-05,0
1771685622924000,1771685622772000,0,6620172,-0.028273165,0.103337854,0.010416608,12.367069,9.748626e-07,0
1771685622980000,1771685622824000,0,6620172,-0.028226214,0.10340488,0.005568087,12.3671665,2.7854753e-07,0
1771685623028000,1771685622876000,0,6620172,-0.028496005,0.103337854,-0.032015488,12.367069,9.208968e-06,0
1771685623084000,1771685622928000,0,6620172,-0.028760092,0.10340488,-0.03131845,12.3671665,8.812269e-06,0
1771685623132000,1771685622980000,0,6620172,-0.028937433,0.103337854,-0.021044595,12.367069,3.978981e-06,0
1771685623188000,1771685623032000,0,6620172,-0.028872013,0.10340488,0.0077582337,12.3671665,5.407705e-07,0
1771685623236000,1771685623084000,0,6620172,-0.029121961,0.103337854,-0.029660702,12.367069,7.90412e-06,0
1771685623292000,1771685623136000,0,6620172,-0.028818237,0.10340488,0.036018934,12.3671665,1.1655986e-05,0
1771685623340000,1771685623188000,0,6620172,-0.028995087,0.103337854,-0.02098645,12.367069,3.957024e-06,0
1771685623396000,1771685623240000,0,6620172,-0.028345546,0.10340488,0.07702976,12.3671665,5.3309468e-05,0
1771685623444000,1771685623292000,0,6620172,-0.028183317,0.103337854,0.019251307,12.367069,3.3297465e-06,0
1771685623500000,1771685623344000,0,6620172,-0.02795287,0.10340488,0.027328825,12.3671665,6.710103e-06,0
1771685623548000,1771685623396000,0,6620172,-0.027851041,0.103337854,0.01208373,12.367069,1.3118757e-06,0
1771685623604000,1771685623448000,0,6620172,-0.027125712,0.10340488,0.08601755,12.3671665,6.647547e-05,0
1771685623652000,1771685623500000,0,6620172,-0.027286995,0.103337854,-0.019138936,12.367069,3.290988e-06,0
1771685623708000,1771685623552000,0,6620172,-0.027101679,0.10340488,0.021976937,12.3671665,4.3393193e-06,0
1771685623756000,1771685623604000,0,6620172,-0.026768886,0.103337854,0.039491817,12.367069,1.4012156e-05,0
1771685623812000,1771685623656000,0,6620172,-0.02597445,0.10340488,0.09421273,12.3671665,7.974555e-05,0
1771685623860000,1771685623708000,0,6620172,-0.025829632,0.103337854,0.017185388,12.367069,2.6534408e-06,0
1771685623916000,1771685623760000,0,6620172,-0.026090985,0.10340488,-0.030994099,12.3671665,8.630685e-06,0
1771685623964000,1771685623812000,0,6620172,-0.025918437,0.103337854,0.02047575,12.367069,3.766781e-06,0
1771685624020000,1771685623864000,0,6620172,-0.025754439,0.10340488,0.01944871,12.3671665,3.3983565e-06,0
1771685624068000,1771685623916000,0,6620172,-0.025596557,0.103337854,0.018735396,12.367069,3.1536715e-06,0
1771685624124000,1771685623968000,0,6620172,-0.02552328,0.10340488,0.008689819,12.3671665,6.7843575e-07,0
1771685624172000,1771685624020000,0,6620172,-0.025529364,0.103337854,-0.00072183646,12.367069,4.68132e-09,0
1771685624228000,1771685624072000,0,6620172,-0.025415482,0.10340488,0.013505438,12.3671665,1.6387196e-06,0
1771685624276000,1771685624124000,0,6620172,-0.025621522,0.103337854,-0.02445024,12.367069,5.371023e-06,0
1771685624332000,1771685624176000,0,6620172,-0.02543172,0.10340488,0.02250873,12.3671665,4.5518636e-06,0
1771685624380000,1771685624228000,0,6620172,-0.02556253,0.103337854,-0.015522869,12.367069,2.1648843e-06,0
1771685624436000,1771685624280000,0,6620172,-0.025537405,0.10340488,0.0029795226,12.3671665,7.9759175e-08,0
1771685624484000,1771685624332000,0,6620172,-0.02511904,0.103337854,0.049646292,12.367069,2.2144422e-05,0
1771685624540000,1771685624384000,0,6620172,-0.02478628,0.10340488,0.039462302,12.3671665,1.3991109e-05,0
1771685624588000,1771685624436000,0,6620172,-0.024698792,0.103337854,0.010381984,12.367069,9.683924e-07,0
1771685624644000,1771685624488000,0,6620172,-0.02437884,0.10340488,0.037943423,12.3671665,1.2934817e-05,0
1771685624692000,1771685624540000,0,6620172,-0.024421826,0.103337854,-0.0051011406,12.367069,2.3378965e-07,0
1771685624748000,1771685624592000,0,6620172,-0.024233906,0.10340488,0.022285596,12.3671665,4.4620638e-06,0
1771685624796000,1771685624644000,0,6620172,-0.024131013,0.103337854,0.01220998,12.367069,1.3394317e-06,0
1771685624852000,1771685624696000,0,6620172,-0.023481827,0.10340488,0.07698746,12.3671665,5.325094e-05,0
1771685624900000,1771685624748000,0,6620172,-0.023556547,0.103337854,-0.008866806,12.367069,7.063584e-07,0
1771685624956000,1771685624800000,0,6620172,-0.023399599,0.10340488,0.0186127,12.3671665,3.1124762e-06,0
1771685625004000,1771685624852000,0,6620172,-0.023209099,0.103337854,0.022606142,12.367069,4.591384e-06,0
1771685625060000,1771685624904000,0,6620172,-0.023700476,0.10340488,-0.058272835,12.3671665,3.050841e-05,0
1771685625108000,1771685624956000,0,6620172,-0.024309807,0.103337854,-0.072307825,12.367069,4.6974408e-05,0
1771685625164000,1771685625008000,0,6620172,-0.024438838,0.10340488,-0.01530201,12.3671665,2.1037022e-06,0
1771685625212000,1771685625060000,0,6620172,-0.024917992,0.103337854,-0.056859992,12.367069,2.9047203e-05,0
1771685625268000,1771685625112000,0,6620172,-0.02495646,0.10340488,-0.0045619886,12.3671665,1.8698023e-07,0
1771685625316000,1771685625164000,0,6620172,-0.024636086,0.103337854,0.03801798,12.367069,1.2985803e-05,0
1771685625372000,1771685625216000,0,6620172,-0.024395922,0.10340488,0.0284813,12.3671665,7.287976e-06,0
1771685625420000,1771685625268000,0,6620172,-0.024392989,0.103337854,0.00034807064,12.367069,1.0884926e-09,0
1771685625476000,1771685625320000,0,6620172,-0.023953123,0.10340488,0.052163985,12.3671665,2.4447181e-05,0
1771685625524000,1771685625372000,0,6620172,-0.024386479,0.103337854,-0.051425293,12.36707,2.3759878e-05,0
1771685625580000,1771685625424000,0,6620172,-0.02449891,0.10340488,-0.013333248,12.3671665,1.5971996e-06,0
1771685625628000,1771685625476000,0,6620172,-0.024331035,0.103337854,0.019921273,12.36707,3.5655362e-06,0
1771685625684000,1771685625528000,0,6620172,-0.024237037,0.10340488,0.011147441,12.367167,1.1164459e-06,0
1771685625732000,1771685625580000,0,6620172,-0.023823459,0.103337854,0.049078345,12.367071,2.1640657e-05,0
1771685625788000,1771685625632000,0,6620172,-0.023846453,0.10340488,-0.0027268343,12.367167,6.6804354e-08,0
1771685625836000,1771685625684000,0,6620172,-0.023787973,0.103337854,0.006939715,12.367071,4.3268702e-07,0
1771685625892000,1771685625736000,0,6620172,-0.023371223,0.10340488,0.04942274,12.367168,2.1945267e-05,0
1771685625940000,1771685625788000,0,6620172,-0.023389269,0.103337854,-0.002141472,12.367072,4.120172e-08,0
1771685625996000,1771685625840000,0,6620172,-0.023282109,0.10340488,0.012708116,12.367169,1.4509403e-06,0
1771685626044000,1771685625892000,0,6620172,-0.02360488,0.103337854,-0.038302362,12.367072,1.3180797e-05,0
1771685626100000,1771685625944000,0,6620172,-0.023798527,0.10340488,-0.022964945,12.36717,4.73825e-06,0
1771685626148000,1771685625996000,0,6620172,-0.023666902,0.103337854,0.015619816,12.367073,2.1920093e-06,0
1771685626204000,1771685626048000,0,6620172,-0.023648499,0.10340488,0.0021825265,12.367171,4.2796295e-08,0
1771685626252000,1771685626100000,0,6620172,-0.023862742,0.103337854,-0.025423767,12.367074,5.8072474e-06,0
1771685626308000,1771685626152000,0,6620172,-0.02407017,0.10340488,-0.024599172,12.367172,5.4366087e-06,0
1771685626356000,1771685626204000,0,6620172,-0.023993345,0.103337854,0.0091165565,12.367076,7.467103e-07,0
1771685626412000,1771685626256000,0,6620172,-0.024030346,0.10340488,-0.0043880027,12.367173,1.7298993e-07,0
1771685626460000,1771685626308000,0,6620172,-0.023507928,0.103337854,0.061994214,12.367077,3.4529694e-05,0
1771685626516000,1771685626360000,0,6620172,-0.023698792,0.10340488,-0.02263465,12.367174,4.602932e-06,0
1771685626564000,1771685626412000,0,6620172,-0.023410104,0.103337854,0.034257874,12.367078,1.0544141e-05,0
1771685626620000,1771685626464000,0,6620172,-0.02343504,0.10340488,-0.0029570833,12.367175,7.856228e-08,0
1771685626668000,1771685626516000,0,6620172,-0.023296189,0.103337854,0.016477032,12.367079,2.439205e-06,0
1771685626724000,1771685626568000,0,6620172,-0.02287638,0.10340488,0.049785446,12.367177,2.226854e-05,0
1771685626772000,1771685626620000,0,6620172,-0.0226512,0.103337854,0.026721595,12.367081,6.4152714e-06,0
1771685626828000,1771685626672000,0,6620172,-0.022262564,0.10340488,0.0460887,12.367178,1.908428e-05,0
1771685626876000,1771685626724000,0,6620172,-0.02282229,0.103337854,-0.066421516,12.367082,3.9637645e-05,0
1771685626932000,1771685626776000,0,6620172,-0.023293253,0.10340488,-0.055852026,12.367179,2.802623e-05,0
1771685626980000,1771685626828000,0,6620172,-0.023081534,0.103337854,0.025124308,12.367083,5.671245e-06,0
1771685627036000,1771685626880000,0,6620172,-0.023024319,0.10340488,0.006785147,12.367181,4.1362358e-07,0
1771685627084000,1771685626932000,0,6620172,-0.022960937,0.103337854,0.007521389,12.3670845,5.082604e-07,0
1771685627140000,1771685626984000,0,6620172,-0.02257638,0.10340488,0.04560498,12.367182,1.8685785e-05,0
1771685627188000,1771685627036000,0,6620172,-0.022821775,0.103337854,-0.029120397,12.367085,7.618767e-06,0
1771685627292000,1771685627140000,0,6620172,-0.022424793,0.103337854,0.047175363,12.367086,1.999496e-05,0
1771685627348000,1771685627192000,0,6620172,-0.022264006,0.10340488,0.01906786,12.367184,3.2665594e-06,0
1771685627396000,1771685627244000,0,6620172,-0.022415852,0.103337854,-0.018019198,12.367087,2.9171647e-06,0
1771685627452000,1771685627296000,0,6620172,-0.022519166,0.10340488,-0.012252117,12.367185,1.3486798e-06,0
1771685627500000,1771685627348000,0,6620172,-0.022732124,0.103337854,-0.025271362,12.367088,5.737825e-06,0
1771685627556000,1771685627400000,0,6620172,-0.022145173,0.10340488,0.069607124,12.367186,4.3530534e-05,0
1771685627604000,1771685627452000,0,6620172,-0.022471352,0.103337854,-0.038706876,12.367089,1.3460656e-05,0
1771685627660000,1771685627504000,0,6620172,-0.022675073,0.10340488,-0.024159508,12.367187,5.2440005e-06,0
1771685627708000,1771685627556000,0,6620172,-0.022563715,0.103337854,0.013214624,12.367089,1.5689156e-06,0
1771685627764000,1771685627608000,0,6620172,-0.022775406,0.10340488,-0.025104742,12.3671875,5.662368e-06,0
1771685627812000,1771685627660000,0,6620172,-0.023030953,0.103337854,-0.03032518,12.36709,8.26222e-06,0
1771685627868000,1771685627712000,0,6620172,-0.022661246,0.10340488,0.04384394,12.3671875,1.7270531e-05,0
1771685627916000,1771685627764000,0,6620172,-0.022775799,0.103337854,-0.013593636,12.367091,1.6602032e-06,0
1771685627972000,1771685627816000,0,6620172,-0.022423169,0.10340488,0.041818768,12.367188,1.571191e-05,0
1771685628020000,1771685627868000,0,6620172,-0.022713058,0.103337854,-0.03440056,12.367092,1.0632145e-05,0
1771685628076000,1771685627920000,0,6620172,-0.02272277,0.10340488,-0.0011516884,12.367189,1.1916713e-08,0
1771685628124000,1771685627972000,0,6620172,-0.022608953,0.103337854,0.013506461,12.367093,1.6389774e-06,0
1771685628180000,1771685628024000,0,6620172,-0.022572191,0.10340488,0.004359441,12.36719,1.7074503e-07,0
1771685628228000,1771685628076000,0,6620172,-0.022455528,0.103337854,0.013844164,12.367094,1.7219609e-06,0
1771685628284000,1771685628128000,0,6620172,-0.02265681,0.10340488,-0.023870155,12.367191,5.119139e-06,0
1771685628332000,1771685628180000,0,6620172,-0.022538919,0.103337854,0.013989817,12.367094,1.7583848e-06,0
1771685628388000,1771685628232000,0,6620172,-0.022740012,0.10340488,-0.0238478,12.367192,5.109554e-06,0
1771685628436000,1771685628284000,0,6620172,-0.022624506,0.103337854,0.013706809,12.367095,1.6879613e-06,0
1771685628492000,1771685628336000,0,6620172,-0.02263342,0.10340488,-0.0010571349,12.367193,1.0040312e-08,0
1771685628540000,1771685628388000,0,6620172,-0.022692658,0.103337854,-0.0070296656,12.367096,4.4397558e-07,0
1771685628596000,1771685628440000,0,6620172,-0.0226099,0.10340488,0.00981424,12.367194,8.653657e-07,0
1771685628644000,1771685628492000,0,6620172,-0.022542296,0.103337854,0.008022498,12.367097,5.7824116e-07,0
1771685628700000,1771685628544000,0,6620172,-0.02261315,0.10340488,-0.008402528,12.367195,6.3431685e-07,0
1771685628748000,1771685628596000,0,6620172,-0.022934869,0.103337854,-0.038177866,12.367098,1.3095227e-05,0
1771685628804000,1771685628648000,0,6620172,-0.023190266,0.10340488,-0.030287787,12.367196,8.241786e-06,0
1771685628852000,1771685628700000,0,6620172,-0.023533354,0.103337854,-0.04071354,12.3671,1.4892493e-05,0
1771685628908000,1771685628752000,0,6620172,-0.023409026,0.10340488,0.014744291,12.367197,1.9531428e-06,0
1771685628956000,1771685628804000,0,6620172,-0.023804275,0.103337854,-0.046903476,12.367101,1.9765128e-05,0
1771685629012000,1771685628856000,0,6620172,-0.023923159,0.10340488,-0.014098557,12.367199,1.7858107e-06,0
1771685629060000,1771685628908000,0,6620172,-0.024040964,0.103337854,-0.013979673,12.367103,1.7558344e-06,0
1771685629116000,1771685628960000,0,6620172,-0.023959704,0.10340488,0.009636667,12.367201,8.3433366e-07,0
1771685629164000,1771685629012000,0,6620172,-0.023957875,0.103337854,0.00021702796,12.367105,4.2317583e-10,0
1771685629220000,1771685629064000,0,6620172,-0.023558736,0.10340489,0.04733434,12.367203,2.0129763e-05,0
1771685629268000,1771685629116000,0,6620172,-0.02359989,0.10333786,-0.004883647,12.367106,2.1427816e-07,0
1771685629324000,1771685629168000,0,6620172,-0.023204798,0.103404894,0.046854284,12.367205,1.9723526e-05,0
1771685629372000,1771685629220000,0,6620172,-0.023327114,0.10333787,-0.014514929,12.367108,1.8928628e-06,0
1771685629428000,1771685629272000,0,6620172,-0.023208642,0.1034049,0.01404977,12.367207,1.773472e-06,0
1771685629476000,1771685629324000,0,6620172,-0.022769785,0.10333788,0.05207827,12.367111,2.4367015e-05,0
1771685629532000,1771685629376000,0,6620172,-0.02292261,0.10340491,-0.01812377,12.367209,2.9510927e-06,0
1771685629580000,1771685629428000,0,6620172,-0.022989184,0.103337884,-0.007900143,12.367113,5.6073685e-07,0
1771685629636000,1771685629480000,0,6620172,-0.023088178,0.10340492,-0.01173982,12.367212,1.2382508e-06,0
1771685629684000,1771685629532000,0,6620172,-0.022742916,0.10333789,0.04097148,12.367117,1.508177e-05,0
1771685629740000,1771685629584000,0,6620172,-0.022112643,0.103404924,0.074744865,12.367215,5.0193594e-05,0
1771685629788000,1771685629636000,0,6620172,-0.02215261,0.1033379,-0.0047428254,12.367121,2.0209853e-07,0
1771685629844000,1771685629688000,0,6620172,-0.022337403,0.10340493,-0.021914773,12.367218,4.3147875e-06,0
1771685629892000,1771685629740000,0,6620172,-0.022386277,0.10333791,-0.005799804,12.367124,3.0221454e-07,0
1771685629948000,1771685629792000,0,6620172,-0.022573732,0.10340494,-0.022230422,12.367222,4.4399776e-06,0
1771685629996000,1771685629844000,0,6620172,-0.023020253,0.103337914,-0.05298779,12.367126,2.5225532e-05,0
1771685630052000,1771685629896000,0,6620172,-0.023326911,0.10340495,-0.036366954,12.367225,1.1882261e-05,0
1771685630100000,1771685629948000,0,6620172,-0.023455398,0.10333792,-0.015247308,12.367129,2.0886946e-06,0
1771685630156000,1771685630000000,0,6620172,-0.023525756,0.103404954,-0.008343918,12.367228,6.2549697e-07,0
1771685630204000,1771685630052000,0,6620172,-0.02290421,0.10333793,0.07375769,12.367132,4.8876842e-05,0
1771685630260000,1771685630104000,0,6620172,-0.022900471,0.10340496,0.0004432723,12.36723,1.7653311e-09,0
1771685630308000,1771685630156000,0,6620172,-0.023276862,0.103337936,-0.04466545,12.367135,1.792387e-05,0
1771685630364000,1771685630208000,0,6620172,-0.023353357,0.10340497,-0.009071771,12.367232,7.393825e-07,0
1771685630412000,1771685630260000,0,6620172,-0.022940027,0.10333794,0.049049158,12.367136,2.1614813e-05,0
1771685630468000,1771685630312000,0,6620172,-0.022596821,0.10340498,0.040701255,12.367233,1.4883344e-05,0
1771685630516000,1771685630364000,0,6620172,-0.022364225,0.10333795,0.027601704,12.367138,6.844789e-06,0
1771685630572000,1771685630416000,0,6620172,-0.02243761,0.103404984,-0.008702669,12.367234,6.8044005e-07,0
1771685630620000,1771685630468000,0,6620172,-0.022541188,0.10333796,-0.012291394,12.367139,1.3573459e-06,0
1771685630676000,1771685630520000,0,6620172,-0.022757186,0.10340499,-0.02561555,12.367235,5.895115e-06,0
1771685630724000,1771685630572000,0,6620172,-0.022802008,0.103337966,-0.0053189863,12.367139,2.541827e-07,0
1771685630780000,1771685630624000,0,6620172,-0.02311411,0.103405,-0.037012443,12.367234,1.2307799e-05,0
1771685630828000,1771685630676000,0,6620172,-0.023016538,0.10333797,0.011578465,12.367138,1.204454e-06,0
1771685630884000,1771685630728000,0,6620172,-0.022637175,0.103405006,0.044989195,12.367234,1.81845e-05,0
1771685630932000,1771685630780000,0,6620172,-0.022891315,0.10333798,-0.030158235,12.367137,8.17147e-06,0
1771685630988000,1771685630832000,0,6620172,-0.02290364,0.10340501,-0.0014617126,12.367232,1.9195921e-08,0
1771685631036000,1771685630884000,0,6620172,-0.022755895,0.10333799,0.017532546,12.367135,2.7617118e-06,0
1771685631092000,1771685630936000,0,6620172,-0.022329321,0.10340501,0.050587926,12.367231,2.2992106e-05,0
1771685631140000,1771685630988000,0,6620172,-0.022656519,0.10333799,-0.038827904,12.367134,1.3544916e-05,0
1771685631196000,1771685631040000,0,6620172,-0.022030577,0.10340501,0.07423122,12.3672285,4.9506056e-05,0
1771685631244000,1771685631092000,0,6620172,-0.02208255,0.10333799,-0.006167665,12.367131,3.4176696e-07,0
1771685631300000,1771685631144000,0,6620172,-0.021939576,0.10340501,0.016955597,12.367227,2.5829227e-06,0
1771685631348000,1771685631196000,0,6620172,-0.02195837,0.10333799,-0.0022303462,12.367129,4.4692346e-08,0
1771685631404000,1771685631248000,0,6620172,-0.022259057,0.10340501,-0.035658818,12.367225,1.1424024e-05,0
1771685631452000,1771685631300000,0,6620172,-0.02220521,0.10333799,0.006389916,12.367126,3.6684193e-07,0
1771685631508000,1771685631352000,0,6620172,-0.022156414,0.10340501,0.0057867523,12.367222,3.0085357e-07,0
1771685631556000,1771685631404000,0,6620172,-0.022230472,0.10333799,-0.008788411,12.367125,6.9392e-07,0
1771685631612000,1771685631456000,0,6620172,-0.022669883,0.10340501,-0.052110348,12.367219,2.439683e-05,0
1771685631660000,1771685631508000,0,6620172,-0.022597145,0.10333799,0.0086317975,12.367122,6.6940873e-07,0
1771685631716000,1771685631560000,0,6620172,-0.022890387,0.10340501,-0.0347759,12.367216,1.0865316e-05,0
1771685631764000,1771685631612000,0,6620172,-0.022594111,0.10333799,0.035158455,12.367119,1.1105766e-05,0
1771685631820000,1771685631664000,0,6620172,-0.022352124,0.10340501,0.028697627,12.367214,7.3990773e-06,0
1771685631868000,1771685631716000,0,6620172,-0.021926142,0.10333799,0.050550364,12.367116,2.295819e-05,0
1771685631924000,1771685631768000,0,6620172,-0.021632658,0.10340501,0.03480456,12.367211,1.08832355e-05,0
1771685631972000,1771685631820000,0,6620172,-0.021705987,0.10333799,-0.008701814,12.367114,6.80313e-07,0
1771685632028000,1771685631872000,0,6620172,-0.021985643,0.10340501,-0.03316462,12.3672085,9.881795e-06,0
1771685632076000,1771685631924000,0,6620172,-0.022072457,0.10333799,-0.010301955,12.367111,9.5351714e-07,0
1771685632132000,1771685631976000,0,6620172,-0.021893024,0.10340501,0.021279,12.367207,4.068069e-06,0
1771685632180000,1771685632028000,0,6620172,-0.021923013,0.10333799,-0.0035586357,12.367109,1.1377749e-07,0
1771685632236000,1771685632080000,0,6620172,-0.021726828,0.10340501,0.023265786,12.367204,4.8631928e-06,0
1771685632284000,1771685632132000,0,6620172,-0.021661522,0.10333799,0.0077497773,12.367106,5.395949e-07,0
1771685632340000,1771685632184000,0,6620172,-0.021883395,0.10340501,-0.026312111,12.367202,6.2201007e-06,0
1771685632388000,1771685632236000,0,6620172,-0.022188634,0.10333799,-0.036222074,12.367105,1.178789e-05,0
1771685632444000,1771685632288000,0,6620172,-0.022894997,0.10340501,-0.0837684,12.367199,6.3044405e-05,0
1771685632492000,1771685632340000,0,6620172,-0.022729324,0.10333799,0.019660134,12.367103,3.4726615e-06,0
1771685632548000,1771685632392000,0,6620172,-0.022334369,0.10340501,0.04683821,12.367197,1.9710007e-05,0
1771685632596000,1771685632444000,0,6620172,-0.022665124,0.10333799,-0.039250106,12.367101,1.384112e-05,0
1771685632652000,1771685632496000,0,6620172,-0.0225651,0.10340501,0.011861902,12.367195,1.2641392e-06,0
1771685632700000,1771685632548000,0,6620172,-0.022508673,0.10333798,0.0066959597,12.367099,4.02824e-07,0
1771685632756000,1771685632600000,0,6620172,-0.022338945,0.103405006,0.020128302,12.367193,3.6399936e-06,0
1771685632804000,1771685632652000,0,6620172,-0.022414552,0.10333797,-0.00897209,12.367097,7.2323087e-07,0
1771685632860000,1771685632704000,0,6620172,-0.0223012,0.103405,0.013442384,12.367192,1.6234502e-06,0
1771685632908000,1771685632756000,0,6620172,-0.021918852,0.103337966,0.04537249,12.367095,1.849588e-05,0
1771685632964000,1771685632808000,0,6620172,-0.02178086,0.10340499,0.016364653,12.36719,2.4060246e-06,0
1771685633012000,1771685632860000,0,6620172,-0.021924946,0.10333796,-0.017098535,12.367094,2.6266825e-06,0
1771685633068000,1771685632912000,0,6620172,-0.021401415,0.103404984,0.06208608,12.367188,3.4631794e-05,0
1771685633116000,1771685632964000,0,6620172,-0.021758035,0.10333795,-0.04231929,12.367092,1.6090393e-05,0
1771685633172000,1771685633016000,0,6620172,-0.02219474,0.10340498,-0.05178933,12.3671875,2.409723e-05,0
1771685633220000,1771685633068000,0,6620172,-0.021878093,0.10333795,0.0375756,12.367091,1.268533e-05,0
1771685633276000,1771685633120000,0,6620172,-0.021804778,0.10340498,0.0086945,12.367187,6.7916574e-07,0
1771685633324000,1771685633172000,0,6620172,-0.021851968,0.10333794,-0.0056000073,12.367089,2.817521e-07,0
1771685633380000,1771685633224000,0,6620172,-0.021741817,0.10340497,0.0130629055,12.367185,1.5330849e-06,0
1771685633428000,1771685633276000,0,6620172,-0.021952583,0.103337936,-0.025011113,12.367088,5.6202553e-06,0
1771685633484000,1771685633328000,0,6620172,-0.021964075,0.10340496,-0.0013628472,12.367184,1.6687103e-08,0
1771685633532000,1771685633380000,0,6620172,-0.021936888,0.10333793,0.003226282,12.367087,9.35179e-08,0
1771685633588000,1771685633432000,0,6620172,-0.02179411,0.103404954,0.016932005,12.367183,2.5757486e-06,0
1771685633636000,1771685633484000,0,6620172,-0.021852706,0.10333793,-0.006953448,12.367086,4.344007e-07,0
1771685633692000,1771685633536000,0,6620172,-0.021555724,0.103404954,0.035219405,12.367182,1.1144249e-05,0
1771685633740000,1771685633588000,0,6620172,-0.021773716,0.10333792,-0.025868593,12.367085,6.012232e-06,0
1771685633796000,1771685633640000,0,6620172,-0.021791348,0.10340495,-0.0020910297,12.367181,3.9283226e-08,0
1771685633844000,1771685633692000,0,6620172,-0.022007355,0.103337914,-0.025632968,12.3670845,5.9032063e-06,0
1771685633900000,1771685633744000,0,6620172,-0.022222195,0.10340494,-0.025477996,12.36718,5.831998e-06,0
1771685633948000,1771685633796000,0,6620172,-0.02239291,0.103337914,-0.020258274,12.367084,3.6871863e-06,0
1771685634004000,1771685633848000,0,6620172,-0.022125855,0.10340494,0.031670254,12.367179,9.011352e-06,0
1771685634052000,1771685633900000,0,6620172,-0.022295838,0.10333791,-0.020171508,12.367083,3.6556698e-06,0
1771685634108000,1771685633952000,0,6620172,-0.022107318,0.10340493,0.022356873,12.367178,4.490648e-06,0
1771685634156000,1771685634004000,0,6620172,-0.022275915,0.1033379,-0.02000694,12.367082,3.5962644e-06,0
1771685634212000,1771685634056000,0,6620172,-0.02232431,0.103404924,-0.0057392213,12.367177,2.959326e-07,0
1771685634260000,1771685634108000,0,6620172,-0.02181781,0.1033379,0.06010507,12.367081,3.2457312e-05,0
1771685634316000,1771685634160000,0,6620172,-0.02175015,0.103404924,0.0080238655,12.367176,5.784346e-07,0
1771685634364000,1771685634212000,0,6620172,-0.02172168,0.1033379,0.0033785682,12.36708,1.02554736e-07,0
1771685634420000,1771685634264000,0,6620172,-0.021969808,0.103404924,-0.029425781,12.367176,7.779344e-06,0
1771685634468000,1771685634316000,0,6620172,-0.021696204,0.1033379,0.032467857,12.36708,9.471038e-06,0
1771685634524000,1771685634368000,0,6620172,-0.021619277,0.103404924,0.009122962,12.367175,7.47754e-07,0
1771685634572000,1771685634420000,0,6620172,-0.021542018,0.1033379,0.009168105,12.367079,7.5517835e-07,0
1771685634628000,1771685634472000,0,6620172,-0.020990321,0.103404924,0.0654263,12.367174,3.8458442e-05,0
1771685634676000,1771685634524000,0,6620172,-0.020759948,0.10333789,0.027337978,12.367078,6.714646e-06,0
1771685634732000,1771685634576000,0,6620172,-0.020293076,0.10340492,0.05536688,12.367174,2.7541471e-05,0
1771685634780000,1771685634628000,0,6620172,-0.020620976,0.10333789,-0.038911026,12.367078,1.3603033e-05,0
1771685634836000,1771685634680000,0,6620172,-0.020627227,0.10340492,-0.00074132904,12.367173,4.9375224e-09,0
1771685634884000,1771685634732000,0,6620172,-0.020748632,0.103337884,-0.014406953,12.367077,1.8648104e-06,0
1771685634940000,1771685634784000,0,6620172,-0.020431109,0.10340491,0.03765537,12.367172,1.2739162e-05,0
1771685634988000,1771685634836000,0,6620172,-0.020826252,0.10333788,-0.04689067,12.367075,1.9754378e-05,0
1771685635044000,1771685634888000,0,6620172,-0.020701075,0.1034049,0.014844807,12.367172,1.9798679e-06,0
1771685635092000,1771685634940000,0,6620172,-0.020850662,0.10333788,-0.017751073,12.367075,2.8309992e-06,0
1771685635148000,1771685634992000,0,6620172,-0.020679988,0.1034049,0.02024031,12.367171,3.680624e-06,0
1771685635196000,1771685635044000,0,6620172,-0.020507777,0.10333787,0.020435847,12.367074,3.7521122e-06,0
1771685635252000,1771685635096000,0,6620172,-0.020691,0.103404894,-0.021728551,12.367171,4.241785e-06,0
1771685635300000,1771685635148000,0,6620172,-0.021149788,0.10333787,-0.054443277,12.367074,2.6630485e-05,0
1771685635356000,1771685635200000,0,6620172,-0.02085513,0.103404894,0.034943733,12.36717,1.0970482e-05,0
1771685635404000,1771685635252000,0,6620172,-0.020959185,0.10333787,-0.012347994,12.367073,1.3698827e-06,0
1771685635460000,1771685635304000,0,6620172,-0.021023316,0.103404894,-0.0076052677,12.36717,5.196563e-07,0
1771685635508000,1771685635356000,0,6620172,-0.021204134,0.10333787,-0.021457152,12.367073,4.136516e-06,0
1771685635564000,1771685635408000,0,6620172,-0.02122554,0.103404894,-0.0025385413,12.367169,5.7896944e-08,0
1771685635612000,1771685635460000,0,6620172,-0.02120509,0.10333787,0.0024267118,12.367073,5.290869e-08,0
1771685635668000,1771685635512000,0,6620172,-0.021224944,0.103404894,-0.0023544803,12.367169,4.98055e-08,0
1771685635716000,1771685635564000,0,6620172,-0.021718837,0.10333787,-0.05860904,12.367072,3.0861695e-05,0
1771685635772000,1771685635616000,0,6620172,-0.02153158,0.103404894,0.022207119,12.367169,4.4306926e-06,0
1771685635820000,1771685635668000,0,6620172,-0.021660281,0.10333787,-0.015272619,12.367072,2.0956447e-06,0
1771685635876000,1771685635720000,0,6620172,-0.02178798,0.103404894,-0.015143918,12.367168,2.0604575e-06,0
1771685635924000,1771685635772000,0,6620172,-0.021916064,0.10333787,-0.015199324,12.367072,2.0755783e-06,0
1771685635980000,1771685635824000,0,6620172,-0.021847576,0.103404894,0.008122118,12.367168,5.926875e-07,0
1771685636028000,1771685635876000,0,6620172,-0.021979272,0.10333786,-0.01562801,12.367071,2.19431e-06,0
1771685636084000,1771685635928000,0,6620172,-0.022149572,0.10340489,-0.02019602,12.367168,3.6645345e-06,0
1771685636132000,1771685635980000,0,6620172,-0.022633616,0.10333786,-0.057440273,12.367071,2.96431e-05,0
1771685636188000,1771685636032000,0,6620172,-0.022513786,0.10340489,0.014210764,12.367168,1.8143542e-06,0
1771685636236000,1771685636084000,0,6620172,-0.022904752,0.10333786,-0.046394907,12.367071,1.9338877e-05,0
1771685636292000,1771685636136000,0,6620172,-0.022971004,0.10340489,-0.007856967,12.367167,5.5462203e-07,0
1771685636340000,1771685636188000,0,6620172,-0.022599984,0.10333786,0.044028133,12.367071,1.741611e-05,0
1771685636396000,1771685636240000,0,6620172,-0.022389341,0.10340489,0.024980355,12.367167,5.606405e-06,0
1771685636444000,1771685636292000,0,6620172,-0.022299936,0.10333786,0.010609556,12.367071,1.0113117e-06,0
1771685636500000,1771685636344000,0,6620172,-0.022172112,0.10340489,0.015158823,12.367167,2.0645157e-06,0
1771685636548000,1771685636396000,0,6620172,-0.022441488,0.103337854,-0.03196607,12.36707,9.1805605e-06,0
1771685636604000,1771685636448000,0,6620172,-0.02242827,0.10340488,0.0015674643,12.367167,2.207408e-08,0
1771685636652000,1771685636500000,0,6620172,-0.022256756,0.103337854,0.020353075,12.36707,3.72178e-06,0
1771685636708000,1771685636552000,0,6620172,-0.022681536,0.10340488,-0.05037508,12.367167,2.2799157e-05,0
1771685636756000,1771685636604000,0,6620172,-0.022942504,0.103337854,-0.030968366,12.36707,8.616427e-06,0
1771685636812000,1771685636656000,0,6620172,-0.022923518,0.10340488,0.002251586,12.367167,4.5547477e-08,0
1771685636860000,1771685636708000,0,6620172,-0.023140784,0.103337854,-0.025782537,12.36707,5.9723043e-06,0
1771685636916000,1771685636760000,0,6620172,-0.023430472,0.10340488,-0.034354333,12.3671665,1.0603526e-05,0
1771685636964000,1771685636812000,0,6620172,-0.023951555,0.103337854,-0.06183564,12.36707,3.4353292e-05,0
1771685637020000,1771685636864000,0,6620172,-0.024544751,0.10340488,-0.07034776,12.3671665,4.4461885e-05,0
1771685637068000,1771685636916000,0,6620172,-0.024616687,0.103337854,-0.008536303,12.36707,6.546819e-07,0
1771685637124000,1771685636968000,0,6620172,-0.025279932,0.10340488,-0.078654796,12.3671665,5.5582455e-05,0
1771685637172000,1771685637020000,0,6620172,-0.02565736,0.103337854,-0.044788428,12.36707,1.80228e-05,0
1771685637228000,1771685637072000,0,6620172,-0.025713269,0.10340488,-0.006630238,12.3671665,3.9495313e-07,0
1771685637276000,1771685637124000,0,6620172,-0.025451323,0.103337854,0.031084362,12.36707,8.681096e-06,0
1771685637332000,1771685637176000,0,6620172,-0.025429195,0.10340488,0.0026241746,12.3671665,6.186895e-08,0
1771685637380000,1771685637228000,0,6620172,-0.025369206,0.103337854,0.007118648,12.367069,4.5528753e-07,0
1771685637436000,1771685637280000,0,6620172,-0.025548492,0.10340488,-0.021261653,12.3671665,4.0614523e-06,0
1771685637484000,1771685637332000,0,6620172,-0.025095573,0.103337854,0.053746734,12.367069,2.5953437e-05,0
1771685637540000,1771685637384000,0,6620172,-0.025044534,0.10340488,0.006052604,12.3671665,3.291333e-07,0
1771685637588000,1771685637436000,0,6620172,-0.024915267,0.103337854,0.0153399445,12.367069,2.114162e-06,0
1771685637644000,1771685637488000,0,6620172,-0.025101468,0.10340488,-0.022081804,12.3671665,4.3808295e-06,0
1771685637692000,1771685637540000,0,6620172,-0.025877982,0.103337854,-0.09214707,12.367069,7.6287564e-05,0
1771685637748000,1771685637592000,0,6620172,-0.025776086,0.10340488,0.012084037,12.3671665,1.3119322e-06,0
1771685637796000,1771685637644000,0,6620172,-0.025909651,0.103337854,-0.01584989,12.367069,2.2570607e-06,0
1771685637852000,1771685637696000,0,6620172,-0.026039604,0.10340488,-0.01541115,12.3671665,2.133818e-06,0
1771685637900000,1771685637748000,0,6620172,-0.026283074,0.103337854,-0.028892037,12.367069,7.4997542e-06,0
1771685637956000,1771685637800000,0,6620172,-0.026441272,0.10340488,-0.018760871,12.3671665,3.1622287e-06,0
1771685638004000,1771685637852000,0,6620172,-0.026674157,0.103337854,-0.027635876,12.367069,6.8617865e-06,0
1771685638060000,1771685637904000,0,6620172,-0.026346298,0.10340488,0.03888119,12.3671665,1.3582083e-05,0
1771685638108000,1771685637956000,0,6620172,-0.026533693,0.103337854,-0.022237686,12.367069,4.442935e-06,0
1771685638164000,1771685638008000,0,6620172,-0.026798373,0.10340488,-0.03138867,12.3671665,8.851831e-06,0
1771685638212000,1771685638060000,0,6620172,-0.027374912,0.103337854,-0.06841647,12.367069,4.2054457e-05,0
1771685638268000,1771685638112000,0,6620172,-0.02738906,0.10340488,-0.0016778223,12.3671665,2.529177e-08,0
1771685638316000,1771685638164000,0,6620172,-0.027716313,0.103337854,-0.038834084,12.367069,1.35493e-05,0
1771685638372000,1771685638216000,0,6620172,-0.027836177,0.10340488,-0.01421484,12.3671665,1.8153953e-06,0
1771685638420000,1771685638268000,0,6620172,-0.02842403,0.103337854,-0.06975904,12.367069,4.3721164e-05,0
1771685638476000,1771685638320000,0,6620172,-0.028568292,0.10340488,-0.017108196,12.3671665,2.6296366e-06,0
1771685638524000,1771685638372000,0,6620172,-0.028508082,0.103337854,0.007144952,12.367069,4.586584e-07,0
1771685638580000,1771685638424000,0,6620172,-0.028719056,0.10340488,-0.02501975,12.3671665,5.6241024e-06,0
1771685638628000,1771685638476000,0,6620172,-0.029240835,0.103337854,-0.06191815,12.367069,3.444504e-05,0
1771685638732000,1771685638580000,0,6620172,-0.029399678,0.103337854,-0.01879336,12.367069,3.1732154e-06,0
1771685638788000,1771685638632000,0,6620172,-0.029593356,0.10340488,-0.022968486,12.3671665,4.739713e-06,0
1771685638836000,1771685638684000,0,6620172,-0.029425241,0.103337854,0.019949801,12.367069,3.5757557e-06,0
1771685638892000,1771685638736000,0,6620172,-0.029138003,0.10340488,0.034063913,12.3671665,1.0425007e-05,0
1771685638940000,1771685638788000,0,6620172,-0.028736616,0.103337854,0.047631655,12.367069,2.0383653e-05,0
1771685638996000,1771685638840000,0,6620172,-0.02893434,0.10340488,-0.023448443,12.3671665,4.9398677e-06,0
1771685639100000,1771685638944000,0,6620172,-0.028856564,0.10340488,0.009219954,12.3671665,7.637386e-07,0
1771685639148000,1771685638996000,0,6620172,-0.029174535,0.103337854,-0.03773279,12.367069,1.2791709e-05,0
1771685639204000,1771685639048000,0,6620172,-0.029253796,0.10340488,-0.009399684,12.3671665,7.93805e-07,0
1771685639252000,1771685639100000,0,6620172,-0.028936299,0.103337854,0.037676647,12.367069,1.2753671e-05,0
1771685639308000,1771685639152000,0,6620172,-0.028585246,0.10340488,0.04163161,12.3671665,1.5571615e-05,0
1771685639356000,1771685639204000,0,6620172,-0.028672507,0.103337854,-0.010355184,12.367069,9.633993e-07,0
1771685639412000,1771685639256000,0,6620172,-0.02895878,0.10340488,-0.03394956,12.3671665,1.0355131e-05,0
1771685639460000,1771685639308000,0,6620172,-0.029045466,0.103337854,-0.010286825,12.367069,9.5072164e-07,0
1771685639516000,1771685639360000,0,6620172,-0.028819073,0.10340488,0.0268482,12.3671665,6.476161e-06,0
1771685639564000,1771685639412000,0,6620172,-0.028677028,0.103337854,0.016856182,12.367069,2.5527552e-06,0
1771685639620000,1771685639464000,0,6620172,-0.028934957,0.10340488,-0.030588109,12.3671665,8.406061e-06,0
1771685639668000,1771685639516000,0,6620172,-0.029074822,0.103337854,-0.01659727,12.367069,2.474936e-06,0
1771685639724000,1771685639568000,0,6620172,-0.029217198,0.10340488,-0.016884651,12.3671665,2.561365e-06,0
1771685639772000,1771685639620000,0,6620172,-0.029204497,0.103337854,0.0015072376,12.367069,2.0410521e-08,0
1771685639828000,1771685639672000,0,6620172,-0.029196527,0.10340488,0.00094521977,12.3671665,8.026993e-09,0
1771685639876000,1771685639724000,0,6620172,-0.029232861,0.103337854,-0.004311774,12.367069,1.6703315e-07,0
1771685639932000,1771685639776000,0,6620172,-0.02935229,0.10340488,-0.014163135,12.3671665,1.8022128e-06,0
1771685639980000,1771685639828000,0,6620172,-0.029867703,0.103337854,-0.061162844,12.367069,3.360981e-05,0
1771685640036000,1771685639880000,0,6620172,-0.029707974,0.10340488,0.01894241,12.3671665,3.2237233e-06,0
1771685640084000,1771685639932000,0,6620172,-0.0301849,0.103337854,-0.056595735,12.367069,2.8777835e-05,0
1771685640140000,1771685639984000,0,6620172,-0.030143443,0.10340488,0.0049163457,12.3671665,2.1715614e-07,0
1771685640188000,1771685640036000,0,6620172,-0.030104935,0.103337854,0.004569713,12.367069,1.8761543e-07,0
1771685640244000,1771685640088000,0,6620172,-0.029754322,0.10340488,0.041579545,12.3671665,1.5532692e-05,0
1771685640292000,1771685640140000,0,6620172,-0.029648628,0.103337854,0.012542408,12.367069,1.4133592e-06,0
1771685640348000,1771685640192000,0,6620172,-0.029428987,0.10340488,0.026047554,12.3671665,6.0956663e-06,0
1771685640396000,1771685640244000,0,6620172,-0.02933375,0.103337854,0.011301545,12.367069,1.1475362e-06,0
1771685640452000,1771685640296000,0,6620172,-0.029477546,0.10340488,-0.017052969,12.3671665,2.6126866e-06,0
1771685640500000,1771685640348000,0,6620172,-0.029423561,0.103337854,0.006406257,12.367069,3.687223e-07,0
1771685640556000,1771685640400000,0,6620172,-0.029494546,0.10340488,-0.008418236,12.3671665,6.3669216e-07,0
1771685640604000,1771685640452000,0,6620172,-0.03008334,0.103337854,-0.06987069,12.367069,4.3861222e-05,0
1771685640660000,1771685640504000,0,6620172,-0.029602697,0.10340488,0.056999844,12.3671665,2.9190034e-05,0
1771685640708000,1771685640556000,0,6620172,-0.02881267,0.103337854,0.09375065,12.367069,7.8965844e-05,0
1771685640764000,1771685640608000,0,6620172,-0.029101878,0.10340488,-0.034297682,12.3671665,1.0568584e-05,0
1771685640812000,1771685640660000,0,6620172,-0.028798005,0.103337854,0.036059886,12.367069,1.1682598e-05,0
1771685640868000,1771685640712000,0,6620172,-0.02861899,0.10340488,0.021229645,12.3671665,4.049233e-06,0
1771685640916000,1771685640764000,0,6620172,-0.028442627,0.103337854,0.02092856,12.367069,3.9352235e-06,0
1771685640972000,1771685640816000,0,6620172,-0.028625332,0.10340488,-0.021667236,12.3671665,4.2178813e-06,0
1771685641020000,1771685640868000,0,6620172,-0.028372794,0.103337854,0.029968105,12.367069,8.068806e-06,0
1771685641076000,1771685640920000,0,6620172,-0.028123252,0.10340488,0.029593498,12.3671665,7.8682815e-06,0
1771685641124000,1771685640972000,0,6620172,-0.027997872,0.103337854,0.014878623,12.367069,1.9889148e-06,0
1771685641180000,1771685641024000,0,6620172,-0.027796783,0.10340488,0.023847481,12.3671665,5.1094285e-06,0
1771685641228000,1771685641076000,0,6620172,-0.028111855,0.103337854,-0.037388764,12.367069,1.2559517e-05,0
1771685641284000,1771685641128000,0,6620172,-0.028465647,0.10340488,-0.041956507,12.3671665,1.5815609e-05,0
1771685641332000,1771685641180000,0,6620172,-0.028422762,0.103337854,0.0050891824,12.367069,2.3269483e-07,0
1771685641388000,1771685641232000,0,6620172,-0.028501157,0.10340488,-0.009296965,12.3671665,7.765504e-07,0
1771685641436000,1771685641284000,0,6620172,-0.028538723,0.103337854,-0.0044578277,12.367069,1.7854072e-07,0
1771685641492000,1771685641336000,0,6620172,-0.029091695,0.10340488,-0.06557749,12.3671665,3.8636423e-05,0
1771685641540000,1771685641388000,0,6620172,-0.029201949,0.103337854,-0.013083598,12.367069,1.5379601e-06,0
1771685641596000,1771685641440000,0,6620172,-0.029113712,0.10340488,0.010464156,12.3671665,9.837748e-07,0
1771685641644000,1771685641492000,0,6620172,-0.029382197,0.103337854,-0.03186041,12.367069,9.119972e-06,0
1771685641700000,1771685641544000,0,6620172,-0.029170977,0.10340488,0.025048701,12.3671665,5.6371255e-06,0
1771685641748000,1771685641596000,0,6620172,-0.029035738,0.103337854,0.016048418,12.367069,2.3139564e-06,0
1771685641804000,1771685641648000,0,6620172,-0.028977208,0.10340488,0.006941011,12.3671665,4.3284538e-07,0
1771685641852000,1771685641700000,0,6620172,-0.029034935,0.103337854,-0.006850429,12.367069,4.216249e-07,0
1771685641908000,1771685641752000,0,6620172,-0.029287787,0.10340488,-0.029986061,12.3671665,8.078415e-06,0
1771685641956000,1771685641804000,0,6620172,-0.02901938,0.103337854,0.03185126,12.367069,9.114734e-06,0
1771685642012000,1771685641856000,0,6620172,-0.02886629,0.10340488,0.018155122,12.3671665,2.961322e-06,0
1771685642060000,1771685641908000,0,6620172,-0.028792253,0.103337854,0.008785723,12.367069,6.934988e-07,0
1771685642116000,1771685641960000,0,6620172,-0.028639019,0.10340488,0.018172136,12.3671665,2.966875e-06,0
1771685642164000,1771685642012000,0,6620172,-0.02828864,0.103337854,0.04157847,12.367069,1.5532014e-05,0
1771685642220000,1771685642064000,0,6620172,-0.028299715,0.10340488,-0.0013134107,12.3671665,1.5498454e-08,0
1771685642268000,1771685642116000,0,6620172,-0.028509224,0.103337854,-0.024861906,12.367069,5.553408e-06,0
1771685642324000,1771685642168000,0,6620172,-0.028561156,0.10340488,-0.006158745,12.3671665,3.4077814e-07,0
1771685642372000,1771685642220000,0,6620172,-0.02849329,0.103337854,0.008053344,12.367069,5.826975e-07,0
1771685642428000,1771685642272000,0,6620172,-0.028506758,0.10340488,-0.0015970413,12.3671665,2.2914984e-08,0
1771685642476000,1771685642324000,0,6620172,-0.028205328,0.103337854,0.03576994,12.367069,1.149548e-05,0
1771685642532000,1771685642376000,0,6620172,-0.02822431,0.10340488,-0.0022512153,12.3671665,4.553248e-08,0
1771685642580000,1771685642428000,0,6620172,-0.027925774,0.103337854,0.03542646,12.367069,1.1275771e-05,0
1771685642636000,1771685642480000,0,6620172,-0.027827712,0.10340488,0.011629388,12.3671665,1.2150691e-06,0
1771685642684000,1771685642532000,0,6620172,-0.02796919,0.103337854,-0.016788987,12.367069,2.5324432e-06,0
1771685642740000,1771685642584000,0,6620172,-0.028189857,0.10340488,-0.026168993,12.3671665,6.152637e-06,0
1771685642788000,1771685642636000,0,6620172,-0.028131293,0.103337854,0.006949622,12.367069,4.3392345e-07,0
1771685642844000,1771685642688000,0,6620172,-0.028308904,0.10340488,-0.021063043,12.3671665,3.9859287e-06,0
1771685642892000,1771685642740000,0,6620172,-0.028404666,0.103337854,-0.011363948,12.367069,1.1602436e-06,0
1771685642948000,1771685642792000,0,6620172,-0.028501227,0.10340488,-0.011451291,12.3671665,1.1781381e-06,0
1771685642996000,1771685642844000,0,6620172,-0.02831917,0.103337854,0.021604255,12.367069,4.193429e-06,0
1771685643052000,1771685642896000,0,6620172,-0.027942441,0.10340488,0.044676594,12.3671665,1.7932773e-05,0
1771685643100000,1771685642948000,0,6620172,-0.028123071,0.103337854,-0.021435,12.367069,4.127981e-06,0
1771685643156000,1771685643000000,0,6620172,-0.027631681,0.10340488,0.05827444,12.3671665,3.0510091e-05,0
1771685643204000,1771685643052000,0,6620172,-0.027147321,0.103337854,0.057477873,12.367069,2.9681927e-05,0
1771685643260000,1771685643104000,0,6620172,-0.026864879,0.10340488,0.03349498,12.3671665,1.007968e-05,0
1771685643308000,1771685643156000,0,6620172,-0.027258782,0.103337854,-0.04674352,12.367069,1.9630597e-05,0
1771685643364000,1771685643208000,0,6620172,-0.027571388,0.10340488,-0.03707227,12.3671665,1.2347689e-05,0
1771685643412000,1771685643260000,0,6620172,-0.027526265,0.103337854,0.0053545907,12.367069,2.5759846e-07,0
1771685643468000,1771685643312000,0,6620172,-0.027838675,0.10340488,-0.03704893,12.3671665,1.2332144e-05,0
1771685643516000,1771685643364000,0,6620172,-0.02791217,0.103337854,-0.008721383,12.367069,6.8337874e-07,0
1771685643572000,1771685643416000,0,6620172,-0.027708715,0.10340488,0.02412799,12.3671665,5.230336e-06,0
1771685643620000,1771685643468000,0,6620172,-0.027232964,0.103337854,0.056456275,12.367069,2.8636186e-05,0
1771685643676000,1771685643520000,0,6620172,-0.02708207,0.10340488,0.017894585,12.3671665,2.8769384e-06,0
1771685643724000,1771685643572000,0,6620172,-0.026856938,0.103337854,0.02671586,12.367069,6.4125243e-06,0
1771685643780000,1771685643624000,0,6620172,-0.027032943,0.10340488,-0.020872554,12.3671665,3.914159e-06,0
1771685643828000,1771685643676000,0,6620172,-0.027089568,0.103337854,-0.006719498,12.367069,4.0566204e-07,0
1771685643884000,1771685643728000,0,6620172,-0.027226554,0.10340488,-0.016245393,12.3671665,2.3710884e-06,0
1771685643932000,1771685643780000,0,6620172,-0.027719248,0.103337854,-0.058466807,12.367069,3.0712097e-05,0
1771685643988000,1771685643832000,0,6620172,-0.027533889,0.10340488,0.021981943,12.3671665,4.3412965e-06,0
1771685644036000,1771685643884000,0,6620172,-0.027628468,0.103337854,-0.011223435,12.367069,1.1317287e-06,0
1771685644092000,1771685643936000,0,6620172,-0.027686799,0.10340488,-0.00691743,12.3671665,4.2990928e-07,0
1771685644140000,1771685643988000,0,6620172,-0.027825866,0.103337854,-0.016502654,12.367069,2.4467993e-06,0
1771685644196000,1771685644040000,0,6620172,-0.027803272,0.10340488,0.0026793815,12.3671665,6.449951e-08,0
1771685644244000,1771685644092000,0,6620172,-0.027145162,0.103337854,0.07809624,12.367069,5.4796266e-05,0
1771685644300000,1771685644144000,0,6620172,-0.027084047,0.10340488,0.0072477013,12.3671665,4.7194115e-07,0
1771685644348000,1771685644196000,0,6620172,-0.027298657,0.103337854,-0.025467223,12.367069,5.827119e-06,0
1771685644404000,1771685644248000,0,6620172,-0.027152872,0.10340488,0.017288892,12.3671665,2.685478e-06,0
1771685644452000,1771685644300000,0,6620172,-0.027005836,0.103337854,0.017448282,12.367069,2.735244e-06,0
1771685644508000,1771685644352000,0,6620172,-0.02721404,0.10340488,-0.024690941,12.3671665,5.4772504e-06,0
1771685644556000,1771685644404000,0,6620172,-0.027339602,0.103337854,-0.014900219,12.367069,1.9946926e-06,0
1771685644612000,1771685644456000,0,6620172,-0.027301552,0.10340488,0.0045124535,12.3671665,1.8294172e-07,0
1771685644660000,1771685644508000,0,6620172,-0.027340997,0.103337854,-0.00468087,12.367069,1.9685383e-07,0
1771685644716000,1771685644560000,0,6620172,-0.027020382,0.10340488,0.03802215,12.3671665,1.2988548e-05,0
1771685644764000,1771685644612000,0,6620172,-0.026976816,0.103337854,0.005169796,12.367069,2.4012508e-07,0
1771685644820000,1771685644664000,0,6620172,-0.027326798,0.10340488,-0.04150463,12.3671665,1.5476771e-05,0
1771685644868000,1771685644716000,0,6620172,-0.02715721,0.103337854,0.02012465,12.367069,3.6387094e-06,0
1771685644924000,1771685644768000,0,6620172,-0.02718503,0.10340488,-0.0032993332,12.3671665,9.7800175e-08,0
1771685644972000,1771685644820000,0,6620172,-0.027290778,0.103337854,-0.012548856,12.367069,1.4148129e-06,0
1771685645028000,1771685644872000,0,6620172,-0.02723667,0.10340488,0.006416755,12.3671665,3.6992884e-07,0
1771685645076000,1771685644924000,0,6620172,-0.027180482,0.103337854,0.0066678226,12.367069,3.9944666e-07,0
1771685645132000,1771685644976000,0,6620172,-0.027241046,0.10340488,-0.0071823113,12.3671665,4.634637e-07,0
1771685645180000,1771685645028000,0,6620172,-0.027184306,0.103337854,0.006733233,12.367069,4.0732212e-07,0
1771685645236000,1771685645080000,0,6620172,-0.026814058,0.10340488,0.04390794,12.3671665,1.732102e-05,0
1771685645284000,1771685645132000,0,6620172,-0.026569583,0.103337854,0.029011324,12.367069,7.561811e-06,0
1771685645340000,1771685645184000,0,6620172,-0.026411416,0.10340488,0.018757083,12.3671665,3.1609518e-06,0
1771685645388000,1771685645236000,0,6620172,-0.026338521,0.103337854,0.008650186,12.367069,6.722666e-07,0
1771685645444000,1771685645288000,0,6620172,-0.025911588,0.10340488,0.050630514,12.3671665,2.3030954e-05,0
1771685645492000,1771685645340000,0,6620172,-0.025845477,0.103337854,0.007845182,12.367069,5.529639e-07,0
1771685645548000,1771685645392000,0,6620172,-0.025663052,0.10340488,0.021634052,12.3671665,4.204971e-06,0
1771685645596000,1771685645444000,0,6620172,-0.025446277,0.103337854,0.025724087,12.367069,5.9452573e-06,0
1771685645652000,1771685645496000,0,6620172,-0.025313023,0.10340488,0.015802722,12.3671665,2.2436293e-06,0
1771685645700000,1771685645548000,0,6620172,-0.02529979,0.103337854,0.0015703477,12.367069,2.2155541e-08,0
1771685645756000,1771685645600000,0,6620172,-0.025686558,0.10340488,-0.045867205,12.3671665,1.8901306e-05,0
1771685645804000,1771685645652000,0,6620172,-0.025912944,0.103337854,-0.026864711,12.367069,6.48418e-06,0
1771685645860000,1771685645704000,0,6620172,-0.026020223,0.10340488,-0.01272231,12.3671665,1.4541836e-06,0
1771685645908000,1771685645756000,0,6620172,-0.0258457,0.103337854,0.020710165,12.367069,3.853522e-06,0
1771685645964000,1771685645808000,0,6620172,-0.026028689,0.10340488,-0.021700686,12.3671665,4.2309143e-06,0
1771685646012000,1771685645860000,0,6620172,-0.026441982,0.103337854,-0.049044553,12.367069,2.1610871e-05,0
1771685646068000,1771685645912000,0,6620172,-0.026533477,0.10340488,-0.010850498,12.3671665,1.0577588e-06,0
1771685646116000,1771685645964000,0,6620172,-0.026622599,0.103337854,-0.010575898,12.367069,1.0049055e-06,0
1771685646172000,1771685646016000,0,6620172,-0.026549935,0.10340488,0.008617228,12.3671665,6.671484e-07,0
1771685646220000,1771685646068000,0,6620172,-0.026396666,0.103337854,0.018188119,12.367069,2.9721195e-06,0
1771685646276000,1771685646120000,0,6620172,-0.026045928,0.10340488,0.04159442,12.3671665,1.5543808e-05,0
1771685646324000,1771685646172000,0,6620172,-0.02561762,0.103337854,0.0508262,12.367069,2.3209512e-05,0
1771685646380000,1771685646224000,0,6620172,-0.025471598,0.10340488,0.017316839,12.3671665,2.694167e-06,0
1771685646428000,1771685646276000,0,6620172,-0.02517157,0.103337854,0.035603434,12.367069,1.1388709e-05,0
1771685646484000,1771685646328000,0,6620172,-0.025115775,0.10340488,0.006616883,12.3671665,3.9336362e-07,0
1771685646532000,1771685646380000,0,6620172,-0.025259534,0.103337854,-0.017059518,12.367069,2.6147143e-06,0
1771685646588000,1771685646432000,0,6620172,-0.024690386,0.10340488,0.06749586,12.3671665,4.0929983e-05,0
1771685646636000,1771685646484000,0,6620172,-0.024681885,0.103337854,0.0010087453,12.367069,9.142263e-09,0
1771685646692000,1771685646536000,0,6620172,-0.024319358,0.10340488,0.04299243,12.3671665,1.660624e-05,0
1771685646740000,1771685646588000,0,6620172,-0.02451406,0.103337854,-0.023104958,12.367069,4.796242e-06,0
1771685646796000,1771685646640000,0,6620172,-0.024468957,0.10340488,0.0053490214,12.3671665,2.5706086e-07,0
1771685646844000,1771685646692000,0,6620172,-0.024542559,0.103337854,-0.0087341685,12.367069,6.8538384e-07,0
1771685646900000,1771685646744000,0,6620172,-0.02445398,0.10340488,0.010504473,12.3671665,9.913701e-07,0
1771685646948000,1771685646796000,0,6620172,-0.024442844,0.103337854,0.0013216566,12.367069,1.5693795e-08,0
1771685647004000,1771685646848000,0,6620172,-0.02450848,0.10340488,-0.0077837184,12.3671665,5.4432905e-07,0
1771685647052000,1771685646900000,0,6620172,-0.024690788,0.103337854,-0.021634098,12.367069,4.2050224e-06,0
1771685647108000,1771685646952000,0,6620172,-0.024552068,0.10340488,0.016451042,12.3671665,2.431499e-06,0
1771685647156000,1771685647004000,0,6620172,-0.024492271,0.103337854,0.007096013,12.367069,4.5239682e-07,0
1771685647212000,1771685647056000,0,6620172,-0.024273906,0.10340488,0.02589608,12.3671665,6.0249763e-06,0
1771685647260000,1771685647108000,0,6620172,-0.02421748,0.103337854,0.006695781,12.367069,4.0280347e-07,0
1771685647316000,1771685647160000,0,6620172,-0.024003493,0.10340488,0.025377149,12.3671665,5.7859265e-06,0
1771685647364000,1771685647212000,0,6620172,-0.024265664,0.103337854,-0.031111253,12.367069,8.6961245e-06,0
1771685647420000,1771685647264000,0,6620172,-0.02452425,0.10340488,-0.030665977,12.3671665,8.448915e-06,0
1771685647468000,1771685647316000,0,6620172,-0.02438342,0.103337854,0.01671175,12.367069,2.5091958e-06,0
1771685647524000,1771685647368000,0,6620172,-0.024165459,0.10340488,0.025848264,12.3671665,6.002747e-06,0
1771685647572000,1771685647420000,0,6620172,-0.023871295,0.103337854,0.034907646,12.367069,1.0947925e-05,0
1771685647628000,1771685647472000,0,6620172,-0.023464652,0.10340488,0.048224322,12.3671665,2.0893904e-05,0
1771685647676000,1771685647524000,0,6620172,-0.02290791,0.103337854,0.06606719,12.367069,3.9215916e-05,0
1771685647732000,1771685647576000,0,6620172,-0.022794517,0.10340488,0.013447462,12.3671665,1.6246803e-06,0
1771685647780000,1771685647628000,0,6620172,-0.022604488,0.103337854,0.022550376,12.367069,4.5687593e-06,0
1771685647836000,1771685647680000,0,6620172,-0.02297075,0.10340488,-0.04343555,12.3671665,1.6950322e-05,0
1771685647884000,1771685647732000,0,6620172,-0.022978285,0.103337854,-0.00089399517,12.367069,7.180605e-09,0
1771685647940000,1771685647784000,0,6620172,-0.023183394,0.10340488,-0.02432396,12.3671665,5.315644e-06,0
1771685647988000,1771685647836000,0,6620172,-0.023109928,0.103337854,0.008718062,12.367069,6.828584e-07,0
1771685648044000,1771685647888000,0,6620172,-0.0228394,0.10340488,0.032082096,12.3671665,9.247254e-06,0
1771685648092000,1771685647940000,0,6620172,-0.022610418,0.103337854,0.027172897,12.367069,6.6338034e-06,0
1771685648148000,1771685647992000,0,6620172,-0.022624599,0.10340488,-0.0016815737,12.3671665,2.5404994e-08,0
1771685648196000,1771685648044000,0,6620172,-0.022558413,0.103337854,0.007854091,12.367069,5.542205e-07,0
1771685648252000,1771685648096000,0,6620172,-0.022098506,0.10340488,0.054540835,12.3671665,2.672581e-05,0
1771685648300000,1771685648148000,0,6620172,-0.021998178,0.103337854,0.011905635,12.367069,1.2734909e-06,0
1771685648356000,1771685648200000,0,6620172,-0.022098323,0.10340488,-0.0118763335,12.3671665,1.26722e-06,0
1771685648404000,1771685648252000,0,6620172,-0.021845238,0.103337854,0.030032894,12.367069,8.1037315e-06,0
1771685648460000,1771685648304000,0,6620172,-0.021839106,0.10340488,0.0007270742,12.3671665,4.749466e-09,0
1771685648508000,1771685648356000,0,6620172,-0.021796,0.103337854,0.0051154736,12.367069,2.351053e-07,0
1771685648564000,1771685648408000,0,6620172,-0.02195189,0.10340488,-0.018487204,12.3671665,3.070646e-06,0
1771685648612000,1771685648460000,0,6620172,-0.021590486,0.103337854,0.04288695,12.367069,1.6524984e-05,0
1771685648668000,1771685648512000,0,6620172,-0.021705393,0.10340488,-0.013626799,12.3671665,1.6683033e-06,0
1771685648716000,1771685648564000,0,6620172,-0.021382583,0.103337854,0.038306955,12.367069,1.3183963e-05,0
1771685648772000,1771685648616000,0,6620172,-0.021337122,0.10340488,0.0053913724,12.3671665,2.6114753e-07,0
1771685648820000,1771685648668000,0,6620172,-0.021094052,0.103337854,0.028844446,12.367069,7.475068e-06,0
1771685648876000,1771685648720000,0,6620172,-0.020853905,0.10340488,0.028479306,12.3671665,7.2869548e-06,0
1771685648924000,1771685648772000,0,6620172,-0.020616965,0.103337854,0.028117089,12.367069,7.10283e-06,0
1771685648980000,1771685648824000,0,6620172,-0.020066379,0.10340488,0.0652947,12.3671665,3.830391e-05,0
1771685649028000,1771685648876000,0,6620172,-0.020075241,0.103337854,-0.0010517854,12.367069,9.939053e-09,0
1771685649084000,1771685648928000,0,6620172,-0.020043377,0.10340488,0.0037788544,12.3671665,1.2829437e-07,0
1771685649132000,1771685648980000,0,6620172,-0.020012315,0.103337854,0.003685955,12.367069,1.2206489e-07,0
1771685649188000,1771685649032000,0,6620172,-0.02002164,0.10340488,-0.0011058487,12.3671665,1.098699e-08,0
1771685649236000,1771685649084000,0,6620172,-0.020069456,0.103337854,-0.005674161,12.367069,2.8926374e-07,0
1771685649292000,1771685649136000,0,6620172,-0.019996466,0.10340488,0.0086558815,12.3671665,6.731469e-07,0
1771685649340000,1771685649188000,0,6620172,-0.02007844,0.103337854,-0.009727655,12.367069,8.5017246e-07,0
1771685649396000,1771685649240000,0,6620172,-0.02027609,0.10340488,-0.023439627,12.3671665,4.936154e-06,0
1771685649444000,1771685649292000,0,6620172,-0.020588702,0.103337854,-0.037096955,12.367069,1.2364235e-05,0
1771685649500000,1771685649344000,0,6620172,-0.020343551,0.10340488,0.029072588,12.3671665,7.593722e-06,0
1771685649548000,1771685649396000,0,6620172,-0.020811955,0.103337854,-0.055584185,12.367069,2.7758322e-05,0
1771685649604000,1771685649448000,0,6620172,-0.020722412,0.10340488,0.010619083,12.3671665,1.013121e-06,0
1771685649652000,1771685649500000,0,6620172,-0.020873362,0.103337854,-0.017912842,12.367069,2.8828347e-06,0
1771685649708000,1771685649552000,0,6620172,-0.020904763,0.10340488,-0.0037238058,12.3671665,1.2458374e-07,0
1771685649756000,1771685649604000,0,6620172,-0.020859241,0.103337854,0.005401833,12.367069,2.6216398e-07,0
1771685649812000,1771685649656000,0,6620172,-0.020931419,0.10340488,-0.008559704,12.3671665,6.5827106e-07,0
1771685649860000,1771685649708000,0,6620172,-0.02123748,0.103337854,-0.036319558,12.367069,1.1851459e-05,0
1771685649916000,1771685649760000,0,6620172,-0.020983256,0.10340488,0.030148612,12.3671665,8.1662365e-06,0
1771685649964000,1771685649812000,0,6620172,-0.021007538,0.103337854,-0.0028814897,12.367069,7.45976e-08,0
1771685650020000,1771685649864000,0,6620172,-0.020953402,0.10340488,0.0064201355,12.3671665,3.7031873e-07,0
1771685650068000,1771685649916000,0,6620172,-0.020859638,0.103337854,0.011126742,12.367069,1.1123122e-06,0
1771685650124000,1771685649968000,0,6620172,-0.02096887,0.10340488,-0.012953838,12.3671665,1.5075934e-06,0
1771685650172000,1771685650020000,0,6620172,-0.021118257,0.103337854,-0.01772742,12.367069,2.8234608e-06,0
1771685650228000,1771685650072000,0,6620172,-0.020876361,0.10340488,0.028686617,12.3671665,7.3934298e-06,0
1771685650276000,1771685650124000,0,6620172,-0.020364575,0.103337854,0.06073232,12.367069,3.3138316e-05,0
1771685650332000,1771685650176000,0,6620172,-0.020576797,0.10340488,-0.025167651,12.3671665,5.6907916e-06,0
1771685650380000,1771685650228000,0,6620172,-0.020160632,0.103337854,0.04938539,12.367069,2.1912287e-05,0
1771685650436000,1771685650280000,0,6620172,-0.02023098,0.10340488,-0.008342786,12.3671665,6.253303e-07,0
1771685650484000,1771685650332000,0,6620172,-0.020187538,0.103337854,0.005155297,12.367069,2.3878007e-07,0
1771685650540000,1771685650384000,0,6620172,-0.019873202,0.10340488,0.037277382,12.3671665,1.24847e-05,0
1771685650588000,1771685650436000,0,6620172,-0.019841002,0.103337854,0.0038209558,12.367069,1.3117007e-07,0
1771685650644000,1771685650488000,0,6620172,-0.020010805,0.10340488,-0.020137025,12.3671665,3.643157e-06,0
1771685650692000,1771685650540000,0,6620172,-0.020099344,0.103337854,-0.010506773,12.36707,9.91812e-07,0
1771685650748000,1771685650592000,0,6620172,-0.020145506,0.10340488,-0.0054743867,12.3671665,2.692516e-07,0
1771685650796000,1771685650644000,0,6620172,-0.019952081,0.103337854,0.022953123,12.36707,4.733411e-06,0
1771685650852000,1771685650696000,0,6620172,-0.019995881,0.10340488,-0.005194403,12.367167,2.424145e-07,0
1771685650900000,1771685650748000,0,6620172,-0.019919444,0.103337854,0.009070588,12.36707,7.391993e-07,0
1771685650956000,1771685650800000,0,6620172,-0.019645968,0.10340488,0.03243165,12.367167,9.44986e-06,0
1771685651004000,1771685650852000,0,6620172,-0.019811133,0.103337854,-0.019599637,12.367071,3.4513314e-06,0
1771685651060000,1771685650904000,0,6620172,-0.019544233,0.10340488,0.03165195,12.367167,9.000948e-06,0
1771685651108000,1771685650956000,0,6620172,-0.01940268,0.103337854,0.01679765,12.367071,2.5350569e-06,0
1771685651164000,1771685651008000,0,6620172,-0.018907623,0.10340488,0.058709323,12.367168,3.0967156e-05,0
1771685651212000,1771685651060000,0,6620172,-0.018932423,0.103337854,-0.0029429626,12.367072,7.781442e-08,0
1771685651268000,1771685651112000,0,6620172,-0.018720796,0.10340488,0.025096973,12.367169,5.658872e-06,0
1771685651316000,1771685651164000,0,6620172,-0.018987367,0.103337854,-0.031633206,12.367072,8.990358e-06,0
1771685651372000,1771685651216000,0,6620172,-0.01929355,0.10340488,-0.036310486,12.36717,1.1845443e-05,0
1771685651420000,1771685651268000,0,6620172,-0.019398935,0.103337854,-0.012505766,12.367073,1.4051127e-06,0
1771685651476000,1771685651320000,0,6620172,-0.019264692,0.10340488,0.015919931,12.36717,2.2770341e-06,0
1771685651524000,1771685651372000,0,6620172,-0.019093607,0.103337854,0.02030229,12.367074,3.7032291e-06,0
1771685651580000,1771685651424000,0,6620172,-0.019083915,0.10340488,0.0011492707,12.367171,1.1866749e-08,0
1771685651628000,1771685651476000,0,6620172,-0.018795026,0.103337854,0.03428167,12.367075,1.0558798e-05,0
1771685651684000,1771685651528000,0,6620172,-0.018664332,0.10340488,0.015499128,12.367173,2.1582491e-06,0
1771685651732000,1771685651580000,0,6620172,-0.018296171,0.103337854,0.043688744,12.367077,1.7148634e-05,0
1771685651788000,1771685651632000,0,6620172,-0.018520689,0.10340488,-0.026625704,12.367174,6.3692632e-06,0
1771685651836000,1771685651684000,0,6620172,-0.018108478,0.103337854,0.0489162,12.367078,2.1497888e-05,0
1771685651892000,1771685651736000,0,6620172,-0.018132312,0.10340488,-0.0028265808,12.367175,7.178105e-08,0
1771685651940000,1771685651788000,0,6620172,-0.01803249,0.103337854,0.011845691,12.367079,1.2606982e-06,0
1771685651996000,1771685651840000,0,6620172,-0.017928297,0.10340488,0.01235622,12.367176,1.3716971e-06,0
1771685652044000,1771685651892000,0,6620172,-0.018173257,0.103337854,-0.029068774,12.36708,7.591782e-06,0
1771685652100000,1771685651944000,0,6620172,-0.018408075,0.10340488,-0.02784725,12.367178,6.967092e-06,0
1771685652148000,1771685651996000,0,6620172,-0.018713798,0.103337854,-0.036279425,12.367082,1.1825269e-05,0
1771685652204000,1771685652048000,0,6620172,-0.018971335,0.10340488,-0.030541573,12.367179,8.380494e-06,0
1771685652252000,1771685652100000,0,6620172,-0.019140642,0.103337854,-0.020091165,12.367083,3.6266067e-06,0
1771685652308000,1771685652152000,0,6620172,-0.019298337,0.10340488,-0.018701155,12.36718,3.1421266e-06,0
1771685652356000,1771685652204000,0,6620172,-0.019445857,0.103337854,-0.017505862,12.367084,2.753323e-06,0
1771685652412000,1771685652256000,0,6620172,-0.019466134,0.10340488,-0.002404729,12.367181,5.1954004e-08,0
1771685652460000,1771685652308000,0,6620172,-0.019676533,0.103337854,-0.02496746,12.3670845,5.600656e-06,0
1771685652516000,1771685652360000,0,6620172,-0.019916173,0.10340488,-0.02841917,12.367183,7.2562048e-06,0
1771685652564000,1771685652412000,0,6620172,-0.0203424,0.103337854,-0.050579432,12.367085,2.2984657e-05,0
1771685652620000,1771685652464000,0,6620172,-0.02039835,0.10340488,-0.0066351388,12.367184,3.955366e-07,0
1771685652668000,1771685652516000,0,6620172,-0.020089643,0.103337854,0.0366337,12.367086,1.2057345e-05,0
1771685652724000,1771685652568000,0,6620172,-0.02001494,0.10340488,0.008859174,12.367185,7.0513636e-07,0
1771685652772000,1771685652620000,0,6620172,-0.02029272,0.103337854,-0.032963574,12.367087,9.762446e-06,0
1771685652828000,1771685652672000,0,6620172,-0.020280123,0.10340488,0.0014938917,12.367185,2.0050484e-08,0
1771685652876000,1771685652724000,0,6620172,-0.020366393,0.103337854,-0.010237455,12.367088,9.416165e-07,0
1771685652932000,1771685652776000,0,6620172,-0.020378394,0.10340488,-0.0014231578,12.367186,1.8196703e-08,0
1771685652980000,1771685652828000,0,6620172,-0.020464864,0.103337854,-0.010261254,12.367089,9.4599955e-07,0
1771685653036000,1771685652880000,0,6620172,-0.020314943,0.10340488,0.017779317,12.367187,2.8399893e-06,0
1771685653084000,1771685652932000,0,6620172,-0.019997165,0.103337854,0.037709963,12.367089,1.2776215e-05,0
1771685653140000,1771685652984000,0,6620172,-0.019860966,0.10340488,0.01615195,12.367187,2.343886e-06,0
1771685653188000,1771685653036000,0,6620172,-0.02036378,0.103337854,-0.05966784,12.36709,3.1986787e-05,0
1771685653244000,1771685653088000,0,6620172,-0.020399991,0.10340488,-0.0042944234,12.3671875,1.6568998e-07,0
1771685653292000,1771685653140000,0,6620172,-0.020754764,0.103337854,-0.04210001,12.36709,1.5924079e-05,0
1771685653348000,1771685653192000,0,6620172,-0.021091849,0.10340488,-0.03997522,12.3671875,1.435715e-05,0
1771685653396000,1771685653244000,0,6620172,-0.021254087,0.103337854,-0.01925239,12.36709,3.3301153e-06,0
1771685653452000,1771685653296000,0,6620172,-0.021682175,0.10340488,-0.0507674,12.3671875,2.3155619e-05,0
1771685653500000,1771685653348000,0,6620172,-0.021999396,0.103337854,-0.037644,12.36709,1.2731555e-05,0
1771685653556000,1771685653400000,0,6620172,-0.022488106,0.10340488,-0.05795666,12.3671875,3.0178193e-05,0
1771685653604000,1771685653452000,0,6620172,-0.023901273,0.103337854,-0.16769744,12.36709,0.0002526637,0
1771685653660000,1771685653504000,0,6620172,-0.024412544,0.10340488,-0.06063242,12.3671875,3.3029068e-05,0
1771685653708000,1771685653556000,0,6620172,-0.024999416,0.103337854,-0.06964263,12.36709,4.3575295e-05,0
1771685653764000,1771685653608000,0,6620172,-0.025943529,0.10340488,-0.11196347,12.3671875,0.00011262616,0
1771685653812000,1771685653660000,0,6620172,-0.026491268,0.103337854,-0.06499885,12.36709,3.7957823e-05,0
1771685653868000,1771685653712000,0,6620172,-0.02692872,0.10340488,-0.05187787,12.367187,2.4179699e-05,0
1771685653916000,1771685653764000,0,6620172,-0.027625028,0.103337854,-0.08262938,12.36709,6.134215e-05,0
1771685653972000,1771685653816000,0,6620172,-0.02803542,0.10340488,-0.048668917,12.367187,2.1280897e-05,0
1771685654020000,1771685653868000,0,6620172,-0.028860245,0.103337854,-0.09788011,12.367089,8.607537e-05,0
1771685654076000,1771685653920000,0,6620172,-0.029400727,0.10340488,-0.0640963,12.367187,3.691072e-05,0
1771685654124000,1771685653972000,0,6620172,-0.030076718,0.103337854,-0.08021841,12.367089,5.781468e-05,0
1771685654180000,1771685654024000,0,6620172,-0.030905964,0.10340488,-0.09834125,12.367186,8.688765e-05,0
1771685654228000,1771685654076000,0,6620172,-0.031674195,0.103337854,-0.09116435,12.367088,7.466896e-05,0
1771685654284000,1771685654128000,0,6620172,-0.032359246,0.10340488,-0.08124085,12.367186,5.929738e-05,0
1771685654332000,1771685654180000,0,6620172,-0.033574533,0.103337854,-0.14421546,12.367088,0.00018685886,0
1771685654388000,1771685654232000,0,6620172,-0.034703672,0.10340488,-0.13390593,12.367185,0.00016109656,0
1771685654436000,1771685654284000,0,6620172,-0.035327777,0.103337854,-0.07406098,12.367087,4.9279795e-05,0
1771685654492000,1771685654336000,0,6620172,-0.036421545,0.10340488,-0.12971129,12.367184,0.00015116183,0
1771685654540000,1771685654388000,0,6620172,-0.03764632,0.103337854,-0.14534116,12.367086,0.00018978737,0
1771685654596000,1771685654440000,0,6620172,-0.03898096,0.10340488,-0.15827653,12.367184,0.00022507108,0
1771685654644000,1771685654492000,0,6620172,-0.039574165,0.103337854,-0.07039404,12.367086,4.4520686e-05,0
1771685654700000,1771685654544000,0,6620172,-0.040797334,0.10340488,-0.14505719,12.367183,0.00018904501,0
1771685654748000,1771685654596000,0,6620172,-0.041715723,0.103337854,-0.108982936,12.367085,0.0001067105,0
1771685654804000,1771685654648000,0,6620172,-0.043024797,0.10340488,-0.15524472,12.367182,0.00021653117,0
1771685654852000,1771685654700000,0,6620172,-0.04398562,0.103337854,-0.114018664,12.3670845,0.00011679979,0
1771685654908000,1771685654752000,0,6620172,-0.044667732,0.10340488,-0.08089231,12.367182,5.8789694e-05,0
1771685654956000,1771685654804000,0,6620172,-0.045842562,0.103337854,-0.1394143,12.3670845,0.00017462435,0
1771685655012000,1771685654856000,0,6620172,-0.046932586,0.10340488,-0.1292673,12.367181,0.00015012885,0
1771685655060000,1771685654908000,0,6620172,-0.04748604,0.103337854,-0.06567728,12.367084,3.875435e-05,0
1771685655116000,1771685654960000,0,6620172,-0.04839957,0.10340488,-0.10833672,12.36718,0.00010544796,0
1771685655164000,1771685655012000,0,6620172,-0.049372192,0.103337854,-0.11541879,12.367083,0.00011968598,0
1771685655220000,1771685655064000,0,6620172,-0.050305333,0.10340488,-0.11066198,12.367179,0.000110023066,0
1771685655268000,1771685655116000,0,6620172,-0.051176514,0.103337854,-0.10338119,12.367082,9.6022566e-05,0
1771685655324000,1771685655168000,0,6620172,-0.05244956,0.10340488,-0.15097192,12.367179,0.00020477606,0
1771685655372000,1771685655220000,0,6620172,-0.053184893,0.103337854,-0.08725991,12.367082,6.841003e-05,0
1771685655428000,1771685655272000,0,6620172,-0.054714806,0.10340488,-0.18143424,12.367178,0.00029575045,0
1771685655476000,1771685655324000,0,6620172,-0.055744793,0.103337854,-0.12222611,12.367081,0.00013422033,0
1771685655532000,1771685655376000,0,6620172,-0.05677551,0.10340488,-0.12223372,12.367177,0.00013423599,0
1771685655580000,1771685655428000,0,6620172,-0.058061246,0.103337854,-0.15257508,12.367081,0.0002091498,0
1771685655636000,1771685655480000,0,6620172,-0.058712676,0.10340488,-0.0772537,12.367177,5.3619835e-05,0
1771685655684000,1771685655532000,0,6620172,-0.060139988,0.103337854,-0.1693757,12.36708,0.00025774637,0
1771685655740000,1771685655584000,0,6620172,-0.061450165,0.10340488,-0.15537515,12.367176,0.00021689528,0
1771685655788000,1771685655636000,0,6620172,-0.06258489,0.103337854,-0.13465579,12.367079,0.00016290725,0
1771685655844000,1771685655688000,0,6620172,-0.06360425,0.10340488,-0.12088679,12.367176,0.00013129393,0
1771685655892000,1771685655740000,0,6620172,-0.06456859,0.103337854,-0.1144353,12.367079,0.00011765499,0
1771685655948000,1771685655792000,0,6620172,-0.065891854,0.10340488,-0.156928,12.367175,0.00022125235,0
1771685655996000,1771685655844000,0,6620172,-0.06739291,0.103337854,-0.1781267,12.367078,0.00028506794,0
1771685656052000,1771685655896000,0,6620172,-0.06837996,0.10340488,-0.117055334,12.367175,0.00012310322,0
1771685656100000,1771685655948000,0,6620172,-0.069864675,0.103337854,-0.1761879,12.367078,0.0002788962,0
1771685656156000,1771685656000000,0,6620172,-0.07063325,0.10340488,-0.09114607,12.367174,7.463849e-05,0
1771685656204000,1771685656052000,0,6620172,-0.07122615,0.103337854,-0.07035796,12.367077,4.4475102e-05,0
1771685656260000,1771685656104000,0,6620172,-0.072263226,0.10340488,-0.12298772,12.367174,0.0001358972,0
1771685656308000,1771685656156000,0,6620172,-0.072968915,0.103337854,-0.08374263,12.367077,6.300625e-05,0
1771685656364000,1771685656208000,0,6620172,-0.073645435,0.10340488,-0.08022933,12.367173,5.783002e-05,0
1771685656412000,1771685656260000,0,6620172,-0.075061604,0.103337854,-0.16805378,12.367076,0.0002537389,0
1771685656468000,1771685656312000,0,6620172,-0.07608229,0.10340488,-0.12104435,12.367173,0.00013163644,0
1771685656516000,1771685656364000,0,6620172,-0.076963075,0.103337854,-0.10452074,12.367076,9.8151155e-05,0
1771685656572000,1771685656416000,0,6620172,-0.07772686,0.10340488,-0.09057843,12.367172,7.371174e-05,0
1771685656620000,1771685656468000,0,6620172,-0.07859276,0.103337854,-0.10275409,12.367075,9.4861236e-05,0
1771685656676000,1771685656520000,0,6620172,-0.07946118,0.10340488,-0.10298683,12.367172,9.5290685e-05,0
1771685656724000,1771685656572000,0,6620172,-0.08026978,0.103337854,-0.09595386,12.367075,8.272093e-05,0
1771685656780000,1771685656624000,0,6620172,-0.08076276,0.10340488,-0.058463134,12.367172,3.0707983e-05,0
1771685656828000,1771685656676000,0,6620172,-0.08218942,0.103337854,-0.16929828,12.367075,0.00025751087,0
1771685656884000,1771685656728000,0,6620172,-0.08290039,0.10340488,-0.08431449,12.367171,6.386921e-05,0
1771685656932000,1771685656780000,0,6620172,-0.08379161,0.103337854,-0.10575928,12.367074,0.000100491074,0
1771685656988000,1771685656832000,0,6620172,-0.084685676,0.10340488,-0.10602772,12.367171,0.00010100107,0
1771685657036000,1771685656884000,0,6620172,-0.08603504,0.103337854,-0.16012633,12.367074,0.00023036475,0
1771685657092000,1771685656936000,0,6620172,-0.0872648,0.10340488,-0.14583752,12.367171,0.00019108456,0
1771685657140000,1771685656988000,0,6620172,-0.088230856,0.103337854,-0.1146395,12.367074,0.0001180753,0
1771685657196000,1771685657040000,0,6620172,-0.08950797,0.10340488,-0.15145421,12.36717,0.00020608664,0
1771685657244000,1771685657092000,0,6620172,-0.09071537,0.103337854,-0.14328012,12.367074,0.0001844431,0
1771685657300000,1771685657144000,0,6620172,-0.09167663,0.10340488,-0.11399654,12.36717,0.000116753654,0
1771685657348000,1771685657196000,0,6620172,-0.093008235,0.103337854,-0.1580182,12.367073,0.00022433902,0
1771685657404000,1771685657248000,0,6620172,-0.09361974,0.10340488,-0.07251911,12.36717,4.7248937e-05,0
1771685657452000,1771685657300000,0,6620172,-0.094685,0.103337854,-0.126412,12.367073,0.00014357115,0
1771685657508000,1771685657352000,0,6620172,-0.09538994,0.10340488,-0.08359869,12.367169,6.278937e-05,0
1771685657556000,1771685657404000,0,6620172,-0.09639245,0.103337854,-0.11896553,12.367073,0.00012715482,0
1771685657612000,1771685657456000,0,6620172,-0.09707887,0.10340488,-0.08140296,12.367169,5.953434e-05,0
1771685657660000,1771685657508000,0,6620172,-0.0979041,0.103337854,-0.09792846,12.367073,8.616053e-05,0
1771685657716000,1771685657560000,0,6620172,-0.09829368,0.10340488,-0.046199903,12.367169,1.9176498e-05,0
1771685657764000,1771685657612000,0,6620172,-0.09949854,0.103337854,-0.1429783,12.367072,0.00018366687,0
1771685657820000,1771685657664000,0,6620172,-0.100623,0.10340488,-0.13335058,12.367169,0.00015976328,0
1771685657868000,1771685657716000,0,6620172,-0.10156495,0.103337854,-0.11177935,12.367072,0.00011225708,0
1771685657924000,1771685657768000,0,6620172,-0.10258243,0.10340488,-0.12066405,12.367169,0.00013081061,0
1771685657972000,1771685657820000,0,6620172,-0.1033366,0.103337854,-0.089495204,12.367072,7.195983e-05,0
1771685658028000,1771685657872000,0,6620172,-0.10357486,0.10340488,-0.028255194,12.367168,7.1727186e-06,0
1771685658076000,1771685657924000,0,6620172,-0.10446982,0.103337854,-0.106202975,12.367072,0.000101336045,0
1771685658132000,1771685657976000,0,6620172,-0.105408765,0.10340488,-0.11135049,12.367168,0.00011139648,0
1771685658180000,1771685658028000,0,6620172,-0.10621318,0.103337854,-0.095457934,12.367072,8.186809e-05,0
1771685658236000,1771685658080000,0,6620172,-0.10706383,0.10340488,-0.1008791,12.367168,9.143019e-05,0
1771685658284000,1771685658132000,0,6620172,-0.107583754,0.103337854,-0.061698377,12.367071,3.4200944e-05,0
1771685658340000,1771685658184000,0,6620172,-0.108037874,0.10340488,-0.053854235,12.367168,2.605715e-05,0
1771685658388000,1771685658236000,0,6620172,-0.10891683,0.103337854,-0.104303434,12.367071,9.774349e-05,0
1771685658444000,1771685658288000,0,6620172,-0.10920993,0.10340488,-0.03475993,12.367168,1.085538e-05,0
1771685658492000,1771685658340000,0,6620172,-0.10973183,0.103337854,-0.061932646,12.367071,3.446116e-05,0
1771685658548000,1771685658392000,0,6620172,-0.11042054,0.10340488,-0.08167442,12.367168,5.9932074e-05,0
1771685658596000,1771685658444000,0,6620172,-0.111055166,0.103337854,-0.07530944,12.367071,5.0955314e-05,0
1771685658652000,1771685658496000,0,6620172,-0.11173632,0.10340488,-0.08077833,12.367167,5.8624213e-05,0
1771685658700000,1771685658548000,0,6620172,-0.11263966,0.103337854,-0.107196786,12.367071,0.00010324146,0
1771685658756000,1771685658600000,0,6620172,-0.1134284,0.10340488,-0.0935371,12.367167,7.860588e-05,0
1771685658804000,1771685658652000,0,6620172,-0.11404076,0.103337854,-0.07266779,12.367071,4.7443264e-05,0
1771685658860000,1771685658704000,0,6620172,-0.11441573,0.10340488,-0.04446754,12.367167,1.7765336e-05,0
1771685658908000,1771685658756000,0,6620172,-0.115290314,0.103337854,-0.103784956,12.367071,9.6774165e-05,0
1771685658964000,1771685658808000,0,6620172,-0.11580914,0.10340488,-0.061528534,12.367167,3.4012643e-05,0
1771685659012000,1771685658860000,0,6620172,-0.11666736,0.103337854,-0.101842225,12.367071,9.318508e-05,0
1771685659068000,1771685658912000,0,6620172,-0.11748647,0.10340488,-0.09713879,12.367167,8.477595e-05,0
1771685659116000,1771685658964000,0,6620172,-0.11808778,0.103337854,-0.071356304,12.36707,4.5746234e-05,0
1771685659172000,1771685659016000,0,6620172,-0.118374586,0.10340488,-0.034011826,12.367167,1.0393149e-05,0
1771685659220000,1771685659068000,0,6620172,-0.11931971,0.103337854,-0.1121552,12.36707,0.00011301327,0
1771685659276000,1771685659120000,0,6620172,-0.119233795,0.10340488,0.010188848,12.367167,9.326902e-07,0
1771685659324000,1771685659172000,0,6620172,-0.120240085,0.103337854,-0.11941367,12.36707,0.00012811463,0
1771685659380000,1771685659224000,0,6620172,-0.120967306,0.10340488,-0.08624185,12.367167,6.6822606e-05,0
1771685659428000,1771685659276000,0,6620172,-0.121434875,0.103337854,-0.05548533,12.36707,2.765967e-05,0
1771685659484000,1771685659328000,0,6620172,-0.12225907,0.10340488,-0.09774237,12.367167,8.583275e-05,0
1771685659532000,1771685659380000,0,6620172,-0.12317866,0.103337854,-0.109125204,12.36707,0.00010698941,0
1771685659588000,1771685659432000,0,6620172,-0.12421152,0.10340488,-0.12248784,12.367167,0.00013479483,0
1771685659636000,1771685659484000,0,6620172,-0.12450362,0.103337854,-0.03466299,12.36707,1.0795003e-05,0
1771685659692000,1771685659536000,0,6620172,-0.12499211,0.10340488,-0.057930462,12.367167,3.0150968e-05,0
1771685659740000,1771685659588000,0,6620172,-0.12557647,0.103337854,-0.06934383,12.36707,4.3202243e-05,0
1771685659796000,1771685659640000,0,6620172,-0.12615833,0.10340488,-0.06900361,12.3671665,4.277903e-05,0
1771685659844000,1771685659692000,0,6620172,-0.12719421,0.103337854,-0.122926146,12.36707,0.0001357623,0
1771685659900000,1771685659744000,0,6620172,-0.12790705,0.10340488,-0.084536746,12.3671665,6.4206404e-05,0
1771685659948000,1771685659796000,0,6620172,-0.12847662,0.103337854,-0.06758855,12.36707,4.10428e-05,0
1771685660004000,1771685659848000,0,6620172,-0.12900418,0.10340488,-0.06256342,12.3671665,3.5166428e-05,0
1771685660052000,1771685659900000,0,6620172,-0.12978926,0.103337854,-0.09316379,12.36707,7.798031e-05,0
1771685660108000,1771685659952000,0,6620172,-0.13033766,0.10340488,-0.065034956,12.3671665,3.7999773e-05,0
1771685660156000,1771685660004000,0,6620172,-0.13075095,0.103337854,-0.04904467,12.36707,2.161097e-05,0
1771685660212000,1771685660056000,0,6620172,-0.1310895,0.10340488,-0.040147483,12.3671665,1.4481179e-05,0
1771685660260000,1771685660108000,0,6620172,-0.13136736,0.103337854,-0.032973006,12.36707,9.768047e-06,0
1771685660316000,1771685660160000,0,6620172,-0.13188392,0.10340488,-0.061259598,12.3671665,3.371596e-05,0
1771685660364000,1771685660212000,0,6620172,-0.13241895,0.103337854,-0.063489616,12.36707,3.621563e-05,0
1771685660420000,1771685660264000,0,6620172,-0.13283658,0.10340488,-0.049526855,12.3671665,2.203783e-05,0
1771685660468000,1771685660316000,0,6620172,-0.13339649,0.103337854,-0.066443205,12.36707,3.966357e-05,0
1771685660524000,1771685660368000,0,6620172,-0.13379867,0.10340488,-0.047694817,12.3671665,2.043759e-05,0
1771685660572000,1771685660420000,0,6620172,-0.13465497,0.103337854,-0.101613924,12.36707,9.276777e-05,0
1771685660628000,1771685660472000,0,6620172,-0.13507536,0.10340488,-0.04985431,12.3671665,2.2330203e-05,0
1771685660676000,1771685660524000,0,6620172,-0.13559583,0.103337854,-0.06176302,12.367069,3.4272656e-05,0
1771685660732000,1771685660576000,0,6620172,-0.13596094,0.10340488,-0.043298215,12.3671665,1.6843303e-05,0
1771685660780000,1771685660628000,0,6620172,-0.13583514,0.103337854,0.014928222,12.367069,2.0021973e-06,0
1771685660836000,1771685660680000,0,6620172,-0.136313,0.10340488,-0.056669742,12.3671665,2.8852919e-05,0
1771685660884000,1771685660732000,0,6620172,-0.13669704,0.103337854,-0.04557176,12.367069,1.865874e-05,0
1771685660940000,1771685660784000,0,6620172,-0.1370894,0.10340488,-0.0465305,12.3671665,1.9451933e-05,0
1771685660988000,1771685660836000,0,6620172,-0.13750803,0.103337854,-0.049678177,12.367069,2.2172875e-05,0
1771685661044000,1771685660888000,0,6620172,-0.138172,0.10340488,-0.078739524,12.3671665,5.5702265e-05,0
1771685661092000,1771685660940000,0,6620172,-0.13838194,0.103337854,-0.024913937,12.367069,5.5766764e-06,0
1771685661148000,1771685660992000,0,6620172,-0.13871583,0.10340488,-0.039596573,12.3671665,1.40864795e-05,0
1771685661196000,1771685661044000,0,6620172,-0.13934861,0.103337854,-0.07509032,12.367069,5.0659233e-05,0
1771685661252000,1771685661096000,0,6620172,-0.1399425,0.10340488,-0.07042922,12.3671665,4.4564913e-05,0
1771685661300000,1771685661148000,0,6620172,-0.14134674,0.103337854,-0.1666371,12.367069,0.00024947905,0
1771685661356000,1771685661200000,0,6620172,-0.14187436,0.10340488,-0.06257172,12.3671665,3.517576e-05,0
1771685661404000,1771685661252000,0,6620172,-0.14269911,0.103337854,-0.097871736,12.367069,8.6060776e-05,0
1771685661460000,1771685661304000,0,6620172,-0.14351898,0.10340488,-0.09723009,12.3671665,8.493539e-05,0
1771685661508000,1771685661356000,0,6620172,-0.14411488,0.103337854,-0.070714414,12.367069,4.4926917e-05,0
1771685661564000,1771685661408000,0,6620172,-0.14518325,0.10340488,-0.1266981,12.3671665,0.00014422068,0
1771685661612000,1771685661460000,0,6620172,-0.1453156,0.103337854,-0.015705422,12.367069,2.2161028e-06,0
1771685661668000,1771685661512000,0,6620172,-0.14548913,0.10340488,-0.020577952,12.3671665,3.8044475e-06,0
1771685661716000,1771685661564000,0,6620172,-0.1456837,0.103337854,-0.023089975,12.367069,4.7900235e-06,0
1771685661772000,1771685661616000,0,6620172,-0.14619535,0.10340488,-0.060676157,12.3671665,3.3076794e-05,0
1771685661820000,1771685661668000,0,6620172,-0.14676304,0.103337854,-0.06736666,12.367069,4.0773757e-05,0
1771685661876000,1771685661720000,0,6620172,-0.14705251,0.10340488,-0.034328267,12.3671665,1.0587442e-05,0
1771685661924000,1771685661772000,0,6620172,-0.14760116,0.103337854,-0.06510569,12.367069,3.808278e-05,0
1771685661980000,1771685661824000,0,6620172,-0.14783415,0.10340488,-0.027630776,12.3671665,6.8592e-06,0
1771685662028000,1771685661876000,0,6620172,-0.148602,0.103337854,-0.091118485,12.367069,7.459397e-05,0
1771685662084000,1771685661928000,0,6620172,-0.14896809,0.10340488,-0.043414608,12.3671665,1.693398e-05,0
1771685662132000,1771685661980000,0,6620172,-0.1493936,0.103337854,-0.050494805,12.367069,2.2907838e-05,0
1771685662188000,1771685662032000,0,6620172,-0.15021622,0.10340488,-0.09755464,12.3671665,8.550336e-05,0
1771685662236000,1771685662084000,0,6620172,-0.15022798,0.103337854,-0.0013951063,12.367069,1.7486597e-08,0
1771685662292000,1771685662136000,0,6620172,-0.15036677,0.10340488,-0.016459033,12.3671665,2.4338617e-06,0
1771685662340000,1771685662188000,0,6620172,-0.15073112,0.103337854,-0.043236747,12.367069,1.6795648e-05,0
1771685662396000,1771685662240000,0,6620172,-0.15070508,0.10340488,0.0030870736,12.3671665,8.562119e-08,0
1771685662444000,1771685662292000,0,6620172,-0.15082845,0.103337854,-0.014639154,12.367069,1.9254076e-06,0
1771685662500000,1771685662344000,0,6620172,-0.15103938,0.10340488,-0.025013834,12.3671665,5.621443e-06,0
1771685662548000,1771685662396000,0,6620172,-0.15151481,0.103337854,-0.05641912,12.367069,2.8598502e-05,0
1771685662604000,1771685662448000,0,6620172,-0.15143996,0.10340488,0.008875653,12.3671665,7.0776315e-07,0
1771685662652000,1771685662500000,0,6620172,-0.1515525,0.103337854,-0.013354957,12.367069,1.6024176e-06,0
1771685662708000,1771685662552000,0,6620172,-0.15135846,0.10340488,0.02301246,12.3671665,4.7578787e-06,0
1771685662756000,1771685662604000,0,6620172,-0.15159461,0.103337854,-0.028023869,12.367069,7.0558103e-06,0
1771685662812000,1771685662656000,0,6620172,-0.15227926,0.10340488,-0.08119348,12.3671665,5.9228343e-05,0
1771685662860000,1771685662708000,0,6620172,-0.15259612,0.103337854,-0.037601113,12.367069,1.2702585e-05,0
1771685662916000,1771685662760000,0,6620172,-0.15268663,0.10340488,-0.010733962,12.3671665,1.0351598e-06,0
1771685662964000,1771685662812000,0,6620172,-0.15308647,0.103337854,-0.04744765,12.367069,2.0226473e-05,0
1771685663020000,1771685662864000,0,6620172,-0.15314093,0.10340488,-0.00645943,12.3671665,3.7486566e-07,0
1771685663068000,1771685662916000,0,6620172,-0.15342481,0.103337854,-0.03368768,12.367069,1.0196073e-05,0
1771685663124000,1771685662968000,0,6620172,-0.15364009,0.10340488,-0.025530264,12.3671665,5.855957e-06,0
1771685663172000,1771685663020000,0,6620172,-0.15411882,0.103337854,-0.056809127,12.367069,2.8995257e-05,0
1771685663228000,1771685663072000,0,6620172,-0.15413062,0.10340488,-0.0013987571,12.3671665,1.7578099e-08,0
1771685663276000,1771685663124000,0,6620172,-0.15440977,0.103337854,-0.033125237,12.367069,9.858451e-06,0
1771685663332000,1771685663176000,0,6620172,-0.15469909,0.10340488,-0.034310937,12.3671665,1.0576755e-05,0
1771685663380000,1771685663228000,0,6620172,-0.15485771,0.103337854,-0.018823862,12.367069,3.1835245e-06,0
1771685663436000,1771685663280000,0,6620172,-0.15518443,0.10340488,-0.038745806,12.3671665,1.3487663e-05,0
1771685663484000,1771685663332000,0,6620172,-0.15546036,0.103337854,-0.032742813,12.367069,9.632138e-06,0
1771685663540000,1771685663384000,0,6620172,-0.15578869,0.10340488,-0.038936615,12.3671665,1.3620833e-05,0
1771685663588000,1771685663436000,0,6620172,-0.15630382,0.103337854,-0.061130255,12.367069,3.3574004e-05,0
1771685663644000,1771685663488000,0,6620172,-0.15674907,0.10340488,-0.052802622,12.3671665,2.5049454e-05,0
1771685663692000,1771685663540000,0,6620172,-0.15698197,0.103337854,-0.027638137,12.367069,6.8629092e-06,0
1771685663748000,1771685663592000,0,6620172,-0.15758312,0.10340488,-0.07128951,12.3671665,4.566028e-05,0
1771685663796000,1771685663644000,0,6620172,-0.15773699,0.103337854,-0.018259168,12.367069,2.995385e-06,0
1771685663852000,1771685663696000,0,6620172,-0.15810016,0.10340488,-0.043068677,12.3671665,1.6665193e-05,0
1771685663900000,1771685663748000,0,6620172,-0.15865085,0.103337854,-0.06534955,12.367069,3.8368595e-05,0
1771685663956000,1771685663800000,0,6620172,-0.15920858,0.10340488,-0.066141635,12.3671665,3.9304035e-05,0
1771685664004000,1771685663852000,0,6620172,-0.15963317,0.103337854,-0.050386146,12.367069,2.2809354e-05,0
1771685664060000,1771685663904000,0,6620172,-0.15982492,0.10340488,-0.022739872,12.3671665,4.64583e-06,0
1771685664108000,1771685663956000,0,6620172,-0.16024175,0.103337854,-0.049464628,12.367069,2.1982658e-05,0
1771685664164000,1771685664008000,0,6620172,-0.16078453,0.10340488,-0.06436762,12.3671665,3.7223926e-05,0
1771685664212000,1771685664060000,0,6620172,-0.1610364,0.103337854,-0.0298893,12.367069,8.026426e-06,0
1771685664268000,1771685664112000,0,6620172,-0.16141601,0.10340488,-0.045018286,12.3671665,1.8208122e-05,0
1771685664316000,1771685664164000,0,6620172,-0.16198042,0.103337854,-0.066977546,12.367069,4.0304098e-05,0
1771685664372000,1771685664216000,0,6620172,-0.16223267,0.10340488,-0.02991411,12.3671665,8.039693e-06,0
1771685664420000,1771685664268000,0,6620172,-0.16278763,0.103337854,-0.06585571,12.367069,3.896526e-05,0
1771685664476000,1771685664320000,0,6620172,-0.1629533,0.10340488,-0.01964645,12.3671665,3.4678117e-06,0
1771685664524000,1771685664372000,0,6620172,-0.16330725,0.103337854,-0.042002752,12.367069,1.585062e-05,0
1771685664580000,1771685664424000,0,6620172,-0.16375212,0.10340488,-0.052757204,12.3671665,2.5006379e-05,0
1771685664628000,1771685664476000,0,6620172,-0.16430663,0.103337854,-0.0658011,12.367069,3.8900664e-05,0
1771685664684000,1771685664528000,0,6620172,-0.16411877,0.10340488,0.022277817,12.3671665,4.4589497e-06,0
1771685664732000,1771685664580000,0,6620172,-0.16368985,0.103337854,0.050898552,12.367069,2.3275636e-05,0
1771685664788000,1771685664632000,0,6620172,-0.16403577,0.10340488,-0.041022062,12.3671665,1.51189715e-05,0
1771685664836000,1771685664684000,0,6620172,-0.16441557,0.103337854,-0.045070678,12.367069,1.8250674e-05,0
1771685664892000,1771685664736000,0,6620172,-0.16433488,0.10340488,0.009569377,12.3671665,8.227248e-07,0
1771685664940000,1771685664788000,0,6620172,-0.16413406,0.103337854,0.023831949,12.367069,5.102815e-06,0
1771685664996000,1771685664840000,0,6620172,-0.1643105,0.10340488,-0.020924538,12.3671665,3.93368e-06,0
1771685665044000,1771685664892000,0,6620172,-0.1647636,0.103337854,-0.053768113,12.367069,2.5974086e-05,0
1771685665100000,1771685664944000,0,6620172,-0.16483746,0.10340488,-0.00875935,12.3671665,6.8933605e-07,0
1771685665148000,1771685664996000,0,6620172,-0.16558342,0.103337854,-0.08851947,12.367069,7.03993e-05,0
1771685665204000,1771685665048000,0,6620172,-0.16555206,0.10340488,0.0037181824,12.3671665,1.2420774e-07,0
1771685665252000,1771685665100000,0,6620172,-0.16579565,0.103337854,-0.028905943,12.367069,7.5069756e-06,0
1771685665308000,1771685665152000,0,6620172,-0.16609757,0.10340488,-0.035803467,12.3671665,1.1516949e-05,0
1771685665356000,1771685665204000,0,6620172,-0.16643532,0.103337854,-0.04007919,12.367069,1.4432069e-05,0
1771685665412000,1771685665256000,0,6620172,-0.16655119,0.10340488,-0.013740465,12.3671665,1.696251e-06,0
1771685665460000,1771685665308000,0,6620172,-0.16682081,0.103337854,-0.031996176,12.367069,9.197862e-06,0
1771685665516000,1771685665360000,0,6620172,-0.16647176,0.10340488,0.041393563,12.3671665,1.5394051e-05,0
1771685665564000,1771685665412000,0,6620172,-0.16695243,0.103337854,-0.057038978,12.367069,2.9230361e-05,0
1771685665620000,1771685665464000,0,6620172,-0.16728833,0.10340488,-0.03983468,12.3671665,1.4256401e-05,0
1771685665668000,1771685665516000,0,6620172,-0.16765873,0.103337854,-0.043954343,12.367069,1.7357785e-05,0
1771685665724000,1771685665568000,0,6620172,-0.16768965,0.10340488,-0.0036669523,12.3671665,1.208086e-07,0
1771685665772000,1771685665620000,0,6620172,-0.16795689,0.103337854,-0.031712204,12.367069,9.0353205e-06,0
1771685665828000,1771685665672000,0,6620172,-0.1678067,0.10340488,0.017810404,12.3671665,2.8499344e-06,0
1771685665876000,1771685665724000,0,6620172,-0.16817221,0.103337854,-0.04337494,12.367069,1.6903183e-05,0
1771685665932000,1771685665776000,0,6620172,-0.1683985,0.10340488,-0.026835114,12.3671665,6.4698497e-06,0
1771685665980000,1771685665828000,0,6620172,-0.1686217,0.103337854,-0.026486754,12.367069,6.3030134e-06,0
1771685666036000,1771685665880000,0,6620172,-0.16866715,0.10340488,-0.0053895265,12.3671665,2.6096876e-07,0
1771685666084000,1771685665932000,0,6620172,-0.16871168,0.103337854,-0.005283043,12.367069,2.507604e-07,0
1771685666140000,1771685665984000,0,6620172,-0.16861792,0.10340488,0.011118904,12.3671665,1.1107369e-06,0
1771685666188000,1771685666036000,0,6620172,-0.16852348,0.103337854,0.011208251,12.367069,1.1286686e-06,0
1771685666244000,1771685666088000,0,6620172,-0.16852857,0.10340488,-0.00060494244,12.3671665,3.2878757e-09,0
1771685666292000,1771685666140000,0,6620172,-0.16880725,0.103337854,-0.03307055,12.367069,9.825926e-06,0
1771685666348000,1771685666192000,0,6620172,-0.1692639,0.10340488,-0.054154173,12.3671665,2.6348212e-05,0
1771685666396000,1771685666244000,0,6620172,-0.16971485,0.103337854,-0.05351442,12.367069,2.572956e-05,0
1771685666452000,1771685666296000,0,6620172,-0.1699446,0.10340488,-0.027245596,12.3671665,6.669295e-06,0
1771685666500000,1771685666348000,0,6620172,-0.17016712,0.103337854,-0.026405498,12.367069,6.2644e-06,0
1771685666556000,1771685666400000,0,6620172,-0.17040488,0.10340488,-0.02819714,12.3671665,7.1432755e-06,0
1771685666604000,1771685666452000,0,6620172,-0.17008244,0.103337854,0.038263768,12.367069,1.3154253e-05,0
1771685666660000,1771685666504000,0,6620172,-0.17013976,0.10340488,-0.006797448,12.3671665,4.1512516e-07,0
1771685666708000,1771685666556000,0,6620172,-0.1705895,0.103337854,-0.053370982,12.367069,2.5591817e-05,0
1771685666764000,1771685666608000,0,6620172,-0.17054425,0.10340488,0.0053673387,12.3671665,2.5882446e-07,0
1771685666812000,1771685666660000,0,6620172,-0.17077817,0.103337854,-0.02775897,12.367069,6.9230496e-06,0
1771685666868000,1771685666712000,0,6620172,-0.17068088,0.10340488,0.011537448,12.3671665,1.1959328e-06,0
1771685666916000,1771685666764000,0,6620172,-0.17102115,0.103337854,-0.04037869,12.367069,1.4648568e-05,0
1771685666972000,1771685666816000,0,6620172,-0.1712651,0.10340488,-0.028930023,12.3671665,7.519429e-06,0
1771685667020000,1771685666868000,0,6620172,-0.1714698,0.103337854,-0.024291545,12.367069,5.3015274e-06,0
1771685667076000,1771685666920000,0,6620172,-0.17177944,0.10340488,-0.036721125,12.3671665,1.2114883e-05,0
1771685667124000,1771685666972000,0,6620172,-0.17181471,0.103337854,-0.0041849166,12.367069,1.5734912e-07,0
1771685667180000,1771685667024000,0,6620172,-0.17211168,0.10340488,-0.03521654,12.3671665,1.1142449e-05,0
1771685667228000,1771685667076000,0,6620172,-0.1725268,0.103337854,-0.049262837,12.367069,2.1803668e-05,0
1771685667284000,1771685667128000,0,6620172,-0.17256661,0.10340488,-0.004719287,12.3671665,2.0009678e-07,0
1771685667332000,1771685667180000,0,6620172,-0.172569,0.103337854,-0.0002849549,12.367069,7.295297e-10,0
1771685667388000,1771685667232000,0,6620172,-0.17223994,0.10340488,0.039024085,12.3671665,1.36821e-05,0
1771685667436000,1771685667284000,0,6620172,-0.1723531,0.103337854,-0.013429001,12.367069,1.6202355e-06,0
1771685667492000,1771685667336000,0,6620172,-0.17229451,0.10340488,0.0069478303,12.3671665,4.3369627e-07,0
1771685667540000,1771685667388000,0,6620172,-0.17260112,0.103337854,-0.036384687,12.367069,1.1894002e-05,0
1771685667596000,1771685667440000,0,6620172,-0.17293829,0.10340488,-0.03998433,12.3671665,1.436372e-05,0
1771685667644000,1771685667492000,0,6620172,-0.17339738,0.103337854,-0.054478705,12.367069,2.6665164e-05,0
1771685667700000,1771685667544000,0,6620172,-0.17352659,0.10340488,-0.015323326,12.3671665,2.1095673e-06,0
1771685667748000,1771685667596000,0,6620172,-0.17373794,0.103337854,-0.025081813,12.367069,5.6520835e-06,0
1771685667804000,1771685667648000,0,6620172,-0.17377421,0.10340488,-0.0043016076,12.3671665,1.662451e-07,0
1771685667852000,1771685667700000,0,6620172,-0.1739336,0.103337854,-0.018913776,12.367069,3.2140097e-06,0
1771685667908000,1771685667752000,0,6620172,-0.17403667,0.10340488,-0.012223631,12.3671665,1.342418e-06,0
1771685667956000,1771685667804000,0,6620172,-0.1740596,0.103337854,-0.0027211457,12.367069,6.652645e-08,0
1771685668012000,1771685667856000,0,6620172,-0.1743047,0.10340488,-0.0290654,12.3671665,7.5899675e-06,0
1771685668060000,1771685667908000,0,6620172,-0.17423227,0.103337854,0.008594245,12.367069,6.635996e-07,0
1771685668116000,1771685667960000,0,6620172,-0.17470288,0.10340488,-0.05580923,12.3671665,2.7983326e-05,0
1771685668164000,1771685668012000,0,6620172,-0.17489867,0.103337854,-0.023234129,12.367069,4.85002e-06,0
1771685668220000,1771685668064000,0,6620172,-0.17464517,0.10340488,0.030062243,12.3671665,8.119515e-06,0
1771685668268000,1771685668116000,0,6620172,-0.17507084,0.103337854,-0.05051352,12.367069,2.2924822e-05,0
1771685668324000,1771685668168000,0,6620172,-0.17532387,0.10340488,-0.030007288,12.3671665,8.089855e-06,0
1771685668372000,1771685668220000,0,6620172,-0.17518474,0.103337854,0.016510397,12.367069,2.4490957e-06,0
1771685668428000,1771685668272000,0,6620172,-0.17523454,0.10340488,-0.005906567,12.3671665,3.1344226e-07,0
1771685668476000,1771685668324000,0,6620172,-0.17568971,0.103337854,-0.054013506,12.367069,2.6211716e-05,0
1771685668532000,1771685668376000,0,6620172,-0.17530346,0.10340488,0.0458069,12.3671665,1.8851639e-05,0
1771685668580000,1771685668428000,0,6620172,-0.17528845,0.103337854,0.00178051,12.367069,2.8482592e-08,0
1771685668636000,1771685668480000,0,6620172,-0.17538679,0.10340488,-0.01166223,12.3671665,1.2219417e-06,0
1771685668684000,1771685668532000,0,6620172,-0.17497967,0.103337854,0.04831159,12.367069,2.0969757e-05,0
1771685668740000,1771685668584000,0,6620172,-0.17480733,0.10340488,0.020438656,12.3671665,3.7531158e-06,0
1771685668788000,1771685668636000,0,6620172,-0.17492406,0.103337854,-0.013852343,12.367069,1.7239997e-06,0
1771685668844000,1771685668688000,0,6620172,-0.17455558,0.10340488,0.043698475,12.3671665,1.715615e-05,0
1771685668892000,1771685668740000,0,6620172,-0.1746338,0.103337854,-0.009282306,12.367069,7.741096e-07,0
1771685668948000,1771685668792000,0,6620172,-0.17450555,0.10340488,0.015209973,12.3671665,2.0784719e-06,0
1771685668996000,1771685668844000,0,6620172,-0.17474209,0.103337854,-0.028070137,12.367069,7.0791284e-06,0
1771685669052000,1771685668896000,0,6620172,-0.17441116,0.10340488,0.03924404,12.3671665,1.383677e-05,0
1771685669100000,1771685668948000,0,6620172,-0.17405187,0.103337854,0.04263626,12.367069,1.633236e-05,0
1771685669156000,1771685669000000,0,6620172,-0.17380191,0.10340488,0.029642686,12.3671665,7.8944595e-06,0
1771685669204000,1771685669052000,0,6620172,-0.17450729,0.103337854,-0.08370541,12.367069,6.29503e-05,0
1771685669260000,1771685669104000,0,6620172,-0.17475632,0.10340488,-0.029533237,12.3671665,7.83627e-06,0
1771685669308000,1771685669156000,0,6620172,-0.17508435,0.103337854,-0.038927764,12.367069,1.3614748e-05,0
1771685669364000,1771685669208000,0,6620172,-0.17555292,0.10340488,-0.055567503,12.3671665,2.7741444e-05,0
1771685669412000,1771685669260000,0,6620172,-0.17589842,0.103337854,-0.040999815,12.367069,1.5102697e-05,0
1771685669468000,1771685669312000,0,6620172,-0.17606933,0.10340488,-0.020268574,12.3671665,3.690912e-06,0
1771685669516000,1771685669364000,0,6620172,-0.17616309,0.103337854,-0.01112549,12.367069,1.112062e-06,0
1771685669572000,1771685669416000,0,6620172,-0.176322,0.10340488,-0.018844232,12.3671665,3.190393e-06,0
1771685669620000,1771685669468000,0,6620172,-0.17628504,0.103337854,0.004385963,12.367069,1.728306e-07,0
1771685669676000,1771685669520000,0,6620172,-0.17619485,0.10340488,0.010696664,12.3671665,1.0279786e-06,0
1771685669724000,1771685669572000,0,6620172,-0.17626697,0.103337854,-0.008558571,12.367069,6.581021e-07,0
1771685669780000,1771685669624000,0,6620172,-0.17593245,0.10340488,0.03967029,12.3671665,1.4138977e-05,0
1771685669828000,1771685669676000,0,6620172,-0.1758458,0.103337854,0.010283038,12.367069,9.500219e-07,0
1771685669884000,1771685669728000,0,6620172,-0.17535426,0.10340488,0.05829209,12.3671665,3.0528576e-05,0
1771685669932000,1771685669780000,0,6620172,-0.17487283,0.103337854,0.05712916,12.367069,2.9322864e-05,0
1771685669988000,1771685669832000,0,6620172,-0.1743051,0.10340488,0.067328885,12.3671665,4.0727722e-05,0
1771685670036000,1771685669884000,0,6620172,-0.17434429,0.103337854,-0.004649982,12.367069,1.942644e-07,0
1771685670092000,1771685669936000,0,6620172,-0.17452882,0.10340488,-0.021883741,12.3671665,4.3025943e-06,0
1771685670140000,1771685669988000,0,6620172,-0.17435884,0.103337854,0.020170912,12.367069,3.655458e-06,0
1771685670196000,1771685670040000,0,6620172,-0.1747728,0.10340488,-0.049090862,12.3671665,2.165153e-05,0
1771685670244000,1771685670092000,0,6620172,-0.17467226,0.103337854,0.011931002,12.367069,1.2789235e-06,0
1771685670300000,1771685670144000,0,6620172,-0.17400174,0.10340488,0.07951845,12.3671665,5.6809782e-05,0
1771685670348000,1771685670196000,0,6620172,-0.17436494,0.103337854,-0.043100312,12.367069,1.6689817e-05,0
1771685670404000,1771685670248000,0,6620172,-0.17419778,0.10340488,0.019823924,12.3671665,3.5307464e-06,0
1771685670452000,1771685670300000,0,6620172,-0.17442971,0.103337854,-0.027523413,12.367069,6.8060526e-06,0
1771685670508000,1771685670352000,0,6620172,-0.17448486,0.10340488,-0.0065395236,12.3671665,3.842196e-07,0
1771685670556000,1771685670404000,0,6620172,-0.17481725,0.103337854,-0.03944336,12.367069,1.3977789e-05,0
1771685670612000,1771685670456000,0,6620172,-0.17496948,0.10340488,-0.018053845,12.3671665,2.928375e-06,0
1771685670660000,1771685670508000,0,6620172,-0.17484207,0.103337854,0.015118405,12.367069,2.0535376e-06,0
1771685670716000,1771685670560000,0,6620172,-0.17469302,0.10340488,0.017676547,12.3671665,2.807257e-06,0
1771685670764000,1771685670612000,0,6620172,-0.17426808,0.103337854,0.05042544,12.367069,2.2844944e-05,0
1771685670820000,1771685670664000,0,6620172,-0.1743071,0.10340488,-0.004625961,12.3671665,1.9226103e-07,0
1771685670868000,1771685670716000,0,6620172,-0.17411172,0.103337854,0.023184046,12.367069,4.829133e-06,0
1771685670924000,1771685670768000,0,6620172,-0.17429616,0.10340488,-0.021872163,12.3671665,4.2980428e-06,0
1771685670972000,1771685670820000,0,6620172,-0.1745175,0.103337854,-0.026265368,12.367069,6.1980877e-06,0
1771685671028000,1771685670872000,0,6620172,-0.17463829,0.10340488,-0.014325276,12.3671665,1.8437129e-06,0
1771685671076000,1771685670924000,0,6620172,-0.17444167,0.103337854,0.023332134,12.367069,4.8910224e-06,0
1771685671132000,1771685670976000,0,6620172,-0.17434797,0.10340488,0.011111587,12.3671665,1.1092757e-06,0
1771685671180000,1771685671028000,0,6620172,-0.17401801,0.103337854,0.039155096,12.367069,1.3774229e-05,0
1771685671236000,1771685671080000,0,6620172,-0.17418934,0.10340488,-0.020317927,12.3671665,3.7089083e-06,0
1771685671284000,1771685671132000,0,6620172,-0.17408653,0.103337854,0.012202039,12.367069,1.3376903e-06,0
1771685671340000,1771685671184000,0,6620172,-0.17373231,0.10340488,0.042006448,12.3671665,1.5853282e-05,0
1771685671388000,1771685671236000,0,6620172,-0.17369969,0.103337854,0.0038714707,12.367069,1.3466126e-07,0
1771685671444000,1771685671288000,0,6620172,-0.17384797,0.10340488,-0.017584488,12.3671665,2.7780927e-06,0
1771685671492000,1771685671340000,0,6620172,-0.17379843,0.103337854,0.0058792233,12.367069,3.1054935e-07,0
1771685671548000,1771685671392000,0,6620172,-0.17365149,0.10340488,0.017426357,12.3671665,2.7283525e-06,0
1771685671596000,1771685671444000,0,6620172,-0.17386386,0.103337854,-0.025201052,12.367069,5.705951e-06,0
1771685671652000,1771685671496000,0,6620172,-0.17441374,0.10340488,-0.06521085,12.3671665,3.8205595e-05,0
1771685671700000,1771685671548000,0,6620172,-0.17404671,0.103337854,0.043554366,12.367069,1.7043316e-05,0
1771685671756000,1771685671600000,0,6620172,-0.17402376,0.10340488,0.0027210265,12.3671665,6.6520094e-08,0
1771685671804000,1771685671652000,0,6620172,-0.17400514,0.103337854,0.0022097975,12.367069,4.387283e-08,0
1771685671860000,1771685671704000,0,6620172,-0.17377514,0.10340488,0.02727662,12.3671665,6.684492e-06,0
1771685671908000,1771685671756000,0,6620172,-0.17359197,0.103337854,0.021736562,12.367069,4.2449483e-06,0
1771685671964000,1771685671808000,0,6620172,-0.17375249,0.10340488,-0.019034982,12.3671665,3.255309e-06,0
1771685672012000,1771685671860000,0,6620172,-0.17379582,0.103337854,-0.0051415563,12.367069,2.375089e-07,0
1771685672068000,1771685671912000,0,6620172,-0.17366536,0.10340488,0.015470624,12.3671665,2.1503192e-06,0
1771685672116000,1771685671964000,0,6620172,-0.17385447,0.103337854,-0.022440597,12.367069,4.524385e-06,0
1771685672172000,1771685672016000,0,6620172,-0.17386763,0.10340488,-0.0015605688,12.3671665,2.1880293e-08,0
1771685672220000,1771685672068000,0,6620172,-0.1742011,0.103337854,-0.039572313,12.367069,1.4069336e-05,0
1771685672276000,1771685672120000,0,6620172,-0.17443882,0.10340488,-0.028191477,12.3671665,7.1404065e-06,0
1771685672324000,1771685672172000,0,6620172,-0.17451596,0.103337854,-0.009154931,12.367069,7.5301017e-07,0
1771685672380000,1771685672224000,0,6620172,-0.17425951,0.10340488,0.030411959,12.3671665,8.309523e-06,0
1771685672428000,1771685672276000,0,6620172,-0.17444465,0.103337854,-0.021968514,12.367069,4.336028e-06,0
1771685672484000,1771685672328000,0,6620172,-0.17465355,0.10340488,-0.024774104,12.3671665,5.514209e-06,0
1771685672532000,1771685672380000,0,6620172,-0.17510024,0.103337854,-0.053007588,12.367069,2.5244502e-05,0
1771685672588000,1771685672432000,0,6620172,-0.17532781,0.10340488,-0.026987165,12.3671665,6.543375e-06,0
1771685672636000,1771685672484000,0,6620172,-0.17511767,0.103337854,0.024937183,12.367069,5.5870873e-06,0
1771685672692000,1771685672536000,0,6620172,-0.17481396,0.10340488,0.03601855,12.3671665,1.1655738e-05,0
1771685672740000,1771685672588000,0,6620172,-0.17455362,0.103337854,0.030893058,12.367069,8.574573e-06,0
1771685672796000,1771685672640000,0,6620172,-0.17416202,0.10340488,0.046440825,12.3671665,1.9377028e-05,0
1771685672844000,1771685672692000,0,6620172,-0.17441072,0.103337854,-0.029512301,12.367069,7.825225e-06,0
1771685672900000,1771685672744000,0,6620172,-0.17416596,0.10340488,0.029024974,12.3671665,7.568868e-06,0
1771685672948000,1771685672796000,0,6620172,-0.17412198,0.103337854,0.0052206516,12.367069,2.4487258e-07,0
1771685673004000,1771685672848000,0,6620172,-0.17406031,0.10340488,0.007312894,12.3671665,4.804695e-07,0
1771685673052000,1771685672900000,0,6620172,-0.17396012,0.103337854,0.011889905,12.367069,1.2701279e-06,0
1771685673108000,1771685672952000,0,6620172,-0.17400225,0.10340488,-0.0049949586,12.3671665,2.2415637e-07,0
1771685673156000,1771685673004000,0,6620172,-0.17392671,0.103337854,0.008963183,12.367069,7.217972e-07,0
1771685673212000,1771685673056000,0,6620172,-0.17391558,0.10340488,0.0013192892,12.3671665,1.56375e-08,0
1771685673260000,1771685673108000,0,6620172,-0.17406349,0.103337854,-0.017551705,12.367069,2.7677659e-06,0
1771685673316000,1771685673160000,0,6620172,-0.1745875,0.10340488,-0.062142566,12.3671665,3.4694902e-05,0
1771685673364000,1771685673212000,0,6620172,-0.17450961,0.103337854,0.009243265,12.367069,7.676116e-07,0
1771685673420000,1771685673264000,0,6620172,-0.1747679,0.10340488,-0.030629545,12.3671665,8.428851e-06,0
1771685673468000,1771685673316000,0,6620172,-0.17521825,0.103337854,-0.053442553,12.367069,2.56605e-05,0
1771685673524000,1771685673368000,0,6620172,-0.17544483,0.10340488,-0.026869148,12.3671665,6.486271e-06,0
1771685673572000,1771685673420000,0,6620172,-0.17570484,0.103337854,-0.030854002,12.367069,8.552906e-06,0
1771685673628000,1771685673472000,0,6620172,-0.17605649,0.10340488,-0.04170239,12.3671665,1.562461e-05,0
1771685673676000,1771685673524000,0,6620172,-0.17631854,0.103337854,-0.031096831,12.367069,8.688064e-06,0
1771685673732000,1771685673576000,0,6620172,-0.17603609,0.10340488,0.033496276,12.3671665,1.008046e-05,0
1771685673780000,1771685673628000,0,6620172,-0.1762258,0.103337854,-0.022511274,12.367069,4.552929e-06,0
1771685673836000,1771685673680000,0,6620172,-0.17639138,0.10340488,-0.01963602,12.3671665,3.4641303e-06,0
1771685673884000,1771685673732000,0,6620172,-0.17643355,0.103337854,-0.0050051063,12.367069,2.2506985e-07,0
1771685673940000,1771685673784000,0,6620172,-0.17661178,0.10340488,-0.021137252,12.3671665,4.0140644e-06,0
1771685673988000,1771685673836000,0,6620172,-0.1767056,0.103337854,-0.0111323595,12.367069,1.1134357e-06,0
1771685674044000,1771685673888000,0,6620172,-0.17681515,0.10340488,-0.012991667,12.3671665,1.5164113e-06,0
1771685674092000,1771685673940000,0,6620172,-0.17668043,0.103337854,0.015987515,12.367069,2.296427e-06,0
1771685674148000,1771685673992000,0,6620172,-0.17651948,0.10340488,0.019087657,12.3671665,3.2733508e-06,0
1771685674196000,1771685674044000,0,6620172,-0.1766295,0.103337854,-0.013055712,12.367069,1.5314113e-06,0
1771685674252000,1771685674096000,0,6620172,-0.17631458,0.10340488,0.037347272,12.3671665,1.2531558e-05,0
1771685674300000,1771685674148000,0,6620172,-0.17658474,0.103337854,-0.032059446,12.367069,9.234273e-06,0
1771685674356000,1771685674200000,0,6620172,-0.17674369,0.10340488,-0.018849835,12.3671665,3.1922903e-06,0
1771685674404000,1771685674252000,0,6620172,-0.17693155,0.103337854,-0.022291958,12.367069,4.4646476e-06,0
1771685674460000,1771685674304000,0,6620172,-0.17681119,0.10340488,0.014272854,12.3671665,1.8302437e-06,0
1771685674508000,1771685674356000,0,6620172,-0.17715843,0.103337854,-0.04120639,12.367069,1.5255268e-05,0
1771685674564000,1771685674408000,0,6620172,-0.17731512,0.10340488,-0.018581316,12.3671665,3.1019886e-06,0
1771685674612000,1771685674460000,0,6620172,-0.17770028,0.103337854,-0.045707345,12.367069,1.8769933e-05,0
1771685674668000,1771685674512000,0,6620172,-0.17765734,0.10340488,0.0050928593,12.3671665,2.3302935e-07,0
1771685674716000,1771685674564000,0,6620172,-0.17800157,0.103337854,-0.040848523,12.367069,1.4991443e-05,0
1771685674772000,1771685674616000,0,6620172,-0.177602,0.10340488,0.047386333,12.3671665,2.017407e-05,0
1771685674820000,1771685674668000,0,6620172,-0.1775923,0.103337854,0.0011493564,12.367069,1.1868617e-08,0
1771685674876000,1771685674720000,0,6620172,-0.17755438,0.10340488,0.004496604,12.3671665,1.8165888e-07,0
1771685674924000,1771685674772000,0,6620172,-0.17731056,0.103337854,0.028933778,12.367069,7.5214402e-06,0
1771685674980000,1771685674824000,0,6620172,-0.17751382,0.10340488,-0.02410546,12.3671665,5.2205723e-06,0
1771685675028000,1771685674876000,0,6620172,-0.17750283,0.103337854,0.0013053268,12.367069,1.530838e-08,0
1771685675084000,1771685674928000,0,6620172,-0.17773432,0.10340488,-0.027453229,12.3671665,6.7713327e-06,0
1771685675132000,1771685674980000,0,6620172,-0.17771271,0.103337854,0.002563417,12.367069,5.903767e-08,0
1771685675188000,1771685675032000,0,6620172,-0.17765576,0.10340488,0.006753236,12.3671665,4.0974263e-07,0
1771685675236000,1771685675084000,0,6620172,-0.17766413,0.103337854,-0.0009941459,12.367069,8.87955e-09,0
1771685675292000,1771685675136000,0,6620172,-0.1782741,0.10340488,-0.07233587,12.3671665,4.7010482e-05,0
1771685675340000,1771685675188000,0,6620172,-0.17811422,0.103337854,0.018972337,12.367069,3.233943e-06,0
1771685675396000,1771685675240000,0,6620172,-0.17812131,0.10340488,-0.0008408576,12.3671665,6.352318e-09,0
1771685675444000,1771685675292000,0,6620172,-0.1779581,0.103337854,0.019368872,12.367069,3.3705392e-06,0
1771685675500000,1771685675344000,0,6620172,-0.17776424,0.10340488,0.02298984,12.3671665,4.7485296e-06,0
1771685675548000,1771685675396000,0,6620172,-0.17787457,0.103337854,-0.013092697,12.367069,1.5401e-06,0
1771685675604000,1771685675448000,0,6620172,-0.17842717,0.10340488,-0.06553364,12.3671665,3.8584763e-05,0
1771685675652000,1771685675500000,0,6620172,-0.17884104,0.103337854,-0.049111888,12.367069,2.1670254e-05,0
1771685675708000,1771685675552000,0,6620172,-0.17846268,0.10340488,0.04486887,12.3671665,1.808746e-05,0
1771685675756000,1771685675604000,0,6620172,-0.17878418,0.103337854,-0.038151085,12.367069,1.307689e-05,0
1771685675812000,1771685675656000,0,6620172,-0.17875268,0.10340488,0.0037353486,12.3671665,1.2535729e-07,0
1771685675860000,1771685675708000,0,6620172,-0.17886908,0.103337854,-0.013813242,12.367069,1.7142808e-06,0
1771685675916000,1771685675760000,0,6620172,-0.17895421,0.10340488,-0.01009576,12.3671665,9.1572554e-07,0
1771685675964000,1771685675812000,0,6620172,-0.17902571,0.103337854,-0.008484751,12.367069,6.467984e-07,0
1771685676020000,1771685675864000,0,6620172,-0.17890416,0.10340488,0.014413893,12.3671665,1.8665941e-06,0
1771685676068000,1771685675916000,0,6620172,-0.17892773,0.103337854,-0.0027974993,12.367069,7.0312204e-08,0
1771685676124000,1771685675968000,0,6620172,-0.17919663,0.10340488,-0.031887695,12.3671665,9.135526e-06,0
1771685676172000,1771685676020000,0,6620172,-0.17909686,0.103337854,0.0118382275,12.367069,1.2591112e-06,0
1771685676228000,1771685676072000,0,6620172,-0.17849505,0.10340488,0.07136981,12.3671665,4.57632e-05,0
1771685676276000,1771685676124000,0,6620172,-0.17852207,0.103337854,-0.0032066107,12.367069,9.2381114e-08,0
1771685676332000,1771685676176000,0,6620172,-0.17832294,0.10340488,0.023614839,12.3671665,5.0102253e-06,0
1771685676380000,1771685676228000,0,6620172,-0.17871042,0.103337854,-0.04598126,12.367069,1.8995574e-05,0
1771685676436000,1771685676280000,0,6620172,-0.17882828,0.10340488,-0.013977572,12.3671665,1.7552977e-06,0
1771685676484000,1771685676332000,0,6620172,-0.17885867,0.103337854,-0.003605798,12.367069,1.16813624e-07,0
1771685676540000,1771685676384000,0,6620172,-0.1785445,0.10340488,0.037257105,12.3671665,1.24711205e-05,0
1771685676588000,1771685676436000,0,6620172,-0.17850219,0.103337854,0.005021557,12.367069,2.2655182e-07,0
1771685676644000,1771685676488000,0,6620172,-0.17835315,0.10340488,0.01767455,12.3671665,2.8066227e-06,0
1771685676692000,1771685676540000,0,6620172,-0.1789497,0.103337854,-0.07079236,12.367069,4.5026016e-05,0
1771685676748000,1771685676592000,0,6620172,-0.1793162,0.10340488,-0.04346241,12.3671665,1.6971291e-05,0
1771685676796000,1771685676644000,0,6620172,-0.17958987,0.103337854,-0.0324758,12.367069,9.475681e-06,0
1771685676852000,1771685676696000,0,6620172,-0.17978987,0.10340488,-0.023718238,12.3671665,5.0541967e-06,0
1771685676900000,1771685676748000,0,6620172,-0.17938423,0.103337854,0.04813704,12.367069,2.0818501e-05,0
1771685676956000,1771685676800000,0,6620172,-0.1795484,0.10340488,-0.019468307,12.3671665,3.4052082e-06,0
1771685677004000,1771685676852000,0,6620172,-0.1799379,0.103337854,-0.046220645,12.367069,1.9193878e-05,0
1771685677060000,1771685676904000,0,6620172,-0.17990027,0.10340488,0.004461825,12.3671665,1.7885964e-07,0
1771685677108000,1771685676956000,0,6620172,-0.18060414,0.103337854,-0.08352746,12.367069,6.268293e-05,0
1771685677164000,1771685677008000,0,6620172,-0.18052281,0.10340488,0.009644672,12.3671665,8.357228e-07,0
1771685677212000,1771685677060000,0,6620172,-0.18019329,0.103337854,0.039104357,12.367069,1.3738554e-05,0
1771685677268000,1771685677112000,0,6620172,-0.18011338,0.10340488,0.009477958,12.3671665,8.070805e-07,0
1771685677316000,1771685677164000,0,6620172,-0.18030266,0.103337854,-0.022462308,12.367069,4.5331435e-06,0
1771685677372000,1771685677216000,0,6620172,-0.18022233,0.10340488,0.009526297,12.3671665,8.1533403e-07,0
1771685677420000,1771685677268000,0,6620172,-0.18040967,0.103337854,-0.02223128,12.367069,4.4403755e-06,0
1771685677476000,1771685677320000,0,6620172,-0.18060687,0.10340488,-0.023386717,12.3671665,4.913894e-06,0
1771685677524000,1771685677372000,0,6620172,-0.18079148,0.103337854,-0.021907777,12.367069,4.3120854e-06,0
1771685677580000,1771685677424000,0,6620172,-0.1809026,0.10340488,-0.013178244,12.3671665,1.5602794e-06,0
1771685677628000,1771685677476000,0,6620172,-0.1809227,0.103337854,-0.002385974,12.367069,5.114723e-08,0
1771685677684000,1771685677528000,0,6620172,-0.18095449,0.10340488,-0.0037696809,12.3671665,1.2767224e-07,0
1771685677732000,1771685677580000,0,6620172,-0.18085997,0.103337854,0.011215717,12.367069,1.1301726e-06,0
1771685677788000,1771685677632000,0,6620172,-0.1805418,0.10340488,0.037732527,12.3671665,1.2791429e-05,0
1771685677836000,1771685677684000,0,6620172,-0.1809332,0.103337854,-0.046447948,12.367069,1.9383124e-05,0
1771685677892000,1771685677736000,0,6620172,-0.18070191,0.10340488,0.02742979,12.3671665,6.759775e-06,0
1771685677940000,1771685677788000,0,6620172,-0.18030606,0.103337854,0.046973884,12.367069,1.9824565e-05,0
1771685677996000,1771685677840000,0,6620172,-0.18024424,0.10340488,0.0073324293,12.3671665,4.8303997e-07,0
1771685678044000,1771685677892000,0,6620172,-0.18049465,0.103337854,-0.0297167,12.367069,7.933994e-06,0
1771685678100000,1771685677944000,0,6620172,-0.18032418,0.10340488,0.02021633,12.3671665,3.6719093e-06,0
1771685678148000,1771685677996000,0,6620172,-0.1799953,0.103337854,0.039027795,12.367069,1.3684808e-05,0
1771685678204000,1771685678048000,0,6620172,-0.18044047,0.10340488,-0.052792788,12.3671665,2.5040124e-05,0
1771685678252000,1771685678100000,0,6620172,-0.18072215,0.103337854,-0.033426717,12.367069,1.0038716e-05,0
1771685678308000,1771685678152000,0,6620172,-0.18082356,0.10340488,-0.012026876,12.3671665,1.2995499e-06,0
1771685678356000,1771685678204000,0,6620172,-0.18103927,0.103337854,-0.025597334,12.367069,5.8868122e-06,0
1771685678412000,1771685678256000,0,6620172,-0.18150704,0.10340488,-0.055471957,12.3671665,2.7646125e-05,0
1771685678460000,1771685678308000,0,6620172,-0.18161103,0.103337854,-0.01234062,12.367069,1.3682475e-06,0
1771685678516000,1771685678360000,0,6620172,-0.18149394,0.10340488,0.013886422,12.3671665,1.7324791e-06,0
1771685678564000,1771685678412000,0,6620172,-0.18173075,0.103337854,-0.028100789,12.367069,7.094597e-06,0
1771685678620000,1771685678464000,0,6620172,-0.18139133,0.10340488,0.040251255,12.3671665,1.4556137e-05,0
1771685678668000,1771685678516000,0,6620172,-0.18117483,0.103337854,0.025690645,12.367069,5.929809e-06,0
1771685678724000,1771685678568000,0,6620172,-0.1807418,0.10340488,0.051353052,12.3671665,2.3692988e-05,0
1771685678772000,1771685678620000,0,6620172,-0.18038882,0.103337854,0.04188682,12.367069,1.576324e-05,0
1771685678828000,1771685678672000,0,6620172,-0.18021409,0.10340488,0.020720854,12.3671665,3.8574703e-06,0
1771685678876000,1771685678724000,0,6620172,-0.1803547,0.103337854,-0.016685322,12.367069,2.501266e-06,0
1771685678932000,1771685678776000,0,6620172,-0.18039745,0.10340488,-0.005070105,12.3671665,2.3095174e-07,0
1771685678980000,1771685678828000,0,6620172,-0.18059617,0.103337854,-0.023582041,12.367069,4.9963573e-06,0
1771685679036000,1771685678880000,0,6620172,-0.18073313,0.10340488,-0.016242206,12.3671665,2.3701582e-06,0
1771685679084000,1771685678932000,0,6620172,-0.18086576,0.103337854,-0.015739039,12.367069,2.2256002e-06,0
1771685679140000,1771685678984000,0,6620172,-0.18097472,0.10340488,-0.0129208565,12.3671665,1.4999263e-06,0
1771685679188000,1771685679036000,0,6620172,-0.18107857,0.103337854,-0.012323618,12.367069,1.36448e-06,0
1771685679244000,1771685679088000,0,6620172,-0.18076164,0.10340488,0.037584916,12.3671665,1.2691544e-05,0
1771685679292000,1771685679140000,0,6620172,-0.18088014,0.103337854,-0.014062583,12.367069,1.7767279e-06,0
1771685679348000,1771685679192000,0,6620172,-0.18081708,0.10340488,0.0074792653,12.3671665,5.0257995e-07,0
1771685679396000,1771685679244000,0,6620172,-0.1810277,0.103337854,-0.024993464,12.367069,5.612336e-06,0
1771685679452000,1771685679296000,0,6620172,-0.18113478,0.10340488,-0.01269789,12.3671665,1.4486064e-06,0
1771685679500000,1771685679348000,0,6620172,-0.18127792,0.103337854,-0.016985342,12.367069,2.5920258e-06,0
1771685679556000,1771685679400000,0,6620172,-0.18096446,0.10340488,0.037173912,12.3671665,1.24154885e-05,0
1771685679604000,1771685679452000,0,6620172,-0.18116508,0.103337854,-0.023808494,12.367069,5.092776e-06,0
1771685679660000,1771685679504000,0,6620172,-0.18138319,0.10340488,-0.025866166,12.3671665,6.0110647e-06,0
1771685679708000,1771685679556000,0,6620172,-0.18147948,0.103337854,-0.011426866,12.367069,1.173127e-06,0
1771685679764000,1771685679608000,0,6620172,-0.18147467,0.10340488,0.0005712807,12.3671665,2.9321516e-09,0
1771685679812000,1771685679660000,0,6620172,-0.18154757,0.103337854,-0.008649841,12.367069,6.722131e-07,0
1771685679868000,1771685679712000,0,6620172,-0.18183503,0.10340488,-0.03408964,12.3671665,1.044076e-05,0
1771685679916000,1771685679764000,0,6620172,-0.18148467,0.103337854,0.041576236,12.367069,1.5530344e-05,0
1771685679972000,1771685679816000,0,6620172,-0.18130894,0.10340488,0.020840138,12.3671665,3.902011e-06,0
1771685680020000,1771685679868000,0,6620172,-0.18148404,0.103337854,-0.020778462,12.367069,3.87898e-06,0
1771685680076000,1771685679920000,0,6620172,-0.18123832,0.10340488,0.029140294,12.3671665,7.629132e-06,0
1771685680124000,1771685679972000,0,6620172,-0.18094751,0.103337854,0.034509808,12.367069,1.0699804e-05,0
1771685680180000,1771685680024000,0,6620172,-0.18083344,0.10340488,0.013528079,12.3671665,1.6442185e-06,0
1771685680228000,1771685680076000,0,6620172,-0.18138905,0.103337854,-0.06593169,12.367069,3.9055227e-05,0
1771685680284000,1771685680128000,0,6620172,-0.18140198,0.10340488,-0.0015333146,12.3671665,2.112272e-08,0
1771685680332000,1771685680180000,0,6620172,-0.18141016,0.103337854,-0.000971064,12.367069,8.472009e-09,0
1771685680388000,1771685680232000,0,6620172,-0.1812747,0.10340488,0.016065925,12.3671665,2.3189896e-06,0
1771685680436000,1771685680284000,0,6620172,-0.18153083,0.103337854,-0.030395225,12.367069,8.300446e-06,0
1771685680492000,1771685680336000,0,6620172,-0.1816388,0.10340488,-0.012805104,12.3671665,1.4731722e-06,0
1771685680540000,1771685680388000,0,6620172,-0.18133897,0.103337854,0.03558168,12.367069,1.1374795e-05,0
1771685680596000,1771685680440000,0,6620172,-0.18136828,0.10340488,-0.0034754872,12.3671665,1.0852223e-07,0
1771685680644000,1771685680492000,0,6620172,-0.18150327,0.103337854,-0.016019419,12.367069,2.3056014e-06,0
1771685680700000,1771685680544000,0,6620172,-0.18081477,0.10340488,0.08164975,12.3671665,5.9895887e-05,0
1771685680748000,1771685680596000,0,6620172,-0.18055685,0.103337854,0.030607253,12.367069,8.416653e-06,0
1771685680804000,1771685680648000,0,6620172,-0.18090722,0.10340488,-0.041550085,12.3671665,1.551069e-05,0
1771685680852000,1771685680700000,0,6620172,-0.18069121,0.103337854,0.025633782,12.367069,5.9035888e-06,0
1771685680908000,1771685680752000,0,6620172,-0.1804074,0.10340488,0.03365752,12.3671665,1.0177745e-05,0
1771685680956000,1771685680804000,0,6620172,-0.1805109,0.103337854,-0.012280583,12.367069,1.354967e-06,0
1771685681012000,1771685680856000,0,6620172,-0.18125795,0.10340488,-0.08859311,12.3671665,7.0515925e-05,0
1771685681060000,1771685680908000,0,6620172,-0.18147257,0.103337854,-0.025468126,12.367069,5.8275323e-06,0
1771685681116000,1771685680960000,0,6620172,-0.18169478,0.10340488,-0.026352137,12.3671665,6.2390573e-06,0
1771685681164000,1771685681012000,0,6620172,-0.18198133,0.103337854,-0.034003466,12.367069,1.0388123e-05,0
1771685681220000,1771685681064000,0,6620172,-0.18199852,0.10340488,-0.002039671,12.3671665,3.7377262e-08,0
1771685681268000,1771685681116000,0,6620172,-0.18168844,0.103337854,0.036795884,12.367069,1.2164358e-05,0
1771685681324000,1771685681168000,0,6620172,-0.1813921,0.10340488,0.035143033,12.3671665,1.1095983e-05,0
1771685681372000,1771685681220000,0,6620172,-0.18108971,0.103337854,0.03588429,12.367069,1.1569096e-05,0
1771685681428000,1771685681272000,0,6620172,-0.18151279,0.10340488,-0.050172493,12.3671665,2.2616148e-05,0
1771685681476000,1771685681324000,0,6620172,-0.1814866,0.103337854,0.0031070262,12.367069,8.673224e-08,0
1771685681532000,1771685681376000,0,6620172,-0.18111323,0.10340488,0.044279575,12.3671665,1.7615468e-05,0
1771685681580000,1771685681428000,0,6620172,-0.18057299,0.103337854,0.06410883,12.367069,3.6925507e-05,0
1771685681636000,1771685681480000,0,6620172,-0.18075904,0.10340488,-0.022063732,12.3671665,4.3736623e-06,0
1771685681684000,1771685681532000,0,6620172,-0.18108998,0.103337854,-0.039272696,12.367069,1.3857094e-05,0
1771685681740000,1771685681584000,0,6620172,-0.1810694,0.10340488,0.00244008,12.3671665,5.3492812e-08,0
1771685681788000,1771685681636000,0,6620172,-0.18123418,0.103337854,-0.019553155,12.367069,3.4349812e-06,0
1771685681844000,1771685681688000,0,6620172,-0.18116865,0.10340488,0.007772267,12.3671665,5.4272857e-07,0
1771685681892000,1771685681740000,0,6620172,-0.1813691,0.103337854,-0.023787409,12.367069,5.0837593e-06,0
1771685681948000,1771685681792000,0,6620172,-0.181656,0.10340488,-0.03402397,12.3671665,1.0400573e-05,0
1771685681996000,1771685681844000,0,6620172,-0.18204933,0.103337854,-0.046676517,12.367069,1.957436e-05,0
1771685682052000,1771685681896000,0,6620172,-0.18233153,0.10340488,-0.033465803,12.3671665,1.0062127e-05,0
1771685682100000,1771685681948000,0,6620172,-0.18240492,0.103337854,-0.008708507,12.367069,6.8136234e-07,0
1771685682156000,1771685682000000,0,6620172,-0.18252766,0.10340488,-0.014555529,12.3671665,1.9034578e-06,0
1771685682204000,1771685682052000,0,6620172,-0.1831163,0.103337854,-0.06985271,12.367069,4.3838656e-05,0
1771685682260000,1771685682104000,0,6620172,-0.18331641,0.10340488,-0.023731843,12.3671665,5.059996e-06,0
1771685682308000,1771685682156000,0,6620172,-0.18362221,0.103337854,-0.036288083,12.367069,1.1830926e-05,0
1771685682364000,1771685682208000,0,6620172,-0.18417473,0.10340488,-0.0655233,12.3671665,3.8572587e-05,0
1771685682412000,1771685682260000,0,6620172,-0.18455404,0.103337854,-0.04501228,12.367069,1.820341e-05,0
1771685682468000,1771685682312000,0,6620172,-0.18458249,0.10340488,-0.0033732057,12.3671665,1.0222872e-07,0
1771685682516000,1771685682364000,0,6620172,-0.18507409,0.103337854,-0.058337435,12.367069,3.057633e-05,0
1771685682572000,1771685682416000,0,6620172,-0.18529372,0.10340488,-0.026046515,12.3671665,6.09518e-06,0
1771685682620000,1771685682468000,0,6620172,-0.18557926,0.103337854,-0.033883527,12.367069,1.0314969e-05,0
1771685682676000,1771685682520000,0,6620172,-0.18551464,0.10340488,0.0076617748,12.3671665,5.274072e-07,0
1771685682724000,1771685682572000,0,6620172,-0.18555555,0.103337854,-0.0048540086,12.367069,2.1168583e-07,0
1771685682780000,1771685682624000,0,6620172,-0.18576391,0.10340488,-0.024710566,12.3671665,5.48596e-06,0
1771685682828000,1771685682676000,0,6620172,-0.18584077,0.103337854,-0.0091213435,12.367069,7.474951e-07,0
1771685682884000,1771685682728000,0,6620172,-0.18592888,0.10340488,-0.010448292,12.3671665,9.807942e-07,0
1771685682932000,1771685682780000,0,6620172,-0.18632787,0.103337854,-0.047347486,12.367069,2.0141164e-05,0
1771685682988000,1771685682832000,0,6620172,-0.186539,0.10340488,-0.025036871,12.3671665,5.6318027e-06,0
1771685683036000,1771685682884000,0,6620172,-0.18669985,0.103337854,-0.019088447,12.367069,3.2736475e-06,0
1771685683092000,1771685682936000,0,6620172,-0.1866716,0.10340488,0.003350243,12.3671665,1.0084164e-07,0
1771685683140000,1771685682988000,0,6620172,-0.18707,0.103337854,-0.047276154,12.367069,2.008052e-05,0
1771685683196000,1771685683040000,0,6620172,-0.18700466,0.10340488,0.007748708,12.3671665,5.394434e-07,0
1771685683244000,1771685683092000,0,6620172,-0.18721302,0.103337854,-0.024726301,12.367069,5.492993e-06,0
1771685683300000,1771685683144000,0,6620172,-0.1873961,0.10340488,-0.021710321,12.3671665,4.234672e-06,0
1771685683348000,1771685683196000,0,6620172,-0.18761247,0.103337854,-0.025677636,12.367069,5.9238055e-06,0
1771685683404000,1771685683248000,0,6620172,-0.18732846,0.10340488,0.03368181,12.3671665,1.0192439e-05,0
1771685683452000,1771685683300000,0,6620172,-0.18712263,0.103337854,0.024425626,12.367069,5.3602134e-06,0
1771685683508000,1771685683352000,0,6620172,-0.18721177,0.10340488,-0.010570243,12.3671665,1.0038232e-06,0
1771685683556000,1771685683404000,0,6620172,-0.18757321,0.103337854,-0.042890772,12.367069,1.6527929e-05,0
1771685683612000,1771685683456000,0,6620172,-0.18751444,0.10340488,0.006970182,12.3671665,4.3649126e-07,0
1771685683660000,1771685683508000,0,6620172,-0.18713525,0.103337854,0.04499735,12.367069,1.8191335e-05,0
1771685683716000,1771685683560000,0,6620172,-0.18748625,0.10340488,-0.041624516,12.3671665,1.5566311e-05,0
1771685683764000,1771685683612000,0,6620172,-0.18778673,0.103337854,-0.035658285,12.367069,1.1423827e-05,0
1771685683820000,1771685683664000,0,6620172,-0.18790217,0.10340488,-0.013690323,12.3671665,1.6838936e-06,0
1771685683868000,1771685683716000,0,6620172,-0.18840642,0.103337854,-0.05983953,12.367069,3.2171185e-05,0
1771685683924000,1771685683768000,0,6620172,-0.18844767,0.10340488,-0.004891917,12.3671665,2.1500348e-07,0
1771685683972000,1771685683820000,0,6620172,-0.18824475,0.103337854,0.024079993,12.367069,5.209589e-06,0
1771685684028000,1771685683872000,0,6620172,-0.18873203,0.10340488,-0.05778797,12.3671665,3.0002826e-05,0
1771685684076000,1771685683924000,0,6620172,-0.18932804,0.103337854,-0.07072842,12.367069,4.4944714e-05,0
1771685684132000,1771685683976000,0,6620172,-0.18938057,0.10340488,-0.006228596,12.3671665,3.4855202e-07,0
1771685684180000,1771685684028000,0,6620172,-0.18930763,0.103337854,0.008655474,12.367069,6.7308883e-07,0
1771685684236000,1771685684080000,0,6620172,-0.18889248,0.10340488,0.049231946,12.3671665,2.1776159e-05,0
1771685684284000,1771685684132000,0,6620172,-0.18907003,0.103337854,-0.021068454,12.367069,3.9880083e-06,0
1771685684340000,1771685684184000,0,6620172,-0.18906555,0.10340488,0.0005324334,12.3671665,2.546935e-09,0
1771685684388000,1771685684236000,0,6620172,-0.18913567,0.103337854,-0.0083221495,12.367069,6.2224547e-07,0
1771685684444000,1771685684288000,0,6620172,-0.18926342,0.10340488,-0.015148997,12.3671665,2.0618404e-06,0
1771685684492000,1771685684340000,0,6620172,-0.18899088,0.103337854,0.03234203,12.367069,9.397781e-06,0
1771685684548000,1771685684392000,0,6620172,-0.18913579,0.10340488,-0.017185882,12.3671665,2.6535722e-06,0
1771685684596000,1771685684444000,0,6620172,-0.18899804,0.103337854,0.016345263,12.367069,2.4003496e-06,0
1771685684652000,1771685684496000,0,6620172,-0.18875895,0.10340488,0.028353512,12.3671665,7.222724e-06,0
1771685684700000,1771685684548000,0,6620172,-0.18919273,0.103337854,-0.05147542,12.367069,2.3806224e-05,0
1771685684756000,1771685684600000,0,6620172,-0.18908787,0.10340488,0.012434915,12.3671665,1.3892261e-06,0
1771685684804000,1771685684652000,0,6620172,-0.1892144,0.103337854,-0.015013695,12.367069,2.0251905e-06,0
1771685684860000,1771685684704000,0,6620172,-0.18959521,0.10340488,-0.045160607,12.3671665,1.8323433e-05,0
1771685684908000,1771685684756000,0,6620172,-0.18949525,0.103337854,0.011860833,12.367069,1.2639242e-06,0
1771685684964000,1771685684808000,0,6620172,-0.1894527,0.10340488,0.0050470084,12.3671665,2.2885234e-07,0
1771685685012000,1771685684860000,0,6620172,-0.18952624,0.103337854,-0.0087284595,12.367069,6.8448816e-07,0
1771685685068000,1771685684912000,0,6620172,-0.18953694,0.10340488,-0.0012696534,12.3671665,1.4482972e-08,0
1771685685116000,1771685684964000,0,6620172,-0.19002177,0.103337854,-0.05753337,12.367069,2.973927e-05,0
1771685685172000,1771685685016000,0,6620172,-0.1897725,0.10340488,0.029560342,12.3671665,7.850661e-06,0
1771685685220000,1771685685068000,0,6620172,-0.19043742,0.103337854,-0.078904256,12.367069,5.593602e-05,0
1771685685276000,1771685685120000,0,6620172,-0.1902845,0.10340488,0.018135175,12.3671665,2.9548185e-06,0
1771685685324000,1771685685172000,0,6620172,-0.1900512,0.103337854,0.02768685,12.367069,6.887122e-06,0
1771685685380000,1771685685224000,0,6620172,-0.18971883,0.10340488,0.039416432,12.3671665,1.3958602e-05,0
1771685685428000,1771685685276000,0,6620172,-0.18942805,0.103337854,0.034506425,12.367069,1.0697706e-05,0
1771685685484000,1771685685328000,0,6620172,-0.18915755,0.10340488,0.032079414,12.3671665,9.245707e-06,0
1771685685532000,1771685685380000,0,6620172,-0.18920633,0.103337854,-0.0057887435,12.367069,3.0106435e-07,0
1771685685588000,1771685685432000,0,6620172,-0.18942972,0.10340488,-0.02649191,12.3671665,6.305417e-06,0
1771685685636000,1771685685484000,0,6620172,-0.18940985,0.103337854,0.0023569614,12.367069,4.9910927e-08,0
1771685685692000,1771685685536000,0,6620172,-0.189525,0.10340488,-0.013654113,12.3671665,1.674998e-06,0
1771685685740000,1771685685588000,0,6620172,-0.18975379,0.103337854,-0.027149811,12.367069,6.622536e-06,0
1771685685796000,1771685685640000,0,6620172,-0.18987837,0.10340488,-0.014775023,12.3671665,1.961298e-06,0
1771685685844000,1771685685692000,0,6620172,-0.1899576,0.103337854,-0.009401411,12.367069,7.941029e-07,0
1771685685900000,1771685685744000,0,6620172,-0.1895761,0.10340488,0.04524325,12.3671665,1.8390556e-05,0
1771685685948000,1771685685796000,0,6620172,-0.18994693,0.103337854,-0.04400544,12.367069,1.7398164e-05,0
1771685686004000,1771685685848000,0,6620172,-0.18941936,0.10340488,0.06256656,12.3671665,3.5169964e-05,0
1771685686052000,1771685685900000,0,6620172,-0.18936872,0.103337854,0.0060087144,12.367069,3.243798e-07,0
1771685686108000,1771685685952000,0,6620172,-0.18949348,0.10340488,-0.014793873,12.3671665,1.9663057e-06,0
1771685686156000,1771685686004000,0,6620172,-0.18964744,0.103337854,-0.018270195,12.367069,2.999004e-06,0
1771685686212000,1771685686056000,0,6620172,-0.18981048,0.10340488,-0.019336939,12.3671665,3.3594079e-06,0
1771685686260000,1771685686108000,0,6620172,-0.18972467,0.103337854,0.01018402,12.367069,9.318139e-07,0
1771685686316000,1771685686160000,0,6620172,-0.19016397,0.10340488,-0.05209662,12.3671665,2.4384082e-05,0
1771685686364000,1771685686212000,0,6620172,-0.19039097,0.103337854,-0.02693808,12.367069,6.519646e-06,0
1771685686420000,1771685686264000,0,6620172,-0.19007118,0.10340488,0.037925154,12.3671665,1.2922365e-05,0
1771685686468000,1771685686316000,0,6620172,-0.19009787,0.103337854,-0.0031661242,12.367069,9.006304e-08,0
1771685686524000,1771685686368000,0,6620172,-0.18973783,0.10340488,0.042697966,12.3671665,1.637954e-05,0
1771685686572000,1771685686420000,0,6620172,-0.18944997,0.103337854,0.034159213,12.367069,1.04835035e-05,0
1771685686628000,1771685686472000,0,6620172,-0.18945205,0.10340488,-0.00024729967,12.3671665,5.494578e-10,0
1771685686676000,1771685686524000,0,6620172,-0.18924735,0.103337854,0.02429092,12.367069,5.301254e-06,0
1771685686732000,1771685686576000,0,6620172,-0.18945135,0.10340488,-0.024192587,12.3671665,5.258379e-06,0
1771685686780000,1771685686628000,0,6620172,-0.18952698,0.103337854,-0.008973941,12.367069,7.2353106e-07,0
1771685686836000,1771685686680000,0,6620172,-0.18882176,0.10340488,0.08363098,12.3671665,6.28379e-05,0
1771685686884000,1771685686732000,0,6620172,-0.18874787,0.103337854,0.008768052,12.367069,6.907119e-07,0
1771685686940000,1771685686784000,0,6620172,-0.18884954,0.10340488,-0.012057796,12.3671665,1.3062405e-06,0
1771685686988000,1771685686836000,0,6620172,-0.18906139,0.103337854,-0.02513972,12.367069,5.678212e-06,0
1771685687044000,1771685686888000,0,6620172,-0.18916608,0.10340488,-0.012415662,12.3671665,1.3849276e-06,0
1771685687092000,1771685686940000,0,6620172,-0.18950026,0.103337854,-0.039654717,12.367069,1.4127992e-05,0
1771685687148000,1771685686992000,0,6620172,-0.19016172,0.10340488,-0.07844408,12.3671665,5.528504e-05,0
1771685687196000,1771685687044000,0,6620172,-0.19006163,0.103337854,0.0118780285,12.367069,1.2675918e-06,0
1771685687252000,1771685687096000,0,6620172,-0.19009459,0.10340488,-0.0039080977,12.3671665,1.3722023e-07,0
1771685687300000,1771685687148000,0,6620172,-0.1904343,0.103337854,-0.040313125,12.367069,1.4601034e-05,0
1771685687356000,1771685687200000,0,6620172,-0.19078372,0.10340488,-0.04143825,12.3671665,1.5427308e-05,0
1771685687404000,1771685687252000,0,6620172,-0.19037081,0.103337854,0.048999056,12.367069,2.1570793e-05,0
1771685687460000,1771685687304000,0,6620172,-0.1895396,0.10340488,0.09857394,12.3671665,8.729944e-05,0
1771685687508000,1771685687356000,0,6620172,-0.18934342,0.103337854,0.02327983,12.367069,4.8691186e-06,0
1771685687564000,1771685687408000,0,6620172,-0.18920332,0.10340488,0.01661393,12.3671665,2.4798878e-06,0
1771685687612000,1771685687460000,0,6620172,-0.18929544,0.103337854,-0.010930955,12.367069,1.0735121e-06,0
1771685687668000,1771685687512000,0,6620172,-0.18900804,0.10340488,0.03408304,12.3671665,1.0436717e-05,0
1771685687716000,1771685687564000,0,6620172,-0.18919438,0.103337854,-0.022112563,12.367069,4.393078e-06,0
1771685687772000,1771685687616000,0,6620172,-0.18895982,0.10340488,0.027817428,12.3671665,6.952184e-06,0
1771685687820000,1771685687668000,0,6620172,-0.18892026,0.103337854,0.0046946853,12.367069,1.9801756e-07,0
1771685687876000,1771685687720000,0,6620172,-0.18842295,0.10340488,0.05897641,12.3671665,3.1249565e-05,0
1771685687924000,1771685687772000,0,6620172,-0.18796615,0.103337854,0.05420664,12.367069,2.6399499e-05,0
1771685687980000,1771685687824000,0,6620172,-0.1874527,0.10340488,0.060890958,12.3671665,3.33114e-05,0
1771685688028000,1771685687876000,0,6620172,-0.18710284,0.103337854,0.041517645,12.367069,1.5486603e-05,0
1771685688084000,1771685687928000,0,6620172,-0.18729198,0.10340488,-0.022430852,12.3671665,4.5204206e-06,0
1771685688132000,1771685687980000,0,6620172,-0.18732408,0.103337854,-0.0038090944,12.367069,1.3035695e-07,0
1771685688188000,1771685688032000,0,6620172,-0.18717836,0.10340488,0.017280132,12.3671665,2.6827572e-06,0
1771685688236000,1771685688084000,0,6620172,-0.18698974,0.103337854,0.022383437,12.367069,4.5013653e-06,0
1771685688292000,1771685688136000,0,6620172,-0.18713506,0.10340488,-0.017233893,12.3671665,2.6684193e-06,0
1771685688340000,1771685688188000,0,6620172,-0.18763086,0.103337854,-0.058836624,12.367069,3.110185e-05,0
1771685688396000,1771685688240000,0,6620172,-0.1879782,0.10340488,-0.04118994,12.3671665,1.5242969e-05,0
1771685688444000,1771685688292000,0,6620172,-0.18803898,0.103337854,-0.0072122365,12.367069,4.6733751e-07,0
1771685688500000,1771685688344000,0,6620172,-0.18827324,0.10340488,-0.027781337,12.3671665,6.934156e-06,0
1771685688548000,1771685688396000,0,6620172,-0.18802446,0.103337854,0.029520795,12.367069,7.82973e-06,0
1771685688604000,1771685688448000,0,6620172,-0.18787181,0.10340488,0.018102586,12.3671665,2.9442083e-06,0
1771685688652000,1771685688500000,0,6620172,-0.18807082,0.103337854,-0.023615003,12.367069,5.010334e-06,0
1771685688708000,1771685688552000,0,6620172,-0.18808556,0.10340488,-0.0017485172,12.3671665,2.7468001e-08,0
1771685688756000,1771685688604000,0,6620172,-0.18833007,0.103337854,-0.029016495,12.367069,7.564507e-06,0
1771685688812000,1771685688656000,0,6620172,-0.18838894,0.10340488,-0.006982431,12.3671665,4.380267e-07,0
1771685688860000,1771685688708000,0,6620172,-0.18816492,0.103337854,0.026584744,12.367069,6.3497364e-06,0
1771685688916000,1771685688760000,0,6620172,-0.1878397,0.10340488,0.03856775,12.3671665,1.3363984e-05,0
1771685688964000,1771685688812000,0,6620172,-0.18778643,0.103337854,0.006321147,12.367069,3.5899012e-07,0
1771685689020000,1771685688864000,0,6620172,-0.188064,0.10340488,-0.032916695,12.3671665,9.7346365e-06,0
1771685689068000,1771685688916000,0,6620172,-0.18809474,0.103337854,-0.0036474317,12.367069,1.1952673e-07,0
1771685689124000,1771685688968000,0,6620172,-0.18865225,0.10340488,-0.06611669,12.3671665,3.9274393e-05,0
1771685689172000,1771685689020000,0,6620172,-0.18864459,0.103337854,0.00090810657,12.367069,7.4090813e-09,0
1771685689228000,1771685689072000,0,6620172,-0.18865192,0.10340488,-0.00086957216,12.3671665,6.7935777e-09,0
1771685689276000,1771685689124000,0,6620172,-0.18881246,0.103337854,-0.019050717,12.367069,3.260719e-06,0
1771685689332000,1771685689176000,0,6620172,-0.18870875,0.10340488,0.012298793,12.3671665,1.3589774e-06,0
1771685689380000,1771685689228000,0,6620172,-0.18875772,0.103337854,-0.0058102906,12.367069,3.0330978e-07,0
1771685689436000,1771685689280000,0,6620172,-0.18870233,0.10340488,0.006567776,12.3671665,3.8754666e-07,0
1771685689484000,1771685689332000,0,6620172,-0.18867883,0.103337854,0.002789244,12.367069,6.989784e-08,0
1771685689540000,1771685689384000,0,6620172,-0.18858705,0.10340488,0.010883421,12.3671665,1.0641874e-06,0
1771685689588000,1771685689436000,0,6620172,-0.1882122,0.103337854,0.04448305,12.367069,1.7777875e-05,0
1771685689644000,1771685689488000,0,6620172,-0.18801217,0.10340488,0.023722455,12.3671665,5.055994e-06,0
1771685689692000,1771685689540000,0,6620172,-0.18796876,0.103337854,0.0051508397,12.367069,2.3836736e-07,0
1771685689748000,1771685689592000,0,6620172,-0.18821803,0.10340488,-0.029560536,12.3671665,7.850764e-06,0
1771685689796000,1771685689644000,0,6620172,-0.1877861,0.103337854,0.051255137,12.367069,2.3602908e-05,0
1771685689852000,1771685689696000,0,6620172,-0.18748981,0.10340488,0.035137177,12.3671665,1.1092285e-05,0
1771685689900000,1771685689748000,0,6620172,-0.18742663,0.103337854,0.007497132,12.367069,5.0498795e-07,0
1771685689956000,1771685689800000,0,6620172,-0.1874571,0.10340488,-0.0036134124,12.3671665,1.1730657e-07,0
1771685690004000,1771685689852000,0,6620172,-0.18744203,0.103337854,0.0017881542,12.367069,2.8727687e-08,0
1771685690060000,1771685689904000,0,6620172,-0.18747804,0.10340488,-0.0042693913,12.3671665,1.6376428e-07,0
1771685690108000,1771685689956000,0,6620172,-0.18746537,0.103337854,0.0015039146,12.367069,2.0320625e-08,0
1771685690164000,1771685690008000,0,6620172,-0.18718517,0.10340488,0.03322953,12.3671665,9.920548e-06,0
1771685690212000,1771685690060000,0,6620172,-0.18729326,0.103337854,-0.012827039,12.367069,1.478235e-06,0
1771685690268000,1771685690112000,0,6620172,-0.18732949,0.10340488,-0.004296094,12.3671665,1.6581922e-07,0
1771685690316000,1771685690164000,0,6620172,-0.18695956,0.103337854,0.04389687,12.367069,1.731242e-05,0
1771685690372000,1771685690216000,0,6620172,-0.18668157,0.10340488,0.032967865,12.3671665,9.764925e-06,0
1771685690420000,1771685690268000,0,6620172,-0.18655422,0.103337854,0.015111744,12.367069,2.0517286e-06,0
1771685690476000,1771685690320000,0,6620172,-0.18675417,0.10340488,-0.02371189,12.3671665,5.0514914e-06,0
1771685690524000,1771685690372000,0,6620172,-0.18705876,0.103337854,-0.036146224,12.367069,1.1738608e-05,0
1771685690580000,1771685690424000,0,6620172,-0.18720916,0.10340488,-0.017836258,12.3671665,2.858214e-06,0
1771685690628000,1771685690476000,0,6620172,-0.1870681,0.103337854,0.016737968,12.367069,2.517075e-06,0
1771685690684000,1771685690528000,0,6620172,-0.18673824,0.10340488,0.039118886,12.3671665,1.3748656e-05,0
1771685690732000,1771685690580000,0,6620172,-0.18624164,0.103337854,0.05893062,12.367069,3.1201303e-05,0
1771685690788000,1771685690632000,0,6620172,-0.18619615,0.10340488,0.0053944737,12.3671665,2.614481e-07,0
1771685690836000,1771685690684000,0,6620172,-0.18622307,0.103337854,-0.0031959414,12.367069,9.176738e-08,0
1771685690892000,1771685690736000,0,6620172,-0.18630384,0.10340488,-0.009577706,12.3671665,8.241577e-07,0
1771685690940000,1771685690788000,0,6620172,-0.1861015,0.103337854,0.024011359,12.367069,5.179934e-06,0
1771685690996000,1771685690840000,0,6620172,-0.1860716,0.10340488,0.0035453439,12.3671665,1.1292862e-07,0
1771685691044000,1771685690892000,0,6620172,-0.18662678,0.103337854,-0.06588152,12.367069,3.899581e-05,0
1771685691100000,1771685690944000,0,6620172,-0.1866326,0.10340488,-0.0006901175,12.3671665,4.278912e-09,0
1771685691148000,1771685690996000,0,6620172,-0.18654887,0.103337854,0.009935826,12.367069,8.86949e-07,0
1771685691204000,1771685691048000,0,6620172,-0.18600157,0.10340488,0.06490581,12.3671665,3.7848997e-05,0
1771685691252000,1771685691100000,0,6620172,-0.18584755,0.103337854,0.01827696,12.367069,3.0012254e-06,0
1771685691308000,1771685691152000,0,6620172,-0.18566746,0.10340488,0.021357805,12.3671665,4.098269e-06,0
1771685691356000,1771685691204000,0,6620172,-0.1853995,0.103337854,0.031797826,12.367069,9.084177e-06,0
1771685691412000,1771685691256000,0,6620172,-0.18538325,0.10340488,0.0019278228,12.3671665,3.3390393e-08,0
1771685691460000,1771685691308000,0,6620172,-0.18540058,0.103337854,-0.0020557195,12.367069,3.796806e-08,0
1771685691516000,1771685691360000,0,6620172,-0.18554848,0.10340488,-0.01754132,12.3671665,2.7644696e-06,0
1771685691564000,1771685691412000,0,6620172,-0.18533039,0.103337854,0.025880516,12.367069,6.0177836e-06,0
1771685691620000,1771685691464000,0,6620172,-0.1853214,0.10340488,0.0010652542,12.3671665,1.0195154e-08,0
1771685691668000,1771685691516000,0,6620172,-0.1854236,0.103337854,-0.012127325,12.367069,1.3213588e-06,0
1771685691724000,1771685691568000,0,6620172,-0.18538089,0.10340488,0.005064711,12.3671665,2.3046057e-07,0
1771685691772000,1771685691620000,0,6620172,-0.18533394,0.103337854,0.0055713207,12.367069,2.7887336e-07,0
1771685691828000,1771685691672000,0,6620172,-0.18538257,0.10340488,-0.005767137,12.3671665,2.9881872e-07,0
1771685691876000,1771685691724000,0,6620172,-0.18562673,0.103337854,-0.028972894,12.367069,7.54179e-06,0
1771685691932000,1771685691776000,0,6620172,-0.18600485,0.10340488,-0.04484202,12.3671665,1.8065817e-05,0
1771685691980000,1771685691828000,0,6620172,-0.18629467,0.103337854,-0.034393102,12.367069,1.0627557e-05,0
1771685692036000,1771685691880000,0,6620172,-0.18616073,0.10340488,0.015884519,12.3671665,2.2669158e-06,0
1771685692084000,1771685691932000,0,6620172,-0.1860208,0.103337854,0.016605064,12.367069,2.4772612e-06,0
1771685692140000,1771685691984000,0,6620172,-0.18617328,0.10340488,-0.018080756,12.3671665,2.9371117e-06,0
1771685692188000,1771685692036000,0,6620172,-0.18615976,0.103337854,0.0016029626,12.367069,2.3085406e-08,0
1771685692244000,1771685692088000,0,6620172,-0.1863198,0.10340488,-0.0189794,12.3671665,3.2363262e-06,0
1771685692292000,1771685692140000,0,6620172,-0.1863138,0.103337854,0.0007118881,12.367069,4.5531734e-09,0
1771685692348000,1771685692192000,0,6620172,-0.18636188,0.10340488,-0.0057028085,12.3671665,2.9218967e-07,0
1771685692396000,1771685692244000,0,6620172,-0.18604846,0.103337854,0.037191957,12.367069,1.2427644e-05,0
1771685692452000,1771685692296000,0,6620172,-0.1855975,0.10340488,0.053480104,12.3671665,2.5696369e-05,0
1771685692500000,1771685692348000,0,6620172,-0.18538517,0.103337854,0.025197104,12.367069,5.704163e-06,0
1771685692556000,1771685692400000,0,6620172,-0.18531087,0.10340488,0.008810461,12.3671665,6.974041e-07,0
1771685692604000,1771685692452000,0,6620172,-0.18527737,0.103337854,0.003975421,12.367069,1.4198974e-07,0
1771685692660000,1771685692504000,0,6620172,-0.18490446,0.10340488,0.044225127,12.3671665,1.7572174e-05,0
1771685692708000,1771685692556000,0,6620172,-0.18520355,0.103337854,-0.035493493,12.367069,1.1318482e-05,0
1771685692764000,1771685692608000,0,6620172,-0.18511896,0.10340488,0.010032654,12.3671665,9.0431337e-07,0
1771685692812000,1771685692660000,0,6620172,-0.18487105,0.103337854,0.029418275,12.367069,7.775442e-06,0
1771685692868000,1771685692712000,0,6620172,-0.18531215,0.10340488,-0.05231157,12.3671665,2.4585712e-05,0
1771685692916000,1771685692764000,0,6620172,-0.18510942,0.103337854,0.02405727,12.367069,5.199761e-06,0
1771685692972000,1771685692816000,0,6620172,-0.18519907,0.10340488,-0.0106303245,12.3671665,1.0152671e-06,0
1771685693020000,1771685692868000,0,6620172,-0.18508215,0.103337854,0.013873383,12.367069,1.7292408e-06,0
1771685693076000,1771685692920000,0,6620172,-0.18497953,0.10340488,0.012169555,12.3671665,1.3305669e-06,0
1771685693124000,1771685692972000,0,6620172,-0.18491179,0.103337854,0.00803861,12.367069,5.805674e-07,0
1771685693180000,1771685693024000,0,6620172,-0.18501802,0.10340488,-0.012597978,12.3671665,1.4258998e-06,0
1771685693228000,1771685693076000,0,6620172,-0.18508008,0.103337854,-0.0073647946,12.367069,4.873175e-07,0
1771685693332000,1771685693180000,0,6620172,-0.18542999,0.103337854,-0.04160519,12.367069,1.5551981e-05,0
1771685693388000,1771685693232000,0,6620172,-0.1854773,0.10340488,-0.005610049,12.3671665,2.8276168e-07,0
1771685693436000,1771685693284000,0,6620172,-0.18532102,0.103337854,0.01854615,12.367069,3.090283e-06,0
1771685693492000,1771685693336000,0,6620172,-0.18498324,0.10340488,0.040057346,12.3671665,1.4416229e-05,0
1771685693540000,1771685693388000,0,6620172,-0.1846439,0.103337854,0.040268883,12.367069,1.4569004e-05,0
1771685693596000,1771685693440000,0,6620172,-0.18475753,0.10340488,-0.013476223,12.3671665,1.6316375e-06,0
1771685693644000,1771685693492000,0,6620172,-0.18482642,0.103337854,-0.008174598,12.367069,6.0037627e-07,0
1771685693700000,1771685693544000,0,6620172,-0.18506925,0.10340488,-0.028796628,12.3671665,7.450245e-06,0
1771685693748000,1771685693596000,0,6620172,-0.18503007,0.103337854,0.004649326,12.367069,1.9420962e-07,0
1771685693804000,1771685693648000,0,6620172,-0.18500663,0.10340488,0.0027790964,12.3671665,6.9389614e-08,0
1771685693852000,1771685693700000,0,6620172,-0.18466246,0.103337854,0.040841594,12.367069,1.4986358e-05,0
1771685693908000,1771685693752000,0,6620172,-0.18445478,0.10340488,0.024628282,12.3671665,5.4494853e-06,0
1771685693956000,1771685693804000,0,6620172,-0.18459874,0.103337854,-0.017083302,12.367069,2.62201e-06,0
1771685694012000,1771685693856000,0,6620172,-0.18424338,0.10340488,0.04214269,12.3671665,1.5956286e-05,0
1771685694060000,1771685693908000,0,6620172,-0.18443902,0.103337854,-0.023215115,12.367069,4.842085e-06,0
1771685694116000,1771685693960000,0,6620172,-0.18417147,0.10340488,0.031729057,12.3671665,9.044855e-06,0
1771685694164000,1771685694012000,0,6620172,-0.1840987,0.103337854,0.008634359,12.367069,6.698088e-07,0
1771685694220000,1771685694064000,0,6620172,-0.18419893,0.10340488,-0.011885181,12.3671665,1.2691089e-06,0
1771685694268000,1771685694116000,0,6620172,-0.18444791,0.103337854,-0.029546186,12.367069,7.843205e-06,0
1771685694324000,1771685694168000,0,6620172,-0.18431102,0.10340488,0.016235024,12.3671665,2.3680623e-06,0
1771685694372000,1771685694220000,0,6620172,-0.1844027,0.103337854,-0.010879412,12.367069,1.063412e-06,0
1771685694428000,1771685694272000,0,6620172,-0.18462336,0.10340488,-0.026168585,12.3671665,6.1524456e-06,0
1771685694476000,1771685694324000,0,6620172,-0.18439609,0.103337854,0.026969552,12.367069,6.5348886e-06,0
1771685694532000,1771685694376000,0,6620172,-0.1843008,0.10340488,0.011300385,12.3671665,1.1472915e-06,0
1771685694580000,1771685694428000,0,6620172,-0.18463276,0.103337854,-0.039393052,12.367069,1.3942158e-05,0
1771685694636000,1771685694480000,0,6620172,-0.18493435,0.10340488,-0.035765186,12.3671665,1.1492334e-05,0
1771685694684000,1771685694532000,0,6620172,-0.18494825,0.103337854,-0.0016501248,12.367069,2.4463821e-08,0
1771685694740000,1771685694584000,0,6620172,-0.1849322,0.10340488,0.001903817,12.3671665,3.2564e-08,0
1771685694788000,1771685694636000,0,6620172,-0.18534139,0.103337854,-0.048557788,12.367069,2.1184025e-05,0
1771685694844000,1771685694688000,0,6620172,-0.18563803,0.10340488,-0.03517863,12.3671665,1.1118474e-05,0
1771685694892000,1771685694740000,0,6620172,-0.18580262,0.103337854,-0.019531652,12.367069,3.4274308e-06,0
1771685694948000,1771685694792000,0,6620172,-0.18605292,0.10340488,-0.029681996,12.3671665,7.9154115e-06,0
1771685694996000,1771685694844000,0,6620172,-0.18569684,0.103337854,0.04225409,12.367069,1.6040882e-05,0
1771685695052000,1771685694896000,0,6620172,-0.18586722,0.10340488,-0.02020526,12.3671665,3.6678887e-06,0
1771685695100000,1771685694948000,0,6620172,-0.18574853,0.103337854,0.014083773,12.367069,1.7820863e-06,0
1771685695156000,1771685695000000,0,6620172,-0.18567967,0.10340488,0.008166745,12.3671665,5.9921865e-07,0
1771685695204000,1771685695052000,0,6620172,-0.18548465,0.103337854,0.023143053,12.367069,4.8120705e-06,0
1771685695260000,1771685695104000,0,6620172,-0.18553741,0.10340488,-0.0062572956,12.3671665,3.5177146e-07,0
1771685695308000,1771685695156000,0,6620172,-0.18562056,0.103337854,-0.00986664,12.367069,8.7463985e-07,0
1771685695364000,1771685695208000,0,6620172,-0.18531731,0.10340488,0.035962358,12.3671665,1.1619398e-05,0
1771685695412000,1771685695260000,0,6620172,-0.18528324,0.103337854,0.0040428936,12.367069,1.4685048e-07,0
1771685695468000,1771685695312000,0,6620172,-0.18498027,0.10340488,0.035930216,12.3671665,1.1598638e-05,0
1771685695516000,1771685695364000,0,6620172,-0.18510386,0.103337854,-0.014665723,12.367069,1.932403e-06,0
1771685695572000,1771685695416000,0,6620172,-0.18475942,0.10340488,0.04084727,12.3671665,1.4990405e-05,0
1771685695620000,1771685695468000,0,6620172,-0.18515979,0.103337854,-0.047509864,12.367069,2.0279549e-05,0
1771685695676000,1771685695520000,0,6620172,-0.1854505,0.10340488,-0.034475222,12.3671665,1.0678284e-05,0
1771685695724000,1771685695572000,0,6620172,-0.18541427,0.103337854,0.0042981505,12.367069,1.6597932e-07,0
1771685695780000,1771685695624000,0,6620172,-0.18562743,0.10340488,-0.02527909,12.3671665,5.741299e-06,0
1771685695828000,1771685695676000,0,6620172,-0.18563344,0.103337854,-0.00071290135,12.367069,4.566144e-09,0
1771685695884000,1771685695728000,0,6620172,-0.18529662,0.10340488,0.039942518,12.3671665,1.4333695e-05,0
1771685695932000,1771685695780000,0,6620172,-0.18531185,0.103337854,-0.0018066466,12.367069,2.9324939e-08,0
1771685695988000,1771685695832000,0,6620172,-0.18541934,0.10340488,-0.012747228,12.3671665,1.4598855e-06,0
1771685696036000,1771685695884000,0,6620172,-0.18488601,0.103337854,0.06328799,12.367069,3.5985973e-05,0
1771685696092000,1771685695936000,0,6620172,-0.18464506,0.10340488,0.028574973,12.3671665,7.335994e-06,0
1771685696140000,1771685695988000,0,6620172,-0.1853483,0.103337854,-0.08345187,12.367069,6.256952e-05,0
1771685696196000,1771685696040000,0,6620172,-0.1856212,0.10340488,-0.0323641,12.3671665,9.410536e-06,0
1771685696244000,1771685696092000,0,6620172,-0.18576433,0.103337854,-0.016985,12.367069,2.5919212e-06,0
1771685696300000,1771685696144000,0,6620172,-0.1859977,0.10340488,-0.027675614,12.3671665,6.8814793e-06,0
1771685696348000,1771685696196000,0,6620172,-0.18594529,0.103337854,0.006218642,12.367069,3.4744158e-07,0
1771685696404000,1771685696248000,0,6620172,-0.18595041,0.10340488,-0.00060866773,12.3671665,3.3284946e-09,0
1771685696452000,1771685696300000,0,6620172,-0.18559417,0.103337854,0.042273656,12.367069,1.605574e-05,0
1771685696508000,1771685696352000,0,6620172,-0.18596846,0.10340488,-0.044386297,12.3671665,1.7700482e-05,0
1771685696556000,1771685696404000,0,6620172,-0.18637457,0.103337854,-0.04819292,12.367069,2.0866863e-05,0
1771685696612000,1771685696456000,0,6620172,-0.18655519,0.10340488,-0.021419615,12.3671665,4.1220246e-06,0
1771685696660000,1771685696508000,0,6620172,-0.18652792,0.103337854,0.0032361,12.367069,9.408808e-08,0
1771685696716000,1771685696560000,0,6620172,-0.1865935,0.10340488,-0.007777497,12.3671665,5.434593e-07,0
1771685696764000,1771685696612000,0,6620172,-0.18665387,0.103337854,-0.0071626008,12.367069,4.6092705e-07,0
1771685696820000,1771685696664000,0,6620172,-0.1868468,0.10340488,-0.022879824,12.3671665,4.7031913e-06,0
1771685696868000,1771685696716000,0,6620172,-0.18687518,0.103337854,-0.0033692718,12.367069,1.0199122e-07,0
1771685696924000,1771685696768000,0,6620172,-0.18684107,0.10340488,0.004044369,12.3671665,1.4695651e-07,0
1771685696972000,1771685696820000,0,6620172,-0.18668436,0.103337854,0.018597662,12.367069,3.1074733e-06,0
1771685697028000,1771685696872000,0,6620172,-0.18666421,0.10340488,0.0023887008,12.3671665,5.1263804e-08,0
1771685697076000,1771685696924000,0,6620172,-0.18651901,0.103337854,0.017230615,12.367069,2.6674252e-06,0
1771685697132000,1771685696976000,0,6620172,-0.18635152,0.10340488,0.019862518,12.3671665,3.5445075e-06,0
1771685697180000,1771685697028000,0,6620172,-0.18649776,0.103337854,-0.017353311,12.367069,2.7055492e-06,0
1771685697236000,1771685697080000,0,6620172,-0.18614466,0.10340488,0.04187496,12.3671665,1.575419e-05,0
1771685697284000,1771685697132000,0,6620172,-0.18618952,0.103337854,-0.0053226203,12.367069,2.5453159e-07,0
1771685697340000,1771685697184000,0,6620172,-0.18648905,0.10340488,-0.035520688,12.3671665,1.1335744e-05,0
1771685697388000,1771685697236000,0,6620172,-0.18646593,0.103337854,0.0027427077,12.367069,6.7584914e-08,0
1771685697444000,1771685697288000,0,6620172,-0.18622066,0.10340488,0.029086784,12.3671665,7.6011393e-06,0
1771685697492000,1771685697340000,0,6620172,-0.18664522,0.103337854,-0.050382122,12.367069,2.2805712e-05,0
1771685697548000,1771685697392000,0,6620172,-0.18688326,0.10340488,-0.028229043,12.3671665,7.159449e-06,0
1771685697596000,1771685697444000,0,6620172,-0.18731047,0.103337854,-0.05069609,12.367069,2.3090835e-05,0
1771685697652000,1771685697496000,0,6620172,-0.18703723,0.10340488,0.032403246,12.3671665,9.4333145e-06,0
1771685697700000,1771685697548000,0,6620172,-0.18656126,0.103337854,0.05648303,12.367069,2.8663333e-05,0
1771685697756000,1771685697600000,0,6620172,-0.18642533,0.10340488,0.016120583,12.3671665,2.3347952e-06,0
1771685697804000,1771685697652000,0,6620172,-0.18633023,0.103337854,0.011284947,12.367069,1.144168e-06,0
1771685697860000,1771685697704000,0,6620172,-0.18625595,0.10340488,0.008809477,12.3671665,6.972484e-07,0
1771685697908000,1771685697756000,0,6620172,-0.18634024,0.103337854,-0.010002598,12.367069,8.989103e-07,0
1771685697964000,1771685697808000,0,6620172,-0.18640329,0.10340488,-0.007476896,12.3671665,5.022616e-07,0
1771685698012000,1771685697860000,0,6620172,-0.18638347,0.103337854,0.0023517758,12.367069,4.9691547e-08,0
1771685698068000,1771685697912000,0,6620172,-0.18681775,0.10340488,-0.05150105,12.3671665,2.3829749e-05,0
1771685698116000,1771685697964000,0,6620172,-0.18712875,0.103337854,-0.036906615,12.367069,1.2237681e-05,0
1771685698172000,1771685698016000,0,6620172,-0.18757373,0.10340488,-0.05276993,12.3671665,2.5018446e-05,0
1771685698220000,1771685698068000,0,6620172,-0.18785112,0.103337854,-0.03291577,12.367069,9.734166e-06,0
1771685698276000,1771685698120000,0,6620172,-0.18790503,0.10340488,-0.0063932687,12.3671665,3.6722582e-07,0
1771685698324000,1771685698172000,0,6620172,-0.18791164,0.103337854,-0.0007851571,12.367069,5.5386487e-09,0
1771685698380000,1771685698224000,0,6620172,-0.18816988,0.10340488,-0.030624732,12.3671665,8.426203e-06,0
1771685698428000,1771685698276000,0,6620172,-0.18806188,0.103337854,0.012815878,12.367069,1.4756638e-06,0
1771685698484000,1771685698328000,0,6620172,-0.1882455,0.10340488,-0.02177699,12.3671665,4.26072e-06,0
1771685698532000,1771685698380000,0,6620172,-0.18853909,0.103337854,-0.03483799,12.367069,1.0904278e-05,0
1771685698588000,1771685698432000,0,6620172,-0.18868859,0.10340488,-0.017729223,12.3671665,2.8240129e-06,0
1771685698636000,1771685698484000,0,6620172,-0.18839698,0.103337854,0.03460534,12.367069,1.0759124e-05,0
1771685698692000,1771685698536000,0,6620172,-0.18844217,0.10340488,-0.005359128,12.3671665,2.580332e-07,0
1771685698740000,1771685698588000,0,6620172,-0.1883635,0.103337854,0.009334505,12.367069,7.8284046e-07,0
1771685698796000,1771685698640000,0,6620172,-0.18853764,0.10340488,-0.020651385,12.3671665,3.8316484e-06,0
1771685698844000,1771685698692000,0,6620172,-0.18882439,0.103337854,-0.034027055,12.367069,1.0402541e-05,0
1771685698900000,1771685698744000,0,6620172,-0.18888836,0.10340488,-0.0075867474,12.3671665,5.1712857e-07,0
1771685698948000,1771685698796000,0,6620172,-0.18914565,0.103337854,-0.03053303,12.367069,8.375881e-06,0
1771685699004000,1771685698848000,0,6620172,-0.189613,0.10340488,-0.055422217,12.3671665,2.7596567e-05,0
1771685699052000,1771685698900000,0,6620172,-0.18955456,0.103337854,0.006934777,12.367069,4.3207157e-07,0
1771685699108000,1771685698952000,0,6620172,-0.18990754,0.10340488,-0.041860238,12.3671665,1.5743115e-05,0
1771685699156000,1771685699004000,0,6620172,-0.19025192,0.103337854,-0.04086639,12.367069,1.500456e-05,0
1771685699212000,1771685699056000,0,6620172,-0.19005346,0.10340488,0.023534387,12.3671665,4.9761456e-06,0
1771685699260000,1771685699108000,0,6620172,-0.19012786,0.103337854,-0.008829594,12.367069,7.0044194e-07,0
1771685699316000,1771685699160000,0,6620172,-0.18970117,0.10340488,0.050601497,12.3671665,2.3004564e-05,0
1771685699364000,1771685699212000,0,6620172,-0.18958876,0.103337854,0.013340086,12.367069,1.5988509e-06,0
1771685699420000,1771685699264000,0,6620172,-0.18984804,0.10340488,-0.030748159,12.3671665,8.494259e-06,0
1771685699468000,1771685699316000,0,6620172,-0.18982361,0.103337854,0.002897352,12.367069,7.542117e-08,0
1771685699524000,1771685699368000,0,6620172,-0.19012955,0.10340488,-0.036281124,12.3671665,1.1826296e-05,0
1771685699572000,1771685699420000,0,6620172,-0.1901475,0.103337854,-0.0021311939,12.367069,4.0807187e-08,0
1771685699628000,1771685699472000,0,6620172,-0.19029656,0.10340488,-0.017677203,12.3671665,2.807465e-06,0
1771685699676000,1771685699524000,0,6620172,-0.19043578,0.103337854,-0.016521066,12.367069,2.4522622e-06,0
1771685699732000,1771685699576000,0,6620172,-0.19085905,0.10340488,-0.05019532,12.3671665,2.2636734e-05,0
1771685699780000,1771685699628000,0,6620172,-0.19095007,0.103337854,-0.010801107,12.367069,1.0481591e-06,0
1771685699836000,1771685699680000,0,6620172,-0.190536,0.10340488,0.049104363,12.3671665,2.1663442e-05,0
1771685699884000,1771685699732000,0,6620172,-0.19063206,0.103337854,-0.011398807,12.367069,1.1673726e-06,0
1771685699940000,1771685699784000,0,6620172,-0.19073972,0.10340488,-0.012767598,12.3671665,1.464555e-06,0
1771685699988000,1771685699836000,0,6620172,-0.19064093,0.103337854,0.011723608,12.367069,1.2348474e-06,0
1771685700044000,1771685699888000,0,6620172,-0.19051254,0.10340488,0.015225887,12.3671665,2.0828236e-06,0
1771685700092000,1771685699940000,0,6620172,-0.19049564,0.103337854,0.0020054579,12.367069,3.613415e-08,0
1771685700148000,1771685699992000,0,6620172,-0.19025062,0.10340488,0.029057652,12.3671665,7.585921e-06,0
1771685700196000,1771685700044000,0,6620172,-0.1905525,0.103337854,-0.0358236,12.367069,1.1529995e-05,0
1771685700252000,1771685700096000,0,6620172,-0.19042641,0.10340488,0.014954358,12.3671665,2.0091986e-06,0
1771685700300000,1771685700148000,0,6620172,-0.19013506,0.103337854,0.034573138,12.367069,1.0739111e-05,0
1771685700356000,1771685700200000,0,6620172,-0.19025257,0.10340488,-0.013935983,12.3671665,1.7448677e-06,0
1771685700404000,1771685700252000,0,6620172,-0.19032067,0.103337854,-0.008081168,12.367069,5.8673095e-07,0
1771685700460000,1771685700304000,0,6620172,-0.19067568,0.10340488,-0.042101204,12.3671665,1.5924887e-05,0
1771685700508000,1771685700356000,0,6620172,-0.19066177,0.103337854,0.001649797,12.367069,2.4454101e-08,0
1771685700564000,1771685700408000,0,6620172,-0.19069739,0.10340488,-0.004223481,12.3671665,1.6026118e-07,0
1771685700612000,1771685700460000,0,6620172,-0.19048606,0.103337854,0.02507849,12.367069,5.650586e-06,0
1771685700668000,1771685700512000,0,6620172,-0.19076145,0.10340488,-0.032658473,12.3671665,9.582504e-06,0
1771685700716000,1771685700564000,0,6620172,-0.19015379,0.103337854,0.0721091,12.367069,4.6716566e-05,0
1771685700772000,1771685700616000,0,6620172,-0.19019498,0.10340488,-0.0048840493,12.3671665,2.1431244e-07,0
1771685700820000,1771685700668000,0,6620172,-0.189911,0.103337854,0.03370084,12.367069,1.0204039e-05,0
1771685700876000,1771685700720000,0,6620172,-0.1895605,0.10340488,0.041565046,12.3671665,1.5521862e-05,0
1771685700924000,1771685700772000,0,6620172,-0.18983889,0.103337854,-0.033034712,12.367069,9.804643e-06,0
1771685700980000,1771685700824000,0,6620172,-0.19000934,0.10340488,-0.020213604,12.3671665,3.6709189e-06,0
1771685701028000,1771685700876000,0,6620172,-0.18937948,0.103337854,0.07474445,12.367069,5.019363e-05,0
1771685701084000,1771685700928000,0,6620172,-0.1894797,0.10340488,-0.011883944,12.3671665,1.2688448e-06,0
1771685701132000,1771685700980000,0,6620172,-0.18937275,0.103337854,0.012691364,12.367069,1.4471292e-06,0
1771685701188000,1771685701032000,0,6620172,-0.18935722,0.10340488,0.0018422306,12.3671665,3.049125e-08,0
1771685701236000,1771685701084000,0,6620172,-0.18901728,0.103337854,0.040339887,12.367069,1.46204275e-05,0
1771685701292000,1771685701136000,0,6620172,-0.18900783,0.10340488,0.0011205524,12.3671665,1.1281105e-08,0
1771685701340000,1771685701188000,0,6620172,-0.18902984,0.103337854,-0.0026120394,12.367069,6.129854e-08,0
1771685701396000,1771685701240000,0,6620172,-0.18910238,0.10340488,-0.008601993,12.3671665,6.6479157e-07,0
1771685701444000,1771685701292000,0,6620172,-0.18888725,0.103337854,0.025528163,12.367069,5.8550395e-06,0
1771685701500000,1771685701344000,0,6620172,-0.18891956,0.10340488,-0.0038312525,12.3671665,1.3187693e-07,0
1771685701548000,1771685701396000,0,6620172,-0.18893717,0.103337854,-0.0020899624,12.367069,3.9243492e-08,0
1771685701604000,1771685701448000,0,6620172,-0.18904138,0.10340488,-0.012356773,12.3671665,1.371821e-06,0
1771685701652000,1771685701500000,0,6620172,-0.1889358,0.103337854,0.012527704,12.367069,1.4100474e-06,0
1771685701708000,1771685701552000,0,6620172,-0.18931587,0.10340488,-0.045072988,12.3671665,1.82524e-05,0
1771685701756000,1771685701604000,0,6620172,-0.18928488,0.103337854,0.0036774427,12.367069,1.2150176e-07,0
1771685701812000,1771685701656000,0,6620172,-0.18906344,0.10340488,0.026259974,12.3671665,6.195493e-06,0
1771685701860000,1771685701708000,0,6620172,-0.189148,0.103337854,-0.010033235,12.367069,9.044253e-07,0
1771685701916000,1771685701760000,0,6620172,-0.18908006,0.10340488,0.008056685,12.3671665,5.831766e-07,0
1771685701964000,1771685701812000,0,6620172,-0.18927789,0.103337854,-0.023474872,12.367069,4.9510486e-06,0
1771685702020000,1771685701864000,0,6620172,-0.18916717,0.10340488,0.013130426,12.3671665,1.5489769e-06,0
1771685702068000,1771685701916000,0,6620172,-0.18904845,0.103337854,0.014087826,12.367069,1.7831122e-06,0
1771685702124000,1771685701968000,0,6620172,-0.18894301,0.10340488,0.012504265,12.3671665,1.4047647e-06,0
1771685702172000,1771685702020000,0,6620172,-0.1888303,0.103337854,0.013375387,12.367069,1.607324e-06,0
1771685702228000,1771685702072000,0,6620172,-0.1886127,0.10340488,0.025805399,12.3671665,5.982855e-06,0
1771685702276000,1771685702124000,0,6620172,-0.18898265,0.103337854,-0.04390073,12.367069,1.7315466e-05,0
1771685702332000,1771685702176000,0,6620172,-0.18876608,0.10340488,0.02568309,12.3671665,5.926275e-06,0
1771685702380000,1771685702228000,0,6620172,-0.18850236,0.103337854,0.031295374,12.367069,8.7993585e-06,0
1771685702436000,1771685702280000,0,6620172,-0.18857008,0.10340488,-0.008030847,12.3671665,5.79442e-07,0
1771685702484000,1771685702332000,0,6620172,-0.18827355,0.103337854,0.035188735,12.367069,1.1124948e-05,0
1771685702540000,1771685702384000,0,6620172,-0.18854469,0.10340488,-0.032154918,12.3671665,9.289281e-06,0
1771685702588000,1771685702436000,0,6620172,-0.18860635,0.103337854,-0.007317126,12.367069,4.8102953e-07,0
1771685702644000,1771685702488000,0,6620172,-0.18867525,0.10340488,-0.008170992,12.3671665,5.99842e-07,0
1771685702692000,1771685702540000,0,6620172,-0.1887317,0.103337854,-0.0066982806,12.367069,4.0310425e-07,0
1771685702748000,1771685702592000,0,6620172,-0.18839964,0.10340488,0.039378673,12.3671665,1.3931871e-05,0
1771685702796000,1771685702644000,0,6620172,-0.18869372,0.103337854,-0.034897476,12.367069,1.0941548e-05,0
1771685702852000,1771685702696000,0,6620172,-0.18820037,0.10340488,0.05850573,12.3671665,3.075276e-05,0
1771685702900000,1771685702748000,0,6620172,-0.18845189,0.103337854,-0.029847726,12.367069,8.004113e-06,0
1771685702956000,1771685702800000,0,6620172,-0.18859029,0.10340488,-0.016412616,12.3671665,2.4201536e-06,0
1771685703004000,1771685702852000,0,6620172,-0.18859781,0.103337854,-0.0008933544,12.367069,7.170316e-09,0
1771685703060000,1771685702904000,0,6620172,-0.18865314,0.10340488,-0.006562099,12.3671665,3.868769e-07,0
1771685703108000,1771685702956000,0,6620172,-0.18850043,0.103337854,0.018120915,12.367069,2.9501964e-06,0
1771685703164000,1771685703008000,0,6620172,-0.1882411,0.10340488,0.030755073,12.3671665,8.498079e-06,0
1771685703212000,1771685703060000,0,6620172,-0.18821247,0.103337854,0.0033961236,12.367069,1.0362337e-07,0
1771685703268000,1771685703112000,0,6620172,-0.1879602,0.10340488,0.029917791,12.3671665,8.041672e-06,0
1771685703316000,1771685703164000,0,6620172,-0.18821709,0.103337854,-0.030484632,12.367069,8.349349e-06,0
1771685703372000,1771685703216000,0,6620172,-0.18816626,0.10340488,0.006027147,12.3671665,3.263705e-07,0
1771685703420000,1771685703268000,0,6620172,-0.18838386,0.103337854,-0.025822997,12.367069,5.991065e-06,0
1771685703476000,1771685703320000,0,6620172,-0.18860827,0.10340488,-0.026612476,12.3671665,6.36294e-06,0
1771685703524000,1771685703372000,0,6620172,-0.18877767,0.103337854,-0.020101443,12.367069,3.6303222e-06,0
1771685703580000,1771685703424000,0,6620172,-0.18867554,0.10340488,0.0121114105,12.3671665,1.3178826e-06,0
1771685703628000,1771685703476000,0,6620172,-0.18903878,0.103337854,-0.04310547,12.367069,1.669381e-05,0
1771685703684000,1771685703528000,0,6620172,-0.18893291,0.10340488,0.012555629,12.3671665,1.4163293e-06,0
1771685703732000,1771685703580000,0,6620172,-0.18893652,0.103337854,-0.0004286617,12.367069,1.6508974e-09,0
1771685703788000,1771685703632000,0,6620172,-0.18831632,0.10340488,0.073549554,12.3671665,4.8601243e-05,0
1771685703836000,1771685703684000,0,6620172,-0.18840459,0.103337854,-0.0104751885,12.367069,9.858582e-07,0
1771685703892000,1771685703736000,0,6620172,-0.18842219,0.10340488,-0.0020861328,12.3671665,3.9099497e-08,0
1771685703940000,1771685703788000,0,6620172,-0.18870759,0.103337854,-0.03386785,12.367069,1.0305427e-05,0
1771685703996000,1771685703840000,0,6620172,-0.18892334,0.10340488,-0.025586843,12.3671665,5.8819414e-06,0
1771685704044000,1771685703892000,0,6620172,-0.18853639,0.103337854,0.045917973,12.367069,1.8943321e-05,0
1771685704100000,1771685703944000,0,6620172,-0.18864037,0.10340488,-0.012330309,12.3671665,1.3659511e-06,0
1771685704148000,1771685703996000,0,6620172,-0.1882985,0.103337854,0.040569082,12.367069,1.4787033e-05,0
1771685704204000,1771685704048000,0,6620172,-0.18816978,0.10340488,0.015263826,12.3671665,2.0932162e-06,0
1771685704252000,1771685704100000,0,6620172,-0.18815333,0.103337854,0.0019515157,12.367069,3.4216438e-08,0
1771685704308000,1771685704152000,0,6620172,-0.1878717,0.10340488,0.033398688,12.3671665,1.0021809e-05,0
1771685704356000,1771685704204000,0,6620172,-0.18786162,0.103337854,0.0011956692,12.367069,1.2844368e-08,0
1771685704460000,1771685704308000,0,6620172,-0.18777785,0.103337854,0.010036498,12.367069,9.050137e-07,0
1771685704516000,1771685704360000,0,6620172,-0.18775311,0.10340488,0.0029328763,12.3671665,7.728136e-08,0
1771685704564000,1771685704412000,0,6620172,-0.18749587,0.103337854,0.030526549,12.367069,8.372326e-06,0
1771685704620000,1771685704464000,0,6620172,-0.18743286,0.10340488,0.007472679,12.3671665,5.016952e-07,0
1771685704668000,1771685704516000,0,6620172,-0.1873825,0.103337854,0.005975336,12.367069,3.2078594e-07,0
1771685704724000,1771685704568000,0,6620172,-0.1873781,0.10340488,0.0005233735,12.3671665,2.460995e-09,0
1771685704772000,1771685704620000,0,6620172,-0.18767667,0.103337854,-0.035430744,12.367069,1.1278497e-05,0
1771685704828000,1771685704672000,0,6620172,-0.18767184,0.10340488,0.0005733967,12.3671665,2.9539127e-09,0
1771685704876000,1771685704724000,0,6620172,-0.18750426,0.103337854,0.019886196,12.367069,3.5529913e-06,0
1771685704932000,1771685704776000,0,6620172,-0.18772167,0.10340488,-0.025783092,12.3671665,5.9725153e-06,0
1771685704980000,1771685704828000,0,6620172,-0.18762593,0.103337854,0.011360586,12.367069,1.1595571e-06,0
1771685705036000,1771685704880000,0,6620172,-0.18693572,0.10340488,0.081852004,12.3671665,6.0192993e-05,0
1771685705084000,1771685704932000,0,6620172,-0.18749236,0.103337854,-0.066055,12.367069,3.9201448e-05,0
1771685705140000,1771685704984000,0,6620172,-0.18762109,0.10340488,-0.015266433,12.3671665,2.0939315e-06,0
1771685705188000,1771685705036000,0,6620172,-0.18777102,0.103337854,-0.017792732,12.367069,2.8443035e-06,0
1771685705244000,1771685705088000,0,6620172,-0.18781917,0.10340488,-0.005710423,12.3671665,2.9297047e-07,0
1771685705292000,1771685705140000,0,6620172,-0.18797593,0.103337854,-0.01860173,12.367069,3.1088332e-06,0
1771685705348000,1771685705192000,0,6620172,-0.18796265,0.10340488,0.001574561,12.3671665,2.2274413e-08,0
1771685705396000,1771685705244000,0,6620172,-0.18782966,0.103337854,0.015782475,12.367069,2.2379015e-06,0
1771685705452000,1771685705296000,0,6620172,-0.187147,0.10340488,0.0809571,12.3671665,5.8883983e-05,0
1771685705500000,1771685705348000,0,6620172,-0.1868005,0.103337854,0.041120395,12.367069,1.5191662e-05,0
1771685705556000,1771685705400000,0,6620172,-0.18651174,0.10340488,0.03424312,12.3671665,1.0534986e-05,0
1771685705604000,1771685705452000,0,6620172,-0.18644755,0.103337854,0.007617697,12.367069,5.213605e-07,0
1771685705660000,1771685705504000,0,6620172,-0.18609332,0.10340488,0.04200785,12.3671665,1.5854339e-05,0
1771685705708000,1771685705556000,0,6620172,-0.18612729,0.103337854,-0.0040311962,12.367069,1.4600194e-07,0
1771685705764000,1771685705608000,0,6620172,-0.18591858,0.10340488,0.024750337,12.3671665,5.5036335e-06,0
1771685705812000,1771685705660000,0,6620172,-0.18571126,0.103337854,0.024602666,12.367069,5.438199e-06,0
1771685705868000,1771685705712000,0,6620172,-0.18550916,0.10340488,0.0239681,12.3671665,5.1612456e-06,0
1771685705916000,1771685705764000,0,6620172,-0.18551333,0.103337854,-0.0004954785,12.367069,2.2056692e-09,0
1771685705972000,1771685705816000,0,6620172,-0.1853322,0.10340488,0.02148135,12.3671665,4.1458197e-06,0
1771685706020000,1771685705868000,0,6620172,-0.18496703,0.103337854,0.043333903,12.367069,1.6871214e-05,0
1771685706076000,1771685705920000,0,6620172,-0.1847833,0.10340488,0.021789536,12.3671665,4.2656307e-06,0
1771685706124000,1771685705972000,0,6620172,-0.18477944,0.103337854,0.00045712292,12.367069,1.8773996e-09,0
1771685706180000,1771685706024000,0,6620172,-0.18464643,0.10340488,0.015773088,12.3671665,2.2352224e-06,0
1771685706228000,1771685706076000,0,6620172,-0.18454368,0.103337854,0.012191594,12.367069,1.3354008e-06,0
1771685706284000,1771685706128000,0,6620172,-0.18455987,0.10340488,-0.0019187182,12.3671665,3.307575e-08,0
1771685706332000,1771685706180000,0,6620172,-0.18429635,0.103337854,0.031270072,12.367069,8.785135e-06,0
1771685706388000,1771685706232000,0,6620172,-0.18384421,0.10340488,0.053620085,12.3671665,2.5831065e-05,0
1771685706436000,1771685706284000,0,6620172,-0.18367726,0.103337854,0.019812226,12.367069,3.5266087e-06,0
1771685706492000,1771685706336000,0,6620172,-0.18384357,0.10340488,-0.019722402,12.3671665,3.4946759e-06,0
1771685706540000,1771685706388000,0,6620172,-0.1836617,0.103337854,0.021581605,12.367069,4.184641e-06,0
1771685706596000,1771685706440000,0,6620172,-0.18362588,0.10340488,0.0042488575,12.3671665,1.6219282e-07,0
1771685706644000,1771685706492000,0,6620172,-0.18368708,0.103337854,-0.0072615743,12.367069,4.7375335e-07,0
1771685706700000,1771685706544000,0,6620172,-0.18354373,0.10340488,0.017000064,12.3671665,2.5965005e-06,0
1771685706748000,1771685706596000,0,6620172,-0.18331012,0.103337854,0.027720973,12.367069,6.9041093e-06,0
1771685706804000,1771685706648000,0,6620172,-0.18288586,0.10340488,0.050314516,12.3671665,2.2744369e-05,0
1771685706852000,1771685706700000,0,6620172,-0.1828949,0.103337854,-0.0010741055,12.367069,1.03653655e-08,0
1771685706908000,1771685706752000,0,6620172,-0.18228397,0.10340488,0.072451785,12.3671665,4.716127e-05,0
1771685706956000,1771685706804000,0,6620172,-0.181999,0.103337854,0.03381595,12.367069,1.0273866e-05,0
1771685707012000,1771685706856000,0,6620172,-0.18126489,0.10340488,0.08705881,12.3671665,6.809462e-05,0
1771685707060000,1771685706908000,0,6620172,-0.18137968,0.103337854,-0.013620362,12.367069,1.6667404e-06,0
1771685707116000,1771685706960000,0,6620172,-0.18053474,0.10340488,0.10020292,12.3671665,9.020862e-05,0
1771685707164000,1771685707012000,0,6620172,-0.18003023,0.103337854,0.05986823,12.367069,3.2202053e-05,0
1771685707220000,1771685707064000,0,6620172,-0.17968534,0.10340488,0.040900588,12.3671665,1.5029565e-05,0
1771685707268000,1771685707116000,0,6620172,-0.17984198,0.103337854,-0.018587366,12.367069,3.1040336e-06,0
1771685707324000,1771685707168000,0,6620172,-0.18020095,0.10340488,-0.04257013,12.3671665,1.6281605e-05,0
1771685707372000,1771685707220000,0,6620172,-0.18026502,0.103337854,-0.0076042265,12.367069,5.1951827e-07,0
1771685707428000,1771685707272000,0,6620172,-0.1797442,0.10340488,0.06176527,12.3671665,3.4274883e-05,0
1771685707476000,1771685707324000,0,6620172,-0.17918104,0.103337854,0.06682916,12.367069,4.0125706e-05,0
1771685707532000,1771685707376000,0,6620172,-0.17879571,0.10340488,0.045697153,12.3671665,1.8761415e-05,0
1771685707580000,1771685707428000,0,6620172,-0.17849334,0.103337854,0.03588189,12.367069,1.1567549e-05,0
1771685707636000,1771685707480000,0,6620172,-0.17790201,0.10340488,0.070125416,12.3671665,4.418127e-05,0
1771685707684000,1771685707532000,0,6620172,-0.17763726,0.103337854,0.031417638,12.367069,8.868246e-06,0
1771685707740000,1771685707584000,0,6620172,-0.17792322,0.10340488,-0.033910587,12.3671665,1.03313705e-05,0
1771685707788000,1771685707636000,0,6620172,-0.17770612,0.103337854,0.025762573,12.367069,5.96306e-06,0
1771685707844000,1771685707688000,0,6620172,-0.17709494,0.10340488,0.07248151,12.3671665,4.7199977e-05,0
1771685707892000,1771685707740000,0,6620172,-0.1766261,0.103337854,0.055634975,12.367069,2.7809074e-05,0
1771685707948000,1771685707792000,0,6620172,-0.17608707,0.10340488,0.063924685,12.3671665,3.671339e-05,0
1771685707996000,1771685707844000,0,6620172,-0.17581216,0.103337854,0.03262393,12.367069,9.562321e-06,0
1771685708052000,1771685707896000,0,6620172,-0.17535204,0.10340488,0.054565817,12.3671665,2.6750298e-05,0
1771685708100000,1771685707948000,0,6620172,-0.17512164,0.103337854,0.027341783,12.367069,6.716521e-06,0
1771685708156000,1771685708000000,0,6620172,-0.17487064,0.10340488,0.02976641,12.3671665,7.960498e-06,0
1771685708204000,1771685708052000,0,6620172,-0.17485234,0.103337854,0.0021716654,12.367069,4.2371763e-08,0
1771685708260000,1771685708104000,0,6620172,-0.1746193,0.10340488,0.027635545,12.3671665,6.8615677e-06,0
1771685708308000,1771685708156000,0,6620172,-0.17454448,0.103337854,0.008878335,12.367069,7.081965e-07,0
1771685708364000,1771685708208000,0,6620172,-0.17461564,0.10340488,-0.008438915,12.3671665,6.3982395e-07,0
1771685708412000,1771685708260000,0,6620172,-0.17413324,0.103337854,0.05724503,12.367069,2.9441931e-05,0
1771685708468000,1771685708312000,0,6620172,-0.17372923,0.10340488,0.047912538,12.3671665,2.0624604e-05,0
1771685708516000,1771685708364000,0,6620172,-0.17325893,0.103337854,0.055809304,12.367069,2.7983622e-05,0
1771685708572000,1771685708416000,0,6620172,-0.17275241,0.10340488,0.060069233,12.3671665,3.241839e-05,0
1771685708620000,1771685708468000,0,6620172,-0.17226411,0.103337854,0.05794528,12.367069,3.0166635e-05,0
1771685708676000,1771685708520000,0,6620172,-0.17210335,0.10340488,0.019065872,12.3671665,3.2658832e-06,0
1771685708724000,1771685708572000,0,6620172,-0.17180388,0.103337854,0.035537183,12.367069,1.1346364e-05,0
1771685708780000,1771685708624000,0,6620172,-0.17151755,0.10340488,0.033955976,12.3671665,1.03590455e-05,0
1771685708828000,1771685708676000,0,6620172,-0.17101832,0.103337854,0.05924338,12.367069,3.153337e-05,0
1771685708884000,1771685708728000,0,6620172,-0.17074041,0.10340488,0.032956794,12.3671665,9.758369e-06,0
1771685708932000,1771685708780000,0,6620172,-0.16994041,0.103337854,0.09493475,12.367069,8.0973165e-05,0
1771685708988000,1771685708832000,0,6620172,-0.16948786,0.10340488,0.05366844,12.3671665,2.5877673e-05,0
1771685709036000,1771685708884000,0,6620172,-0.16946965,0.103337854,0.002159983,12.367069,4.191711e-08,0
1771685709092000,1771685708936000,0,6620172,-0.1688062,0.10340488,0.07867986,12.3671665,5.5617882e-05,0
1771685709140000,1771685708988000,0,6620172,-0.16874154,0.103337854,0.0076733828,12.367069,5.2901066e-07,0
1771685709196000,1771685709040000,0,6620172,-0.16843265,0.10340488,0.036630943,12.3671665,1.2055452e-05,0
1771685709244000,1771685709092000,0,6620172,-0.16761172,0.103337854,0.09741825,12.367069,8.526511e-05,0
1771685709300000,1771685709144000,0,6620172,-0.16667649,0.10340488,0.11091006,12.3671665,0.000110517016,0
1771685709348000,1771685709196000,0,6620172,-0.1663469,0.103337854,0.039113015,12.367069,1.3744638e-05,0
1771685709404000,1771685709248000,0,6620172,-0.16594085,0.10340488,0.048152313,12.3671665,2.0831549e-05,0
1771685709452000,1771685709300000,0,6620172,-0.16558015,0.103337854,0.042802423,12.367069,1.645991e-05,0
1771685709508000,1771685709352000,0,6620172,-0.16506015,0.10340488,0.0616678,12.3671665,3.416679e-05,0
1771685709556000,1771685709404000,0,6620172,-0.16470584,0.103337854,0.04204379,12.367069,1.5881606e-05,0
1771685709612000,1771685709456000,0,6620172,-0.1644333,0.10340488,0.03232059,12.3671665,9.385249e-06,0
1771685709660000,1771685709508000,0,6620172,-0.16424578,0.103337854,0.022251904,12.367069,4.448618e-06,0
1771685709716000,1771685709560000,0,6620172,-0.1637764,0.10340488,0.05566424,12.3671665,2.783812e-05,0
1771685709764000,1771685709612000,0,6620172,-0.16370887,0.103337854,0.008014679,12.367069,5.771158e-07,0
1771685709820000,1771685709664000,0,6620172,-0.16296403,0.10340488,0.08833045,12.3671665,7.009841e-05,0
1771685709868000,1771685709716000,0,6620172,-0.16230619,0.103337854,0.07806413,12.367069,5.4751214e-05,0
1771685709924000,1771685709768000,0,6620172,-0.16224328,0.10340488,0.007459998,12.3671665,4.999939e-07,0
1771685709972000,1771685709820000,0,6620172,-0.16146833,0.103337854,0.091961294,12.367069,7.598027e-05,0
1771685710028000,1771685709872000,0,6620172,-0.16105016,0.10340488,0.049590886,12.3671665,2.2094848e-05,0
1771685710076000,1771685709924000,0,6620172,-0.16091017,0.103337854,0.016610458,12.367069,2.4788712e-06,0
1771685710132000,1771685709976000,0,6620172,-0.16036984,0.10340488,0.0640779,12.3671665,3.688959e-05,0
1771685710180000,1771685710028000,0,6620172,-0.15943915,0.103337854,0.110443085,12.367069,0.00010958921,0
1771685710236000,1771685710080000,0,6620172,-0.15918219,0.10340488,0.030471861,12.3671665,8.342289e-06,0
1771685710284000,1771685710132000,0,6620172,-0.15888874,0.103337854,0.03482306,12.367069,1.0894933e-05,0
1771685710340000,1771685710184000,0,6620172,-0.1585914,0.10340488,0.035262033,12.3671665,1.1171255e-05,0
1771685710388000,1771685710236000,0,6620172,-0.15805863,0.103337854,0.06322397,12.367069,3.5913217e-05,0
1771685710444000,1771685710288000,0,6620172,-0.15760231,0.10340488,0.054115757,12.3671665,2.6310843e-05,0
1771685710492000,1771685710340000,0,6620172,-0.15738569,0.103337854,0.025705338,12.367069,5.936594e-06,0
1771685710548000,1771685710392000,0,6620172,-0.15676571,0.10340488,0.07352339,12.3671665,4.8566668e-05,0
1771685710596000,1771685710444000,0,6620172,-0.15614957,0.103337854,0.07311703,12.367069,4.8031685e-05,0
1771685710652000,1771685710496000,0,6620172,-0.15549266,0.10340488,0.077902496,12.3671665,5.452429e-05,0
1771685710700000,1771685710548000,0,6620172,-0.15527532,0.103337854,0.025792956,12.367069,5.9771337e-06,0
1771685710756000,1771685710600000,0,6620172,-0.15473773,0.10340488,0.0637531,12.3671665,3.651656e-05,0
1771685710804000,1771685710652000,0,6620172,-0.15408954,0.103337854,0.0769179,12.367069,5.3155178e-05,0
1771685710860000,1771685710704000,0,6620172,-0.15360081,0.10340488,0.05795917,12.3671665,3.018086e-05,0
1771685710908000,1771685710756000,0,6620172,-0.15288249,0.103337854,0.08524144,12.367069,6.528181e-05,0
1771685710964000,1771685710808000,0,6620172,-0.15204675,0.10340488,0.099110514,12.3671665,8.825245e-05,0
1771685711012000,1771685710860000,0,6620172,-0.15149608,0.103337854,0.065346316,12.367069,3.83648e-05,0
1771685711068000,1771685710912000,0,6620172,-0.15078552,0.10340488,0.08426586,12.3671665,6.379558e-05,0
1771685711116000,1771685710964000,0,6620172,-0.15087195,0.103337854,-0.010255739,12.367069,9.449844e-07,0
1771685711172000,1771685711016000,0,6620172,-0.15015867,0.10340488,0.08458777,12.3671665,6.428393e-05,0
1771685711220000,1771685711068000,0,6620172,-0.14953133,0.103337854,0.07444456,12.367069,4.9791666e-05,0
1771685711276000,1771685711120000,0,6620172,-0.14874445,0.10340488,0.093317956,12.3671665,7.8237994e-05,0
1771685711324000,1771685711172000,0,6620172,-0.14840034,0.103337854,0.040834293,12.367069,1.4980999e-05,0
1771685711380000,1771685711224000,0,6620172,-0.14805171,0.10340488,0.041344672,12.3671665,1.5357708e-05,0
1771685711428000,1771685711276000,0,6620172,-0.14798115,0.103337854,0.008372754,12.367069,6.298358e-07,0
1771685711484000,1771685711328000,0,6620172,-0.14794229,0.10340488,0.00460957,12.3671665,1.9090096e-07,0
1771685711532000,1771685711380000,0,6620172,-0.14766435,0.103337854,0.032982573,12.367069,9.773717e-06,0
1771685711588000,1771685711432000,0,6620172,-0.14733969,0.10340488,0.038502976,12.3671665,1.3319131e-05,0
1771685711636000,1771685711484000,0,6620172,-0.14721212,0.103337854,0.015137538,12.367069,2.0587386e-06,0
1771685711692000,1771685711536000,0,6620172,-0.1467204,0.10340488,0.058314413,12.3671665,3.055196e-05,0
1771685711740000,1771685711588000,0,6620172,-0.14678322,0.103337854,-0.00745441,12.367069,4.992491e-07,0
1771685711796000,1771685711640000,0,6620172,-0.14631955,0.10340488,0.054986343,12.3671665,2.7164204e-05,0
1771685711844000,1771685711692000,0,6620172,-0.1458565,0.103337854,0.054949924,12.367069,2.7128446e-05,0
1771685711900000,1771685711744000,0,6620172,-0.1456639,0.10340488,0.022840142,12.3671665,4.6868913e-06,0
1771685711948000,1771685711796000,0,6620172,-0.14554918,0.103337854,0.013614342,12.367069,1.6652674e-06,0
1771685712004000,1771685711848000,0,6620172,-0.14574106,0.10340488,-0.022755265,12.3671665,4.652122e-06,0
1771685712052000,1771685711900000,0,6620172,-0.14553335,0.103337854,0.02464731,12.367069,5.4579527e-06,0
1771685712108000,1771685711952000,0,6620172,-0.1450424,0.10340488,0.058222562,12.3671665,3.0455794e-05,0
1771685712156000,1771685712004000,0,6620172,-0.1445932,0.103337854,0.053306565,12.367069,2.5530075e-05,0
1771685712212000,1771685712056000,0,6620172,-0.14441691,0.10340488,0.02090545,12.3671665,3.9265065e-06,0
1771685712260000,1771685712108000,0,6620172,-0.14356948,0.103337854,0.10056315,12.367069,9.085911e-05,0
1771685712316000,1771685712160000,0,6620172,-0.14327471,0.10340488,0.034957424,12.3671665,1.0979085e-05,0
1771685712364000,1771685712212000,0,6620172,-0.14322126,0.103337854,0.0063423365,12.367069,3.6140094e-07,0
1771685712420000,1771685712264000,0,6620172,-0.14264584,0.10340488,0.06823957,12.3671665,4.1836935e-05,0
1771685712468000,1771685712316000,0,6620172,-0.1425496,0.103337854,0.01142025,12.367069,1.1717688e-06,0
1771685712524000,1771685712368000,0,6620172,-0.14220579,0.10340488,0.04077348,12.3671665,1.4936295e-05,0
1771685712572000,1771685712420000,0,6620172,-0.14178409,0.103337854,0.050042704,12.367069,2.2499467e-05,0
1771685712628000,1771685712472000,0,6620172,-0.14175682,0.10340488,0.0032342821,12.3671665,9.3981654e-08,0
1771685712676000,1771685712524000,0,6620172,-0.1412939,0.103337854,0.054934308,12.367069,2.7113028e-05,0
1771685712732000,1771685712576000,0,6620172,-0.1410649,0.10340488,0.027158156,12.3671665,6.6265557e-06,0
1771685712780000,1771685712628000,0,6620172,-0.14048076,0.103337854,0.06931807,12.367069,4.317016e-05,0
1771685712836000,1771685712680000,0,6620172,-0.14013174,0.10340488,0.04139018,12.3671665,1.5391535e-05,0
1771685712884000,1771685712732000,0,6620172,-0.14002351,0.103337854,0.012842923,12.367069,1.4818986e-06,0
1771685712940000,1771685712784000,0,6620172,-0.1401853,0.10340488,-0.01918669,12.3671665,3.3074052e-06,0
1771685712988000,1771685712836000,0,6620172,-0.13994572,0.103337854,0.028429925,12.367069,7.261764e-06,0
1771685713044000,1771685712888000,0,6620172,-0.13973811,0.10340488,0.024619788,12.3671665,5.4457273e-06,0
1771685713092000,1771685712940000,0,6620172,-0.14004134,0.103337854,-0.035982102,12.367069,1.1632252e-05,0
1771685713148000,1771685712992000,0,6620172,-0.1397004,0.10340488,0.04043196,12.3671665,1.4687129e-05,0
1771685713196000,1771685713044000,0,6620172,-0.13939856,0.103337854,0.035818562,12.367069,1.1526753e-05,0
1771685713252000,1771685713096000,0,6620172,-0.1386145,0.10340488,0.09298132,12.3671665,7.7674544e-05,0
1771685713300000,1771685713148000,0,6620172,-0.13803276,0.103337854,0.06903443,12.367069,4.2817584e-05,0
1771685713356000,1771685713200000,0,6620172,-0.13760558,0.10340488,0.050660938,12.3671665,2.3058643e-05,0
1771685713404000,1771685713252000,0,6620172,-0.13682634,0.103337854,0.09247008,12.367069,7.682334e-05,0
1771685713460000,1771685713304000,0,6620172,-0.13703567,0.10340488,-0.024825275,12.3671665,5.5370115e-06,0
1771685713508000,1771685713356000,0,6620172,-0.13684167,0.103337854,0.023021996,12.367069,4.7618605e-06,0
1771685713564000,1771685713408000,0,6620172,-0.1366376,0.10340488,0.024201289,12.3671665,5.2621626e-06,0
1771685713612000,1771685713460000,0,6620172,-0.13639165,0.103337854,0.029185206,12.367069,7.652727e-06,0
1771685713668000,1771685713512000,0,6620172,-0.13617465,0.10340488,0.025734916,12.3671665,5.9502167e-06,0
1771685713716000,1771685713564000,0,6620172,-0.13591461,0.103337854,0.030858487,12.367069,8.555393e-06,0
1771685713772000,1771685713616000,0,6620172,-0.1355269,0.10340488,0.045979306,12.3671665,1.8993811e-05,0
1771685713820000,1771685713668000,0,6620172,-0.13510309,0.103337854,0.0502913,12.367069,2.2723563e-05,0
1771685713876000,1771685713720000,0,6620172,-0.13479298,0.10340488,0.036775455,12.3671665,1.2150758e-05,0
1771685713924000,1771685713772000,0,6620172,-0.13412848,0.103337854,0.07885426,12.367069,5.5865163e-05,0
1771685713980000,1771685713824000,0,6620172,-0.13369845,0.10340488,0.0509986,12.3671665,2.3367043e-05,0
1771685714028000,1771685713876000,0,6620172,-0.13362771,0.103337854,0.008393273,12.367069,6.329267e-07,0
1771685714084000,1771685713928000,0,6620172,-0.13323124,0.10340488,0.047018826,12.3671665,1.986236e-05,0
1771685714132000,1771685713980000,0,6620172,-0.13259661,0.103337854,0.075308874,12.367069,5.0954557e-05,0
1771685714188000,1771685714032000,0,6620172,-0.13215633,0.10340488,0.05221331,12.3671665,2.4493438e-05,0
1771685714236000,1771685714084000,0,6620172,-0.13179334,0.103337854,0.043075517,12.367069,1.6670618e-05,0
1771685714292000,1771685714136000,0,6620172,-0.13149725,0.10340488,0.035113648,12.3671665,1.10774345e-05,0
1771685714340000,1771685714188000,0,6620172,-0.13095722,0.103337854,0.06408392,12.367069,3.6896814e-05,0
1771685714396000,1771685714240000,0,6620172,-0.13080482,0.10340488,0.018072695,12.3671665,2.934493e-06,0
1771685714444000,1771685714292000,0,6620172,-0.13092487,0.103337854,-0.014245227,12.367069,1.8231796e-06,0
1771685714500000,1771685714344000,0,6620172,-0.13071278,0.10340488,0.02515094,12.3671665,5.6832364e-06,0
1771685714548000,1771685714396000,0,6620172,-0.13049696,0.103337854,0.025610238,12.367069,5.8927494e-06,0
1771685714604000,1771685714448000,0,6620172,-0.1303078,0.10340488,0.02243422,12.3671665,4.521778e-06,0
1771685714652000,1771685714500000,0,6620172,-0.12979528,0.103337854,0.06081927,12.367069,3.323327e-05,0
1771685714708000,1771685714552000,0,6620172,-0.12970595,0.10340488,0.010593623,12.3671665,1.0082688e-06,0
1771685714756000,1771685714604000,0,6620172,-0.12960741,0.103337854,0.011694476,12.367069,1.228718e-06,0
1771685714812000,1771685714656000,0,6620172,-0.12953073,0.10340488,0.009093493,12.3671665,7.4293155e-07,0
1771685714860000,1771685714708000,0,6620172,-0.12940408,0.103337854,0.015028775,12.367069,2.0292607e-06,0
1771685714916000,1771685714760000,0,6620172,-0.1291832,0.10340488,0.026193634,12.3671665,6.1642295e-06,0
1771685714964000,1771685714812000,0,6620172,-0.12887664,0.103337854,0.036379248,12.367069,1.1890445e-05,0
1771685715020000,1771685714864000,0,6620172,-0.12835939,0.10340488,0.06134124,12.3671665,3.3805893e-05,0
1771685715068000,1771685714916000,0,6620172,-0.12859185,0.103337854,-0.027585432,12.367069,6.836759e-06,0
1771685715124000,1771685714968000,0,6620172,-0.128375,0.10340488,0.025717095,12.3671665,5.9419785e-06,0
1771685715172000,1771685715020000,0,6620172,-0.12819508,0.103337854,0.021349847,12.367069,4.0952486e-06,0
1771685715228000,1771685715072000,0,6620172,-0.12855852,0.10340488,-0.04310009,12.3671665,1.6689512e-05,0
1771685715276000,1771685715124000,0,6620172,-0.1286764,0.103337854,-0.013989091,12.367069,1.7582057e-06,0
1771685715332000,1771685715176000,0,6620172,-0.1277509,0.10340488,0.1097555,12.3671665,0.000108228065,0
1771685715380000,1771685715228000,0,6620172,-0.12777735,0.103337854,-0.0031389892,12.367069,8.852591e-08,0
1771685715436000,1771685715280000,0,6620172,-0.12767339,0.10340488,0.012329355,12.3671665,1.3657399e-06,0
1771685715484000,1771685715332000,0,6620172,-0.12752691,0.103337854,0.01738286,12.367069,2.714771e-06,0
1771685715540000,1771685715384000,0,6620172,-0.12713195,0.10340488,0.046838433,12.3671665,1.9710244e-05,0
1771685715588000,1771685715436000,0,6620172,-0.12720914,0.103337854,-0.00915955,12.367069,7.537703e-07,0
1771685715644000,1771685715488000,0,6620172,-0.12719515,0.10340488,0.0016598254,12.3671665,2.4752104e-08,0
1771685715692000,1771685715540000,0,6620172,-0.12697837,0.103337854,0.025724202,12.367069,5.945311e-06,0
1771685715748000,1771685715592000,0,6620172,-0.12674887,0.10340488,0.027216405,12.3671665,6.6550115e-06,0
1771685715796000,1771685715644000,0,6620172,-0.12647311,0.103337854,0.032724217,12.367069,9.6212e-06,0
1771685715852000,1771685715696000,0,6620172,-0.12642337,0.10340488,0.0058981627,12.3671665,3.1255095e-07,0
1771685715900000,1771685715748000,0,6620172,-0.12624963,0.103337854,0.02061893,12.367069,3.819645e-06,0
1771685715956000,1771685715800000,0,6620172,-0.12578695,0.10340488,0.05486901,12.3671665,2.70484e-05,0
1771685716004000,1771685715852000,0,6620172,-0.12571602,0.103337854,0.00841634,12.367069,6.3641033e-07,0
1771685716060000,1771685715904000,0,6620172,-0.12535769,0.10340488,0.04249458,12.3671665,1.6223867e-05,0
1771685716108000,1771685715956000,0,6620172,-0.12563242,0.103337854,-0.032601297,12.367069,9.549056e-06,0
1771685716164000,1771685716008000,0,6620172,-0.12522179,0.10340488,0.048697606,12.3671665,2.1306028e-05,0
1771685716212000,1771685716060000,0,6620172,-0.12512913,0.103337854,0.010994494,12.367069,1.0860284e-06,0
1771685716268000,1771685716112000,0,6620172,-0.12514812,0.10340488,-0.0022512376,12.3671665,4.553339e-08,0
1771685716316000,1771685716164000,0,6620172,-0.12449263,0.103337854,0.07778484,12.367069,5.436014e-05,0
1771685716372000,1771685716216000,0,6620172,-0.123579256,0.10340488,0.108318314,12.3671665,0.00010541224,0
1771685716420000,1771685716268000,0,6620172,-0.1226235,0.103337854,0.1134169,12.367069,0.000115570314,0
1771685716476000,1771685716320000,0,6620172,-0.121347345,0.10340488,0.15134054,12.3671665,0.0002057775,0
1771685716524000,1771685716372000,0,6620172,-0.12012417,0.103337854,0.14515105,12.367069,0.00018929147,0
1771685716580000,1771685716424000,0,6620172,-0.118638515,0.10340488,0.17618495,12.3671665,0.00027888484,0
1771685716628000,1771685716476000,0,6620172,-0.11698478,0.103337854,0.19624472,12.367069,0.0003460084,0
1771685716684000,1771685716528000,0,6620172,-0.114728376,0.10340488,0.26758903,12.3671665,0.0006433153,0
1771685716732000,1771685716580000,0,6620172,-0.11224453,0.103337854,0.29475158,12.367069,0.0007805541,0
1771685716788000,1771685716632000,0,6620172,-0.1099702,0.10340488,0.26971525,12.3671665,0.0006535793,0
1771685716836000,1771685716684000,0,6620172,-0.107912205,0.103337854,0.24421702,12.367069,0.0005358492,0
1771685716892000,1771685716736000,0,6620172,-0.1052341,0.10340488,0.3175985,12.3671665,0.0009062419,0
1771685716940000,1771685716788000,0,6620172,-0.10282538,0.103337854,0.2858371,12.367069,0.0007340539,0
1771685716996000,1771685716840000,0,6620172,-0.10044596,0.10340488,0.28217718,12.3671665,0.0007153706,0
1771685717044000,1771685716892000,0,6620172,-0.09743107,0.103337854,0.35777017,12.367069,0.001150003,0
1771685717100000,1771685716944000,0,6620172,-0.0948169,0.10340488,0.3100165,12.3671665,0.0008634893,0
1771685717148000,1771685716996000,0,6620172,-0.091973916,0.103337854,0.3373706,12.367069,0.0010225986,0
1771685717204000,1771685717048000,0,6620172,-0.089102626,0.10340488,0.34050906,12.3671665,0.0010417047,0
1771685717252000,1771685717100000,0,6620172,-0.08593258,0.103337854,0.37618148,12.367069,0.0012714098,0
1771685717308000,1771685717152000,0,6620172,-0.08286648,0.10340488,0.36361203,12.3671665,0.001187856,0
1771685717356000,1771685717204000,0,6620172,-0.07986883,0.103337854,0.35572416,12.367069,0.0011368874,0
1771685717412000,1771685717256000,0,6620172,-0.07651006,0.10340488,0.39831975,12.3671665,0.0014254467,0
1771685717460000,1771685717308000,0,6620172,-0.07347005,0.103337854,0.3607508,12.367069,0.0011692444,0
1771685717516000,1771685717360000,0,6620172,-0.07055561,0.10340488,0.34562582,12.3671665,0.0010732469,0
1771685717564000,1771685717412000,0,6620172,-0.067172565,0.103337854,0.40145773,12.367069,0.001448006,0
1771685717620000,1771685717464000,0,6620172,-0.063765936,0.10340488,0.40399507,12.3671665,0.001466356,0
1771685717668000,1771685717516000,0,6620172,-0.060336467,0.103337854,0.40696663,12.367069,0.0014880184,0
1771685717724000,1771685717568000,0,6620172,-0.056614608,0.10340488,0.44137895,12.3671665,0.0017502921,0
1771685717772000,1771685717620000,0,6620172,-0.05311682,0.103337854,0.41507408,12.367069,0.0015478967,0
1771685717828000,1771685717672000,0,6620172,-0.0495351,0.10340488,0.4247599,12.3671665,0.0016209674,0
1771685717876000,1771685717724000,0,6620172,-0.04666377,0.103337854,0.34073383,12.367069,0.0010430886,0
1771685717932000,1771685717776000,0,6620172,-0.042482316,0.10340488,0.4958825,12.3671665,0.0022092501,0
1771685717980000,1771685717828000,0,6620172,-0.039294183,0.103337854,0.37832826,12.367069,0.0012859624,0
1771685718036000,1771685717880000,0,6620172,-0.03559819,0.10340488,0.43831152,12.3671665,0.0017260488,0
1771685718084000,1771685717932000,0,6620172,-0.032386802,0.103337854,0.3810877,12.367069,0.0013047899,0
1771685718140000,1771685717984000,0,6620172,-0.02903212,0.10340488,0.3978348,12.3671665,0.0014219779,0
1771685718188000,1771685718036000,0,6620172,-0.025451478,0.103337854,0.42490613,12.367069,0.0016220966,0
1771685718244000,1771685718088000,0,6620172,-0.021854196,0.10340488,0.42660505,12.3671665,0.0016350809,0
1771685718292000,1771685718140000,0,6620172,-0.01827592,0.103337854,0.4246252,12.367069,0.0016199523,0
1771685718348000,1771685718192000,0,6620172,-0.01476668,0.10340488,0.4161641,12.3671665,0.0015560249,0
1771685718396000,1771685718244000,0,6620172,-0.0111210905,0.103337854,0.43261337,12.367069,0.0016814758,0
1771685718452000,1771685718296000,0,6620172,-0.007236257,0.10340488,0.46070606,12.3671665,0.0019069316,0
1771685718500000,1771685718348000,0,6620172,-0.0028718188,0.103337854,0.5179174,12.367069,0.0024099704,0
1771685718556000,1771685718400000,0,6620172,0.0007280647,0.10340488,0.42691356,12.3671665,0.0016374468,0
1771685718604000,1771685718452000,0,6620172,0.0043320623,0.103337854,0.4276777,12.367069,0.0016433267,0
1771685718660000,1771685718504000,0,6620172,0.007925497,0.10340488,0.4261489,12.3671665,0.0016315862,0
1771685718708000,1771685718556000,0,6620172,0.011361089,0.103337854,0.4076934,12.367069,0.0014933378,0
1771685718764000,1771685718608000,0,6620172,0.014704053,0.10340488,0.3964453,12.3671665,0.0014120623,0
1771685718812000,1771685718660000,0,6620172,0.018166102,0.103337854,0.41083306,12.367069,0.0015164269,0
1771685718868000,1771685718712000,0,6620172,0.021571089,0.10340488,0.40380046,12.3671665,0.0014649436,0
1771685718916000,1771685718764000,0,6620172,0.0251306,0.103337854,0.42239863,12.367069,0.0016030081,0
1771685718972000,1771685718816000,0,6620172,0.02878772,0.10340488,0.4337012,12.3671665,0.0016899292,0
1771685719020000,1771685718868000,0,6620172,0.031882662,0.103337854,0.3672694,12.367069,0.0012118816,0
1771685719076000,1771685718920000,0,6620172,0.03547281,0.10340488,0.42575893,12.3671665,0.0016286013,0
1771685719124000,1771685718972000,0,6620172,0.038580082,0.103337854,0.3687325,12.367069,0.0012215566,0
1771685719180000,1771685719024000,0,6620172,0.041864656,0.10340488,0.3895205,12.3671665,0.0013631633,0
1771685719228000,1771685719076000,0,6620172,0.04526087,0.103337854,0.4030206,12.367069,0.001459302,0
1771685719284000,1771685719128000,0,6620172,0.048471093,0.10340488,0.38070348,12.3671665,0.00130215,0
1771685719332000,1771685719180000,0,6620172,0.051433597,0.103337854,0.35155332,12.367069,0.0011103838,0
1771685719388000,1771685719232000,0,6620172,0.053971592,0.10340488,0.3009834,12.3671665,0.0008139025,0
1771685719436000,1771685719284000,0,6620172,0.057137456,0.103337854,0.3756854,12.367069,0.0012680587,0
1771685719492000,1771685719336000,0,6620172,0.059757568,0.10340488,0.31072143,12.3671665,0.0008674205,0
1771685719540000,1771685719388000,0,6620172,0.062721916,0.103337854,0.35177198,12.367069,0.0011117655,0
1771685719596000,1771685719440000,0,6620172,0.06557003,0.10340488,0.33776027,12.3671665,0.0010249541,0
1771685719644000,1771685719492000,0,6620172,0.06856023,0.103337854,0.35484013,12.367069,0.0011312437,0
1771685719700000,1771685719544000,0,6620172,0.07115401,0.10340488,0.30759943,12.3671665,0.0008500771,0
1771685719748000,1771685719596000,0,6620172,0.07377055,0.103337854,0.31049883,12.367069,0.00086618494,0
1771685719804000,1771685719648000,0,6620172,0.07610913,0.10340488,0.27733418,12.3671665,0.0006910256,0
1771685719852000,1771685719700000,0,6620172,0.07894469,0.103337854,0.33648852,12.367069,0.0010172583,0
1771685719908000,1771685719752000,0,6620172,0.08149723,0.10340488,0.30270815,12.3671665,0.00082325714,0
1771685719956000,1771685719804000,0,6620172,0.083670944,0.103337854,0.2579498,12.367069,0.0005978071,0
1771685720012000,1771685719856000,0,6620172,0.08647596,0.10340488,0.33264986,12.3671665,0.000994173,0
1771685720060000,1771685719908000,0,6620172,0.089179665,0.103337854,0.32084215,12.367069,0.0009248547,0
1771685720116000,1771685719960000,0,6620172,0.09136206,0.10340488,0.25881228,12.3671665,0.00060180674,0
1771685720164000,1771685720012000,0,6620172,0.09416063,0.103337854,0.33209985,12.367069,0.000990896,0
1771685720220000,1771685720064000,0,6620172,0.09647524,0.10340488,0.27449173,12.3671665,0.0006769332,0
1771685720268000,1771685720116000,0,6620172,0.09888715,0.103337854,0.2862152,12.367069,0.00073599705,0
1771685720324000,1771685720168000,0,6620172,0.101408176,0.10340488,0.29897052,12.3671665,0.0008030526,0
1771685720372000,1771685720220000,0,6620172,0.10390607,0.103337854,0.29641896,12.367069,0.00078941014,0
1771685720428000,1771685720272000,0,6620172,0.10611509,0.10340488,0.26196918,12.3671665,0.0006165775,0
1771685720476000,1771685720324000,0,6620172,0.1081045,0.103337854,0.23607852,12.367069,0.00050073006,0
1771685720532000,1771685720376000,0,6620172,0.11024286,0.10340488,0.25358984,12.3671665,0.0005777647,0
1771685720580000,1771685720428000,0,6620172,0.112004355,0.103337854,0.20903204,12.367069,0.0003925694,0
1771685720636000,1771685720480000,0,6620172,0.11415666,0.10340488,0.2552442,12.3671665,0.0005853276,0
1771685720684000,1771685720532000,0,6620172,0.11601093,0.103337854,0.22004133,12.367069,0.00043501004,0
1771685720740000,1771685720584000,0,6620172,0.11797531,0.10340488,0.23295757,12.3671665,0.00048757446,0
1771685720788000,1771685720636000,0,6620172,0.119759075,0.103337854,0.21167557,12.367069,0.00040256145,0
1771685720844000,1771685720688000,0,6620172,0.121180266,0.10340488,0.16854048,12.3671665,0.00025520884,0
1771685720892000,1771685720740000,0,6620172,0.122670084,0.103337854,0.17679337,12.367069,0.00028081652,0
1771685720948000,1771685720792000,0,6620172,0.124472804,0.10340488,0.21378621,12.3671665,0.00041062623,0
1771685720996000,1771685720844000,0,6620172,0.12602128,0.103337854,0.18375474,12.367069,0.00030336663,0
1771685721052000,1771685720896000,0,6620172,0.1274051,0.10340488,0.16410933,12.3671665,0.00024196574,0
1771685721100000,1771685720948000,0,6620172,0.12838162,0.103337854,0.115881026,12.367069,0.000120646684,0
1771685721156000,1771685721000000,0,6620172,0.12971312,0.10340488,0.15790378,12.3671665,0.00022401253,0
1771685721204000,1771685721052000,0,6620172,0.13079517,0.103337854,0.12840456,12.367069,0.00014813292,0
1771685721260000,1771685721104000,0,6620172,0.1321112,0.10340488,0.15607007,12.3671665,0.00021883991,0
1771685721308000,1771685721156000,0,6620172,0.13349554,0.103337854,0.16427551,12.367069,0.00024245793,0
1771685721364000,1771685721208000,0,6620172,0.13451964,0.10340488,0.12144831,12.3671665,0.00013251658,0
1771685721412000,1771685721260000,0,6620172,0.13612695,0.103337854,0.19073671,12.367069,0.00032685813,0
1771685721468000,1771685721312000,0,6620172,0.13749067,0.10340488,0.16172461,12.3671665,0.00023498466,0
1771685721516000,1771685721364000,0,6620172,0.13809134,0.103337854,0.07128008,12.367069,4.5648554e-05,0
1771685721572000,1771685721416000,0,6620172,0.13904837,0.10340488,0.11349557,12.3671665,0.00011572979,0
1771685721620000,1771685721468000,0,6620172,0.14015667,0.103337854,0.13152048,12.367069,0.00015540948,0
1771685721676000,1771685721520000,0,6620172,0.14122006,0.10340488,0.1261092,12.3671665,0.00014288309,0
1771685721724000,1771685721572000,0,6620172,0.1419971,0.103337854,0.09220889,12.367069,7.6389966e-05,0
1771685721780000,1771685721624000,0,6620172,0.1426147,0.10340488,0.07324338,12.3671665,4.819745e-05,0
